{
"type": "FeatureCollection",
"name": "segment_hard_constraint_flags",
"crs": { "type": "name", "properties": { "name": "urn:ogc:def:crs:OGC:1.3:CRS84" } },
"features": [
{ "type": "Feature", "properties": { "segment_id": "S0", "corridor_id": "A 8", "highway": "motorway_link", "length": 396.63375126415696, "metapath_priority": "None", "is_metapath_hard": false, "metapath_pairs": "" }, "geometry": { "type": "LineString", "coordinates": [ [ 9.1748677, 48.7037343 ], [ 9.1750497, 48.7035593 ], [ 9.1752966, 48.7034294 ], [ 9.175386, 48.7033779 ], [ 9.1755069, 48.7033062 ], [ 9.1756371, 48.703228 ], [ 9.1757555, 48.7031471 ], [ 9.1758718, 48.7030654 ], [ 9.1759882, 48.7029817 ], [ 9.1761059, 48.7028963 ], [ 9.1761959, 48.7028291 ], [ 9.1764094, 48.7026758 ], [ 9.176744, 48.7024503 ], [ 9.1771573, 48.7021775 ], [ 9.1772926, 48.7021053 ], [ 9.1774193, 48.7020409 ], [ 9.1775613, 48.7019687 ], [ 9.1776901, 48.701907 ], [ 9.177836, 48.7018398 ], [ 9.177977, 48.701779 ], [ 9.1781092, 48.7017254 ], [ 9.1782469, 48.7016697 ], [ 9.178672, 48.7014942 ], [ 9.1789053, 48.701402 ] ] } },
{ "type": "Feature", "properties": { "segment_id": "S1", "corridor_id": "A 8", "highway": "motorway", "length": 562.63419876028149, "metapath_priority": "None", "is_metapath_hard": false, "metapath_pairs": "" }, "geometry": { "type": "LineString", "coordinates": [ [ 9.1748677, 48.7037343 ], [ 9.1754974, 48.7034669 ], [ 9.176145, 48.7031748 ], [ 9.1765278, 48.7030005 ], [ 9.1770396, 48.7027618 ], [ 9.178243, 48.7021908 ], [ 9.1794128, 48.7016358 ], [ 9.1811244, 48.7008113 ] ] } },
{ "type": "Feature", "properties": { "segment_id": "S2", "corridor_id": "segment_2", "highway": "motorway_link", "length": 431.96755704734358, "metapath_priority": "None", "is_metapath_hard": false, "metapath_pairs": "" }, "geometry": { "type": "LineString", "coordinates": [ [ 9.0691166, 48.7248203 ], [ 9.069291, 48.7248198 ], [ 9.0694801, 48.7248174 ], [ 9.0696906, 48.7248229 ], [ 9.0698861, 48.7248234 ], [ 9.0700185, 48.7248198 ], [ 9.0701423, 48.7248142 ], [ 9.0703149, 48.7248003 ], [ 9.0704638, 48.7247829 ], [ 9.07062, 48.7247574 ], [ 9.0707635, 48.7247307 ], [ 9.0709198, 48.7246932 ], [ 9.0710645, 48.7246531 ], [ 9.0712054, 48.724607 ], [ 9.0713343, 48.724562 ], [ 9.0714763, 48.7245044 ], [ 9.0715984, 48.7244519 ], [ 9.0717412, 48.7243881 ], [ 9.0718343, 48.724343 ], [ 9.0720724, 48.7242244 ], [ 9.0723037, 48.7241057 ], [ 9.0726119, 48.7239379 ], [ 9.0728754, 48.7237901 ], [ 9.0734857, 48.7234343 ], [ 9.0737189, 48.7233074 ], [ 9.0739205, 48.7231937 ], [ 9.074066, 48.7231587 ], [ 9.07419, 48.723141 ] ] } },
{ "type": "Feature", "properties": { "segment_id": "S3", "corridor_id": "A 81", "highway": "motorway_link", "length": 592.39760822570361, "metapath_priority": "None", "is_metapath_hard": false, "metapath_pairs": "" }, "geometry": { "type": "LineString", "coordinates": [ [ 9.0691166, 48.7248203 ], [ 9.0692876, 48.7248631 ], [ 9.0694533, 48.7248879 ], [ 9.0696175, 48.7249178 ], [ 9.0697496, 48.7249458 ], [ 9.069871, 48.7249754 ], [ 9.0699602, 48.7250016 ], [ 9.0700411, 48.7250273 ], [ 9.0701312, 48.7250582 ], [ 9.0702156, 48.7250908 ], [ 9.0703069, 48.7251294 ], [ 9.0703905, 48.7251661 ], [ 9.0704812, 48.7252108 ], [ 9.0705758, 48.7252665 ], [ 9.0706611, 48.7253243 ], [ 9.070724, 48.7253696 ], [ 9.0707787, 48.7254146 ], [ 9.0708339, 48.7254625 ], [ 9.0708823, 48.7255106 ], [ 9.0709694, 48.7256044 ], [ 9.0710272, 48.7256771 ], [ 9.0710656, 48.7257301 ], [ 9.0710932, 48.7257744 ], [ 9.071137, 48.7258555 ], [ 9.0711772, 48.7259459 ], [ 9.0712077, 48.7260322 ], [ 9.0712282, 48.7261141 ], [ 9.0712384, 48.7261843 ], [ 9.071244, 48.7262781 ], [ 9.0712393, 48.7263839 ], [ 9.0712201, 48.7265072 ], [ 9.071192, 48.7265994 ], [ 9.0711528, 48.7266988 ], [ 9.0711293, 48.7267503 ], [ 9.0710881, 48.7268211 ], [ 9.0710358, 48.7268971 ], [ 9.0710123, 48.7269295 ], [ 9.0709718, 48.7269825 ], [ 9.0709177, 48.7270418 ], [ 9.070853, 48.7271037 ], [ 9.0707757, 48.7271736 ], [ 9.0706691, 48.7272531 ], [ 9.0706009, 48.7272995 ], [ 9.0705217, 48.7273487 ], [ 9.0704312, 48.7273974 ], [ 9.0703709, 48.7274271 ], [ 9.0703062, 48.7274578 ], [ 9.0702378, 48.727485 ], [ 9.0701533, 48.7275194 ], [ 9.0700175, 48.7275636 ], [ 9.0699451, 48.7275859 ], [ 9.0698528, 48.7276104 ], [ 9.0697251, 48.7276383 ], [ 9.0696378, 48.7276534 ], [ 9.0695451, 48.7276677 ], [ 9.0694784, 48.727677 ], [ 9.0693986, 48.7276858 ], [ 9.0692369, 48.7277002 ], [ 9.069069, 48.7277076 ], [ 9.068887, 48.7277102 ], [ 9.0687132, 48.7277031 ], [ 9.0685426, 48.7276976 ], [ 9.0683603, 48.7276887 ], [ 9.0681745, 48.7276781 ], [ 9.0677547, 48.7276507 ] ] } },
{ "type": "Feature", "properties": { "segment_id": "S4", "corridor_id": "A 81", "highway": "motorway_link", "length": 401.10232420305971, "metapath_priority": "None", "is_metapath_hard": false, "metapath_pairs": "" }, "geometry": { "type": "LineString", "coordinates": [ [ 9.0638378, 48.7240549 ], [ 9.0639735, 48.7240903 ], [ 9.0641871, 48.7241751 ], [ 9.0643319, 48.7242293 ], [ 9.06455, 48.7243006 ], [ 9.0646958, 48.7243502 ], [ 9.0648285, 48.7243916 ], [ 9.0650093, 48.7244386 ], [ 9.0652014, 48.7244803 ], [ 9.0654058, 48.7245238 ], [ 9.0656482, 48.7245635 ], [ 9.0658538, 48.7245875 ], [ 9.0660227, 48.7246057 ], [ 9.0662219, 48.7246231 ], [ 9.0665337, 48.7246455 ], [ 9.0669741, 48.7246746 ], [ 9.0674758, 48.72471 ], [ 9.0677795, 48.7247306 ], [ 9.0683113, 48.724764 ], [ 9.0687252, 48.7247936 ], [ 9.0689275, 48.7248095 ], [ 9.0691166, 48.7248203 ] ] } },
{ "type": "Feature", "properties": { "segment_id": "S5", "corridor_id": "A 831", "highway": "motorway", "length": 359.7346175186733, "metapath_priority": "None", "is_metapath_hard": false, "metapath_pairs": "" }, "geometry": { "type": "LineString", "coordinates": [ [ 9.0638378, 48.7240549 ], [ 9.0639313, 48.7241332 ], [ 9.0640526, 48.7242115 ], [ 9.064463, 48.7244177 ], [ 9.0647004, 48.7245371 ], [ 9.065062, 48.7247148 ], [ 9.0652777, 48.7248198 ], [ 9.0656432, 48.7249976 ], [ 9.0660529, 48.7251918 ], [ 9.0664432, 48.7253745 ], [ 9.0668622, 48.7255682 ], [ 9.0672747, 48.725755 ], [ 9.0677721, 48.7259773 ] ] } },
{ "type": "Feature", "properties": { "segment_id": "S6", "corridor_id": "segment_6", "highway": "motorway_link", "length": 760.40238720275715, "metapath_priority": "None", "is_metapath_hard": false, "metapath_pairs": "" }, "geometry": { "type": "LineString", "coordinates": [ [ 9.0718993, 48.7249327 ], [ 9.0716604, 48.7250469 ], [ 9.0713965, 48.7251821 ], [ 9.0711712, 48.7252962 ], [ 9.0709461, 48.7254027 ], [ 9.070693, 48.7255185 ], [ 9.0703671, 48.7256563 ], [ 9.0699534, 48.7258235 ], [ 9.0696658, 48.7259296 ], [ 9.0693576, 48.7260388 ], [ 9.068872, 48.7261988 ], [ 9.0686231, 48.7262728 ], [ 9.0683899, 48.7263379 ], [ 9.0679143, 48.726465 ], [ 9.0676267, 48.7265418 ], [ 9.0674492, 48.7265993 ], [ 9.0673009, 48.7266491 ], [ 9.0672024, 48.7267176 ], [ 9.0671299, 48.7267814 ], [ 9.0670909, 48.7268402 ], [ 9.0670519, 48.726915 ], [ 9.0670296, 48.7269689 ], [ 9.0670217, 48.7270534 ], [ 9.0670296, 48.7271028 ], [ 9.0670572, 48.727173 ], [ 9.0670953, 48.7272449 ], [ 9.067161, 48.7273169 ], [ 9.0672411, 48.7273793 ], [ 9.0673344, 48.7274261 ], [ 9.0674563, 48.7274808 ], [ 9.067631, 48.7275175 ], [ 9.067869, 48.7275469 ], [ 9.0682436, 48.7275715 ], [ 9.0686087, 48.7275932 ], [ 9.0687022, 48.727595 ], [ 9.0687688, 48.7275938 ], [ 9.0688598, 48.7275852 ], [ 9.0689405, 48.7275721 ], [ 9.0690163, 48.727551 ], [ 9.0690866, 48.7275246 ], [ 9.0691542, 48.7274928 ], [ 9.069205, 48.7274607 ], [ 9.0692279, 48.7274396 ], [ 9.0692611, 48.7274152 ], [ 9.0693034, 48.7273696 ], [ 9.0693392, 48.7273199 ], [ 9.0693603, 48.7272697 ], [ 9.0693761, 48.7272157 ], [ 9.0693764, 48.7271673 ], [ 9.0693668, 48.7271074 ], [ 9.0693512, 48.7270583 ], [ 9.0693205, 48.7270029 ], [ 9.0692856, 48.7269598 ], [ 9.0692262, 48.726904 ], [ 9.0692023, 48.7268855 ], [ 9.0690757, 48.7267948 ], [ 9.0688481, 48.7266672 ], [ 9.06867, 48.726522 ] ] } },
{ "type": "Feature", "properties": { "segment_id": "S7", "corridor_id": "segment_7", "highway": "motorway_link", "length": 463.25622760220068, "metapath_priority": "None", "is_metapath_hard": false, "metapath_pairs": "" }, "geometry": { "type": "LineString", "coordinates": [ [ 9.0718993, 48.7249327 ], [ 9.0717801, 48.7250427 ], [ 9.0716922, 48.7251086 ], [ 9.0716063, 48.7251955 ], [ 9.0715494, 48.7252585 ], [ 9.0714958, 48.725332 ], [ 9.0714609, 48.7253944 ], [ 9.0714398, 48.7254552 ], [ 9.0714193, 48.7255288 ], [ 9.0714136, 48.7256126 ], [ 9.0714119, 48.7256991 ], [ 9.0714141, 48.7257851 ], [ 9.0714171, 48.7259585 ], [ 9.071418, 48.7261061 ], [ 9.0714227, 48.7262322 ], [ 9.0714327, 48.726318 ], [ 9.0714534, 48.7264182 ], [ 9.0714803, 48.7265126 ], [ 9.0715065, 48.7265878 ], [ 9.0715407, 48.7266673 ], [ 9.0715796, 48.7267404 ], [ 9.0716138, 48.7268019 ], [ 9.0716497, 48.7268544 ], [ 9.071713, 48.7269399 ], [ 9.0717742, 48.7270122 ], [ 9.0718424, 48.7270845 ], [ 9.0719149, 48.7271535 ], [ 9.0719995, 48.7272291 ], [ 9.072116, 48.7273234 ], [ 9.0722072, 48.7273919 ], [ 9.0722982, 48.7274555 ], [ 9.0724647, 48.7275684 ], [ 9.0725787, 48.7276392 ], [ 9.072681, 48.7277002 ], [ 9.0728147, 48.7277759 ], [ 9.0729401, 48.7278422 ], [ 9.0730546, 48.7278975 ], [ 9.0731983, 48.7279643 ], [ 9.07333, 48.72802 ], [ 9.0734591, 48.7280744 ], [ 9.0736047, 48.7281307 ], [ 9.0737872, 48.7281981 ], [ 9.0739511, 48.7283095 ] ] } },
{ "type": "Feature", "properties": { "segment_id": "S8", "corridor_id": "A 831", "highway": "motorway", "length": 522.89108972423332, "metapath_priority": "None", "is_metapath_hard": false, "metapath_pairs": "" }, "geometry": { "type": "LineString", "coordinates": [ [ 9.0677721, 48.7259773 ], [ 9.0685959, 48.7263353 ], [ 9.068955, 48.7264878 ], [ 9.0693401, 48.7266489 ], [ 9.0696517, 48.7267775 ], [ 9.0699526, 48.7269008 ], [ 9.0701745, 48.7269909 ], [ 9.0703961, 48.7270792 ], [ 9.0706192, 48.7271682 ], [ 9.0710492, 48.727335 ], [ 9.0714651, 48.7274926 ], [ 9.0719011, 48.7276516 ], [ 9.0723474, 48.7278085 ], [ 9.072774, 48.7279512 ], [ 9.0732128, 48.7280895 ], [ 9.0736683, 48.7282285 ], [ 9.0739511, 48.7283095 ] ] } },
{ "type": "Feature", "properties": { "segment_id": "S9", "corridor_id": "A 81", "highway": "motorway_link", "length": 294.42926479740441, "metapath_priority": "None", "is_metapath_hard": false, "metapath_pairs": "" }, "geometry": { "type": "LineString", "coordinates": [ [ 9.0677547, 48.7276507 ], [ 9.0673211, 48.7276213 ], [ 9.0671452, 48.7276043 ], [ 9.066961, 48.7275791 ], [ 9.0668173, 48.7275529 ], [ 9.0666924, 48.7275258 ], [ 9.0665276, 48.7274817 ], [ 9.0662963, 48.7274101 ], [ 9.0660769, 48.7273372 ], [ 9.065896, 48.7272783 ], [ 9.0657501, 48.7272355 ], [ 9.0655862, 48.7271947 ], [ 9.0654109, 48.7271631 ], [ 9.0652451, 48.7271389 ], [ 9.0650645, 48.7271217 ], [ 9.0649686, 48.7271142 ], [ 9.064733, 48.7271048 ], [ 9.0645174, 48.7271075 ], [ 9.0642265, 48.7271159 ], [ 9.0638856, 48.7270928 ] ] } },
{ "type": "Feature", "properties": { "segment_id": "S10", "corridor_id": "segment_10", "highway": "motorway_link", "length": 325.11814071262364, "metapath_priority": "None", "is_metapath_hard": false, "metapath_pairs": "" }, "geometry": { "type": "LineString", "coordinates": [ [ 9.0615329, 48.7271851 ], [ 9.0618955, 48.7271483 ], [ 9.0621597, 48.7271022 ], [ 9.0624342, 48.727057 ], [ 9.0627585, 48.7270036 ], [ 9.0630918, 48.7269493 ], [ 9.0637428, 48.726843 ], [ 9.0643919, 48.7267382 ], [ 9.0649599, 48.7266466 ], [ 9.0655231, 48.7265542 ], [ 9.0658364, 48.7264906 ] ] } },
{ "type": "Feature", "properties": { "segment_id": "S11", "corridor_id": "A 81", "highway": "motorway_link", "length": 702.23874650774815, "metapath_priority": "None", "is_metapath_hard": false, "metapath_pairs": "" }, "geometry": { "type": "LineString", "coordinates": [ [ 9.0615329, 48.7271851 ], [ 9.0619118, 48.7270988 ], [ 9.062423, 48.726973 ], [ 9.062731, 48.7268973 ], [ 9.062881, 48.7268566 ], [ 9.0630282, 48.7268104 ], [ 9.0631745, 48.7267592 ], [ 9.0633154, 48.7267038 ], [ 9.0634416, 48.7266476 ], [ 9.0635765, 48.7265764 ], [ 9.0636998, 48.7265032 ], [ 9.0637994, 48.726432 ], [ 9.0638976, 48.7263508 ], [ 9.0639923, 48.7262607 ], [ 9.0640728, 48.7261656 ], [ 9.0641453, 48.7260659 ], [ 9.0641998, 48.7259671 ], [ 9.0642443, 48.7258693 ], [ 9.0642909, 48.7257153 ], [ 9.06431, 48.7255442 ], [ 9.0643017, 48.7253885 ], [ 9.0642615, 48.7252244 ], [ 9.0641992, 48.7250658 ], [ 9.0640985, 48.7249181 ], [ 9.0639871, 48.7247845 ], [ 9.0638505, 48.7246541 ], [ 9.0636977, 48.7245272 ], [ 9.0635293, 48.7244042 ], [ 9.0633564, 48.7242912 ], [ 9.06301, 48.7240671 ], [ 9.0624369, 48.7237054 ], [ 9.0623045, 48.7236218 ], [ 9.0612512, 48.7229741 ], [ 9.0610975, 48.7228495 ], [ 9.0610034, 48.7227344 ] ] } },
{ "type": "Feature", "properties": { "segment_id": "S12", "corridor_id": "A 81", "highway": "motorway", "length": 2406.7787237523507, "metapath_priority": "None", "is_metapath_hard": false, "metapath_pairs": "" }, "geometry": { "type": "LineString", "coordinates": [ [ 9.050163, 48.8090976 ], [ 9.0508201, 48.8093398 ], [ 9.0518967, 48.8097362 ], [ 9.0521429, 48.8098254 ], [ 9.0523787, 48.8099041 ], [ 9.0527031, 48.8100225 ], [ 9.0529699, 48.8101198 ], [ 9.0547862, 48.8107727 ], [ 9.0587078, 48.8121917 ], [ 9.0636351, 48.8139739 ], [ 9.0669494, 48.8151761 ], [ 9.0684722, 48.8157348 ], [ 9.0689281, 48.8159154 ], [ 9.0696532, 48.8162131 ], [ 9.0703647, 48.8165304 ], [ 9.0709541, 48.8168126 ], [ 9.0715399, 48.8171069 ], [ 9.0720639, 48.8173903 ], [ 9.0725817, 48.817686 ], [ 9.0732991, 48.8181344 ], [ 9.0736482, 48.818356 ], [ 9.0740525, 48.8186185 ], [ 9.0745134, 48.8189285 ], [ 9.0748988, 48.819216 ], [ 9.0752228, 48.8194667 ], [ 9.0759613, 48.8200711 ], [ 9.0763457, 48.8204239 ], [ 9.0768078, 48.8208516 ], [ 9.077073, 48.8211124 ] ] } },
{ "type": "Feature", "properties": { "segment_id": "S13", "corridor_id": "A 81", "highway": "motorway", "length": 317.17531338513601, "metapath_priority": "None", "is_metapath_hard": false, "metapath_pairs": "" }, "geometry": { "type": "LineString", "coordinates": [ [ 9.077073, 48.8211124 ], [ 9.07779, 48.8218275 ], [ 9.0785524, 48.8226344 ], [ 9.0787005, 48.8227885 ], [ 9.0792084, 48.8233296 ], [ 9.0793786, 48.8235268 ] ] } },
{ "type": "Feature", "properties": { "segment_id": "S14", "corridor_id": "segment_14", "highway": "motorway_link", "length": 269.99504806486698, "metapath_priority": "None", "is_metapath_hard": false, "metapath_pairs": "" }, "geometry": { "type": "LineString", "coordinates": [ [ 9.077073, 48.8211124 ], [ 9.0772737, 48.8211823 ], [ 9.0774138, 48.8212965 ], [ 9.0775658, 48.8213955 ], [ 9.077711, 48.8214736 ], [ 9.0778523, 48.8215283 ], [ 9.0780185, 48.8215654 ], [ 9.0782043, 48.8215904 ], [ 9.0784253, 48.8215986 ], [ 9.0787806, 48.8216077 ], [ 9.0789896, 48.8216262 ], [ 9.079203, 48.8216777 ], [ 9.079292, 48.8217084 ], [ 9.0793868, 48.8217493 ], [ 9.0794578, 48.8217917 ], [ 9.0795612, 48.8218776 ], [ 9.079663, 48.8219952 ], [ 9.0799304, 48.8223567 ] ] } },
{ "type": "Feature", "properties": { "segment_id": "S15", "corridor_id": "segment_15", "highway": "motorway_link", "length": 67.39035001602852, "metapath_priority": "None", "is_metapath_hard": false, "metapath_pairs": "" }, "geometry": { "type": "LineString", "coordinates": [ [ 9.0799304, 48.8223567 ], [ 9.0801037, 48.8224913 ], [ 9.080215, 48.8225497 ], [ 9.0803008, 48.8225723 ], [ 9.0804091, 48.8225834 ], [ 9.0805323, 48.8225833 ], [ 9.0807116, 48.8226132 ] ] } },
{ "type": "Feature", "properties": { "segment_id": "S16", "corridor_id": "segment_16", "highway": "motorway_link", "length": 40.827579858147033, "metapath_priority": "None", "is_metapath_hard": false, "metapath_pairs": "" }, "geometry": { "type": "LineString", "coordinates": [ [ 9.0799304, 48.8223567 ], [ 9.0800297, 48.8225382 ], [ 9.0801009, 48.822674 ], [ 9.0801114, 48.8227038 ] ] } },
{ "type": "Feature", "properties": { "segment_id": "S17", "corridor_id": "segment_17", "highway": "motorway_link", "length": 344.72377828953898, "metapath_priority": "None", "is_metapath_hard": false, "metapath_pairs": "" }, "geometry": { "type": "LineString", "coordinates": [ [ 9.1160745, 48.8456646 ], [ 9.1168543, 48.8461675 ], [ 9.1173548, 48.8465554 ], [ 9.117675, 48.8467974 ], [ 9.1180011, 48.847061 ], [ 9.1181944, 48.8472259 ], [ 9.1183814, 48.847394 ], [ 9.1185254, 48.8475262 ], [ 9.118642, 48.8476445 ], [ 9.1188448, 48.8478476 ], [ 9.1190471, 48.8480577 ] ] } },
{ "type": "Feature", "properties": { "segment_id": "S18", "corridor_id": "A 81", "highway": "motorway", "length": 922.81811478008751, "metapath_priority": "None", "is_metapath_hard": false, "metapath_pairs": "" }, "geometry": { "type": "LineString", "coordinates": [ [ 9.1160745, 48.8456646 ], [ 9.1163294, 48.8458696 ], [ 9.1168794, 48.8463119 ], [ 9.1173926, 48.8467524 ], [ 9.1179964, 48.8473232 ], [ 9.1182699, 48.8476033 ], [ 9.1183644, 48.8477002 ], [ 9.118519, 48.8478585 ], [ 9.119046, 48.8484335 ], [ 9.119375, 48.8488186 ], [ 9.1197414, 48.8492771 ], [ 9.1200748, 48.8497624 ], [ 9.120404, 48.8502365 ], [ 9.1207315, 48.8507427 ], [ 9.1211317, 48.8513755 ], [ 9.1221045, 48.8529019 ] ] } },
{ "type": "Feature", "properties": { "segment_id": "S19", "corridor_id": "segment_19", "highway": "motorway_link", "length": 422.24747029106794, "metapath_priority": "None", "is_metapath_hard": false, "metapath_pairs": "" }, "geometry": { "type": "LineString", "coordinates": [ [ 9.1190471, 48.8480577 ], [ 9.1192658, 48.8482532 ], [ 9.1196118, 48.8485887 ], [ 9.1198449, 48.8487739 ], [ 9.1201, 48.8489394 ], [ 9.1203455, 48.8490649 ], [ 9.1206077, 48.8491655 ], [ 9.1209432, 48.8492665 ], [ 9.1212889, 48.849334 ], [ 9.1216333, 48.8493715 ], [ 9.1219416, 48.8493848 ], [ 9.1223031, 48.8493802 ], [ 9.1226225, 48.84935 ], [ 9.122926, 48.8492977 ], [ 9.1232134, 48.8492213 ], [ 9.1234633, 48.8491346 ], [ 9.1238741, 48.848985 ] ] } },
{ "type": "Feature", "properties": { "segment_id": "S20", "corridor_id": "segment_20", "highway": "motorway_link", "length": 269.32787181196124, "metapath_priority": "None", "is_metapath_hard": false, "metapath_pairs": "" }, "geometry": { "type": "LineString", "coordinates": [ [ 9.1190471, 48.8480577 ], [ 9.1191977, 48.8482705 ], [ 9.1195035, 48.8486342 ], [ 9.119678, 48.8488608 ], [ 9.119802, 48.8490388 ], [ 9.1203015, 48.8498035 ], [ 9.1205875, 48.8502554 ] ] } },
{ "type": "Feature", "properties": { "segment_id": "S21", "corridor_id": "B 10", "highway": "trunk", "length": 1136.6910178574876, "metapath_priority": "None", "is_metapath_hard": false, "metapath_pairs": "" }, "geometry": { "type": "LineString", "coordinates": [ [ 9.1238741, 48.848985 ], [ 9.1249596, 48.8483552 ], [ 9.1253153, 48.8481472 ], [ 9.1260653, 48.8477748 ], [ 9.1268114, 48.847394 ], [ 9.1272307, 48.8471919 ], [ 9.1276418, 48.8469951 ], [ 9.1286049, 48.8465166 ], [ 9.1296403, 48.8460453 ], [ 9.1308472, 48.8454325 ], [ 9.1315217, 48.845069 ], [ 9.1324537, 48.8445267 ], [ 9.1331566, 48.8441014 ], [ 9.1338578, 48.8436603 ], [ 9.1344912, 48.8432659 ], [ 9.1351306, 48.8428436 ], [ 9.1357729, 48.842438 ] ] } },
{ "type": "Feature", "properties": { "segment_id": "S22", "corridor_id": "B 10", "highway": "trunk", "length": 281.76852480436014, "metapath_priority": "None", "is_metapath_hard": false, "metapath_pairs": "" }, "geometry": { "type": "LineString", "coordinates": [ [ 9.1242256, 48.8489277 ], [ 9.1239719, 48.849079 ], [ 9.12337, 48.8494418 ], [ 9.122766, 48.8498253 ], [ 9.1222032, 48.8501976 ], [ 9.1217657, 48.850496 ], [ 9.1214662, 48.8506942 ] ] } },
{ "type": "Feature", "properties": { "segment_id": "S23", "corridor_id": "segment_23", "highway": "motorway_link", "length": 866.31202245200654, "metapath_priority": "None", "is_metapath_hard": false, "metapath_pairs": "" }, "geometry": { "type": "LineString", "coordinates": [ [ 9.1242256, 48.8489277 ], [ 9.1239982, 48.8491497 ], [ 9.1237543, 48.8493367 ], [ 9.1236419, 48.8494619 ], [ 9.1234482, 48.8497134 ], [ 9.1232909, 48.8499944 ], [ 9.1230235, 48.8506674 ], [ 9.1227968, 48.851361 ], [ 9.1227044, 48.8516088 ], [ 9.1225698, 48.8518885 ], [ 9.1224739, 48.8520638 ], [ 9.1223731, 48.8522551 ], [ 9.1223348, 48.8523233 ], [ 9.1223055, 48.8523753 ], [ 9.1222728, 48.8525213 ], [ 9.1222699, 48.8526532 ], [ 9.1223187, 48.852869 ], [ 9.1224545, 48.8531053 ], [ 9.1226094, 48.853338 ], [ 9.1231554, 48.8541782 ], [ 9.1234644, 48.8547125 ], [ 9.1240385, 48.8557163 ], [ 9.1241421, 48.8558975 ], [ 9.1241947, 48.8559895 ], [ 9.124211, 48.8562144 ] ] } },
{ "type": "Feature", "properties": { "segment_id": "S24", "corridor_id": "segment_24", "highway": "trunk_link", "length": 250.00172587331852, "metapath_priority": "None", "is_metapath_hard": false, "metapath_pairs": "" }, "geometry": { "type": "LineString", "coordinates": [ [ 9.1535665, 48.840406 ], [ 9.1537954, 48.8403523 ], [ 9.1541664, 48.8403397 ], [ 9.1545542, 48.8403162 ], [ 9.1556584, 48.8402112 ], [ 9.156065, 48.8401757 ], [ 9.1562313, 48.8401565 ], [ 9.1563737, 48.8401265 ], [ 9.1564522, 48.8400981 ], [ 9.1565408, 48.8400579 ], [ 9.1566167, 48.8400017 ], [ 9.1566705, 48.8399426 ], [ 9.1567508, 48.8398578 ] ] } },
{ "type": "Feature", "properties": { "segment_id": "S25", "corridor_id": "B 10", "highway": "trunk", "length": 400.67671565268438, "metapath_priority": "None", "is_metapath_hard": false, "metapath_pairs": "" }, "geometry": { "type": "LineString", "coordinates": [ [ 9.1535665, 48.840406 ], [ 9.1553969, 48.8403862 ], [ 9.1565652, 48.8403976 ], [ 9.1569558, 48.8404071 ], [ 9.1578395, 48.8404378 ], [ 9.1587477, 48.8404875 ], [ 9.1590342, 48.840511 ] ] } },
{ "type": "Feature", "properties": { "segment_id": "S26", "corridor_id": "segment_26", "highway": "trunk_link", "length": 48.540737785189805, "metapath_priority": "None", "is_metapath_hard": false, "metapath_pairs": "" }, "geometry": { "type": "LineString", "coordinates": [ [ 9.1567508, 48.8398578 ], [ 9.1568336, 48.8396814 ], [ 9.156947, 48.8394408 ] ] } },
{ "type": "Feature", "properties": { "segment_id": "S27", "corridor_id": "B 10", "highway": "trunk", "length": 1092.5929515898358, "metapath_priority": "None", "is_metapath_hard": false, "metapath_pairs": "" }, "geometry": { "type": "LineString", "coordinates": [ [ 9.135682, 48.8426483 ], [ 9.1346319, 48.8433134 ], [ 9.133884, 48.843792 ], [ 9.1332342, 48.8441987 ], [ 9.1325648, 48.8446115 ], [ 9.1316345, 48.8451403 ], [ 9.1309126, 48.8455302 ], [ 9.1300972, 48.8459517 ], [ 9.1297004, 48.8461488 ], [ 9.1296227, 48.8461844 ], [ 9.1292852, 48.8463391 ], [ 9.1286335, 48.8466579 ], [ 9.127676, 48.8471006 ], [ 9.1268242, 48.8475097 ], [ 9.1261467, 48.847866 ], [ 9.125882, 48.8480027 ], [ 9.1254445, 48.8482417 ], [ 9.1252564, 48.848343 ], [ 9.1250088, 48.8484781 ], [ 9.124758, 48.8486207 ], [ 9.1245022, 48.8487654 ], [ 9.1242256, 48.8489277 ] ] } },
{ "type": "Feature", "properties": { "segment_id": "S28", "corridor_id": "B 27", "highway": "trunk_link", "length": 993.51187533209952, "metapath_priority": "None", "is_metapath_hard": false, "metapath_pairs": "" }, "geometry": { "type": "LineString", "coordinates": [ [ 9.164406, 48.8412737 ], [ 9.1649319, 48.8413144 ], [ 9.1652798, 48.8413646 ], [ 9.1660439, 48.8414677 ], [ 9.1664727, 48.8415169 ], [ 9.1672197, 48.8415861 ], [ 9.1679501, 48.8416289 ], [ 9.1685542, 48.841654 ], [ 9.1691451, 48.8416539 ], [ 9.1696942, 48.8416382 ], [ 9.1700952, 48.8416143 ], [ 9.1705107, 48.8415709 ], [ 9.1708566, 48.8415277 ], [ 9.1712303, 48.8414652 ], [ 9.1716267, 48.8413854 ], [ 9.1719271, 48.8413152 ], [ 9.1721727, 48.841254 ], [ 9.1724269, 48.8411873 ], [ 9.1727151, 48.8411124 ], [ 9.1730629, 48.8410269 ], [ 9.173403, 48.840958 ], [ 9.1737531, 48.8409081 ], [ 9.1738872, 48.8408955 ], [ 9.1740558, 48.8408916 ], [ 9.174211, 48.8408915 ], [ 9.1743907, 48.8409006 ], [ 9.1746787, 48.8409389 ], [ 9.1749063, 48.8409918 ], [ 9.1750816, 48.8410381 ], [ 9.1752956, 48.8411261 ], [ 9.1754941, 48.8412265 ], [ 9.1756519, 48.8413214 ], [ 9.1758591, 48.84146 ], [ 9.1760456, 48.8416004 ], [ 9.1763332, 48.8418439 ], [ 9.1765505, 48.8420313 ], [ 9.1767369, 48.8421881 ], [ 9.1767849, 48.8423344 ] ] } },
{ "type": "Feature", "properties": { "segment_id": "S29", "corridor_id": "B 10", "highway": "trunk", "length": 1103.9010513853937, "metapath_priority": "None", "is_metapath_hard": false, "metapath_pairs": "" }, "geometry": { "type": "LineString", "coordinates": [ [ 9.164406, 48.8412737 ], [ 9.1651865, 48.8414494 ], [ 9.1659634, 48.8416143 ], [ 9.166492, 48.8417057 ], [ 9.1668954, 48.8417544 ], [ 9.1672628, 48.8417822 ], [ 9.1675522, 48.8417819 ], [ 9.1678185, 48.8417675 ], [ 9.1681516, 48.8417323 ], [ 9.1684713, 48.8416648 ], [ 9.1687207, 48.8415883 ], [ 9.1691124, 48.8414332 ], [ 9.1694368, 48.8412418 ], [ 9.1696602, 48.8410797 ], [ 9.1698988, 48.840835 ], [ 9.1700028, 48.8406972 ], [ 9.1700937, 48.8405446 ], [ 9.1701316, 48.8404645 ], [ 9.1701772, 48.8403442 ], [ 9.1702139, 48.8402208 ], [ 9.1702371, 48.840109 ], [ 9.1702468, 48.8399757 ], [ 9.170242, 48.8398002 ], [ 9.1702051, 48.8396235 ], [ 9.1701447, 48.8394644 ], [ 9.1700654, 48.8392955 ], [ 9.1699837, 48.8391687 ], [ 9.1698643, 48.839018 ], [ 9.1696927, 48.8388372 ], [ 9.1694987, 48.8386581 ], [ 9.1688353, 48.8381049 ], [ 9.1686179, 48.8379186 ], [ 9.1684073, 48.8377323 ], [ 9.1680148, 48.8373576 ], [ 9.1678186, 48.8371489 ], [ 9.1676279, 48.8369369 ], [ 9.1670285, 48.8361612 ], [ 9.1667981, 48.8358391 ], [ 9.1667113, 48.8356385 ] ] } },
{ "type": "Feature", "properties": { "segment_id": "S30", "corridor_id": "B 27", "highway": "trunk", "length": 271.54939287047529, "metapath_priority": "None", "is_metapath_hard": false, "metapath_pairs": "" }, "geometry": { "type": "LineString", "coordinates": [ [ 9.1767849, 48.8423344 ], [ 9.1769982, 48.8425006 ], [ 9.1774423, 48.8428465 ], [ 9.1779015, 48.8432301 ], [ 9.1782899, 48.8435817 ], [ 9.1784844, 48.8437724 ], [ 9.1786536, 48.8439434 ], [ 9.1788116, 48.8441025 ], [ 9.1789967, 48.8442915 ] ] } },
{ "type": "Feature", "properties": { "segment_id": "S31", "corridor_id": "B 27", "highway": "trunk", "length": 881.18844401666934, "metapath_priority": "None", "is_metapath_hard": false, "metapath_pairs": "" }, "geometry": { "type": "LineString", "coordinates": [ [ 9.1789967, 48.8442915 ], [ 9.17923, 48.8445447 ], [ 9.179382, 48.8447167 ], [ 9.1800525, 48.8454992 ], [ 9.1802698, 48.8457587 ], [ 9.1806047, 48.8461589 ], [ 9.1809279, 48.846526 ], [ 9.1813795, 48.8470166 ], [ 9.1817607, 48.8474033 ], [ 9.1820567, 48.8476899 ], [ 9.1823682, 48.847976 ], [ 9.1826582, 48.8482258 ], [ 9.1830294, 48.8485214 ], [ 9.1834087, 48.848798 ], [ 9.1838712, 48.8491122 ], [ 9.1844808, 48.8494782 ], [ 9.1846235, 48.8495584 ], [ 9.1847308, 48.8496134 ], [ 9.1851886, 48.84985 ], [ 9.1855407, 48.8500198 ], [ 9.185935, 48.8501986 ], [ 9.1864157, 48.8503936 ] ] } },
{ "type": "Feature", "properties": { "segment_id": "S32", "corridor_id": "B 27", "highway": "trunk_link", "length": 354.34934956050029, "metapath_priority": "None", "is_metapath_hard": false, "metapath_pairs": "" }, "geometry": { "type": "LineString", "coordinates": [ [ 9.1789967, 48.8442915 ], [ 9.1792196, 48.8443942 ], [ 9.1793721, 48.8445308 ], [ 9.1795192, 48.8446338 ], [ 9.1796897, 48.8447288 ], [ 9.1798484, 48.8448053 ], [ 9.1800152, 48.844867 ], [ 9.1801749, 48.8449044 ], [ 9.1803369, 48.8449214 ], [ 9.1804617, 48.8449209 ], [ 9.180639, 48.8449046 ], [ 9.1808165, 48.8448676 ], [ 9.1809802, 48.8448077 ], [ 9.1811088, 48.844733 ], [ 9.1812239, 48.8446392 ], [ 9.1813086, 48.8445283 ], [ 9.1813572, 48.844405 ], [ 9.1813704, 48.8443134 ], [ 9.1813704, 48.8442397 ], [ 9.181355, 48.8441643 ], [ 9.1813282, 48.844091 ], [ 9.1812859, 48.8440244 ], [ 9.1812142, 48.843937 ], [ 9.1811532, 48.843881 ], [ 9.1810848, 48.8438333 ], [ 9.1810137, 48.8437905 ], [ 9.1809306, 48.8437499 ], [ 9.1808548, 48.8437199 ], [ 9.1807656, 48.8436908 ], [ 9.1806429, 48.8436607 ], [ 9.1805061, 48.8436426 ], [ 9.1803736, 48.8436328 ] ] } },
{ "type": "Feature", "properties": { "segment_id": "S33", "corridor_id": "B 27", "highway": "trunk", "length": 299.77290918276975, "metapath_priority": "None", "is_metapath_hard": false, "metapath_pairs": "" }, "geometry": { "type": "LineString", "coordinates": [ [ 9.1822333, 48.8480163 ], [ 9.181927, 48.8477483 ], [ 9.1816263, 48.8474654 ], [ 9.1812361, 48.8470773 ], [ 9.1807822, 48.8465836 ], [ 9.1804531, 48.8462039 ], [ 9.180119, 48.8458092 ], [ 9.1800563, 48.845736 ] ] } },
{ "type": "Feature", "properties": { "segment_id": "S34", "corridor_id": "B 27", "highway": "trunk", "length": 150.22504502638088, "metapath_priority": "None", "is_metapath_hard": false, "metapath_pairs": "" }, "geometry": { "type": "LineString", "coordinates": [ [ 9.1800563, 48.845736 ], [ 9.1799057, 48.8455528 ], [ 9.1792445, 48.8447758 ], [ 9.1790506, 48.8445583 ] ] } },
{ "type": "Feature", "properties": { "segment_id": "S35", "corridor_id": "B 27", "highway": "trunk_link", "length": 138.67875977090608, "metapath_priority": "None", "is_metapath_hard": false, "metapath_pairs": "" }, "geometry": { "type": "LineString", "coordinates": [ [ 9.1800563, 48.845736 ], [ 9.1798225, 48.8455832 ], [ 9.1797063, 48.845483 ], [ 9.1795566, 48.8454018 ], [ 9.1794051, 48.8453471 ], [ 9.1791689, 48.8453089 ], [ 9.1788498, 48.8453024 ], [ 9.178568, 48.8452929 ], [ 9.1784122, 48.8452622 ] ] } },
{ "type": "Feature", "properties": { "segment_id": "S36", "corridor_id": "B 27", "highway": "trunk", "length": 1108.4939954761496, "metapath_priority": "None", "is_metapath_hard": false, "metapath_pairs": "" }, "geometry": { "type": "LineString", "coordinates": [ [ 9.1771114, 48.8427542 ], [ 9.1768241, 48.8425323 ], [ 9.1765031, 48.8422961 ], [ 9.176125, 48.8420238 ], [ 9.1756343, 48.8417051 ], [ 9.1750742, 48.8413718 ], [ 9.1747015, 48.8411479 ], [ 9.1741794, 48.8408608 ], [ 9.1733265, 48.8404356 ], [ 9.1724143, 48.8400065 ], [ 9.171404, 48.8395005 ], [ 9.170555, 48.8390262 ], [ 9.1698204, 48.8385701 ], [ 9.1693424, 48.8382195 ], [ 9.1690413, 48.8379852 ], [ 9.1686016, 48.8376145 ], [ 9.1683289, 48.837368 ], [ 9.1681289, 48.8371849 ], [ 9.1678638, 48.8369245 ], [ 9.1676767, 48.8367352 ], [ 9.167262, 48.836283 ], [ 9.1668932, 48.8358406 ], [ 9.1667113, 48.8356385 ] ] } },
{ "type": "Feature", "properties": { "segment_id": "S37", "corridor_id": "B 10", "highway": "trunk_link", "length": 920.95651883849132, "metapath_priority": "None", "is_metapath_hard": false, "metapath_pairs": "" }, "geometry": { "type": "LineString", "coordinates": [ [ 9.1771114, 48.8427542 ], [ 9.176811, 48.8426353 ], [ 9.1764441, 48.8423947 ], [ 9.1753815, 48.8417734 ], [ 9.1750496, 48.8415858 ], [ 9.1747367, 48.8414441 ], [ 9.1745093, 48.8413561 ], [ 9.1743657, 48.8413098 ], [ 9.1741398, 48.8412507 ], [ 9.1739262, 48.8412118 ], [ 9.1736306, 48.8411802 ], [ 9.1734184, 48.8411738 ], [ 9.1732034, 48.8411788 ], [ 9.1730628, 48.8411904 ], [ 9.1728145, 48.8412235 ], [ 9.1726105, 48.8412578 ], [ 9.1723691, 48.8413092 ], [ 9.1719775, 48.8414075 ], [ 9.1717286, 48.8414755 ], [ 9.1708701, 48.8416987 ], [ 9.170441, 48.8418059 ], [ 9.1700033, 48.841904 ], [ 9.1693534, 48.8420025 ], [ 9.1690227, 48.842041 ], [ 9.1686504, 48.8420645 ], [ 9.1683863, 48.8420689 ], [ 9.1681404, 48.8420698 ], [ 9.1677782, 48.8420594 ], [ 9.1674483, 48.8420338 ], [ 9.1670654, 48.8419891 ], [ 9.1667095, 48.8419362 ], [ 9.1663064, 48.8418543 ], [ 9.1659699, 48.8417855 ], [ 9.1656632, 48.8416615 ] ] } },
{ "type": "Feature", "properties": { "segment_id": "S38", "corridor_id": "B 27", "highway": "trunk", "length": 1295.2832472956547, "metapath_priority": "None", "is_metapath_hard": false, "metapath_pairs": "" }, "geometry": { "type": "LineString", "coordinates": [ [ 9.1864157, 48.8503936 ], [ 9.1868046, 48.8505459 ], [ 9.1873698, 48.8507523 ], [ 9.1878236, 48.8509103 ], [ 9.1882877, 48.8510713 ], [ 9.1887411, 48.851228 ], [ 9.1896404, 48.8515373 ], [ 9.1904928, 48.8518557 ], [ 9.1909312, 48.8520355 ], [ 9.1913065, 48.8521989 ], [ 9.1917117, 48.8523902 ], [ 9.1921231, 48.8526027 ], [ 9.1923575, 48.8527366 ], [ 9.192686, 48.8529272 ], [ 9.1929908, 48.8531246 ], [ 9.1933906, 48.8534122 ], [ 9.193857, 48.8537853 ], [ 9.1942909, 48.8541841 ], [ 9.1946691, 48.854598 ], [ 9.195037, 48.8550595 ], [ 9.1953406, 48.8555144 ], [ 9.1955958, 48.855993 ], [ 9.19581, 48.8564725 ], [ 9.1959563, 48.8569413 ], [ 9.1960536, 48.8573838 ], [ 9.1960979, 48.8577558 ], [ 9.1961286, 48.858175 ], [ 9.1961306, 48.8584938 ], [ 9.1961253, 48.8587205 ], [ 9.1961154, 48.8590959 ] ] } },
{ "type": "Feature", "properties": { "segment_id": "S39", "corridor_id": "B 27", "highway": "trunk", "length": 488.71726727769072, "metapath_priority": "None", "is_metapath_hard": false, "metapath_pairs": "" }, "geometry": { "type": "LineString", "coordinates": [ [ 9.1873026, 48.8508203 ], [ 9.1867286, 48.8506143 ], [ 9.186295, 48.8504471 ], [ 9.185794, 48.8502343 ], [ 9.1854109, 48.8500599 ], [ 9.1851214, 48.8499223 ], [ 9.1847292, 48.8497223 ], [ 9.1846283, 48.8496686 ], [ 9.1844935, 48.8495957 ], [ 9.1837959, 48.8491828 ], [ 9.1832809, 48.8488326 ], [ 9.1829194, 48.8485673 ], [ 9.1825445, 48.8482768 ], [ 9.1822333, 48.8480163 ] ] } },
{ "type": "Feature", "properties": { "segment_id": "S40", "corridor_id": "B 27", "highway": "trunk_link", "length": 513.57232353818472, "metapath_priority": "None", "is_metapath_hard": false, "metapath_pairs": "" }, "geometry": { "type": "LineString", "coordinates": [ [ 9.1873026, 48.8508203 ], [ 9.1869803, 48.8507685 ], [ 9.1857057, 48.8503264 ], [ 9.1852054, 48.8501497 ], [ 9.1849042, 48.8500402 ], [ 9.1848028, 48.8500093 ], [ 9.1847278, 48.85001 ], [ 9.1846875, 48.8500177 ], [ 9.184629, 48.8500361 ], [ 9.184544, 48.8500775 ], [ 9.1844928, 48.8499935 ], [ 9.18446, 48.8499193 ], [ 9.1843842, 48.8498125 ], [ 9.1842576, 48.8496864 ], [ 9.1836153, 48.8492693 ], [ 9.1832879, 48.8490313 ], [ 9.1830211, 48.8488045 ], [ 9.1827346, 48.8485332 ], [ 9.1825292, 48.8483435 ], [ 9.1822814, 48.8481357 ], [ 9.1822333, 48.8480163 ] ] } },
{ "type": "Feature", "properties": { "segment_id": "S41", "corridor_id": "B 27", "highway": "trunk_link", "length": 105.61013670903935, "metapath_priority": "None", "is_metapath_hard": false, "metapath_pairs": "" }, "geometry": { "type": "LineString", "coordinates": [ [ 9.1970428, 48.864792 ], [ 9.1971256, 48.8648978 ], [ 9.1972476, 48.8650209 ], [ 9.1974437, 48.865158 ], [ 9.1977733, 48.8653781 ], [ 9.1978206, 48.8654178 ], [ 9.1978606, 48.8654659 ], [ 9.1978919, 48.8655446 ] ] } },
{ "type": "Feature", "properties": { "segment_id": "S42", "corridor_id": "B 27", "highway": "trunk", "length": 107.2402209200952, "metapath_priority": "None", "is_metapath_hard": false, "metapath_pairs": "" }, "geometry": { "type": "LineString", "coordinates": [ [ 9.1970428, 48.864792 ], [ 9.1972077, 48.8652726 ], [ 9.1973459, 48.8657355 ] ] } },
{ "type": "Feature", "properties": { "segment_id": "S43", "corridor_id": "B 27", "highway": "trunk_link", "length": 100.39342163651582, "metapath_priority": "None", "is_metapath_hard": false, "metapath_pairs": "" }, "geometry": { "type": "LineString", "coordinates": [ [ 9.1978919, 48.8655446 ], [ 9.1979167, 48.8656033 ], [ 9.1979241, 48.8656655 ], [ 9.197931, 48.8659549 ], [ 9.1979352, 48.866445 ] ] } },
{ "type": "Feature", "properties": { "segment_id": "S44", "corridor_id": "B 27", "highway": "trunk_link", "length": 66.023126366595832, "metapath_priority": "None", "is_metapath_hard": false, "metapath_pairs": "" }, "geometry": { "type": "LineString", "coordinates": [ [ 9.1978919, 48.8655446 ], [ 9.1978465, 48.8655005 ], [ 9.1977722, 48.8654604 ], [ 9.1976876, 48.8654429 ], [ 9.1975989, 48.8654417 ], [ 9.1975075, 48.8654682 ], [ 9.1974349, 48.8655233 ], [ 9.197375, 48.8656131 ], [ 9.1973459, 48.8657355 ] ] } },
{ "type": "Feature", "properties": { "segment_id": "S45", "corridor_id": "B 27", "highway": "trunk_link", "length": 26.326673486227357, "metapath_priority": "None", "is_metapath_hard": false, "metapath_pairs": "" }, "geometry": { "type": "LineString", "coordinates": [ [ 9.1978787, 48.8666788 ], [ 9.1978915, 48.8666345 ], [ 9.1979012, 48.866592 ], [ 9.1979352, 48.866445 ] ] } },
{ "type": "Feature", "properties": { "segment_id": "S46", "corridor_id": "B 27", "highway": "trunk_link", "length": 135.47172447266487, "metapath_priority": "None", "is_metapath_hard": false, "metapath_pairs": "" }, "geometry": { "type": "LineString", "coordinates": [ [ 9.1966616, 48.8665562 ], [ 9.1967201, 48.8662645 ], [ 9.1967162, 48.8660918 ], [ 9.1966894, 48.8659535 ], [ 9.1966274, 48.8657832 ], [ 9.1964674, 48.8654726 ], [ 9.1964258, 48.8653672 ] ] } },
{ "type": "Feature", "properties": { "segment_id": "S47", "corridor_id": "B 27", "highway": "trunk_link", "length": 135.47172447266485, "metapath_priority": "None", "is_metapath_hard": false, "metapath_pairs": "" }, "geometry": { "type": "LineString", "coordinates": [ [ 9.1964258, 48.8653672 ], [ 9.1964674, 48.8654726 ], [ 9.1966274, 48.8657832 ], [ 9.1966894, 48.8659535 ], [ 9.1967162, 48.8660918 ], [ 9.1967201, 48.8662645 ], [ 9.1966616, 48.8665562 ] ] } },
{ "type": "Feature", "properties": { "segment_id": "S48", "corridor_id": "B 27", "highway": "trunk_link", "length": 88.120204670206988, "metapath_priority": "None", "is_metapath_hard": false, "metapath_pairs": "" }, "geometry": { "type": "LineString", "coordinates": [ [ 9.1964258, 48.8653672 ], [ 9.196414, 48.8652996 ], [ 9.1964323, 48.8652399 ], [ 9.1964836, 48.8651826 ], [ 9.1965606, 48.8651229 ], [ 9.1966561, 48.865052 ], [ 9.1967649, 48.8649693 ], [ 9.1968092, 48.8648985 ], [ 9.1968451, 48.8647952 ], [ 9.1968674, 48.8646639 ] ] } },
{ "type": "Feature", "properties": { "segment_id": "S49", "corridor_id": "B 27", "highway": "trunk", "length": 513.14379846874328, "metapath_priority": "None", "is_metapath_hard": false, "metapath_pairs": "" }, "geometry": { "type": "LineString", "coordinates": [ [ 9.1968674, 48.8646639 ], [ 9.1967933, 48.8644437 ], [ 9.1964672, 48.8634734 ], [ 9.1963144, 48.8630394 ], [ 9.1961741, 48.8626271 ], [ 9.1960629, 48.8622508 ], [ 9.1959938, 48.8619581 ], [ 9.1959392, 48.8616194 ], [ 9.195912, 48.8613463 ], [ 9.1958951, 48.8609771 ], [ 9.1959083, 48.8601128 ] ] } },
{ "type": "Feature", "properties": { "segment_id": "S50", "corridor_id": "L 1180", "highway": "trunk_link", "length": 286.58038130015586, "metapath_priority": "None", "is_metapath_hard": false, "metapath_pairs": "" }, "geometry": { "type": "LineString", "coordinates": [ [ 9.1187269, 48.7650423 ], [ 9.1184988, 48.765055 ], [ 9.1183488, 48.7650568 ], [ 9.1179644, 48.7650639 ], [ 9.1176105, 48.7650849 ], [ 9.1174125, 48.7651036 ], [ 9.1172235, 48.7651205 ], [ 9.1169467, 48.7651512 ], [ 9.116771, 48.7651784 ], [ 9.1165328, 48.765219 ], [ 9.1163806, 48.7652509 ], [ 9.1162018, 48.76529 ], [ 9.1160721, 48.7653242 ], [ 9.1159158, 48.7653702 ], [ 9.1157764, 48.7654095 ], [ 9.1156415, 48.7654524 ], [ 9.1153234, 48.7655701 ], [ 9.1150027, 48.7656892 ] ] } },
{ "type": "Feature", "properties": { "segment_id": "S51", "corridor_id": "L 1187", "highway": "trunk", "length": 313.40644360192078, "metapath_priority": "None", "is_metapath_hard": false, "metapath_pairs": "" }, "geometry": { "type": "LineString", "coordinates": [ [ 9.1187269, 48.7650423 ], [ 9.1185317, 48.7650138 ], [ 9.1184371, 48.7650061 ], [ 9.1183887, 48.7649988 ], [ 9.1183121, 48.764988 ], [ 9.1181802, 48.7649656 ], [ 9.1180819, 48.7649468 ], [ 9.1179426, 48.7649121 ], [ 9.1177813, 48.7648674 ], [ 9.1176395, 48.7648207 ], [ 9.1174979, 48.764767 ], [ 9.1173684, 48.76471 ], [ 9.1172334, 48.7646437 ], [ 9.117111, 48.7645739 ], [ 9.1169894, 48.7644937 ], [ 9.1169123, 48.7644375 ], [ 9.1168406, 48.7643807 ], [ 9.1167568, 48.7643049 ], [ 9.1166933, 48.7642419 ], [ 9.1166122, 48.7641482 ], [ 9.1165401, 48.7640537 ], [ 9.1164785, 48.7639556 ], [ 9.1164255, 48.7638531 ], [ 9.1163813, 48.763749 ], [ 9.1163488, 48.7636389 ], [ 9.1163209, 48.763538 ], [ 9.1163011, 48.7634322 ], [ 9.1162865, 48.7633177 ], [ 9.1162652, 48.7630867 ] ] } },
{ "type": "Feature", "properties": { "segment_id": "S52", "corridor_id": "Wildparkstraße", "highway": "trunk", "length": 630.09895514360369, "metapath_priority": "None", "is_metapath_hard": false, "metapath_pairs": "" }, "geometry": { "type": "LineString", "coordinates": [ [ 9.1162472, 48.7616931 ], [ 9.1162703, 48.7611746 ], [ 9.1162615, 48.7599723 ], [ 9.1162436, 48.7587663 ], [ 9.1161799, 48.7581393 ], [ 9.1160889, 48.7576406 ], [ 9.1158542, 48.7567499 ], [ 9.1158039, 48.7565885 ], [ 9.1157423, 48.7564271 ], [ 9.1155954, 48.7560663 ] ] } },
{ "type": "Feature", "properties": { "segment_id": "S53", "corridor_id": "L 1187", "highway": "trunk_link", "length": 324.51785403945672, "metapath_priority": "None", "is_metapath_hard": false, "metapath_pairs": "" }, "geometry": { "type": "LineString", "coordinates": [ [ 9.1162472, 48.7616931 ], [ 9.1161445, 48.7613514 ], [ 9.1160903, 48.7610805 ], [ 9.1160572, 48.7609232 ], [ 9.1160276, 48.7606995 ], [ 9.1160087, 48.7603447 ], [ 9.1160148, 48.7600002 ], [ 9.1160157, 48.7596377 ], [ 9.1160169, 48.759589 ], [ 9.11601, 48.7593699 ], [ 9.115999, 48.7592787 ], [ 9.1159746, 48.7591873 ], [ 9.1159485, 48.7591329 ], [ 9.1159212, 48.7590889 ], [ 9.1158896, 48.7590478 ], [ 9.1158264, 48.7589905 ], [ 9.1156403, 48.7588618 ] ] } },
{ "type": "Feature", "properties": { "segment_id": "S54", "corridor_id": "B 14", "highway": "trunk", "length": 267.2339558747741, "metapath_priority": "None", "is_metapath_hard": false, "metapath_pairs": "" }, "geometry": { "type": "LineString", "coordinates": [ [ 9.1155954, 48.7560663 ], [ 9.1154898, 48.7557392 ], [ 9.1154538, 48.7556043 ], [ 9.1154126, 48.7554116 ], [ 9.1153551, 48.7550452 ], [ 9.1153111, 48.7547004 ], [ 9.1152956, 48.7542303 ], [ 9.1152971, 48.7536776 ] ] } },
{ "type": "Feature", "properties": { "segment_id": "S55", "corridor_id": "B 14", "highway": "trunk", "length": 573.25851943713315, "metapath_priority": "None", "is_metapath_hard": false, "metapath_pairs": "" }, "geometry": { "type": "LineString", "coordinates": [ [ 9.1152971, 48.7536776 ], [ 9.1152988, 48.7535045 ], [ 9.115315, 48.7532984 ], [ 9.1153497, 48.7530948 ], [ 9.1154545, 48.7526524 ], [ 9.115638, 48.7519473 ], [ 9.1157355, 48.751476 ], [ 9.1157699, 48.7510556 ], [ 9.115755, 48.750644 ], [ 9.1156533, 48.7501606 ], [ 9.1155481, 48.7498563 ], [ 9.1154343, 48.7496013 ], [ 9.1152646, 48.7492996 ], [ 9.1150274, 48.748982 ], [ 9.1148092, 48.7487602 ], [ 9.1147417, 48.7486781 ] ] } },
{ "type": "Feature", "properties": { "segment_id": "S56", "corridor_id": "B 14", "highway": "trunk_link", "length": 207.98321153839603, "metapath_priority": "None", "is_metapath_hard": false, "metapath_pairs": "" }, "geometry": { "type": "LineString", "coordinates": [ [ 9.1147417, 48.7486781 ], [ 9.1146644, 48.748677 ], [ 9.1140083, 48.7480595 ], [ 9.1137753, 48.7478504 ], [ 9.1134262, 48.7475045 ], [ 9.113129, 48.7471667 ] ] } },
{ "type": "Feature", "properties": { "segment_id": "S57", "corridor_id": "B 14", "highway": "trunk", "length": 325.29514362556205, "metapath_priority": "None", "is_metapath_hard": false, "metapath_pairs": "" }, "geometry": { "type": "LineString", "coordinates": [ [ 9.1147417, 48.7486781 ], [ 9.1144415, 48.748331 ], [ 9.1136318, 48.7475532 ], [ 9.1134208, 48.7473221 ], [ 9.113225, 48.7470416 ], [ 9.1130869, 48.7467755 ], [ 9.1129739, 48.7464366 ], [ 9.1129272, 48.7461663 ], [ 9.1129061, 48.7460636 ] ] } },
{ "type": "Feature", "properties": { "segment_id": "S58", "corridor_id": "B 14", "highway": "trunk", "length": 678.09975166005029, "metapath_priority": "None", "is_metapath_hard": false, "metapath_pairs": "" }, "geometry": { "type": "LineString", "coordinates": [ [ 9.1120537, 48.7448881 ], [ 9.1117027, 48.7446033 ], [ 9.1113438, 48.7443241 ], [ 9.1109675, 48.7440264 ], [ 9.1106547, 48.7437172 ], [ 9.1104491, 48.7434851 ], [ 9.110282, 48.7432713 ], [ 9.11008, 48.7429638 ], [ 9.1099222, 48.7426529 ], [ 9.1098801, 48.7425529 ], [ 9.109844, 48.7424489 ], [ 9.1098047, 48.7423345 ], [ 9.1097738, 48.7422247 ], [ 9.1097016, 48.7419024 ], [ 9.1096751, 48.7417926 ], [ 9.1096293, 48.7416423 ], [ 9.1095842, 48.7415298 ], [ 9.1095328, 48.7414292 ], [ 9.1094711, 48.7413264 ], [ 9.1094025, 48.7412327 ], [ 9.1093139, 48.7411237 ], [ 9.109224, 48.7410314 ], [ 9.1091318, 48.7409442 ], [ 9.1090137, 48.7408487 ], [ 9.1088956, 48.7407666 ], [ 9.1087652, 48.7406848 ], [ 9.1086267, 48.7406106 ], [ 9.1084953, 48.7405449 ], [ 9.1083516, 48.7404811 ], [ 9.1082046, 48.7404217 ], [ 9.108067, 48.7403705 ], [ 9.1078024, 48.740277 ], [ 9.1071201, 48.7400252 ] ] } },
{ "type": "Feature", "properties": { "segment_id": "S59", "corridor_id": "A 831", "highway": "motorway", "length": 916.02094668217046, "metapath_priority": "None", "is_metapath_hard": false, "metapath_pairs": "" }, "geometry": { "type": "LineString", "coordinates": [ [ 9.0739511, 48.7283095 ], [ 9.0742475, 48.7283862 ], [ 9.0745778, 48.7284718 ], [ 9.0750422, 48.728583 ], [ 9.075501, 48.7286819 ], [ 9.0759857, 48.7287755 ], [ 9.076452, 48.7288577 ], [ 9.0769424, 48.7289337 ], [ 9.0774393, 48.7289994 ], [ 9.0779142, 48.729055 ], [ 9.0783949, 48.729101 ], [ 9.0788836, 48.7291384 ], [ 9.0793764, 48.7291657 ], [ 9.0798676, 48.729185 ], [ 9.0803621, 48.7292015 ], [ 9.0806295, 48.7292079 ], [ 9.0810899, 48.7292208 ], [ 9.0816014, 48.7292331 ], [ 9.0820958, 48.7292512 ], [ 9.0825854, 48.729271 ], [ 9.0830766, 48.7292999 ], [ 9.0835702, 48.7293336 ], [ 9.0840703, 48.7293806 ], [ 9.0845453, 48.7294373 ], [ 9.0850373, 48.7295089 ], [ 9.0853477, 48.7295651 ], [ 9.0857384, 48.7296431 ], [ 9.0859961, 48.7297003 ], [ 9.0861748, 48.7297428 ] ] } },
{ "type": "Feature", "properties": { "segment_id": "S60", "corridor_id": "A 831", "highway": "motorway", "length": 656.30993249788685, "metapath_priority": "None", "is_metapath_hard": false, "metapath_pairs": "" }, "geometry": { "type": "LineString", "coordinates": [ [ 9.0767155, 48.7290307 ], [ 9.0762897, 48.7289611 ], [ 9.0758628, 48.7288841 ], [ 9.075588, 48.7288328 ], [ 9.0753823, 48.7287914 ], [ 9.0751972, 48.7287516 ], [ 9.0748888, 48.7286844 ], [ 9.0743872, 48.7285642 ], [ 9.0741827, 48.7285099 ], [ 9.0738628, 48.7284249 ], [ 9.0731416, 48.7282135 ], [ 9.0727088, 48.7280753 ], [ 9.0722608, 48.7279242 ], [ 9.0718766, 48.7277905 ], [ 9.0716501, 48.7277098 ], [ 9.0711946, 48.7275407 ], [ 9.0707903, 48.7273862 ], [ 9.0703833, 48.7272264 ], [ 9.0701372, 48.7271279 ], [ 9.0697153, 48.7269573 ], [ 9.0693473, 48.7268054 ], [ 9.0691537, 48.7267239 ], [ 9.06867, 48.726522 ] ] } },
{ "type": "Feature", "properties": { "segment_id": "S61", "corridor_id": "segment_61", "highway": "motorway_link", "length": 271.84727807461013, "metapath_priority": "None", "is_metapath_hard": false, "metapath_pairs": "" }, "geometry": { "type": "LineString", "coordinates": [ [ 9.0767155, 48.7290307 ], [ 9.0764795, 48.7290513 ], [ 9.0762138, 48.7290139 ], [ 9.075959, 48.728979 ], [ 9.0756994, 48.7289396 ], [ 9.0754628, 48.728902 ], [ 9.0751617, 48.7288503 ], [ 9.0748449, 48.7287872 ], [ 9.0743387, 48.7286805 ], [ 9.0741263, 48.7286326 ], [ 9.0738112, 48.7285533 ], [ 9.0731751, 48.7283746 ] ] } },
{ "type": "Feature", "properties": { "segment_id": "S62", "corridor_id": "segment_62", "highway": "motorway_link", "length": 442.41656050043741, "metapath_priority": "None", "is_metapath_hard": false, "metapath_pairs": "" }, "geometry": { "type": "LineString", "coordinates": [ [ 9.0861748, 48.7297428 ], [ 9.0865569, 48.7297671 ], [ 9.0873277, 48.7299838 ], [ 9.0876042, 48.7300669 ], [ 9.0878965, 48.73015 ], [ 9.0882068, 48.7302415 ], [ 9.0884189, 48.7302977 ], [ 9.0886657, 48.7303577 ], [ 9.0889706, 48.7304242 ], [ 9.0891521, 48.7304611 ], [ 9.0893153, 48.7304875 ], [ 9.0896148, 48.7305313 ], [ 9.0899316, 48.730564 ], [ 9.0902728, 48.7305869 ], [ 9.0906215, 48.7305987 ], [ 9.0908826, 48.7306062 ], [ 9.0909441, 48.7306101 ], [ 9.0910019, 48.7306146 ], [ 9.0910816, 48.7306244 ], [ 9.0911665, 48.7306395 ], [ 9.0912404, 48.7306531 ], [ 9.0913195, 48.7306713 ], [ 9.0913969, 48.7306913 ], [ 9.0914708, 48.7307129 ], [ 9.0915456, 48.7307366 ], [ 9.0916185, 48.7307655 ], [ 9.0916639, 48.7307842 ], [ 9.0917426, 48.7308205 ], [ 9.0918431, 48.7308729 ], [ 9.0918714, 48.7308891 ] ] } },
{ "type": "Feature", "properties": { "segment_id": "S63", "corridor_id": "A 831", "highway": "motorway", "length": 388.86788645023466, "metapath_priority": "None", "is_metapath_hard": false, "metapath_pairs": "" }, "geometry": { "type": "LineString", "coordinates": [ [ 9.0861748, 48.7297428 ], [ 9.0869104, 48.7299421 ], [ 9.0873453, 48.730084 ], [ 9.0875714, 48.7301603 ], [ 9.0877927, 48.7302417 ], [ 9.0881541, 48.7303795 ], [ 9.0883542, 48.7304658 ], [ 9.0889775, 48.7307553 ], [ 9.0892175, 48.7308819 ], [ 9.0897871, 48.7312017 ], [ 9.090143, 48.731427 ], [ 9.090518, 48.7316894 ] ] } },
{ "type": "Feature", "properties": { "segment_id": "S64", "corridor_id": "segment_64", "highway": "motorway_link", "length": 179.89186630565322, "metapath_priority": "None", "is_metapath_hard": false, "metapath_pairs": "" }, "geometry": { "type": "LineString", "coordinates": [ [ 9.1499678, 48.7070602 ], [ 9.1500992, 48.7070914 ], [ 9.1502283, 48.7071416 ], [ 9.1503594, 48.7072106 ], [ 9.1505032, 48.7073117 ], [ 9.1506441, 48.7074935 ], [ 9.1507996, 48.7076577 ], [ 9.1508453, 48.7076963 ], [ 9.1509201, 48.7077395 ], [ 9.151005, 48.7077775 ], [ 9.1510984, 48.7078104 ], [ 9.1512079, 48.7078363 ], [ 9.1513554, 48.707856 ], [ 9.1515178, 48.7078597 ], [ 9.1518871, 48.707875 ] ] } },
{ "type": "Feature", "properties": { "segment_id": "S65", "corridor_id": "A 8", "highway": "motorway", "length": 5680.9240359443165, "metapath_priority": "None", "is_metapath_hard": false, "metapath_pairs": "" }, "geometry": { "type": "LineString", "coordinates": [ [ 9.07419, 48.723141 ], [ 9.074213, 48.7231249 ], [ 9.0746178, 48.7228438 ], [ 9.0746865, 48.7228011 ], [ 9.0753235, 48.7223995 ], [ 9.0762176, 48.7218343 ], [ 9.0771291, 48.7212742 ], [ 9.0780307, 48.7206982 ], [ 9.0795253, 48.7197615 ], [ 9.0798317, 48.7195686 ], [ 9.0818688, 48.7182859 ], [ 9.0833916, 48.7173385 ], [ 9.083797, 48.7170838 ], [ 9.0840371, 48.7169405 ], [ 9.0844535, 48.7166948 ], [ 9.0846872, 48.7165617 ], [ 9.0853862, 48.7161952 ], [ 9.0858281, 48.7159751 ], [ 9.086665, 48.7155921 ], [ 9.0870975, 48.7154065 ], [ 9.087564, 48.7152236 ], [ 9.0880232, 48.7150529 ], [ 9.0884822, 48.7148908 ], [ 9.0891667, 48.7146664 ], [ 9.0898438, 48.7144673 ], [ 9.090349, 48.7143283 ], [ 9.0910793, 48.7141442 ], [ 9.0915649, 48.7140269 ], [ 9.0920596, 48.7139028 ], [ 9.0930481, 48.7136626 ], [ 9.0941182, 48.7133958 ], [ 9.0953537, 48.7130896 ], [ 9.0954206, 48.7130731 ], [ 9.0958081, 48.7129774 ], [ 9.0962625, 48.7128651 ], [ 9.0966383, 48.7127734 ], [ 9.0968648, 48.7127179 ], [ 9.0977016, 48.7125121 ], [ 9.0985221, 48.7123112 ], [ 9.0993503, 48.7121077 ], [ 9.1001437, 48.7119184 ], [ 9.1009453, 48.7117403 ], [ 9.1017313, 48.711573 ], [ 9.1025163, 48.7114213 ], [ 9.1033104, 48.7112629 ], [ 9.104214, 48.7110869 ], [ 9.1047075, 48.7109905 ], [ 9.1058275, 48.7107727 ], [ 9.1060608, 48.7107272 ], [ 9.1080208, 48.7103453 ], [ 9.110004, 48.7099566 ], [ 9.1101722, 48.7099238 ], [ 9.1124618, 48.7094773 ], [ 9.1133416, 48.7093065 ], [ 9.1138525, 48.7092056 ], [ 9.1145559, 48.7090675 ], [ 9.1149781, 48.7089879 ], [ 9.1154002, 48.7089082 ], [ 9.115897, 48.7088249 ], [ 9.1164563, 48.7087383 ], [ 9.1170496, 48.7086531 ], [ 9.1175694, 48.7085892 ], [ 9.1181065, 48.7085303 ], [ 9.1189638, 48.7084469 ], [ 9.1198511, 48.708381 ], [ 9.1208661, 48.7083287 ], [ 9.1212969, 48.708313 ], [ 9.1219709, 48.7083052 ], [ 9.1222084, 48.7083005 ], [ 9.1230163, 48.7083033 ], [ 9.1235025, 48.7083148 ], [ 9.1238921, 48.708326 ], [ 9.124616, 48.7083559 ], [ 9.1253549, 48.7084028 ], [ 9.1259224, 48.7084456 ], [ 9.1264805, 48.7084983 ], [ 9.1275776, 48.7086178 ], [ 9.1278791, 48.7086506 ], [ 9.128428, 48.7087158 ], [ 9.1291268, 48.7087906 ], [ 9.1298754, 48.7088786 ], [ 9.1321638, 48.7091338 ], [ 9.1330668, 48.7092353 ], [ 9.1335853, 48.7092932 ], [ 9.1340322, 48.7093401 ], [ 9.1346897, 48.7094038 ], [ 9.1352817, 48.7094541 ], [ 9.1358425, 48.7094922 ], [ 9.1362358, 48.7095124 ], [ 9.1367868, 48.7095348 ], [ 9.1371099, 48.7095426 ], [ 9.1374279, 48.7095499 ], [ 9.1377538, 48.7095567 ], [ 9.1384871, 48.7095611 ], [ 9.1387633, 48.709564 ], [ 9.1391657, 48.7095643 ], [ 9.1397231, 48.709545 ], [ 9.1402942, 48.7095163 ], [ 9.1413892, 48.7094502 ], [ 9.1419905, 48.7094001 ], [ 9.1424915, 48.7093468 ], [ 9.1431382, 48.7092696 ], [ 9.1436239, 48.7092116 ], [ 9.1441347, 48.709141 ], [ 9.1450565, 48.7090124 ] ] } },
{ "type": "Feature", "properties": { "segment_id": "S66", "corridor_id": "segment_66", "highway": "motorway_link", "length": 736.53922759178022, "metapath_priority": "None", "is_metapath_hard": false, "metapath_pairs": "" }, "geometry": { "type": "LineString", "coordinates": [ [ 9.1616187, 48.7065159 ], [ 9.1619377, 48.70647 ], [ 9.1630134, 48.7063208 ], [ 9.1635835, 48.70624 ], [ 9.1638509, 48.7061985 ], [ 9.1640646, 48.7061507 ], [ 9.1642553, 48.7060948 ], [ 9.1644441, 48.7060181 ], [ 9.1646038, 48.7059409 ], [ 9.164737, 48.7058618 ], [ 9.1648336, 48.7057913 ], [ 9.1649435, 48.7056979 ], [ 9.1650663, 48.7055668 ], [ 9.1651618, 48.7054399 ], [ 9.1652588, 48.7052943 ], [ 9.1655863, 48.7047732 ], [ 9.1657809, 48.7044662 ], [ 9.1658737, 48.704302 ], [ 9.1659461, 48.7041397 ], [ 9.165999, 48.7039948 ], [ 9.1660409, 48.7038398 ], [ 9.1660694, 48.7036942 ], [ 9.1660819, 48.7035396 ], [ 9.1660814, 48.7033439 ], [ 9.1660741, 48.7032234 ], [ 9.1660402, 48.7029159 ], [ 9.1660002, 48.702575 ], [ 9.1659946, 48.7024948 ], [ 9.1659783, 48.7023882 ], [ 9.1659462, 48.7021199 ], [ 9.1659015, 48.7016264 ] ] } },
{ "type": "Feature", "properties": { "segment_id": "S67", "corridor_id": "A 8", "highway": "motorway_link", "length": 281.43833074280758, "metapath_priority": "None", "is_metapath_hard": false, "metapath_pairs": "" }, "geometry": { "type": "LineString", "coordinates": [ [ 9.1616187, 48.7065159 ], [ 9.1617916, 48.7064391 ], [ 9.161977, 48.7063979 ], [ 9.1623469, 48.7063109 ], [ 9.1628546, 48.7061662 ], [ 9.163843, 48.7058846 ], [ 9.165132, 48.7055091 ] ] } },
{ "type": "Feature", "properties": { "segment_id": "S68", "corridor_id": "B 27", "highway": "trunk", "length": 293.82935428674944, "metapath_priority": "None", "is_metapath_hard": false, "metapath_pairs": "" }, "geometry": { "type": "LineString", "coordinates": [ [ 9.1640908, 48.7122402 ], [ 9.1640264, 48.7124162 ], [ 9.1639639, 48.71261 ], [ 9.1638144, 48.7130803 ], [ 9.1637356, 48.713539 ], [ 9.1635993, 48.7140559 ], [ 9.1634083, 48.7148423 ] ] } },
{ "type": "Feature", "properties": { "segment_id": "S69", "corridor_id": "B 27", "highway": "trunk_link", "length": 324.39302714677535, "metapath_priority": "None", "is_metapath_hard": false, "metapath_pairs": "" }, "geometry": { "type": "LineString", "coordinates": [ [ 9.1640908, 48.7122402 ], [ 9.1641772, 48.7123996 ], [ 9.1641498, 48.712604 ], [ 9.1641292, 48.7128143 ], [ 9.1640832, 48.7130235 ], [ 9.1640484, 48.713164 ], [ 9.1639935, 48.7133402 ], [ 9.1639755, 48.7134394 ], [ 9.1639645, 48.7135316 ], [ 9.1639643, 48.7135769 ], [ 9.164002, 48.7136322 ], [ 9.1640733, 48.7136939 ], [ 9.16424, 48.7137754 ], [ 9.1640985, 48.7137854 ], [ 9.1639982, 48.7138142 ], [ 9.1639209, 48.7138616 ], [ 9.1638723, 48.7139222 ], [ 9.1638452, 48.7139892 ], [ 9.16374, 48.7143416 ], [ 9.1636836, 48.7144706 ], [ 9.1635405, 48.7146942 ], [ 9.1635057, 48.7147698 ], [ 9.1634083, 48.7148423 ] ] } },
{ "type": "Feature", "properties": { "segment_id": "S70", "corridor_id": "B 27", "highway": "trunk", "length": 352.17402706655793, "metapath_priority": "None", "is_metapath_hard": false, "metapath_pairs": "" }, "geometry": { "type": "LineString", "coordinates": [ [ 9.1624941, 48.7387737 ], [ 9.1626006, 48.7385029 ], [ 9.1627477, 48.7381848 ], [ 9.162917, 48.7378646 ], [ 9.163202, 48.7374122 ], [ 9.1633755, 48.7371635 ], [ 9.1637864, 48.7366254 ], [ 9.1644037, 48.7358797 ] ] } },
{ "type": "Feature", "properties": { "segment_id": "S71", "corridor_id": "B 27", "highway": "trunk_link", "length": 201.53121743792533, "metapath_priority": "None", "is_metapath_hard": false, "metapath_pairs": "" }, "geometry": { "type": "LineString", "coordinates": [ [ 9.1624941, 48.7387737 ], [ 9.1624779, 48.7385669 ], [ 9.1625217, 48.7383853 ], [ 9.1626505, 48.7377751 ], [ 9.1626671, 48.7377022 ], [ 9.1627053, 48.7375552 ], [ 9.1627471, 48.7374463 ], [ 9.1628015, 48.7373583 ], [ 9.162861, 48.7372845 ], [ 9.1629282, 48.7372112 ], [ 9.1629866, 48.7371611 ], [ 9.1630121, 48.7371416 ], [ 9.1630436, 48.7371185 ], [ 9.1630733, 48.7370918 ], [ 9.1631151, 48.7370468 ] ] } },
{ "type": "Feature", "properties": { "segment_id": "S72", "corridor_id": "segment_72", "highway": "trunk_link", "length": 14.831390916682185, "metapath_priority": "None", "is_metapath_hard": false, "metapath_pairs": "" }, "geometry": { "type": "LineString", "coordinates": [ [ 9.1631151, 48.7370468 ], [ 9.1631694, 48.7370451 ], [ 9.1632151, 48.737061 ], [ 9.1632698, 48.7371132 ] ] } },
{ "type": "Feature", "properties": { "segment_id": "S73", "corridor_id": "segment_73", "highway": "trunk_link", "length": 36.263924561525926, "metapath_priority": "None", "is_metapath_hard": false, "metapath_pairs": "" }, "geometry": { "type": "LineString", "coordinates": [ [ 9.1631151, 48.7370468 ], [ 9.1631669, 48.7369478 ], [ 9.1632221, 48.7368678 ], [ 9.1632834, 48.7368069 ], [ 9.1633202, 48.736774 ], [ 9.1633378, 48.7367583 ] ] } },
{ "type": "Feature", "properties": { "segment_id": "S74", "corridor_id": "B 27", "highway": "trunk", "length": 462.93564603709831, "metapath_priority": "None", "is_metapath_hard": false, "metapath_pairs": "" }, "geometry": { "type": "LineString", "coordinates": [ [ 9.1642981, 48.7232065 ], [ 9.1643572, 48.7233588 ], [ 9.1645107, 48.7237237 ], [ 9.1646641, 48.7240877 ], [ 9.1648257, 48.7244395 ], [ 9.1649958, 48.7247903 ], [ 9.1652724, 48.7253628 ], [ 9.1654055, 48.7256147 ], [ 9.1656588, 48.7261326 ], [ 9.1658406, 48.7265279 ], [ 9.1660193, 48.7269301 ], [ 9.1661308, 48.7271895 ] ] } },
{ "type": "Feature", "properties": { "segment_id": "S75", "corridor_id": "B 27", "highway": "trunk_link", "length": 235.23760885494127, "metapath_priority": "None", "is_metapath_hard": false, "metapath_pairs": "" }, "geometry": { "type": "LineString", "coordinates": [ [ 9.1642981, 48.7232065 ], [ 9.1644383, 48.7233053 ], [ 9.1645, 48.7234269 ], [ 9.1646174, 48.7236462 ], [ 9.164769, 48.7238838 ], [ 9.1649996, 48.7242699 ], [ 9.1652255, 48.7246393 ], [ 9.1653214, 48.7248078 ], [ 9.1653885, 48.7249184 ], [ 9.1654462, 48.7249936 ], [ 9.1655119, 48.7250626 ], [ 9.1655999, 48.7251225 ] ] } },
{ "type": "Feature", "properties": { "segment_id": "S76", "corridor_id": "B 27", "highway": "primary", "length": 26.012191309291538, "metapath_priority": "None", "is_metapath_hard": false, "metapath_pairs": "" }, "geometry": { "type": "LineString", "coordinates": [ [ 9.1722569, 48.7514505 ], [ 9.1724046, 48.7516632 ] ] } },
{ "type": "Feature", "properties": { "segment_id": "S77", "corridor_id": "B 27", "highway": "primary", "length": 219.42601659934178, "metapath_priority": "None", "is_metapath_hard": false, "metapath_pairs": "" }, "geometry": { "type": "LineString", "coordinates": [ [ 9.1722569, 48.7514505 ], [ 9.1722321, 48.7514221 ], [ 9.1721822, 48.7513678 ], [ 9.1720912, 48.7512785 ], [ 9.1719696, 48.7511771 ], [ 9.1718853, 48.7511066 ], [ 9.1711338, 48.7504865 ], [ 9.1704203, 48.7498938 ] ] } },
{ "type": "Feature", "properties": { "segment_id": "S78", "corridor_id": "B 27", "highway": "primary", "length": 1206.6697900192326, "metapath_priority": "None", "is_metapath_hard": false, "metapath_pairs": "" }, "geometry": { "type": "LineString", "coordinates": [ [ 9.1721403, 48.752867 ], [ 9.1721249, 48.7530323 ], [ 9.1721262, 48.753149 ], [ 9.1721487, 48.753255 ], [ 9.1721889, 48.7533708 ], [ 9.1722629, 48.7534891 ], [ 9.1723594, 48.7536005 ], [ 9.1725355, 48.753746 ], [ 9.172654, 48.7538254 ], [ 9.1730668, 48.7540561 ], [ 9.1731203, 48.7540853 ], [ 9.1731471, 48.7541009 ], [ 9.1732245, 48.7541458 ], [ 9.1733421, 48.7542168 ], [ 9.1734247, 48.7542666 ], [ 9.1735686, 48.7543535 ], [ 9.1736078, 48.7543794 ], [ 9.1737599, 48.7544798 ], [ 9.1738672, 48.7545675 ], [ 9.1739152, 48.7546067 ], [ 9.1740484, 48.7547241 ], [ 9.1741665, 48.7548333 ], [ 9.1741962, 48.7548656 ], [ 9.1742652, 48.7549401 ], [ 9.1743226, 48.7550081 ], [ 9.1744126, 48.7551118 ], [ 9.1744195, 48.7551194 ], [ 9.1748236, 48.7555911 ], [ 9.1751076, 48.7559162 ], [ 9.1752054, 48.7560234 ], [ 9.1753048, 48.7561278 ], [ 9.1754926, 48.7562585 ], [ 9.1756733, 48.756341 ], [ 9.1758859, 48.7564122 ], [ 9.1761962, 48.7564962 ], [ 9.1767808, 48.7566444 ], [ 9.177501, 48.7568211 ], [ 9.1780148, 48.756957 ], [ 9.1785887, 48.7571061 ], [ 9.178843, 48.7571763 ], [ 9.1790058, 48.7572253 ], [ 9.1791083, 48.7572692 ], [ 9.1792066, 48.7573315 ], [ 9.1792816, 48.757398 ], [ 9.1793454, 48.7574782 ], [ 9.1793889, 48.7575614 ], [ 9.1794571, 48.7577333 ], [ 9.1794942, 48.7578244 ], [ 9.1795427, 48.757907 ], [ 9.1796135, 48.757996 ], [ 9.1797075, 48.7580746 ], [ 9.1798278, 48.7581517 ], [ 9.1799531, 48.7582055 ], [ 9.1800803, 48.758247 ], [ 9.1802667, 48.7582815 ], [ 9.1804652, 48.7582992 ], [ 9.1807312, 48.7583014 ], [ 9.1810515, 48.758322 ], [ 9.18126, 48.7583523 ], [ 9.1814187, 48.7583951 ], [ 9.1815851, 48.7584624 ], [ 9.1816891, 48.7585157 ], [ 9.1817641, 48.7585721 ], [ 9.1818148, 48.75862 ], [ 9.1819089, 48.7587364 ], [ 9.1819633, 48.758851 ], [ 9.1819834, 48.7589408 ], [ 9.1819788, 48.7590318 ], [ 9.1819642, 48.7591052 ], [ 9.181941, 48.7591607 ], [ 9.1818406, 48.7593381 ], [ 9.1818273, 48.7593618 ], [ 9.1816009, 48.7597385 ], [ 9.1814635, 48.7599715 ], [ 9.1813574, 48.7601528 ] ] } },
{ "type": "Feature", "properties": { "segment_id": "S79", "corridor_id": "B 27", "highway": "primary", "length": 108.42096788068588, "metapath_priority": "None", "is_metapath_hard": false, "metapath_pairs": "" }, "geometry": { "type": "LineString", "coordinates": [ [ 9.1721403, 48.752867 ], [ 9.17214, 48.752697 ], [ 9.1721455, 48.7526533 ], [ 9.1721887, 48.7523114 ], [ 9.1722152, 48.7521996 ], [ 9.1722784, 48.7518975 ] ] } },
{ "type": "Feature", "properties": { "segment_id": "S80", "corridor_id": "B 27", "highway": "primary", "length": 360.58210270893039, "metapath_priority": "None", "is_metapath_hard": false, "metapath_pairs": "" }, "geometry": { "type": "LineString", "coordinates": [ [ 9.1813574, 48.7601528 ], [ 9.1812915, 48.7603493 ], [ 9.1811275, 48.7606087 ], [ 9.1809708, 48.7607586 ], [ 9.1807865, 48.7608878 ], [ 9.1805656, 48.7610079 ], [ 9.180282, 48.7610945 ], [ 9.1800534, 48.7611642 ], [ 9.1799147, 48.7612362 ], [ 9.1798027, 48.7613257 ], [ 9.1797257, 48.7614146 ], [ 9.1796592, 48.7615178 ], [ 9.179609, 48.7616284 ], [ 9.1795936, 48.7617498 ], [ 9.1796064, 48.7618541 ], [ 9.1796407, 48.7619496 ], [ 9.1797083, 48.7620525 ], [ 9.1798009, 48.7621464 ], [ 9.1799383, 48.7622385 ], [ 9.1800852, 48.7623107 ], [ 9.1802409, 48.7624001 ], [ 9.1804001, 48.762553 ], [ 9.180455, 48.7627065 ] ] } },
{ "type": "Feature", "properties": { "segment_id": "S81", "corridor_id": "B 27", "highway": "primary", "length": 1206.6697900192326, "metapath_priority": "None", "is_metapath_hard": false, "metapath_pairs": "" }, "geometry": { "type": "LineString", "coordinates": [ [ 9.1813574, 48.7601528 ], [ 9.1814635, 48.7599715 ], [ 9.1816009, 48.7597385 ], [ 9.1818273, 48.7593618 ], [ 9.1818406, 48.7593381 ], [ 9.181941, 48.7591607 ], [ 9.1819642, 48.7591052 ], [ 9.1819788, 48.7590318 ], [ 9.1819834, 48.7589408 ], [ 9.1819633, 48.758851 ], [ 9.1819089, 48.7587364 ], [ 9.1818148, 48.75862 ], [ 9.1817641, 48.7585721 ], [ 9.1816891, 48.7585157 ], [ 9.1815851, 48.7584624 ], [ 9.1814187, 48.7583951 ], [ 9.18126, 48.7583523 ], [ 9.1810515, 48.758322 ], [ 9.1807312, 48.7583014 ], [ 9.1804652, 48.7582992 ], [ 9.1802667, 48.7582815 ], [ 9.1800803, 48.758247 ], [ 9.1799531, 48.7582055 ], [ 9.1798278, 48.7581517 ], [ 9.1797075, 48.7580746 ], [ 9.1796135, 48.757996 ], [ 9.1795427, 48.757907 ], [ 9.1794942, 48.7578244 ], [ 9.1794571, 48.7577333 ], [ 9.1793889, 48.7575614 ], [ 9.1793454, 48.7574782 ], [ 9.1792816, 48.757398 ], [ 9.1792066, 48.7573315 ], [ 9.1791083, 48.7572692 ], [ 9.1790058, 48.7572253 ], [ 9.178843, 48.7571763 ], [ 9.1785887, 48.7571061 ], [ 9.1780148, 48.756957 ], [ 9.177501, 48.7568211 ], [ 9.1767808, 48.7566444 ], [ 9.1761962, 48.7564962 ], [ 9.1758859, 48.7564122 ], [ 9.1756733, 48.756341 ], [ 9.1754926, 48.7562585 ], [ 9.1753048, 48.7561278 ], [ 9.1752054, 48.7560234 ], [ 9.1751076, 48.7559162 ], [ 9.1748236, 48.7555911 ], [ 9.1744195, 48.7551194 ], [ 9.1744126, 48.7551118 ], [ 9.1743226, 48.7550081 ], [ 9.1742652, 48.7549401 ], [ 9.1741962, 48.7548656 ], [ 9.1741665, 48.7548333 ], [ 9.1740484, 48.7547241 ], [ 9.1739152, 48.7546067 ], [ 9.1738672, 48.7545675 ], [ 9.1737599, 48.7544798 ], [ 9.1736078, 48.7543794 ], [ 9.1735686, 48.7543535 ], [ 9.1734247, 48.7542666 ], [ 9.1733421, 48.7542168 ], [ 9.1732245, 48.7541458 ], [ 9.1731471, 48.7541009 ], [ 9.1731203, 48.7540853 ], [ 9.1730668, 48.7540561 ], [ 9.172654, 48.7538254 ], [ 9.1725355, 48.753746 ], [ 9.1723594, 48.7536005 ], [ 9.1722629, 48.7534891 ], [ 9.1721889, 48.7533708 ], [ 9.1721487, 48.753255 ], [ 9.1721262, 48.753149 ], [ 9.1721249, 48.7530323 ], [ 9.1721403, 48.752867 ] ] } },
{ "type": "Feature", "properties": { "segment_id": "S82", "corridor_id": "B 27", "highway": "primary", "length": 746.72595530237118, "metapath_priority": "None", "is_metapath_hard": false, "metapath_pairs": "" }, "geometry": { "type": "LineString", "coordinates": [ [ 9.1793211, 48.7843342 ], [ 9.1794265, 48.7844218 ], [ 9.1795583, 48.7845478 ], [ 9.179658, 48.7846584 ], [ 9.1797027, 48.7847244 ], [ 9.1797554, 48.7848047 ], [ 9.1798113, 48.784882 ], [ 9.1798949, 48.7849997 ], [ 9.1799286, 48.7850888 ], [ 9.1799685, 48.7852119 ], [ 9.1799909, 48.7852796 ], [ 9.1800078, 48.7853426 ], [ 9.180109, 48.7856119 ], [ 9.1801799, 48.7857326 ], [ 9.1802168, 48.785796 ], [ 9.1802507, 48.7858792 ], [ 9.1802734, 48.7859385 ], [ 9.1803065, 48.7860217 ], [ 9.1803283, 48.7860838 ], [ 9.1803495, 48.7861692 ], [ 9.180414, 48.7864212 ], [ 9.1805506, 48.7869366 ], [ 9.1806153, 48.7872975 ], [ 9.1806459, 48.7874236 ], [ 9.1807429, 48.7878038 ], [ 9.1809638, 48.7886148 ], [ 9.1810285, 48.7888692 ], [ 9.1810712, 48.7890942 ], [ 9.1811089, 48.7893046 ], [ 9.1811957, 48.7901706 ], [ 9.1812046, 48.7902859 ], [ 9.1812167, 48.7903969 ], [ 9.1812331, 48.7905387 ], [ 9.1812346, 48.7905611 ], [ 9.1812707, 48.7907228 ], [ 9.1812807, 48.7907795 ], [ 9.1812906, 48.7908609 ] ] } },
{ "type": "Feature", "properties": { "segment_id": "S83", "corridor_id": "B 27", "highway": "primary", "length": 73.727869529810349, "metapath_priority": "None", "is_metapath_hard": false, "metapath_pairs": "" }, "geometry": { "type": "LineString", "coordinates": [ [ 9.1823868, 48.8102993 ], [ 9.18245, 48.8102577 ], [ 9.1825512, 48.8102016 ], [ 9.1826795, 48.8101448 ], [ 9.182855, 48.8100683 ], [ 9.1830434, 48.8099761 ], [ 9.1831832, 48.8098959 ] ] } },
{ "type": "Feature", "properties": { "segment_id": "S84", "corridor_id": "Pragsattel", "highway": "primary_link", "length": 36.651691728357079, "metapath_priority": "None", "is_metapath_hard": false, "metapath_pairs": "" }, "geometry": { "type": "LineString", "coordinates": [ [ 9.1831832, 48.8098959 ], [ 9.1834655, 48.8098427 ], [ 9.1835413, 48.8098334 ], [ 9.1835747, 48.8098402 ], [ 9.1835792, 48.8098411 ], [ 9.1836395, 48.8098852 ] ] } },
{ "type": "Feature", "properties": { "segment_id": "S85", "corridor_id": "B 27", "highway": "primary", "length": 211.4537501343294, "metapath_priority": "None", "is_metapath_hard": false, "metapath_pairs": "" }, "geometry": { "type": "LineString", "coordinates": [ [ 9.1831832, 48.8098959 ], [ 9.1834292, 48.8097316 ], [ 9.1835427, 48.809659 ], [ 9.183574, 48.809639 ], [ 9.1836067, 48.8096181 ], [ 9.183794, 48.8094983 ], [ 9.1840294, 48.8093063 ], [ 9.1842722, 48.8091481 ], [ 9.1843398, 48.8090852 ], [ 9.1843792, 48.8090378 ], [ 9.1844154, 48.8089904 ], [ 9.1844537, 48.8089148 ], [ 9.1844865, 48.8088327 ], [ 9.1845756, 48.8085255 ], [ 9.1846177, 48.8084274 ], [ 9.1846781, 48.8083347 ] ] } },
{ "type": "Feature", "properties": { "segment_id": "S86", "corridor_id": "B 27", "highway": "primary", "length": 1984.3330961608681, "metapath_priority": "None", "is_metapath_hard": false, "metapath_pairs": "" }, "geometry": { "type": "LineString", "coordinates": [ [ 9.1846781, 48.8083347 ], [ 9.1849431, 48.807904 ], [ 9.1850992, 48.8075109 ], [ 9.1851403, 48.8073288 ], [ 9.1851668, 48.8071518 ], [ 9.1851844, 48.8069163 ], [ 9.1851675, 48.8066822 ], [ 9.1851358, 48.806562 ], [ 9.1850831, 48.8064307 ], [ 9.1849421, 48.8061631 ], [ 9.1846498, 48.8057848 ], [ 9.1845771, 48.8057138 ], [ 9.1844633, 48.8055939 ], [ 9.1836904, 48.8048993 ], [ 9.183542, 48.804718 ], [ 9.1834491, 48.8045536 ], [ 9.1833977, 48.8043211 ], [ 9.1832291, 48.8031222 ], [ 9.183068, 48.8018696 ], [ 9.1829273, 48.8009884 ], [ 9.1828737, 48.800711 ], [ 9.182715, 48.7998377 ], [ 9.1825537, 48.7990813 ], [ 9.1825338, 48.7989722 ], [ 9.1824701, 48.7985123 ], [ 9.1824678, 48.7984959 ], [ 9.182453, 48.7983894 ], [ 9.1824469, 48.7983099 ], [ 9.182405, 48.7979741 ], [ 9.1823938, 48.7978284 ], [ 9.1824031, 48.7977155 ], [ 9.1824555, 48.7973889 ], [ 9.1824424, 48.7971855 ], [ 9.1824238, 48.7970178 ], [ 9.1823575, 48.7965974 ], [ 9.1823527, 48.7965694 ], [ 9.1822166, 48.7957114 ], [ 9.182115, 48.7950118 ], [ 9.1820806, 48.7945771 ], [ 9.1820662, 48.7943705 ], [ 9.1820483, 48.7942398 ], [ 9.1820265, 48.7941568 ], [ 9.1820091, 48.7940909 ], [ 9.1819887, 48.79403 ], [ 9.1819518, 48.7939345 ], [ 9.1819354, 48.7938967 ], [ 9.1818982, 48.7938109 ], [ 9.1818546, 48.7937269 ], [ 9.1817988, 48.7936167 ], [ 9.181752, 48.7935294 ], [ 9.1817023, 48.7934353 ], [ 9.1816922, 48.7934138 ], [ 9.1816529, 48.7933447 ], [ 9.1815917, 48.7932279 ], [ 9.1814585, 48.7929858 ], [ 9.181419, 48.792914 ], [ 9.1813845, 48.7928582 ], [ 9.1812628, 48.7925909 ], [ 9.1812398, 48.7925383 ], [ 9.1812311, 48.7924966 ], [ 9.1812162, 48.7924287 ], [ 9.1811932, 48.792241 ], [ 9.1811898, 48.7922155 ], [ 9.1811284, 48.7915875 ], [ 9.1810641, 48.7909867 ] ] } },
{ "type": "Feature", "properties": { "segment_id": "S87", "corridor_id": "Willy-Brandt-Straße", "highway": "primary_link", "length": 345.85923898666988, "metapath_priority": "None", "is_metapath_hard": false, "metapath_pairs": "" }, "geometry": { "type": "LineString", "coordinates": [ [ 9.1870201, 48.7815758 ], [ 9.1871534, 48.7817312 ], [ 9.1872667, 48.7818797 ], [ 9.1873126, 48.7819437 ], [ 9.1874616, 48.7821597 ], [ 9.1876499, 48.7823996 ], [ 9.1877177, 48.7824997 ], [ 9.18776, 48.7825594 ], [ 9.1878766, 48.7827313 ], [ 9.1879163, 48.7827898 ], [ 9.1879913, 48.7829074 ], [ 9.1880554, 48.783016 ], [ 9.1881674, 48.7831733 ], [ 9.1886354, 48.7838456 ], [ 9.1889812, 48.784403 ] ] } },
{ "type": "Feature", "properties": { "segment_id": "S88", "corridor_id": "B 10;B 14", "highway": "trunk", "length": 354.03408266421138, "metapath_priority": "None", "is_metapath_hard": false, "metapath_pairs": "" }, "geometry": { "type": "LineString", "coordinates": [ [ 9.2247859, 48.7876834 ], [ 9.2272178, 48.7864588 ], [ 9.2286385, 48.7857615 ] ] } },
{ "type": "Feature", "properties": { "segment_id": "S89", "corridor_id": "B 10", "highway": "trunk_link", "length": 223.3498648083405, "metapath_priority": "None", "is_metapath_hard": false, "metapath_pairs": "" }, "geometry": { "type": "LineString", "coordinates": [ [ 9.2494669, 48.7713378 ], [ 9.2494606, 48.7712386 ], [ 9.2498898, 48.7705445 ], [ 9.2501254, 48.7701457 ], [ 9.2504943, 48.7695993 ], [ 9.2505278, 48.7695454 ], [ 9.250548, 48.769513 ], [ 9.2505713, 48.7694755 ] ] } },
{ "type": "Feature", "properties": { "segment_id": "S90", "corridor_id": "B 10", "highway": "trunk", "length": 455.57886246654124, "metapath_priority": "None", "is_metapath_hard": false, "metapath_pairs": "" }, "geometry": { "type": "LineString", "coordinates": [ [ 9.2494669, 48.7713378 ], [ 9.2500401, 48.770622 ], [ 9.2510169, 48.7693545 ], [ 9.2514011, 48.7688564 ], [ 9.2518939, 48.7681799 ], [ 9.2522514, 48.7676753 ] ] } },
{ "type": "Feature", "properties": { "segment_id": "S91", "corridor_id": "B 10", "highway": "trunk", "length": 1067.5296780831384, "metapath_priority": "None", "is_metapath_hard": false, "metapath_pairs": "" }, "geometry": { "type": "LineString", "coordinates": [ [ 9.2650255, 48.7484555 ], [ 9.265078, 48.748334 ], [ 9.2651624, 48.7481359 ], [ 9.2652786, 48.7478444 ], [ 9.2653929, 48.7475335 ], [ 9.2655042, 48.7472184 ], [ 9.2655535, 48.7470778 ], [ 9.2656702, 48.7467478 ], [ 9.2657388, 48.7465611 ], [ 9.2657969, 48.7464058 ], [ 9.2658559, 48.7462556 ], [ 9.2659192, 48.7461002 ], [ 9.2659998, 48.7459149 ], [ 9.2660554, 48.7457942 ], [ 9.2661336, 48.7456333 ], [ 9.2662195, 48.7454694 ], [ 9.2663066, 48.7453102 ], [ 9.266384, 48.7451783 ], [ 9.2664777, 48.7450258 ], [ 9.2665741, 48.744878 ], [ 9.2666797, 48.7447282 ], [ 9.266788, 48.7445842 ], [ 9.2668966, 48.7444487 ], [ 9.2670217, 48.7442999 ], [ 9.2671385, 48.7441672 ], [ 9.2672742, 48.7440216 ], [ 9.2674089, 48.7438831 ], [ 9.2675114, 48.7437848 ], [ 9.2676515, 48.7436545 ], [ 9.2678205, 48.7435085 ], [ 9.2680107, 48.7433477 ], [ 9.268188, 48.7432106 ], [ 9.268408, 48.7430471 ], [ 9.2685953, 48.7429156 ], [ 9.2688508, 48.7427451 ], [ 9.269162, 48.7425496 ], [ 9.2693855, 48.7424123 ], [ 9.2697313, 48.7422193 ], [ 9.2699829, 48.7420834 ], [ 9.2703257, 48.7419119 ], [ 9.2706689, 48.7417499 ], [ 9.271027, 48.7415917 ], [ 9.2713236, 48.741469 ], [ 9.2716354, 48.741346 ], [ 9.2719069, 48.7412467 ], [ 9.2721746, 48.7411508 ], [ 9.2725375, 48.7410313 ], [ 9.2728978, 48.7409182 ] ] } },
{ "type": "Feature", "properties": { "segment_id": "S92", "corridor_id": "B 10", "highway": "trunk", "length": 409.94556631377441, "metapath_priority": "None", "is_metapath_hard": false, "metapath_pairs": "" }, "geometry": { "type": "LineString", "coordinates": [ [ 9.2728978, 48.7409182 ], [ 9.2734947, 48.7407574 ], [ 9.2738204, 48.740676 ], [ 9.274124, 48.7406065 ], [ 9.2743966, 48.7405495 ], [ 9.2747496, 48.7404827 ], [ 9.275066, 48.7404362 ], [ 9.2753372, 48.7404037 ], [ 9.2756071, 48.7403777 ], [ 9.2758105, 48.740363 ], [ 9.2761436, 48.7403477 ], [ 9.2764268, 48.7403394 ], [ 9.2767031, 48.7403344 ], [ 9.276969, 48.7403357 ], [ 9.2772516, 48.7403435 ], [ 9.2775359, 48.7403556 ], [ 9.277949, 48.7403785 ], [ 9.2783507, 48.7404041 ] ] } },
{ "type": "Feature", "properties": { "segment_id": "S93", "corridor_id": "segment_93", "highway": "trunk_link", "length": 208.41956755054477, "metapath_priority": "None", "is_metapath_hard": false, "metapath_pairs": "" }, "geometry": { "type": "LineString", "coordinates": [ [ 9.2728978, 48.7409182 ], [ 9.2730383, 48.7408315 ], [ 9.2730866, 48.7408078 ], [ 9.27339, 48.7406938 ], [ 9.273689, 48.7405896 ], [ 9.2740281, 48.7404829 ], [ 9.2743265, 48.7403952 ], [ 9.2745255, 48.7403434 ], [ 9.2746712, 48.7403102 ], [ 9.2748219, 48.7402786 ], [ 9.274937, 48.7402577 ], [ 9.2750916, 48.7402321 ], [ 9.2752007, 48.7402169 ], [ 9.275292, 48.7402078 ], [ 9.275339, 48.7402048 ], [ 9.2753783, 48.740204 ], [ 9.2754155, 48.7402067 ], [ 9.2754801, 48.7402184 ] ] } },
{ "type": "Feature", "properties": { "segment_id": "S94", "corridor_id": "B 10", "highway": "trunk", "length": 283.10611598880087, "metapath_priority": "None", "is_metapath_hard": false, "metapath_pairs": "" }, "geometry": { "type": "LineString", "coordinates": [ [ 9.2944581, 48.7385532 ], [ 9.2951351, 48.7384333 ], [ 9.2954818, 48.7383686 ], [ 9.2958144, 48.7383067 ], [ 9.2961149, 48.7382457 ], [ 9.2964927, 48.738169 ], [ 9.2968947, 48.738085 ], [ 9.2972989, 48.7379933 ], [ 9.2976735, 48.7379085 ], [ 9.2981394, 48.7377911 ] ] } },
{ "type": "Feature", "properties": { "segment_id": "S95", "corridor_id": "segment_95", "highway": "trunk_link", "length": 142.61220990930195, "metapath_priority": "None", "is_metapath_hard": false, "metapath_pairs": "" }, "geometry": { "type": "LineString", "coordinates": [ [ 9.2944581, 48.7385532 ], [ 9.2948509, 48.7384274 ], [ 9.2949524, 48.7383914 ], [ 9.2950385, 48.7383557 ], [ 9.2951239, 48.7383129 ], [ 9.2951946, 48.7382729 ], [ 9.2952607, 48.73823 ], [ 9.2953145, 48.7381902 ], [ 9.2953752, 48.73814 ], [ 9.2954472, 48.7380753 ], [ 9.2955238, 48.7379995 ], [ 9.2956536, 48.7378726 ], [ 9.2957009, 48.7378326 ], [ 9.2958667, 48.7377084 ] ] } },
{ "type": "Feature", "properties": { "segment_id": "S96", "corridor_id": "B 10", "highway": "trunk", "length": 1021.1767629175116, "metapath_priority": "None", "is_metapath_hard": false, "metapath_pairs": "" }, "geometry": { "type": "LineString", "coordinates": [ [ 9.3094698, 48.7329651 ], [ 9.3098676, 48.7327247 ], [ 9.3102802, 48.7324934 ], [ 9.3106055, 48.7323138 ], [ 9.3121303, 48.7315142 ], [ 9.3131134, 48.7310026 ], [ 9.3134721, 48.7308113 ], [ 9.3138628, 48.730603 ], [ 9.3142341, 48.7303965 ], [ 9.3146052, 48.7301836 ], [ 9.3149632, 48.7299673 ], [ 9.3153059, 48.7297434 ], [ 9.3156489, 48.7295089 ], [ 9.3159813, 48.7292657 ], [ 9.3163027, 48.729023 ], [ 9.3166172, 48.7287876 ], [ 9.3171257, 48.7284215 ], [ 9.3174611, 48.7282039 ], [ 9.317909, 48.7279408 ], [ 9.318213, 48.7277815 ], [ 9.3185312, 48.7276275 ], [ 9.3188208, 48.7274969 ], [ 9.3191085, 48.7273801 ], [ 9.319469, 48.7272413 ], [ 9.3197969, 48.7271293 ], [ 9.3200428, 48.7270516 ] ] } },
{ "type": "Feature", "properties": { "segment_id": "S97", "corridor_id": "B 10", "highway": "trunk", "length": 296.96644330297579, "metapath_priority": "None", "is_metapath_hard": false, "metapath_pairs": "" }, "geometry": { "type": "LineString", "coordinates": [ [ 9.3200428, 48.7270516 ], [ 9.3205345, 48.7269061 ], [ 9.3210487, 48.7267622 ], [ 9.3220689, 48.7264754 ], [ 9.3230771, 48.7261845 ], [ 9.3237537, 48.725984 ] ] } },
{ "type": "Feature", "properties": { "segment_id": "S98", "corridor_id": "segment_98", "highway": "trunk_link", "length": 164.55684246172248, "metapath_priority": "None", "is_metapath_hard": false, "metapath_pairs": "" }, "geometry": { "type": "LineString", "coordinates": [ [ 9.3200428, 48.7270516 ], [ 9.3202868, 48.7269153 ], [ 9.3203767, 48.726873 ], [ 9.3207112, 48.7267566 ], [ 9.3209186, 48.7266792 ], [ 9.3210914, 48.7266096 ], [ 9.3212033, 48.7265532 ], [ 9.3212994, 48.7264996 ], [ 9.3213978, 48.7264391 ], [ 9.3214546, 48.7263952 ], [ 9.3215006, 48.7263491 ], [ 9.3215326, 48.726305 ], [ 9.3215489, 48.7262632 ], [ 9.3215559, 48.7262184 ], [ 9.3215555, 48.7261786 ], [ 9.3215482, 48.7261363 ], [ 9.3215326, 48.7260783 ] ] } },
{ "type": "Feature", "properties": { "segment_id": "S99", "corridor_id": "segment_99", "highway": "trunk_link", "length": 39.417214857825343, "metapath_priority": "None", "is_metapath_hard": false, "metapath_pairs": "" }, "geometry": { "type": "LineString", "coordinates": [ [ 9.3215326, 48.7260783 ], [ 9.3215012, 48.7260354 ], [ 9.3214044, 48.7259421 ], [ 9.3213542, 48.7259059 ], [ 9.3212739, 48.7258712 ], [ 9.3212159, 48.7258612 ], [ 9.3211526, 48.7258583 ] ] } },
{ "type": "Feature", "properties": { "segment_id": "S100", "corridor_id": "segment_100", "highway": "trunk_link", "length": 34.513715266094287, "metapath_priority": "None", "is_metapath_hard": false, "metapath_pairs": "" }, "geometry": { "type": "LineString", "coordinates": [ [ 9.3215326, 48.7260783 ], [ 9.3215008, 48.7259593 ], [ 9.3214604, 48.7258751 ], [ 9.3214492, 48.725843 ], [ 9.3214486, 48.7258227 ], [ 9.3214743, 48.7257778 ] ] } },
{ "type": "Feature", "properties": { "segment_id": "S101", "corridor_id": "segment_101", "highway": "trunk_link", "length": 8.7462200037816142, "metapath_priority": "None", "is_metapath_hard": false, "metapath_pairs": "" }, "geometry": { "type": "LineString", "coordinates": [ [ 9.3214743, 48.7257778 ], [ 9.3214299, 48.7257048 ] ] } },
{ "type": "Feature", "properties": { "segment_id": "S102", "corridor_id": "segment_102", "highway": "trunk_link", "length": 32.313572104292476, "metapath_priority": "None", "is_metapath_hard": false, "metapath_pairs": "" }, "geometry": { "type": "LineString", "coordinates": [ [ 9.3214743, 48.7257778 ], [ 9.3215511, 48.7258083 ], [ 9.3215762, 48.7258266 ], [ 9.3215921, 48.7258518 ], [ 9.3216699, 48.7260238 ] ] } },
{ "type": "Feature", "properties": { "segment_id": "S103", "corridor_id": "B 27", "highway": "trunk_link", "length": 310.66636329575823, "metapath_priority": "None", "is_metapath_hard": false, "metapath_pairs": "" }, "geometry": { "type": "LineString", "coordinates": [ [ 9.1646356, 48.725746 ], [ 9.1644413, 48.7258079 ], [ 9.1643065, 48.7258855 ], [ 9.1642193, 48.7259947 ], [ 9.164183, 48.7261169 ], [ 9.1642145, 48.7262439 ], [ 9.164289, 48.7263375 ], [ 9.1643921, 48.7264055 ], [ 9.1644953, 48.7264507 ], [ 9.1646269, 48.7264773 ], [ 9.164744, 48.7264839 ], [ 9.1649029, 48.7264679 ], [ 9.1650324, 48.7264356 ], [ 9.1651229, 48.726393 ], [ 9.1652083, 48.7263333 ], [ 9.1652576, 48.7262802 ], [ 9.1652924, 48.7262286 ], [ 9.1653092, 48.7261684 ], [ 9.1653118, 48.7260873 ], [ 9.1652797, 48.7259736 ], [ 9.1651313, 48.7256813 ], [ 9.1650063, 48.725431 ], [ 9.1648224, 48.725046 ] ] } },
{ "type": "Feature", "properties": { "segment_id": "S104", "corridor_id": "A 8", "highway": "motorway_link", "length": 321.57509776738073, "metapath_priority": "None", "is_metapath_hard": false, "metapath_pairs": "" }, "geometry": { "type": "LineString", "coordinates": [ [ 9.0749632, 48.72288 ], [ 9.0748116, 48.7230676 ], [ 9.0743819, 48.723356 ], [ 9.0741485, 48.7235012 ], [ 9.0738663, 48.7237131 ], [ 9.0733699, 48.724039 ], [ 9.0731017, 48.7242106 ], [ 9.0728531, 48.7243669 ], [ 9.0723594, 48.7246611 ], [ 9.0721168, 48.7248102 ], [ 9.0718993, 48.7249327 ] ] } },
{ "type": "Feature", "properties": { "segment_id": "S105", "corridor_id": "A 8", "highway": "motorway", "length": 957.66942713964522, "metapath_priority": "None", "is_metapath_hard": false, "metapath_pairs": "" }, "geometry": { "type": "LineString", "coordinates": [ [ 9.0749632, 48.72288 ], [ 9.0743415, 48.7232658 ], [ 9.0740618, 48.723438 ], [ 9.0728146, 48.724237 ], [ 9.0723468, 48.7245209 ], [ 9.07205, 48.7246924 ], [ 9.0718223, 48.7248271 ], [ 9.0715605, 48.7249603 ], [ 9.0712852, 48.7251012 ], [ 9.0710773, 48.7252029 ], [ 9.0708309, 48.7253169 ], [ 9.0705686, 48.7254378 ], [ 9.0702092, 48.7255948 ], [ 9.0698524, 48.7257344 ], [ 9.0693005, 48.7259317 ], [ 9.0687413, 48.726127 ], [ 9.0682122, 48.7262743 ], [ 9.0677551, 48.7263971 ], [ 9.0672505, 48.7265116 ], [ 9.0668155, 48.7265927 ], [ 9.0664077, 48.7266656 ], [ 9.0659363, 48.7267436 ], [ 9.0642532, 48.7270297 ], [ 9.0638856, 48.7270928 ] ] } },
{ "type": "Feature", "properties": { "segment_id": "S106", "corridor_id": "A 81", "highway": "motorway", "length": 289.63380966119303, "metapath_priority": "None", "is_metapath_hard": false, "metapath_pairs": "" }, "geometry": { "type": "LineString", "coordinates": [ [ 9.2325478, 48.9907503 ], [ 9.2325892, 48.9908836 ], [ 9.2326596, 48.9911987 ], [ 9.2326828, 48.9913272 ], [ 9.2327253, 48.9915296 ], [ 9.2327791, 48.9918408 ], [ 9.2328213, 48.9921733 ], [ 9.2328515, 48.992491 ], [ 9.2328719, 48.9928081 ], [ 9.2328888, 48.9931374 ], [ 9.232902, 48.9933417 ] ] } },
{ "type": "Feature", "properties": { "segment_id": "S107", "corridor_id": "segment_107", "highway": "motorway_link", "length": 75.266459985534411, "metapath_priority": "None", "is_metapath_hard": false, "metapath_pairs": "" }, "geometry": { "type": "LineString", "coordinates": [ [ 9.2325478, 48.9907503 ], [ 9.232803, 48.9911016 ], [ 9.2328724, 48.9912233 ], [ 9.2329339, 48.9913227 ], [ 9.2329628, 48.9913695 ] ] } },
{ "type": "Feature", "properties": { "segment_id": "S108", "corridor_id": "A 81", "highway": "motorway", "length": 291.85790199341955, "metapath_priority": "None", "is_metapath_hard": false, "metapath_pairs": "" }, "geometry": { "type": "LineString", "coordinates": [ [ 9.2325665, 48.9918849 ], [ 9.2325469, 48.9917743 ], [ 9.2325116, 48.9915572 ], [ 9.232471, 48.9913393 ], [ 9.2324261, 48.9911277 ], [ 9.2323587, 48.9908705 ], [ 9.2322648, 48.9905295 ], [ 9.2321439, 48.9901663 ], [ 9.232012, 48.9898077 ], [ 9.2319002, 48.9895298 ], [ 9.2318132, 48.9893108 ] ] } },
{ "type": "Feature", "properties": { "segment_id": "S109", "corridor_id": "segment_109", "highway": "motorway_link", "length": 67.031090688763257, "metapath_priority": "None", "is_metapath_hard": false, "metapath_pairs": "" }, "geometry": { "type": "LineString", "coordinates": [ [ 9.2325665, 48.9918849 ], [ 9.232437, 48.9916705 ], [ 9.23234, 48.9914893 ], [ 9.2322409, 48.9913213 ] ] } },
{ "type": "Feature", "properties": { "segment_id": "S110", "corridor_id": "A 81", "highway": "motorway", "length": 153.50551634890923, "metapath_priority": "None", "is_metapath_hard": false, "metapath_pairs": "" }, "geometry": { "type": "LineString", "coordinates": [ [ 9.2195681, 48.9613278 ], [ 9.2190919, 48.9607786 ], [ 9.2185183, 48.9601317 ] ] } },
{ "type": "Feature", "properties": { "segment_id": "S111", "corridor_id": "segment_111", "highway": "motorway_link", "length": 437.05744702811711, "metapath_priority": "None", "is_metapath_hard": false, "metapath_pairs": "" }, "geometry": { "type": "LineString", "coordinates": [ [ 9.2195681, 48.9613278 ], [ 9.2191812, 48.9611087 ], [ 9.2190479, 48.9610358 ], [ 9.2188978, 48.9609621 ], [ 9.2187838, 48.9609207 ], [ 9.2186197, 48.9608802 ], [ 9.2184334, 48.9608551 ], [ 9.2182421, 48.960847 ], [ 9.2178373, 48.9608454 ], [ 9.2176139, 48.960834 ], [ 9.217335, 48.960813 ], [ 9.2170783, 48.9607814 ], [ 9.2168019, 48.960736 ], [ 9.216528, 48.9606752 ], [ 9.2162453, 48.960595 ], [ 9.2159529, 48.960497 ], [ 9.2156764, 48.9603819 ], [ 9.2154099, 48.9602579 ], [ 9.2152458, 48.960164 ], [ 9.2150767, 48.960074 ], [ 9.2149495, 48.9600011 ], [ 9.2148284, 48.9599196 ], [ 9.2147324, 48.9598528 ], [ 9.2146188, 48.9597459 ], [ 9.2145135, 48.9595784 ] ] } },
{ "type": "Feature", "properties": { "segment_id": "S112", "corridor_id": "A 81", "highway": "motorway", "length": 3871.8017824886406, "metapath_priority": "None", "is_metapath_hard": false, "metapath_pairs": "" }, "geometry": { "type": "LineString", "coordinates": [ [ 9.1560467, 48.9186298 ], [ 9.1558117, 48.918234 ], [ 9.1556346, 48.9178938 ], [ 9.1553798, 48.9173792 ], [ 9.1551428, 48.9168169 ], [ 9.1549387, 48.9162259 ], [ 9.1548267, 48.915839 ], [ 9.1546418, 48.9151761 ], [ 9.1545368, 48.9146565 ], [ 9.1544415, 48.9140087 ], [ 9.1543925, 48.9134753 ], [ 9.154368, 48.9127266 ], [ 9.1543725, 48.9114516 ], [ 9.1543795, 48.9104236 ], [ 9.1543847, 48.9098858 ], [ 9.1543917, 48.9093339 ], [ 9.1543982, 48.9089065 ], [ 9.1543891, 48.9083065 ], [ 9.1543964, 48.9080577 ], [ 9.1543942, 48.9076064 ], [ 9.1543921, 48.907237 ], [ 9.1543911, 48.9068809 ], [ 9.1543849, 48.9065864 ], [ 9.1543847, 48.9061047 ], [ 9.1543841, 48.9058345 ], [ 9.1543856, 48.9055872 ], [ 9.1543867, 48.9050445 ], [ 9.1543911, 48.9044961 ], [ 9.1543894, 48.9041781 ], [ 9.1543819, 48.9038318 ], [ 9.1543779, 48.9037313 ], [ 9.154366, 48.9035699 ], [ 9.1543431, 48.9033296 ], [ 9.1543297, 48.9031899 ], [ 9.1542918, 48.9029362 ], [ 9.1542701, 48.9028223 ], [ 9.1541961, 48.9023297 ], [ 9.1540717, 48.901829 ], [ 9.1538654, 48.9011864 ], [ 9.1536155, 48.9005643 ], [ 9.1533816, 48.9000674 ], [ 9.1531271, 48.8995778 ], [ 9.1526873, 48.8987381 ], [ 9.1519041, 48.8972503 ], [ 9.1518539, 48.8971548 ], [ 9.1517988, 48.8970501 ], [ 9.1517473, 48.8969523 ], [ 9.1515134, 48.8965073 ], [ 9.1513592, 48.896206 ], [ 9.1511285, 48.8958002 ], [ 9.1509166, 48.895377 ], [ 9.1504461, 48.8944827 ], [ 9.1499622, 48.8935568 ], [ 9.1496558, 48.8929756 ], [ 9.1493505, 48.8923968 ], [ 9.149251, 48.8922081 ], [ 9.1487866, 48.8913635 ], [ 9.1485578, 48.8909388 ], [ 9.1475324, 48.8889345 ], [ 9.1471062, 48.888123 ], [ 9.1466529, 48.8872515 ], [ 9.1464699, 48.8868827 ], [ 9.1462758, 48.8865158 ], [ 9.1458942, 48.885781 ], [ 9.1457829, 48.8855725 ], [ 9.1454296, 48.8848948 ] ] } },
{ "type": "Feature", "properties": { "segment_id": "S113", "corridor_id": "segment_113", "highway": "motorway_link", "length": 210.662725797191, "metapath_priority": "None", "is_metapath_hard": false, "metapath_pairs": "" }, "geometry": { "type": "LineString", "coordinates": [ [ 9.1234884, 48.8553697 ], [ 9.1231235, 48.8550486 ], [ 9.1230211, 48.8549003 ], [ 9.1228497, 48.8546581 ], [ 9.1226135, 48.8543097 ], [ 9.1224905, 48.8541337 ], [ 9.1222019, 48.8536838 ] ] } },
{ "type": "Feature", "properties": { "segment_id": "S114", "corridor_id": "A 81", "highway": "motorway", "length": 1100.519633227897, "metapath_priority": "None", "is_metapath_hard": false, "metapath_pairs": "" }, "geometry": { "type": "LineString", "coordinates": [ [ 9.1234884, 48.8553697 ], [ 9.1227806, 48.8542654 ], [ 9.1222358, 48.8534028 ], [ 9.1220359, 48.8530856 ], [ 9.1219005, 48.85288 ], [ 9.1216931, 48.8525574 ], [ 9.1214858, 48.8522347 ], [ 9.1209576, 48.8514015 ], [ 9.120552, 48.8507762 ], [ 9.1202624, 48.8503233 ], [ 9.1200732, 48.8500433 ], [ 9.1199045, 48.849802 ], [ 9.1195434, 48.8493196 ], [ 9.1191893, 48.8488784 ], [ 9.1188303, 48.8484554 ], [ 9.118588, 48.8481882 ], [ 9.1183455, 48.8479273 ], [ 9.1181765, 48.847752 ], [ 9.118082, 48.8476559 ], [ 9.117784, 48.8473609 ], [ 9.1168438, 48.84653 ] ] } },
{ "type": "Feature", "properties": { "segment_id": "S115", "corridor_id": "A 81", "highway": "motorway", "length": 4011.1647722833322, "metapath_priority": "None", "is_metapath_hard": false, "metapath_pairs": "" }, "geometry": { "type": "LineString", "coordinates": [ [ 9.1168438, 48.84653 ], [ 9.1165522, 48.8462881 ], [ 9.115684, 48.8456253 ], [ 9.1150419, 48.8451226 ], [ 9.1146695, 48.844868 ], [ 9.1145141, 48.8447636 ], [ 9.1140218, 48.844448 ], [ 9.1135161, 48.8441386 ], [ 9.1133282, 48.8440301 ], [ 9.1130024, 48.8438376 ], [ 9.1126749, 48.843658 ], [ 9.1124154, 48.8435192 ], [ 9.1118686, 48.843235 ], [ 9.1112695, 48.8429423 ], [ 9.1107606, 48.8427057 ], [ 9.1102311, 48.8424743 ], [ 9.1089179, 48.8419123 ], [ 9.1081629, 48.8415875 ], [ 9.1073373, 48.8412338 ], [ 9.1066535, 48.8409414 ], [ 9.1059453, 48.8406355 ], [ 9.1052299, 48.8403301 ], [ 9.1044723, 48.8400053 ], [ 9.1030426, 48.839391 ], [ 9.1016336, 48.8387869 ], [ 9.1013186, 48.8386504 ], [ 9.1012856, 48.8386371 ], [ 9.1008418, 48.8384474 ], [ 9.1002933, 48.8382121 ], [ 9.0985536, 48.8374652 ], [ 9.0977783, 48.8371314 ], [ 9.0974261, 48.8369793 ], [ 9.0970752, 48.8368292 ], [ 9.096956, 48.8367782 ], [ 9.0965141, 48.8365877 ], [ 9.0960708, 48.8363977 ], [ 9.0954663, 48.8361376 ], [ 9.0941777, 48.8355842 ], [ 9.0939007, 48.8354652 ], [ 9.0937665, 48.8354104 ], [ 9.0930346, 48.8350948 ], [ 9.092588, 48.8349041 ], [ 9.0922519, 48.8347568 ], [ 9.0919024, 48.8345983 ], [ 9.091539, 48.8344288 ], [ 9.0911335, 48.8342306 ], [ 9.0908828, 48.8341048 ], [ 9.0906686, 48.8339951 ], [ 9.0904221, 48.8338664 ], [ 9.0902026, 48.8337488 ], [ 9.0899585, 48.8336143 ], [ 9.0895866, 48.8334025 ], [ 9.0891822, 48.833168 ], [ 9.088867, 48.8329743 ], [ 9.0885794, 48.8327934 ], [ 9.0882893, 48.8326078 ], [ 9.0880865, 48.8324724 ], [ 9.0874867, 48.8320584 ], [ 9.0871236, 48.831795 ], [ 9.0867392, 48.8315058 ], [ 9.0864363, 48.8312648 ], [ 9.0861602, 48.8310407 ], [ 9.0858417, 48.8307727 ], [ 9.085741, 48.830683 ], [ 9.085407, 48.8303853 ], [ 9.0850798, 48.8300823 ], [ 9.084894, 48.8298995 ], [ 9.084558, 48.829568 ], [ 9.0842096, 48.8292033 ], [ 9.0839449, 48.82892 ], [ 9.0836423, 48.828584 ], [ 9.0833253, 48.8282332 ], [ 9.0830259, 48.8278963 ], [ 9.0826936, 48.8275252 ], [ 9.0823923, 48.8271898 ], [ 9.0816546, 48.8263687 ], [ 9.0813061, 48.8259778 ], [ 9.08063, 48.8252193 ], [ 9.0799387, 48.8244452 ], [ 9.0791704, 48.8236149 ], [ 9.0789271, 48.8233494 ], [ 9.0784385, 48.8228089 ], [ 9.0778171, 48.8221235 ] ] } },
{ "type": "Feature", "properties": { "segment_id": "S116", "corridor_id": "B 27a", "highway": "primary_link", "length": 220.19807162038111, "metapath_priority": "None", "is_metapath_hard": false, "metapath_pairs": "" }, "geometry": { "type": "LineString", "coordinates": [ [ 9.1743213, 48.7694031 ], [ 9.1744357, 48.7694635 ], [ 9.1747484, 48.7696551 ], [ 9.1750204, 48.7698092 ], [ 9.1752809, 48.7699662 ], [ 9.1753598, 48.7700077 ], [ 9.1754523, 48.7700574 ], [ 9.1759038, 48.7703012 ], [ 9.1759522, 48.7703271 ], [ 9.1759962, 48.7703937 ], [ 9.1761312, 48.7704813 ], [ 9.1762959, 48.7705899 ], [ 9.1764905, 48.7707577 ] ] } },
{ "type": "Feature", "properties": { "segment_id": "S117", "corridor_id": "B 27a", "highway": "primary", "length": 43.755953043147748, "metapath_priority": "None", "is_metapath_hard": false, "metapath_pairs": "" }, "geometry": { "type": "LineString", "coordinates": [ [ 9.1743213, 48.7694031 ], [ 9.1742706, 48.7694343 ], [ 9.174228, 48.7694606 ], [ 9.1740835, 48.7695518 ], [ 9.1739768, 48.7696208 ], [ 9.1739409, 48.7696415 ], [ 9.1738867, 48.7696728 ] ] } },
{ "type": "Feature", "properties": { "segment_id": "S118", "corridor_id": "B 27", "highway": "primary", "length": 1146.5508860835942, "metapath_priority": "None", "is_metapath_hard": false, "metapath_pairs": "" }, "geometry": { "type": "LineString", "coordinates": [ [ 9.1831677, 48.7672029 ], [ 9.1832045, 48.7673614 ], [ 9.1832404, 48.7674297 ], [ 9.1832806, 48.7674801 ], [ 9.1833637, 48.7675519 ], [ 9.1839085, 48.7679829 ], [ 9.18428, 48.7682659 ], [ 9.184543, 48.768518 ], [ 9.1845705, 48.768541 ], [ 9.1850243, 48.7689215 ], [ 9.1852508, 48.7690882 ], [ 9.185318, 48.7691376 ], [ 9.1854695, 48.769241 ], [ 9.1856393, 48.7693391 ], [ 9.1860683, 48.7696746 ], [ 9.1863634, 48.769907 ], [ 9.1864267, 48.7699584 ], [ 9.1865201, 48.7700396 ], [ 9.1871246, 48.7705314 ], [ 9.1872008, 48.7706051 ], [ 9.1872536, 48.7706866 ], [ 9.1872835, 48.7707745 ], [ 9.1873304, 48.771825 ], [ 9.1873338, 48.771966 ], [ 9.1873394, 48.7721977 ], [ 9.1873427, 48.7724403 ], [ 9.1873333, 48.7726118 ], [ 9.1873288, 48.7726634 ], [ 9.1873044, 48.7727468 ], [ 9.1872835, 48.7728314 ], [ 9.1872519, 48.7730613 ], [ 9.1872288, 48.7732716 ], [ 9.1871921, 48.7734237 ], [ 9.1871539, 48.7735023 ], [ 9.1870957, 48.7735635 ], [ 9.187045, 48.7736056 ], [ 9.1869945, 48.7736369 ], [ 9.1868694, 48.7737128 ], [ 9.1867097, 48.7738054 ], [ 9.1865941, 48.7738714 ], [ 9.186102, 48.7741633 ], [ 9.1857586, 48.7743643 ], [ 9.1856974, 48.7744032 ], [ 9.1855193, 48.7745287 ], [ 9.1854477, 48.7745832 ], [ 9.1853725, 48.7746374 ], [ 9.1850705, 48.7747846 ], [ 9.1843146, 48.7751368 ], [ 9.1836326, 48.7754542 ] ] } },
{ "type": "Feature", "properties": { "segment_id": "S119", "corridor_id": "B 27", "highway": "primary", "length": 684.43824199469918, "metapath_priority": "None", "is_metapath_hard": false, "metapath_pairs": "" }, "geometry": { "type": "LineString", "coordinates": [ [ 9.1831677, 48.7672029 ], [ 9.1832041, 48.7671588 ], [ 9.1832393, 48.7671275 ], [ 9.1832829, 48.7670885 ], [ 9.183455, 48.7669464 ], [ 9.1836561, 48.7667791 ], [ 9.1836977, 48.7667334 ], [ 9.1837207, 48.7666955 ], [ 9.1837378, 48.7666368 ], [ 9.1837415, 48.7665972 ], [ 9.1837352, 48.7665478 ], [ 9.1837208, 48.7665144 ], [ 9.1836983, 48.7664795 ], [ 9.1836531, 48.7664335 ], [ 9.1836296, 48.7664142 ], [ 9.1836001, 48.7663899 ], [ 9.1835136, 48.7663391 ], [ 9.183415, 48.7663053 ], [ 9.1833347, 48.7662898 ], [ 9.1832662, 48.766285 ], [ 9.1832456, 48.7662858 ], [ 9.1832073, 48.7662869 ], [ 9.1831019, 48.7662996 ], [ 9.1830221, 48.7663168 ], [ 9.1829586, 48.7663411 ], [ 9.1828967, 48.7663687 ], [ 9.1826901, 48.766495 ], [ 9.1826118, 48.766526 ], [ 9.1825197, 48.7665444 ], [ 9.1824462, 48.7665482 ], [ 9.1823778, 48.7665437 ], [ 9.1823185, 48.7665329 ], [ 9.1822364, 48.766506 ], [ 9.1821788, 48.7664769 ], [ 9.1821282, 48.7664335 ], [ 9.1820814, 48.7663911 ], [ 9.1820647, 48.7663754 ], [ 9.1819765, 48.7662772 ], [ 9.1818884, 48.7662036 ], [ 9.1817318, 48.766093 ], [ 9.1816305, 48.7660229 ], [ 9.1814678, 48.7659008 ], [ 9.1814082, 48.7658493 ], [ 9.1812795, 48.7657382 ], [ 9.1811106, 48.7655841 ], [ 9.1810108, 48.7654594 ], [ 9.1808842, 48.7652575 ], [ 9.1807851, 48.7650439 ], [ 9.1807115, 48.7647806 ], [ 9.1806956, 48.7645743 ], [ 9.1807012, 48.7644566 ], [ 9.1807278, 48.7643174 ], [ 9.1808409, 48.7639829 ], [ 9.180874, 48.7638832 ], [ 9.1809051, 48.7637697 ], [ 9.1809157, 48.763678 ], [ 9.180915, 48.7636212 ], [ 9.1809053, 48.7635628 ], [ 9.1808908, 48.7634755 ], [ 9.1808327, 48.7633551 ], [ 9.1807527, 48.7632193 ], [ 9.1806055, 48.7629733 ], [ 9.180455, 48.7627065 ] ] } },
{ "type": "Feature", "properties": { "segment_id": "S120", "corridor_id": "segment_120", "highway": "motorway_link", "length": 26.474851278097823, "metapath_priority": "None", "is_metapath_hard": false, "metapath_pairs": "" }, "geometry": { "type": "LineString", "coordinates": [ [ 9.0891052, 48.7326763 ], [ 9.0889975, 48.7326733 ], [ 9.088886, 48.7326693 ], [ 9.088745, 48.7326773 ] ] } },
{ "type": "Feature", "properties": { "segment_id": "S121", "corridor_id": "segment_121", "highway": "motorway_link", "length": 96.333176978260298, "metapath_priority": "None", "is_metapath_hard": false, "metapath_pairs": "" }, "geometry": { "type": "LineString", "coordinates": [ [ 9.0891052, 48.7326763 ], [ 9.089072, 48.7326464 ], [ 9.0890354, 48.7325961 ], [ 9.0889776, 48.7325205 ], [ 9.0891636, 48.732582 ], [ 9.0893592, 48.7327142 ], [ 9.0895756, 48.732853 ], [ 9.0896716, 48.7329124 ], [ 9.0897725, 48.7329585 ] ] } },
{ "type": "Feature", "properties": { "segment_id": "S122", "corridor_id": "B 27", "highway": "trunk_link", "length": 40.332355912156146, "metapath_priority": "None", "is_metapath_hard": false, "metapath_pairs": "" }, "geometry": { "type": "LineString", "coordinates": [ [ 9.1655999, 48.7251225 ], [ 9.1656767, 48.7252115 ], [ 9.1657249, 48.7252513 ], [ 9.1657426, 48.7252919 ], [ 9.1657505, 48.7253221 ], [ 9.1657543, 48.7253599 ], [ 9.1657517, 48.7254033 ], [ 9.1657422, 48.7254581 ] ] } },
{ "type": "Feature", "properties": { "segment_id": "S123", "corridor_id": "B 27", "highway": "trunk_link", "length": 53.215732880000559, "metapath_priority": "None", "is_metapath_hard": false, "metapath_pairs": "" }, "geometry": { "type": "LineString", "coordinates": [ [ 9.1655999, 48.7251225 ], [ 9.1657188, 48.72514 ], [ 9.1658083, 48.7251712 ], [ 9.1659013, 48.7251834 ], [ 9.1660128, 48.7251859 ], [ 9.1661213, 48.7251745 ], [ 9.1661868, 48.7251618 ], [ 9.1663045, 48.7251664 ] ] } },
{ "type": "Feature", "properties": { "segment_id": "S124", "corridor_id": "B 27", "highway": "trunk", "length": 479.94484532425633, "metapath_priority": "None", "is_metapath_hard": false, "metapath_pairs": "" }, "geometry": { "type": "LineString", "coordinates": [ [ 9.1659412, 48.7271802 ], [ 9.165847, 48.7269571 ], [ 9.1652378, 48.7256463 ], [ 9.1651149, 48.725399 ], [ 9.1650313, 48.7252324 ], [ 9.1649433, 48.7250428 ], [ 9.1648694, 48.7248895 ], [ 9.164792, 48.7247298 ], [ 9.1646583, 48.7244566 ], [ 9.1645034, 48.7241162 ], [ 9.1643451, 48.7237519 ], [ 9.1641896, 48.7233812 ], [ 9.1640635, 48.7230464 ] ] } },
{ "type": "Feature", "properties": { "segment_id": "S125", "corridor_id": "B 27", "highway": "trunk_link", "length": 203.49341032286745, "metapath_priority": "None", "is_metapath_hard": false, "metapath_pairs": "" }, "geometry": { "type": "LineString", "coordinates": [ [ 9.1659412, 48.7271802 ], [ 9.1658312, 48.7271173 ], [ 9.1657719, 48.7270283 ], [ 9.1657081, 48.7269554 ], [ 9.1656262, 48.7268878 ], [ 9.1655437, 48.7268331 ], [ 9.1654653, 48.72679 ], [ 9.165379, 48.7267511 ], [ 9.1652876, 48.7267201 ], [ 9.1651855, 48.7266916 ], [ 9.1650942, 48.726673 ], [ 9.1649761, 48.7266528 ], [ 9.1648227, 48.7266305 ], [ 9.1646281, 48.7265953 ], [ 9.1644261, 48.7265378 ], [ 9.1642731, 48.7264696 ], [ 9.1641576, 48.7263849 ], [ 9.1640895, 48.7263068 ], [ 9.164036, 48.7262179 ], [ 9.1640107, 48.7261361 ], [ 9.1640124, 48.7260547 ] ] } },
{ "type": "Feature", "properties": { "segment_id": "S126", "corridor_id": "B 27", "highway": "trunk_link", "length": 26.577228987702021, "metapath_priority": "None", "is_metapath_hard": false, "metapath_pairs": "" }, "geometry": { "type": "LineString", "coordinates": [ [ 9.1657422, 48.7254581 ], [ 9.1657908, 48.725583 ], [ 9.165817, 48.7256917 ] ] } },
{ "type": "Feature", "properties": { "segment_id": "S127", "corridor_id": "B 27", "highway": "trunk_link", "length": 48.73835306902955, "metapath_priority": "None", "is_metapath_hard": false, "metapath_pairs": "" }, "geometry": { "type": "LineString", "coordinates": [ [ 9.1661891, 48.7253385 ], [ 9.1661074, 48.7254228 ], [ 9.166026, 48.7254605 ], [ 9.1659778, 48.7254922 ], [ 9.1659134, 48.7255476 ], [ 9.1658527, 48.725624 ], [ 9.165817, 48.7256917 ] ] } },
{ "type": "Feature", "properties": { "segment_id": "S128", "corridor_id": "B 27", "highway": "trunk_link", "length": 230.99744101904187, "metapath_priority": "None", "is_metapath_hard": false, "metapath_pairs": "" }, "geometry": { "type": "LineString", "coordinates": [ [ 9.1648224, 48.725046 ], [ 9.1646142, 48.7246068 ], [ 9.1644911, 48.7243391 ], [ 9.1643911, 48.7241275 ], [ 9.1642298, 48.7237692 ], [ 9.1641008, 48.7234498 ], [ 9.164063, 48.7233423 ], [ 9.1640207, 48.7231947 ], [ 9.1640635, 48.7230464 ] ] } },
{ "type": "Feature", "properties": { "segment_id": "S129", "corridor_id": "Arnulf-Klett-Platz", "highway": "primary", "length": 23.049903117333798, "metapath_priority": "None", "is_metapath_hard": false, "metapath_pairs": "" }, "geometry": { "type": "LineString", "coordinates": [ [ 9.1786368, 48.7841446 ], [ 9.1789044, 48.7840356 ] ] } },
{ "type": "Feature", "properties": { "segment_id": "S130", "corridor_id": "B 27", "highway": "primary", "length": 131.82176168278335, "metapath_priority": "None", "is_metapath_hard": false, "metapath_pairs": "" }, "geometry": { "type": "LineString", "coordinates": [ [ 9.1786368, 48.7841446 ], [ 9.1785232, 48.7840407 ], [ 9.1783682, 48.7839155 ], [ 9.1782604, 48.7838256 ], [ 9.1779079, 48.7835335 ], [ 9.1778051, 48.7834477 ], [ 9.1776209, 48.7832902 ], [ 9.1775401, 48.7832056 ] ] } },
{ "type": "Feature", "properties": { "segment_id": "S131", "corridor_id": "Arnulf-Klett-Platz", "highway": "primary", "length": 19.300023493353876, "metapath_priority": "None", "is_metapath_hard": false, "metapath_pairs": "" }, "geometry": { "type": "LineString", "coordinates": [ [ 9.1791429, 48.7839303 ], [ 9.1792488, 48.7838866 ], [ 9.1793657, 48.7838377 ] ] } },
{ "type": "Feature", "properties": { "segment_id": "S132", "corridor_id": "B 27", "highway": "primary", "length": 8.9368300489425305, "metapath_priority": "None", "is_metapath_hard": false, "metapath_pairs": "" }, "geometry": { "type": "LineString", "coordinates": [ [ 9.1789044, 48.7840356 ], [ 9.1789932, 48.7840907 ] ] } },
{ "type": "Feature", "properties": { "segment_id": "S133", "corridor_id": "segment_133", "highway": "primary_link", "length": 8.437840211565879, "metapath_priority": "None", "is_metapath_hard": false, "metapath_pairs": "" }, "geometry": { "type": "LineString", "coordinates": [ [ 9.1789044, 48.7840356 ], [ 9.1788776, 48.7841094 ] ] } },
{ "type": "Feature", "properties": { "segment_id": "S134", "corridor_id": "Arnulf-Klett-Platz", "highway": "primary", "length": 21.034235528491521, "metapath_priority": "None", "is_metapath_hard": false, "metapath_pairs": "" }, "geometry": { "type": "LineString", "coordinates": [ [ 9.1789044, 48.7840356 ], [ 9.1791429, 48.7839303 ] ] } },
{ "type": "Feature", "properties": { "segment_id": "S135", "corridor_id": "B 10;B 27", "highway": [ "trunk", "trunk_link" ], "length": 1624.4948821204573, "metapath_priority": "None", "is_metapath_hard": false, "metapath_pairs": "" }, "geometry": { "type": "LineString", "coordinates": [ [ 9.1667113, 48.8356385 ], [ 9.1664905, 48.8353071 ], [ 9.1662629, 48.8348954 ], [ 9.1661417, 48.8346386 ], [ 9.1660366, 48.8343668 ], [ 9.1659708, 48.8341476 ], [ 9.165919, 48.8339315 ], [ 9.1658786, 48.833682 ], [ 9.1658614, 48.8334516 ], [ 9.1658668, 48.8330894 ], [ 9.1658852, 48.8328862 ], [ 9.1659155, 48.8326872 ], [ 9.1659623, 48.8324647 ], [ 9.1660187, 48.8322682 ], [ 9.1660981, 48.8320233 ], [ 9.1661962, 48.8317884 ], [ 9.1664535, 48.8313309 ], [ 9.166733, 48.8308622 ], [ 9.1670385, 48.8303974 ], [ 9.1673494, 48.8299222 ], [ 9.1683627, 48.8284651 ], [ 9.1691651, 48.8273881 ], [ 9.1701868, 48.8260726 ], [ 9.1704111, 48.825792 ], [ 9.170836, 48.8252561 ], [ 9.1715579, 48.8242805 ], [ 9.1716721, 48.8241335 ], [ 9.1717479, 48.8240296 ], [ 9.1718046, 48.8239327 ], [ 9.1718631, 48.8238342 ], [ 9.1718919, 48.8237785 ], [ 9.1719285, 48.823691 ], [ 9.171942, 48.8236284 ], [ 9.1719635, 48.8234704 ], [ 9.1719628, 48.8233673 ], [ 9.1719586, 48.8233017 ], [ 9.1719462, 48.8232286 ], [ 9.171938, 48.8231511 ], [ 9.1718904, 48.8229385 ], [ 9.1718714, 48.8228335 ], [ 9.1718683, 48.8227488 ], [ 9.1718684, 48.8226676 ], [ 9.1718819, 48.8225943 ], [ 9.1718974, 48.8225328 ], [ 9.1719337, 48.8224617 ], [ 9.1719604, 48.8224273 ], [ 9.1719948, 48.822392 ], [ 9.1720271, 48.8223662 ], [ 9.1720654, 48.82234 ], [ 9.1721136, 48.8223135 ], [ 9.1721718, 48.8222884 ], [ 9.1722172, 48.82227 ], [ 9.1722664, 48.8222547 ], [ 9.172322, 48.8222424 ], [ 9.1724079, 48.8222302 ], [ 9.1725081, 48.8222255 ] ] } },
{ "type": "Feature", "properties": { "segment_id": "S136", "corridor_id": "B 27", "highway": "primary", "length": 34.14905712311522, "metapath_priority": "None", "is_metapath_hard": false, "metapath_pairs": "" }, "geometry": { "type": "LineString", "coordinates": [ [ 9.1836395, 48.8098852 ], [ 9.1833074, 48.8101008 ] ] } },
{ "type": "Feature", "properties": { "segment_id": "S137", "corridor_id": "B 10;B 27", "highway": [ "trunk_link", "primary" ], "length": 1326.9384317019624, "metapath_priority": "None", "is_metapath_hard": false, "metapath_pairs": "" }, "geometry": { "type": "LineString", "coordinates": [ [ 9.1725081, 48.8222255 ], [ 9.1729049, 48.822229 ], [ 9.1729555, 48.8222281 ], [ 9.1730001, 48.8222248 ], [ 9.1730289, 48.8222218 ], [ 9.1730522, 48.8222186 ], [ 9.1730775, 48.8222151 ], [ 9.1731244, 48.8222066 ], [ 9.1731697, 48.822195 ], [ 9.173209, 48.8221811 ], [ 9.1732363, 48.8221677 ], [ 9.1732605, 48.822153 ], [ 9.1733028, 48.8221129 ], [ 9.1733424, 48.8220721 ], [ 9.1734742, 48.8219248 ], [ 9.1740698, 48.8212261 ], [ 9.1743759, 48.8208895 ], [ 9.1745362, 48.820693 ], [ 9.1746776, 48.8204995 ], [ 9.1747549, 48.8203826 ], [ 9.1749227, 48.8201617 ], [ 9.1750496, 48.8199999 ], [ 9.1750751, 48.8199581 ], [ 9.1751221, 48.8198451 ], [ 9.1751474, 48.8197732 ], [ 9.1752198, 48.8195926 ], [ 9.1753185, 48.8192916 ], [ 9.1754444, 48.818956 ], [ 9.1755105, 48.8187874 ], [ 9.1756926, 48.8184437 ], [ 9.1762822, 48.8175595 ], [ 9.1764775, 48.8172777 ], [ 9.176567, 48.8171306 ], [ 9.1766727, 48.8169568 ], [ 9.1768467, 48.8166533 ], [ 9.1770765, 48.8162545 ], [ 9.1773196, 48.8158789 ], [ 9.1773509, 48.8158331 ], [ 9.1774291, 48.8157208 ], [ 9.1775519, 48.8155663 ], [ 9.1776205, 48.81548 ], [ 9.1778357, 48.8152109 ], [ 9.1780704, 48.8149057 ], [ 9.1781162, 48.8148454 ], [ 9.1783464, 48.8145423 ], [ 9.1785511, 48.8143055 ], [ 9.1785805, 48.8142723 ], [ 9.1786626, 48.8141798 ], [ 9.1791325, 48.8136596 ], [ 9.1791747, 48.8136151 ], [ 9.17966, 48.8130756 ], [ 9.1797055, 48.8130248 ], [ 9.180002, 48.8127288 ], [ 9.1800472, 48.8126808 ], [ 9.1801442, 48.8125776 ], [ 9.1802017, 48.8125164 ], [ 9.1803284, 48.8123877 ], [ 9.1806392, 48.8120349 ], [ 9.1807569, 48.8119144 ] ] } },
{ "type": "Feature", "properties": { "segment_id": "S138", "corridor_id": "B 10;B 27", "highway": "trunk_link", "length": 44.431072392257093, "metapath_priority": "None", "is_metapath_hard": false, "metapath_pairs": "" }, "geometry": { "type": "LineString", "coordinates": [ [ 9.1725081, 48.8222255 ], [ 9.1725893, 48.822235 ], [ 9.1726262, 48.8222424 ], [ 9.1726656, 48.8222534 ], [ 9.1727075, 48.8222636 ], [ 9.1727532, 48.8222726 ], [ 9.1729223, 48.822296 ], [ 9.172959, 48.8223033 ], [ 9.1729976, 48.8223132 ], [ 9.173089, 48.8223367 ] ] } },
{ "type": "Feature", "properties": { "segment_id": "S139", "corridor_id": "B 27", "highway": "trunk_link", "length": 61.201166224515148, "metapath_priority": "None", "is_metapath_hard": false, "metapath_pairs": "" }, "geometry": { "type": "LineString", "coordinates": [ [ 9.1782398, 48.8445071 ], [ 9.1780261, 48.8447312 ], [ 9.1780018, 48.8447776 ], [ 9.1779901, 48.8448701 ], [ 9.1780111, 48.844927 ], [ 9.1780408, 48.8450101 ] ] } },
{ "type": "Feature", "properties": { "segment_id": "S140", "corridor_id": "B 10;B 27", "highway": [ "trunk", "trunk_link" ], "length": 1953.978591180341, "metapath_priority": "None", "is_metapath_hard": false, "metapath_pairs": "" }, "geometry": { "type": "LineString", "coordinates": [ [ 9.1740119, 48.8226345 ], [ 9.1741868, 48.8227023 ], [ 9.1747024, 48.8228833 ], [ 9.1749312, 48.8229565 ], [ 9.1751428, 48.8230195 ], [ 9.1753132, 48.8230767 ], [ 9.17552, 48.8231449 ], [ 9.1756514, 48.8231774 ], [ 9.1757473, 48.8231941 ], [ 9.1758711, 48.823205 ], [ 9.1759733, 48.8232055 ], [ 9.1760192, 48.823202 ], [ 9.1760945, 48.8231925 ], [ 9.1761754, 48.8231746 ], [ 9.1762454, 48.823152 ], [ 9.1763222, 48.8231163 ], [ 9.1763753, 48.8230841 ], [ 9.1764239, 48.8230452 ], [ 9.1764696, 48.8229966 ], [ 9.1765041, 48.8229455 ], [ 9.1765225, 48.822901 ], [ 9.1765391, 48.8228463 ], [ 9.1765393, 48.8228009 ], [ 9.1765315, 48.8227578 ], [ 9.1765149, 48.8226959 ], [ 9.1764852, 48.822646 ], [ 9.1764478, 48.8226009 ], [ 9.1763969, 48.8225609 ], [ 9.176344, 48.8225285 ], [ 9.1762765, 48.8224936 ], [ 9.1762069, 48.8224712 ], [ 9.1761281, 48.822454 ], [ 9.1760597, 48.8224428 ], [ 9.1759671, 48.8224355 ], [ 9.1758841, 48.8224382 ], [ 9.1757945, 48.8224436 ], [ 9.175722, 48.8224496 ], [ 9.1755829, 48.8224679 ], [ 9.1754231, 48.8225013 ], [ 9.1753072, 48.8225288 ], [ 9.1749556, 48.8226385 ], [ 9.1744973, 48.8227997 ], [ 9.1741382, 48.8229311 ], [ 9.1737919, 48.8230705 ], [ 9.1735251, 48.8231895 ], [ 9.1733191, 48.8232852 ], [ 9.173003, 48.8234457 ], [ 9.1728177, 48.8235527 ], [ 9.1726366, 48.8236721 ], [ 9.1724157, 48.823846 ], [ 9.172173, 48.8240567 ], [ 9.1717995, 48.8244328 ], [ 9.1714879, 48.824774 ], [ 9.1712006, 48.8251193 ], [ 9.1707719, 48.8256228 ], [ 9.1702921, 48.8262214 ], [ 9.1693347, 48.8274742 ], [ 9.1685491, 48.8285379 ], [ 9.1675433, 48.829989 ], [ 9.1672497, 48.8304305 ], [ 9.1669438, 48.8308946 ], [ 9.1667804, 48.8311477 ], [ 9.1666244, 48.8314187 ], [ 9.1665005, 48.8316399 ], [ 9.1663953, 48.8318696 ], [ 9.1663083, 48.832055 ], [ 9.1662254, 48.8322895 ], [ 9.1661602, 48.8325148 ], [ 9.1661162, 48.8327159 ], [ 9.1660846, 48.8329094 ], [ 9.166068, 48.8330861 ], [ 9.1660688, 48.8334374 ], [ 9.1660884, 48.8337196 ], [ 9.1661501, 48.8340185 ], [ 9.1662346, 48.8343201 ], [ 9.1663337, 48.8345954 ], [ 9.1665473, 48.8350175 ] ] } },
{ "type": "Feature", "properties": { "segment_id": "S141", "corridor_id": "B 27", "highway": "trunk_link", "length": 144.77398183747715, "metapath_priority": "None", "is_metapath_hard": false, "metapath_pairs": "" }, "geometry": { "type": "LineString", "coordinates": [ [ 9.1780408, 48.8450101 ], [ 9.1781616, 48.8450756 ], [ 9.1782692, 48.8451264 ], [ 9.178395, 48.8451732 ], [ 9.178511, 48.8452026 ], [ 9.1786337, 48.8452125 ], [ 9.1787453, 48.8452068 ], [ 9.178848, 48.8451887 ], [ 9.1789431, 48.845154 ], [ 9.1790125, 48.8451078 ], [ 9.1790738, 48.8450513 ], [ 9.1791132, 48.8449874 ], [ 9.1791276, 48.8449153 ], [ 9.179113, 48.8448189 ], [ 9.1790698, 48.8447284 ], [ 9.1790506, 48.8445583 ] ] } },
{ "type": "Feature", "properties": { "segment_id": "S142", "corridor_id": "B 10", "highway": "trunk", "length": 1547.3366716240198, "metapath_priority": "None", "is_metapath_hard": false, "metapath_pairs": "" }, "geometry": { "type": "LineString", "coordinates": [ [ 9.3237537, 48.725984 ], [ 9.3244204, 48.7257853 ], [ 9.3254749, 48.7254642 ], [ 9.3263606, 48.7251925 ], [ 9.3274216, 48.7248662 ], [ 9.3287798, 48.7244496 ], [ 9.3302716, 48.7239912 ], [ 9.3313699, 48.7236549 ], [ 9.3324759, 48.7233146 ], [ 9.3334322, 48.7230215 ], [ 9.334443, 48.7227098 ], [ 9.335333, 48.722431 ], [ 9.3361696, 48.722162 ], [ 9.336945, 48.7219031 ], [ 9.3377762, 48.7216117 ], [ 9.3386263, 48.7212966 ], [ 9.3394402, 48.7209867 ], [ 9.3400485, 48.7207632 ], [ 9.3408099, 48.7204996 ], [ 9.3416217, 48.7202463 ], [ 9.3422762, 48.7200647 ], [ 9.3427438, 48.7199424 ] ] } },
{ "type": "Feature", "properties": { "segment_id": "S143", "corridor_id": "B 27a", "highway": "primary", "length": 163.92209967772538, "metapath_priority": "None", "is_metapath_hard": false, "metapath_pairs": "" }, "geometry": { "type": "LineString", "coordinates": [ [ 9.1766364, 48.7795193 ], [ 9.1768057, 48.7797181 ], [ 9.1768809, 48.7798541 ], [ 9.177007, 48.7801096 ], [ 9.1770621, 48.7802838 ], [ 9.1771153, 48.7805014 ], [ 9.1771462, 48.7806501 ], [ 9.1771576, 48.7807304 ], [ 9.1771331, 48.7808321 ], [ 9.1771412, 48.7809327 ] ] } },
{ "type": "Feature", "properties": { "segment_id": "S144", "corridor_id": "B 27a", "highway": "primary", "length": 57.147961865418658, "metapath_priority": "None", "is_metapath_hard": false, "metapath_pairs": "" }, "geometry": { "type": "LineString", "coordinates": [ [ 9.1735546, 48.7700055 ], [ 9.1735697, 48.7699262 ], [ 9.1735776, 48.7698617 ], [ 9.1735689, 48.7697901 ], [ 9.1735531, 48.7696987 ], [ 9.1735234, 48.7696052 ], [ 9.1734869, 48.7694979 ] ] } },
{ "type": "Feature", "properties": { "segment_id": "S145", "corridor_id": "B 27a", "highway": "primary", "length": 45.381197372921143, "metapath_priority": "None", "is_metapath_hard": false, "metapath_pairs": "" }, "geometry": { "type": "LineString", "coordinates": [ [ 9.1735546, 48.7700055 ], [ 9.1736268, 48.7698847 ], [ 9.1737466, 48.7697427 ], [ 9.1738867, 48.7696728 ] ] } },
{ "type": "Feature", "properties": { "segment_id": "S146", "corridor_id": "B 27", "highway": "primary_link", "length": 20.161032396468872, "metapath_priority": "None", "is_metapath_hard": false, "metapath_pairs": "" }, "geometry": { "type": "LineString", "coordinates": [ [ 9.1828105, 48.7756467 ], [ 9.1828137, 48.775828 ] ] } },
{ "type": "Feature", "properties": { "segment_id": "S147", "corridor_id": "B 14", "highway": "primary_link", "length": 26.690479696795222, "metapath_priority": "None", "is_metapath_hard": false, "metapath_pairs": "" }, "geometry": { "type": "LineString", "coordinates": [ [ 9.1828105, 48.7756467 ], [ 9.1826696, 48.7756253 ], [ 9.182576, 48.7755973 ], [ 9.1824742, 48.7755595 ] ] } },
{ "type": "Feature", "properties": { "segment_id": "S148", "corridor_id": "B 27", "highway": "primary", "length": 862.54080037657388, "metapath_priority": "None", "is_metapath_hard": false, "metapath_pairs": "" }, "geometry": { "type": "LineString", "coordinates": [ [ 9.1755426, 48.7786539 ], [ 9.1753361, 48.7785683 ], [ 9.175283, 48.7785458 ], [ 9.1751488, 48.7785269 ], [ 9.1750599, 48.7785336 ], [ 9.174996, 48.7785497 ], [ 9.1749483, 48.7785711 ], [ 9.1748285, 48.7786716 ], [ 9.1745032, 48.7790681 ], [ 9.1743724, 48.7792275 ], [ 9.1743595, 48.7792997 ], [ 9.174372, 48.779356 ], [ 9.1744153, 48.7794009 ], [ 9.1744989, 48.7794422 ], [ 9.1746651, 48.7794925 ], [ 9.1747752, 48.7794886 ], [ 9.1749527, 48.7794596 ], [ 9.1751532, 48.7794026 ], [ 9.1756547, 48.7792416 ], [ 9.1759858, 48.7791134 ], [ 9.1763635, 48.7789294 ], [ 9.1777604, 48.7781536 ], [ 9.178143, 48.7779841 ], [ 9.180324, 48.7773215 ], [ 9.1816312, 48.7769266 ], [ 9.1818193, 48.7768585 ], [ 9.1819108, 48.7768143 ], [ 9.1819791, 48.7767648 ], [ 9.1820692, 48.7766851 ], [ 9.1821381, 48.7766217 ], [ 9.1822929, 48.7764724 ], [ 9.1824859, 48.7762644 ] ] } },
{ "type": "Feature", "properties": { "segment_id": "S149", "corridor_id": "B 27a", "highway": "primary", "length": 381.00947147418231, "metapath_priority": "None", "is_metapath_hard": false, "metapath_pairs": "" }, "geometry": { "type": "LineString", "coordinates": [ [ 9.1755426, 48.7786539 ], [ 9.1754097, 48.778529 ], [ 9.1753032, 48.778433 ], [ 9.174754, 48.7779348 ], [ 9.1745492, 48.7777635 ], [ 9.1743189, 48.7775753 ], [ 9.1740419, 48.7773418 ], [ 9.1737798, 48.7771162 ], [ 9.1733855, 48.7767861 ], [ 9.1731164, 48.7765657 ], [ 9.1729569, 48.7764351 ], [ 9.1728106, 48.7763167 ], [ 9.1727011, 48.7762255 ], [ 9.1723723, 48.7759389 ] ] } },
{ "type": "Feature", "properties": { "segment_id": "S150", "corridor_id": "Gebhard-Müller-Platz", "highway": "primary", "length": 14.741205396666238, "metapath_priority": "None", "is_metapath_hard": false, "metapath_pairs": "" }, "geometry": { "type": "LineString", "coordinates": [ [ 9.1861243, 48.7814868 ], [ 9.1862943, 48.7814159 ] ] } },
{ "type": "Feature", "properties": { "segment_id": "S151", "corridor_id": "Gebhard-Müller-Platz", "highway": "primary_link", "length": 12.52344063767352, "metapath_priority": "None", "is_metapath_hard": false, "metapath_pairs": "" }, "geometry": { "type": "LineString", "coordinates": [ [ 9.1861243, 48.7814868 ], [ 9.1862929, 48.7814683 ] ] } },
{ "type": "Feature", "properties": { "segment_id": "S152", "corridor_id": "B 10;B 14", "highway": "primary", "length": 26.255614907749013, "metapath_priority": "None", "is_metapath_hard": false, "metapath_pairs": "" }, "geometry": { "type": "LineString", "coordinates": [ [ 9.2159737, 48.794152 ], [ 9.2161671, 48.7939532 ] ] } },
{ "type": "Feature", "properties": { "segment_id": "S153", "corridor_id": "Poststraße", "highway": "trunk_link", "length": 29.059620030615704, "metapath_priority": "None", "is_metapath_hard": false, "metapath_pairs": "" }, "geometry": { "type": "LineString", "coordinates": [ [ 9.2159737, 48.794152 ], [ 9.2159328, 48.7941538 ], [ 9.2158948, 48.7941509 ], [ 9.2158536, 48.7941426 ], [ 9.2158084, 48.7941314 ], [ 9.2157288, 48.7941055 ], [ 9.215609, 48.7940613 ] ] } },
{ "type": "Feature", "properties": { "segment_id": "S154", "corridor_id": "Uferstraße", "highway": "primary_link", "length": 32.443521436599333, "metapath_priority": "None", "is_metapath_hard": false, "metapath_pairs": "" }, "geometry": { "type": "LineString", "coordinates": [ [ 9.2159737, 48.794152 ], [ 9.2159958, 48.7941975 ], [ 9.216003, 48.7942514 ], [ 9.2160021, 48.7942929 ], [ 9.2159952, 48.794331 ], [ 9.215983, 48.7943677 ], [ 9.2159703, 48.7944013 ], [ 9.2159505, 48.7944368 ] ] } },
{ "type": "Feature", "properties": { "segment_id": "S155", "corridor_id": "B 10;B 14", "highway": "trunk_link", "length": 494.78111381173323, "metapath_priority": "None", "is_metapath_hard": false, "metapath_pairs": "" }, "geometry": { "type": "LineString", "coordinates": [ [ 9.2246397, 48.7878967 ], [ 9.224581, 48.7879506 ], [ 9.2244726, 48.7880768 ], [ 9.2244343, 48.7881127 ], [ 9.2241693, 48.7882887 ], [ 9.223962, 48.7884084 ], [ 9.2234889, 48.78865 ], [ 9.2230583, 48.7888693 ], [ 9.2223264, 48.789246 ], [ 9.2222805, 48.7892713 ], [ 9.2222472, 48.7892902 ], [ 9.2221305, 48.7893564 ], [ 9.2219959, 48.7894299 ], [ 9.2219656, 48.789448 ], [ 9.2217173, 48.7895934 ], [ 9.2210698, 48.7900043 ], [ 9.2210206, 48.7900359 ], [ 9.2206993, 48.7902425 ], [ 9.2202071, 48.7905522 ], [ 9.2199053, 48.7907423 ], [ 9.2196191, 48.7908401 ] ] } },
{ "type": "Feature", "properties": { "segment_id": "S156", "corridor_id": "B 10;B 14", "highway": "trunk", "length": 493.23899158083481, "metapath_priority": "None", "is_metapath_hard": false, "metapath_pairs": "" }, "geometry": { "type": "LineString", "coordinates": [ [ 9.2246397, 48.7878967 ], [ 9.2234421, 48.7885081 ], [ 9.2222813, 48.7891266 ], [ 9.2216145, 48.7895007 ], [ 9.2209752, 48.7899087 ], [ 9.2196191, 48.7908401 ] ] } },
{ "type": "Feature", "properties": { "segment_id": "S157", "corridor_id": "B 10", "highway": "trunk", "length": 1863.1249014290572, "metapath_priority": "None", "is_metapath_hard": false, "metapath_pairs": "" }, "geometry": { "type": "LineString", "coordinates": [ [ 9.2594382, 48.7570648 ], [ 9.2591303, 48.7575346 ], [ 9.2579167, 48.7593822 ], [ 9.2567326, 48.7611569 ], [ 9.2554148, 48.7631665 ], [ 9.254707, 48.764246 ], [ 9.2534583, 48.7661159 ], [ 9.2526441, 48.7673389 ], [ 9.2523121, 48.7678249 ], [ 9.2519352, 48.7683524 ], [ 9.251534, 48.7689027 ], [ 9.2511216, 48.7694411 ], [ 9.2491553, 48.7720051 ], [ 9.2489156, 48.7723118 ] ] } },
{ "type": "Feature", "properties": { "segment_id": "S158", "corridor_id": "B 10", "highway": "trunk_link", "length": 149.42741392359008, "metapath_priority": "None", "is_metapath_hard": false, "metapath_pairs": "" }, "geometry": { "type": "LineString", "coordinates": [ [ 9.2594382, 48.7570648 ], [ 9.2594641, 48.7571806 ], [ 9.2592646, 48.7576262 ], [ 9.2591015, 48.757994 ], [ 9.259068, 48.7581866 ], [ 9.2589661, 48.7583591 ] ] } },
{ "type": "Feature", "properties": { "segment_id": "S159", "corridor_id": "A 81", "highway": "motorway", "length": 1476.1561407977479, "metapath_priority": "None", "is_metapath_hard": false, "metapath_pairs": "" }, "geometry": { "type": "LineString", "coordinates": [ [ 9.0764156, 48.8207588 ], [ 9.0760294, 48.820416 ], [ 9.0757492, 48.8201727 ], [ 9.0750611, 48.8196116 ], [ 9.074311, 48.8190464 ], [ 9.0739865, 48.8188115 ], [ 9.0734844, 48.8184484 ], [ 9.0730787, 48.8181882 ], [ 9.0726229, 48.8179089 ], [ 9.0721636, 48.8176402 ], [ 9.0718641, 48.8174722 ], [ 9.0716814, 48.817377 ], [ 9.0714006, 48.817237 ], [ 9.0708294, 48.8169478 ], [ 9.0702435, 48.8166672 ], [ 9.0695497, 48.8163596 ], [ 9.0688869, 48.8160838 ], [ 9.0684478, 48.8159086 ], [ 9.0668465, 48.8153187 ], [ 9.06354, 48.8141192 ], [ 9.0603791, 48.8129645 ] ] } },
{ "type": "Feature", "properties": { "segment_id": "S160", "corridor_id": "A 81", "highway": "motorway", "length": 183.22091806525907, "metapath_priority": "None", "is_metapath_hard": false, "metapath_pairs": "" }, "geometry": { "type": "LineString", "coordinates": [ [ 9.0778171, 48.8221235 ], [ 9.0773772, 48.8216712 ], [ 9.0770683, 48.8213657 ], [ 9.0766233, 48.8209538 ], [ 9.0764156, 48.8207588 ] ] } },
{ "type": "Feature", "properties": { "segment_id": "S161", "corridor_id": "A 81", "highway": "motorway_link", "length": 211.74347360157509, "metapath_priority": "None", "is_metapath_hard": false, "metapath_pairs": "" }, "geometry": { "type": "LineString", "coordinates": [ [ 9.0778171, 48.8221235 ], [ 9.0774546, 48.8219022 ], [ 9.0773595, 48.8218495 ], [ 9.0772467, 48.8217995 ], [ 9.0771199, 48.8217691 ], [ 9.0769917, 48.8217571 ], [ 9.0768583, 48.82176 ], [ 9.0767108, 48.8217801 ], [ 9.0765659, 48.8218294 ], [ 9.0764461, 48.8218892 ], [ 9.0763628, 48.8219443 ], [ 9.0762956, 48.8220208 ], [ 9.0762607, 48.8220874 ], [ 9.0762482, 48.8221683 ], [ 9.0762628, 48.8222577 ], [ 9.0762742, 48.8223244 ], [ 9.0763935, 48.8226808 ] ] } },
{ "type": "Feature", "properties": { "segment_id": "S162", "corridor_id": "L 1180", "highway": "trunk", "length": 273.04512548008825, "metapath_priority": "None", "is_metapath_hard": false, "metapath_pairs": "" }, "geometry": { "type": "LineString", "coordinates": [ [ 9.1150027, 48.7656892 ], [ 9.1130967, 48.7666669 ], [ 9.1126088, 48.7669184 ], [ 9.1120602, 48.7671952 ] ] } },
{ "type": "Feature", "properties": { "segment_id": "S163", "corridor_id": "L 1180", "highway": "trunk_link", "length": 737.14076502401576, "metapath_priority": "None", "is_metapath_hard": false, "metapath_pairs": "" }, "geometry": { "type": "LineString", "coordinates": [ [ 9.1148572, 48.7655786 ], [ 9.115085, 48.7654864 ], [ 9.1152519, 48.7653943 ], [ 9.1155249, 48.7652433 ], [ 9.1157851, 48.7650711 ], [ 9.1159058, 48.7649804 ], [ 9.1160159, 48.7648899 ], [ 9.1162496, 48.7646972 ], [ 9.1164496, 48.7645313 ], [ 9.1165451, 48.7644575 ], [ 9.1166473, 48.764386 ], [ 9.1168317, 48.7642645 ], [ 9.117, 48.7641718 ], [ 9.1170967, 48.764124 ], [ 9.1171837, 48.7640767 ], [ 9.1174094, 48.7639919 ], [ 9.1177445, 48.7638953 ], [ 9.1179288, 48.7638555 ], [ 9.1181126, 48.7638219 ], [ 9.118303, 48.7637993 ], [ 9.1184844, 48.7637856 ], [ 9.1186684, 48.7637777 ], [ 9.1188489, 48.7637778 ], [ 9.1190299, 48.7637883 ], [ 9.1192156, 48.763807 ], [ 9.1195279, 48.7638524 ], [ 9.119825, 48.7639249 ], [ 9.1201131, 48.7640147 ], [ 9.1205733, 48.7641949 ], [ 9.1207411, 48.7642599 ], [ 9.1208739, 48.7643075 ], [ 9.1210153, 48.7643499 ], [ 9.1211631, 48.764388 ], [ 9.1213229, 48.764424 ], [ 9.1214522, 48.7644483 ], [ 9.1215836, 48.7644676 ], [ 9.1216996, 48.7644813 ], [ 9.1218483, 48.7644924 ], [ 9.122031, 48.7644976 ], [ 9.1221872, 48.7644976 ], [ 9.1223259, 48.7644946 ], [ 9.1224922, 48.7644891 ], [ 9.1227333, 48.7644747 ], [ 9.1230398, 48.7644491 ], [ 9.1236433, 48.7643885 ] ] } },
{ "type": "Feature", "properties": { "segment_id": "S164", "corridor_id": "L 1187", "highway": "trunk_link", "length": 304.04191704933567, "metapath_priority": "None", "is_metapath_hard": false, "metapath_pairs": "" }, "geometry": { "type": "LineString", "coordinates": [ [ 9.1148572, 48.7655786 ], [ 9.1149556, 48.7654652 ], [ 9.1151013, 48.765364 ], [ 9.1152942, 48.7652098 ], [ 9.1154129, 48.7651156 ], [ 9.115511, 48.765018 ], [ 9.1156898, 48.7648217 ], [ 9.115826, 48.7646397 ], [ 9.1159514, 48.7644508 ], [ 9.1160474, 48.7642565 ], [ 9.1161404, 48.7639969 ], [ 9.1161659, 48.7638846 ], [ 9.1161855, 48.763762 ], [ 9.1162075, 48.7635805 ], [ 9.1162012, 48.7633997 ], [ 9.1162652, 48.7630867 ] ] } },
{ "type": "Feature", "properties": { "segment_id": "S165", "corridor_id": "L 1180", "highway": "trunk", "length": 1290.2012548661687, "metapath_priority": "None", "is_metapath_hard": false, "metapath_pairs": "" }, "geometry": { "type": "LineString", "coordinates": [ [ 9.0949303, 48.7757723 ], [ 9.0950928, 48.7756912 ], [ 9.0996274, 48.7733674 ], [ 9.1012876, 48.7725195 ], [ 9.1025547, 48.7718819 ], [ 9.1026989, 48.7718085 ], [ 9.1030027, 48.7716536 ], [ 9.1038063, 48.7712448 ], [ 9.1046108, 48.7708269 ], [ 9.1066403, 48.7697846 ], [ 9.1088413, 48.7686607 ] ] } },
{ "type": "Feature", "properties": { "segment_id": "S166", "corridor_id": "L 1180", "highway": "trunk", "length": 182.66081019931863, "metapath_priority": "None", "is_metapath_hard": false, "metapath_pairs": "" }, "geometry": { "type": "LineString", "coordinates": [ [ 9.0686267, 48.7868696 ], [ 9.0682881, 48.7869654 ], [ 9.0680484, 48.7870385 ], [ 9.0678084, 48.787103 ], [ 9.0674815, 48.7871823 ], [ 9.0671049, 48.7872656 ], [ 9.0667971, 48.7873203 ], [ 9.0664747, 48.7873716 ], [ 9.0662782, 48.7874109 ] ] } },
{ "type": "Feature", "properties": { "segment_id": "S167", "corridor_id": "segment_167", "highway": "trunk_link", "length": 197.47641060175232, "metapath_priority": "None", "is_metapath_hard": false, "metapath_pairs": "" }, "geometry": { "type": "LineString", "coordinates": [ [ 9.0686267, 48.7868696 ], [ 9.0685019, 48.7869507 ], [ 9.0682094, 48.7870818 ], [ 9.0680573, 48.7871646 ], [ 9.0678917, 48.7872743 ], [ 9.0677793, 48.787368 ], [ 9.0676578, 48.7874967 ], [ 9.067442, 48.7877612 ], [ 9.0673607, 48.7878477 ], [ 9.0672381, 48.7879414 ], [ 9.066997, 48.7880891 ], [ 9.0669365, 48.7881373 ], [ 9.0669067, 48.7882008 ] ] } },
{ "type": "Feature", "properties": { "segment_id": "S168", "corridor_id": "L 1180", "highway": "trunk", "length": 1380.9059567705649, "metapath_priority": "None", "is_metapath_hard": false, "metapath_pairs": "" }, "geometry": { "type": "LineString", "coordinates": [ [ 9.069741, 48.7862391 ], [ 9.0702539, 48.7859601 ], [ 9.0703876, 48.7858897 ], [ 9.0705344, 48.7858116 ], [ 9.0707818, 48.7856837 ], [ 9.071262, 48.7854495 ], [ 9.0718123, 48.7852066 ], [ 9.072055, 48.7851091 ], [ 9.0723346, 48.7850048 ], [ 9.0727716, 48.7848491 ], [ 9.0730561, 48.7847575 ], [ 9.0733545, 48.7846668 ], [ 9.0739567, 48.7845008 ], [ 9.0745622, 48.7843621 ], [ 9.0751862, 48.7842336 ], [ 9.0762842, 48.7840338 ], [ 9.0774976, 48.783813 ], [ 9.0780531, 48.7837006 ], [ 9.0786537, 48.783566 ], [ 9.0792017, 48.7834187 ], [ 9.0797431, 48.7832572 ], [ 9.080286, 48.7830798 ], [ 9.0807997, 48.7828859 ], [ 9.0810612, 48.782782 ], [ 9.0813287, 48.7826681 ], [ 9.0818528, 48.7824307 ], [ 9.082295, 48.7822196 ], [ 9.0827201, 48.7820053 ], [ 9.0836325, 48.7815346 ], [ 9.0843402, 48.7811843 ], [ 9.0852541, 48.7807142 ], [ 9.086052, 48.780305 ] ] } },
{ "type": "Feature", "properties": { "segment_id": "S169", "corridor_id": "L 1187", "highway": "trunk", "length": 72.07188267076917, "metapath_priority": "None", "is_metapath_hard": false, "metapath_pairs": "" }, "geometry": { "type": "LineString", "coordinates": [ [ 9.1239727, 48.7644095 ], [ 9.1241046, 48.764396 ], [ 9.1243963, 48.7643631 ], [ 9.1249481, 48.7643314 ] ] } },
{ "type": "Feature", "properties": { "segment_id": "S170", "corridor_id": "segment_170", "highway": "motorway_link", "length": 187.57741428944027, "metapath_priority": "None", "is_metapath_hard": false, "metapath_pairs": "" }, "geometry": { "type": "LineString", "coordinates": [ [ 9.1212682, 48.8513105 ], [ 9.1216994, 48.8519967 ], [ 9.1217449, 48.8520865 ], [ 9.1218448, 48.852268 ], [ 9.1219313, 48.8524545 ], [ 9.1221045, 48.8529019 ] ] } },
{ "type": "Feature", "properties": { "segment_id": "S171", "corridor_id": "segment_171", "highway": "motorway_link", "length": 313.98123577071073, "metapath_priority": "None", "is_metapath_hard": false, "metapath_pairs": "" }, "geometry": { "type": "LineString", "coordinates": [ [ 9.1212682, 48.8513105 ], [ 9.1214043, 48.8513737 ], [ 9.1215161, 48.8514616 ], [ 9.121693, 48.8515401 ], [ 9.1218364, 48.8515754 ], [ 9.1220027, 48.8515889 ], [ 9.1221586, 48.8515763 ], [ 9.1223166, 48.8515354 ], [ 9.122461, 48.8514704 ], [ 9.1225825, 48.8513861 ], [ 9.1226773, 48.8512652 ], [ 9.1227253, 48.8511502 ], [ 9.1227814, 48.8508384 ], [ 9.1227845, 48.8507058 ], [ 9.1227488, 48.8506292 ], [ 9.1227213, 48.8505909 ], [ 9.1226784, 48.8505443 ], [ 9.1226189, 48.8505051 ], [ 9.1225526, 48.850468 ], [ 9.1224659, 48.8504374 ], [ 9.1223599, 48.8504134 ], [ 9.1222525, 48.8504098 ], [ 9.1221344, 48.8504193 ], [ 9.1219633, 48.8504613 ], [ 9.1218521, 48.8505106 ], [ 9.1216823, 48.8506055 ], [ 9.1214662, 48.8506942 ] ] } },
{ "type": "Feature", "properties": { "segment_id": "S172", "corridor_id": "B 10", "highway": "trunk", "length": 155.20962768218564, "metapath_priority": "None", "is_metapath_hard": false, "metapath_pairs": "" }, "geometry": { "type": "LineString", "coordinates": [ [ 9.1214662, 48.8506942 ], [ 9.1212728, 48.8508286 ], [ 9.1204698, 48.8513937 ], [ 9.1200226, 48.8517169 ] ] } },
{ "type": "Feature", "properties": { "segment_id": "S173", "corridor_id": "segment_173", "highway": "motorway_link", "length": 557.05735799601746, "metapath_priority": "None", "is_metapath_hard": false, "metapath_pairs": "" }, "geometry": { "type": "LineString", "coordinates": [ [ 9.1200226, 48.8517169 ], [ 9.1199085, 48.8518465 ], [ 9.1198093, 48.8519558 ], [ 9.119755, 48.8520065 ], [ 9.1197213, 48.8520558 ], [ 9.1196969, 48.8521108 ], [ 9.1196839, 48.8521655 ], [ 9.1196801, 48.8522327 ], [ 9.1196923, 48.8522846 ], [ 9.1197396, 48.8523695 ], [ 9.1198308, 48.85247 ], [ 9.1198761, 48.8525067 ], [ 9.1199304, 48.8525423 ], [ 9.1200022, 48.8525849 ], [ 9.1200548, 48.852608 ], [ 9.1201048, 48.8526287 ], [ 9.1201824, 48.8526532 ], [ 9.1202459, 48.8526678 ], [ 9.1203161, 48.8526802 ], [ 9.1204211, 48.852692 ], [ 9.1205467, 48.8526937 ], [ 9.1206392, 48.8526829 ], [ 9.1207493, 48.8526605 ], [ 9.1208534, 48.8526266 ], [ 9.1208907, 48.8526105 ], [ 9.1210134, 48.8525413 ], [ 9.1210696, 48.8524955 ], [ 9.1211238, 48.852443 ], [ 9.1211602, 48.8523938 ], [ 9.1211864, 48.8523457 ], [ 9.1211929, 48.8523109 ], [ 9.1212004, 48.8522588 ], [ 9.1212004, 48.8521916 ], [ 9.1211884, 48.8521282 ], [ 9.1211473, 48.8520374 ], [ 9.1210087, 48.851799 ], [ 9.1208201, 48.8514721 ], [ 9.120506, 48.8509803 ], [ 9.1203475, 48.8507334 ], [ 9.1201844, 48.8504779 ], [ 9.1199666, 48.8501605 ], [ 9.1197434, 48.8498403 ], [ 9.1195069, 48.8495177 ] ] } },
{ "type": "Feature", "properties": { "segment_id": "S174", "corridor_id": "B 10", "highway": "trunk", "length": 224.04634454385521, "metapath_priority": "None", "is_metapath_hard": false, "metapath_pairs": "" }, "geometry": { "type": "LineString", "coordinates": [ [ 9.1200226, 48.8517169 ], [ 9.1190612, 48.8523822 ], [ 9.1186205, 48.8526922 ], [ 9.1179566, 48.8531516 ], [ 9.1179163, 48.8531794 ] ] } },
{ "type": "Feature", "properties": { "segment_id": "S175", "corridor_id": "B 10", "highway": "trunk", "length": 85.610627637768573, "metapath_priority": "None", "is_metapath_hard": false, "metapath_pairs": "" }, "geometry": { "type": "LineString", "coordinates": [ [ 9.1164032, 48.8541698 ], [ 9.1155338, 48.8546851 ] ] } },
{ "type": "Feature", "properties": { "segment_id": "S176", "corridor_id": "segment_176", "highway": "trunk_link", "length": 80.180285859374663, "metapath_priority": "None", "is_metapath_hard": false, "metapath_pairs": "" }, "geometry": { "type": "LineString", "coordinates": [ [ 9.1164032, 48.8541698 ], [ 9.1162957, 48.8543568 ], [ 9.1162849, 48.8544357 ], [ 9.1162917, 48.8545266 ], [ 9.1163054, 48.8545707 ], [ 9.1163424, 48.8546334 ], [ 9.1163942, 48.8547098 ], [ 9.1164513, 48.8547563 ], [ 9.1165566, 48.8548216 ] ] } },
{ "type": "Feature", "properties": { "segment_id": "S177", "corridor_id": "segment_177", "highway": "trunk_link", "length": 78.552508168390929, "metapath_priority": "None", "is_metapath_hard": false, "metapath_pairs": "" }, "geometry": { "type": "LineString", "coordinates": [ [ 9.1165566, 48.8548216 ], [ 9.1162501, 48.8547257 ], [ 9.1160644, 48.8546806 ], [ 9.115922, 48.854663 ], [ 9.1157453, 48.8546608 ], [ 9.1156389, 48.8546726 ], [ 9.1155338, 48.8546851 ] ] } },
{ "type": "Feature", "properties": { "segment_id": "S178", "corridor_id": "segment_178", "highway": "trunk_link", "length": 56.938606228845657, "metapath_priority": "None", "is_metapath_hard": false, "metapath_pairs": "" }, "geometry": { "type": "LineString", "coordinates": [ [ 9.1165566, 48.8548216 ], [ 9.1166412, 48.8548532 ], [ 9.1167312, 48.8548775 ], [ 9.1168252, 48.8548939 ], [ 9.1169217, 48.8549021 ], [ 9.117019, 48.8549021 ], [ 9.1171154, 48.8548939 ], [ 9.1172095, 48.8548775 ], [ 9.1172995, 48.8548532 ] ] } },
{ "type": "Feature", "properties": { "segment_id": "S179", "corridor_id": "B 10", "highway": "trunk", "length": 215.15382145910533, "metapath_priority": "None", "is_metapath_hard": false, "metapath_pairs": "" }, "geometry": { "type": "LineString", "coordinates": [ [ 9.118653, 48.8525043 ], [ 9.1200134, 48.8515504 ], [ 9.1203892, 48.8512869 ], [ 9.1204069, 48.8512745 ], [ 9.1206617, 48.8510912 ] ] } },
{ "type": "Feature", "properties": { "segment_id": "S180", "corridor_id": "segment_180", "highway": "motorway_link", "length": 364.48400523612679, "metapath_priority": "None", "is_metapath_hard": false, "metapath_pairs": "" }, "geometry": { "type": "LineString", "coordinates": [ [ 9.118653, 48.8525043 ], [ 9.1186966, 48.8523947 ], [ 9.1188173, 48.8523038 ], [ 9.1189167, 48.8522131 ], [ 9.119023, 48.8520905 ], [ 9.1190694, 48.8519976 ], [ 9.1190949, 48.8519172 ], [ 9.1191016, 48.8518202 ], [ 9.1190911, 48.8517297 ], [ 9.1190547, 48.8516313 ], [ 9.1190073, 48.8515434 ], [ 9.1189023, 48.8513604 ], [ 9.1188348, 48.8512206 ], [ 9.1188037, 48.8511136 ], [ 9.1188052, 48.8509773 ], [ 9.1188454, 48.8508318 ], [ 9.1189154, 48.8506958 ], [ 9.1189836, 48.8506183 ], [ 9.1190546, 48.8505551 ], [ 9.1191205, 48.8505037 ], [ 9.1192854, 48.8504004 ], [ 9.1194033, 48.85032 ], [ 9.119463, 48.850271 ], [ 9.1195217, 48.8502131 ], [ 9.1195636, 48.8501602 ], [ 9.119598, 48.850099 ], [ 9.1196233, 48.8500389 ], [ 9.1196368, 48.8499656 ], [ 9.1196394, 48.8498999 ], [ 9.1196306, 48.8498244 ], [ 9.1195978, 48.8497517 ], [ 9.119568, 48.8496962 ], [ 9.1195069, 48.8495177 ] ] } },
{ "type": "Feature", "properties": { "segment_id": "S181", "corridor_id": "segment_181", "highway": "motorway_link", "length": 386.17065824877108, "metapath_priority": "None", "is_metapath_hard": false, "metapath_pairs": "" }, "geometry": { "type": "LineString", "coordinates": [ [ 9.1195069, 48.8495177 ], [ 9.1192712, 48.8492151 ], [ 9.1189527, 48.848825 ], [ 9.1187275, 48.8485605 ], [ 9.1185682, 48.8483782 ], [ 9.1183861, 48.8481865 ], [ 9.11802, 48.8477954 ], [ 9.1179277, 48.847699 ], [ 9.1178093, 48.8475757 ], [ 9.1173595, 48.8471023 ], [ 9.1169223, 48.8467052 ], [ 9.1168438, 48.84653 ] ] } },
{ "type": "Feature", "properties": { "segment_id": "S182", "corridor_id": "B 14", "highway": "trunk_link", "length": 220.45441044551634, "metapath_priority": "None", "is_metapath_hard": false, "metapath_pairs": "" }, "geometry": { "type": "LineString", "coordinates": [ [ 9.1145206, 48.7385387 ], [ 9.1144527, 48.7385808 ], [ 9.1143965, 48.7386133 ], [ 9.1143758, 48.7386253 ], [ 9.1143559, 48.7386394 ], [ 9.1141838, 48.7387611 ], [ 9.1139333, 48.738929 ], [ 9.113411, 48.7392787 ], [ 9.112947, 48.739585 ], [ 9.1127877, 48.7396897 ], [ 9.1126409, 48.7397892 ], [ 9.1123965, 48.7399411 ] ] } },
{ "type": "Feature", "properties": { "segment_id": "S183", "corridor_id": "B 27", "highway": "trunk", "length": 1282.2564169372165, "metapath_priority": "None", "is_metapath_hard": false, "metapath_pairs": "" }, "geometry": { "type": "LineString", "coordinates": [ [ 9.1967586, 48.8769689 ], [ 9.1967851, 48.8767702 ], [ 9.1968237, 48.8762876 ], [ 9.196821, 48.8756438 ], [ 9.196773, 48.8749773 ], [ 9.1967255, 48.8746022 ], [ 9.1966847, 48.8742792 ], [ 9.1966581, 48.874069 ], [ 9.1965435, 48.8732383 ], [ 9.1964833, 48.872732 ], [ 9.1964532, 48.8722269 ], [ 9.1964491, 48.8717918 ], [ 9.1964474, 48.8716081 ], [ 9.1964704, 48.8711033 ], [ 9.1965159, 48.8706336 ], [ 9.1966426, 48.8699531 ], [ 9.1969151, 48.8687389 ], [ 9.1971684, 48.8676983 ], [ 9.1972317, 48.867402 ], [ 9.1972763, 48.867099 ], [ 9.1973052, 48.8667452 ], [ 9.1973066, 48.8666695 ], [ 9.1973095, 48.8665145 ], [ 9.1972948, 48.8662812 ], [ 9.1972584, 48.8659737 ], [ 9.197209, 48.8657319 ], [ 9.1971416, 48.8654929 ] ] } },
{ "type": "Feature", "properties": { "segment_id": "S184", "corridor_id": "B 27", "highway": "trunk_link", "length": 84.627329057526808, "metapath_priority": "None", "is_metapath_hard": false, "metapath_pairs": "" }, "geometry": { "type": "LineString", "coordinates": [ [ 9.1972357, 48.8782069 ], [ 9.1972316, 48.8783184 ], [ 9.1971432, 48.8786133 ], [ 9.1970695, 48.8787867 ], [ 9.1970283, 48.878838 ], [ 9.1969788, 48.8788763 ], [ 9.1969045, 48.8789122 ] ] } },
{ "type": "Feature", "properties": { "segment_id": "S185", "corridor_id": "B 27", "highway": "trunk_link", "length": 78.290265207440683, "metapath_priority": "None", "is_metapath_hard": false, "metapath_pairs": "" }, "geometry": { "type": "LineString", "coordinates": [ [ 9.1972357, 48.8782069 ], [ 9.1971808, 48.8781369 ], [ 9.1971162, 48.8780912 ], [ 9.1970215, 48.8780565 ], [ 9.196907, 48.8780671 ], [ 9.1968091, 48.8780997 ], [ 9.1967266, 48.8781624 ], [ 9.1966652, 48.8782528 ], [ 9.1966297, 48.8783325 ], [ 9.1965527, 48.8783924 ] ] } },
{ "type": "Feature", "properties": { "segment_id": "S186", "corridor_id": "B 27", "highway": "trunk_link", "length": 43.35159025456953, "metapath_priority": "None", "is_metapath_hard": false, "metapath_pairs": "" }, "geometry": { "type": "LineString", "coordinates": [ [ 9.1952348, 48.8787575 ], [ 9.1954142, 48.8787206 ], [ 9.1955189, 48.878673 ], [ 9.1956327, 48.8785922 ], [ 9.1956867, 48.8785291 ] ] } },
{ "type": "Feature", "properties": { "segment_id": "S187", "corridor_id": "B 14", "highway": "trunk", "length": 267.23499549745361, "metapath_priority": "None", "is_metapath_hard": false, "metapath_pairs": "" }, "geometry": { "type": "LineString", "coordinates": [ [ 9.3436696, 48.8373647 ], [ 9.3437449, 48.837444 ], [ 9.3440721, 48.8378384 ], [ 9.344392, 48.8382646 ], [ 9.3446319, 48.8386819 ], [ 9.3448307, 48.8390555 ], [ 9.3449761, 48.8394015 ], [ 9.3450626, 48.8395765 ] ] } },
{ "type": "Feature", "properties": { "segment_id": "S188", "corridor_id": "segment_188", "highway": "trunk_link", "length": 417.44204232845823, "metapath_priority": "None", "is_metapath_hard": false, "metapath_pairs": "" }, "geometry": { "type": "LineString", "coordinates": [ [ 9.3436696, 48.8373647 ], [ 9.3438297, 48.8374118 ], [ 9.3441136, 48.8376672 ], [ 9.3443136, 48.8378199 ], [ 9.3444984, 48.8379389 ], [ 9.3446527, 48.8380244 ], [ 9.3448133, 48.8381038 ], [ 9.3449881, 48.8381737 ], [ 9.3452337, 48.8382461 ], [ 9.3456895, 48.8383521 ], [ 9.3459253, 48.8384183 ], [ 9.3460677, 48.8384747 ], [ 9.3462453, 48.838573 ], [ 9.3463481, 48.8386521 ], [ 9.3464332, 48.8387303 ], [ 9.3464793, 48.8387878 ], [ 9.3465474, 48.8388833 ], [ 9.3465885, 48.8389697 ], [ 9.3466117, 48.8390493 ], [ 9.3466551, 48.8392237 ], [ 9.3467632, 48.8400051 ], [ 9.3467671, 48.8400385 ], [ 9.3467816, 48.8401255 ] ] } },
{ "type": "Feature", "properties": { "segment_id": "S189", "corridor_id": "B 14", "highway": "trunk", "length": 771.17311705574753, "metapath_priority": "None", "is_metapath_hard": false, "metapath_pairs": "" }, "geometry": { "type": "LineString", "coordinates": [ [ 9.330878, 48.8203629 ], [ 9.3313006, 48.8207242 ], [ 9.3317476, 48.8211283 ], [ 9.331936, 48.8213085 ], [ 9.3322768, 48.821678 ], [ 9.332525, 48.8219851 ], [ 9.3327273, 48.8222522 ], [ 9.3329165, 48.8225466 ], [ 9.3330941, 48.8228518 ], [ 9.3332741, 48.8232148 ], [ 9.3334178, 48.8235506 ], [ 9.3335028, 48.8237849 ], [ 9.3335721, 48.8240181 ], [ 9.3336174, 48.8241956 ], [ 9.3336825, 48.8245288 ], [ 9.3337172, 48.8247708 ], [ 9.3337343, 48.8250132 ], [ 9.3337494, 48.825297 ], [ 9.3337412, 48.8255588 ], [ 9.3336931, 48.8259946 ], [ 9.3336501, 48.8262551 ], [ 9.3335925, 48.8265605 ], [ 9.3335293, 48.8268293 ] ] } },
{ "type": "Feature", "properties": { "segment_id": "S190", "corridor_id": "B 29", "highway": "trunk", "length": 534.17264770582744, "metapath_priority": "None", "is_metapath_hard": false, "metapath_pairs": "" }, "geometry": { "type": "LineString", "coordinates": [ [ 9.3211419, 48.8173352 ], [ 9.3217733, 48.817283 ], [ 9.3223859, 48.8173049 ], [ 9.3229591, 48.8173336 ], [ 9.3233695, 48.817364 ], [ 9.3235609, 48.8173805 ], [ 9.3237952, 48.8174013 ], [ 9.3240417, 48.8174286 ], [ 9.3242843, 48.8174594 ], [ 9.3245298, 48.8174926 ], [ 9.3247539, 48.8175284 ], [ 9.3254715, 48.8176534 ], [ 9.3269169, 48.817961 ], [ 9.3272491, 48.8180274 ], [ 9.3276495, 48.8181014 ], [ 9.3279858, 48.8181534 ], [ 9.3282605, 48.8181908 ] ] } },
{ "type": "Feature", "properties": { "segment_id": "S191", "corridor_id": "B 14", "highway": "trunk", "length": 815.54383304667738, "metapath_priority": "None", "is_metapath_hard": false, "metapath_pairs": "" }, "geometry": { "type": "LineString", "coordinates": [ [ 9.3211419, 48.8173352 ], [ 9.3220767, 48.8173899 ], [ 9.3229498, 48.8174664 ], [ 9.3231854, 48.8174913 ], [ 9.3234245, 48.8175196 ], [ 9.323659, 48.8175491 ], [ 9.3238992, 48.8175823 ], [ 9.3241263, 48.8176159 ], [ 9.3243608, 48.8176537 ], [ 9.3246022, 48.8176944 ], [ 9.3248308, 48.8177354 ], [ 9.3250683, 48.8177824 ], [ 9.3253049, 48.8178305 ], [ 9.3257603, 48.8179281 ], [ 9.3261896, 48.8180309 ], [ 9.3265627, 48.8181269 ], [ 9.3269473, 48.818234 ], [ 9.3273221, 48.8183518 ], [ 9.3278418, 48.8185351 ], [ 9.3282558, 48.8187033 ], [ 9.3287015, 48.818906 ], [ 9.3290799, 48.8191084 ], [ 9.3294512, 48.819329 ], [ 9.3297262, 48.8195082 ], [ 9.3302296, 48.8198521 ], [ 9.3306097, 48.8201504 ], [ 9.330878, 48.8203629 ] ] } },
{ "type": "Feature", "properties": { "segment_id": "S192", "corridor_id": "B 29", "highway": "trunk", "length": 975.2821880674561, "metapath_priority": "None", "is_metapath_hard": false, "metapath_pairs": "" }, "geometry": { "type": "LineString", "coordinates": [ [ 9.3343004, 48.8174954 ], [ 9.3338567, 48.8177033 ], [ 9.3334588, 48.8178732 ], [ 9.3331019, 48.8180058 ], [ 9.3326886, 48.8181431 ], [ 9.332291, 48.8182612 ], [ 9.3319416, 48.8183471 ], [ 9.3315693, 48.8184287 ], [ 9.3311866, 48.8184989 ], [ 9.3308775, 48.8185464 ], [ 9.3304463, 48.8185996 ], [ 9.3300704, 48.8186315 ], [ 9.3296785, 48.8186524 ], [ 9.3293251, 48.8186623 ], [ 9.3290233, 48.8186617 ], [ 9.3286982, 48.818652 ], [ 9.3282195, 48.8186225 ], [ 9.3278673, 48.818589 ], [ 9.3275626, 48.8185538 ], [ 9.3271928, 48.818499 ], [ 9.3267059, 48.8184102 ], [ 9.3262272, 48.8183082 ], [ 9.325778, 48.8182009 ], [ 9.325352, 48.8180975 ], [ 9.3248973, 48.8179869 ], [ 9.3246565, 48.8179292 ], [ 9.324426, 48.8178771 ], [ 9.3242001, 48.817828 ], [ 9.3239742, 48.8177812 ], [ 9.3237391, 48.8177374 ], [ 9.3235041, 48.8176962 ], [ 9.3232684, 48.8176581 ], [ 9.3230172, 48.8176234 ], [ 9.3225027, 48.817562 ], [ 9.3220845, 48.8175214 ], [ 9.3216234, 48.8174887 ] ] } },
{ "type": "Feature", "properties": { "segment_id": "S193", "corridor_id": "segment_193", "highway": "trunk_link", "length": 483.37767121457972, "metapath_priority": "None", "is_metapath_hard": false, "metapath_pairs": "" }, "geometry": { "type": "LineString", "coordinates": [ [ 9.3343004, 48.8174954 ], [ 9.3341688, 48.8176233 ], [ 9.3338129, 48.8178095 ], [ 9.3332838, 48.8180546 ], [ 9.3329682, 48.8181849 ], [ 9.3327286, 48.8182732 ], [ 9.3324416, 48.8183639 ], [ 9.3316633, 48.818572 ], [ 9.3313365, 48.8186661 ], [ 9.3310623, 48.818764 ], [ 9.3308549, 48.8188629 ], [ 9.3306865, 48.8189846 ], [ 9.3305765, 48.8190893 ], [ 9.3304919, 48.8191904 ], [ 9.3304412, 48.8192806 ], [ 9.3303992, 48.8194031 ], [ 9.3303818, 48.8195268 ], [ 9.3303907, 48.8196423 ], [ 9.3304219, 48.8197673 ], [ 9.3304785, 48.8198774 ], [ 9.3305449, 48.8199742 ], [ 9.3306462, 48.8200875 ], [ 9.3308017, 48.8202129 ], [ 9.330878, 48.8203629 ] ] } },
{ "type": "Feature", "properties": { "segment_id": "S194", "corridor_id": "B 14", "highway": "trunk", "length": 1035.3707401073586, "metapath_priority": "None", "is_metapath_hard": false, "metapath_pairs": "" }, "geometry": { "type": "LineString", "coordinates": [ [ 9.3216234, 48.8174887 ], [ 9.3210703, 48.8174576 ], [ 9.320628, 48.817432 ], [ 9.3201917, 48.8174135 ], [ 9.3197173, 48.8173897 ], [ 9.3192336, 48.8173666 ], [ 9.3187561, 48.8173393 ], [ 9.3182509, 48.817302 ], [ 9.3177422, 48.8172579 ], [ 9.3172845, 48.8172124 ], [ 9.3167945, 48.8171563 ], [ 9.3162633, 48.8170873 ], [ 9.3157809, 48.8170187 ], [ 9.3153216, 48.8169523 ], [ 9.3148879, 48.8168811 ], [ 9.3143427, 48.816786 ], [ 9.3137806, 48.8166843 ], [ 9.313039, 48.8165384 ], [ 9.3120423, 48.8163325 ], [ 9.3103242, 48.8159809 ], [ 9.3098772, 48.8158902 ], [ 9.3093694, 48.8157958 ], [ 9.3089032, 48.8157126 ], [ 9.3083596, 48.8156192 ], [ 9.3078451, 48.8155482 ] ] } },
{ "type": "Feature", "properties": { "segment_id": "S195", "corridor_id": "B 14", "highway": "trunk", "length": 255.19144313200718, "metapath_priority": "None", "is_metapath_hard": false, "metapath_pairs": "" }, "geometry": { "type": "LineString", "coordinates": [ [ 9.3455287, 48.8433885 ], [ 9.3454747, 48.8430169 ], [ 9.3454143, 48.8426029 ], [ 9.3453333, 48.8418821 ], [ 9.3452636, 48.8414145 ], [ 9.3452051, 48.8411037 ] ] } },
{ "type": "Feature", "properties": { "segment_id": "S196", "corridor_id": "segment_196", "highway": "trunk_link", "length": 390.06132714636533, "metapath_priority": "None", "is_metapath_hard": false, "metapath_pairs": "" }, "geometry": { "type": "LineString", "coordinates": [ [ 9.3455287, 48.8433885 ], [ 9.3454237, 48.8432887 ], [ 9.3453566, 48.8430707 ], [ 9.3452789, 48.8428995 ], [ 9.3451817, 48.8427236 ], [ 9.3450634, 48.8425656 ], [ 9.3449302, 48.8424317 ], [ 9.3448058, 48.8423267 ], [ 9.3446391, 48.8422138 ], [ 9.3444068, 48.8420911 ], [ 9.3441095, 48.8419503 ], [ 9.3439619, 48.8418668 ], [ 9.3438568, 48.8417866 ], [ 9.3437314, 48.8416684 ], [ 9.3436508, 48.8415597 ], [ 9.3435994, 48.8414505 ], [ 9.3435647, 48.8413043 ], [ 9.3435267, 48.8410456 ], [ 9.3434791, 48.8406188 ], [ 9.343439, 48.8403349 ] ] } },
{ "type": "Feature", "properties": { "segment_id": "S197", "corridor_id": "B 14", "highway": "trunk", "length": 1719.0783929069637, "metapath_priority": "None", "is_metapath_hard": false, "metapath_pairs": "" }, "geometry": { "type": "LineString", "coordinates": [ [ 9.3452051, 48.8411037 ], [ 9.3451472, 48.8407556 ], [ 9.3450905, 48.8404451 ], [ 9.3450418, 48.8402105 ], [ 9.3449965, 48.8400319 ], [ 9.3448609, 48.8396088 ], [ 9.3448272, 48.8394904 ], [ 9.3447895, 48.8393578 ], [ 9.3446751, 48.8390914 ], [ 9.3444854, 48.838712 ], [ 9.3442319, 48.8382983 ], [ 9.3439211, 48.837881 ], [ 9.3435271, 48.8374193 ], [ 9.3432376, 48.8371291 ], [ 9.3428782, 48.8368042 ], [ 9.3425047, 48.8365048 ], [ 9.3422287, 48.8363045 ], [ 9.3419114, 48.8360905 ], [ 9.3415685, 48.8358777 ], [ 9.3411997, 48.8356681 ], [ 9.3407494, 48.8354382 ], [ 9.3402176, 48.8351969 ], [ 9.3397696, 48.8350101 ], [ 9.339321, 48.8348359 ], [ 9.3387651, 48.8346313 ], [ 9.3381976, 48.8344203 ], [ 9.3372758, 48.8340705 ], [ 9.3368293, 48.8338835 ], [ 9.3364588, 48.8337157 ], [ 9.3360341, 48.8335027 ], [ 9.3355545, 48.8332349 ], [ 9.3351638, 48.8329782 ], [ 9.3348586, 48.8327507 ], [ 9.3345691, 48.8325123 ], [ 9.3342836, 48.832244 ], [ 9.3340793, 48.8320351 ], [ 9.3338511, 48.8317628 ], [ 9.3336393, 48.8314661 ], [ 9.3334774, 48.831213 ], [ 9.3333578, 48.831004 ], [ 9.3332558, 48.8307927 ], [ 9.3331486, 48.8305281 ], [ 9.3330855, 48.8303408 ], [ 9.3330196, 48.8301186 ], [ 9.3329659, 48.8298446 ], [ 9.332926, 48.8295429 ], [ 9.3329111, 48.8292525 ], [ 9.3329058, 48.8290625 ], [ 9.3329106, 48.8289335 ] ] } },
{ "type": "Feature", "properties": { "segment_id": "S198", "corridor_id": "segment_198", "highway": "trunk_link", "length": 29.461234617208223, "metapath_priority": "None", "is_metapath_hard": false, "metapath_pairs": "" }, "geometry": { "type": "LineString", "coordinates": [ [ 9.3435784, 48.8403276 ], [ 9.3436066, 48.8405919 ] ] } },
{ "type": "Feature", "properties": { "segment_id": "S199", "corridor_id": "segment_199", "highway": "trunk_link", "length": 31.215507626123923, "metapath_priority": "None", "is_metapath_hard": false, "metapath_pairs": "" }, "geometry": { "type": "LineString", "coordinates": [ [ 9.3466525, 48.8401329 ], [ 9.3466402, 48.8400478 ], [ 9.3466334, 48.8400223 ], [ 9.3466076, 48.8398538 ] ] } },
{ "type": "Feature", "properties": { "segment_id": "S200", "corridor_id": "B 14", "highway": "trunk_link", "length": 285.59239103565415, "metapath_priority": "None", "is_metapath_hard": false, "metapath_pairs": "" }, "geometry": { "type": "LineString", "coordinates": [ [ 9.3329106, 48.8289335 ], [ 9.332879, 48.8285435 ], [ 9.3328777, 48.8284252 ], [ 9.3328616, 48.8283422 ], [ 9.3328158, 48.8282223 ], [ 9.3327677, 48.8281444 ], [ 9.3326967, 48.8280757 ], [ 9.332568, 48.8280022 ], [ 9.3324539, 48.8279643 ], [ 9.332322, 48.8279444 ], [ 9.3321937, 48.827944 ], [ 9.3320689, 48.8279594 ], [ 9.3319577, 48.8279908 ], [ 9.3318578, 48.8280374 ], [ 9.331774, 48.8280976 ], [ 9.3317123, 48.8281682 ], [ 9.3316716, 48.8282472 ], [ 9.3316533, 48.8283439 ], [ 9.3316389, 48.828517 ], [ 9.3316162, 48.8289218 ], [ 9.3316108, 48.8290707 ] ] } },
{ "type": "Feature", "properties": { "segment_id": "S201", "corridor_id": "B 14", "highway": "trunk", "length": 214.08081095606434, "metapath_priority": "None", "is_metapath_hard": false, "metapath_pairs": "" }, "geometry": { "type": "LineString", "coordinates": [ [ 9.3329106, 48.8289335 ], [ 9.3330186, 48.8282504 ], [ 9.3331191, 48.8277904 ], [ 9.3333116, 48.8270271 ] ] } },
{ "type": "Feature", "properties": { "segment_id": "S202", "corridor_id": "B 14", "highway": "trunk", "length": 914.7488240773805, "metapath_priority": "None", "is_metapath_hard": false, "metapath_pairs": "" }, "geometry": { "type": "LineString", "coordinates": [ [ 9.3333116, 48.8270271 ], [ 9.3334268, 48.8265637 ], [ 9.3334937, 48.826194 ], [ 9.3335402, 48.8258965 ], [ 9.3335717, 48.8255519 ], [ 9.3335778, 48.8253068 ], [ 9.3335685, 48.8250326 ], [ 9.3335482, 48.8247823 ], [ 9.3335182, 48.8245479 ], [ 9.3334553, 48.8242183 ], [ 9.3334061, 48.8240362 ], [ 9.3333484, 48.8238402 ], [ 9.3332566, 48.8235746 ], [ 9.3331177, 48.8232501 ], [ 9.3329323, 48.8228784 ], [ 9.3327639, 48.82259 ], [ 9.3325654, 48.8222926 ], [ 9.3323654, 48.8220319 ], [ 9.3321235, 48.8217446 ], [ 9.3317923, 48.821386 ], [ 9.331595, 48.8211886 ], [ 9.3313332, 48.8209529 ], [ 9.3311222, 48.8207807 ], [ 9.3309072, 48.8206125 ], [ 9.3306631, 48.8204322 ], [ 9.3303227, 48.8202022 ], [ 9.3299179, 48.8199533 ], [ 9.3296523, 48.8198041 ], [ 9.3293974, 48.8196669 ] ] } },
{ "type": "Feature", "properties": { "segment_id": "S203", "corridor_id": "B 14", "highway": "trunk", "length": 1310.7694603900952, "metapath_priority": "None", "is_metapath_hard": false, "metapath_pairs": "" }, "geometry": { "type": "LineString", "coordinates": [ [ 9.3331232, 48.8286646 ], [ 9.333111, 48.8287324 ], [ 9.3330874, 48.8290208 ], [ 9.3330843, 48.8292716 ], [ 9.3330896, 48.8295384 ], [ 9.3331295, 48.8298395 ], [ 9.3331869, 48.8301081 ], [ 9.3332993, 48.8304698 ], [ 9.3334168, 48.8307665 ], [ 9.3335128, 48.8309762 ], [ 9.3336287, 48.8311796 ], [ 9.33378, 48.8314163 ], [ 9.3339979, 48.8317122 ], [ 9.3342175, 48.8319733 ], [ 9.3344233, 48.8321882 ], [ 9.3347144, 48.8324613 ], [ 9.3349798, 48.8326801 ], [ 9.3352706, 48.8328957 ], [ 9.3356736, 48.8331594 ], [ 9.3361515, 48.8334268 ], [ 9.3365322, 48.8336188 ], [ 9.336916, 48.8337929 ], [ 9.3374848, 48.8340249 ], [ 9.3382648, 48.8343238 ], [ 9.3388604, 48.8345404 ], [ 9.339421, 48.8347471 ], [ 9.3398407, 48.8349103 ], [ 9.3402685, 48.8350887 ], [ 9.3408246, 48.8353424 ], [ 9.3413153, 48.8355885 ], [ 9.3416823, 48.8358026 ], [ 9.3420044, 48.8359991 ], [ 9.3423526, 48.8362327 ], [ 9.3426633, 48.8364599 ], [ 9.3430179, 48.836746 ], [ 9.3433732, 48.8370633 ], [ 9.3436696, 48.8373647 ] ] } },
{ "type": "Feature", "properties": { "segment_id": "S204", "corridor_id": "B 14", "highway": "trunk", "length": 206.28315515524173, "metapath_priority": "None", "is_metapath_hard": false, "metapath_pairs": "" }, "geometry": { "type": "LineString", "coordinates": [ [ 9.3335293, 48.8268293 ], [ 9.3334233, 48.8272358 ], [ 9.33328, 48.8278116 ], [ 9.3331232, 48.8286646 ] ] } },
{ "type": "Feature", "properties": { "segment_id": "S205", "corridor_id": "segment_205", "highway": "trunk_link", "length": 353.23061301756013, "metapath_priority": "None", "is_metapath_hard": false, "metapath_pairs": "" }, "geometry": { "type": "LineString", "coordinates": [ [ 9.3335293, 48.8268293 ], [ 9.33359, 48.8270167 ], [ 9.3335751, 48.8272032 ], [ 9.3335952, 48.8273489 ], [ 9.3336262, 48.8274645 ], [ 9.333682, 48.82759 ], [ 9.333755, 48.8276877 ], [ 9.3338357, 48.8277693 ], [ 9.3339663, 48.827865 ], [ 9.3341129, 48.8279722 ], [ 9.3342201, 48.8280655 ], [ 9.3342865, 48.8281558 ], [ 9.3343268, 48.8282421 ], [ 9.33435, 48.8283418 ], [ 9.3343502, 48.8284607 ], [ 9.334325, 48.8285841 ], [ 9.3342954, 48.8287276 ], [ 9.3342642, 48.8288422 ], [ 9.3342141, 48.828924 ], [ 9.3341454, 48.8290046 ], [ 9.3340342, 48.8290846 ], [ 9.3339212, 48.8291402 ], [ 9.3337952, 48.8291845 ], [ 9.333685, 48.829208 ], [ 9.3335637, 48.829218 ], [ 9.3334374, 48.8292133 ], [ 9.3331902, 48.8291919 ], [ 9.3329975, 48.8291573 ] ] } },
{ "type": "Feature", "properties": { "segment_id": "S206", "corridor_id": "B 14", "highway": "trunk_link", "length": 10.075907871200144, "metapath_priority": "None", "is_metapath_hard": false, "metapath_pairs": "" }, "geometry": { "type": "LineString", "coordinates": [ [ 9.3316108, 48.8290707 ], [ 9.3314733, 48.8290665 ] ] } },
{ "type": "Feature", "properties": { "segment_id": "S207", "corridor_id": "B 14", "highway": "trunk_link", "length": 101.96287321959119, "metapath_priority": "None", "is_metapath_hard": false, "metapath_pairs": "" }, "geometry": { "type": "LineString", "coordinates": [ [ 9.3316108, 48.8290707 ], [ 9.3317042, 48.8290765 ], [ 9.3329975, 48.8291573 ] ] } },
{ "type": "Feature", "properties": { "segment_id": "S208", "corridor_id": "segment_208", "highway": "trunk_link", "length": 288.41154201113983, "metapath_priority": "None", "is_metapath_hard": false, "metapath_pairs": "" }, "geometry": { "type": "LineString", "coordinates": [ [ 9.3329975, 48.8291573 ], [ 9.3333672, 48.8291562 ], [ 9.3335456, 48.8291509 ], [ 9.3336849, 48.8291289 ], [ 9.3338186, 48.8290835 ], [ 9.3339291, 48.829022 ], [ 9.3340222, 48.8289518 ], [ 9.3340873, 48.8288724 ], [ 9.3341343, 48.8287624 ], [ 9.3341741, 48.8285898 ], [ 9.334196, 48.828464 ], [ 9.3341892, 48.8283541 ], [ 9.3341638, 48.8282742 ], [ 9.3341048, 48.8281983 ], [ 9.3340089, 48.828132 ], [ 9.3339004, 48.8280896 ], [ 9.3337749, 48.8280702 ], [ 9.3336434, 48.8280745 ], [ 9.3335161, 48.8281056 ], [ 9.3334312, 48.8281472 ], [ 9.3333385, 48.8282176 ], [ 9.333272, 48.8283113 ], [ 9.3331232, 48.8286646 ] ] } },
{ "type": "Feature", "properties": { "segment_id": "S209", "corridor_id": "B 14", "highway": "trunk_link", "length": 101.96287321959119, "metapath_priority": "None", "is_metapath_hard": false, "metapath_pairs": "" }, "geometry": { "type": "LineString", "coordinates": [ [ 9.3329975, 48.8291573 ], [ 9.3317042, 48.8290765 ], [ 9.3316108, 48.8290707 ] ] } },
{ "type": "Feature", "properties": { "segment_id": "S210", "corridor_id": "B 14", "highway": "trunk", "length": 623.16169729964713, "metapath_priority": "None", "is_metapath_hard": false, "metapath_pairs": "" }, "geometry": { "type": "LineString", "coordinates": [ [ 9.3293974, 48.8196669 ], [ 9.3291682, 48.8195542 ], [ 9.3289332, 48.8194402 ], [ 9.3285193, 48.8192595 ], [ 9.3281892, 48.8191294 ], [ 9.3278797, 48.8190162 ], [ 9.3274087, 48.8188566 ], [ 9.3270313, 48.8187318 ], [ 9.3264956, 48.8185685 ], [ 9.3257671, 48.8183605 ], [ 9.3253204, 48.8182342 ], [ 9.3248611, 48.8181139 ], [ 9.3246375, 48.8180526 ], [ 9.3244093, 48.8179956 ], [ 9.3241748, 48.8179382 ], [ 9.3239501, 48.8178884 ], [ 9.3237081, 48.8178381 ], [ 9.3234753, 48.8177921 ], [ 9.3230878, 48.8177211 ], [ 9.3226685, 48.8176586 ], [ 9.3221387, 48.8175953 ], [ 9.3216234, 48.8174887 ] ] } },
{ "type": "Feature", "properties": { "segment_id": "S211", "corridor_id": "segment_211", "highway": "trunk_link", "length": 687.07357269671229, "metapath_priority": "None", "is_metapath_hard": false, "metapath_pairs": "" }, "geometry": { "type": "LineString", "coordinates": [ [ 9.3293974, 48.8196669 ], [ 9.3291851, 48.8196357 ], [ 9.3288866, 48.8195188 ], [ 9.3285804, 48.8194085 ], [ 9.328223, 48.8193038 ], [ 9.3278377, 48.8192067 ], [ 9.3274899, 48.8191381 ], [ 9.3269205, 48.8190394 ], [ 9.326482, 48.8189714 ], [ 9.3261376, 48.8189112 ], [ 9.3258035, 48.8188369 ], [ 9.3255718, 48.8187736 ], [ 9.3254145, 48.8187118 ], [ 9.3252626, 48.818636 ], [ 9.3251301, 48.8185461 ], [ 9.3250459, 48.8184634 ], [ 9.3249854, 48.8183741 ], [ 9.3249491, 48.8183011 ], [ 9.3249343, 48.8182221 ], [ 9.3249313, 48.8181704 ], [ 9.324935, 48.8180877 ], [ 9.3249489, 48.8180309 ], [ 9.3249776, 48.817958 ], [ 9.3249982, 48.8179196 ], [ 9.325065, 48.8178331 ], [ 9.3251311, 48.8177664 ], [ 9.3252076, 48.8177121 ], [ 9.3252858, 48.8176608 ], [ 9.3253907, 48.8176094 ], [ 9.3255201, 48.8175746 ], [ 9.3256552, 48.8175494 ], [ 9.3258021, 48.8175361 ], [ 9.3259788, 48.8175362 ], [ 9.3261443, 48.817554 ], [ 9.3263198, 48.8175972 ], [ 9.3269431, 48.8177949 ], [ 9.327395, 48.8179291 ], [ 9.3276702, 48.8180009 ], [ 9.3279062, 48.8180583 ], [ 9.3280858, 48.8180905 ], [ 9.3282605, 48.8181908 ] ] } },
{ "type": "Feature", "properties": { "segment_id": "S212", "corridor_id": "B 29", "highway": "trunk", "length": 1583.056626957341, "metapath_priority": "None", "is_metapath_hard": false, "metapath_pairs": "" }, "geometry": { "type": "LineString", "coordinates": [ [ 9.3282605, 48.8181908 ], [ 9.328554, 48.8182199 ], [ 9.3291038, 48.8182605 ], [ 9.3294021, 48.8182726 ], [ 9.3298635, 48.8182717 ], [ 9.3302679, 48.8182596 ], [ 9.3306194, 48.8182369 ], [ 9.3310561, 48.8181998 ], [ 9.331499, 48.8181395 ], [ 9.3319103, 48.8180681 ], [ 9.3322806, 48.8179938 ], [ 9.3326245, 48.8179172 ], [ 9.3329602, 48.817829 ], [ 9.3335198, 48.8176495 ], [ 9.3337454, 48.8175681 ], [ 9.3340405, 48.8174515 ], [ 9.3343556, 48.8173192 ], [ 9.3349385, 48.8170505 ], [ 9.335347, 48.8168553 ], [ 9.3359526, 48.8165563 ], [ 9.3365063, 48.8162901 ], [ 9.3371003, 48.8160126 ], [ 9.337656, 48.8157781 ], [ 9.338184, 48.8155682 ], [ 9.3386807, 48.815388 ], [ 9.3391594, 48.8152183 ], [ 9.3395828, 48.8150816 ], [ 9.3400182, 48.8149489 ], [ 9.3405511, 48.8147967 ], [ 9.3413962, 48.8145816 ], [ 9.342121, 48.8144269 ], [ 9.3428302, 48.8142892 ], [ 9.3434485, 48.8141845 ], [ 9.344017, 48.8141024 ], [ 9.3446293, 48.8140293 ], [ 9.3451976, 48.8139736 ], [ 9.3458511, 48.8139231 ], [ 9.3463045, 48.8138952 ], [ 9.3466321, 48.8138769 ], [ 9.3471761, 48.8138594 ], [ 9.3477087, 48.8138495 ], [ 9.3482828, 48.8138535 ] ] } },
{ "type": "Feature", "properties": { "segment_id": "S213", "corridor_id": "segment_213", "highway": "trunk", "length": 1071.5168379584493, "metapath_priority": "None", "is_metapath_hard": false, "metapath_pairs": "" }, "geometry": { "type": "LineString", "coordinates": [ [ 9.2943413, 48.8167144 ], [ 9.2944515, 48.8166856 ], [ 9.2950014, 48.8165191 ], [ 9.2957318, 48.8162824 ], [ 9.2964031, 48.8160574 ], [ 9.2967528, 48.8159423 ], [ 9.297251, 48.8157813 ], [ 9.2975614, 48.8156923 ], [ 9.2980017, 48.815575 ], [ 9.2984741, 48.8154599 ], [ 9.2989332, 48.815359 ], [ 9.2991579, 48.8153134 ], [ 9.2993968, 48.8152683 ], [ 9.2996406, 48.8152258 ], [ 9.2998855, 48.8151862 ], [ 9.3001158, 48.8151512 ], [ 9.3003521, 48.8151185 ], [ 9.300608, 48.8150872 ], [ 9.3008974, 48.8150553 ], [ 9.3011219, 48.8150331 ], [ 9.3013751, 48.8150103 ], [ 9.3016195, 48.8149898 ], [ 9.3018646, 48.8149746 ], [ 9.3021049, 48.8149616 ], [ 9.3023453, 48.8149527 ], [ 9.3025965, 48.814946 ], [ 9.3028449, 48.8149424 ], [ 9.3030907, 48.8149411 ], [ 9.303331, 48.8149428 ], [ 9.3035775, 48.8149482 ], [ 9.3038178, 48.8149563 ], [ 9.3040629, 48.814967 ], [ 9.3043018, 48.8149813 ], [ 9.3045517, 48.8149992 ], [ 9.3050439, 48.8150394 ], [ 9.3055123, 48.8150846 ], [ 9.3059977, 48.8151413 ], [ 9.3062507, 48.8151721 ], [ 9.3074956, 48.8153298 ], [ 9.3079137, 48.8153927 ], [ 9.308368, 48.8155186 ] ] } },
{ "type": "Feature", "properties": { "segment_id": "S214", "corridor_id": "segment_214", "highway": "trunk_link", "length": 185.5520569997897, "metapath_priority": "None", "is_metapath_hard": false, "metapath_pairs": "" }, "geometry": { "type": "LineString", "coordinates": [ [ 9.2944983, 48.8173601 ], [ 9.2942971, 48.8176839 ], [ 9.2941242, 48.8179464 ], [ 9.2939964, 48.8181346 ], [ 9.293885, 48.8183179 ], [ 9.2937427, 48.8185336 ], [ 9.2936594, 48.8186448 ], [ 9.2935944, 48.8187296 ], [ 9.2934699, 48.8188842 ] ] } },
{ "type": "Feature", "properties": { "segment_id": "S215", "corridor_id": "segment_215", "highway": "trunk_link", "length": 796.94827645098781, "metapath_priority": "None", "is_metapath_hard": false, "metapath_pairs": "" }, "geometry": { "type": "LineString", "coordinates": [ [ 9.2914416, 48.8109844 ], [ 9.2918399, 48.8113275 ], [ 9.2919845, 48.8114535 ], [ 9.2921514, 48.8115861 ], [ 9.2923129, 48.8117 ], [ 9.2928203, 48.8120447 ], [ 9.2929994, 48.8121667 ], [ 9.2931663, 48.8122872 ], [ 9.293327, 48.8124086 ], [ 9.2934847, 48.8125341 ], [ 9.2936316, 48.8126566 ], [ 9.2937675, 48.8127824 ], [ 9.2939072, 48.8129187 ], [ 9.2940358, 48.8130553 ], [ 9.2941949, 48.8132347 ], [ 9.294273, 48.813333 ], [ 9.2943802, 48.8134741 ], [ 9.2944751, 48.8136147 ], [ 9.2945677, 48.8137644 ], [ 9.2946557, 48.8139176 ], [ 9.2947299, 48.8140673 ], [ 9.2947881, 48.8141893 ], [ 9.2948624, 48.8143828 ], [ 9.2949167, 48.8145431 ], [ 9.2949626, 48.8147004 ], [ 9.2950292, 48.8150199 ], [ 9.2950491, 48.8151882 ], [ 9.2950598, 48.8153465 ], [ 9.2950667, 48.8154952 ], [ 9.2950598, 48.8157043 ], [ 9.2950483, 48.8158248 ], [ 9.2950231, 48.815985 ], [ 9.2949955, 48.8161468 ], [ 9.2949557, 48.8163005 ], [ 9.2949159, 48.8164447 ], [ 9.2948373, 48.8166631 ], [ 9.2947325, 48.8169211 ], [ 9.294654, 48.8170796 ], [ 9.2945782, 48.8172217 ], [ 9.2944983, 48.8173601 ] ] } },
{ "type": "Feature", "properties": { "segment_id": "S216", "corridor_id": "B 14", "highway": "trunk", "length": 1433.9266121583103, "metapath_priority": "None", "is_metapath_hard": false, "metapath_pairs": "" }, "geometry": { "type": "LineString", "coordinates": [ [ 9.2914416, 48.8109844 ], [ 9.2915462, 48.811142 ], [ 9.2916546, 48.811288 ], [ 9.2917707, 48.8114339 ], [ 9.2918868, 48.8115759 ], [ 9.2920071, 48.811718 ], [ 9.2921322, 48.8118557 ], [ 9.2922615, 48.8119891 ], [ 9.2924007, 48.812128 ], [ 9.2925415, 48.8122608 ], [ 9.2926774, 48.8123839 ], [ 9.2928379, 48.8125238 ], [ 9.2929969, 48.8126518 ], [ 9.2931591, 48.8127787 ], [ 9.2933139, 48.8128953 ], [ 9.2934811, 48.8130157 ], [ 9.2936466, 48.8131268 ], [ 9.2938211, 48.8132412 ], [ 9.2939883, 48.8133443 ], [ 9.2941703, 48.8134538 ], [ 9.294335, 48.8135509 ], [ 9.2947212, 48.8137575 ], [ 9.2951296, 48.8139554 ], [ 9.2955356, 48.8141343 ], [ 9.2957431, 48.8142195 ], [ 9.2959531, 48.8143008 ], [ 9.2961647, 48.8143783 ], [ 9.2964076, 48.8144618 ], [ 9.2965978, 48.8145242 ], [ 9.2968226, 48.8145925 ], [ 9.2970491, 48.8146592 ], [ 9.2972796, 48.8147227 ], [ 9.2975077, 48.8147823 ], [ 9.2977301, 48.8148365 ], [ 9.2979557, 48.814887 ], [ 9.2981962, 48.8149385 ], [ 9.2984243, 48.8149808 ], [ 9.2986721, 48.8150247 ], [ 9.2989051, 48.8150621 ], [ 9.2991398, 48.8150952 ], [ 9.299377, 48.8151266 ], [ 9.2996281, 48.8151548 ], [ 9.3001815, 48.8151993 ], [ 9.3003783, 48.8152161 ], [ 9.3006311, 48.815228 ], [ 9.3008436, 48.8152362 ], [ 9.3010881, 48.815241 ], [ 9.3013294, 48.8152383 ], [ 9.301821, 48.8152313 ], [ 9.3025542, 48.8152106 ], [ 9.303295, 48.8151944 ], [ 9.304041, 48.8151852 ], [ 9.3042889, 48.8151841 ], [ 9.3045277, 48.8151874 ], [ 9.3047904, 48.8151928 ], [ 9.3052845, 48.8152085 ], [ 9.305515, 48.8152215 ], [ 9.3057695, 48.8152351 ], [ 9.3060206, 48.8152492 ], [ 9.3062536, 48.8152677 ], [ 9.3064949, 48.8152888 ], [ 9.3068283, 48.8153159 ], [ 9.3074229, 48.8153842 ], [ 9.3077747, 48.815429 ], [ 9.308368, 48.8155186 ] ] } },
{ "type": "Feature", "properties": { "segment_id": "S217", "corridor_id": "B 14", "highway": "trunk", "length": 960.74576163726397, "metapath_priority": "None", "is_metapath_hard": false, "metapath_pairs": "" }, "geometry": { "type": "LineString", "coordinates": [ [ 9.308368, 48.8155186 ], [ 9.3087332, 48.815576 ], [ 9.3092228, 48.815665 ], [ 9.3097055, 48.815755 ], [ 9.3102902, 48.8158721 ], [ 9.3107938, 48.8159734 ], [ 9.312596, 48.8163424 ], [ 9.3131032, 48.81645 ], [ 9.3135577, 48.8165429 ], [ 9.3140268, 48.8166307 ], [ 9.3145073, 48.8167181 ], [ 9.3150132, 48.8168012 ], [ 9.3153708, 48.8168599 ], [ 9.3156943, 48.8169065 ], [ 9.3161932, 48.8169765 ], [ 9.3166623, 48.8170388 ], [ 9.3171352, 48.8170904 ], [ 9.3176295, 48.8171442 ], [ 9.3180847, 48.8171881 ], [ 9.3185796, 48.8172268 ], [ 9.3190833, 48.8172574 ], [ 9.3195747, 48.8172829 ], [ 9.3200588, 48.8173015 ], [ 9.3204707, 48.8173121 ], [ 9.3211419, 48.8173352 ] ] } },
{ "type": "Feature", "properties": { "segment_id": "S218", "corridor_id": "segment_218", "highway": "trunk", "length": 798.25625949475466, "metapath_priority": "None", "is_metapath_hard": false, "metapath_pairs": "" }, "geometry": { "type": "LineString", "coordinates": [ [ 9.3078451, 48.8155482 ], [ 9.3074118, 48.815564 ], [ 9.3068442, 48.8155112 ], [ 9.3063785, 48.8154791 ], [ 9.3060041, 48.8154624 ], [ 9.3056171, 48.8154474 ], [ 9.3052433, 48.8154385 ], [ 9.3047482, 48.8154312 ], [ 9.3042804, 48.8154339 ], [ 9.3037847, 48.8154367 ], [ 9.3032585, 48.815449 ], [ 9.3027736, 48.815462 ], [ 9.3022925, 48.8154803 ], [ 9.3018101, 48.8155004 ], [ 9.3013749, 48.8155227 ], [ 9.3009741, 48.8155418 ], [ 9.3005733, 48.8155675 ], [ 9.3001422, 48.8155984 ], [ 9.2995997, 48.8156477 ], [ 9.2993865, 48.815671 ], [ 9.2991404, 48.8157004 ], [ 9.2986709, 48.8157668 ], [ 9.2982058, 48.815842 ], [ 9.2976201, 48.8159557 ], [ 9.2970557, 48.8160808 ] ] } },
{ "type": "Feature", "properties": { "segment_id": "S219", "corridor_id": "B 14", "highway": "trunk", "length": 1160.6222548678877, "metapath_priority": "None", "is_metapath_hard": false, "metapath_pairs": "" }, "geometry": { "type": "LineString", "coordinates": [ [ 9.3078451, 48.8155482 ], [ 9.3072331, 48.8154656 ], [ 9.3066947, 48.8154053 ], [ 9.3064533, 48.8153837 ], [ 9.3061543, 48.8153603 ], [ 9.3058421, 48.8153374 ], [ 9.3053968, 48.8153137 ], [ 9.3050884, 48.8152999 ], [ 9.3046634, 48.8152894 ], [ 9.3042437, 48.8152829 ], [ 9.3039688, 48.8152854 ], [ 9.3036177, 48.8152892 ], [ 9.3033505, 48.8152934 ], [ 9.3029471, 48.8153022 ], [ 9.302503, 48.8153137 ], [ 9.3018353, 48.8153294 ], [ 9.3015101, 48.8153343 ], [ 9.301181, 48.8153366 ], [ 9.3008376, 48.815333 ], [ 9.3005089, 48.8153187 ], [ 9.3002306, 48.8153042 ], [ 9.2999888, 48.8152874 ], [ 9.2997504, 48.8152665 ], [ 9.2993211, 48.8152209 ], [ 9.2991103, 48.815192 ], [ 9.298829, 48.8151516 ], [ 9.2985931, 48.8151137 ], [ 9.2983637, 48.8150727 ], [ 9.2981349, 48.8150293 ], [ 9.2978973, 48.8149787 ], [ 9.2976632, 48.8149247 ], [ 9.2974437, 48.8148714 ], [ 9.2972108, 48.81481 ], [ 9.2969861, 48.8147498 ], [ 9.2967596, 48.814685 ], [ 9.2965459, 48.8146187 ], [ 9.2963281, 48.8145462 ], [ 9.2960998, 48.8144661 ], [ 9.2958966, 48.8143902 ], [ 9.2956748, 48.8143047 ], [ 9.2954815, 48.8142264 ], [ 9.2952637, 48.8141313 ], [ 9.2950681, 48.8140439 ], [ 9.2948759, 48.8139542 ], [ 9.2944619, 48.8137456 ], [ 9.2942983, 48.8136567 ], [ 9.2941137, 48.8135516 ], [ 9.2939338, 48.8134465 ], [ 9.2937521, 48.8133327 ], [ 9.2935734, 48.8132172 ], [ 9.293408, 48.8131057 ], [ 9.293238, 48.8129849 ], [ 9.2931041, 48.8128906 ] ] } },
{ "type": "Feature", "properties": { "segment_id": "S220", "corridor_id": "B 14", "highway": "trunk", "length": 534.69618093006227, "metapath_priority": "None", "is_metapath_hard": false, "metapath_pairs": "" }, "geometry": { "type": "LineString", "coordinates": [ [ 9.2931041, 48.8128906 ], [ 9.2927397, 48.8125983 ], [ 9.292618, 48.8124967 ], [ 9.2924746, 48.8123688 ], [ 9.2923285, 48.8122333 ], [ 9.2921883, 48.8120954 ], [ 9.2921165, 48.8120222 ], [ 9.2920584, 48.8119635 ], [ 9.2919269, 48.8118256 ], [ 9.2918029, 48.8116831 ], [ 9.2916855, 48.8115416 ], [ 9.2915729, 48.8114015 ], [ 9.2914642, 48.8112575 ], [ 9.2913613, 48.8111146 ], [ 9.2912645, 48.8109703 ], [ 9.2911654, 48.8108124 ], [ 9.2910815, 48.810673 ], [ 9.290989, 48.8105034 ], [ 9.2909202, 48.8103715 ], [ 9.2908419, 48.8102093 ], [ 9.2907738, 48.810056 ], [ 9.2907116, 48.8098973 ], [ 9.2906515, 48.8097387 ], [ 9.2906012, 48.8095886 ], [ 9.2905471, 48.809399 ], [ 9.290513, 48.8092753 ], [ 9.2904431, 48.808956 ], [ 9.2904089, 48.8087324 ], [ 9.2903808, 48.8085215 ] ] } },
{ "type": "Feature", "properties": { "segment_id": "S221", "corridor_id": "B 14", "highway": "trunk", "length": 500.91960869839357, "metapath_priority": "None", "is_metapath_hard": false, "metapath_pairs": "" }, "geometry": { "type": "LineString", "coordinates": [ [ 9.2903808, 48.8085215 ], [ 9.2903619, 48.8082933 ], [ 9.2903466, 48.807989 ], [ 9.2903198, 48.8073402 ], [ 9.2902942, 48.8068692 ], [ 9.2902814, 48.8067044 ], [ 9.2902616, 48.8065379 ], [ 9.2902406, 48.8063738 ], [ 9.2902138, 48.8062242 ], [ 9.2901793, 48.8060545 ], [ 9.2901439, 48.8058945 ], [ 9.2901022, 48.8057426 ], [ 9.29005, 48.805587 ], [ 9.2899834, 48.8054151 ], [ 9.2899242, 48.8052798 ], [ 9.2898468, 48.8051171 ], [ 9.2897703, 48.8049696 ], [ 9.2896822, 48.8048188 ], [ 9.2895883, 48.8046713 ], [ 9.2894837, 48.8045151 ], [ 9.2893848, 48.8043854 ], [ 9.2892706, 48.8042373 ], [ 9.289189, 48.8041419 ] ] } },
{ "type": "Feature", "properties": { "segment_id": "S222", "corridor_id": "B 14", "highway": "trunk_link", "length": 496.7043241013738, "metapath_priority": "None", "is_metapath_hard": false, "metapath_pairs": "" }, "geometry": { "type": "LineString", "coordinates": [ [ 9.2903808, 48.8085215 ], [ 9.2902677, 48.8083966 ], [ 9.2902356, 48.8083085 ], [ 9.2901742, 48.8081309 ], [ 9.290131, 48.8079842 ], [ 9.2900978, 48.8078165 ], [ 9.2900832, 48.8076877 ], [ 9.2900116, 48.8070991 ], [ 9.289953, 48.8067707 ], [ 9.2898751, 48.8064284 ], [ 9.2897934, 48.8061137 ], [ 9.2896217, 48.8055865 ], [ 9.289596, 48.8055186 ], [ 9.2895763, 48.8054639 ], [ 9.2895152, 48.8051992 ], [ 9.2893247, 48.8045834 ], [ 9.289269, 48.8044203 ], [ 9.2892004, 48.8042819 ], [ 9.289189, 48.8041419 ] ] } },
{ "type": "Feature", "properties": { "segment_id": "S223", "corridor_id": "B 14", "highway": "trunk", "length": 150.85529064501168, "metapath_priority": "None", "is_metapath_hard": false, "metapath_pairs": "" }, "geometry": { "type": "LineString", "coordinates": [ [ 9.2892966, 48.8040689 ], [ 9.2893836, 48.8041697 ], [ 9.2894521, 48.8042545 ], [ 9.289565, 48.8044001 ], [ 9.2896703, 48.8045463 ], [ 9.2897676, 48.8046925 ], [ 9.2898562, 48.8048391 ], [ 9.2899393, 48.8049862 ], [ 9.2900185, 48.8051439 ], [ 9.2900921, 48.8053161 ] ] } },
{ "type": "Feature", "properties": { "segment_id": "S224", "corridor_id": "segment_224", "highway": "trunk_link", "length": 267.28304008009462, "metapath_priority": "None", "is_metapath_hard": false, "metapath_pairs": "" }, "geometry": { "type": "LineString", "coordinates": [ [ 9.2892966, 48.8040689 ], [ 9.2894247, 48.8040958 ], [ 9.2895325, 48.8041601 ], [ 9.2896329, 48.8042119 ], [ 9.2898355, 48.8042932 ], [ 9.290101, 48.8043574 ], [ 9.2904084, 48.8043955 ], [ 9.2907065, 48.8044238 ], [ 9.2909388, 48.8044504 ], [ 9.2911536, 48.8044944 ], [ 9.2913464, 48.8045789 ], [ 9.2915242, 48.8047113 ], [ 9.2916379, 48.8048539 ], [ 9.2917103, 48.8050231 ], [ 9.2918288, 48.8053941 ], [ 9.2918412, 48.805433 ] ] } },
{ "type": "Feature", "properties": { "segment_id": "S225", "corridor_id": "B 14", "highway": "trunk", "length": 3884.7729061234854, "metapath_priority": "None", "is_metapath_hard": false, "metapath_pairs": "" }, "geometry": { "type": "LineString", "coordinates": [ [ 9.289189, 48.8041419 ], [ 9.2888548, 48.803793 ], [ 9.2886034, 48.8035593 ], [ 9.2884229, 48.803409 ], [ 9.2881317, 48.8031858 ], [ 9.2879501, 48.8030584 ], [ 9.287631, 48.8028498 ], [ 9.2868964, 48.8025131 ], [ 9.2861969, 48.8022028 ], [ 9.2853229, 48.8018923 ], [ 9.2841425, 48.8016222 ], [ 9.2831059, 48.8014179 ], [ 9.2816092, 48.8011421 ], [ 9.2797352, 48.8008061 ], [ 9.2783484, 48.8005568 ], [ 9.2769301, 48.8003014 ], [ 9.2756277, 48.8000734 ], [ 9.2743338, 48.7998328 ], [ 9.2724722, 48.7995012 ], [ 9.2707786, 48.7992252 ], [ 9.2700607, 48.7991136 ], [ 9.26934, 48.7990185 ], [ 9.268614, 48.7989431 ], [ 9.2674156, 48.7988711 ], [ 9.2661913, 48.7988747 ], [ 9.2650225, 48.7988884 ], [ 9.2640041, 48.7988878 ], [ 9.2635685, 48.7988747 ], [ 9.2633759, 48.7988689 ], [ 9.2627666, 48.7988361 ], [ 9.2622004, 48.7987844 ], [ 9.2615998, 48.7987159 ], [ 9.2607229, 48.7985836 ], [ 9.2602467, 48.7984974 ], [ 9.2597556, 48.7983943 ], [ 9.259128, 48.7982352 ], [ 9.2586678, 48.7981068 ], [ 9.2584008, 48.7980275 ], [ 9.258038, 48.7979075 ], [ 9.2576511, 48.7977705 ], [ 9.2572984, 48.7976386 ], [ 9.2569747, 48.7975116 ], [ 9.2566288, 48.7973627 ], [ 9.2563305, 48.7972252 ], [ 9.2557389, 48.7969316 ], [ 9.2553645, 48.7967316 ], [ 9.2549906, 48.7965149 ], [ 9.2546886, 48.7963234 ], [ 9.2543431, 48.7960887 ], [ 9.2540073, 48.7958587 ], [ 9.2536719, 48.7956086 ], [ 9.2524841, 48.7947156 ], [ 9.25217, 48.7944841 ], [ 9.2518419, 48.7942538 ], [ 9.251474, 48.7940167 ], [ 9.25106, 48.7937573 ], [ 9.2505446, 48.7934689 ], [ 9.2501938, 48.7932868 ], [ 9.2494614, 48.7929283 ], [ 9.2487284, 48.7926236 ], [ 9.2485666, 48.7925563 ], [ 9.2471798, 48.792053 ], [ 9.2462605, 48.7917559 ], [ 9.2456765, 48.7915672 ], [ 9.2448553, 48.7913078 ], [ 9.2422178, 48.7904523 ] ] } },
{ "type": "Feature", "properties": { "segment_id": "S226", "corridor_id": "segment_226", "highway": "trunk_link", "length": 422.98496217724079, "metapath_priority": "None", "is_metapath_hard": false, "metapath_pairs": "" }, "geometry": { "type": "LineString", "coordinates": [ [ 9.2947078, 48.8164155 ], [ 9.2947488, 48.8162345 ], [ 9.2947738, 48.8160758 ], [ 9.2947882, 48.8159153 ], [ 9.294793, 48.8157559 ], [ 9.2947872, 48.8155928 ], [ 9.2947728, 48.815431 ], [ 9.2947478, 48.8152799 ], [ 9.2947133, 48.8151155 ], [ 9.294672, 48.8149669 ], [ 9.2946163, 48.8147975 ], [ 9.2945529, 48.8146413 ], [ 9.2944838, 48.8144915 ], [ 9.2944089, 48.8143429 ], [ 9.294311, 48.8141836 ], [ 9.2942156, 48.8140422 ], [ 9.2941146, 48.8139051 ], [ 9.2939963, 48.8137631 ], [ 9.2939043, 48.8136712 ], [ 9.2936498, 48.8134282 ], [ 9.2931741, 48.8130249 ], [ 9.2931041, 48.8128906 ] ] } },
{ "type": "Feature", "properties": { "segment_id": "S227", "corridor_id": "segment_227", "highway": "trunk_link", "length": 299.14658106481568, "metapath_priority": "None", "is_metapath_hard": false, "metapath_pairs": "" }, "geometry": { "type": "LineString", "coordinates": [ [ 9.2947078, 48.8164155 ], [ 9.2946549, 48.8163072 ], [ 9.2946517, 48.8162018 ], [ 9.2946096, 48.816097 ], [ 9.2945336, 48.8159913 ], [ 9.2944155, 48.8158916 ], [ 9.2943041, 48.8158415 ], [ 9.2941507, 48.8157915 ], [ 9.2940121, 48.8157745 ], [ 9.293865, 48.815772 ], [ 9.2937583, 48.8157843 ], [ 9.2936517, 48.8158082 ], [ 9.2935347, 48.8158476 ], [ 9.2934379, 48.8159014 ], [ 9.2933444, 48.8159673 ], [ 9.2932869, 48.8160316 ], [ 9.2932453, 48.816096 ], [ 9.2932166, 48.8161704 ], [ 9.2932071, 48.8162612 ], [ 9.2932145, 48.8163275 ], [ 9.2932315, 48.8163807 ], [ 9.2932831, 48.8164665 ], [ 9.293347, 48.8165326 ], [ 9.2934505, 48.816607 ], [ 9.2935646, 48.8166613 ], [ 9.2936845, 48.816699 ], [ 9.2938228, 48.8167206 ], [ 9.2939307, 48.8167275 ], [ 9.2940125, 48.8167259 ], [ 9.2941352, 48.816708 ], [ 9.2943413, 48.8167144 ] ] } },
{ "type": "Feature", "properties": { "segment_id": "S228", "corridor_id": "B 14", "highway": "trunk_link", "length": 28.60741921188194, "metapath_priority": "None", "is_metapath_hard": false, "metapath_pairs": "" }, "geometry": { "type": "LineString", "coordinates": [ [ 9.2916686, 48.8054449 ], [ 9.291641, 48.8053176 ], [ 9.2916135, 48.8051902 ] ] } },
{ "type": "Feature", "properties": { "segment_id": "S229", "corridor_id": "B 14", "highway": "trunk_link", "length": 205.6836135258379, "metapath_priority": "None", "is_metapath_hard": false, "metapath_pairs": "" }, "geometry": { "type": "LineString", "coordinates": [ [ 9.2916135, 48.8051902 ], [ 9.2915739, 48.8050269 ], [ 9.2914844, 48.8048565 ], [ 9.2913818, 48.8047615 ], [ 9.2912362, 48.8046764 ], [ 9.2910848, 48.8046265 ], [ 9.2908868, 48.8046027 ], [ 9.29071, 48.8046105 ], [ 9.2905511, 48.8046447 ], [ 9.2904324, 48.804688 ], [ 9.2903076, 48.8047571 ], [ 9.2902186, 48.8048366 ], [ 9.2901675, 48.8049097 ], [ 9.2901305, 48.8049806 ], [ 9.2901105, 48.8050723 ], [ 9.2901173, 48.8051598 ], [ 9.2900921, 48.8053161 ] ] } },
{ "type": "Feature", "properties": { "segment_id": "S230", "corridor_id": "B 14", "highway": "trunk", "length": 3869.5882910792047, "metapath_priority": "None", "is_metapath_hard": false, "metapath_pairs": "" }, "geometry": { "type": "LineString", "coordinates": [ [ 9.2425301, 48.7904402 ], [ 9.244268, 48.7910038 ], [ 9.2457438, 48.7914824 ], [ 9.2464638, 48.7917138 ], [ 9.2472727, 48.7919737 ], [ 9.2484581, 48.792398 ], [ 9.2488113, 48.7925407 ], [ 9.2495745, 48.792861 ], [ 9.2502791, 48.7932078 ], [ 9.2506318, 48.7933938 ], [ 9.2511621, 48.7936933 ], [ 9.2515638, 48.793939 ], [ 9.251946, 48.7941843 ], [ 9.2522679, 48.794409 ], [ 9.2525734, 48.7946251 ], [ 9.2538436, 48.7955842 ], [ 9.2541388, 48.7958066 ], [ 9.2544978, 48.7960573 ], [ 9.2548335, 48.7962801 ], [ 9.2551353, 48.7964658 ], [ 9.2554826, 48.7966653 ], [ 9.2558547, 48.7968633 ], [ 9.2564126, 48.797145 ], [ 9.2567172, 48.7972798 ], [ 9.2570425, 48.7974208 ], [ 9.2573702, 48.7975491 ], [ 9.2577128, 48.7976812 ], [ 9.2580831, 48.7978124 ], [ 9.2584223, 48.7979242 ], [ 9.2587085, 48.79801 ], [ 9.259404, 48.7981996 ], [ 9.2602495, 48.7983902 ], [ 9.2608794, 48.7985115 ], [ 9.2616909, 48.7986272 ], [ 9.2621559, 48.7986829 ], [ 9.2627951, 48.7987375 ], [ 9.2633113, 48.7987672 ], [ 9.2635829, 48.7987751 ], [ 9.2638309, 48.7987824 ], [ 9.264941, 48.7987901 ], [ 9.2661712, 48.7987775 ], [ 9.2674163, 48.7987743 ], [ 9.2683733, 48.798802 ], [ 9.2697975, 48.7989557 ], [ 9.2708114, 48.7991141 ], [ 9.2725266, 48.7993935 ], [ 9.274395, 48.7997221 ], [ 9.2756886, 48.7999585 ], [ 9.276989, 48.8001878 ], [ 9.2783853, 48.8004443 ], [ 9.2797931, 48.8006962 ], [ 9.2814414, 48.800989 ], [ 9.2831415, 48.8013035 ], [ 9.2842154, 48.8015158 ], [ 9.2844748, 48.8015738 ], [ 9.2853731, 48.8017791 ], [ 9.2862755, 48.8020871 ], [ 9.287033, 48.802434 ], [ 9.2878013, 48.8028064 ], [ 9.2882036, 48.8030785 ], [ 9.2885528, 48.8033492 ], [ 9.2888364, 48.8035993 ], [ 9.2890933, 48.8038506 ], [ 9.2892966, 48.8040689 ] ] } },
{ "type": "Feature", "properties": { "segment_id": "S231", "corridor_id": "B 14", "highway": "trunk_link", "length": 304.35363993127322, "metapath_priority": "None", "is_metapath_hard": false, "metapath_pairs": "" }, "geometry": { "type": "LineString", "coordinates": [ [ 9.2422178, 48.7904523 ], [ 9.2409796, 48.7901841 ], [ 9.2405281, 48.7900814 ], [ 9.2402094, 48.7900177 ], [ 9.240126, 48.7900061 ], [ 9.2400358, 48.7900024 ], [ 9.239941, 48.7900078 ], [ 9.2398515, 48.7900195 ], [ 9.2397714, 48.7900373 ], [ 9.2397134, 48.7900585 ], [ 9.239645, 48.7900895 ], [ 9.2395815, 48.7901278 ], [ 9.2395273, 48.790167 ], [ 9.2394771, 48.7902187 ], [ 9.239442, 48.7902691 ], [ 9.2394171, 48.7903251 ], [ 9.2394081, 48.7903827 ], [ 9.2394087, 48.7904425 ], [ 9.2394205, 48.7905062 ], [ 9.2394424, 48.7905639 ], [ 9.2394749, 48.7906163 ], [ 9.2395266, 48.790678 ], [ 9.2395877, 48.7907291 ], [ 9.2396711, 48.7907914 ], [ 9.2397848, 48.7908637 ], [ 9.2398361, 48.7908951 ] ] } },
{ "type": "Feature", "properties": { "segment_id": "S232", "corridor_id": "B 14", "highway": "trunk", "length": 347.45543349502879, "metapath_priority": "None", "is_metapath_hard": false, "metapath_pairs": "" }, "geometry": { "type": "LineString", "coordinates": [ [ 9.2422178, 48.7904523 ], [ 9.240835, 48.7900048 ], [ 9.2394007, 48.7895403 ], [ 9.2379625, 48.7890723 ] ] } },
{ "type": "Feature", "properties": { "segment_id": "S233", "corridor_id": "B 14", "highway": "trunk", "length": 642.97944149225714, "metapath_priority": "None", "is_metapath_hard": false, "metapath_pairs": "" }, "geometry": { "type": "LineString", "coordinates": [ [ 9.2379625, 48.7890723 ], [ 9.2373792, 48.7888854 ], [ 9.2368434, 48.7887075 ], [ 9.2362912, 48.7885159 ], [ 9.2357991, 48.7883288 ], [ 9.2354143, 48.7881722 ], [ 9.2350823, 48.7880275 ], [ 9.2346485, 48.7878254 ], [ 9.2342422, 48.7876146 ], [ 9.233885, 48.7874121 ], [ 9.2333181, 48.787065 ], [ 9.2327629, 48.7867187 ], [ 9.2314549, 48.7858935 ], [ 9.2310082, 48.7856138 ] ] } },
{ "type": "Feature", "properties": { "segment_id": "S234", "corridor_id": "B 14", "highway": "trunk_link", "length": 33.755315139771803, "metapath_priority": "None", "is_metapath_hard": false, "metapath_pairs": "" }, "geometry": { "type": "LineString", "coordinates": [ [ 9.2421473, 48.7889912 ], [ 9.2421814, 48.7890095 ], [ 9.2422209, 48.7890365 ], [ 9.2422685, 48.789069 ], [ 9.2422886, 48.7890803 ], [ 9.2423657, 48.789115 ], [ 9.2424331, 48.7891467 ], [ 9.2425038, 48.789182 ] ] } },
{ "type": "Feature", "properties": { "segment_id": "S235", "corridor_id": "B 14", "highway": "trunk_link", "length": 44.134409927562217, "metapath_priority": "None", "is_metapath_hard": false, "metapath_pairs": "" }, "geometry": { "type": "LineString", "coordinates": [ [ 9.2421473, 48.7889912 ], [ 9.2421866, 48.788997 ], [ 9.2422359, 48.7890003 ], [ 9.2422535, 48.7890015 ], [ 9.2422996, 48.7890096 ], [ 9.2423563, 48.7890198 ], [ 9.2424029, 48.789025 ], [ 9.2424432, 48.789027 ], [ 9.2424748, 48.7890266 ], [ 9.2425076, 48.7890241 ], [ 9.2425514, 48.7890179 ], [ 9.2425979, 48.789009 ], [ 9.2426446, 48.7889958 ], [ 9.2427243, 48.7889654 ] ] } },
{ "type": "Feature", "properties": { "segment_id": "S236", "corridor_id": "B 14", "highway": "trunk", "length": 297.04265935061773, "metapath_priority": "None", "is_metapath_hard": false, "metapath_pairs": "" }, "geometry": { "type": "LineString", "coordinates": [ [ 9.2388954, 48.7892562 ], [ 9.2395171, 48.7894558 ], [ 9.2409036, 48.7899125 ], [ 9.2418904, 48.790234 ], [ 9.2425301, 48.7904402 ] ] } },
{ "type": "Feature", "properties": { "segment_id": "S237", "corridor_id": "B 14", "highway": "trunk_link", "length": 254.97038321590705, "metapath_priority": "None", "is_metapath_hard": false, "metapath_pairs": "" }, "geometry": { "type": "LineString", "coordinates": [ [ 9.2388954, 48.7892562 ], [ 9.2393431, 48.789346 ], [ 9.2395222, 48.7893716 ], [ 9.2397321, 48.789391 ], [ 9.2398741, 48.7893923 ], [ 9.2400411, 48.7893832 ], [ 9.2401639, 48.7893675 ], [ 9.240284, 48.7893464 ], [ 9.2404132, 48.7893137 ], [ 9.2405278, 48.7892758 ], [ 9.2406396, 48.7892317 ], [ 9.2409947, 48.7890791 ], [ 9.241239, 48.7889802 ], [ 9.2412956, 48.7889603 ], [ 9.2413504, 48.7889443 ], [ 9.2414041, 48.7889314 ], [ 9.2414628, 48.7889199 ], [ 9.2415283, 48.7889107 ], [ 9.2416047, 48.7889053 ], [ 9.2416769, 48.7889051 ], [ 9.2417412, 48.7889077 ], [ 9.2417996, 48.7889126 ], [ 9.2418515, 48.7889185 ], [ 9.2419001, 48.7889273 ], [ 9.2419644, 48.788941 ], [ 9.2420342, 48.7889598 ], [ 9.2421473, 48.7889912 ] ] } },
{ "type": "Feature", "properties": { "segment_id": "S238", "corridor_id": "B 14", "highway": "trunk", "length": 725.0825805452256, "metapath_priority": "None", "is_metapath_hard": false, "metapath_pairs": "" }, "geometry": { "type": "LineString", "coordinates": [ [ 9.2324382, 48.7848567 ], [ 9.2327519, 48.7859509 ], [ 9.2327929, 48.7860778 ], [ 9.2328119, 48.7861365 ], [ 9.2328651, 48.786266 ], [ 9.232935, 48.7864017 ], [ 9.2330242, 48.786536 ], [ 9.2331507, 48.7866806 ], [ 9.2332825, 48.7868076 ], [ 9.2334097, 48.7869145 ], [ 9.2335231, 48.7870023 ], [ 9.2336336, 48.7870791 ], [ 9.2338013, 48.78719 ], [ 9.234032, 48.7873316 ], [ 9.2344061, 48.7875426 ], [ 9.2346789, 48.7876862 ], [ 9.2349598, 48.7878262 ], [ 9.2352231, 48.7879473 ], [ 9.2356023, 48.7881099 ], [ 9.2358539, 48.788216 ], [ 9.2363976, 48.7884216 ], [ 9.2369596, 48.7886225 ], [ 9.2374034, 48.7887709 ], [ 9.2379629, 48.7889527 ], [ 9.2388954, 48.7892562 ] ] } },
{ "type": "Feature", "properties": { "segment_id": "S239", "corridor_id": "B 14", "highway": "trunk", "length": 316.79685901770529, "metapath_priority": "None", "is_metapath_hard": false, "metapath_pairs": "" }, "geometry": { "type": "LineString", "coordinates": [ [ 9.2310082, 48.7856138 ], [ 9.2308087, 48.7855158 ], [ 9.23066, 48.7854542 ], [ 9.2305176, 48.785411 ], [ 9.2303603, 48.7853822 ], [ 9.2301947, 48.7853738 ], [ 9.2300694, 48.7853834 ], [ 9.2299225, 48.7854105 ], [ 9.2297928, 48.7854495 ], [ 9.2296189, 48.785523 ], [ 9.2295558, 48.7855529 ], [ 9.2285551, 48.7860532 ], [ 9.2284046, 48.7861215 ], [ 9.227862, 48.7863508 ], [ 9.2276237, 48.7864429 ], [ 9.2273157, 48.7865497 ] ] } },
{ "type": "Feature", "properties": { "segment_id": "S240", "corridor_id": "segment_240", "highway": "trunk_link", "length": 365.82320332720082, "metapath_priority": "None", "is_metapath_hard": false, "metapath_pairs": "" }, "geometry": { "type": "LineString", "coordinates": [ [ 9.2310082, 48.7856138 ], [ 9.2305422, 48.7852905 ], [ 9.2304583, 48.7852301 ], [ 9.2303811, 48.785167 ], [ 9.2303389, 48.7851301 ], [ 9.2302994, 48.7850896 ], [ 9.2302474, 48.7850152 ], [ 9.230221, 48.7849485 ], [ 9.2302055, 48.7848794 ], [ 9.2302091, 48.7848022 ], [ 9.2302209, 48.7847487 ], [ 9.2302647, 48.7846689 ], [ 9.2302975, 48.7846208 ], [ 9.230344, 48.7845728 ], [ 9.2303877, 48.7845332 ], [ 9.2304366, 48.7844993 ], [ 9.2304888, 48.7844696 ], [ 9.2305552, 48.7844373 ], [ 9.2306463, 48.7843993 ], [ 9.2307337, 48.7843668 ], [ 9.2311744, 48.7842132 ], [ 9.2315887, 48.7840736 ], [ 9.232177, 48.7838667 ], [ 9.2325232, 48.7837284 ], [ 9.2329727, 48.7835129 ] ] } },
{ "type": "Feature", "properties": { "segment_id": "S241", "corridor_id": "segment_241", "highway": "trunk", "length": 652.04445278362414, "metapath_priority": "None", "is_metapath_hard": false, "metapath_pairs": "" }, "geometry": { "type": "LineString", "coordinates": [ [ 9.2970557, 48.8160808 ], [ 9.296759, 48.8161555 ], [ 9.2965738, 48.816203 ], [ 9.2962634, 48.816289 ], [ 9.2958291, 48.8164156 ], [ 9.2953719, 48.816551 ], [ 9.2949476, 48.8166787 ], [ 9.2944028, 48.8168289 ], [ 9.2941086, 48.8169041 ], [ 9.2937191, 48.8169892 ], [ 9.2933971, 48.8170494 ], [ 9.2931048, 48.8170995 ], [ 9.2928693, 48.8171362 ], [ 9.2926382, 48.8171658 ], [ 9.2923912, 48.8171954 ], [ 9.2920987, 48.8172203 ], [ 9.2917777, 48.8172404 ], [ 9.2914255, 48.8172538 ], [ 9.2911514, 48.8172568 ], [ 9.2908644, 48.8172533 ], [ 9.2905668, 48.8172422 ], [ 9.2900739, 48.8172082 ], [ 9.2896743, 48.8171666 ], [ 9.2893227, 48.8171251 ], [ 9.2889752, 48.8170753 ], [ 9.2885051, 48.8169961 ] ] } },
{ "type": "Feature", "properties": { "segment_id": "S242", "corridor_id": "segment_242", "highway": "trunk_link", "length": 240.12660139715146, "metapath_priority": "None", "is_metapath_hard": false, "metapath_pairs": "" }, "geometry": { "type": "LineString", "coordinates": [ [ 9.2970557, 48.8160808 ], [ 9.2969105, 48.8161776 ], [ 9.2966228, 48.816271 ], [ 9.2962173, 48.8164131 ], [ 9.2958463, 48.8165458 ], [ 9.2955188, 48.8166606 ], [ 9.2953091, 48.8167422 ], [ 9.2951339, 48.8168216 ], [ 9.294991, 48.8169045 ], [ 9.2948501, 48.817006 ], [ 9.2947373, 48.8171177 ], [ 9.2946468, 48.8172309 ], [ 9.2944983, 48.8173601 ] ] } },
{ "type": "Feature", "properties": { "segment_id": "S243", "corridor_id": "B 14", "highway": "trunk", "length": 642.21338200091179, "metapath_priority": "None", "is_metapath_hard": false, "metapath_pairs": "" }, "geometry": { "type": "LineString", "coordinates": [ [ 9.2900921, 48.8053161 ], [ 9.2901394, 48.8054352 ], [ 9.2902586, 48.8057638 ], [ 9.2903028, 48.8059211 ], [ 9.2903379, 48.8060764 ], [ 9.29037, 48.8062434 ], [ 9.2903963, 48.8064061 ], [ 9.2904152, 48.8065509 ], [ 9.2904334, 48.8067272 ], [ 9.2904466, 48.8068899 ], [ 9.2904562, 48.8070451 ], [ 9.2904902, 48.8078536 ], [ 9.290505, 48.8081795 ], [ 9.2905149, 48.808346 ], [ 9.2905314, 48.8085043 ], [ 9.290552, 48.8086719 ], [ 9.2905858, 48.8088663 ], [ 9.2906005, 48.8089794 ], [ 9.290636, 48.8091497 ], [ 9.2906747, 48.8093129 ], [ 9.290715, 48.8094648 ], [ 9.2907636, 48.809621 ], [ 9.2908196, 48.8097793 ], [ 9.2908822, 48.809942 ], [ 9.290948, 48.8100933 ], [ 9.2910164, 48.8102468 ], [ 9.2910963, 48.8104067 ], [ 9.2912626, 48.810705 ], [ 9.291354, 48.8108557 ], [ 9.2914416, 48.8109844 ] ] } },
{ "type": "Feature", "properties": { "segment_id": "S244", "corridor_id": "B 14", "highway": "trunk_link", "length": 10.075907871200144, "metapath_priority": "None", "is_metapath_hard": false, "metapath_pairs": "" }, "geometry": { "type": "LineString", "coordinates": [ [ 9.3314733, 48.8290665 ], [ 9.3316108, 48.8290707 ] ] } },
{ "type": "Feature", "properties": { "segment_id": "S245", "corridor_id": "B 14", "highway": "trunk_link", "length": 25.608412799190891, "metapath_priority": "None", "is_metapath_hard": false, "metapath_pairs": "" }, "geometry": { "type": "LineString", "coordinates": [ [ 9.3314733, 48.8290665 ], [ 9.3314554, 48.8288365 ] ] } },
{ "type": "Feature", "properties": { "segment_id": "S246", "corridor_id": "K 1859", "highway": "trunk_link", "length": 52.184548226297053, "metapath_priority": "None", "is_metapath_hard": false, "metapath_pairs": "" }, "geometry": { "type": "LineString", "coordinates": [ [ 9.3314733, 48.8290665 ], [ 9.331393, 48.8290639 ], [ 9.3309319, 48.829049 ], [ 9.3307611, 48.8290516 ] ] } },
{ "type": "Feature", "properties": { "segment_id": "S247", "corridor_id": "segment_247", "highway": "trunk_link", "length": 283.67764685258356, "metapath_priority": "None", "is_metapath_hard": false, "metapath_pairs": "" }, "geometry": { "type": "LineString", "coordinates": [ [ 9.0935633, 48.7766128 ], [ 9.0931334, 48.7768902 ], [ 9.0927108, 48.7771368 ], [ 9.0918831, 48.7776404 ], [ 9.091448, 48.7779017 ], [ 9.0911007, 48.7781155 ], [ 9.0910005, 48.7781819 ], [ 9.0908962, 48.7782614 ], [ 9.0908004, 48.7783478 ], [ 9.0907726, 48.7783758 ] ] } },
{ "type": "Feature", "properties": { "segment_id": "S248", "corridor_id": "L 1180", "highway": "trunk", "length": 824.06938253631722, "metapath_priority": "None", "is_metapath_hard": false, "metapath_pairs": "" }, "geometry": { "type": "LineString", "coordinates": [ [ 9.0935633, 48.7766128 ], [ 9.0929058, 48.7769477 ], [ 9.0922115, 48.777302 ], [ 9.0902884, 48.7782825 ], [ 9.089549, 48.7786597 ], [ 9.0884178, 48.7792379 ], [ 9.0872786, 48.7798212 ], [ 9.085212, 48.7808764 ], [ 9.0846728, 48.7811516 ] ] } },
{ "type": "Feature", "properties": { "segment_id": "S249", "corridor_id": "B 10;B 14", "highway": "trunk", "length": 246.71628626976494, "metapath_priority": "None", "is_metapath_hard": false, "metapath_pairs": "" }, "geometry": { "type": "LineString", "coordinates": [ [ 9.2273157, 48.7865497 ], [ 9.2248838, 48.7877743 ], [ 9.2246397, 48.7878967 ] ] } },
{ "type": "Feature", "properties": { "segment_id": "S250", "corridor_id": "B 10", "highway": "trunk", "length": 1136.5794792394304, "metapath_priority": "None", "is_metapath_hard": false, "metapath_pairs": "" }, "geometry": { "type": "LineString", "coordinates": [ [ 9.2286385, 48.7857615 ], [ 9.2291502, 48.7855039 ], [ 9.2300129, 48.7850774 ], [ 9.2323348, 48.7839215 ], [ 9.234982, 48.7825956 ], [ 9.2370274, 48.7815748 ], [ 9.2377842, 48.7811803 ], [ 9.2384031, 48.7808367 ], [ 9.2390605, 48.7804403 ], [ 9.2396658, 48.7800614 ], [ 9.240386, 48.7795682 ], [ 9.2406971, 48.779354 ] ] } },
{ "type": "Feature", "properties": { "segment_id": "S251", "corridor_id": "B 14", "highway": "trunk", "length": 375.26032382667415, "metapath_priority": "None", "is_metapath_hard": false, "metapath_pairs": "" }, "geometry": { "type": "LineString", "coordinates": [ [ 9.2286385, 48.7857615 ], [ 9.2288457, 48.785561 ], [ 9.229385, 48.7852599 ], [ 9.2299888, 48.7849564 ], [ 9.2308201, 48.7845445 ], [ 9.2308913, 48.7845089 ], [ 9.2311198, 48.7843953 ], [ 9.2312674, 48.784336 ], [ 9.231407, 48.7842947 ], [ 9.2314884, 48.7842803 ], [ 9.2315749, 48.7842734 ], [ 9.2316621, 48.7842692 ], [ 9.2317417, 48.7842743 ], [ 9.2318119, 48.7842842 ], [ 9.2318983, 48.7843051 ], [ 9.2319661, 48.7843223 ], [ 9.2320392, 48.7843535 ], [ 9.2321, 48.784384 ], [ 9.2321603, 48.7844235 ], [ 9.2322382, 48.7844888 ], [ 9.2323026, 48.784567 ], [ 9.2323543, 48.7846502 ], [ 9.2324382, 48.7848567 ] ] } },
{ "type": "Feature", "properties": { "segment_id": "S252", "corridor_id": "B 10", "highway": "trunk", "length": 732.01927418159141, "metapath_priority": "None", "is_metapath_hard": false, "metapath_pairs": "" }, "geometry": { "type": "LineString", "coordinates": [ [ 9.2352836, 48.7825779 ], [ 9.2300616, 48.7851704 ], [ 9.2283477, 48.7860269 ], [ 9.2275665, 48.7864184 ], [ 9.2273157, 48.7865497 ] ] } },
{ "type": "Feature", "properties": { "segment_id": "S253", "corridor_id": "B 14", "highway": "trunk_link", "length": 350.77586001523196, "metapath_priority": "None", "is_metapath_hard": false, "metapath_pairs": "" }, "geometry": { "type": "LineString", "coordinates": [ [ 9.2352836, 48.7825779 ], [ 9.2352255, 48.7826734 ], [ 9.2349458, 48.7828458 ], [ 9.2346958, 48.7829883 ], [ 9.2339421, 48.7833626 ], [ 9.233276, 48.7836967 ], [ 9.2329778, 48.7838441 ], [ 9.2329161, 48.7838748 ], [ 9.2327995, 48.7839325 ], [ 9.2326216, 48.7840373 ], [ 9.2325243, 48.7841178 ], [ 9.2324529, 48.7842089 ], [ 9.2324092, 48.7843213 ], [ 9.2323967, 48.7844242 ], [ 9.2323994, 48.7845167 ], [ 9.2324382, 48.7848567 ] ] } },
{ "type": "Feature", "properties": { "segment_id": "S254", "corridor_id": "segment_254", "highway": "trunk_link", "length": 192.70794818766737, "metapath_priority": "None", "is_metapath_hard": false, "metapath_pairs": "" }, "geometry": { "type": "LineString", "coordinates": [ [ 9.0672207, 48.7862709 ], [ 9.0674493, 48.7862227 ], [ 9.0675978, 48.7862174 ], [ 9.0677538, 48.7862222 ], [ 9.067918, 48.7862391 ], [ 9.0680658, 48.7862618 ], [ 9.0681966, 48.7862857 ], [ 9.0683337, 48.7863194 ], [ 9.0686836, 48.7863927 ], [ 9.0687827, 48.7864045 ], [ 9.0688757, 48.7864111 ], [ 9.0689601, 48.7864151 ], [ 9.0690542, 48.7864153 ], [ 9.0691911, 48.786403 ], [ 9.0692739, 48.7863919 ], [ 9.0693781, 48.7863677 ], [ 9.0695505, 48.78631 ], [ 9.069741, 48.7862391 ] ] } },
{ "type": "Feature", "properties": { "segment_id": "S255", "corridor_id": "segment_255", "highway": "motorway_link", "length": 31.886924998229944, "metapath_priority": "None", "is_metapath_hard": false, "metapath_pairs": "" }, "geometry": { "type": "LineString", "coordinates": [ [ 9.2145135, 48.9595784 ], [ 9.2143098, 48.9594479 ], [ 9.2141767, 48.9593995 ] ] } },
{ "type": "Feature", "properties": { "segment_id": "S256", "corridor_id": "segment_256", "highway": "motorway_link", "length": 19.95774074638706, "metapath_priority": "None", "is_metapath_hard": false, "metapath_pairs": "" }, "geometry": { "type": "LineString", "coordinates": [ [ 9.2145135, 48.9595784 ], [ 9.2145004, 48.9594992 ], [ 9.214493, 48.9593995 ] ] } },
{ "type": "Feature", "properties": { "segment_id": "S257", "corridor_id": "A 81", "highway": "motorway_link", "length": 30.865350313344987, "metapath_priority": "None", "is_metapath_hard": false, "metapath_pairs": "" }, "geometry": { "type": "LineString", "coordinates": [ [ 9.2146502, 48.9593995 ], [ 9.2146551, 48.9594986 ], [ 9.2146835, 48.9596128 ], [ 9.2147163, 48.9596717 ] ] } },
{ "type": "Feature", "properties": { "segment_id": "S258", "corridor_id": "segment_258", "highway": "motorway_link", "length": 914.37431028027891, "metapath_priority": "None", "is_metapath_hard": false, "metapath_pairs": "" }, "geometry": { "type": "LineString", "coordinates": [ [ 9.0731751, 48.7283746 ], [ 9.0727792, 48.72825 ], [ 9.0725894, 48.7281886 ], [ 9.0723822, 48.7281222 ], [ 9.0722181, 48.728073 ], [ 9.0720832, 48.7280364 ], [ 9.0719358, 48.7280021 ], [ 9.0717821, 48.7279709 ], [ 9.0716148, 48.7279428 ], [ 9.0714582, 48.7279192 ], [ 9.0712953, 48.7278971 ], [ 9.0711223, 48.727875 ], [ 9.0709409, 48.7278517 ], [ 9.0707622, 48.7278214 ], [ 9.070603, 48.7277891 ], [ 9.0704906, 48.7277617 ], [ 9.070385, 48.7277337 ], [ 9.0702318, 48.7276865 ], [ 9.0700932, 48.7276387 ], [ 9.0698363, 48.7275322 ], [ 9.0697255, 48.7274795 ], [ 9.0696216, 48.7274238 ], [ 9.0695263, 48.7273676 ], [ 9.0694247, 48.7273024 ], [ 9.0693077, 48.7272194 ], [ 9.0692155, 48.7271521 ], [ 9.069114, 48.7270695 ], [ 9.0690194, 48.7269921 ], [ 9.0689316, 48.7269204 ], [ 9.0688345, 48.7268472 ], [ 9.0687565, 48.7267913 ], [ 9.0686733, 48.7267393 ], [ 9.0685896, 48.72669 ], [ 9.0684964, 48.7266411 ], [ 9.0684152, 48.7265984 ], [ 9.068322, 48.7265555 ], [ 9.0681485, 48.7264794 ], [ 9.0672534, 48.7260768 ], [ 9.0669601, 48.725946 ], [ 9.0666587, 48.7258116 ], [ 9.0665075, 48.7257469 ], [ 9.0663664, 48.7256892 ], [ 9.0662292, 48.7256407 ], [ 9.0661099, 48.7256047 ], [ 9.0659791, 48.7255713 ], [ 9.0658427, 48.7255391 ], [ 9.0656277, 48.7255005 ], [ 9.0654293, 48.7254757 ], [ 9.0652167, 48.725463 ], [ 9.0650266, 48.7254734 ], [ 9.0648523, 48.7255076 ], [ 9.0647036, 48.7255578 ], [ 9.0646055, 48.7256078 ], [ 9.0645228, 48.7256688 ], [ 9.06445, 48.7257463 ], [ 9.0644028, 48.7258424 ], [ 9.0643892, 48.7258876 ], [ 9.0643847, 48.7259575 ], [ 9.0643906, 48.7260079 ], [ 9.0644176, 48.7260888 ], [ 9.0644706, 48.7261849 ], [ 9.0645346, 48.7262609 ], [ 9.0646093, 48.726327 ], [ 9.064728, 48.7263988 ], [ 9.0648613, 48.7264513 ], [ 9.0650003, 48.726485 ], [ 9.0651569, 48.7265082 ], [ 9.0653984, 48.7265144 ], [ 9.0658364, 48.7264906 ] ] } },
{ "type": "Feature", "properties": { "segment_id": "S259", "corridor_id": "segment_259", "highway": "motorway_link", "length": 407.40939742488155, "metapath_priority": "None", "is_metapath_hard": false, "metapath_pairs": "" }, "geometry": { "type": "LineString", "coordinates": [ [ 9.0731751, 48.7283746 ], [ 9.072967, 48.72836 ], [ 9.0728496, 48.7283275 ], [ 9.0727188, 48.7282934 ], [ 9.0726075, 48.7282655 ], [ 9.0724881, 48.7282373 ], [ 9.0723366, 48.728204 ], [ 9.072179, 48.7281731 ], [ 9.0719824, 48.7281359 ], [ 9.071772, 48.7280992 ], [ 9.071584, 48.7280699 ], [ 9.0713952, 48.7280426 ], [ 9.0712045, 48.7280178 ], [ 9.0710465, 48.7279979 ], [ 9.0708775, 48.7279798 ], [ 9.0706804, 48.7279612 ], [ 9.0704635, 48.7279453 ], [ 9.0702458, 48.7279316 ], [ 9.0699891, 48.7279172 ], [ 9.0697604, 48.7279015 ], [ 9.0695362, 48.7278824 ], [ 9.0693191, 48.7278608 ], [ 9.0690945, 48.7278369 ], [ 9.0686452, 48.7277865 ], [ 9.0683006, 48.7277511 ], [ 9.0680197, 48.7277232 ], [ 9.0677547, 48.7276507 ] ] } },
{ "type": "Feature", "properties": { "segment_id": "S260", "corridor_id": "segment_260", "highway": "motorway_link", "length": 94.188041366588422, "metapath_priority": "None", "is_metapath_hard": false, "metapath_pairs": "" }, "geometry": { "type": "LineString", "coordinates": [ [ 9.0898263, 48.7321836 ], [ 9.0897472, 48.7322882 ], [ 9.0896687, 48.7323637 ], [ 9.0896235, 48.732422 ], [ 9.0895976, 48.7324671 ], [ 9.0895749, 48.7325207 ], [ 9.0895682, 48.7325675 ], [ 9.0895661, 48.7326175 ], [ 9.089571, 48.7326638 ], [ 9.0896048, 48.7327579 ], [ 9.0896802, 48.7328523 ], [ 9.0897725, 48.7329585 ] ] } },
{ "type": "Feature", "properties": { "segment_id": "S261", "corridor_id": "segment_261", "highway": "motorway_link", "length": 201.01582942929653, "metapath_priority": "None", "is_metapath_hard": false, "metapath_pairs": "" }, "geometry": { "type": "LineString", "coordinates": [ [ 9.0897725, 48.7329585 ], [ 9.089895, 48.7330145 ], [ 9.090023, 48.7330545 ], [ 9.0901467, 48.7330778 ], [ 9.0902819, 48.7330857 ], [ 9.0904035, 48.7330796 ], [ 9.0905371, 48.733056 ], [ 9.090666, 48.7330127 ], [ 9.0907668, 48.732964 ], [ 9.0908451, 48.732912 ], [ 9.0909251, 48.7328285 ], [ 9.0909626, 48.7327801 ], [ 9.0909789, 48.7327421 ], [ 9.0909974, 48.732685 ], [ 9.0910068, 48.7326392 ], [ 9.0910102, 48.7325766 ], [ 9.091001, 48.7325201 ], [ 9.0909854, 48.7324718 ], [ 9.0909666, 48.7324301 ], [ 9.0909371, 48.7323758 ], [ 9.0908993, 48.7323248 ], [ 9.0907853, 48.7322107 ], [ 9.0905838, 48.7319893 ] ] } },
{ "type": "Feature", "properties": { "segment_id": "S262", "corridor_id": "A 831", "highway": "motorway", "length": 1107.7855320063968, "metapath_priority": "None", "is_metapath_hard": false, "metapath_pairs": "" }, "geometry": { "type": "LineString", "coordinates": [ [ 9.0905838, 48.7319893 ], [ 9.0903008, 48.7317763 ], [ 9.0901237, 48.7316544 ], [ 9.0899783, 48.7314967 ], [ 9.0895807, 48.7312525 ], [ 9.0890287, 48.7309397 ], [ 9.0886652, 48.7307632 ], [ 9.0883042, 48.7306 ], [ 9.0881017, 48.7305128 ], [ 9.0875045, 48.7302813 ], [ 9.0870791, 48.7301356 ], [ 9.0866142, 48.729998 ], [ 9.086092, 48.7298617 ], [ 9.0854407, 48.7297193 ], [ 9.0847802, 48.7296098 ], [ 9.0842156, 48.7295307 ], [ 9.0835421, 48.7294638 ], [ 9.0828576, 48.7294175 ], [ 9.0822893, 48.7293944 ], [ 9.0816048, 48.7293688 ], [ 9.0799535, 48.7293214 ], [ 9.0794293, 48.7292994 ], [ 9.0787284, 48.7292569 ], [ 9.077966, 48.7291898 ], [ 9.0777373, 48.7291652 ], [ 9.0775009, 48.7291371 ], [ 9.0770748, 48.7290825 ], [ 9.0767155, 48.7290307 ] ] } },
{ "type": "Feature", "properties": { "segment_id": "S263", "corridor_id": "B 10", "highway": "trunk_link", "length": 58.326975208258773, "metapath_priority": "None", "is_metapath_hard": false, "metapath_pairs": "" }, "geometry": { "type": "LineString", "coordinates": [ [ 9.2495315, 48.7720084 ], [ 9.2493904, 48.7720388 ], [ 9.2492268, 48.7720966 ], [ 9.249146, 48.7721527 ], [ 9.2490295, 48.7722725 ], [ 9.2489156, 48.7723118 ] ] } },
{ "type": "Feature", "properties": { "segment_id": "S264", "corridor_id": "B 10", "highway": "trunk", "length": 1532.87312813119, "metapath_priority": "None", "is_metapath_hard": false, "metapath_pairs": "" }, "geometry": { "type": "LineString", "coordinates": [ [ 9.2489156, 48.7723118 ], [ 9.2480323, 48.7734583 ], [ 9.2476901, 48.7738992 ], [ 9.2472842, 48.7744174 ], [ 9.2469675, 48.774773 ], [ 9.2466052, 48.7751466 ], [ 9.2461636, 48.7755575 ], [ 9.2456824, 48.7759432 ], [ 9.2449157, 48.7765143 ], [ 9.2434127, 48.7776108 ], [ 9.2416745, 48.7788274 ], [ 9.2411054, 48.7792318 ], [ 9.2397417, 48.7801683 ], [ 9.2393373, 48.7804224 ], [ 9.2388772, 48.7807017 ], [ 9.2383647, 48.7809875 ], [ 9.2379946, 48.7811888 ], [ 9.2377429, 48.7813251 ], [ 9.2375053, 48.781446 ], [ 9.236353, 48.7820459 ], [ 9.2352836, 48.7825779 ] ] } },
{ "type": "Feature", "properties": { "segment_id": "S265", "corridor_id": "B 10", "highway": "trunk", "length": 1036.8923103270397, "metapath_priority": "None", "is_metapath_hard": false, "metapath_pairs": "" }, "geometry": { "type": "LineString", "coordinates": [ [ 9.2726357, 48.7411196 ], [ 9.272421, 48.741189 ], [ 9.2721117, 48.7412929 ], [ 9.2717543, 48.7414239 ], [ 9.2713124, 48.7415966 ], [ 9.2710712, 48.7416977 ], [ 9.2708033, 48.7418191 ], [ 9.2705466, 48.7419386 ], [ 9.2702739, 48.7420704 ], [ 9.2699767, 48.7422247 ], [ 9.269687, 48.7423831 ], [ 9.2693558, 48.7425768 ], [ 9.2689478, 48.742832 ], [ 9.2686467, 48.7430359 ], [ 9.2684284, 48.743191 ], [ 9.2682229, 48.7433478 ], [ 9.2680191, 48.7435121 ], [ 9.2678395, 48.7436661 ], [ 9.2676436, 48.743848 ], [ 9.2674641, 48.7440244 ], [ 9.2672604, 48.7442399 ], [ 9.2671237, 48.7443985 ], [ 9.2669979, 48.7445463 ], [ 9.2668651, 48.7447199 ], [ 9.2667407, 48.7448944 ], [ 9.2666476, 48.7450327 ], [ 9.2665576, 48.7451785 ], [ 9.2664653, 48.7453359 ], [ 9.2663677, 48.7455121 ], [ 9.2662725, 48.7456958 ], [ 9.266214, 48.7458162 ], [ 9.2661457, 48.7459656 ], [ 9.2660579, 48.7461676 ], [ 9.2659754, 48.7463726 ], [ 9.2658839, 48.7466152 ], [ 9.2657706, 48.7469269 ], [ 9.2656813, 48.7471861 ], [ 9.2656137, 48.7473722 ], [ 9.2655144, 48.7476512 ], [ 9.2654069, 48.7479477 ], [ 9.2653385, 48.7481147 ], [ 9.2652214, 48.748389 ], [ 9.265155, 48.7485398 ] ] } },
{ "type": "Feature", "properties": { "segment_id": "S266", "corridor_id": "B 10", "highway": "trunk", "length": 495.47764234599379, "metapath_priority": "None", "is_metapath_hard": false, "metapath_pairs": "" }, "geometry": { "type": "LineString", "coordinates": [ [ 9.2792153, 48.7405779 ], [ 9.2785313, 48.7405255 ], [ 9.2778277, 48.7404781 ], [ 9.2773544, 48.7404548 ], [ 9.276961, 48.7404449 ], [ 9.2766384, 48.7404422 ], [ 9.2763095, 48.7404483 ], [ 9.2759891, 48.7404607 ], [ 9.275641, 48.7404817 ], [ 9.2753844, 48.7405066 ], [ 9.2751362, 48.7405347 ], [ 9.2748915, 48.7405696 ], [ 9.274606, 48.740619 ], [ 9.2743351, 48.7406732 ], [ 9.2739499, 48.7407589 ], [ 9.2735393, 48.74086 ], [ 9.2731567, 48.7409617 ], [ 9.2726357, 48.7411196 ] ] } },
{ "type": "Feature", "properties": { "segment_id": "S267", "corridor_id": "B 10", "highway": "trunk_link", "length": 489.61147091135308, "metapath_priority": "None", "is_metapath_hard": false, "metapath_pairs": "" }, "geometry": { "type": "LineString", "coordinates": [ [ 9.2792153, 48.7405779 ], [ 9.2786319, 48.7405894 ], [ 9.2785744, 48.7405878 ], [ 9.2782294, 48.7405659 ], [ 9.2778964, 48.7405643 ], [ 9.2776869, 48.7405709 ], [ 9.2774646, 48.7405809 ], [ 9.2771627, 48.7405984 ], [ 9.2765907, 48.7406308 ], [ 9.2759936, 48.7406679 ], [ 9.275809, 48.7406788 ], [ 9.2756374, 48.7406903 ], [ 9.2755711, 48.7406946 ], [ 9.275415, 48.7407052 ], [ 9.2752537, 48.7407062 ], [ 9.2750214, 48.7407209 ], [ 9.2748755, 48.740734 ], [ 9.2747182, 48.7407501 ], [ 9.2743889, 48.7407942 ], [ 9.274155, 48.7408321 ], [ 9.2739224, 48.7408762 ], [ 9.2734994, 48.7409693 ], [ 9.273142, 48.7410457 ], [ 9.2730096, 48.7410737 ], [ 9.2728713, 48.741108 ], [ 9.272826, 48.7411143 ], [ 9.2726357, 48.7411196 ] ] } },
{ "type": "Feature", "properties": { "segment_id": "S268", "corridor_id": "K 1859", "highway": "trunk_link", "length": 139.96384443689021, "metapath_priority": "None", "is_metapath_hard": false, "metapath_pairs": "" }, "geometry": { "type": "LineString", "coordinates": [ [ 9.3288695, 48.8292016 ], [ 9.3291528, 48.8291536 ], [ 9.3296694, 48.829089 ], [ 9.3300147, 48.8290672 ], [ 9.3303643, 48.8290577 ], [ 9.3305026, 48.8290556 ], [ 9.3307611, 48.8290516 ] ] } },
{ "type": "Feature", "properties": { "segment_id": "S269", "corridor_id": "segment_269", "highway": "trunk_link", "length": 29.192907376297626, "metapath_priority": "None", "is_metapath_hard": false, "metapath_pairs": "" }, "geometry": { "type": "LineString", "coordinates": [ [ 9.2930774, 48.8191114 ], [ 9.2932524, 48.8188755 ] ] } },
{ "type": "Feature", "properties": { "segment_id": "S270", "corridor_id": "B 10", "highway": "trunk", "length": 1460.6771946492481, "metapath_priority": "None", "is_metapath_hard": false, "metapath_pairs": "" }, "geometry": { "type": "LineString", "coordinates": [ [ 9.2985105, 48.7378139 ], [ 9.2980444, 48.7379344 ], [ 9.2976076, 48.7380417 ], [ 9.297068, 48.738166 ], [ 9.2966881, 48.738247 ], [ 9.2962289, 48.73834 ], [ 9.2957577, 48.7384347 ], [ 9.2952845, 48.738523 ], [ 9.2948014, 48.7386102 ], [ 9.2943196, 48.738698 ], [ 9.293771, 48.7387975 ], [ 9.2931851, 48.7389063 ], [ 9.2925987, 48.7390217 ], [ 9.2919865, 48.7391494 ], [ 9.2913691, 48.73928 ], [ 9.2907458, 48.7394152 ], [ 9.2901511, 48.739544 ], [ 9.2894578, 48.7396934 ], [ 9.2888847, 48.7398181 ], [ 9.2883103, 48.7399321 ], [ 9.2877378, 48.7400388 ], [ 9.2872422, 48.7401273 ], [ 9.2866555, 48.7402243 ], [ 9.2859029, 48.7403377 ], [ 9.2853019, 48.74042 ], [ 9.2848404, 48.7404795 ], [ 9.2844191, 48.740529 ], [ 9.2840014, 48.7405715 ], [ 9.2835791, 48.740606 ], [ 9.2831623, 48.740637 ], [ 9.2826846, 48.7406608 ], [ 9.2822567, 48.740677 ], [ 9.2817981, 48.7406829 ], [ 9.2816506, 48.7406839 ], [ 9.2812518, 48.7406829 ], [ 9.2808973, 48.7406746 ], [ 9.2805541, 48.740663 ], [ 9.2801534, 48.7406422 ], [ 9.2797331, 48.7406161 ], [ 9.2794143, 48.7405929 ], [ 9.2792153, 48.7405779 ] ] } },
{ "type": "Feature", "properties": { "segment_id": "S271", "corridor_id": "segment_271", "highway": "trunk_link", "length": 250.09966351072771, "metapath_priority": "None", "is_metapath_hard": false, "metapath_pairs": "" }, "geometry": { "type": "LineString", "coordinates": [ [ 9.308188, 48.733944 ], [ 9.308021, 48.7340706 ], [ 9.3079727, 48.7341013 ], [ 9.3076018, 48.7343195 ], [ 9.3074001, 48.7344331 ], [ 9.3072778, 48.7345011 ], [ 9.3071354, 48.7345752 ], [ 9.3069376, 48.7346743 ], [ 9.3068684, 48.7347062 ], [ 9.3067213, 48.7347641 ], [ 9.3066559, 48.7347936 ], [ 9.3063195, 48.7349502 ], [ 9.3060987, 48.7350519 ], [ 9.3059018, 48.7351411 ], [ 9.3057791, 48.7351962 ], [ 9.3056502, 48.7352512 ], [ 9.3054954, 48.7353116 ] ] } },
{ "type": "Feature", "properties": { "segment_id": "S272", "corridor_id": "B 10", "highway": "trunk", "length": 832.35835822844729, "metapath_priority": "None", "is_metapath_hard": false, "metapath_pairs": "" }, "geometry": { "type": "LineString", "coordinates": [ [ 9.308188, 48.733944 ], [ 9.3079679, 48.734063 ], [ 9.3077895, 48.7341564 ], [ 9.3075953, 48.7342501 ], [ 9.3073691, 48.7343553 ], [ 9.3071189, 48.7344604 ], [ 9.3068548, 48.7345639 ], [ 9.3065493, 48.7346785 ], [ 9.3061738, 48.7348144 ], [ 9.3057768, 48.7349552 ], [ 9.3053595, 48.7351038 ], [ 9.3050201, 48.7352275 ], [ 9.3046091, 48.7353847 ], [ 9.3043299, 48.7354982 ], [ 9.3041006, 48.7355964 ], [ 9.3038359, 48.7357122 ], [ 9.3035934, 48.7358241 ], [ 9.3033215, 48.7359509 ], [ 9.3029858, 48.7361089 ], [ 9.3023945, 48.73639 ], [ 9.3019106, 48.7366202 ], [ 9.301507, 48.7368041 ], [ 9.3011605, 48.7369525 ], [ 9.3008634, 48.7370716 ], [ 9.3005596, 48.73719 ], [ 9.3001846, 48.7373208 ], [ 9.2997816, 48.7374511 ], [ 9.2994399, 48.7375563 ], [ 9.2990095, 48.7376806 ], [ 9.2985105, 48.7378139 ] ] } },
{ "type": "Feature", "properties": { "segment_id": "S273", "corridor_id": "segment_273", "highway": "motorway_link", "length": 687.82382575738814, "metapath_priority": "None", "is_metapath_hard": false, "metapath_pairs": "" }, "geometry": { "type": "LineString", "coordinates": [ [ 9.1564546, 48.9180958 ], [ 9.1565238, 48.9181468 ], [ 9.1566257, 48.9181829 ], [ 9.1567759, 48.9182226 ], [ 9.1573083, 48.9182957 ], [ 9.1575906, 48.9183311 ], [ 9.1577965, 48.9183618 ], [ 9.157993, 48.918404 ], [ 9.1581854, 48.9184672 ], [ 9.1583445, 48.9185388 ], [ 9.1585341, 48.9186742 ], [ 9.1585939, 48.9187356 ], [ 9.158624, 48.9187727 ], [ 9.1586586, 48.918824 ], [ 9.1586857, 48.9188714 ], [ 9.1587102, 48.9189236 ], [ 9.1587245, 48.9189754 ], [ 9.1587386, 48.9190314 ], [ 9.15874, 48.9190816 ], [ 9.1587405, 48.9191379 ], [ 9.1587349, 48.9191889 ], [ 9.1587235, 48.9192422 ], [ 9.1587079, 48.9192928 ], [ 9.1586826, 48.919346 ], [ 9.1586529, 48.9193943 ], [ 9.1586179, 48.9194444 ], [ 9.1586051, 48.9194594 ], [ 9.1585314, 48.9195343 ], [ 9.1584829, 48.9195815 ], [ 9.1584034, 48.9196463 ], [ 9.1583291, 48.9197013 ], [ 9.1580634, 48.9198802 ], [ 9.1578146, 48.9200672 ], [ 9.1575895, 48.9202606 ], [ 9.1572447, 48.9206147 ], [ 9.1571105, 48.9207525 ], [ 9.1565857, 48.9213034 ], [ 9.1563709, 48.9214911 ], [ 9.1560725, 48.9217551 ], [ 9.1558117, 48.9220186 ], [ 9.1556387, 48.9222067 ], [ 9.1554093, 48.9224587 ], [ 9.1552055, 48.9225515 ] ] } },
{ "type": "Feature", "properties": { "segment_id": "S274", "corridor_id": "segment_274", "highway": "motorway_link", "length": 196.27311501869997, "metapath_priority": "None", "is_metapath_hard": false, "metapath_pairs": "" }, "geometry": { "type": "LineString", "coordinates": [ [ 9.1564546, 48.9180958 ], [ 9.1566472, 48.9181287 ], [ 9.156739, 48.9181582 ], [ 9.1568638, 48.9181851 ], [ 9.1570918, 48.9182124 ], [ 9.1573297, 48.9182268 ], [ 9.1577541, 48.9182381 ], [ 9.157948, 48.9182499 ], [ 9.1581755, 48.9182722 ], [ 9.1582619, 48.9182825 ], [ 9.1583356, 48.9182966 ], [ 9.1585, 48.9183321 ], [ 9.1587505, 48.9184104 ], [ 9.1588729, 48.9184412 ], [ 9.158961, 48.9184481 ], [ 9.1590595, 48.9184452 ] ] } },
{ "type": "Feature", "properties": { "segment_id": "S275", "corridor_id": "B 27", "highway": "primary", "length": 2267.8690652257546, "metapath_priority": "None", "is_metapath_hard": false, "metapath_pairs": "" }, "geometry": { "type": "LineString", "coordinates": [ [ 9.1590595, 48.9184452 ], [ 9.1595729, 48.9179513 ], [ 9.1598947, 48.9176713 ], [ 9.1599469, 48.917628 ], [ 9.1600656, 48.917529 ], [ 9.1606084, 48.9170519 ], [ 9.1611443, 48.9166037 ], [ 9.1615648, 48.9162666 ], [ 9.1621239, 48.9158516 ], [ 9.1623334, 48.9156984 ], [ 9.1624337, 48.915625 ], [ 9.1624343, 48.9156246 ], [ 9.1625503, 48.9155397 ], [ 9.1628412, 48.9153282 ], [ 9.1639952, 48.9144872 ], [ 9.1644416, 48.91412 ], [ 9.1646943, 48.9139023 ], [ 9.1649487, 48.9137069 ], [ 9.1652718, 48.9134757 ], [ 9.165442, 48.9133559 ], [ 9.1656426, 48.9132174 ], [ 9.1662463, 48.912858 ], [ 9.1664896, 48.9127004 ], [ 9.166759, 48.9125191 ], [ 9.167093, 48.9122846 ], [ 9.1671579, 48.9122375 ], [ 9.1678172, 48.9117577 ], [ 9.1687131, 48.911107 ], [ 9.1691464, 48.9107974 ], [ 9.1693593, 48.910642 ], [ 9.1695665, 48.9104927 ], [ 9.169955, 48.9101958 ], [ 9.1702565, 48.9099653 ], [ 9.1705595, 48.909764 ], [ 9.1706362, 48.909713 ], [ 9.1707093, 48.9096598 ], [ 9.1708424, 48.9095669 ], [ 9.1710099, 48.9094554 ], [ 9.1710588, 48.9094223 ], [ 9.1713898, 48.9091953 ], [ 9.1716823, 48.9089594 ], [ 9.1721387, 48.9085862 ], [ 9.1723722, 48.9083657 ], [ 9.1725487, 48.9081881 ], [ 9.1727452, 48.9079788 ], [ 9.1727831, 48.9079335 ], [ 9.1728774, 48.9078069 ], [ 9.172977, 48.9076743 ], [ 9.173067, 48.907554 ], [ 9.1731295, 48.9074779 ], [ 9.1734471, 48.9070906 ], [ 9.1736626, 48.9068479 ], [ 9.1740226, 48.9064909 ], [ 9.1744458, 48.9061013 ], [ 9.1747071, 48.9058637 ], [ 9.1747245, 48.9058462 ], [ 9.1748838, 48.9056972 ], [ 9.1750034, 48.9055972 ], [ 9.1754955, 48.9051794 ], [ 9.1758879, 48.9048785 ], [ 9.1761288, 48.9047215 ], [ 9.1761401, 48.9047141 ], [ 9.1761837, 48.9046844 ], [ 9.1762733, 48.9046307 ], [ 9.1763652, 48.9045809 ], [ 9.1764644, 48.9045438 ], [ 9.1765757, 48.9045044 ], [ 9.1768501, 48.904432 ], [ 9.1771134, 48.9043759 ], [ 9.1772166, 48.9043568 ], [ 9.1783078, 48.9041659 ], [ 9.178544, 48.9041235 ], [ 9.1790798, 48.9040327 ], [ 9.179428, 48.9039725 ], [ 9.1798695, 48.9039296 ] ] } },
{ "type": "Feature", "properties": { "segment_id": "S276", "corridor_id": "segment_276", "highway": "motorway_link", "length": 254.4869110601685, "metapath_priority": "None", "is_metapath_hard": false, "metapath_pairs": "" }, "geometry": { "type": "LineString", "coordinates": [ [ 9.1550986, 48.9160237 ], [ 9.1552786, 48.9161691 ], [ 9.1553322, 48.9163132 ], [ 9.1553946, 48.9164617 ], [ 9.1555784, 48.9167637 ], [ 9.1557691, 48.9171323 ], [ 9.155903, 48.9174245 ], [ 9.1559625, 48.9175554 ], [ 9.156028, 48.9176929 ], [ 9.1561101, 48.9178218 ], [ 9.1561711, 48.9178886 ], [ 9.1562293, 48.9179494 ], [ 9.1562804, 48.9179899 ], [ 9.156331, 48.9180246 ], [ 9.1563752, 48.9180546 ], [ 9.1564546, 48.9180958 ] ] } },
{ "type": "Feature", "properties": { "segment_id": "S277", "corridor_id": "A 81", "highway": "motorway", "length": 423.99626749669585, "metapath_priority": "None", "is_metapath_hard": false, "metapath_pairs": "" }, "geometry": { "type": "LineString", "coordinates": [ [ 9.1550986, 48.9160237 ], [ 9.1553806, 48.9168058 ], [ 9.1555812, 48.9172704 ], [ 9.1558529, 48.9178512 ], [ 9.1560914, 48.9182941 ], [ 9.15628, 48.9186381 ], [ 9.1569414, 48.9196304 ] ] } },
{ "type": "Feature", "properties": { "segment_id": "S278", "corridor_id": "B 10", "highway": "trunk", "length": 102.48578155744717, "metapath_priority": "None", "is_metapath_hard": false, "metapath_pairs": "" }, "geometry": { "type": "LineString", "coordinates": [ [ 9.1206617, 48.8510912 ], [ 9.1211917, 48.8507226 ], [ 9.1216324, 48.8504268 ] ] } },
{ "type": "Feature", "properties": { "segment_id": "S279", "corridor_id": "A 8", "highway": "motorway_link", "length": 106.82995896888393, "metapath_priority": "None", "is_metapath_hard": false, "metapath_pairs": "" }, "geometry": { "type": "LineString", "coordinates": [ [ 9.165132, 48.7055091 ], [ 9.165536, 48.7054057 ], [ 9.1658664, 48.7053076 ], [ 9.1664718, 48.7051338 ] ] } },
{ "type": "Feature", "properties": { "segment_id": "S280", "corridor_id": "segment_280", "highway": "motorway_link", "length": 451.94823114732293, "metapath_priority": "None", "is_metapath_hard": false, "metapath_pairs": "" }, "geometry": { "type": "LineString", "coordinates": [ [ 9.165132, 48.7055091 ], [ 9.1652575, 48.7054412 ], [ 9.1654081, 48.7053627 ], [ 9.1655399, 48.7052755 ], [ 9.1656571, 48.7051876 ], [ 9.1657525, 48.705107 ], [ 9.1658392, 48.7049997 ], [ 9.1658867, 48.7049165 ], [ 9.1659386, 48.7048095 ], [ 9.1659757, 48.7047074 ], [ 9.1659996, 48.7046167 ], [ 9.1660162, 48.7045644 ], [ 9.1660352, 48.7045208 ], [ 9.1660652, 48.7044446 ], [ 9.1661092, 48.7043565 ], [ 9.1661881, 48.704272 ], [ 9.1662911, 48.7042034 ], [ 9.1664002, 48.7041505 ], [ 9.1664944, 48.7041202 ], [ 9.1665805, 48.7040984 ], [ 9.166662, 48.7040893 ], [ 9.1667425, 48.7040847 ], [ 9.1668144, 48.7040889 ], [ 9.1669161, 48.7041034 ], [ 9.1670071, 48.7041208 ], [ 9.1670968, 48.7041464 ], [ 9.1671866, 48.7041917 ], [ 9.1672734, 48.7042418 ], [ 9.1673367, 48.7042925 ], [ 9.1674137, 48.7043653 ], [ 9.1674572, 48.7044313 ], [ 9.1674721, 48.7044917 ], [ 9.1674789, 48.7045715 ], [ 9.1674757, 48.7046566 ], [ 9.1674451, 48.7047505 ], [ 9.1673643, 48.704941 ], [ 9.1672322, 48.7051867 ], [ 9.1671584, 48.7053411 ], [ 9.1670972, 48.7055097 ], [ 9.1670596, 48.7056224 ], [ 9.1670287, 48.705755 ], [ 9.1668795, 48.7059161 ] ] } },
{ "type": "Feature", "properties": { "segment_id": "S281", "corridor_id": "A 8", "highway": "motorway_link", "length": 275.3090999595164, "metapath_priority": "None", "is_metapath_hard": false, "metapath_pairs": "" }, "geometry": { "type": "LineString", "coordinates": [ [ 9.1664718, 48.7051338 ], [ 9.1666254, 48.7050976 ], [ 9.1668203, 48.7050657 ], [ 9.1669914, 48.7050512 ], [ 9.1671569, 48.7050446 ], [ 9.167318, 48.7050395 ], [ 9.1674945, 48.7050461 ], [ 9.1676635, 48.7050558 ], [ 9.1678281, 48.7050759 ], [ 9.1679888, 48.7051037 ], [ 9.1682923, 48.7051686 ], [ 9.1684593, 48.705201 ], [ 9.1685997, 48.7052288 ], [ 9.1687589, 48.7052509 ], [ 9.1689321, 48.7052607 ], [ 9.1691232, 48.7052561 ], [ 9.169382, 48.7052279 ], [ 9.1695513, 48.7051978 ], [ 9.1697989, 48.7051505 ], [ 9.1701238, 48.705073 ] ] } },
{ "type": "Feature", "properties": { "segment_id": "S282", "corridor_id": "A 8", "highway": "motorway_link", "length": 403.40851021199813, "metapath_priority": "None", "is_metapath_hard": false, "metapath_pairs": "" }, "geometry": { "type": "LineString", "coordinates": [ [ 9.1701238, 48.705073 ], [ 9.170521, 48.7049814 ], [ 9.1709321, 48.7048781 ], [ 9.1712652, 48.7047871 ], [ 9.1716536, 48.7046726 ], [ 9.1722439, 48.7044899 ], [ 9.1728092, 48.7043024 ], [ 9.1733933, 48.7040956 ], [ 9.1736839, 48.7039895 ], [ 9.1739869, 48.7038742 ], [ 9.1742473, 48.7037613 ], [ 9.1744872, 48.7036429 ], [ 9.1747251, 48.7035085 ], [ 9.1749394, 48.7033727 ] ] } },
{ "type": "Feature", "properties": { "segment_id": "S283", "corridor_id": "A 8", "highway": "motorway_link", "length": 201.03124837932754, "metapath_priority": "None", "is_metapath_hard": false, "metapath_pairs": "" }, "geometry": { "type": "LineString", "coordinates": [ [ 9.1696564, 48.7057676 ], [ 9.1686613, 48.7059673 ], [ 9.1685617, 48.7059942 ], [ 9.168475, 48.7060256 ], [ 9.1683558, 48.7060722 ], [ 9.1682313, 48.7061358 ], [ 9.1681342, 48.7062071 ], [ 9.1677706, 48.7064923 ], [ 9.1674411, 48.7067289 ] ] } },
{ "type": "Feature", "properties": { "segment_id": "S284", "corridor_id": "segment_284", "highway": "motorway_link", "length": 212.22872978802675, "metapath_priority": "None", "is_metapath_hard": false, "metapath_pairs": "" }, "geometry": { "type": "LineString", "coordinates": [ [ 9.1696564, 48.7057676 ], [ 9.1690418, 48.7059401 ], [ 9.1688254, 48.706025 ], [ 9.1686149, 48.7061279 ], [ 9.1684402, 48.7062235 ], [ 9.1683272, 48.7062944 ], [ 9.1681732, 48.7064053 ], [ 9.1674863, 48.7069721 ] ] } },
{ "type": "Feature", "properties": { "segment_id": "S285", "corridor_id": "A 8", "highway": "motorway_link", "length": 300.81750476569272, "metapath_priority": "None", "is_metapath_hard": false, "metapath_pairs": "" }, "geometry": { "type": "LineString", "coordinates": [ [ 9.1674411, 48.7067289 ], [ 9.1672652, 48.7068636 ], [ 9.1670608, 48.7069757 ], [ 9.166922, 48.7070372 ], [ 9.1667233, 48.7070994 ], [ 9.1665414, 48.7071443 ], [ 9.1663527, 48.7071751 ], [ 9.16616, 48.7071911 ], [ 9.1659658, 48.7071923 ], [ 9.1657727, 48.7071786 ], [ 9.1655833, 48.7071502 ], [ 9.1654001, 48.7071074 ], [ 9.1652301, 48.7070494 ], [ 9.1650939, 48.7069906 ], [ 9.1649654, 48.7069352 ], [ 9.1648212, 48.7068737 ], [ 9.1646741, 48.7068279 ], [ 9.1645213, 48.7067911 ], [ 9.1643642, 48.7067634 ], [ 9.1641583, 48.70674 ], [ 9.1640418, 48.7067367 ], [ 9.1638793, 48.7067379 ], [ 9.1637175, 48.7067443 ] ] } },
{ "type": "Feature", "properties": { "segment_id": "S286", "corridor_id": "A 8", "highway": "motorway_link", "length": 1508.9051716242288, "metapath_priority": "None", "is_metapath_hard": false, "metapath_pairs": "" }, "geometry": { "type": "LineString", "coordinates": [ [ 9.1617668, 48.7069987 ], [ 9.160038, 48.707238 ], [ 9.1597089, 48.707284 ], [ 9.1592004, 48.7073553 ], [ 9.1590981, 48.7073696 ], [ 9.1586946, 48.7074262 ], [ 9.1575327, 48.7075874 ], [ 9.1564568, 48.7077434 ], [ 9.1558717, 48.707822 ], [ 9.1544296, 48.7080268 ], [ 9.1526921, 48.7082673 ], [ 9.1514827, 48.7084378 ], [ 9.1508867, 48.7085214 ], [ 9.1501736, 48.7086209 ], [ 9.1495706, 48.7087038 ], [ 9.148983, 48.7087882 ], [ 9.147821, 48.7089507 ], [ 9.1472293, 48.7090337 ], [ 9.1466401, 48.7091138 ], [ 9.1453801, 48.7092903 ], [ 9.1443369, 48.7094391 ], [ 9.1437538, 48.7095206 ], [ 9.1432126, 48.7095924 ], [ 9.1425677, 48.7096672 ], [ 9.1420168, 48.7097214 ], [ 9.1416349, 48.7097583 ] ] } },
{ "type": "Feature", "properties": { "segment_id": "S287", "corridor_id": "segment_287", "highway": "motorway_link", "length": 292.80886874127697, "metapath_priority": "None", "is_metapath_hard": false, "metapath_pairs": "" }, "geometry": { "type": "LineString", "coordinates": [ [ 9.1675058, 48.7041655 ], [ 9.1676094, 48.7043265 ], [ 9.1677112, 48.7045065 ], [ 9.1677606, 48.7046477 ], [ 9.1677926, 48.7047622 ], [ 9.1678057, 48.7049057 ], [ 9.1678, 48.7051769 ], [ 9.1677702, 48.7056135 ], [ 9.1677558, 48.7060676 ], [ 9.1677466, 48.7061627 ], [ 9.1677054, 48.7063004 ], [ 9.1676299, 48.706446 ], [ 9.1675516, 48.7065604 ], [ 9.1674411, 48.7067289 ] ] } },
{ "type": "Feature", "properties": { "segment_id": "S288", "corridor_id": "segment_288", "highway": "motorway_link", "length": 239.54972989302593, "metapath_priority": "None", "is_metapath_hard": false, "metapath_pairs": "" }, "geometry": { "type": "LineString", "coordinates": [ [ 9.1675058, 48.7041655 ], [ 9.1676755, 48.7042951 ], [ 9.1677341, 48.7043768 ], [ 9.1678204, 48.7045002 ], [ 9.167958, 48.7046473 ], [ 9.1680748, 48.7047361 ], [ 9.1681947, 48.7048168 ], [ 9.1683342, 48.7048958 ], [ 9.1685008, 48.70497 ], [ 9.1687261, 48.7050371 ], [ 9.1688638, 48.7050718 ], [ 9.1690475, 48.7050968 ], [ 9.169221, 48.7051176 ], [ 9.1693953, 48.7051204 ], [ 9.1695842, 48.7051179 ], [ 9.1697853, 48.705105 ], [ 9.1701238, 48.705073 ] ] } },
{ "type": "Feature", "properties": { "segment_id": "S289", "corridor_id": "segment_289", "highway": "motorway_link", "length": 425.53971952844989, "metapath_priority": "None", "is_metapath_hard": false, "metapath_pairs": "" }, "geometry": { "type": "LineString", "coordinates": [ [ 9.1674863, 48.7069721 ], [ 9.1674091, 48.7071032 ], [ 9.1673535, 48.7071808 ], [ 9.1672704, 48.7072952 ], [ 9.1672102, 48.7073982 ], [ 9.1669751, 48.7077776 ], [ 9.1669258, 48.7078449 ], [ 9.1668539, 48.707917 ], [ 9.1667681, 48.7079757 ], [ 9.1666786, 48.7080175 ], [ 9.1665963, 48.7080458 ], [ 9.1665539, 48.7080558 ], [ 9.1664711, 48.7080718 ], [ 9.1663679, 48.7080846 ], [ 9.1662807, 48.708086 ], [ 9.1661894, 48.7080813 ], [ 9.1661083, 48.7080718 ], [ 9.166031, 48.7080541 ], [ 9.1659551, 48.7080291 ], [ 9.1658675, 48.7079946 ], [ 9.1658165, 48.7079727 ], [ 9.1657117, 48.7079053 ], [ 9.16564, 48.707833 ], [ 9.1656042, 48.7077771 ], [ 9.1655735, 48.707697 ], [ 9.1655644, 48.7076124 ], [ 9.1655765, 48.7075207 ], [ 9.1656235, 48.7074339 ], [ 9.165672, 48.7073622 ], [ 9.1657743, 48.7072553 ], [ 9.1659308, 48.7070898 ], [ 9.1660616, 48.7069746 ], [ 9.1661945, 48.7068401 ], [ 9.1663164, 48.7066902 ], [ 9.1664348, 48.7065119 ], [ 9.1665374, 48.7062993 ], [ 9.1666832, 48.7061927 ] ] } },
{ "type": "Feature", "properties": { "segment_id": "S290", "corridor_id": "segment_290", "highway": "motorway_link", "length": 250.28833919771961, "metapath_priority": "None", "is_metapath_hard": false, "metapath_pairs": "" }, "geometry": { "type": "LineString", "coordinates": [ [ 9.1674863, 48.7069721 ], [ 9.1672379, 48.7071741 ], [ 9.1669904, 48.7073901 ], [ 9.1668237, 48.7075521 ], [ 9.1667214, 48.7076715 ], [ 9.1665792, 48.7078492 ], [ 9.1662446, 48.7083085 ], [ 9.1660261, 48.7085985 ], [ 9.1659197, 48.7086924 ], [ 9.1657184, 48.7088866 ] ] } },
{ "type": "Feature", "properties": { "segment_id": "S291", "corridor_id": "segment_291", "highway": "motorway_link", "length": 143.59812860020429, "metapath_priority": "None", "is_metapath_hard": false, "metapath_pairs": "" }, "geometry": { "type": "LineString", "coordinates": [ [ 9.1668595, 48.702949 ], [ 9.1669178, 48.7031197 ], [ 9.166971, 48.7032503 ], [ 9.1670261, 48.7033625 ], [ 9.1671317, 48.7035537 ], [ 9.1672624, 48.7037672 ], [ 9.1675058, 48.7041655 ] ] } },
{ "type": "Feature", "properties": { "segment_id": "S292", "corridor_id": "B 27", "highway": "trunk", "length": 311.40645075259329, "metapath_priority": "None", "is_metapath_hard": false, "metapath_pairs": "" }, "geometry": { "type": "LineString", "coordinates": [ [ 9.1632321, 48.7148416 ], [ 9.1632681, 48.7146156 ], [ 9.163333, 48.7142265 ], [ 9.1634257, 48.7139694 ], [ 9.1635499, 48.7134498 ], [ 9.1636266, 48.7131614 ], [ 9.1637202, 48.7128433 ], [ 9.1638248, 48.7125282 ], [ 9.1639293, 48.7122214 ], [ 9.1639791, 48.7120877 ] ] } },
{ "type": "Feature", "properties": { "segment_id": "S293", "corridor_id": "segment_293", "highway": "trunk_link", "length": 321.06423043889174, "metapath_priority": "None", "is_metapath_hard": false, "metapath_pairs": "" }, "geometry": { "type": "LineString", "coordinates": [ [ 9.1632321, 48.7148416 ], [ 9.1631517, 48.7146968 ], [ 9.1631354, 48.7146136 ], [ 9.163114, 48.7145142 ], [ 9.1631102, 48.7144155 ], [ 9.1631352, 48.7142091 ], [ 9.1631555, 48.7140753 ], [ 9.1631891, 48.7139037 ], [ 9.1632164, 48.7137698 ], [ 9.1632727, 48.7135805 ], [ 9.1632948, 48.7135544 ], [ 9.1633295, 48.7135266 ], [ 9.1633053, 48.7134861 ], [ 9.1633129, 48.7134397 ], [ 9.1633727, 48.7132717 ], [ 9.1634236, 48.7131288 ], [ 9.1635786, 48.7126764 ], [ 9.1637387, 48.712339 ], [ 9.1638257, 48.7121539 ], [ 9.1639791, 48.7120877 ] ] } },
{ "type": "Feature", "properties": { "segment_id": "S294", "corridor_id": "B 27", "highway": "trunk", "length": 410.35465382542907, "metapath_priority": "None", "is_metapath_hard": false, "metapath_pairs": "" }, "geometry": { "type": "LineString", "coordinates": [ [ 9.1650687, 48.7097136 ], [ 9.1656707, 48.7086681 ], [ 9.1659454, 48.7081923 ], [ 9.1660947, 48.7079016 ], [ 9.1661688, 48.707759 ], [ 9.1662512, 48.7075899 ], [ 9.1663786, 48.7072781 ], [ 9.1664894, 48.7069671 ], [ 9.1665795, 48.7066515 ], [ 9.1666535, 48.7063465 ], [ 9.1666832, 48.7061927 ] ] } },
{ "type": "Feature", "properties": { "segment_id": "S295", "corridor_id": "segment_295", "highway": "motorway_link", "length": 206.88105776740292, "metapath_priority": "None", "is_metapath_hard": false, "metapath_pairs": "" }, "geometry": { "type": "LineString", "coordinates": [ [ 9.1650687, 48.7097136 ], [ 9.1650792, 48.7094379 ], [ 9.1651989, 48.7091166 ], [ 9.1652599, 48.7088929 ], [ 9.1653052, 48.7086602 ], [ 9.1653333, 48.7084944 ], [ 9.1653613, 48.7082771 ], [ 9.1653902, 48.7078705 ] ] } },
{ "type": "Feature", "properties": { "segment_id": "S296", "corridor_id": "B 27", "highway": "trunk", "length": 381.61834458469764, "metapath_priority": "None", "is_metapath_hard": false, "metapath_pairs": "" }, "geometry": { "type": "LineString", "coordinates": [ [ 9.1666832, 48.7061927 ], [ 9.166723, 48.7058938 ], [ 9.166751, 48.7055998 ], [ 9.1667603, 48.7052223 ], [ 9.1667564, 48.7050478 ], [ 9.1667478, 48.704898 ], [ 9.166733, 48.7047342 ], [ 9.1667142, 48.7045772 ], [ 9.1666916, 48.7044212 ], [ 9.1666635, 48.704258 ], [ 9.1665972, 48.7039434 ], [ 9.1665278, 48.7036179 ], [ 9.1664091, 48.702998 ], [ 9.166372, 48.7027777 ] ] } },
{ "type": "Feature", "properties": { "segment_id": "S297", "corridor_id": "segment_297", "highway": "motorway_link", "length": 327.09062861255569, "metapath_priority": "None", "is_metapath_hard": false, "metapath_pairs": "" }, "geometry": { "type": "LineString", "coordinates": [ [ 9.1653902, 48.7078705 ], [ 9.1654056, 48.7075843 ], [ 9.1654855, 48.707013 ], [ 9.1655532, 48.7066531 ], [ 9.1656252, 48.7064118 ], [ 9.1657442, 48.7058268 ], [ 9.1657759, 48.7057017 ], [ 9.1658212, 48.7055948 ], [ 9.1658754, 48.7055064 ], [ 9.1659432, 48.7054313 ], [ 9.1660119, 48.7053713 ], [ 9.1661058, 48.7053118 ], [ 9.1661994, 48.7052593 ], [ 9.1663305, 48.7052088 ], [ 9.1664718, 48.7051338 ] ] } },
{ "type": "Feature", "properties": { "segment_id": "S298", "corridor_id": "segment_298", "highway": "motorway_link", "length": 338.59620629675658, "metapath_priority": "None", "is_metapath_hard": false, "metapath_pairs": "" }, "geometry": { "type": "LineString", "coordinates": [ [ 9.1653902, 48.7078705 ], [ 9.1653402, 48.7077206 ], [ 9.1653334, 48.7075727 ], [ 9.1653043, 48.707447 ], [ 9.1652713, 48.7073566 ], [ 9.16522, 48.7072752 ], [ 9.1651488, 48.7071982 ], [ 9.1650453, 48.7071157 ], [ 9.1649465, 48.7070522 ], [ 9.1648294, 48.7069958 ], [ 9.164683, 48.7069423 ], [ 9.1645385, 48.7069053 ], [ 9.1643798, 48.7068817 ], [ 9.1642187, 48.7068704 ], [ 9.1640306, 48.70687 ], [ 9.1638023, 48.7068796 ], [ 9.162229, 48.7069902 ], [ 9.1617668, 48.7069987 ] ] } },
{ "type": "Feature", "properties": { "segment_id": "S299", "corridor_id": "segment_299", "highway": "motorway_link", "length": 28.819867214853701, "metapath_priority": "None", "is_metapath_hard": false, "metapath_pairs": "" }, "geometry": { "type": "LineString", "coordinates": [ [ 9.1397065, 48.7108284 ], [ 9.1398592, 48.7107596 ], [ 9.1400301, 48.7106815 ] ] } },
{ "type": "Feature", "properties": { "segment_id": "S300", "corridor_id": "Peregrinastraße", "highway": "trunk_link", "length": 1016.426965477807, "metapath_priority": "None", "is_metapath_hard": false, "metapath_pairs": "" }, "geometry": { "type": "LineString", "coordinates": [ [ 9.1626664, 48.7387481 ], [ 9.1626396, 48.7391337 ], [ 9.1625841, 48.7393462 ], [ 9.1625586, 48.7394612 ], [ 9.1624709, 48.7398245 ], [ 9.1623564, 48.7403437 ], [ 9.1621721, 48.7410462 ], [ 9.1620379, 48.7414542 ], [ 9.1618846, 48.7418181 ], [ 9.1617595, 48.7420776 ], [ 9.1616253, 48.7423274 ], [ 9.1614872, 48.7425596 ], [ 9.161326, 48.7428053 ], [ 9.1611278, 48.7430726 ], [ 9.1609011, 48.7433409 ], [ 9.1601832, 48.7441583 ], [ 9.1598954, 48.74443 ], [ 9.1596188, 48.7446756 ], [ 9.1592301, 48.745035 ], [ 9.1591272, 48.7451495 ], [ 9.1587377, 48.7454937 ], [ 9.1586098, 48.7455699 ], [ 9.1584421, 48.7457042 ], [ 9.1573858, 48.7465987 ], [ 9.1571952, 48.7467794 ], [ 9.1571333, 48.7468466 ], [ 9.1570945, 48.7468979 ] ] } },
{ "type": "Feature", "properties": { "segment_id": "S301", "corridor_id": "B 27", "highway": [ "trunk", "primary" ], "length": 1618.7895943195863, "metapath_priority": "None", "is_metapath_hard": false, "metapath_pairs": "" }, "geometry": { "type": "LineString", "coordinates": [ [ 9.1626664, 48.7387481 ], [ 9.1625797, 48.7389884 ], [ 9.162455, 48.7393446 ], [ 9.1624183, 48.7394683 ], [ 9.16232, 48.7397932 ], [ 9.1622492, 48.7400728 ], [ 9.1620754, 48.7406501 ], [ 9.1618272, 48.7413272 ], [ 9.1616196, 48.741783 ], [ 9.1613413, 48.7422862 ], [ 9.1611519, 48.742595 ], [ 9.1609279, 48.7429537 ], [ 9.1606909, 48.7433681 ], [ 9.1605972, 48.7435947 ], [ 9.1605406, 48.7437801 ], [ 9.1605141, 48.7439449 ], [ 9.1605119, 48.7441601 ], [ 9.1605338, 48.7443331 ], [ 9.1605753, 48.7444989 ], [ 9.1606289, 48.7446335 ], [ 9.1607014, 48.7447579 ], [ 9.1607833, 48.7448918 ], [ 9.1608885, 48.74503 ], [ 9.1609555, 48.7451139 ], [ 9.1610593, 48.7452209 ], [ 9.1612433, 48.7453759 ], [ 9.161417, 48.7455088 ], [ 9.1616462, 48.7456568 ], [ 9.1617943, 48.7457435 ], [ 9.1619336, 48.7458167 ], [ 9.1625236, 48.7461401 ], [ 9.1628703, 48.7463298 ], [ 9.1630066, 48.7464045 ], [ 9.1635288, 48.7466903 ], [ 9.1641288, 48.747015 ], [ 9.1642481, 48.7470781 ], [ 9.1645504, 48.7472375 ], [ 9.1652887, 48.7476287 ], [ 9.1655648, 48.7477532 ], [ 9.1656281, 48.7477821 ], [ 9.1658756, 48.7478877 ], [ 9.1659902, 48.7479341 ], [ 9.1667416, 48.7481871 ], [ 9.1673841, 48.7484044 ], [ 9.1674673, 48.748432 ], [ 9.167603, 48.748476 ], [ 9.1679064, 48.7485795 ], [ 9.1680035, 48.7486125 ], [ 9.1683625, 48.7487332 ], [ 9.1687255, 48.748863 ], [ 9.1693889, 48.7491804 ], [ 9.1695334, 48.7492673 ], [ 9.1698287, 48.7494454 ], [ 9.1699288, 48.7495112 ], [ 9.1700566, 48.7495896 ], [ 9.1701943, 48.7496918 ], [ 9.1702717, 48.7497544 ], [ 9.1704203, 48.7498938 ] ] } },
{ "type": "Feature", "properties": { "segment_id": "S302", "corridor_id": "segment_302", "highway": "motorway_link", "length": 18.364062887999609, "metapath_priority": "None", "is_metapath_hard": false, "metapath_pairs": "" }, "geometry": { "type": "LineString", "coordinates": [ [ 9.1563508, 48.9210707 ], [ 9.1565212, 48.9211921 ] ] } },
{ "type": "Feature", "properties": { "segment_id": "S303", "corridor_id": "B 27", "highway": "primary", "length": 234.91383313279795, "metapath_priority": "None", "is_metapath_hard": false, "metapath_pairs": "" }, "geometry": { "type": "LineString", "coordinates": [ [ 9.1563508, 48.9210707 ], [ 9.1565637, 48.920858 ], [ 9.1568465, 48.9205691 ], [ 9.1581627, 48.9193258 ] ] } },
{ "type": "Feature", "properties": { "segment_id": "S304", "corridor_id": "B 27", "highway": "primary", "length": 170.8449724486477, "metapath_priority": "None", "is_metapath_hard": false, "metapath_pairs": "" }, "geometry": { "type": "LineString", "coordinates": [ [ 9.1851893, 48.9029368 ], [ 9.1854548, 48.9028608 ], [ 9.1859133, 48.9027627 ], [ 9.1866547, 48.9026039 ], [ 9.1869125, 48.902554 ], [ 9.1870656, 48.9025244 ], [ 9.187111, 48.9025156 ], [ 9.1872688, 48.902485 ], [ 9.1874085, 48.9024579 ] ] } },
{ "type": "Feature", "properties": { "segment_id": "S305", "corridor_id": "B 27", "highway": "primary", "length": 404.20525997609656, "metapath_priority": "None", "is_metapath_hard": false, "metapath_pairs": "" }, "geometry": { "type": "LineString", "coordinates": [ [ 9.1851893, 48.9029368 ], [ 9.1840916, 48.9031437 ], [ 9.1839408, 48.9031717 ], [ 9.1823159, 48.9034782 ], [ 9.1805907, 48.9037928 ], [ 9.1798695, 48.9039296 ] ] } },
{ "type": "Feature", "properties": { "segment_id": "S306", "corridor_id": "B 27", "highway": "trunk", "length": 428.21367142054083, "metapath_priority": "None", "is_metapath_hard": false, "metapath_pairs": "" }, "geometry": { "type": "LineString", "coordinates": [ [ 9.1664997, 48.7020814 ], [ 9.1664983, 48.7022423 ], [ 9.1665035, 48.7024047 ], [ 9.1665093, 48.7024814 ], [ 9.1665137, 48.7025535 ], [ 9.1665171, 48.7026036 ], [ 9.1665293, 48.7027285 ], [ 9.1665516, 48.7028842 ], [ 9.1665771, 48.7030478 ], [ 9.1666085, 48.7032123 ], [ 9.166641, 48.7033779 ], [ 9.1667079, 48.703689 ], [ 9.1667765, 48.7040043 ], [ 9.1668623, 48.7044829 ], [ 9.1668858, 48.7046754 ], [ 9.1668984, 48.7048113 ], [ 9.1669111, 48.7049788 ], [ 9.1669183, 48.7051314 ], [ 9.1669201, 48.7052875 ], [ 9.1669147, 48.7054675 ], [ 9.1669074, 48.7056207 ], [ 9.1668957, 48.7057787 ], [ 9.1668795, 48.7059161 ] ] } },
{ "type": "Feature", "properties": { "segment_id": "S307", "corridor_id": "B 10", "highway": "trunk", "length": 757.61787720062455, "metapath_priority": "None", "is_metapath_hard": false, "metapath_pairs": "" }, "geometry": { "type": "LineString", "coordinates": [ [ 9.3464328, 48.7193087 ], [ 9.3458655, 48.7194197 ], [ 9.345267, 48.7195296 ], [ 9.3442122, 48.7197335 ], [ 9.3437175, 48.7198339 ], [ 9.343252, 48.7199385 ], [ 9.3427774, 48.7200521 ], [ 9.3422372, 48.7201904 ], [ 9.3416318, 48.7203639 ], [ 9.3408418, 48.7206113 ], [ 9.3401138, 48.7208612 ], [ 9.3395236, 48.7210815 ], [ 9.3387093, 48.7213921 ], [ 9.337837, 48.721713 ], [ 9.3369984, 48.7220062 ] ] } },
{ "type": "Feature", "properties": { "segment_id": "S308", "corridor_id": "segment_308", "highway": "trunk_link", "length": 754.7722877010425, "metapath_priority": "None", "is_metapath_hard": false, "metapath_pairs": "" }, "geometry": { "type": "LineString", "coordinates": [ [ 9.3464328, 48.7193087 ], [ 9.3460025, 48.7194635 ], [ 9.3459075, 48.7194904 ], [ 9.34534, 48.719635 ], [ 9.3446186, 48.7198213 ], [ 9.3437875, 48.7200412 ], [ 9.3428837, 48.7202865 ], [ 9.3423105, 48.7204454 ], [ 9.3421269, 48.7205004 ], [ 9.3420498, 48.7205224 ], [ 9.3418027, 48.7205885 ], [ 9.3409474, 48.7208309 ], [ 9.340298, 48.7210199 ], [ 9.3396061, 48.7212245 ], [ 9.3387837, 48.7214753 ], [ 9.3378888, 48.7217605 ], [ 9.337582, 48.7218639 ], [ 9.3369984, 48.7220062 ] ] } },
{ "type": "Feature", "properties": { "segment_id": "S309", "corridor_id": "L 1180", "highway": "trunk", "length": 319.04959388035127, "metapath_priority": "None", "is_metapath_hard": false, "metapath_pairs": "" }, "geometry": { "type": "LineString", "coordinates": [ [ 9.1114319, 48.7673492 ], [ 9.1124189, 48.7668272 ], [ 9.1128991, 48.7665792 ], [ 9.1148572, 48.7655786 ] ] } },
{ "type": "Feature", "properties": { "segment_id": "S310", "corridor_id": "L 1180", "highway": "trunk_link", "length": 144.03511160320829, "metapath_priority": "None", "is_metapath_hard": false, "metapath_pairs": "" }, "geometry": { "type": "LineString", "coordinates": [ [ 9.1102472, 48.7670966 ], [ 9.1101887, 48.7672426 ], [ 9.1101769, 48.7673391 ], [ 9.1102025, 48.7674226 ], [ 9.110294, 48.7675143 ], [ 9.1103479, 48.7675503 ], [ 9.1104147, 48.7675788 ], [ 9.1104978, 48.7676053 ], [ 9.1105818, 48.7676119 ], [ 9.1106553, 48.767615 ], [ 9.1107227, 48.7676096 ], [ 9.1107955, 48.7675987 ], [ 9.1111144, 48.7674599 ], [ 9.1112722, 48.7673883 ], [ 9.1114319, 48.7673492 ] ] } },
{ "type": "Feature", "properties": { "segment_id": "S311", "corridor_id": "L 1180", "highway": "trunk_link", "length": 72.84953048551003, "metapath_priority": "None", "is_metapath_hard": false, "metapath_pairs": "" }, "geometry": { "type": "LineString", "coordinates": [ [ 9.1102472, 48.7670966 ], [ 9.1103411, 48.767 ], [ 9.1105317, 48.7668626 ], [ 9.1107353, 48.766737 ], [ 9.1109597, 48.7666523 ] ] } },
{ "type": "Feature", "properties": { "segment_id": "S312", "corridor_id": "L 1180", "highway": "trunk", "length": 239.41318043787453, "metapath_priority": "None", "is_metapath_hard": false, "metapath_pairs": "" }, "geometry": { "type": "LineString", "coordinates": [ [ 9.1088413, 48.7686607 ], [ 9.1095141, 48.7683283 ], [ 9.1102039, 48.7679775 ], [ 9.1106044, 48.7677706 ], [ 9.1114319, 48.7673492 ] ] } },
{ "type": "Feature", "properties": { "segment_id": "S313", "corridor_id": "L 1180", "highway": "trunk_link", "length": 205.35566179412575, "metapath_priority": "None", "is_metapath_hard": false, "metapath_pairs": "" }, "geometry": { "type": "LineString", "coordinates": [ [ 9.1088413, 48.7686607 ], [ 9.1091323, 48.7684349 ], [ 9.1094592, 48.7682021 ], [ 9.1095965, 48.7680813 ], [ 9.1097096, 48.7679571 ], [ 9.1097883, 48.7678621 ], [ 9.1098519, 48.7677609 ], [ 9.1100427, 48.7673467 ], [ 9.1101095, 48.7672455 ], [ 9.1101678, 48.7671562 ], [ 9.1102472, 48.7670966 ] ] } },
{ "type": "Feature", "properties": { "segment_id": "S314", "corridor_id": "L 1180", "highway": "trunk", "length": 1515.0510938712684, "metapath_priority": "None", "is_metapath_hard": false, "metapath_pairs": "" }, "geometry": { "type": "LineString", "coordinates": [ [ 9.1098963, 48.7682597 ], [ 9.1074056, 48.7695378 ], [ 9.1058657, 48.7703293 ], [ 9.1046949, 48.7709324 ], [ 9.1043518, 48.7711082 ], [ 9.1039934, 48.7712905 ], [ 9.1033049, 48.7716415 ], [ 9.1031071, 48.7717424 ], [ 9.102803, 48.7718971 ], [ 9.0952065, 48.7757727 ], [ 9.0946349, 48.7760673 ], [ 9.0939022, 48.7764378 ], [ 9.0935633, 48.7766128 ] ] } },
{ "type": "Feature", "properties": { "segment_id": "S315", "corridor_id": "L 1180", "highway": "trunk", "length": 197.93309587448374, "metapath_priority": "None", "is_metapath_hard": false, "metapath_pairs": "" }, "geometry": { "type": "LineString", "coordinates": [ [ 9.1120602, 48.7671952 ], [ 9.1117389, 48.7673401 ], [ 9.1114144, 48.7675027 ], [ 9.1107477, 48.7678445 ], [ 9.1098963, 48.7682597 ] ] } },
{ "type": "Feature", "properties": { "segment_id": "S316", "corridor_id": "L 1180", "highway": "trunk_link", "length": 152.38087306229659, "metapath_priority": "None", "is_metapath_hard": false, "metapath_pairs": "" }, "geometry": { "type": "LineString", "coordinates": [ [ 9.1120602, 48.7671952 ], [ 9.1118784, 48.7673375 ], [ 9.1117936, 48.7674221 ], [ 9.111647, 48.767561 ], [ 9.1116122, 48.7676168 ], [ 9.1115875, 48.7676831 ], [ 9.1115727, 48.7677547 ], [ 9.1115787, 48.7678248 ], [ 9.1115934, 48.7678868 ], [ 9.1116253, 48.7679311 ], [ 9.1116665, 48.7679783 ], [ 9.111723, 48.7680318 ], [ 9.1118404, 48.7681037 ], [ 9.1119365, 48.7681421 ], [ 9.1120461, 48.7681709 ], [ 9.1122741, 48.7682036 ] ] } },
{ "type": "Feature", "properties": { "segment_id": "S317", "corridor_id": "L 1180", "highway": "trunk_link", "length": 118.76627149351627, "metapath_priority": "None", "is_metapath_hard": false, "metapath_pairs": "" }, "geometry": { "type": "LineString", "coordinates": [ [ 9.1122741, 48.7682036 ], [ 9.1123525, 48.7681922 ], [ 9.1124155, 48.7681781 ], [ 9.1125449, 48.7681413 ], [ 9.1127556, 48.768051 ], [ 9.112905, 48.7679659 ], [ 9.1130321, 48.7678842 ], [ 9.1132437, 48.7677335 ], [ 9.113442, 48.7675718 ], [ 9.1134918, 48.767531 ] ] } },
{ "type": "Feature", "properties": { "segment_id": "S318", "corridor_id": "L 1180", "highway": "trunk_link", "length": 178.50866626630014, "metapath_priority": "None", "is_metapath_hard": false, "metapath_pairs": "" }, "geometry": { "type": "LineString", "coordinates": [ [ 9.1122741, 48.7682036 ], [ 9.1120891, 48.7682202 ], [ 9.1119536, 48.7682165 ], [ 9.1118038, 48.7682024 ], [ 9.1114913, 48.7681544 ], [ 9.111173, 48.7681058 ], [ 9.1108622, 48.7680996 ], [ 9.1105696, 48.7681255 ], [ 9.110331, 48.768166 ], [ 9.1101242, 48.7682329 ], [ 9.1098963, 48.7682597 ] ] } },
{ "type": "Feature", "properties": { "segment_id": "S319", "corridor_id": "B 27", "highway": "primary", "length": 21.325436575298102, "metapath_priority": "None", "is_metapath_hard": false, "metapath_pairs": "" }, "geometry": { "type": "LineString", "coordinates": [ [ 9.1393616, 48.9486241 ], [ 9.139458, 48.9485602 ], [ 9.1395675, 48.9484881 ] ] } },
{ "type": "Feature", "properties": { "segment_id": "S320", "corridor_id": "B 27", "highway": "primary", "length": 31.29712449788731, "metapath_priority": "None", "is_metapath_hard": false, "metapath_pairs": "" }, "geometry": { "type": "LineString", "coordinates": [ [ 9.1393616, 48.9486241 ], [ 9.1393907, 48.9485021 ], [ 9.1393876, 48.948454 ], [ 9.1393756, 48.9484031 ], [ 9.1393483, 48.9483476 ] ] } },
{ "type": "Feature", "properties": { "segment_id": "S321", "corridor_id": "B 27", "highway": "motorway_link", "length": 39.952708712527347, "metapath_priority": "None", "is_metapath_hard": false, "metapath_pairs": "" }, "geometry": { "type": "LineString", "coordinates": [ [ 9.1589239, 48.91888 ], [ 9.1586951, 48.91901 ], [ 9.1586079, 48.9190377 ], [ 9.1585273, 48.9190484 ], [ 9.1584622, 48.9190457 ] ] } },
{ "type": "Feature", "properties": { "segment_id": "S322", "corridor_id": "B 27", "highway": "primary", "length": 311.5621954808297, "metapath_priority": "None", "is_metapath_hard": false, "metapath_pairs": "" }, "geometry": { "type": "LineString", "coordinates": [ [ 9.1589239, 48.91888 ], [ 9.1587994, 48.9189978 ], [ 9.1586255, 48.9191608 ], [ 9.1585895, 48.9191946 ], [ 9.1584262, 48.9193393 ], [ 9.1578656, 48.9198131 ], [ 9.1575418, 48.9201454 ], [ 9.157094, 48.9205875 ], [ 9.1566824, 48.9210291 ], [ 9.1565212, 48.9211921 ] ] } },
{ "type": "Feature", "properties": { "segment_id": "S323", "corridor_id": "segment_323", "highway": "motorway_link", "length": 18.460247285948963, "metapath_priority": "None", "is_metapath_hard": false, "metapath_pairs": "" }, "geometry": { "type": "LineString", "coordinates": [ [ 9.1565212, 48.9211921 ], [ 9.1562709, 48.9211695 ] ] } },
{ "type": "Feature", "properties": { "segment_id": "S324", "corridor_id": "B 27", "highway": "trunk", "length": 179.18600759928111, "metapath_priority": "None", "is_metapath_hard": false, "metapath_pairs": "" }, "geometry": { "type": "LineString", "coordinates": [ [ 9.1565212, 48.9211921 ], [ 9.1556008, 48.9221105 ], [ 9.1552055, 48.9225515 ] ] } },
{ "type": "Feature", "properties": { "segment_id": "S325", "corridor_id": "B 27", "highway": "trunk", "length": 180.11846111254229, "metapath_priority": "None", "is_metapath_hard": false, "metapath_pairs": "" }, "geometry": { "type": "LineString", "coordinates": [ [ 9.1543438, 48.9234682 ], [ 9.1540194, 48.9237854 ], [ 9.1539211, 48.9238775 ], [ 9.1538092, 48.9239825 ], [ 9.1535228, 48.9242386 ], [ 9.1533823, 48.9243643 ], [ 9.1528807, 48.9247707 ] ] } },
{ "type": "Feature", "properties": { "segment_id": "S326", "corridor_id": "segment_326", "highway": "trunk_link", "length": 184.8653995896365, "metapath_priority": "None", "is_metapath_hard": false, "metapath_pairs": "" }, "geometry": { "type": "LineString", "coordinates": [ [ 9.1543438, 48.9234682 ], [ 9.1542919, 48.9236314 ], [ 9.1542241, 48.9237007 ], [ 9.1541272, 48.9238202 ], [ 9.1540877, 48.9239011 ], [ 9.1540654, 48.923991 ], [ 9.1540836, 48.9240824 ], [ 9.1541323, 48.9241732 ], [ 9.1542101, 48.9242409 ], [ 9.1543045, 48.9242973 ], [ 9.1543652, 48.9243172 ], [ 9.1544209, 48.9243355 ], [ 9.1545502, 48.9243525 ], [ 9.1546868, 48.924353 ], [ 9.15485, 48.9243344 ], [ 9.1549704, 48.9243059 ], [ 9.1550915, 48.9242528 ], [ 9.1552082, 48.9241837 ], [ 9.1553095, 48.9241214 ] ] } },
{ "type": "Feature", "properties": { "segment_id": "S327", "corridor_id": "B 27", "highway": [ "trunk", "primary" ], "length": 2983.1081977619046, "metapath_priority": "None", "is_metapath_hard": false, "metapath_pairs": "" }, "geometry": { "type": "LineString", "coordinates": [ [ 9.1528807, 48.9247707 ], [ 9.1524473, 48.9250904 ], [ 9.1522155, 48.9252554 ], [ 9.1519656, 48.9254333 ], [ 9.1510588, 48.9260557 ], [ 9.1505442, 48.9264138 ], [ 9.1501455, 48.9267128 ], [ 9.1497856, 48.9270147 ], [ 9.1497541, 48.9270443 ], [ 9.1497325, 48.9270646 ], [ 9.1495565, 48.927217 ], [ 9.1493238, 48.9274538 ], [ 9.1490231, 48.9277681 ], [ 9.1487195, 48.9281228 ], [ 9.1483576, 48.928602 ], [ 9.1481208, 48.9289327 ], [ 9.1477981, 48.9294459 ], [ 9.1475077, 48.929933 ], [ 9.1471714, 48.9305598 ], [ 9.1467933, 48.9312893 ], [ 9.1464745, 48.9319261 ], [ 9.1454055, 48.9340252 ], [ 9.145249, 48.93434 ], [ 9.1451699, 48.9345036 ], [ 9.1450291, 48.9347607 ], [ 9.1448963, 48.9349897 ], [ 9.1446914, 48.9352972 ], [ 9.1445142, 48.9355201 ], [ 9.1443519, 48.9357121 ], [ 9.1441024, 48.9359658 ], [ 9.1438547, 48.9361899 ], [ 9.143444, 48.9365107 ], [ 9.1431079, 48.9367384 ], [ 9.1427305, 48.9369746 ], [ 9.1423576, 48.9371949 ], [ 9.1418408, 48.9374866 ], [ 9.1413104, 48.9377946 ], [ 9.140837, 48.9381041 ], [ 9.1405325, 48.9383163 ], [ 9.1402692, 48.9385265 ], [ 9.1399651, 48.9388352 ], [ 9.1397568, 48.9391062 ], [ 9.1395809, 48.9394255 ], [ 9.1394837, 48.9396606 ], [ 9.1394143, 48.9398557 ], [ 9.1393749, 48.9400524 ], [ 9.1393539, 48.9402522 ], [ 9.139345, 48.9404534 ], [ 9.1393509, 48.9406156 ], [ 9.1393626, 48.9407036 ], [ 9.1393709, 48.9408281 ], [ 9.1394255, 48.9411169 ], [ 9.139471, 48.9413076 ], [ 9.1394853, 48.9413604 ], [ 9.1395035, 48.9414262 ], [ 9.1395209, 48.9414981 ], [ 9.1395746, 48.9416853 ], [ 9.1397225, 48.9421945 ], [ 9.139786, 48.9424422 ], [ 9.1398284, 48.9426252 ], [ 9.1398622, 48.9428098 ], [ 9.1398894, 48.9429956 ], [ 9.1399047, 48.9431852 ], [ 9.1399101, 48.9433187 ], [ 9.1399091, 48.9435411 ], [ 9.1399026, 48.9436059 ], [ 9.1398879, 48.94371 ], [ 9.139864, 48.9438421 ], [ 9.1398165, 48.9440194 ], [ 9.1397628, 48.9441766 ], [ 9.1397038, 48.9443268 ], [ 9.1395274, 48.9446818 ], [ 9.139335, 48.9450693 ], [ 9.139177, 48.9453814 ], [ 9.1391648, 48.9454051 ], [ 9.1391307, 48.9454705 ], [ 9.1390217, 48.9456865 ], [ 9.1388818, 48.9459585 ], [ 9.1385558, 48.9466018 ], [ 9.1385065, 48.9467132 ], [ 9.1384543, 48.9468683 ], [ 9.1384347, 48.9469879 ], [ 9.1384363, 48.9470886 ], [ 9.1384521, 48.9471751 ], [ 9.138481, 48.9472363 ], [ 9.1385175, 48.9473081 ], [ 9.1385601, 48.9473682 ], [ 9.138606, 48.9474261 ], [ 9.1386784, 48.9474996 ], [ 9.1387618, 48.9475867 ], [ 9.1388158, 48.9476421 ], [ 9.1389941, 48.9478211 ], [ 9.139046, 48.9478711 ], [ 9.1395198, 48.9482635 ], [ 9.1395529, 48.9482882 ], [ 9.1395737, 48.9483046 ], [ 9.1397221, 48.9484202 ] ] } },
{ "type": "Feature", "properties": { "segment_id": "S328", "corridor_id": "B 27", "highway": "primary", "length": 9.5696608345466547, "metapath_priority": "None", "is_metapath_hard": false, "metapath_pairs": "" }, "geometry": { "type": "LineString", "coordinates": [ [ 9.139661, 48.9485484 ], [ 9.1395675, 48.9484881 ] ] } },
{ "type": "Feature", "properties": { "segment_id": "S329", "corridor_id": "B 27", "highway": "primary", "length": 1917.3223026431799, "metapath_priority": "None", "is_metapath_hard": false, "metapath_pairs": "" }, "geometry": { "type": "LineString", "coordinates": [ [ 9.139661, 48.9485484 ], [ 9.1396373, 48.9485643 ], [ 9.1395827, 48.948599 ], [ 9.1395225, 48.9486388 ], [ 9.1394847, 48.9486671 ], [ 9.1388698, 48.9492318 ], [ 9.1387636, 48.9493034 ], [ 9.1386858, 48.9493391 ], [ 9.1386255, 48.9493592 ], [ 9.1385404, 48.949381 ], [ 9.1383354, 48.9494227 ], [ 9.1382662, 48.9494345 ], [ 9.1380559, 48.9494742 ], [ 9.1378587, 48.9495182 ], [ 9.1376904, 48.949563 ], [ 9.1375084, 48.9496182 ], [ 9.1373036, 48.9496766 ], [ 9.1371843, 48.9497704 ], [ 9.1370931, 48.9498215 ], [ 9.13701, 48.949888 ], [ 9.1369819, 48.9499096 ], [ 9.1369198, 48.9499734 ], [ 9.1368559, 48.9500522 ], [ 9.1368115, 48.9501218 ], [ 9.1367375, 48.9502668 ], [ 9.136581, 48.9505759 ], [ 9.1364653, 48.9508133 ], [ 9.1362689, 48.9512088 ], [ 9.1362477, 48.9512524 ], [ 9.136197, 48.9513483 ], [ 9.1361524, 48.9514237 ], [ 9.1361072, 48.9514864 ], [ 9.1360171, 48.9516172 ], [ 9.1359538, 48.9517401 ], [ 9.1357619, 48.9521203 ], [ 9.1355225, 48.9525982 ], [ 9.1353771, 48.9528912 ], [ 9.1353015, 48.9530658 ], [ 9.1352712, 48.9531884 ], [ 9.135251, 48.9532345 ], [ 9.1351703, 48.9533953 ], [ 9.1351497, 48.9534407 ], [ 9.1350974, 48.9535484 ], [ 9.1350555, 48.9536396 ], [ 9.1349932, 48.953761 ], [ 9.1349226, 48.953868 ], [ 9.1348464, 48.9539726 ], [ 9.1347533, 48.9541027 ], [ 9.1346706, 48.9542574 ], [ 9.1345605, 48.9544765 ], [ 9.1345016, 48.9546103 ], [ 9.134474, 48.9546793 ], [ 9.1344298, 48.9547901 ], [ 9.1344083, 48.9548592 ], [ 9.1343973, 48.9549124 ], [ 9.1343973, 48.9549616 ], [ 9.1344034, 48.9550116 ], [ 9.134419, 48.9550686 ], [ 9.1344532, 48.9551184 ], [ 9.1345022, 48.9551625 ], [ 9.1345713, 48.9552075 ], [ 9.1346491, 48.9552453 ], [ 9.134833, 48.9553165 ], [ 9.1349783, 48.9553735 ], [ 9.1350596, 48.9554113 ], [ 9.1352008, 48.955486 ], [ 9.1352587, 48.9555383 ], [ 9.1353082, 48.9556038 ], [ 9.135337, 48.9556687 ], [ 9.1353504, 48.9557165 ], [ 9.1353555, 48.9557583 ], [ 9.1353562, 48.9557853 ], [ 9.1353516, 48.9558341 ], [ 9.1353448, 48.9558619 ], [ 9.1353057, 48.9559354 ], [ 9.1352472, 48.9559943 ], [ 9.1352305, 48.9560088 ], [ 9.1351449, 48.956076 ], [ 9.1350596, 48.9561295 ], [ 9.1349665, 48.9561808 ], [ 9.1348629, 48.9562279 ], [ 9.1347603, 48.9562672 ], [ 9.1346506, 48.9563025 ], [ 9.1345187, 48.9563377 ], [ 9.1344049, 48.9563612 ], [ 9.1342734, 48.9563732 ], [ 9.1341211, 48.9563739 ], [ 9.1337095, 48.9563683 ], [ 9.1334575, 48.9563671 ], [ 9.1333119, 48.9563663 ], [ 9.13308, 48.9563788 ], [ 9.1329158, 48.9564046 ], [ 9.1327865, 48.9564292 ], [ 9.1326076, 48.9564922 ], [ 9.1324488, 48.9565747 ], [ 9.1323617, 48.9566305 ], [ 9.1322727, 48.9567026 ], [ 9.1322049, 48.9567757 ], [ 9.1321568, 48.956845 ], [ 9.1321144, 48.9569197 ], [ 9.1320875, 48.9569861 ], [ 9.1320719, 48.9570512 ], [ 9.1320637, 48.9571321 ], [ 9.1320688, 48.9572245 ], [ 9.1320887, 48.9573062 ], [ 9.1321262, 48.9574066 ], [ 9.1321841, 48.9575086 ], [ 9.1322607, 48.9575995 ], [ 9.1324701, 48.9578384 ], [ 9.1326081, 48.9580362 ], [ 9.1327073, 48.9582083 ], [ 9.1327544, 48.9583212 ], [ 9.1328152, 48.9584987 ], [ 9.1328414, 48.9586251 ], [ 9.1328546, 48.9586888 ], [ 9.1328667, 48.9587923 ], [ 9.1328721, 48.9588784 ], [ 9.1328697, 48.9589341 ], [ 9.1328633, 48.959041 ], [ 9.1328564, 48.9591014 ], [ 9.1328503, 48.9591585 ], [ 9.132818, 48.9593204 ], [ 9.1327418, 48.9595421 ], [ 9.1326678, 48.9597371 ], [ 9.1325602, 48.9599823 ], [ 9.1322399, 48.9606655 ], [ 9.1320518, 48.9610433 ], [ 9.1320338, 48.961079 ], [ 9.1319955, 48.9611553 ], [ 9.1319496, 48.961255 ], [ 9.1319182, 48.9613345 ], [ 9.1318758, 48.9614419 ], [ 9.1318606, 48.9614906 ], [ 9.1317695, 48.9617831 ], [ 9.1317206, 48.9620242 ], [ 9.13169, 48.9623536 ], [ 9.1316644, 48.9625474 ] ] } },
{ "type": "Feature", "properties": { "segment_id": "S330", "corridor_id": "B 10", "highway": "trunk", "length": 229.42308895740953, "metapath_priority": "None", "is_metapath_hard": false, "metapath_pairs": "" }, "geometry": { "type": "LineString", "coordinates": [ [ 9.1216324, 48.8504268 ], [ 9.1220743, 48.8501234 ], [ 9.1226395, 48.8497506 ], [ 9.1232487, 48.8493632 ], [ 9.1238741, 48.848985 ] ] } },
{ "type": "Feature", "properties": { "segment_id": "S331", "corridor_id": "segment_331", "highway": "motorway_link", "length": 262.43911211059651, "metapath_priority": "None", "is_metapath_hard": false, "metapath_pairs": "" }, "geometry": { "type": "LineString", "coordinates": [ [ 9.1216324, 48.8504268 ], [ 9.1217239, 48.8502974 ], [ 9.1217709, 48.8502357 ], [ 9.1218152, 48.8501701 ], [ 9.1218692, 48.8500947 ], [ 9.1219115, 48.8499791 ], [ 9.1219125, 48.849878 ], [ 9.1218911, 48.8497765 ], [ 9.1218276, 48.8496778 ], [ 9.1217328, 48.8495896 ], [ 9.1216105, 48.8495213 ], [ 9.1214678, 48.8494741 ], [ 9.1213218, 48.8494478 ], [ 9.121172, 48.8494429 ], [ 9.1210138, 48.8494596 ], [ 9.1208774, 48.8494965 ], [ 9.1207732, 48.8495457 ], [ 9.1206763, 48.8496127 ], [ 9.1206046, 48.8496921 ], [ 9.1205452, 48.8498004 ], [ 9.120519, 48.84991 ], [ 9.1205268, 48.8500161 ], [ 9.1205875, 48.8502554 ] ] } },
{ "type": "Feature", "properties": { "segment_id": "S332", "corridor_id": "segment_332", "highway": "motorway_link", "length": 383.62663485910775, "metapath_priority": "None", "is_metapath_hard": false, "metapath_pairs": "" }, "geometry": { "type": "LineString", "coordinates": [ [ 9.1222019, 48.8536838 ], [ 9.1220263, 48.8535359 ], [ 9.1218967, 48.8534006 ], [ 9.121771, 48.8532756 ], [ 9.1216209, 48.8531505 ], [ 9.1214794, 48.8530541 ], [ 9.121341, 48.8529736 ], [ 9.1212555, 48.852934 ], [ 9.1211478, 48.8528932 ], [ 9.1210393, 48.8528605 ], [ 9.1208892, 48.8528276 ], [ 9.1207251, 48.8528091 ], [ 9.1205619, 48.8528077 ], [ 9.1204474, 48.8528098 ], [ 9.1202703, 48.852793 ], [ 9.1201437, 48.8527643 ], [ 9.1199885, 48.8527107 ], [ 9.1198544, 48.8526633 ], [ 9.119777, 48.8526354 ], [ 9.1196469, 48.8526061 ], [ 9.1194797, 48.8525855 ], [ 9.1193088, 48.8525856 ], [ 9.1191494, 48.8526021 ], [ 9.1189775, 48.8526391 ], [ 9.1188226, 48.8526933 ], [ 9.1186489, 48.852761 ], [ 9.1183927, 48.8529276 ], [ 9.1181729, 48.8530779 ], [ 9.1180368, 48.8531469 ], [ 9.1179892, 48.8531598 ], [ 9.1179163, 48.8531794 ] ] } },
{ "type": "Feature", "properties": { "segment_id": "S333", "corridor_id": "segment_333", "highway": "motorway_link", "length": 660.35935087584414, "metapath_priority": "None", "is_metapath_hard": false, "metapath_pairs": "" }, "geometry": { "type": "LineString", "coordinates": [ [ 9.1222019, 48.8536838 ], [ 9.1219776, 48.8533512 ], [ 9.121871, 48.8532122 ], [ 9.1217557, 48.8530838 ], [ 9.1216719, 48.8530039 ], [ 9.1214654, 48.852854 ], [ 9.1213474, 48.8527693 ], [ 9.1212478, 48.8526895 ], [ 9.1211491, 48.852594 ], [ 9.121081, 48.8525218 ], [ 9.1210075, 48.8524294 ], [ 9.1209532, 48.8523406 ], [ 9.1209169, 48.852271 ], [ 9.1208853, 48.8521912 ], [ 9.12086, 48.8521035 ], [ 9.1208369, 48.8519971 ], [ 9.1208258, 48.8518431 ], [ 9.1208216, 48.8518018 ], [ 9.1208141, 48.8517268 ], [ 9.1207968, 48.8516357 ], [ 9.1207806, 48.851568 ], [ 9.1207626, 48.8515087 ], [ 9.120737, 48.85145 ], [ 9.1204408, 48.8509783 ], [ 9.1203435, 48.8508331 ], [ 9.1202583, 48.8507378 ], [ 9.1201717, 48.8506718 ], [ 9.1201006, 48.8506329 ], [ 9.1200035, 48.8505901 ], [ 9.1198702, 48.8505491 ], [ 9.1197337, 48.8505285 ], [ 9.1195737, 48.8505251 ], [ 9.1194608, 48.8505413 ], [ 9.1193698, 48.8505657 ], [ 9.119297, 48.8505923 ], [ 9.1191925, 48.8506432 ], [ 9.1191013, 48.8507086 ], [ 9.1190372, 48.8507749 ], [ 9.1189974, 48.8508429 ], [ 9.1189737, 48.8509168 ], [ 9.1189666, 48.8510062 ], [ 9.1189836, 48.8510913 ], [ 9.1190241, 48.8511697 ], [ 9.1190913, 48.8512519 ], [ 9.1191814, 48.8513161 ], [ 9.1192719, 48.8513648 ], [ 9.1193947, 48.851406 ], [ 9.1194993, 48.8514279 ], [ 9.1196103, 48.851438 ], [ 9.1197305, 48.8514384 ], [ 9.1198471, 48.8514251 ], [ 9.1199788, 48.851398 ], [ 9.1201144, 48.8513583 ], [ 9.1202322, 48.851307 ], [ 9.1203512, 48.8512364 ], [ 9.1205151, 48.8511327 ], [ 9.1206617, 48.8510912 ] ] } },
{ "type": "Feature", "properties": { "segment_id": "S334", "corridor_id": "segment_334", "highway": "motorway_link", "length": 127.45617644210614, "metapath_priority": "None", "is_metapath_hard": false, "metapath_pairs": "" }, "geometry": { "type": "LineString", "coordinates": [ [ 9.1205875, 48.8502554 ], [ 9.1212682, 48.8513105 ] ] } },
{ "type": "Feature", "properties": { "segment_id": "S335", "corridor_id": "B 10", "highway": "trunk", "length": 207.94466722939205, "metapath_priority": "None", "is_metapath_hard": false, "metapath_pairs": "" }, "geometry": { "type": "LineString", "coordinates": [ [ 9.113404, 48.8558741 ], [ 9.113855, 48.8555649 ], [ 9.1143109, 48.8552746 ], [ 9.1146909, 48.8550373 ], [ 9.115093, 48.8547948 ], [ 9.1154571, 48.8545819 ] ] } },
{ "type": "Feature", "properties": { "segment_id": "S336", "corridor_id": "B 10", "highway": "primary", "length": 1617.9863263157783, "metapath_priority": "None", "is_metapath_hard": false, "metapath_pairs": "" }, "geometry": { "type": "LineString", "coordinates": [ [ 9.113404, 48.8558741 ], [ 9.1128413, 48.8561987 ], [ 9.1122714, 48.8565199 ], [ 9.1117253, 48.8568216 ], [ 9.1113083, 48.8570478 ], [ 9.1109933, 48.8572214 ], [ 9.1104949, 48.8574959 ], [ 9.1083461, 48.8586793 ], [ 9.1067365, 48.8595671 ], [ 9.1064393, 48.8597367 ], [ 9.105771, 48.8601022 ], [ 9.1050479, 48.8605091 ], [ 9.1046727, 48.8607428 ], [ 9.1044224, 48.8609086 ], [ 9.1039899, 48.8612102 ], [ 9.1036834, 48.86143 ], [ 9.103235, 48.8617892 ], [ 9.1028143, 48.8621364 ], [ 9.1026176, 48.8623015 ], [ 9.1018898, 48.8629097 ], [ 9.1013813, 48.8633341 ], [ 9.1011, 48.8635687 ], [ 9.1009077, 48.8637231 ], [ 9.1006518, 48.8639211 ], [ 9.1004388, 48.8640698 ], [ 9.1002551, 48.8641923 ], [ 9.1000029, 48.864338 ], [ 9.0997339, 48.8644776 ], [ 9.0994215, 48.8646203 ], [ 9.0991053, 48.8647477 ], [ 9.0983494, 48.8650235 ], [ 9.0976216, 48.8652886 ], [ 9.0972671, 48.8654188 ], [ 9.0970278, 48.8655108 ] ] } },
{ "type": "Feature", "properties": { "segment_id": "S337", "corridor_id": "B 10", "highway": "primary", "length": 97.190694852765134, "metapath_priority": "None", "is_metapath_hard": false, "metapath_pairs": "" }, "geometry": { "type": "LineString", "coordinates": [ [ 9.0970278, 48.8655108 ], [ 9.0969454, 48.8655699 ], [ 9.0967146, 48.8656788 ], [ 9.0965067, 48.8657866 ], [ 9.0963177, 48.8658918 ], [ 9.096019, 48.866077 ] ] } },
{ "type": "Feature", "properties": { "segment_id": "S338", "corridor_id": "B 10", "highway": "primary", "length": 1617.9863263157783, "metapath_priority": "None", "is_metapath_hard": false, "metapath_pairs": "" }, "geometry": { "type": "LineString", "coordinates": [ [ 9.0970278, 48.8655108 ], [ 9.0972671, 48.8654188 ], [ 9.0976216, 48.8652886 ], [ 9.0983494, 48.8650235 ], [ 9.0991053, 48.8647477 ], [ 9.0994215, 48.8646203 ], [ 9.0997339, 48.8644776 ], [ 9.1000029, 48.864338 ], [ 9.1002551, 48.8641923 ], [ 9.1004388, 48.8640698 ], [ 9.1006518, 48.8639211 ], [ 9.1009077, 48.8637231 ], [ 9.1011, 48.8635687 ], [ 9.1013813, 48.8633341 ], [ 9.1018898, 48.8629097 ], [ 9.1026176, 48.8623015 ], [ 9.1028143, 48.8621364 ], [ 9.103235, 48.8617892 ], [ 9.1036834, 48.86143 ], [ 9.1039899, 48.8612102 ], [ 9.1044224, 48.8609086 ], [ 9.1046727, 48.8607428 ], [ 9.1050479, 48.8605091 ], [ 9.105771, 48.8601022 ], [ 9.1064393, 48.8597367 ], [ 9.1067365, 48.8595671 ], [ 9.1083461, 48.8586793 ], [ 9.1104949, 48.8574959 ], [ 9.1109933, 48.8572214 ], [ 9.1113083, 48.8570478 ], [ 9.1117253, 48.8568216 ], [ 9.1122714, 48.8565199 ], [ 9.1128413, 48.8561987 ], [ 9.113404, 48.8558741 ] ] } },
{ "type": "Feature", "properties": { "segment_id": "S339", "corridor_id": "B 10", "highway": "primary", "length": 90.82875955916974, "metapath_priority": "None", "is_metapath_hard": false, "metapath_pairs": "" }, "geometry": { "type": "LineString", "coordinates": [ [ 9.0952946, 48.8666598 ], [ 9.0951603, 48.8667801 ], [ 9.0948515, 48.8670411 ], [ 9.0945176, 48.8672965 ] ] } },
{ "type": "Feature", "properties": { "segment_id": "S340", "corridor_id": "B 10", "highway": "primary", "length": 75.956373521417461, "metapath_priority": "None", "is_metapath_hard": false, "metapath_pairs": "" }, "geometry": { "type": "LineString", "coordinates": [ [ 9.09083, 48.8698825 ], [ 9.09048, 48.8701254 ], [ 9.0901329, 48.8703886 ] ] } },
{ "type": "Feature", "properties": { "segment_id": "S341", "corridor_id": "B 10", "highway": "primary", "length": 394.38437507762239, "metapath_priority": "None", "is_metapath_hard": false, "metapath_pairs": "" }, "geometry": { "type": "LineString", "coordinates": [ [ 9.09083, 48.8698825 ], [ 9.0913265, 48.8695433 ], [ 9.0919082, 48.8691459 ], [ 9.0922584, 48.8689099 ], [ 9.0926626, 48.8686375 ], [ 9.0931196, 48.8683296 ], [ 9.0934976, 48.8680649 ], [ 9.0937647, 48.8678779 ], [ 9.0939536, 48.867732 ], [ 9.0941606, 48.8675722 ], [ 9.09433, 48.8674414 ], [ 9.0945176, 48.8672965 ] ] } },
{ "type": "Feature", "properties": { "segment_id": "S342", "corridor_id": "segment_342", "highway": "primary_link", "length": 215.24223841551736, "metapath_priority": "None", "is_metapath_hard": false, "metapath_pairs": "" }, "geometry": { "type": "LineString", "coordinates": [ [ 9.09083, 48.8698825 ], [ 9.0907681, 48.8700052 ], [ 9.0906848, 48.8701454 ], [ 9.090607, 48.8702762 ], [ 9.0905058, 48.8704463 ], [ 9.0904028, 48.8706196 ], [ 9.0902447, 48.8708855 ], [ 9.0901539, 48.8710382 ], [ 9.0900647, 48.8711882 ], [ 9.0899612, 48.8712992 ], [ 9.0898787, 48.8713878 ], [ 9.0897923, 48.8714804 ], [ 9.0897174, 48.8715608 ], [ 9.0896386, 48.8716453 ] ] } },
{ "type": "Feature", "properties": { "segment_id": "S343", "corridor_id": "B 10", "highway": "primary", "length": 75.956373521417461, "metapath_priority": "None", "is_metapath_hard": false, "metapath_pairs": "" }, "geometry": { "type": "LineString", "coordinates": [ [ 9.0901329, 48.8703886 ], [ 9.09048, 48.8701254 ], [ 9.09083, 48.8698825 ] ] } },
{ "type": "Feature", "properties": { "segment_id": "S344", "corridor_id": "B 10", "highway": "primary", "length": 1103.2034071653968, "metapath_priority": "None", "is_metapath_hard": false, "metapath_pairs": "" }, "geometry": { "type": "LineString", "coordinates": [ [ 9.0901329, 48.8703886 ], [ 9.0897625, 48.8707041 ], [ 9.0894909, 48.8709666 ], [ 9.0892741, 48.8711987 ], [ 9.0890337, 48.87148 ], [ 9.0888342, 48.8717386 ], [ 9.0886793, 48.8719627 ], [ 9.0884387, 48.8723543 ], [ 9.0881255, 48.8729086 ], [ 9.087965, 48.8731792 ], [ 9.0874856, 48.8740327 ], [ 9.0872851, 48.8743808 ], [ 9.0871497, 48.8746136 ], [ 9.0869755, 48.8748876 ], [ 9.0867743, 48.8751753 ], [ 9.0866241, 48.8753736 ], [ 9.0864611, 48.8755842 ], [ 9.0863129, 48.8757555 ], [ 9.0861591, 48.8759256 ], [ 9.0859326, 48.8761701 ], [ 9.0857202, 48.8763783 ], [ 9.085498, 48.8765631 ], [ 9.0849879, 48.877015 ], [ 9.0844918, 48.8773917 ], [ 9.0839973, 48.8777286 ], [ 9.0835157, 48.8780245 ], [ 9.0830172, 48.8783047 ], [ 9.0826279, 48.8785038 ], [ 9.0822801, 48.8786666 ] ] } },
{ "type": "Feature", "properties": { "segment_id": "S345", "corridor_id": "B 10", "highway": "primary", "length": 1103.2034071653968, "metapath_priority": "None", "is_metapath_hard": false, "metapath_pairs": "" }, "geometry": { "type": "LineString", "coordinates": [ [ 9.0822801, 48.8786666 ], [ 9.0826279, 48.8785038 ], [ 9.0830172, 48.8783047 ], [ 9.0835157, 48.8780245 ], [ 9.0839973, 48.8777286 ], [ 9.0844918, 48.8773917 ], [ 9.0849879, 48.877015 ], [ 9.085498, 48.8765631 ], [ 9.0857202, 48.8763783 ], [ 9.0859326, 48.8761701 ], [ 9.0861591, 48.8759256 ], [ 9.0863129, 48.8757555 ], [ 9.0864611, 48.8755842 ], [ 9.0866241, 48.8753736 ], [ 9.0867743, 48.8751753 ], [ 9.0869755, 48.8748876 ], [ 9.0871497, 48.8746136 ], [ 9.0872851, 48.8743808 ], [ 9.0874856, 48.8740327 ], [ 9.087965, 48.8731792 ], [ 9.0881255, 48.8729086 ], [ 9.0884387, 48.8723543 ], [ 9.0886793, 48.8719627 ], [ 9.0888342, 48.8717386 ], [ 9.0890337, 48.87148 ], [ 9.0892741, 48.8711987 ], [ 9.0894909, 48.8709666 ], [ 9.0897625, 48.8707041 ], [ 9.0901329, 48.8703886 ] ] } },
{ "type": "Feature", "properties": { "segment_id": "S346", "corridor_id": "B 10", "highway": "primary", "length": 104.44751227847573, "metapath_priority": "None", "is_metapath_hard": false, "metapath_pairs": "" }, "geometry": { "type": "LineString", "coordinates": [ [ 9.0822801, 48.8786666 ], [ 9.0816178, 48.878952 ], [ 9.0810611, 48.8791549 ] ] } },
{ "type": "Feature", "properties": { "segment_id": "S347", "corridor_id": "segment_347", "highway": "primary_link", "length": 76.130188762772903, "metapath_priority": "None", "is_metapath_hard": false, "metapath_pairs": "" }, "geometry": { "type": "LineString", "coordinates": [ [ 9.0828501, 48.8803591 ], [ 9.0824782, 48.8803458 ], [ 9.0822386, 48.8803492 ], [ 9.0818123, 48.8803807 ] ] } },
{ "type": "Feature", "properties": { "segment_id": "S348", "corridor_id": "segment_348", "highway": "primary_link", "length": 144.11117139544035, "metapath_priority": "None", "is_metapath_hard": false, "metapath_pairs": "" }, "geometry": { "type": "LineString", "coordinates": [ [ 9.0815144, 48.8803705 ], [ 9.0812604, 48.8803637 ], [ 9.0809246, 48.8803251 ], [ 9.0806428, 48.8802731 ], [ 9.0803916, 48.8802125 ], [ 9.0801117, 48.8801144 ], [ 9.0798984, 48.8800297 ], [ 9.0796983, 48.8799322 ] ] } },
{ "type": "Feature", "properties": { "segment_id": "S349", "corridor_id": "segment_349", "highway": "primary_link", "length": 36.936846325106785, "metapath_priority": "None", "is_metapath_hard": false, "metapath_pairs": "" }, "geometry": { "type": "LineString", "coordinates": [ [ 9.0815144, 48.8803705 ], [ 9.0816436, 48.8803316 ], [ 9.0816882, 48.8803 ], [ 9.0817494, 48.880209 ], [ 9.0817684, 48.8801137 ] ] } },
{ "type": "Feature", "properties": { "segment_id": "S350", "corridor_id": "segment_350", "highway": "primary_link", "length": 144.11117139544032, "metapath_priority": "None", "is_metapath_hard": false, "metapath_pairs": "" }, "geometry": { "type": "LineString", "coordinates": [ [ 9.0796983, 48.8799322 ], [ 9.0798984, 48.8800297 ], [ 9.0801117, 48.8801144 ], [ 9.0803916, 48.8802125 ], [ 9.0806428, 48.8802731 ], [ 9.0809246, 48.8803251 ], [ 9.0812604, 48.8803637 ], [ 9.0815144, 48.8803705 ] ] } },
{ "type": "Feature", "properties": { "segment_id": "S351", "corridor_id": "segment_351", "highway": "primary_link", "length": 60.050003477270835, "metapath_priority": "None", "is_metapath_hard": false, "metapath_pairs": "" }, "geometry": { "type": "LineString", "coordinates": [ [ 9.0796983, 48.8799322 ], [ 9.0795459, 48.8798695 ], [ 9.0793809, 48.8798025 ], [ 9.0793057, 48.8797854 ], [ 9.0791922, 48.8797845 ], [ 9.0789378, 48.8797866 ] ] } },
{ "type": "Feature", "properties": { "segment_id": "S352", "corridor_id": "segment_352", "highway": "primary_link", "length": 46.650915586342691, "metapath_priority": "None", "is_metapath_hard": false, "metapath_pairs": "" }, "geometry": { "type": "LineString", "coordinates": [ [ 9.0799814, 48.8786867 ], [ 9.0798797, 48.87878 ], [ 9.079759, 48.8788532 ], [ 9.0796354, 48.8789144 ], [ 9.0795108, 48.8789625 ] ] } },
{ "type": "Feature", "properties": { "segment_id": "S353", "corridor_id": "segment_353", "highway": "primary_link", "length": 96.332549295019533, "metapath_priority": "None", "is_metapath_hard": false, "metapath_pairs": "" }, "geometry": { "type": "LineString", "coordinates": [ [ 9.0799814, 48.8786867 ], [ 9.08016, 48.8785974 ], [ 9.0803719, 48.8785065 ], [ 9.0805073, 48.8784616 ], [ 9.0806307, 48.8784316 ], [ 9.080746, 48.8784183 ], [ 9.0808412, 48.8784201 ], [ 9.0809311, 48.8784316 ], [ 9.0809914, 48.8784492 ], [ 9.0810625, 48.8784748 ], [ 9.0811414, 48.8785212 ] ] } },
{ "type": "Feature", "properties": { "segment_id": "S354", "corridor_id": "segment_354", "highway": "primary_link", "length": 96.332549295019533, "metapath_priority": "None", "is_metapath_hard": false, "metapath_pairs": "" }, "geometry": { "type": "LineString", "coordinates": [ [ 9.0811414, 48.8785212 ], [ 9.0810625, 48.8784748 ], [ 9.0809914, 48.8784492 ], [ 9.0809311, 48.8784316 ], [ 9.0808412, 48.8784201 ], [ 9.080746, 48.8784183 ], [ 9.0806307, 48.8784316 ], [ 9.0805073, 48.8784616 ], [ 9.0803719, 48.8785065 ], [ 9.08016, 48.8785974 ], [ 9.0799814, 48.8786867 ] ] } },
{ "type": "Feature", "properties": { "segment_id": "S355", "corridor_id": "segment_355", "highway": "primary_link", "length": 94.564145243640311, "metapath_priority": "None", "is_metapath_hard": false, "metapath_pairs": "" }, "geometry": { "type": "LineString", "coordinates": [ [ 9.0811414, 48.8785212 ], [ 9.0813104, 48.8786236 ], [ 9.0813965, 48.8786856 ], [ 9.0814802, 48.8787242 ], [ 9.0815858, 48.8787508 ], [ 9.0816835, 48.8787641 ], [ 9.0817775, 48.8787658 ], [ 9.0818792, 48.8787564 ], [ 9.0819629, 48.8787412 ], [ 9.082053, 48.8787169 ], [ 9.0822801, 48.8786666 ] ] } },
{ "type": "Feature", "properties": { "segment_id": "S356", "corridor_id": "segment_356", "highway": "primary_link", "length": 27.675476097120487, "metapath_priority": "None", "is_metapath_hard": false, "metapath_pairs": "" }, "geometry": { "type": "LineString", "coordinates": [ [ 9.0794523, 48.8788663 ], [ 9.0796301, 48.8788024 ], [ 9.0797806, 48.8787426 ] ] } },
{ "type": "Feature", "properties": { "segment_id": "S357", "corridor_id": "B 10", "highway": "primary", "length": 74.064205162946791, "metapath_priority": "None", "is_metapath_hard": false, "metapath_pairs": "" }, "geometry": { "type": "LineString", "coordinates": [ [ 9.0789378, 48.8797866 ], [ 9.0792213, 48.8797169 ], [ 9.0794415, 48.879664 ], [ 9.0798824, 48.8795465 ] ] } },
{ "type": "Feature", "properties": { "segment_id": "S358", "corridor_id": "B 10", "highway": "primary", "length": 1367.8175442163633, "metapath_priority": "None", "is_metapath_hard": false, "metapath_pairs": "" }, "geometry": { "type": "LineString", "coordinates": [ [ 9.0789378, 48.8797866 ], [ 9.0782417, 48.8799303 ], [ 9.0774109, 48.8800777 ], [ 9.0770998, 48.8801298 ], [ 9.0765859, 48.8802237 ], [ 9.0760562, 48.8803246 ], [ 9.0757528, 48.8803884 ], [ 9.0753253, 48.8804878 ], [ 9.075039, 48.880575 ], [ 9.0745142, 48.880739 ], [ 9.0741827, 48.8808614 ], [ 9.0738873, 48.8809816 ], [ 9.0734866, 48.8811674 ], [ 9.0730602, 48.8813738 ], [ 9.0722837, 48.8817583 ], [ 9.0718465, 48.8819532 ], [ 9.0714782, 48.8820989 ], [ 9.0711571, 48.8822222 ], [ 9.0707079, 48.882373 ], [ 9.0702572, 48.8825115 ], [ 9.0697905, 48.8826323 ], [ 9.069357, 48.8827339 ], [ 9.068947, 48.8828175 ], [ 9.0685608, 48.8828863 ], [ 9.068122, 48.8829533 ], [ 9.0677241, 48.8830074 ], [ 9.0673251, 48.8830577 ], [ 9.066925, 48.8831041 ], [ 9.066524, 48.8831468 ], [ 9.066122, 48.8831856 ], [ 9.0657192, 48.8832205 ], [ 9.0653157, 48.8832516 ], [ 9.0649115, 48.8832788 ], [ 9.0645068, 48.8833021 ], [ 9.0641016, 48.8833215 ], [ 9.0632052, 48.8833475 ], [ 9.0623355, 48.8833542 ], [ 9.0614167, 48.8833534 ] ] } },
{ "type": "Feature", "properties": { "segment_id": "S359", "corridor_id": "B 10", "highway": "primary", "length": 96.639349454248617, "metapath_priority": "None", "is_metapath_hard": false, "metapath_pairs": "" }, "geometry": { "type": "LineString", "coordinates": [ [ 9.0810611, 48.8791549 ], [ 9.0806031, 48.8793171 ], [ 9.0804488, 48.8793718 ], [ 9.0802741, 48.8794337 ], [ 9.0798824, 48.8795465 ] ] } },
{ "type": "Feature", "properties": { "segment_id": "S360", "corridor_id": "B 10", "highway": "primary", "length": 104.44751227847573, "metapath_priority": "None", "is_metapath_hard": false, "metapath_pairs": "" }, "geometry": { "type": "LineString", "coordinates": [ [ 9.0810611, 48.8791549 ], [ 9.0816178, 48.878952 ], [ 9.0822801, 48.8786666 ] ] } },
{ "type": "Feature", "properties": { "segment_id": "S361", "corridor_id": "segment_361", "highway": "primary_link", "length": 77.828557782999454, "metapath_priority": "None", "is_metapath_hard": false, "metapath_pairs": "" }, "geometry": { "type": "LineString", "coordinates": [ [ 9.0810611, 48.8791549 ], [ 9.0811936, 48.8790292 ], [ 9.0812827, 48.8789139 ], [ 9.0812999, 48.8788505 ], [ 9.0813033, 48.8787766 ], [ 9.0812851, 48.8787094 ], [ 9.0812459, 48.8786435 ], [ 9.0811414, 48.8785212 ] ] } },
{ "type": "Feature", "properties": { "segment_id": "S362", "corridor_id": "B 10", "highway": "trunk_link", "length": 62.416304490613541, "metapath_priority": "None", "is_metapath_hard": false, "metapath_pairs": "" }, "geometry": { "type": "LineString", "coordinates": [ [ 9.1406282, 48.8398471 ], [ 9.1410985, 48.8396994 ], [ 9.1413893, 48.8395943 ] ] } },
{ "type": "Feature", "properties": { "segment_id": "S363", "corridor_id": "B 10", "highway": "trunk_link", "length": 67.948245885819389, "metapath_priority": "None", "is_metapath_hard": false, "metapath_pairs": "" }, "geometry": { "type": "LineString", "coordinates": [ [ 9.1406282, 48.8398471 ], [ 9.1407701, 48.8398558 ], [ 9.1409644, 48.8397957 ], [ 9.1410668, 48.8397781 ], [ 9.1411765, 48.83977 ], [ 9.1412369, 48.8397731 ], [ 9.1412931, 48.8397816 ], [ 9.1413765, 48.8398084 ], [ 9.1415036, 48.8398529 ] ] } },
{ "type": "Feature", "properties": { "segment_id": "S364", "corridor_id": "B 10", "highway": "primary", "length": 1367.8175442163633, "metapath_priority": "None", "is_metapath_hard": false, "metapath_pairs": "" }, "geometry": { "type": "LineString", "coordinates": [ [ 9.0614167, 48.8833534 ], [ 9.0623355, 48.8833542 ], [ 9.0632052, 48.8833475 ], [ 9.0641016, 48.8833215 ], [ 9.0645068, 48.8833021 ], [ 9.0649115, 48.8832788 ], [ 9.0653157, 48.8832516 ], [ 9.0657192, 48.8832205 ], [ 9.066122, 48.8831856 ], [ 9.066524, 48.8831468 ], [ 9.066925, 48.8831041 ], [ 9.0673251, 48.8830577 ], [ 9.0677241, 48.8830074 ], [ 9.068122, 48.8829533 ], [ 9.0685608, 48.8828863 ], [ 9.068947, 48.8828175 ], [ 9.069357, 48.8827339 ], [ 9.0697905, 48.8826323 ], [ 9.0702572, 48.8825115 ], [ 9.0707079, 48.882373 ], [ 9.0711571, 48.8822222 ], [ 9.0714782, 48.8820989 ], [ 9.0718465, 48.8819532 ], [ 9.0722837, 48.8817583 ], [ 9.0730602, 48.8813738 ], [ 9.0734866, 48.8811674 ], [ 9.0738873, 48.8809816 ], [ 9.0741827, 48.8808614 ], [ 9.0745142, 48.880739 ], [ 9.075039, 48.880575 ], [ 9.0753253, 48.8804878 ], [ 9.0757528, 48.8803884 ], [ 9.0760562, 48.8803246 ], [ 9.0765859, 48.8802237 ], [ 9.0770998, 48.8801298 ], [ 9.0774109, 48.8800777 ], [ 9.0782417, 48.8799303 ], [ 9.0789378, 48.8797866 ] ] } },
{ "type": "Feature", "properties": { "segment_id": "S365", "corridor_id": "B 10", "highway": "primary", "length": 318.92847122489417, "metapath_priority": "None", "is_metapath_hard": false, "metapath_pairs": "" }, "geometry": { "type": "LineString", "coordinates": [ [ 9.0614167, 48.8833534 ], [ 9.0609517, 48.8833629 ], [ 9.0605825, 48.8833511 ], [ 9.0602613, 48.8833442 ], [ 9.0594838, 48.8833437 ], [ 9.0586907, 48.8833521 ], [ 9.0580182, 48.8833743 ], [ 9.05738, 48.883441 ], [ 9.0570693, 48.8834757 ] ] } },
{ "type": "Feature", "properties": { "segment_id": "S366", "corridor_id": "B 10", "highway": "primary_link", "length": 152.07598827619643, "metapath_priority": "None", "is_metapath_hard": false, "metapath_pairs": "" }, "geometry": { "type": "LineString", "coordinates": [ [ 9.0553511, 48.8837707 ], [ 9.0555367, 48.8836593 ], [ 9.0557729, 48.8835588 ], [ 9.0559799, 48.8834409 ], [ 9.0561696, 48.8832853 ], [ 9.0563187, 48.8831035 ], [ 9.0564624, 48.8828734 ], [ 9.0565899, 48.8827112 ] ] } },
{ "type": "Feature", "properties": { "segment_id": "S367", "corridor_id": "B 10", "highway": "primary", "length": 183.42873924520092, "metapath_priority": "None", "is_metapath_hard": false, "metapath_pairs": "" }, "geometry": { "type": "LineString", "coordinates": [ [ 9.0553511, 48.8837707 ], [ 9.0556303, 48.883693 ], [ 9.0559584, 48.8836103 ], [ 9.0562608, 48.8835456 ], [ 9.0565835, 48.8834823 ], [ 9.0569642, 48.8834216 ], [ 9.0572651, 48.8833829 ], [ 9.0577605, 48.8833341 ] ] } },
{ "type": "Feature", "properties": { "segment_id": "S368", "corridor_id": "segment_368", "highway": "primary_link", "length": 20.946928589424967, "metapath_priority": "None", "is_metapath_hard": false, "metapath_pairs": "" }, "geometry": { "type": "LineString", "coordinates": [ [ 9.1849222, 48.8084057 ], [ 9.1848251, 48.8084046 ], [ 9.1847331, 48.8083824 ], [ 9.1846781, 48.8083347 ] ] } },
{ "type": "Feature", "properties": { "segment_id": "S369", "corridor_id": "B 27", "highway": "primary", "length": 195.62567555288283, "metapath_priority": "None", "is_metapath_hard": false, "metapath_pairs": "" }, "geometry": { "type": "LineString", "coordinates": [ [ 9.1849222, 48.8084057 ], [ 9.1848096, 48.808561 ], [ 9.1847396, 48.8086581 ], [ 9.1846861, 48.8087597 ], [ 9.1846516, 48.8088881 ], [ 9.1846212, 48.809044 ], [ 9.1845937, 48.8091489 ], [ 9.1845743, 48.8091966 ], [ 9.1845447, 48.809245 ], [ 9.1845131, 48.809283 ], [ 9.184473, 48.809316 ], [ 9.1843509, 48.8094079 ], [ 9.1838668, 48.8097376 ], [ 9.183825, 48.8097626 ], [ 9.1836395, 48.8098852 ] ] } },
{ "type": "Feature", "properties": { "segment_id": "S370", "corridor_id": "B 14", "highway": "trunk_link", "length": 277.0387061392247, "metapath_priority": "None", "is_metapath_hard": false, "metapath_pairs": "" }, "geometry": { "type": "LineString", "coordinates": [ [ 9.2420169, 48.7891214 ], [ 9.2419317, 48.7890845 ], [ 9.2418682, 48.7890612 ], [ 9.2418119, 48.7890462 ], [ 9.2417522, 48.789035 ], [ 9.2416966, 48.7890276 ], [ 9.2416125, 48.7890245 ], [ 9.2415372, 48.7890271 ], [ 9.2414655, 48.789034 ], [ 9.2413988, 48.7890439 ], [ 9.2413404, 48.789057 ], [ 9.2412791, 48.789075 ], [ 9.2412241, 48.789097 ], [ 9.2411684, 48.7891245 ], [ 9.2411093, 48.7891602 ], [ 9.2410596, 48.7891986 ], [ 9.2410117, 48.7892441 ], [ 9.2409718, 48.7892913 ], [ 9.2409458, 48.789336 ], [ 9.240929, 48.7893745 ], [ 9.2409159, 48.7894242 ], [ 9.2409122, 48.7894738 ], [ 9.2409187, 48.7895215 ], [ 9.240932, 48.7895683 ], [ 9.2409502, 48.7896075 ], [ 9.2409711, 48.7896431 ], [ 9.2409938, 48.789675 ], [ 9.2410219, 48.7897078 ], [ 9.2410592, 48.7897407 ], [ 9.2411019, 48.7897697 ], [ 9.2412053, 48.7898352 ], [ 9.2413141, 48.7898955 ], [ 9.2413593, 48.7899201 ], [ 9.2416112, 48.7900415 ], [ 9.2419924, 48.7902061 ], [ 9.2425301, 48.7904402 ] ] } },
{ "type": "Feature", "properties": { "segment_id": "S371", "corridor_id": "B 295", "highway": "primary", "length": 82.255884300800474, "metapath_priority": "None", "is_metapath_hard": false, "metapath_pairs": "" }, "geometry": { "type": "LineString", "coordinates": [ [ 9.1691413, 48.8149265 ], [ 9.1689742, 48.814856 ], [ 9.1689544, 48.8148469 ], [ 9.1685203, 48.8146893 ], [ 9.1682966, 48.8146053 ], [ 9.1681698, 48.8145556 ] ] } },
{ "type": "Feature", "properties": { "segment_id": "S372", "corridor_id": "segment_372", "highway": "motorway_link", "length": 153.1746801411571, "metapath_priority": "None", "is_metapath_hard": false, "metapath_pairs": "" }, "geometry": { "type": "LineString", "coordinates": [ [ 9.0909325, 48.7307032 ], [ 9.090861, 48.7306994 ], [ 9.0907979, 48.7307013 ], [ 9.0907287, 48.7307061 ], [ 9.0906459, 48.7307154 ], [ 9.0905696, 48.7307323 ], [ 9.0905143, 48.7307475 ], [ 9.0904666, 48.7307649 ], [ 9.0904305, 48.7307809 ], [ 9.090401, 48.7307956 ], [ 9.0903537, 48.7308212 ], [ 9.0903098, 48.7308534 ], [ 9.0902412, 48.7309141 ], [ 9.0902028, 48.7309638 ], [ 9.0901785, 48.7310081 ], [ 9.0901608, 48.7310877 ], [ 9.0901623, 48.7311555 ], [ 9.090177, 48.7312238 ], [ 9.0902456, 48.7313494 ], [ 9.0903644, 48.7314807 ], [ 9.0904727, 48.7315741 ], [ 9.090516, 48.7316306 ], [ 9.090518, 48.7316894 ] ] } },
{ "type": "Feature", "properties": { "segment_id": "S373", "corridor_id": "segment_373", "highway": "motorway_link", "length": 114.1801414000453, "metapath_priority": "None", "is_metapath_hard": false, "metapath_pairs": "" }, "geometry": { "type": "LineString", "coordinates": [ [ 9.0911823, 48.7315149 ], [ 9.0913356, 48.731399 ], [ 9.091394, 48.7313282 ], [ 9.0914429, 48.7312392 ], [ 9.0914568, 48.7311746 ], [ 9.0914583, 48.7311017 ], [ 9.0914274, 48.7310027 ], [ 9.0913277, 48.7308768 ], [ 9.0911832, 48.7307864 ], [ 9.0910696, 48.730747 ], [ 9.0909325, 48.7307032 ] ] } },
{ "type": "Feature", "properties": { "segment_id": "S374", "corridor_id": "A 81", "highway": "motorway", "length": 204.04482838559355, "metapath_priority": "None", "is_metapath_hard": false, "metapath_pairs": "" }, "geometry": { "type": "LineString", "coordinates": [ [ 9.1454296, 48.8848948 ], [ 9.1452711, 48.8846 ], [ 9.1450399, 48.8841739 ], [ 9.1445039, 48.8831637 ] ] } },
{ "type": "Feature", "properties": { "segment_id": "S375", "corridor_id": "A 81", "highway": "motorway_link", "length": 272.11594097112908, "metapath_priority": "None", "is_metapath_hard": false, "metapath_pairs": "" }, "geometry": { "type": "LineString", "coordinates": [ [ 9.1454296, 48.8848948 ], [ 9.1452022, 48.8847427 ], [ 9.1451271, 48.8846316 ], [ 9.1450657, 48.8845621 ], [ 9.1449903, 48.8845055 ], [ 9.1449095, 48.8844618 ], [ 9.1448149, 48.8844243 ], [ 9.1447147, 48.8843992 ], [ 9.1446107, 48.884388 ], [ 9.1445094, 48.8843878 ], [ 9.1444069, 48.8843961 ], [ 9.1443213, 48.884414 ], [ 9.1442278, 48.8844516 ], [ 9.1441217, 48.8845057 ], [ 9.1440616, 48.8845518 ], [ 9.1440008, 48.8846154 ], [ 9.1439531, 48.8846898 ], [ 9.1438986, 48.8847903 ], [ 9.143851, 48.8848957 ], [ 9.1438122, 48.885024 ], [ 9.1437898, 48.8851008 ], [ 9.1437618, 48.8852208 ], [ 9.1437444, 48.8853415 ], [ 9.1437484, 48.8854015 ], [ 9.1437491, 48.8854519 ], [ 9.1437605, 48.8855201 ], [ 9.1437755, 48.8855851 ], [ 9.143786, 48.8856365 ], [ 9.1438041, 48.8856845 ], [ 9.1438336, 48.8857383 ], [ 9.1438517, 48.8857694 ] ] } },
{ "type": "Feature", "properties": { "segment_id": "S376", "corridor_id": "A 81", "highway": "motorway", "length": 226.56916138205827, "metapath_priority": "None", "is_metapath_hard": false, "metapath_pairs": "" }, "geometry": { "type": "LineString", "coordinates": [ [ 9.1446375, 48.8830134 ], [ 9.1456475, 48.8849397 ] ] } },
{ "type": "Feature", "properties": { "segment_id": "S377", "corridor_id": "A 81", "highway": "motorway_link", "length": 308.97657352838689, "metapath_priority": "None", "is_metapath_hard": false, "metapath_pairs": "" }, "geometry": { "type": "LineString", "coordinates": [ [ 9.1446375, 48.8830134 ], [ 9.1448495, 48.8831888 ], [ 9.1449427, 48.8833043 ], [ 9.1450446, 48.8834054 ], [ 9.1451767, 48.8835204 ], [ 9.1452887, 48.8835959 ], [ 9.1454249, 48.8836716 ], [ 9.145622, 48.8837497 ], [ 9.1457914, 48.8838003 ], [ 9.146163, 48.8838919 ], [ 9.1464918, 48.8839626 ], [ 9.1465973, 48.8839967 ], [ 9.1467142, 48.884035 ], [ 9.1469283, 48.8841279 ], [ 9.1470734, 48.8842187 ], [ 9.1473222, 48.8843932 ], [ 9.1474825, 48.8845324 ], [ 9.1475745, 48.8846237 ], [ 9.1476999, 48.8847912 ] ] } },
{ "type": "Feature", "properties": { "segment_id": "S378", "corridor_id": "A 81", "highway": "motorway_link", "length": 321.30202835204869, "metapath_priority": "None", "is_metapath_hard": false, "metapath_pairs": "" }, "geometry": { "type": "LineString", "coordinates": [ [ 9.1437404, 48.8859186 ], [ 9.1436928, 48.8858102 ], [ 9.1436448, 48.8856967 ], [ 9.1436132, 48.8855861 ], [ 9.1436002, 48.8855181 ], [ 9.1435948, 48.8854483 ], [ 9.1435939, 48.8853787 ], [ 9.1436109, 48.8852844 ], [ 9.1436457, 48.885145 ], [ 9.1436941, 48.8849926 ], [ 9.1437763, 48.8847987 ], [ 9.143822, 48.8847001 ], [ 9.1438953, 48.8845848 ], [ 9.1439887, 48.8844699 ], [ 9.144127, 48.8843198 ], [ 9.1442642, 48.8841638 ], [ 9.1443653, 48.8840363 ], [ 9.1444243, 48.8839411 ], [ 9.1444706, 48.8838342 ], [ 9.144488, 48.8837476 ], [ 9.1444933, 48.8836168 ], [ 9.1444659, 48.883438 ], [ 9.1444762, 48.8833634 ], [ 9.1445039, 48.8831637 ] ] } },
{ "type": "Feature", "properties": { "segment_id": "S379", "corridor_id": "A 81", "highway": "motorway_link", "length": 40.789011090135688, "metapath_priority": "None", "is_metapath_hard": false, "metapath_pairs": "" }, "geometry": { "type": "LineString", "coordinates": [ [ 9.1477856, 48.8853621 ], [ 9.1477172, 48.8852202 ], [ 9.1476755, 48.8851395 ], [ 9.1476076, 48.8850145 ] ] } },
{ "type": "Feature", "properties": { "segment_id": "S380", "corridor_id": "B 10;B 27", "highway": "trunk_link", "length": 54.772456048618288, "metapath_priority": "None", "is_metapath_hard": false, "metapath_pairs": "" }, "geometry": { "type": "LineString", "coordinates": [ [ 9.1733498, 48.8224088 ], [ 9.1734637, 48.822451 ], [ 9.1737554, 48.8225676 ], [ 9.173798, 48.8225817 ], [ 9.1738419, 48.8225934 ], [ 9.1739461, 48.8226169 ], [ 9.1740119, 48.8226345 ] ] } },
{ "type": "Feature", "properties": { "segment_id": "S381", "corridor_id": "B 14", "highway": "trunk", "length": 398.99596522156202, "metapath_priority": "None", "is_metapath_hard": false, "metapath_pairs": "" }, "geometry": { "type": "LineString", "coordinates": [ [ 9.1105981, 48.7419615 ], [ 9.1105883, 48.7420736 ], [ 9.1105581, 48.7421895 ], [ 9.1105403, 48.7423075 ], [ 9.110521, 48.7424488 ], [ 9.1105185, 48.7425676 ], [ 9.1105265, 48.7426655 ], [ 9.1105347, 48.742743 ], [ 9.110547, 48.7428419 ], [ 9.1105801, 48.7429601 ], [ 9.1106092, 48.7430698 ], [ 9.1106445, 48.7431637 ], [ 9.110697, 48.7432825 ], [ 9.1107479, 48.743384 ], [ 9.1108086, 48.7434813 ], [ 9.110909, 48.7436255 ], [ 9.1110908, 48.7438366 ], [ 9.1111777, 48.7439246 ], [ 9.1112514, 48.7439941 ], [ 9.1113437, 48.7440807 ], [ 9.1114551, 48.7441808 ], [ 9.1115333, 48.7442475 ], [ 9.1116439, 48.7443436 ], [ 9.111985, 48.7446076 ], [ 9.1121431, 48.7447458 ], [ 9.1122815, 48.7448447 ], [ 9.1123595, 48.7449071 ], [ 9.1124536, 48.7449991 ], [ 9.1125532, 48.7450966 ], [ 9.1125927, 48.7451391 ] ] } },
{ "type": "Feature", "properties": { "segment_id": "S382", "corridor_id": "B 14", "highway": "trunk", "length": 397.69922309153014, "metapath_priority": "None", "is_metapath_hard": false, "metapath_pairs": "" }, "geometry": { "type": "LineString", "coordinates": [ [ 9.1125927, 48.7451391 ], [ 9.1127132, 48.7453034 ], [ 9.1127801, 48.7453966 ], [ 9.112846, 48.7454983 ], [ 9.112907, 48.745595 ], [ 9.1129575, 48.7457074 ], [ 9.1130014, 48.7458065 ], [ 9.1130336, 48.7459038 ], [ 9.1130708, 48.7460137 ], [ 9.1130924, 48.7461204 ], [ 9.1131117, 48.7462193 ], [ 9.1131491, 48.7464339 ], [ 9.1132206, 48.7467495 ], [ 9.1132823, 48.7468785 ], [ 9.1133423, 48.7469761 ], [ 9.1134057, 48.7470737 ], [ 9.113475, 48.7471713 ], [ 9.1135502, 48.7472635 ], [ 9.1136324, 48.7473595 ], [ 9.1137111, 48.7474501 ], [ 9.1138133, 48.7475532 ], [ 9.1146746, 48.7483805 ] ] } },
{ "type": "Feature", "properties": { "segment_id": "S383", "corridor_id": "B 14", "highway": "trunk_link", "length": 154.68866666866091, "metapath_priority": "None", "is_metapath_hard": false, "metapath_pairs": "" }, "geometry": { "type": "LineString", "coordinates": [ [ 9.1125927, 48.7451391 ], [ 9.1127515, 48.7452366 ], [ 9.1128799, 48.7453393 ], [ 9.113003, 48.7455394 ], [ 9.1131606, 48.745881 ], [ 9.1132293, 48.7461088 ], [ 9.1132597, 48.746256 ], [ 9.1132692, 48.7463599 ], [ 9.1132651, 48.7464169 ] ] } },
{ "type": "Feature", "properties": { "segment_id": "S384", "corridor_id": "B 14", "highway": "trunk", "length": 648.5112432502309, "metapath_priority": "None", "is_metapath_hard": false, "metapath_pairs": "" }, "geometry": { "type": "LineString", "coordinates": [ [ 9.1146746, 48.7483805 ], [ 9.1148975, 48.748615 ], [ 9.1150163, 48.7487552 ], [ 9.1150573, 48.7488024 ], [ 9.1151395, 48.7489031 ], [ 9.1152863, 48.7490977 ], [ 9.1154147, 48.7492909 ], [ 9.115531, 48.7494938 ], [ 9.1156286, 48.7496983 ], [ 9.115718, 48.749908 ], [ 9.1157903, 48.7501172 ], [ 9.1158435, 48.750327 ], [ 9.1158792, 48.75054 ], [ 9.1159074, 48.7507591 ], [ 9.1159216, 48.7509678 ], [ 9.1159116, 48.751292 ], [ 9.1158892, 48.75147 ], [ 9.1158485, 48.7517061 ], [ 9.1157978, 48.751935 ], [ 9.115602, 48.7526607 ], [ 9.1155213, 48.7530956 ], [ 9.1154684, 48.7534881 ], [ 9.1154662, 48.7538508 ], [ 9.1154691, 48.7540253 ] ] } },
{ "type": "Feature", "properties": { "segment_id": "S385", "corridor_id": "Wildparkstraße", "highway": "trunk", "length": 932.76190992071622, "metapath_priority": "None", "is_metapath_hard": false, "metapath_pairs": "" }, "geometry": { "type": "LineString", "coordinates": [ [ 9.1154691, 48.7540253 ], [ 9.11546, 48.7544175 ], [ 9.115479, 48.7546584 ], [ 9.1156292, 48.7554311 ], [ 9.1160211, 48.7567291 ], [ 9.1162309, 48.7575099 ], [ 9.1163542, 48.7581376 ], [ 9.1164098, 48.7587836 ], [ 9.1164285, 48.7599753 ], [ 9.1164355, 48.7611578 ], [ 9.1164393, 48.7617456 ], [ 9.1164511, 48.7623631 ] ] } },
{ "type": "Feature", "properties": { "segment_id": "S386", "corridor_id": "B 14", "highway": "trunk_link", "length": 430.82003793612591, "metapath_priority": "None", "is_metapath_hard": false, "metapath_pairs": "" }, "geometry": { "type": "LineString", "coordinates": [ [ 9.1154691, 48.7540253 ], [ 9.115494, 48.7541883 ], [ 9.1155281, 48.7543492 ], [ 9.1155728, 48.7545607 ], [ 9.1156222, 48.7547447 ], [ 9.1156836, 48.7549649 ], [ 9.1158089, 48.755382 ], [ 9.1159846, 48.7559511 ], [ 9.1162513, 48.7568128 ], [ 9.1163363, 48.7570862 ], [ 9.1164054, 48.7572569 ], [ 9.116453, 48.7573541 ], [ 9.1164879, 48.7574055 ], [ 9.1165273, 48.7574466 ], [ 9.1166081, 48.7575136 ], [ 9.1167045, 48.7575748 ], [ 9.1167877, 48.7576203 ], [ 9.1169508, 48.7576943 ] ] } },
{ "type": "Feature", "properties": { "segment_id": "S387", "corridor_id": "L 1187", "highway": "trunk", "length": 317.56908418952344, "metapath_priority": "None", "is_metapath_hard": false, "metapath_pairs": "" }, "geometry": { "type": "LineString", "coordinates": [ [ 9.1164511, 48.7623631 ], [ 9.116457, 48.7625931 ], [ 9.1164661, 48.7628437 ], [ 9.1164717, 48.7632074 ], [ 9.1164851, 48.7633754 ], [ 9.1165154, 48.7635337 ], [ 9.1165468, 48.7636473 ], [ 9.1165878, 48.7637631 ], [ 9.1166454, 48.7638855 ], [ 9.1167141, 48.7639967 ], [ 9.1167728, 48.7640773 ], [ 9.1168392, 48.7641561 ], [ 9.1169572, 48.7642714 ], [ 9.1170813, 48.7643715 ], [ 9.1173108, 48.764526 ], [ 9.1174601, 48.7646038 ], [ 9.1176256, 48.7646762 ], [ 9.1178921, 48.7647679 ], [ 9.1180089, 48.7647975 ] ] } },
{ "type": "Feature", "properties": { "segment_id": "S388", "corridor_id": "L 1180", "highway": "trunk_link", "length": 547.70835713086581, "metapath_priority": "None", "is_metapath_hard": false, "metapath_pairs": "" }, "geometry": { "type": "LineString", "coordinates": [ [ 9.1180089, 48.7647975 ], [ 9.1184517, 48.7648115 ], [ 9.1185665, 48.7648097 ], [ 9.1186466, 48.7648045 ], [ 9.1187375, 48.7647918 ], [ 9.1188333, 48.764775 ], [ 9.1189015, 48.7647585 ], [ 9.1189706, 48.7647377 ], [ 9.1190486, 48.764705 ], [ 9.1191091, 48.7646722 ], [ 9.1191546, 48.7646407 ], [ 9.1191934, 48.7646096 ], [ 9.1192411, 48.7645598 ], [ 9.1192615, 48.7645311 ], [ 9.1192801, 48.7644993 ], [ 9.1193188, 48.7644085 ], [ 9.1193229, 48.7643532 ], [ 9.1193236, 48.7643227 ], [ 9.1193168, 48.7642917 ], [ 9.1193048, 48.76424 ], [ 9.1192855, 48.7641961 ], [ 9.1192098, 48.7640996 ], [ 9.1191633, 48.764057 ], [ 9.1191164, 48.7640217 ], [ 9.1190148, 48.7639649 ], [ 9.1189487, 48.7639417 ], [ 9.1188789, 48.7639224 ], [ 9.1187992, 48.7639089 ], [ 9.1187114, 48.7638979 ], [ 9.1186316, 48.763893 ], [ 9.1185464, 48.7638935 ], [ 9.1183622, 48.7639076 ], [ 9.1182252, 48.7639226 ], [ 9.1180847, 48.7639436 ], [ 9.1178751, 48.7639827 ], [ 9.1177107, 48.7640183 ], [ 9.1174508, 48.7641001 ], [ 9.1172126, 48.7641983 ], [ 9.1171058, 48.7642601 ], [ 9.1169828, 48.7643271 ], [ 9.1168516, 48.7644093 ], [ 9.1167542, 48.7644764 ], [ 9.1164985, 48.7646696 ], [ 9.1162711, 48.7648606 ], [ 9.1159981, 48.765086 ], [ 9.1158521, 48.7651938 ], [ 9.1157013, 48.7652909 ], [ 9.1155168, 48.765398 ], [ 9.1153895, 48.7654681 ], [ 9.1150027, 48.7656892 ] ] } },
{ "type": "Feature", "properties": { "segment_id": "S389", "corridor_id": "L 1187", "highway": "trunk", "length": 443.36920560611958, "metapath_priority": "None", "is_metapath_hard": false, "metapath_pairs": "" }, "geometry": { "type": "LineString", "coordinates": [ [ 9.1180089, 48.7647975 ], [ 9.1182372, 48.7648572 ], [ 9.1184746, 48.7648968 ], [ 9.1186588, 48.7649099 ], [ 9.1188455, 48.7649158 ], [ 9.1190487, 48.7649126 ], [ 9.11929, 48.7648964 ], [ 9.1194995, 48.7648775 ], [ 9.1206908, 48.764751 ], [ 9.1218592, 48.7646288 ], [ 9.1229244, 48.7645198 ], [ 9.1239727, 48.7644095 ] ] } },
{ "type": "Feature", "properties": { "segment_id": "S390", "corridor_id": "segment_390", "highway": "motorway_link", "length": 140.75229423572986, "metapath_priority": "None", "is_metapath_hard": false, "metapath_pairs": "" }, "geometry": { "type": "LineString", "coordinates": [ [ 9.0918714, 48.7308891 ], [ 9.0920657, 48.731047 ], [ 9.0920941, 48.7310699 ], [ 9.092129, 48.7311133 ], [ 9.0921199, 48.7311576 ], [ 9.0920529, 48.7311427 ], [ 9.0919997, 48.731105 ], [ 9.0919183, 48.7310365 ], [ 9.0918242, 48.7309711 ], [ 9.091727, 48.7309185 ], [ 9.0916228, 48.7308686 ], [ 9.0913044, 48.7307381 ], [ 9.0910745, 48.7307068 ], [ 9.0909325, 48.7307032 ] ] } },
{ "type": "Feature", "properties": { "segment_id": "S391", "corridor_id": "segment_391", "highway": "motorway_link", "length": 49.137400761545138, "metapath_priority": "None", "is_metapath_hard": false, "metapath_pairs": "" }, "geometry": { "type": "LineString", "coordinates": [ [ 9.0918714, 48.7308891 ], [ 9.0921815, 48.730989 ], [ 9.0922403, 48.7309997 ], [ 9.0923823, 48.7310166 ], [ 9.0925016, 48.7310114 ] ] } },
{ "type": "Feature", "properties": { "segment_id": "S392", "corridor_id": "B 14", "highway": "trunk_link", "length": 372.63926741287213, "metapath_priority": "None", "is_metapath_hard": false, "metapath_pairs": "" }, "geometry": { "type": "LineString", "coordinates": [ [ 9.1069008, 48.7398009 ], [ 9.10698, 48.7398098 ], [ 9.1070836, 48.7398198 ], [ 9.1076914, 48.7398621 ], [ 9.1079403, 48.7398777 ], [ 9.1081886, 48.7398868 ], [ 9.1089576, 48.7399155 ], [ 9.1093005, 48.7399267 ], [ 9.1094336, 48.7399307 ], [ 9.1095622, 48.7399315 ], [ 9.1097139, 48.7399325 ], [ 9.1098828, 48.7399285 ], [ 9.110167, 48.7399127 ], [ 9.1104005, 48.7398927 ], [ 9.1106443, 48.7398647 ], [ 9.1109108, 48.7398342 ], [ 9.1114101, 48.7397778 ], [ 9.1119473, 48.7397157 ] ] } },
{ "type": "Feature", "properties": { "segment_id": "S393", "corridor_id": "B 14", "highway": "trunk", "length": 424.22714544732281, "metapath_priority": "None", "is_metapath_hard": false, "metapath_pairs": "" }, "geometry": { "type": "LineString", "coordinates": [ [ 9.1069008, 48.7398009 ], [ 9.1075041, 48.7399296 ], [ 9.1077272, 48.7399678 ], [ 9.1078721, 48.7399809 ], [ 9.1080632, 48.7399929 ], [ 9.1083842, 48.7400143 ], [ 9.1086858, 48.7400383 ], [ 9.1088535, 48.740057 ], [ 9.109023, 48.7400785 ], [ 9.1091842, 48.7401138 ], [ 9.1093312, 48.740152 ], [ 9.1094808, 48.7401994 ], [ 9.1096225, 48.7402551 ], [ 9.1097563, 48.7403152 ], [ 9.1098889, 48.740385 ], [ 9.1100039, 48.7404546 ], [ 9.1101159, 48.7405333 ], [ 9.1103123, 48.7407048 ], [ 9.1103961, 48.7407998 ], [ 9.1104685, 48.740895 ], [ 9.1105302, 48.7409961 ], [ 9.1105829, 48.741103 ], [ 9.110621, 48.7412041 ], [ 9.1106479, 48.7413122 ], [ 9.1106629, 48.7414233 ], [ 9.110668, 48.7415241 ], [ 9.1106589, 48.7416381 ], [ 9.1106401, 48.7417477 ], [ 9.1105981, 48.7419615 ] ] } },
{ "type": "Feature", "properties": { "segment_id": "S394", "corridor_id": "B 14", "highway": "trunk_link", "length": 416.09224456821653, "metapath_priority": "None", "is_metapath_hard": false, "metapath_pairs": "" }, "geometry": { "type": "LineString", "coordinates": [ [ 9.1123965, 48.7399411 ], [ 9.1121044, 48.7400722 ], [ 9.1120078, 48.7401173 ], [ 9.1118949, 48.7401681 ], [ 9.1117363, 48.7402341 ], [ 9.1115606, 48.7402982 ], [ 9.1112532, 48.7403985 ], [ 9.1110979, 48.7404397 ], [ 9.110939, 48.74048 ], [ 9.1107529, 48.7405242 ], [ 9.1106094, 48.7405511 ], [ 9.1102915, 48.740592 ], [ 9.1100762, 48.7406026 ], [ 9.1097435, 48.7406096 ], [ 9.109545, 48.7405901 ], [ 9.1093631, 48.740566 ], [ 9.1091755, 48.7405366 ], [ 9.1089215, 48.7404797 ], [ 9.1082059, 48.7402911 ], [ 9.1078521, 48.7401877 ], [ 9.1077826, 48.740173 ], [ 9.1071201, 48.7400252 ] ] } },
{ "type": "Feature", "properties": { "segment_id": "S395", "corridor_id": "B 14", "highway": "trunk_link", "length": 266.03396845610968, "metapath_priority": "None", "is_metapath_hard": false, "metapath_pairs": "" }, "geometry": { "type": "LineString", "coordinates": [ [ 9.1123965, 48.7399411 ], [ 9.1121869, 48.7401103 ], [ 9.1120277, 48.7402131 ], [ 9.1117304, 48.74041 ], [ 9.1114949, 48.7405909 ], [ 9.1112792, 48.7407883 ], [ 9.1110804, 48.7410277 ], [ 9.1109558, 48.7412094 ], [ 9.1108592, 48.7413862 ], [ 9.1107908, 48.7415328 ], [ 9.1107342, 48.7417117 ], [ 9.1106915, 48.7418698 ], [ 9.1105981, 48.7419615 ] ] } },
{ "type": "Feature", "properties": { "segment_id": "S396", "corridor_id": "B 14", "highway": "trunk_link", "length": 227.63466960203476, "metapath_priority": "None", "is_metapath_hard": false, "metapath_pairs": "" }, "geometry": { "type": "LineString", "coordinates": [ [ 9.1119473, 48.7397157 ], [ 9.1121493, 48.7396742 ], [ 9.1123427, 48.7396269 ], [ 9.1124668, 48.7395893 ], [ 9.1126012, 48.7395427 ], [ 9.1127387, 48.7394894 ], [ 9.1128729, 48.7394323 ], [ 9.1130306, 48.7393504 ], [ 9.1132493, 48.7392095 ], [ 9.1135311, 48.739027 ], [ 9.1139211, 48.7387671 ], [ 9.1142254, 48.7385793 ], [ 9.1142424, 48.7385665 ], [ 9.1142613, 48.7385551 ], [ 9.1142841, 48.7385415 ], [ 9.1143708, 48.7384831 ] ] } },
{ "type": "Feature", "properties": { "segment_id": "S397", "corridor_id": "segment_397", "highway": "motorway_link", "length": 181.28797727292789, "metapath_priority": "None", "is_metapath_hard": false, "metapath_pairs": "" }, "geometry": { "type": "LineString", "coordinates": [ [ 9.0658364, 48.7264906 ], [ 9.0660091, 48.7264632 ], [ 9.066264, 48.7264214 ], [ 9.0665462, 48.7263717 ], [ 9.0667743, 48.7263313 ], [ 9.0670444, 48.7262756 ], [ 9.0673415, 48.7262092 ], [ 9.0675823, 48.7261564 ], [ 9.0678343, 48.7260925 ], [ 9.068011, 48.7260447 ], [ 9.0681898, 48.7259993 ] ] } },
{ "type": "Feature", "properties": { "segment_id": "S398", "corridor_id": "segment_398", "highway": "trunk_link", "length": 62.835732911578596, "metapath_priority": "None", "is_metapath_hard": false, "metapath_pairs": "" }, "geometry": { "type": "LineString", "coordinates": [ [ 9.1598034, 48.8406898 ], [ 9.1595034, 48.8407328 ], [ 9.1593961, 48.8407306 ], [ 9.1591923, 48.8407244 ], [ 9.159018, 48.8407345 ], [ 9.1589535, 48.8407409 ] ] } },
{ "type": "Feature", "properties": { "segment_id": "S399", "corridor_id": "B 10", "highway": "trunk", "length": 310.7902634420193, "metapath_priority": "None", "is_metapath_hard": false, "metapath_pairs": "" }, "geometry": { "type": "LineString", "coordinates": [ [ 9.1598034, 48.8406898 ], [ 9.1587875, 48.8406049 ], [ 9.1581985, 48.8405693 ], [ 9.1577727, 48.8405452 ], [ 9.1570615, 48.840521 ], [ 9.1567038, 48.8405129 ], [ 9.1559666, 48.8405066 ], [ 9.1555702, 48.8405014 ] ] } },
{ "type": "Feature", "properties": { "segment_id": "S400", "corridor_id": "B 10", "highway": "trunk_link", "length": 166.58660031501458, "metapath_priority": "None", "is_metapath_hard": false, "metapath_pairs": "" }, "geometry": { "type": "LineString", "coordinates": [ [ 9.157197, 48.8398574 ], [ 9.157208, 48.839934 ], [ 9.1572298, 48.8399929 ], [ 9.1572926, 48.8400795 ], [ 9.1573759, 48.8401502 ], [ 9.1574452, 48.8401931 ], [ 9.1575089, 48.840224 ], [ 9.1575827, 48.8402501 ], [ 9.1577028, 48.8402851 ], [ 9.1578744, 48.8403123 ], [ 9.1580683, 48.8403364 ], [ 9.1584685, 48.8403856 ], [ 9.1588395, 48.8404175 ], [ 9.1590342, 48.840511 ] ] } },
{ "type": "Feature", "properties": { "segment_id": "S401", "corridor_id": "B 10", "highway": "trunk_link", "length": 91.383786509521997, "metapath_priority": "None", "is_metapath_hard": false, "metapath_pairs": "" }, "geometry": { "type": "LineString", "coordinates": [ [ 9.1580474, 48.8393869 ], [ 9.1577972, 48.8394079 ], [ 9.1576501, 48.8394294 ], [ 9.1575441, 48.8394597 ], [ 9.1574512, 48.8394965 ], [ 9.1573664, 48.8395513 ], [ 9.1572972, 48.8396187 ], [ 9.1572474, 48.8396837 ], [ 9.157229, 48.8397399 ], [ 9.157197, 48.8398574 ] ] } },
{ "type": "Feature", "properties": { "segment_id": "S402", "corridor_id": "segment_402", "highway": "trunk_link", "length": 244.48640781609706, "metapath_priority": "None", "is_metapath_hard": false, "metapath_pairs": "" }, "geometry": { "type": "LineString", "coordinates": [ [ 9.1589535, 48.8407409 ], [ 9.1587576, 48.8407475 ], [ 9.1580386, 48.8408445 ], [ 9.1577371, 48.8408548 ], [ 9.157498, 48.8408346 ], [ 9.1572671, 48.8407739 ], [ 9.1570747, 48.8406987 ], [ 9.1569256, 48.8405977 ], [ 9.1567871, 48.8404623 ], [ 9.1567236, 48.840324 ], [ 9.1566943, 48.8401871 ], [ 9.1567056, 48.840084 ], [ 9.1567508, 48.8398578 ] ] } },
{ "type": "Feature", "properties": { "segment_id": "S403", "corridor_id": "segment_403", "highway": "trunk_link", "length": 204.74702620313104, "metapath_priority": "None", "is_metapath_hard": false, "metapath_pairs": "" }, "geometry": { "type": "LineString", "coordinates": [ [ 9.1589535, 48.8407409 ], [ 9.1587803, 48.8407847 ], [ 9.1587051, 48.8408051 ], [ 9.1586322, 48.8408351 ], [ 9.1585476, 48.8408794 ], [ 9.1584807, 48.8409221 ], [ 9.1584212, 48.8409701 ], [ 9.1583809, 48.841012 ], [ 9.1583466, 48.841061 ], [ 9.1583145, 48.8411182 ], [ 9.1582962, 48.8411756 ], [ 9.1582867, 48.8412232 ], [ 9.1582855, 48.8412755 ], [ 9.158292, 48.8413285 ], [ 9.1583053, 48.8413795 ], [ 9.1583252, 48.8414323 ], [ 9.1583591, 48.8414884 ], [ 9.1583952, 48.8415294 ], [ 9.1584402, 48.8415772 ], [ 9.1584929, 48.8416183 ], [ 9.1585547, 48.8416573 ], [ 9.1586079, 48.8416854 ], [ 9.1586879, 48.8417186 ], [ 9.1587525, 48.8417424 ], [ 9.1588197, 48.8417614 ], [ 9.1590101, 48.8417964 ], [ 9.1592942, 48.8418356 ], [ 9.1593472, 48.8418427 ], [ 9.1593916, 48.8418487 ], [ 9.1594916, 48.8418621 ] ] } },
{ "type": "Feature", "properties": { "segment_id": "S404", "corridor_id": "B 295", "highway": "primary", "length": 260.62927641477535, "metapath_priority": "None", "is_metapath_hard": false, "metapath_pairs": "" }, "geometry": { "type": "LineString", "coordinates": [ [ 9.1681698, 48.8145556 ], [ 9.1678882, 48.8144667 ], [ 9.1676956, 48.8144275 ], [ 9.167619, 48.8144156 ], [ 9.1675406, 48.8144035 ], [ 9.1674525, 48.8143934 ], [ 9.167308, 48.8143838 ], [ 9.1671029, 48.8143892 ], [ 9.1669571, 48.8143933 ], [ 9.1668657, 48.8143985 ], [ 9.1664621, 48.8144511 ], [ 9.1661639, 48.8145065 ], [ 9.1658156, 48.8145751 ], [ 9.1650773, 48.8147166 ], [ 9.1649788, 48.8147361 ], [ 9.1648066, 48.8147673 ], [ 9.1647666, 48.8147753 ], [ 9.1647362, 48.8147813 ] ] } },
{ "type": "Feature", "properties": { "segment_id": "S405", "corridor_id": "B 295", "highway": "primary", "length": 82.25588430080046, "metapath_priority": "None", "is_metapath_hard": false, "metapath_pairs": "" }, "geometry": { "type": "LineString", "coordinates": [ [ 9.1681698, 48.8145556 ], [ 9.1682966, 48.8146053 ], [ 9.1685203, 48.8146893 ], [ 9.1689544, 48.8148469 ], [ 9.1689742, 48.814856 ], [ 9.1691413, 48.8149265 ] ] } },
{ "type": "Feature", "properties": { "segment_id": "S406", "corridor_id": "B 295", "highway": "primary", "length": 74.403261508752905, "metapath_priority": "None", "is_metapath_hard": false, "metapath_pairs": "" }, "geometry": { "type": "LineString", "coordinates": [ [ 9.1800234, 48.8106813 ], [ 9.1802662, 48.8106033 ], [ 9.1805145, 48.810558 ], [ 9.1809965, 48.8105067 ] ] } },
{ "type": "Feature", "properties": { "segment_id": "S407", "corridor_id": "B 295", "highway": "primary", "length": 441.25003123267186, "metapath_priority": "None", "is_metapath_hard": false, "metapath_pairs": "" }, "geometry": { "type": "LineString", "coordinates": [ [ 9.1800234, 48.8106813 ], [ 9.1798452, 48.8107208 ], [ 9.1798012, 48.8107272 ], [ 9.1797341, 48.8107351 ], [ 9.179645, 48.8107456 ], [ 9.179241, 48.810785 ], [ 9.179049, 48.8107886 ], [ 9.1788011, 48.8108034 ], [ 9.1787298, 48.8108074 ], [ 9.1781664, 48.8108707 ], [ 9.177668, 48.8109204 ], [ 9.1775563, 48.8109315 ], [ 9.1774325, 48.8109433 ], [ 9.1771864, 48.8109708 ], [ 9.1769693, 48.8109981 ], [ 9.1768945, 48.8110071 ], [ 9.176829, 48.8110159 ], [ 9.1762732, 48.8110892 ], [ 9.1762181, 48.8110965 ], [ 9.1760473, 48.811118 ], [ 9.175924, 48.8111337 ], [ 9.1757116, 48.811162 ], [ 9.175287, 48.8112197 ], [ 9.1751803, 48.8112341 ], [ 9.1742128, 48.8113426 ], [ 9.1740918, 48.8113562 ] ] } },
{ "type": "Feature", "properties": { "segment_id": "S408", "corridor_id": "B 295", "highway": "primary", "length": 178.98761319430065, "metapath_priority": "None", "is_metapath_hard": false, "metapath_pairs": "" }, "geometry": { "type": "LineString", "coordinates": [ [ 9.1666299, 48.8113172 ], [ 9.1666928, 48.811336 ], [ 9.1668221, 48.8113749 ], [ 9.1675, 48.8115796 ], [ 9.1676035, 48.8116108 ], [ 9.1677244, 48.8116466 ], [ 9.1678776, 48.8116935 ], [ 9.1687305, 48.8119509 ], [ 9.1687847, 48.8119645 ], [ 9.1688593, 48.8119733 ] ] } },
{ "type": "Feature", "properties": { "segment_id": "S409", "corridor_id": "B 295", "highway": "primary", "length": 178.98761319430059, "metapath_priority": "None", "is_metapath_hard": false, "metapath_pairs": "" }, "geometry": { "type": "LineString", "coordinates": [ [ 9.1688593, 48.8119733 ], [ 9.1687847, 48.8119645 ], [ 9.1687305, 48.8119509 ], [ 9.1678776, 48.8116935 ], [ 9.1677244, 48.8116466 ], [ 9.1676035, 48.8116108 ], [ 9.1675, 48.8115796 ], [ 9.1668221, 48.8113749 ], [ 9.1666928, 48.811336 ], [ 9.1666299, 48.8113172 ] ] } },
{ "type": "Feature", "properties": { "segment_id": "S410", "corridor_id": "B 295", "highway": "primary", "length": 356.73648222697005, "metapath_priority": "None", "is_metapath_hard": false, "metapath_pairs": "" }, "geometry": { "type": "LineString", "coordinates": [ [ 9.1688593, 48.8119733 ], [ 9.1689532, 48.8119695 ], [ 9.1694774, 48.8119201 ], [ 9.170403, 48.8118246 ], [ 9.1705595, 48.8118107 ], [ 9.1707986, 48.8117916 ], [ 9.1710885, 48.811766 ], [ 9.1712808, 48.8117456 ], [ 9.1714883, 48.8117211 ], [ 9.1716752, 48.811687 ], [ 9.1718056, 48.811654 ], [ 9.1719466, 48.811611 ], [ 9.1720076, 48.8115907 ], [ 9.1720891, 48.8115604 ], [ 9.172211, 48.8114921 ], [ 9.1723321, 48.8114128 ], [ 9.1725499, 48.8112693 ], [ 9.1726565, 48.8112036 ], [ 9.1727182, 48.8111773 ], [ 9.1727556, 48.8111677 ], [ 9.172812, 48.8111586 ], [ 9.1728471, 48.8111545 ], [ 9.1729235, 48.8111541 ], [ 9.1729906, 48.8111613 ], [ 9.1730869, 48.8111944 ], [ 9.1732321, 48.8112476 ], [ 9.173365, 48.8112961 ] ] } },
{ "type": "Feature", "properties": { "segment_id": "S411", "corridor_id": "B 295", "highway": "primary", "length": 54.353519332616727, "metapath_priority": "None", "is_metapath_hard": false, "metapath_pairs": "" }, "geometry": { "type": "LineString", "coordinates": [ [ 9.173365, 48.8112961 ], [ 9.1734384, 48.8113187 ], [ 9.1735186, 48.8113374 ], [ 9.1735919, 48.8113482 ], [ 9.1736782, 48.8113574 ], [ 9.1737901, 48.8113583 ], [ 9.1740918, 48.8113562 ] ] } },
{ "type": "Feature", "properties": { "segment_id": "S412", "corridor_id": "segment_412", "highway": "primary_link", "length": 29.918675423664219, "metapath_priority": "None", "is_metapath_hard": false, "metapath_pairs": "" }, "geometry": { "type": "LineString", "coordinates": [ [ 9.173365, 48.8112961 ], [ 9.1734299, 48.8113678 ], [ 9.1734584, 48.8114184 ], [ 9.1734614, 48.8114702 ], [ 9.1734308, 48.8115474 ] ] } },
{ "type": "Feature", "properties": { "segment_id": "S413", "corridor_id": "segment_413", "highway": "primary_link", "length": 16.392873209813132, "metapath_priority": "None", "is_metapath_hard": false, "metapath_pairs": "" }, "geometry": { "type": "LineString", "coordinates": [ [ 9.1809965, 48.8105067 ], [ 9.1810244, 48.8105629 ], [ 9.1810308, 48.8105886 ], [ 9.1810313, 48.8106182 ], [ 9.181014, 48.8106488 ] ] } },
{ "type": "Feature", "properties": { "segment_id": "S414", "corridor_id": "B 295", "highway": "primary", "length": 105.35781356315584, "metapath_priority": "None", "is_metapath_hard": false, "metapath_pairs": "" }, "geometry": { "type": "LineString", "coordinates": [ [ 9.1809965, 48.8105067 ], [ 9.1814364, 48.8104665 ], [ 9.1816395, 48.8104484 ], [ 9.1816602, 48.8104465 ], [ 9.1817164, 48.810441 ], [ 9.1818511, 48.8104261 ], [ 9.181946, 48.8104167 ], [ 9.1820182, 48.8104072 ], [ 9.1821284, 48.8103866 ], [ 9.1822112, 48.8103661 ], [ 9.1823868, 48.8102993 ] ] } },
{ "type": "Feature", "properties": { "segment_id": "S415", "corridor_id": "A 81", "highway": "motorway_link", "length": 15.929497212120268, "metapath_priority": "None", "is_metapath_hard": false, "metapath_pairs": "" }, "geometry": { "type": "LineString", "coordinates": [ [ 9.0800838, 48.8228556 ], [ 9.0799602, 48.8227377 ] ] } },
{ "type": "Feature", "properties": { "segment_id": "S416", "corridor_id": "B 295", "highway": "primary", "length": 267.44286586459253, "metapath_priority": "None", "is_metapath_hard": false, "metapath_pairs": "" }, "geometry": { "type": "LineString", "coordinates": [ [ 9.0800838, 48.8228556 ], [ 9.0794907, 48.8229245 ], [ 9.0787554, 48.8229943 ], [ 9.0780239, 48.8230505 ], [ 9.0775685, 48.8230949 ], [ 9.0769954, 48.8231398 ], [ 9.0766434, 48.8231639 ], [ 9.0764644, 48.8231769 ] ] } },
{ "type": "Feature", "properties": { "segment_id": "S417", "corridor_id": "segment_417", "highway": "trunk_link", "length": 196.30816749261146, "metapath_priority": "None", "is_metapath_hard": false, "metapath_pairs": "" }, "geometry": { "type": "LineString", "coordinates": [ [ 9.1198451, 48.7587548 ], [ 9.1197195, 48.7587687 ], [ 9.1196417, 48.7587769 ], [ 9.1195529, 48.7587833 ], [ 9.1193962, 48.7587876 ], [ 9.1191414, 48.758799 ], [ 9.1190576, 48.7587948 ], [ 9.1189716, 48.7587864 ], [ 9.1179921, 48.7586559 ], [ 9.1177875, 48.7586485 ], [ 9.1176753, 48.7586519 ], [ 9.1175611, 48.758669 ], [ 9.1174453, 48.7586917 ], [ 9.1173272, 48.7587227 ], [ 9.117231, 48.7587675 ] ] } },
{ "type": "Feature", "properties": { "segment_id": "S418", "corridor_id": "B 14", "highway": "trunk", "length": 571.39840396524187, "metapath_priority": "None", "is_metapath_hard": false, "metapath_pairs": "" }, "geometry": { "type": "LineString", "coordinates": [ [ 9.1198451, 48.7587548 ], [ 9.1195985, 48.7587456 ], [ 9.1194162, 48.7587356 ], [ 9.1192108, 48.7587152 ], [ 9.1185634, 48.7586306 ], [ 9.118011, 48.7585551 ], [ 9.1179007, 48.7585423 ], [ 9.117775, 48.7585309 ], [ 9.117674, 48.7585299 ], [ 9.1175879, 48.7585329 ], [ 9.1174554, 48.7585476 ], [ 9.1173617, 48.758566 ], [ 9.1171717, 48.7586084 ], [ 9.1169992, 48.7586517 ], [ 9.1169089, 48.7586696 ], [ 9.1168281, 48.7586849 ], [ 9.1167426, 48.7586935 ], [ 9.1166386, 48.7587011 ], [ 9.1165408, 48.7586966 ], [ 9.1164452, 48.7586841 ], [ 9.116302, 48.7586535 ], [ 9.1161403, 48.7585992 ], [ 9.1160694, 48.7585635 ], [ 9.1160044, 48.7585238 ], [ 9.1159053, 48.7584464 ], [ 9.1158608, 48.7583982 ], [ 9.1158211, 48.7583427 ], [ 9.1157731, 48.7582377 ], [ 9.1157562, 48.7581763 ], [ 9.1157487, 48.758114 ], [ 9.1157495, 48.7580331 ], [ 9.1157542, 48.7580073 ], [ 9.1157848, 48.7577462 ], [ 9.115817, 48.7575733 ], [ 9.11583, 48.7574695 ], [ 9.1158309, 48.7573705 ], [ 9.1158217, 48.7572706 ], [ 9.115802, 48.7571582 ], [ 9.1157731, 48.7570592 ], [ 9.1156865, 48.7567526 ], [ 9.1156522, 48.7565832 ], [ 9.1156315, 48.7564417 ], [ 9.1156209, 48.7562799 ], [ 9.1155954, 48.7560663 ] ] } },
{ "type": "Feature", "properties": { "segment_id": "S419", "corridor_id": "segment_419", "highway": "trunk_link", "length": 465.12639376501289, "metapath_priority": "None", "is_metapath_hard": false, "metapath_pairs": "" }, "geometry": { "type": "LineString", "coordinates": [ [ 9.1156103, 48.7577899 ], [ 9.1156483, 48.7577373 ], [ 9.1156788, 48.7576838 ], [ 9.1156962, 48.7576383 ], [ 9.1157097, 48.7575915 ], [ 9.1157126, 48.757549 ], [ 9.11571, 48.7575079 ], [ 9.1157036, 48.7574723 ], [ 9.1156938, 48.7574401 ], [ 9.1156727, 48.7573958 ], [ 9.1156473, 48.7573527 ], [ 9.1155862, 48.7572652 ], [ 9.1155329, 48.7571779 ], [ 9.1154873, 48.7570916 ], [ 9.1154407, 48.7570008 ], [ 9.1153935, 48.7568844 ], [ 9.1153593, 48.7567677 ], [ 9.1153289, 48.7566513 ], [ 9.1153026, 48.7565177 ], [ 9.1152805, 48.7563846 ], [ 9.1152627, 48.7562515 ], [ 9.1152433, 48.7561177 ], [ 9.1151879, 48.7555129 ], [ 9.1151769, 48.7552242 ], [ 9.1151732, 48.7549357 ], [ 9.1151831, 48.7541796 ], [ 9.1151849, 48.7540658 ], [ 9.1151885, 48.7539649 ], [ 9.1152014, 48.7538415 ], [ 9.1152392, 48.7537342 ], [ 9.1152971, 48.7536776 ] ] } },
{ "type": "Feature", "properties": { "segment_id": "S420", "corridor_id": "B 14", "highway": [ "trunk", "primary" ], "length": 2305.9145946722465, "metapath_priority": "None", "is_metapath_hard": false, "metapath_pairs": "" }, "geometry": { "type": "LineString", "coordinates": [ [ 9.1173623, 48.7579901 ], [ 9.1174614, 48.758091 ], [ 9.1175672, 48.7582147 ], [ 9.117622, 48.7582686 ], [ 9.1176991, 48.7583269 ], [ 9.1177814, 48.7583694 ], [ 9.1178387, 48.7583915 ], [ 9.1179851, 48.7584288 ], [ 9.1182012, 48.7584646 ], [ 9.1188286, 48.7585585 ], [ 9.1191978, 48.7586074 ], [ 9.1195289, 48.7586384 ], [ 9.119854, 48.7586539 ], [ 9.1201418, 48.7586492 ], [ 9.1203019, 48.7586418 ], [ 9.1204303, 48.7586301 ], [ 9.120801, 48.7585934 ], [ 9.1215796, 48.7584853 ], [ 9.1220276, 48.7584276 ], [ 9.1225495, 48.7584016 ], [ 9.1228648, 48.7583947 ], [ 9.1231863, 48.7583994 ], [ 9.1235807, 48.7584218 ], [ 9.1237678, 48.7584345 ], [ 9.1242722, 48.7585034 ], [ 9.1246301, 48.7585545 ], [ 9.1252397, 48.7586833 ], [ 9.1257371, 48.7587545 ], [ 9.1260687, 48.7587797 ], [ 9.1265316, 48.7587427 ], [ 9.1270355, 48.7586469 ], [ 9.1275792, 48.7584673 ], [ 9.1280122, 48.7582499 ], [ 9.1286818, 48.7578619 ], [ 9.1288778, 48.7577522 ], [ 9.1290078, 48.7576897 ], [ 9.129227, 48.7575907 ], [ 9.129422, 48.7575136 ], [ 9.1298146, 48.7573914 ], [ 9.1301435, 48.7573185 ], [ 9.1304397, 48.7572716 ], [ 9.1307805, 48.7572405 ], [ 9.1311689, 48.7572239 ], [ 9.1316734, 48.7572181 ], [ 9.1331661, 48.7571944 ], [ 9.1334784, 48.7571811 ], [ 9.1337157, 48.7571612 ], [ 9.1341224, 48.7571029 ], [ 9.1344447, 48.7570397 ], [ 9.1347445, 48.7569513 ], [ 9.1348985, 48.7569024 ], [ 9.1351349, 48.7568101 ], [ 9.1353367, 48.756723 ], [ 9.1356182, 48.7565839 ], [ 9.1359936, 48.756388 ], [ 9.1363563, 48.7561766 ], [ 9.1367315, 48.7559322 ], [ 9.1372172, 48.755581 ], [ 9.137362, 48.7554738 ], [ 9.1375127, 48.75537 ], [ 9.1378217, 48.7551563 ], [ 9.1381451, 48.7549604 ], [ 9.1384249, 48.7548099 ], [ 9.1387309, 48.7546653 ], [ 9.1390937, 48.7545116 ], [ 9.1395176, 48.7543596 ], [ 9.139889, 48.7542468 ], [ 9.1402588, 48.7541484 ], [ 9.1404776, 48.754099 ], [ 9.1407123, 48.7540565 ], [ 9.140777, 48.7540481 ], [ 9.1410217, 48.7540224 ], [ 9.1413621, 48.754019 ], [ 9.1417251, 48.754021 ], [ 9.1422219, 48.7540375 ], [ 9.1427319, 48.7540712 ], [ 9.143258, 48.754124 ], [ 9.1436646, 48.7541777 ], [ 9.1437748, 48.7541942 ], [ 9.1441545, 48.7542577 ], [ 9.1445043, 48.7543253 ], [ 9.1445765, 48.7543366 ], [ 9.1448298, 48.7543762 ], [ 9.1448419, 48.754378 ], [ 9.145108, 48.754417 ], [ 9.1458031, 48.7545178 ], [ 9.1459514, 48.754542 ], [ 9.1460066, 48.7545689 ] ] } },
{ "type": "Feature", "properties": { "segment_id": "S421", "corridor_id": "B 10", "highway": "primary_link", "length": 188.53509931008642, "metapath_priority": "None", "is_metapath_hard": false, "metapath_pairs": "" }, "geometry": { "type": "LineString", "coordinates": [ [ 9.0566334, 48.8844907 ], [ 9.0563918, 48.8844311 ], [ 9.0561001, 48.8843136 ], [ 9.0558863, 48.8842342 ], [ 9.0556729, 48.8841691 ], [ 9.0554622, 48.8841271 ], [ 9.0552559, 48.8841062 ], [ 9.0550519, 48.8841109 ], [ 9.0547972, 48.8841345 ], [ 9.0545678, 48.8841866 ], [ 9.0542137, 48.8842437 ] ] } },
{ "type": "Feature", "properties": { "segment_id": "S422", "corridor_id": "B 10", "highway": "primary_link", "length": 134.10550418083042, "metapath_priority": "None", "is_metapath_hard": false, "metapath_pairs": "" }, "geometry": { "type": "LineString", "coordinates": [ [ 9.0566334, 48.8844907 ], [ 9.0568095, 48.8845298 ], [ 9.056999, 48.8845449 ], [ 9.0571487, 48.8845373 ], [ 9.0573076, 48.8845068 ], [ 9.0574433, 48.884454 ], [ 9.0575784, 48.8843811 ], [ 9.0576711, 48.8843124 ], [ 9.0578083, 48.8841636 ], [ 9.0579861, 48.8839244 ] ] } },
{ "type": "Feature", "properties": { "segment_id": "S423", "corridor_id": "B 10", "highway": "primary_link", "length": 134.10550418083039, "metapath_priority": "None", "is_metapath_hard": false, "metapath_pairs": "" }, "geometry": { "type": "LineString", "coordinates": [ [ 9.0579861, 48.8839244 ], [ 9.0578083, 48.8841636 ], [ 9.0576711, 48.8843124 ], [ 9.0575784, 48.8843811 ], [ 9.0574433, 48.884454 ], [ 9.0573076, 48.8845068 ], [ 9.0571487, 48.8845373 ], [ 9.056999, 48.8845449 ], [ 9.0568095, 48.8845298 ], [ 9.0566334, 48.8844907 ] ] } },
{ "type": "Feature", "properties": { "segment_id": "S424", "corridor_id": "B 10", "highway": "primary_link", "length": 147.57785279619816, "metapath_priority": "None", "is_metapath_hard": false, "metapath_pairs": "" }, "geometry": { "type": "LineString", "coordinates": [ [ 9.0570693, 48.8834757 ], [ 9.0569428, 48.883538 ], [ 9.0567926, 48.8835751 ], [ 9.0566426, 48.8836359 ], [ 9.0564949, 48.8837213 ], [ 9.0563795, 48.8838255 ], [ 9.0563224, 48.8839161 ], [ 9.0562915, 48.8840245 ], [ 9.0563035, 48.8841471 ], [ 9.0563661, 48.88427 ], [ 9.0564442, 48.8843494 ], [ 9.0566334, 48.8844907 ] ] } },
{ "type": "Feature", "properties": { "segment_id": "S425", "corridor_id": "B 10", "highway": "primary", "length": 226.72151061765399, "metapath_priority": "None", "is_metapath_hard": false, "metapath_pairs": "" }, "geometry": { "type": "LineString", "coordinates": [ [ 9.0570693, 48.8834757 ], [ 9.0566983, 48.8835314 ], [ 9.0562862, 48.883611 ], [ 9.0559879, 48.8836756 ], [ 9.0556083, 48.8837726 ], [ 9.0552442, 48.8838767 ], [ 9.0548586, 48.8840042 ], [ 9.0544975, 48.8841365 ], [ 9.0542137, 48.8842437 ] ] } },
{ "type": "Feature", "properties": { "segment_id": "S426", "corridor_id": "B 10", "highway": "primary_link", "length": 162.27633076447469, "metapath_priority": "None", "is_metapath_hard": false, "metapath_pairs": "" }, "geometry": { "type": "LineString", "coordinates": [ [ 9.0586164, 48.8826442 ], [ 9.0584958, 48.8826288 ], [ 9.0579901, 48.8825453 ], [ 9.0576425, 48.8824871 ], [ 9.0573919, 48.8824536 ], [ 9.0571667, 48.88245 ], [ 9.0569561, 48.8824785 ], [ 9.0568206, 48.8825283 ], [ 9.0566782, 48.8826145 ], [ 9.0565899, 48.8827112 ] ] } },
{ "type": "Feature", "properties": { "segment_id": "S427", "corridor_id": "B 10", "highway": "primary_link", "length": 162.27633076447469, "metapath_priority": "None", "is_metapath_hard": false, "metapath_pairs": "" }, "geometry": { "type": "LineString", "coordinates": [ [ 9.0565899, 48.8827112 ], [ 9.0566782, 48.8826145 ], [ 9.0568206, 48.8825283 ], [ 9.0569561, 48.8824785 ], [ 9.0571667, 48.88245 ], [ 9.0573919, 48.8824536 ], [ 9.0576425, 48.8824871 ], [ 9.0579901, 48.8825453 ], [ 9.0584958, 48.8826288 ], [ 9.0586164, 48.8826442 ] ] } },
{ "type": "Feature", "properties": { "segment_id": "S428", "corridor_id": "B 10", "highway": "primary_link", "length": 127.547060564251, "metapath_priority": "None", "is_metapath_hard": false, "metapath_pairs": "" }, "geometry": { "type": "LineString", "coordinates": [ [ 9.0565899, 48.8827112 ], [ 9.0565899, 48.8828996 ], [ 9.0566351, 48.8830055 ], [ 9.0567393, 48.8831063 ], [ 9.0568692, 48.8831843 ], [ 9.057031, 48.8832449 ], [ 9.0572006, 48.8832769 ], [ 9.0573849, 48.8832978 ], [ 9.0577605, 48.8833341 ] ] } },
{ "type": "Feature", "properties": { "segment_id": "S429", "corridor_id": "segment_429", "highway": "primary_link", "length": 238.08158498706666, "metapath_priority": "None", "is_metapath_hard": false, "metapath_pairs": "" }, "geometry": { "type": "LineString", "coordinates": [ [ 9.0875091, 48.8716539 ], [ 9.0884855, 48.8711855 ], [ 9.0893626, 48.8707639 ], [ 9.0896855, 48.8706082 ], [ 9.0899272, 48.8704717 ], [ 9.0901329, 48.8703886 ] ] } },
{ "type": "Feature", "properties": { "segment_id": "S430", "corridor_id": "segment_430", "highway": "primary_link", "length": 20.947334198334666, "metapath_priority": "None", "is_metapath_hard": false, "metapath_pairs": "" }, "geometry": { "type": "LineString", "coordinates": [ [ 9.0875832, 48.8718333 ], [ 9.0875441, 48.8717809 ], [ 9.0875173, 48.8717271 ], [ 9.0875091, 48.8716539 ] ] } },
{ "type": "Feature", "properties": { "segment_id": "S431", "corridor_id": "segment_431", "highway": "motorway_link", "length": 42.060974573539262, "metapath_priority": "None", "is_metapath_hard": false, "metapath_pairs": "" }, "geometry": { "type": "LineString", "coordinates": [ [ 9.1394995, 48.7105772 ], [ 9.1396648, 48.7106484 ], [ 9.1397485, 48.7106721 ], [ 9.1398472, 48.7106869 ], [ 9.1399485, 48.7106882 ], [ 9.1400301, 48.7106815 ] ] } },
{ "type": "Feature", "properties": { "segment_id": "S432", "corridor_id": "B 295", "highway": "primary", "length": 423.36087677703131, "metapath_priority": "None", "is_metapath_hard": false, "metapath_pairs": "" }, "geometry": { "type": "LineString", "coordinates": [ [ 9.1338361, 48.8123599 ], [ 9.1334635, 48.8124511 ], [ 9.1329026, 48.8125261 ], [ 9.1326623, 48.8125492 ], [ 9.1324146, 48.8125638 ], [ 9.1322635, 48.8125685 ], [ 9.1321282, 48.8125656 ], [ 9.13181, 48.8125518 ], [ 9.1315798, 48.8125373 ], [ 9.1314611, 48.8125291 ], [ 9.1312874, 48.8125191 ], [ 9.1312349, 48.8125154 ], [ 9.1311103, 48.8125036 ], [ 9.1310118, 48.8124897 ], [ 9.1309307, 48.8124695 ], [ 9.1308312, 48.8124395 ], [ 9.1306224, 48.8123669 ], [ 9.130457, 48.8122935 ], [ 9.1302942, 48.8122105 ], [ 9.1300516, 48.8120657 ], [ 9.129829, 48.8118961 ], [ 9.1296295, 48.8116703 ], [ 9.1295197, 48.8115334 ], [ 9.1294294, 48.8113959 ], [ 9.1293727, 48.8112741 ], [ 9.1293043, 48.8110466 ] ] } },
{ "type": "Feature", "properties": { "segment_id": "S433", "corridor_id": "B 295", "highway": "primary", "length": 500.02328486505587, "metapath_priority": "None", "is_metapath_hard": false, "metapath_pairs": "" }, "geometry": { "type": "LineString", "coordinates": [ [ 9.1338361, 48.8123599 ], [ 9.1349674, 48.8121344 ], [ 9.1353627, 48.8120573 ], [ 9.1356538, 48.8119984 ], [ 9.1367238, 48.8117664 ], [ 9.1374053, 48.8115942 ], [ 9.1380748, 48.8114117 ], [ 9.1385162, 48.8112875 ], [ 9.1398929, 48.8109004 ], [ 9.1402358, 48.8108059 ] ] } },
{ "type": "Feature", "properties": { "segment_id": "S434", "corridor_id": "B 295", "highway": "primary", "length": 194.83584377574761, "metapath_priority": "None", "is_metapath_hard": false, "metapath_pairs": "" }, "geometry": { "type": "LineString", "coordinates": [ [ 9.1127092, 48.8081378 ], [ 9.112196, 48.8081958 ], [ 9.1115162, 48.8082529 ], [ 9.1100716, 48.8083648 ] ] } },
{ "type": "Feature", "properties": { "segment_id": "S435", "corridor_id": "B 295", "highway": "primary", "length": 1532.1168636460834, "metapath_priority": "None", "is_metapath_hard": false, "metapath_pairs": "" }, "geometry": { "type": "LineString", "coordinates": [ [ 9.1127092, 48.8081378 ], [ 9.1141366, 48.8080485 ], [ 9.1147365, 48.8080132 ], [ 9.1151114, 48.8079877 ], [ 9.1155584, 48.8079554 ], [ 9.1160441, 48.8079198 ], [ 9.1165012, 48.8078789 ], [ 9.1169786, 48.8078294 ], [ 9.1175739, 48.8077562 ], [ 9.1177486, 48.8077286 ], [ 9.1180716, 48.8076777 ], [ 9.118579, 48.8075857 ], [ 9.1192503, 48.8074426 ], [ 9.1194815, 48.8073867 ], [ 9.1198169, 48.8073055 ], [ 9.1198929, 48.8072871 ], [ 9.1207676, 48.8070583 ], [ 9.1212614, 48.8069274 ], [ 9.1217604, 48.8068061 ], [ 9.1220414, 48.8067446 ], [ 9.1223104, 48.8066958 ], [ 9.122579, 48.8066527 ], [ 9.1229181, 48.8066128 ], [ 9.123193, 48.806592 ], [ 9.1234377, 48.8065846 ], [ 9.1236528, 48.806581 ], [ 9.1240098, 48.8065869 ], [ 9.1243603, 48.8066124 ], [ 9.1246027, 48.8066409 ], [ 9.1248282, 48.8066711 ], [ 9.1250947, 48.8067221 ], [ 9.1253357, 48.8067746 ], [ 9.1255388, 48.8068323 ], [ 9.1257326, 48.8068927 ], [ 9.126229, 48.8070812 ], [ 9.1267981, 48.8073767 ], [ 9.1269989, 48.8074993 ], [ 9.1272007, 48.8076331 ], [ 9.1273398, 48.8077359 ], [ 9.1274625, 48.8078397 ], [ 9.127573, 48.8079435 ], [ 9.1278211, 48.8081995 ], [ 9.128037, 48.8084558 ], [ 9.1284191, 48.8091254 ], [ 9.1287715, 48.8098456 ], [ 9.1293043, 48.8110466 ] ] } },
{ "type": "Feature", "properties": { "segment_id": "S436", "corridor_id": "B 295", "highway": "primary_link", "length": 151.19592299237067, "metapath_priority": "None", "is_metapath_hard": false, "metapath_pairs": "" }, "geometry": { "type": "LineString", "coordinates": [ [ 9.1100716, 48.8083648 ], [ 9.1098872, 48.8084325 ], [ 9.1097247, 48.8084794 ], [ 9.1095673, 48.8085492 ], [ 9.1094297, 48.8086272 ], [ 9.1093921, 48.8086535 ], [ 9.10932, 48.8087039 ], [ 9.1092003, 48.808806 ], [ 9.1091672, 48.808845 ], [ 9.1090961, 48.8089286 ], [ 9.1089556, 48.809088 ], [ 9.1089106, 48.80913 ], [ 9.1088702, 48.8091677 ], [ 9.1087483, 48.8092376 ], [ 9.1086249, 48.809289 ] ] } },
{ "type": "Feature", "properties": { "segment_id": "S437", "corridor_id": "B 295", "highway": "primary", "length": 153.23838915938342, "metapath_priority": "None", "is_metapath_hard": false, "metapath_pairs": "" }, "geometry": { "type": "LineString", "coordinates": [ [ 9.1100716, 48.8083648 ], [ 9.1094272, 48.8084251 ], [ 9.1090168, 48.8084829 ], [ 9.1086307, 48.8085452 ], [ 9.108308, 48.8086023 ], [ 9.1080287, 48.8086545 ] ] } },
{ "type": "Feature", "properties": { "segment_id": "S438", "corridor_id": "B 295", "highway": "primary", "length": 231.99367302950918, "metapath_priority": "None", "is_metapath_hard": false, "metapath_pairs": "" }, "geometry": { "type": "LineString", "coordinates": [ [ 9.1046186, 48.8099973 ], [ 9.105032, 48.8096961 ], [ 9.1052641, 48.8095645 ], [ 9.1055154, 48.8094282 ], [ 9.105827, 48.8092852 ], [ 9.1061304, 48.809155 ], [ 9.1064722, 48.8090228 ], [ 9.1066853, 48.808948 ], [ 9.1069162, 48.8088738 ], [ 9.1071735, 48.8087962 ] ] } },
{ "type": "Feature", "properties": { "segment_id": "S439", "corridor_id": "B 295", "highway": "primary", "length": 873.11956899203267, "metapath_priority": "None", "is_metapath_hard": false, "metapath_pairs": "" }, "geometry": { "type": "LineString", "coordinates": [ [ 9.1046186, 48.8099973 ], [ 9.1043187, 48.8102164 ], [ 9.1041194, 48.8103637 ], [ 9.1038946, 48.8105502 ], [ 9.1037258, 48.8107028 ], [ 9.1034051, 48.8110181 ], [ 9.1031613, 48.8112942 ], [ 9.1029346, 48.8115904 ], [ 9.1027396, 48.8118739 ], [ 9.1025456, 48.812201 ], [ 9.1023767, 48.8125371 ], [ 9.1022592, 48.8128274 ], [ 9.1021132, 48.8132625 ], [ 9.1019462, 48.8138239 ], [ 9.1017764, 48.8144266 ], [ 9.1015601, 48.815207 ], [ 9.1014411, 48.8156138 ], [ 9.1013303, 48.8159119 ], [ 9.1012617, 48.816056 ], [ 9.1011844, 48.8161945 ], [ 9.1010942, 48.816328 ], [ 9.1009463, 48.8165297 ], [ 9.1007743, 48.8167252 ], [ 9.1005287, 48.8169545 ], [ 9.1002769, 48.8171615 ] ] } },
{ "type": "Feature", "properties": { "segment_id": "S440", "corridor_id": "segment_440", "highway": "primary_link", "length": 107.08507147521129, "metapath_priority": "None", "is_metapath_hard": false, "metapath_pairs": "" }, "geometry": { "type": "LineString", "coordinates": [ [ 9.0956712, 48.8657535 ], [ 9.095749, 48.8655549 ], [ 9.0958217, 48.8653695 ], [ 9.0959054, 48.8651753 ], [ 9.09596, 48.8650691 ], [ 9.0959913, 48.8650181 ], [ 9.0960391, 48.8649575 ], [ 9.0961185, 48.8648814 ], [ 9.0961519, 48.8648517 ] ] } },
{ "type": "Feature", "properties": { "segment_id": "S441", "corridor_id": "segment_441", "highway": "primary_link", "length": 62.720283787663277, "metapath_priority": "None", "is_metapath_hard": false, "metapath_pairs": "" }, "geometry": { "type": "LineString", "coordinates": [ [ 9.0956712, 48.8657535 ], [ 9.0956756, 48.8658754 ], [ 9.0956693, 48.8659282 ], [ 9.0956723, 48.8659726 ], [ 9.0956828, 48.866004 ], [ 9.0957192, 48.8660403 ], [ 9.0957661, 48.8660577 ], [ 9.0958186, 48.8660563 ], [ 9.0958827, 48.8660402 ], [ 9.0959687, 48.8659995 ], [ 9.0960902, 48.8659728 ] ] } },
{ "type": "Feature", "properties": { "segment_id": "S442", "corridor_id": "segment_442", "highway": "primary_link", "length": 15.945507559614017, "metapath_priority": "None", "is_metapath_hard": false, "metapath_pairs": "" }, "geometry": { "type": "LineString", "coordinates": [ [ 9.0797806, 48.8787426 ], [ 9.0799814, 48.8786867 ] ] } },
{ "type": "Feature", "properties": { "segment_id": "S443", "corridor_id": "segment_443", "highway": "primary_link", "length": 44.778206303921309, "metapath_priority": "None", "is_metapath_hard": false, "metapath_pairs": "" }, "geometry": { "type": "LineString", "coordinates": [ [ 9.0792789, 48.8785409 ], [ 9.0794156, 48.8786433 ], [ 9.0794894, 48.8786856 ], [ 9.0795583, 48.8787089 ], [ 9.0796427, 48.8787307 ], [ 9.0797806, 48.8787426 ] ] } },
{ "type": "Feature", "properties": { "segment_id": "S444", "corridor_id": "A 8", "highway": "motorway_link", "length": 539.15833792520334, "metapath_priority": "None", "is_metapath_hard": false, "metapath_pairs": "" }, "geometry": { "type": "LineString", "coordinates": [ [ 9.1749394, 48.7033727 ], [ 9.1751587, 48.7032243 ], [ 9.1753278, 48.7031123 ], [ 9.1755757, 48.7029599 ], [ 9.1758627, 48.7028064 ], [ 9.1761712, 48.7026657 ], [ 9.1764902, 48.7025401 ], [ 9.1768464, 48.7024053 ], [ 9.1771139, 48.7023047 ], [ 9.1773982, 48.7021991 ], [ 9.1777581, 48.7020551 ], [ 9.178411, 48.701816 ], [ 9.1790794, 48.701567 ], [ 9.1801643, 48.7011343 ], [ 9.1808454, 48.7008497 ], [ 9.1811244, 48.7008113 ] ] } },
{ "type": "Feature", "properties": { "segment_id": "S445", "corridor_id": "segment_445", "highway": "motorway_link", "length": 374.95258927211756, "metapath_priority": "None", "is_metapath_hard": false, "metapath_pairs": "" }, "geometry": { "type": "LineString", "coordinates": [ [ 9.1749394, 48.7033727 ], [ 9.1750471, 48.7032193 ], [ 9.1752714, 48.7030459 ], [ 9.1756441, 48.702717 ], [ 9.1757591, 48.7026219 ], [ 9.1758851, 48.7025314 ], [ 9.176036, 48.7024209 ], [ 9.1762077, 48.7023148 ], [ 9.1763324, 48.7022399 ], [ 9.1764418, 48.7021805 ], [ 9.1765733, 48.7021193 ], [ 9.1767132, 48.7020562 ], [ 9.1768738, 48.7019858 ], [ 9.1770843, 48.7019091 ], [ 9.177263, 48.7018487 ], [ 9.1774966, 48.7017779 ], [ 9.1778256, 48.7016887 ], [ 9.1782193, 48.7015866 ], [ 9.1785933, 48.7014625 ], [ 9.1789053, 48.701402 ] ] } },
{ "type": "Feature", "properties": { "segment_id": "S446", "corridor_id": "segment_446", "highway": "trunk_link", "length": 59.032443449077981, "metapath_priority": "None", "is_metapath_hard": false, "metapath_pairs": "" }, "geometry": { "type": "LineString", "coordinates": [ [ 9.0904133, 48.7789681 ], [ 9.0902969, 48.7789081 ], [ 9.0901887, 48.778867 ], [ 9.0900691, 48.7788401 ], [ 9.0899811, 48.7788314 ], [ 9.0899282, 48.7788312 ], [ 9.089885, 48.7788345 ], [ 9.0898373, 48.7788373 ], [ 9.0896776, 48.7788817 ] ] } },
{ "type": "Feature", "properties": { "segment_id": "S447", "corridor_id": "segment_447", "highway": "trunk_link", "length": 498.59746801266022, "metapath_priority": "None", "is_metapath_hard": false, "metapath_pairs": "" }, "geometry": { "type": "LineString", "coordinates": [ [ 9.3044536, 48.7357028 ], [ 9.3042694, 48.7357675 ], [ 9.3039156, 48.7358978 ], [ 9.3037752, 48.7359569 ], [ 9.3035616, 48.7360526 ], [ 9.3033369, 48.736161 ], [ 9.3026268, 48.7365248 ], [ 9.3022776, 48.7366976 ], [ 9.3020013, 48.7368229 ], [ 9.3017312, 48.7369334 ], [ 9.3014649, 48.7370337 ], [ 9.301226, 48.7371138 ], [ 9.3009382, 48.7372028 ], [ 9.3006535, 48.7372845 ], [ 9.2997244, 48.7375326 ], [ 9.2992271, 48.7376631 ], [ 9.2991006, 48.7376927 ], [ 9.2985105, 48.7378139 ] ] } },
{ "type": "Feature", "properties": { "segment_id": "S448", "corridor_id": "B 295", "highway": "primary", "length": 16.300388399830954, "metapath_priority": "None", "is_metapath_hard": false, "metapath_pairs": "" }, "geometry": { "type": "LineString", "coordinates": [ [ 9.1404422, 48.810751 ], [ 9.1402358, 48.8108059 ] ] } },
{ "type": "Feature", "properties": { "segment_id": "S449", "corridor_id": "B 295", "highway": "primary", "length": 1820.4827748520438, "metapath_priority": "None", "is_metapath_hard": false, "metapath_pairs": "" }, "geometry": { "type": "LineString", "coordinates": [ [ 9.1404422, 48.810751 ], [ 9.1409715, 48.8106051 ], [ 9.141494, 48.8104816 ], [ 9.1417585, 48.8104293 ], [ 9.1420529, 48.8103813 ], [ 9.1423626, 48.8103435 ], [ 9.142677, 48.8103212 ], [ 9.1437841, 48.8102634 ], [ 9.1470464, 48.8104462 ], [ 9.1486222, 48.8106652 ], [ 9.149567, 48.8108833 ], [ 9.1510803, 48.8114708 ], [ 9.1551626, 48.8126999 ], [ 9.1576637, 48.8134814 ], [ 9.1583084, 48.8136693 ], [ 9.1588345, 48.8138327 ], [ 9.1591221, 48.81393 ], [ 9.1593506, 48.8140114 ], [ 9.1594983, 48.8140573 ], [ 9.1600965, 48.8142434 ], [ 9.1601704, 48.8142647 ], [ 9.1604365, 48.8143247 ], [ 9.1606783, 48.8143911 ], [ 9.1607603, 48.8144235 ], [ 9.1613491, 48.8146479 ], [ 9.1620649, 48.8149122 ], [ 9.162381, 48.8149863 ], [ 9.1626764, 48.815024 ], [ 9.1629276, 48.8150347 ], [ 9.1631824, 48.8150226 ], [ 9.1634106, 48.8149968 ], [ 9.1636267, 48.8149655 ] ] } },
{ "type": "Feature", "properties": { "segment_id": "S450", "corridor_id": "segment_450", "highway": "primary_link", "length": 180.38158539150339, "metapath_priority": "None", "is_metapath_hard": false, "metapath_pairs": "" }, "geometry": { "type": "LineString", "coordinates": [ [ 9.1404422, 48.810751 ], [ 9.140771, 48.8105954 ], [ 9.1409233, 48.8105274 ], [ 9.1411269, 48.8104585 ], [ 9.1413761, 48.8103968 ], [ 9.1416188, 48.8103472 ], [ 9.1421732, 48.8102692 ], [ 9.1424542, 48.8102382 ], [ 9.1427261, 48.8102199 ] ] } },
{ "type": "Feature", "properties": { "segment_id": "S451", "corridor_id": "B 295", "highway": "primary", "length": 16.300388399830954, "metapath_priority": "None", "is_metapath_hard": false, "metapath_pairs": "" }, "geometry": { "type": "LineString", "coordinates": [ [ 9.1402358, 48.8108059 ], [ 9.1404422, 48.810751 ] ] } },
{ "type": "Feature", "properties": { "segment_id": "S452", "corridor_id": "B 295", "highway": "primary", "length": 500.02328486505587, "metapath_priority": "None", "is_metapath_hard": false, "metapath_pairs": "" }, "geometry": { "type": "LineString", "coordinates": [ [ 9.1402358, 48.8108059 ], [ 9.1398929, 48.8109004 ], [ 9.1385162, 48.8112875 ], [ 9.1380748, 48.8114117 ], [ 9.1374053, 48.8115942 ], [ 9.1367238, 48.8117664 ], [ 9.1356538, 48.8119984 ], [ 9.1353627, 48.8120573 ], [ 9.1349674, 48.8121344 ], [ 9.1338361, 48.8123599 ] ] } },
{ "type": "Feature", "properties": { "segment_id": "S453", "corridor_id": "B 10", "highway": "trunk_link", "length": 29.497233606601867, "metapath_priority": "None", "is_metapath_hard": false, "metapath_pairs": "" }, "geometry": { "type": "LineString", "coordinates": [ [ 9.141559, 48.8399785 ], [ 9.1412205, 48.8401225 ] ] } },
{ "type": "Feature", "properties": { "segment_id": "S454", "corridor_id": "B 10", "highway": "trunk_link", "length": 40.450180567429278, "metapath_priority": "None", "is_metapath_hard": false, "metapath_pairs": "" }, "geometry": { "type": "LineString", "coordinates": [ [ 9.1417198, 48.8402393 ], [ 9.1415857, 48.8401914 ], [ 9.1414986, 48.8401462 ], [ 9.1414374, 48.8401253 ], [ 9.1413545, 48.840112 ], [ 9.1412205, 48.8401225 ] ] } },
{ "type": "Feature", "properties": { "segment_id": "S455", "corridor_id": "B 10", "highway": "trunk", "length": 204.41537572383851, "metapath_priority": "None", "is_metapath_hard": false, "metapath_pairs": "" }, "geometry": { "type": "LineString", "coordinates": [ [ 9.1155338, 48.8546851 ], [ 9.1145569, 48.8552452 ], [ 9.1139075, 48.8556181 ], [ 9.113404, 48.8558741 ] ] } },
{ "type": "Feature", "properties": { "segment_id": "S456", "corridor_id": "B 14", "highway": "primary_link", "length": 32.337955437966677, "metapath_priority": "None", "is_metapath_hard": false, "metapath_pairs": "" }, "geometry": { "type": "LineString", "coordinates": [ [ 9.1812535, 48.7743089 ], [ 9.1814551, 48.7745676 ] ] } },
{ "type": "Feature", "properties": { "segment_id": "S457", "corridor_id": "B 14", "highway": "primary_link", "length": 154.61451820924029, "metapath_priority": "None", "is_metapath_hard": false, "metapath_pairs": "" }, "geometry": { "type": "LineString", "coordinates": [ [ 9.1812535, 48.7743089 ], [ 9.1816682, 48.7745639 ], [ 9.1818666, 48.7746958 ], [ 9.1820638, 48.7748124 ], [ 9.1822059, 48.7749097 ], [ 9.1824544, 48.7751045 ], [ 9.1827112, 48.7753108 ] ] } },
{ "type": "Feature", "properties": { "segment_id": "S458", "corridor_id": "segment_458", "highway": "trunk_link", "length": 146.0092214111817, "metapath_priority": "None", "is_metapath_hard": false, "metapath_pairs": "" }, "geometry": { "type": "LineString", "coordinates": [ [ 9.1657645, 48.7361894 ], [ 9.1657499, 48.7361039 ], [ 9.165746, 48.7360419 ], [ 9.165733, 48.7359078 ], [ 9.165678, 48.7358131 ], [ 9.1655735, 48.7357246 ], [ 9.1654528, 48.7356587 ], [ 9.1653203, 48.7356316 ], [ 9.1651843, 48.735628 ], [ 9.1650594, 48.7356414 ], [ 9.1649607, 48.7356684 ], [ 9.164851, 48.7357227 ], [ 9.1647689, 48.735783 ], [ 9.1645515, 48.7359323 ] ] } },
{ "type": "Feature", "properties": { "segment_id": "S459", "corridor_id": "B 27", "highway": "trunk", "length": 343.5030194823442, "metapath_priority": "None", "is_metapath_hard": false, "metapath_pairs": "" }, "geometry": { "type": "LineString", "coordinates": [ [ 9.1645515, 48.7359323 ], [ 9.1637701, 48.7368793 ], [ 9.1634553, 48.7372948 ], [ 9.1633648, 48.7374195 ], [ 9.1632779, 48.7375437 ], [ 9.1631425, 48.7377601 ], [ 9.1630519, 48.7379166 ], [ 9.162967, 48.7380675 ], [ 9.1628893, 48.7382278 ], [ 9.1628246, 48.7383782 ], [ 9.1626664, 48.7387481 ] ] } },
{ "type": "Feature", "properties": { "segment_id": "S460", "corridor_id": "B 27", "highway": "trunk", "length": 398.02611968645749, "metapath_priority": "None", "is_metapath_hard": false, "metapath_pairs": "" }, "geometry": { "type": "LineString", "coordinates": [ [ 9.1612076, 48.7422455 ], [ 9.1614782, 48.7417539 ], [ 9.1615985, 48.7414869 ], [ 9.1617178, 48.7412166 ], [ 9.1618225, 48.7409332 ], [ 9.161931, 48.7406163 ], [ 9.1621001, 48.7400488 ], [ 9.1621792, 48.7397605 ], [ 9.1622658, 48.7394631 ], [ 9.1622998, 48.7393445 ], [ 9.1623938, 48.7390512 ], [ 9.1624941, 48.7387737 ] ] } },
{ "type": "Feature", "properties": { "segment_id": "S461", "corridor_id": "B 14", "highway": [ "trunk", "primary" ], "length": 2101.4898876609918, "metapath_priority": "None", "is_metapath_hard": false, "metapath_pairs": "" }, "geometry": { "type": "LineString", "coordinates": [ [ 9.1460066, 48.7545689 ], [ 9.1459358, 48.7545792 ], [ 9.1457924, 48.7545613 ], [ 9.145641, 48.7545529 ], [ 9.145523, 48.7545531 ], [ 9.1453899, 48.7545593 ], [ 9.1452202, 48.7545672 ], [ 9.1450485, 48.754575 ], [ 9.1448913, 48.7545825 ], [ 9.1447928, 48.7545845 ], [ 9.1446652, 48.7545821 ], [ 9.1445675, 48.754575 ], [ 9.144442, 48.754557 ], [ 9.1444064, 48.7545498 ], [ 9.1438032, 48.7544208 ], [ 9.1431874, 48.7543208 ], [ 9.1425623, 48.7542504 ], [ 9.1419311, 48.7542099 ], [ 9.1412967, 48.7542005 ], [ 9.1409896, 48.7542201 ], [ 9.1407881, 48.7542483 ], [ 9.140567, 48.754283 ], [ 9.1402962, 48.7543335 ], [ 9.1398904, 48.7544299 ], [ 9.139601, 48.7545102 ], [ 9.1392331, 48.7546293 ], [ 9.1388417, 48.7547818 ], [ 9.1385328, 48.7549201 ], [ 9.1383556, 48.7550053 ], [ 9.1381804, 48.7550974 ], [ 9.1378859, 48.7552797 ], [ 9.137429, 48.7555856 ], [ 9.1368179, 48.7560005 ], [ 9.1364733, 48.7562164 ], [ 9.136224, 48.7563656 ], [ 9.1359801, 48.7565038 ], [ 9.1356279, 48.7566882 ], [ 9.1354071, 48.7567964 ], [ 9.1352662, 48.7568562 ], [ 9.1350597, 48.7569345 ], [ 9.134765, 48.757045 ], [ 9.1344826, 48.7571235 ], [ 9.1341548, 48.7571886 ], [ 9.1337369, 48.7572432 ], [ 9.1335243, 48.7572601 ], [ 9.133208, 48.7572758 ], [ 9.1326662, 48.7572855 ], [ 9.1315177, 48.7573001 ], [ 9.1310688, 48.757316 ], [ 9.1306979, 48.7573459 ], [ 9.1303908, 48.7573897 ], [ 9.1300812, 48.7574571 ], [ 9.1298131, 48.757531 ], [ 9.1296423, 48.7575885 ], [ 9.1295367, 48.7576272 ], [ 9.1293535, 48.757701 ], [ 9.1291438, 48.7578014 ], [ 9.1289805, 48.7578942 ], [ 9.1288613, 48.7579642 ], [ 9.1285474, 48.7581608 ], [ 9.1282989, 48.758316 ], [ 9.1280944, 48.7584344 ], [ 9.1276303, 48.7586875 ], [ 9.1271551, 48.7588552 ], [ 9.126877, 48.7589233 ], [ 9.1265044, 48.7589838 ], [ 9.1261214, 48.7590123 ], [ 9.1256994, 48.7589886 ], [ 9.1253205, 48.7589312 ], [ 9.1249575, 48.7588521 ], [ 9.1244737, 48.7587184 ], [ 9.1242066, 48.7586574 ], [ 9.1239115, 48.7585892 ], [ 9.123533, 48.758527 ], [ 9.1232247, 48.7584951 ], [ 9.122949, 48.7584873 ], [ 9.1226021, 48.7584826 ], [ 9.1220094, 48.7585196 ], [ 9.1214382, 48.7585933 ], [ 9.1209059, 48.7586682 ], [ 9.1204941, 48.7587102 ], [ 9.1202453, 48.7587376 ], [ 9.1200528, 48.7587463 ], [ 9.1198451, 48.7587548 ] ] } },
{ "type": "Feature", "properties": { "segment_id": "S462", "corridor_id": "B 14", "highway": "primary", "length": 909.56603358574205, "metapath_priority": "None", "is_metapath_hard": false, "metapath_pairs": "" }, "geometry": { "type": "LineString", "coordinates": [ [ 9.1460066, 48.7545689 ], [ 9.1466966, 48.7546469 ], [ 9.1476807, 48.7546841 ], [ 9.1485585, 48.7546863 ], [ 9.1516624, 48.7547808 ], [ 9.1525847, 48.7548117 ], [ 9.1537308, 48.7548427 ], [ 9.1549072, 48.7549143 ], [ 9.1561159, 48.7550148 ], [ 9.1570608, 48.755115 ], [ 9.1575748, 48.7551713 ], [ 9.1583364, 48.7553051 ] ] } },
{ "type": "Feature", "properties": { "segment_id": "S463", "corridor_id": "Österreichischer Platz", "highway": "primary_link", "length": 35.640132284856243, "metapath_priority": "None", "is_metapath_hard": false, "metapath_pairs": "" }, "geometry": { "type": "LineString", "coordinates": [ [ 9.1734869, 48.7694979 ], [ 9.1734784, 48.7694285 ], [ 9.1734761, 48.7694098 ], [ 9.1734802, 48.76937 ], [ 9.1734988, 48.7693223 ], [ 9.1735114, 48.7692937 ], [ 9.1735424, 48.7692446 ], [ 9.1735831, 48.7691909 ] ] } },
{ "type": "Feature", "properties": { "segment_id": "S464", "corridor_id": "B 27a", "highway": "primary", "length": 24.693556868007157, "metapath_priority": "None", "is_metapath_hard": false, "metapath_pairs": "" }, "geometry": { "type": "LineString", "coordinates": [ [ 9.1734869, 48.7694979 ], [ 9.1733889, 48.7693424 ], [ 9.1733604, 48.7692921 ] ] } },
{ "type": "Feature", "properties": { "segment_id": "S465", "corridor_id": "B 27a", "highway": "primary_link", "length": 36.047147857053162, "metapath_priority": "None", "is_metapath_hard": false, "metapath_pairs": "" }, "geometry": { "type": "LineString", "coordinates": [ [ 9.17396, 48.7691832 ], [ 9.174055, 48.7692439 ], [ 9.1741805, 48.7693197 ], [ 9.1742636, 48.7693699 ], [ 9.1743213, 48.7694031 ] ] } },
{ "type": "Feature", "properties": { "segment_id": "S466", "corridor_id": "B 14", "highway": "primary", "length": 307.22519868196508, "metapath_priority": "None", "is_metapath_hard": false, "metapath_pairs": "" }, "geometry": { "type": "LineString", "coordinates": [ [ 9.1764905, 48.7707577 ], [ 9.1768714, 48.7709835 ], [ 9.1773565, 48.7713148 ], [ 9.1776283, 48.7715178 ], [ 9.178368, 48.7721676 ], [ 9.1789033, 48.7726733 ], [ 9.1790407, 48.772786 ], [ 9.1791455, 48.7728849 ] ] } },
{ "type": "Feature", "properties": { "segment_id": "S467", "corridor_id": "B 14", "highway": "primary", "length": 293.95621709099203, "metapath_priority": "None", "is_metapath_hard": false, "metapath_pairs": "" }, "geometry": { "type": "LineString", "coordinates": [ [ 9.175362, 48.7702105 ], [ 9.1750605, 48.7700396 ], [ 9.1746836, 48.7698101 ], [ 9.1744129, 48.7696472 ], [ 9.1739564, 48.7693692 ], [ 9.1735218, 48.7690734 ], [ 9.1731531, 48.7688282 ], [ 9.1728786, 48.768638 ], [ 9.1727283, 48.7685269 ], [ 9.1725273, 48.7683466 ] ] } },
{ "type": "Feature", "properties": { "segment_id": "S468", "corridor_id": "B 14", "highway": "primary", "length": 102.86759011983466, "metapath_priority": "None", "is_metapath_hard": false, "metapath_pairs": "" }, "geometry": { "type": "LineString", "coordinates": [ [ 9.175362, 48.7702105 ], [ 9.1756242, 48.7703098 ], [ 9.1758567, 48.770423 ], [ 9.1763656, 48.7706897 ], [ 9.1764905, 48.7707577 ] ] } },
{ "type": "Feature", "properties": { "segment_id": "S469", "corridor_id": "B 27", "highway": "primary", "length": 126.6010234202994, "metapath_priority": "None", "is_metapath_hard": false, "metapath_pairs": "" }, "geometry": { "type": "LineString", "coordinates": [ [ 9.1776329, 48.7829892 ], [ 9.1778235, 48.783172 ], [ 9.1780056, 48.7833332 ], [ 9.178246, 48.7835478 ], [ 9.1785089, 48.7837623 ], [ 9.1786749, 48.7838794 ], [ 9.1786885, 48.783889 ] ] } },
{ "type": "Feature", "properties": { "segment_id": "S470", "corridor_id": "B 27", "highway": "primary", "length": 18.610273402121205, "metapath_priority": "None", "is_metapath_hard": false, "metapath_pairs": "" }, "geometry": { "type": "LineString", "coordinates": [ [ 9.1826352, 48.776101 ], [ 9.1827236, 48.7759441 ] ] } },
{ "type": "Feature", "properties": { "segment_id": "S471", "corridor_id": "B 14", "highway": "primary_link", "length": 12.510303340759325, "metapath_priority": "None", "is_metapath_hard": false, "metapath_pairs": "" }, "geometry": { "type": "LineString", "coordinates": [ [ 9.1826352, 48.776101 ], [ 9.1827257, 48.7760691 ], [ 9.1827853, 48.7760474 ] ] } },
{ "type": "Feature", "properties": { "segment_id": "S472", "corridor_id": "B 14", "highway": "primary_link", "length": 17.038004670902009, "metapath_priority": "None", "is_metapath_hard": false, "metapath_pairs": "" }, "geometry": { "type": "LineString", "coordinates": [ [ 9.1830314, 48.7756012 ], [ 9.1829651, 48.7756185 ], [ 9.1828897, 48.7756377 ], [ 9.1828105, 48.7756467 ] ] } },
{ "type": "Feature", "properties": { "segment_id": "S473", "corridor_id": "B 14", "highway": "primary_link", "length": 20.482849301317955, "metapath_priority": "None", "is_metapath_hard": false, "metapath_pairs": "" }, "geometry": { "type": "LineString", "coordinates": [ [ 9.1830314, 48.7756012 ], [ 9.1830831, 48.7756813 ], [ 9.1831419, 48.7757704 ] ] } },
{ "type": "Feature", "properties": { "segment_id": "S474", "corridor_id": "B 27", "highway": "primary", "length": 45.050178466004411, "metapath_priority": "None", "is_metapath_hard": false, "metapath_pairs": "" }, "geometry": { "type": "LineString", "coordinates": [ [ 9.1830314, 48.7756012 ], [ 9.1830425, 48.7755925 ], [ 9.1830737, 48.7755639 ], [ 9.1831064, 48.7755312 ], [ 9.1831475, 48.775493 ], [ 9.1831941, 48.7754597 ], [ 9.1833311, 48.7753892 ], [ 9.1834692, 48.7753227 ] ] } },
{ "type": "Feature", "properties": { "segment_id": "S475", "corridor_id": "B 27", "highway": "primary", "length": 10.15206370742836, "metapath_priority": "None", "is_metapath_hard": false, "metapath_pairs": "" }, "geometry": { "type": "LineString", "coordinates": [ [ 9.1827172, 48.7762522 ], [ 9.182664, 48.7763365 ] ] } },
{ "type": "Feature", "properties": { "segment_id": "S476", "corridor_id": "B 14", "highway": "primary_link", "length": 34.415633098559255, "metapath_priority": "None", "is_metapath_hard": false, "metapath_pairs": "" }, "geometry": { "type": "LineString", "coordinates": [ [ 9.1831966, 48.7766041 ], [ 9.1830085, 48.7763205 ] ] } },
{ "type": "Feature", "properties": { "segment_id": "S477", "corridor_id": "B 27", "highway": "primary_link", "length": 64.16316557619237, "metapath_priority": "None", "is_metapath_hard": false, "metapath_pairs": "" }, "geometry": { "type": "LineString", "coordinates": [ [ 9.1831966, 48.7766041 ], [ 9.183056, 48.7765644 ], [ 9.1829625, 48.7765472 ], [ 9.1828956, 48.7765421 ], [ 9.1827584, 48.7765466 ], [ 9.1826664, 48.7765702 ], [ 9.182596, 48.7765948 ], [ 9.1824852, 48.7766291 ], [ 9.1823771, 48.7766635 ] ] } },
{ "type": "Feature", "properties": { "segment_id": "S478", "corridor_id": "B 27", "highway": "primary_link", "length": 21.376317384747992, "metapath_priority": "None", "is_metapath_hard": false, "metapath_pairs": "" }, "geometry": { "type": "LineString", "coordinates": [ [ 9.1830085, 48.7763205 ], [ 9.1829941, 48.7761819 ], [ 9.182984, 48.776129 ] ] } },
{ "type": "Feature", "properties": { "segment_id": "S479", "corridor_id": "B 14", "highway": "primary_link", "length": 25.342780101701226, "metapath_priority": "None", "is_metapath_hard": false, "metapath_pairs": "" }, "geometry": { "type": "LineString", "coordinates": [ [ 9.1830085, 48.7763205 ], [ 9.1829128, 48.7762358 ], [ 9.1828805, 48.7761792 ], [ 9.1828452, 48.7761219 ] ] } },
{ "type": "Feature", "properties": { "segment_id": "S480", "corridor_id": "B 27", "highway": "primary", "length": 14.295012782285214, "metapath_priority": "None", "is_metapath_hard": false, "metapath_pairs": "" }, "geometry": { "type": "LineString", "coordinates": [ [ 9.1829657, 48.7760208 ], [ 9.1828452, 48.7761219 ] ] } },
{ "type": "Feature", "properties": { "segment_id": "S481", "corridor_id": "B 27", "highway": "primary_link", "length": 47.307999643420914, "metapath_priority": "None", "is_metapath_hard": false, "metapath_pairs": "" }, "geometry": { "type": "LineString", "coordinates": [ [ 9.1829657, 48.7760208 ], [ 9.1829615, 48.7758437 ], [ 9.1829711, 48.7757384 ], [ 9.1830314, 48.7756012 ] ] } },
{ "type": "Feature", "properties": { "segment_id": "S482", "corridor_id": "B 14", "highway": "primary_link", "length": 15.347607522862056, "metapath_priority": "None", "is_metapath_hard": false, "metapath_pairs": "" }, "geometry": { "type": "LineString", "coordinates": [ [ 9.1829657, 48.7760208 ], [ 9.1830252, 48.7760224 ], [ 9.1830846, 48.776035 ], [ 9.1831615, 48.7760625 ] ] } },
{ "type": "Feature", "properties": { "segment_id": "S483", "corridor_id": "B 14", "highway": "primary_link", "length": 18.561737135952235, "metapath_priority": "None", "is_metapath_hard": false, "metapath_pairs": "" }, "geometry": { "type": "LineString", "coordinates": [ [ 9.1831615, 48.7760625 ], [ 9.1832318, 48.7760869 ], [ 9.1833095, 48.7761285 ], [ 9.1833592, 48.7761644 ] ] } },
{ "type": "Feature", "properties": { "segment_id": "S484", "corridor_id": "B 14", "highway": "primary_link", "length": 227.62723198564117, "metapath_priority": "None", "is_metapath_hard": false, "metapath_pairs": "" }, "geometry": { "type": "LineString", "coordinates": [ [ 9.1824742, 48.7755595 ], [ 9.1823723, 48.7755238 ], [ 9.1822592, 48.7754629 ], [ 9.1821261, 48.7753606 ], [ 9.182012, 48.7752718 ], [ 9.18186, 48.77515 ], [ 9.1816766, 48.7750251 ], [ 9.1812907, 48.774765 ], [ 9.1809049, 48.7745218 ], [ 9.1805289, 48.774215 ], [ 9.1804066, 48.7740516 ] ] } },
{ "type": "Feature", "properties": { "segment_id": "S485", "corridor_id": "B 14", "highway": "primary", "length": 493.93271547386752, "metapath_priority": "None", "is_metapath_hard": false, "metapath_pairs": "" }, "geometry": { "type": "LineString", "coordinates": [ [ 9.1814551, 48.7745676 ], [ 9.1817834, 48.774798 ], [ 9.182356, 48.7752103 ], [ 9.18245, 48.7752821 ], [ 9.1826569, 48.7754537 ], [ 9.1829084, 48.7757428 ], [ 9.1833377, 48.7763046 ], [ 9.1837614, 48.7768976 ], [ 9.1842753, 48.7776385 ], [ 9.184527, 48.7780363 ], [ 9.1846514, 48.7782213 ], [ 9.184767, 48.7783925 ] ] } },
{ "type": "Feature", "properties": { "segment_id": "S486", "corridor_id": "B 14", "highway": "primary", "length": 622.49907476911324, "metapath_priority": "None", "is_metapath_hard": false, "metapath_pairs": "" }, "geometry": { "type": "LineString", "coordinates": [ [ 9.1854407, 48.7793514 ], [ 9.185622, 48.7798299 ], [ 9.185906, 48.7803011 ], [ 9.1863525, 48.7810293 ], [ 9.1868762, 48.7818867 ], [ 9.1871249, 48.7822101 ], [ 9.1876617, 48.7828049 ], [ 9.1879265, 48.7831427 ], [ 9.188118, 48.7834203 ], [ 9.1882314, 48.783583 ], [ 9.1885954, 48.7841267 ], [ 9.1889812, 48.784403 ] ] } },
{ "type": "Feature", "properties": { "segment_id": "S487", "corridor_id": "Konrad-Adenauer-Straße", "highway": "primary_link", "length": 202.81199043544225, "metapath_priority": "None", "is_metapath_hard": false, "metapath_pairs": "" }, "geometry": { "type": "LineString", "coordinates": [ [ 9.1854407, 48.7793514 ], [ 9.1855404, 48.7794123 ], [ 9.1856497, 48.7794867 ], [ 9.1857196, 48.7795596 ], [ 9.1857923, 48.7796531 ], [ 9.1859276, 48.7798819 ], [ 9.1863302, 48.7805162 ], [ 9.1864717, 48.7807368 ], [ 9.186631, 48.7809822 ] ] } },
{ "type": "Feature", "properties": { "segment_id": "S488", "corridor_id": "B 14", "highway": "primary", "length": 117.49919019803187, "metapath_priority": "None", "is_metapath_hard": false, "metapath_pairs": "" }, "geometry": { "type": "LineString", "coordinates": [ [ 9.184767, 48.7783925 ], [ 9.1849698, 48.7786757 ], [ 9.1854407, 48.7793514 ] ] } },
{ "type": "Feature", "properties": { "segment_id": "S489", "corridor_id": "segment_489", "highway": "primary_link", "length": 28.332202899385283, "metapath_priority": "None", "is_metapath_hard": false, "metapath_pairs": "" }, "geometry": { "type": "LineString", "coordinates": [ [ 9.1763834, 48.7796796 ], [ 9.1764213, 48.779602 ], [ 9.1764641, 48.77956 ], [ 9.1765653, 48.7795245 ], [ 9.1766364, 48.7795193 ] ] } },
{ "type": "Feature", "properties": { "segment_id": "S490", "corridor_id": "B 27", "highway": "primary", "length": 129.77818170235898, "metapath_priority": "None", "is_metapath_hard": false, "metapath_pairs": "" }, "geometry": { "type": "LineString", "coordinates": [ [ 9.1763834, 48.7796796 ], [ 9.1762655, 48.7795027 ], [ 9.1761137, 48.779305 ], [ 9.17594, 48.7790867 ], [ 9.1758826, 48.7790239 ], [ 9.1755426, 48.7786539 ] ] } },
{ "type": "Feature", "properties": { "segment_id": "S491", "corridor_id": "B 27", "highway": "primary_link", "length": 10.540762588865356, "metapath_priority": "None", "is_metapath_hard": false, "metapath_pairs": "" }, "geometry": { "type": "LineString", "coordinates": [ [ 9.1827112, 48.7753108 ], [ 9.1827499, 48.7754021 ] ] } },
{ "type": "Feature", "properties": { "segment_id": "S492", "corridor_id": "B 14", "highway": "primary_link", "length": 40.08385111344402, "metapath_priority": "None", "is_metapath_hard": false, "metapath_pairs": "" }, "geometry": { "type": "LineString", "coordinates": [ [ 9.1827112, 48.7753108 ], [ 9.1827875, 48.7753611 ], [ 9.1828857, 48.7754587 ], [ 9.1829109, 48.7754838 ], [ 9.1829495, 48.7755267 ], [ 9.1829709, 48.7755519 ], [ 9.1830314, 48.7756012 ] ] } },
{ "type": "Feature", "properties": { "segment_id": "S493", "corridor_id": "B 10", "highway": "primary_link", "length": 152.84762074149447, "metapath_priority": "None", "is_metapath_hard": false, "metapath_pairs": "" }, "geometry": { "type": "LineString", "coordinates": [ [ 9.2096191, 48.7994326 ], [ 9.2092912, 48.8001245 ], [ 9.2091278, 48.8004488 ], [ 9.2091006, 48.8004895 ], [ 9.2090819, 48.8005129 ], [ 9.2090578, 48.8005379 ], [ 9.2090307, 48.8005624 ], [ 9.2089857, 48.8006041 ], [ 9.2089589, 48.8006337 ], [ 9.2089319, 48.8006674 ], [ 9.2088993, 48.8007164 ] ] } },
{ "type": "Feature", "properties": { "segment_id": "S494", "corridor_id": "Neckartalstraße", "highway": "primary_link", "length": 51.973481270095355, "metapath_priority": "None", "is_metapath_hard": false, "metapath_pairs": "" }, "geometry": { "type": "LineString", "coordinates": [ [ 9.2102419, 48.7994461 ], [ 9.2100469, 48.7993796 ], [ 9.2099799, 48.799361 ], [ 9.2099085, 48.7993473 ], [ 9.209884, 48.7993448 ], [ 9.2098613, 48.7993434 ], [ 9.2098388, 48.7993427 ], [ 9.2097976, 48.7993452 ], [ 9.2097578, 48.799351 ], [ 9.209726, 48.7993592 ], [ 9.2096953, 48.7993719 ], [ 9.2096654, 48.7993898 ], [ 9.209641, 48.7994102 ], [ 9.2096191, 48.7994326 ] ] } },
{ "type": "Feature", "properties": { "segment_id": "S495", "corridor_id": "B 27", "highway": "trunk_link", "length": 55.699244365266026, "metapath_priority": "None", "is_metapath_hard": false, "metapath_pairs": "" }, "geometry": { "type": "LineString", "coordinates": [ [ 9.1803736, 48.8436328 ], [ 9.1802781, 48.8436859 ], [ 9.1802184, 48.8436991 ], [ 9.1801594, 48.8437221 ], [ 9.1801111, 48.8437503 ], [ 9.1800743, 48.8437927 ], [ 9.1800474, 48.8438395 ], [ 9.180036, 48.8438885 ], [ 9.1800407, 48.8439418 ], [ 9.1800591, 48.8440287 ] ] } },
{ "type": "Feature", "properties": { "segment_id": "S496", "corridor_id": "B 27", "highway": "trunk_link", "length": 45.115036517120217, "metapath_priority": "None", "is_metapath_hard": false, "metapath_pairs": "" }, "geometry": { "type": "LineString", "coordinates": [ [ 9.1803736, 48.8436328 ], [ 9.1802339, 48.8436351 ], [ 9.1801346, 48.8436471 ], [ 9.180026, 48.8436665 ], [ 9.1799158, 48.843695 ], [ 9.179858, 48.8437142 ], [ 9.1797883, 48.8437402 ] ] } },
{ "type": "Feature", "properties": { "segment_id": "S497", "corridor_id": "Gebhard-Müller-Platz", "highway": "primary_link", "length": 29.292018818585206, "metapath_priority": "None", "is_metapath_hard": false, "metapath_pairs": "" }, "geometry": { "type": "LineString", "coordinates": [ [ 9.186631, 48.7809822 ], [ 9.1867426, 48.7811611 ], [ 9.1867498, 48.7811747 ], [ 9.1867841, 48.7812255 ] ] } },
{ "type": "Feature", "properties": { "segment_id": "S498", "corridor_id": "Gebhard-Müller-Platz", "highway": "primary_link", "length": 45.382915874145141, "metapath_priority": "None", "is_metapath_hard": false, "metapath_pairs": "" }, "geometry": { "type": "LineString", "coordinates": [ [ 9.186631, 48.7809822 ], [ 9.186623, 48.7810346 ], [ 9.1866125, 48.7810742 ], [ 9.1866003, 48.781099 ], [ 9.1865784, 48.7811266 ], [ 9.1865513, 48.7811479 ], [ 9.1865047, 48.7811704 ], [ 9.1864507, 48.7811827 ], [ 9.1863929, 48.7811863 ], [ 9.1863358, 48.7811812 ], [ 9.1862813, 48.7811645 ], [ 9.1862309, 48.7811446 ] ] } },
{ "type": "Feature", "properties": { "segment_id": "S499", "corridor_id": "Gebhard-Müller-Platz", "highway": "primary", "length": 17.186070679162746, "metapath_priority": "None", "is_metapath_hard": false, "metapath_pairs": "" }, "geometry": { "type": "LineString", "coordinates": [ [ 9.1867555, 48.7814722 ], [ 9.1865344, 48.7815238 ] ] } },
{ "type": "Feature", "properties": { "segment_id": "S500", "corridor_id": "Gebhard-Müller-Platz", "highway": "primary_link", "length": 22.575800606926947, "metapath_priority": "None", "is_metapath_hard": false, "metapath_pairs": "" }, "geometry": { "type": "LineString", "coordinates": [ [ 9.1867555, 48.7814722 ], [ 9.1868959, 48.7815217 ], [ 9.1870201, 48.7815758 ] ] } },
{ "type": "Feature", "properties": { "segment_id": "S501", "corridor_id": "segment_501", "highway": "trunk_link", "length": 89.297115282749374, "metapath_priority": "None", "is_metapath_hard": false, "metapath_pairs": "" }, "geometry": { "type": "LineString", "coordinates": [ [ 9.3046537, 48.7348048 ], [ 9.3048124, 48.7348092 ], [ 9.304934, 48.7348106 ], [ 9.305059, 48.7348088 ], [ 9.3051649, 48.734804 ], [ 9.3052819, 48.7347939 ], [ 9.3053982, 48.7347788 ], [ 9.3055227, 48.7347582 ], [ 9.3057451, 48.7347239 ], [ 9.3058521, 48.7347006 ] ] } },
{ "type": "Feature", "properties": { "segment_id": "S502", "corridor_id": "segment_502", "highway": "trunk_link", "length": 329.71576294376774, "metapath_priority": "None", "is_metapath_hard": false, "metapath_pairs": "" }, "geometry": { "type": "LineString", "coordinates": [ [ 9.3058521, 48.7347006 ], [ 9.3061393, 48.7346008 ], [ 9.3063988, 48.7345096 ], [ 9.306741, 48.7343854 ], [ 9.3068359, 48.7343486 ], [ 9.3070995, 48.7342385 ], [ 9.307372, 48.7341202 ], [ 9.3075881, 48.7340234 ], [ 9.3078119, 48.7339117 ], [ 9.3080278, 48.7337942 ], [ 9.3083553, 48.7336103 ], [ 9.3086901, 48.7334035 ], [ 9.3090194, 48.7331848 ], [ 9.3091051, 48.7331406 ], [ 9.3094698, 48.7329651 ] ] } },
{ "type": "Feature", "properties": { "segment_id": "S503", "corridor_id": "B 295", "highway": "primary_link", "length": 45.08598049541213, "metapath_priority": "None", "is_metapath_hard": false, "metapath_pairs": "" }, "geometry": { "type": "LineString", "coordinates": [ [ 9.1086249, 48.809289 ], [ 9.1084195, 48.8093881 ], [ 9.1082482, 48.8094652 ], [ 9.1081226, 48.8095234 ] ] } },
{ "type": "Feature", "properties": { "segment_id": "S504", "corridor_id": "B 295", "highway": "primary_link", "length": 114.23970249351707, "metapath_priority": "None", "is_metapath_hard": false, "metapath_pairs": "" }, "geometry": { "type": "LineString", "coordinates": [ [ 9.1086249, 48.809289 ], [ 9.1086429, 48.8092717 ], [ 9.1087326, 48.8091853 ], [ 9.1087785, 48.8091148 ], [ 9.1088036, 48.8090502 ], [ 9.1088035, 48.8089722 ], [ 9.1087798, 48.8088899 ], [ 9.1087423, 48.8088335 ], [ 9.1086765, 48.8087707 ], [ 9.1085889, 48.8087225 ], [ 9.1084913, 48.8086879 ], [ 9.1083811, 48.808664 ], [ 9.1083167, 48.8086614 ], [ 9.1082366, 48.808661 ], [ 9.108157, 48.8086694 ], [ 9.1080287, 48.8086545 ] ] } },
{ "type": "Feature", "properties": { "segment_id": "S505", "corridor_id": "B 295", "highway": "primary", "length": 293.21046382419155, "metapath_priority": "None", "is_metapath_hard": false, "metapath_pairs": "" }, "geometry": { "type": "LineString", "coordinates": [ [ 9.1080287, 48.8086545 ], [ 9.1077706, 48.8087138 ], [ 9.1075006, 48.8087804 ], [ 9.1071737, 48.8088697 ], [ 9.106873, 48.80896 ], [ 9.1065895, 48.8090545 ], [ 9.1062733, 48.8091766 ], [ 9.1059335, 48.8093182 ], [ 9.1055806, 48.8094856 ], [ 9.105339, 48.8096125 ], [ 9.1051057, 48.8097384 ], [ 9.1046186, 48.8099973 ] ] } },
{ "type": "Feature", "properties": { "segment_id": "S506", "corridor_id": "L 1180", "highway": "trunk", "length": 168.18784651070882, "metapath_priority": "None", "is_metapath_hard": false, "metapath_pairs": "" }, "geometry": { "type": "LineString", "coordinates": [ [ 9.0677989, 48.7870265 ], [ 9.0680443, 48.7869596 ], [ 9.0684477, 48.7868312 ], [ 9.068848, 48.786684 ], [ 9.0691052, 48.7865738 ], [ 9.0693423, 48.7864653 ], [ 9.0695592, 48.7863542 ], [ 9.0696665, 48.7862981 ], [ 9.069741, 48.7862391 ] ] } },
{ "type": "Feature", "properties": { "segment_id": "S507", "corridor_id": "B 14", "highway": "primary", "length": 26.249655716888949, "metapath_priority": "None", "is_metapath_hard": false, "metapath_pairs": "" }, "geometry": { "type": "LineString", "coordinates": [ [ 9.1597066, 48.7556243 ], [ 9.1600453, 48.7557009 ] ] } },
{ "type": "Feature", "properties": { "segment_id": "S508", "corridor_id": "B 14", "highway": "primary", "length": 40.43599927835092, "metapath_priority": "None", "is_metapath_hard": false, "metapath_pairs": "" }, "geometry": { "type": "LineString", "coordinates": [ [ 9.1597066, 48.7556243 ], [ 9.1595773, 48.7555924 ], [ 9.1593418, 48.755534 ], [ 9.1591898, 48.7554972 ] ] } },
{ "type": "Feature", "properties": { "segment_id": "S509", "corridor_id": "B 27", "highway": "primary_link", "length": 57.068502077622028, "metapath_priority": "None", "is_metapath_hard": false, "metapath_pairs": "" }, "geometry": { "type": "LineString", "coordinates": [ [ 9.1817414, 48.8109187 ], [ 9.1818629, 48.8109042 ], [ 9.1819583, 48.8108904 ], [ 9.1820756, 48.8108979 ], [ 9.1821673, 48.8109303 ], [ 9.1822078, 48.8109657 ], [ 9.1822419, 48.8110179 ], [ 9.1822556, 48.8110765 ], [ 9.1822649, 48.8111372 ] ] } },
{ "type": "Feature", "properties": { "segment_id": "S510", "corridor_id": "segment_510", "highway": "primary_link", "length": 41.380477276808328, "metapath_priority": "None", "is_metapath_hard": false, "metapath_pairs": "" }, "geometry": { "type": "LineString", "coordinates": [ [ 9.1817414, 48.8109187 ], [ 9.181725, 48.8108246 ], [ 9.1817023, 48.8107552 ], [ 9.1816695, 48.8107208 ], [ 9.1815995, 48.8106778 ], [ 9.1814648, 48.8106259 ] ] } },
{ "type": "Feature", "properties": { "segment_id": "S511", "corridor_id": "B 27", "highway": "primary", "length": 43.148731164317283, "metapath_priority": "None", "is_metapath_hard": false, "metapath_pairs": "" }, "geometry": { "type": "LineString", "coordinates": [ [ 9.1817414, 48.8109187 ], [ 9.1818672, 48.8107875 ], [ 9.1819024, 48.8107504 ], [ 9.1820565, 48.8105908 ] ] } },
{ "type": "Feature", "properties": { "segment_id": "S512", "corridor_id": "B 295", "highway": "primary", "length": 33.109021412109939, "metapath_priority": "None", "is_metapath_hard": false, "metapath_pairs": "" }, "geometry": { "type": "LineString", "coordinates": [ [ 9.1814648, 48.8106259 ], [ 9.1811316, 48.8106428 ], [ 9.1810576, 48.8106466 ], [ 9.181014, 48.8106488 ] ] } },
{ "type": "Feature", "properties": { "segment_id": "S513", "corridor_id": "B 27", "highway": "primary", "length": 220.66015521648589, "metapath_priority": "None", "is_metapath_hard": false, "metapath_pairs": "" }, "geometry": { "type": "LineString", "coordinates": [ [ 9.1822649, 48.8111372 ], [ 9.1821742, 48.8112277 ], [ 9.182069, 48.811308 ], [ 9.1817124, 48.8115501 ], [ 9.1813884, 48.8117995 ], [ 9.1811333, 48.8120003 ], [ 9.1810247, 48.8120948 ], [ 9.1807015, 48.8124119 ], [ 9.1803857, 48.8126837 ] ] } },
{ "type": "Feature", "properties": { "segment_id": "S514", "corridor_id": "B 14", "highway": "trunk_link", "length": 17.054103949760723, "metapath_priority": "None", "is_metapath_hard": false, "metapath_pairs": "" }, "geometry": { "type": "LineString", "coordinates": [ [ 9.1132651, 48.7464169 ], [ 9.1132943, 48.7464344 ], [ 9.113342, 48.7464922 ], [ 9.1133673, 48.7465036 ], [ 9.1134199, 48.7465261 ] ] } },
{ "type": "Feature", "properties": { "segment_id": "S515", "corridor_id": "B 14", "highway": "trunk_link", "length": 24.540482296507939, "metapath_priority": "None", "is_metapath_hard": false, "metapath_pairs": "" }, "geometry": { "type": "LineString", "coordinates": [ [ 9.1132651, 48.7464169 ], [ 9.1131656, 48.7465201 ], [ 9.1130985, 48.746608 ] ] } },
{ "type": "Feature", "properties": { "segment_id": "S516", "corridor_id": "B 14", "highway": "trunk_link", "length": 64.472639651884037, "metapath_priority": "None", "is_metapath_hard": false, "metapath_pairs": "" }, "geometry": { "type": "LineString", "coordinates": [ [ 9.113129, 48.7471667 ], [ 9.1130891, 48.747063 ], [ 9.113018, 48.7469169 ], [ 9.1130033, 48.7468559 ], [ 9.1130037, 48.7468212 ], [ 9.113017, 48.7467627 ], [ 9.1130378, 48.7467217 ], [ 9.1130985, 48.746608 ] ] } },
{ "type": "Feature", "properties": { "segment_id": "S517", "corridor_id": "B 14", "highway": "trunk_link", "length": 65.64921949022856, "metapath_priority": "None", "is_metapath_hard": false, "metapath_pairs": "" }, "geometry": { "type": "LineString", "coordinates": [ [ 9.113129, 48.7471667 ], [ 9.1130248, 48.7470867 ], [ 9.112921, 48.7469756 ], [ 9.1128368, 48.746886 ], [ 9.1127684, 48.7468288 ], [ 9.1127096, 48.7467959 ], [ 9.1126558, 48.7467764 ], [ 9.1125957, 48.7467688 ], [ 9.1125309, 48.7467563 ] ] } },
{ "type": "Feature", "properties": { "segment_id": "S518", "corridor_id": "A 81", "highway": "motorway", "length": 3457.5196034192054, "metapath_priority": "None", "is_metapath_hard": false, "metapath_pairs": "" }, "geometry": { "type": "LineString", "coordinates": [ [ 9.1445039, 48.8831637 ], [ 9.1441436, 48.8824918 ], [ 9.1437697, 48.8818364 ], [ 9.1435562, 48.8814839 ], [ 9.1432972, 48.8810634 ], [ 9.1430265, 48.8806416 ], [ 9.1426648, 48.8801051 ], [ 9.1423049, 48.8795877 ], [ 9.1420016, 48.8791711 ], [ 9.1417669, 48.8788545 ], [ 9.1416998, 48.8787643 ], [ 9.141588, 48.8786136 ], [ 9.1415208, 48.8785282 ], [ 9.1410381, 48.8779187 ], [ 9.1406471, 48.877446 ], [ 9.1403112, 48.8770512 ], [ 9.1399827, 48.8766689 ], [ 9.139648, 48.8762773 ], [ 9.1393106, 48.8758922 ], [ 9.13885, 48.8753582 ], [ 9.1386328, 48.8751059 ], [ 9.1383775, 48.8748086 ], [ 9.1380143, 48.8743889 ], [ 9.1375479, 48.8738423 ], [ 9.1374997, 48.8737931 ], [ 9.1374603, 48.8737462 ], [ 9.1372918, 48.8735495 ], [ 9.1371267, 48.8733568 ], [ 9.1368798, 48.873073 ], [ 9.1368163, 48.873 ], [ 9.1365486, 48.8726861 ], [ 9.1362768, 48.8723722 ], [ 9.1358233, 48.8718453 ], [ 9.13549, 48.8714622 ], [ 9.1351064, 48.8710153 ], [ 9.134729, 48.8705752 ], [ 9.1337171, 48.8694014 ], [ 9.1330649, 48.8686511 ], [ 9.1325469, 48.8680415 ], [ 9.1319624, 48.8673632 ], [ 9.1318845, 48.8672723 ], [ 9.1317134, 48.8670735 ], [ 9.130831, 48.8660502 ], [ 9.1306607, 48.8658536 ], [ 9.1303609, 48.8655074 ], [ 9.129906, 48.8649779 ], [ 9.1294801, 48.8644733 ], [ 9.1294214, 48.8643963 ], [ 9.1291532, 48.8640579 ], [ 9.128893, 48.8637169 ], [ 9.1286705, 48.8634165 ], [ 9.1284444, 48.8630998 ], [ 9.1281067, 48.8626103 ], [ 9.1278869, 48.8622749 ], [ 9.1276833, 48.8619533 ], [ 9.127023, 48.8609228 ], [ 9.1267542, 48.8605004 ], [ 9.1262725, 48.8597528 ], [ 9.1260029, 48.8593311 ], [ 9.1256656, 48.8587986 ], [ 9.1256564, 48.8587837 ], [ 9.1256202, 48.8587254 ], [ 9.1254116, 48.8583981 ], [ 9.125203, 48.8580707 ], [ 9.1249752, 48.8577126 ], [ 9.124804, 48.857442 ], [ 9.1243976, 48.8568005 ], [ 9.1240771, 48.8562914 ], [ 9.1238077, 48.8558693 ], [ 9.1237089, 48.8557153 ], [ 9.1234884, 48.8553697 ] ] } },
{ "type": "Feature", "properties": { "segment_id": "S519", "corridor_id": "A 831", "highway": [ "trunk", "motorway" ], "length": 1576.5591107878358, "metapath_priority": "None", "is_metapath_hard": false, "metapath_pairs": "" }, "geometry": { "type": "LineString", "coordinates": [ [ 9.090518, 48.7316894 ], [ 9.0906905, 48.7318136 ], [ 9.0907987, 48.7319024 ], [ 9.0911184, 48.7321671 ], [ 9.091382, 48.7324064 ], [ 9.0916076, 48.732627 ], [ 9.0918328, 48.7328755 ], [ 9.0919778, 48.7330419 ], [ 9.0922759, 48.7334252 ], [ 9.0923908, 48.7335859 ], [ 9.0925344, 48.7337874 ], [ 9.0926712, 48.7339813 ], [ 9.0929306, 48.7343639 ], [ 9.0932158, 48.7347577 ], [ 9.0933292, 48.7348996 ], [ 9.0934481, 48.7350445 ], [ 9.0937022, 48.7353305 ], [ 9.0938362, 48.7354641 ], [ 9.0939705, 48.7355917 ], [ 9.0941198, 48.7357254 ], [ 9.0942694, 48.73585 ], [ 9.0944336, 48.7359781 ], [ 9.0945941, 48.7360966 ], [ 9.0947693, 48.7362176 ], [ 9.0948445, 48.7362668 ], [ 9.0949478, 48.7363299 ], [ 9.0951252, 48.7364409 ], [ 9.0953097, 48.7365473 ], [ 9.0955029, 48.7366507 ], [ 9.0956944, 48.7367492 ], [ 9.0959022, 48.7368485 ], [ 9.0961033, 48.7369375 ], [ 9.0963054, 48.7370229 ], [ 9.0965241, 48.7371061 ], [ 9.0969671, 48.7372646 ], [ 9.0971689, 48.7373285 ], [ 9.0974166, 48.7373972 ], [ 9.0977738, 48.7374912 ], [ 9.0982232, 48.7375979 ], [ 9.0993331, 48.737858 ], [ 9.1018389, 48.7384708 ], [ 9.10242, 48.7386213 ], [ 9.1029373, 48.7387469 ], [ 9.1052105, 48.7393597 ], [ 9.1069008, 48.7398009 ] ] } },
{ "type": "Feature", "properties": { "segment_id": "S520", "corridor_id": "segment_520", "highway": "motorway_link", "length": 86.093221569835251, "metapath_priority": "None", "is_metapath_hard": false, "metapath_pairs": "" }, "geometry": { "type": "LineString", "coordinates": [ [ 9.2317638, 48.9900839 ], [ 9.2317653, 48.9900345 ], [ 9.2317834, 48.9898995 ], [ 9.2317867, 48.9898292 ], [ 9.2318001, 48.9896811 ], [ 9.2318121, 48.9895866 ], [ 9.2318132, 48.9893108 ] ] } },
{ "type": "Feature", "properties": { "segment_id": "S521", "corridor_id": "A 81", "highway": "motorway", "length": 3304.665798811955, "metapath_priority": "None", "is_metapath_hard": false, "metapath_pairs": "" }, "geometry": { "type": "LineString", "coordinates": [ [ 9.2318132, 48.9893108 ], [ 9.2315326, 48.988647 ], [ 9.2312854, 48.9880486 ], [ 9.2311685, 48.9877671 ], [ 9.2308796, 48.9870814 ], [ 9.2307112, 48.9866688 ], [ 9.2305547, 48.9862858 ], [ 9.230461, 48.9860318 ], [ 9.2302887, 48.985564 ], [ 9.230165, 48.9851485 ], [ 9.2300753, 48.9848053 ], [ 9.2299954, 48.9844416 ], [ 9.2299352, 48.9840719 ], [ 9.2298936, 48.9837243 ], [ 9.2298625, 48.9833923 ], [ 9.2298417, 48.9830561 ], [ 9.2298151, 48.9825921 ], [ 9.2297886, 48.9819481 ], [ 9.2297593, 48.9814748 ], [ 9.2297417, 48.9811537 ], [ 9.2297206, 48.9806837 ], [ 9.2296987, 48.980252 ], [ 9.2296701, 48.9797747 ], [ 9.2296543, 48.9794447 ], [ 9.2296064, 48.978501 ], [ 9.2295638, 48.9776788 ], [ 9.2295192, 48.9768562 ], [ 9.2294995, 48.9764264 ], [ 9.2294724, 48.9759747 ], [ 9.2294544, 48.9756463 ], [ 9.2294289, 48.9753364 ], [ 9.2293954, 48.9750372 ], [ 9.2293469, 48.9747077 ], [ 9.2292916, 48.9743941 ], [ 9.2292221, 48.9740791 ], [ 9.2291394, 48.9737703 ], [ 9.2290445, 48.9734436 ], [ 9.2289424, 48.9731286 ], [ 9.228832, 48.9728293 ], [ 9.228711, 48.9725332 ], [ 9.2285745, 48.9722292 ], [ 9.2284262, 48.9719228 ], [ 9.2281941, 48.9714911 ], [ 9.2280634, 48.9712639 ], [ 9.2279204, 48.9710366 ], [ 9.2277881, 48.9708246 ], [ 9.2276419, 48.9706124 ], [ 9.2275322, 48.970452 ], [ 9.2273289, 48.9701754 ], [ 9.2270998, 48.969881 ], [ 9.2267507, 48.9694709 ], [ 9.2265176, 48.969207 ], [ 9.226152, 48.9687909 ], [ 9.2257914, 48.9683805 ], [ 9.2255814, 48.9681427 ], [ 9.2254276, 48.9679685 ], [ 9.2250649, 48.9675584 ], [ 9.2247045, 48.9671496 ], [ 9.2243489, 48.9667437 ], [ 9.2238291, 48.9661526 ], [ 9.2235987, 48.9658946 ], [ 9.2232598, 48.9655087 ], [ 9.2229518, 48.9651586 ], [ 9.2225577, 48.9647131 ], [ 9.2223532, 48.9644791 ], [ 9.2218316, 48.9638958 ], [ 9.2213481, 48.9633435 ], [ 9.221104, 48.9630785 ], [ 9.2208873, 48.962838 ], [ 9.2204368, 48.9623283 ], [ 9.2199272, 48.9617454 ], [ 9.2195681, 48.9613278 ] ] } },
{ "type": "Feature", "properties": { "segment_id": "S522", "corridor_id": "B 27", "highway": "primary", "length": 234.04872509808908, "metapath_priority": "None", "is_metapath_hard": false, "metapath_pairs": "" }, "geometry": { "type": "LineString", "coordinates": [ [ 9.1543501, 48.9232307 ], [ 9.1549333, 48.9226145 ], [ 9.1550602, 48.9224744 ], [ 9.1551257, 48.9224026 ], [ 9.1552075, 48.922311 ], [ 9.1555086, 48.9219952 ], [ 9.1557969, 48.921685 ], [ 9.1560322, 48.9214395 ] ] } },
{ "type": "Feature", "properties": { "segment_id": "S523", "corridor_id": "segment_523", "highway": "primary_link", "length": 135.17201790257425, "metapath_priority": "None", "is_metapath_hard": false, "metapath_pairs": "" }, "geometry": { "type": "LineString", "coordinates": [ [ 9.1526753, 48.9231208 ], [ 9.1531053, 48.9232928 ], [ 9.1533095, 48.9233622 ], [ 9.1534265, 48.9233919 ], [ 9.1535531, 48.923406 ], [ 9.1537552, 48.9234066 ], [ 9.153859, 48.9233946 ], [ 9.1539481, 48.9233792 ], [ 9.1541295, 48.9233266 ], [ 9.1542446, 48.9232831 ], [ 9.1543501, 48.9232307 ] ] } },
{ "type": "Feature", "properties": { "segment_id": "S524", "corridor_id": "Theodor-Heuss-Straße", "highway": "primary_link", "length": 20.740477904374192, "metapath_priority": "None", "is_metapath_hard": false, "metapath_pairs": "" }, "geometry": { "type": "LineString", "coordinates": [ [ 9.1723723, 48.7759389 ], [ 9.1723739, 48.7758379 ], [ 9.1724158, 48.7758106 ], [ 9.1724865, 48.7758136 ] ] } },
{ "type": "Feature", "properties": { "segment_id": "S525", "corridor_id": "B 27a", "highway": "primary", "length": 813.12565727840126, "metapath_priority": "None", "is_metapath_hard": false, "metapath_pairs": "" }, "geometry": { "type": "LineString", "coordinates": [ [ 9.1723723, 48.7759389 ], [ 9.1723063, 48.7758849 ], [ 9.1722658, 48.7758368 ], [ 9.1722184, 48.7757895 ], [ 9.1721189, 48.7757029 ], [ 9.1720649, 48.7756559 ], [ 9.1718845, 48.7754897 ], [ 9.1717423, 48.7753411 ], [ 9.1717009, 48.7753043 ], [ 9.1716533, 48.7752544 ], [ 9.1715741, 48.7751767 ], [ 9.1714183, 48.7750047 ], [ 9.1713894, 48.7749736 ], [ 9.1711467, 48.774706 ], [ 9.1709397, 48.7745186 ], [ 9.1707805, 48.7743878 ], [ 9.1705357, 48.7742229 ], [ 9.1704928, 48.7741938 ], [ 9.1703106, 48.7740696 ], [ 9.1701038, 48.7739335 ], [ 9.1700348, 48.773885 ], [ 9.1699412, 48.7737936 ], [ 9.1698806, 48.7737103 ], [ 9.169847, 48.7736529 ], [ 9.1698353, 48.7735955 ], [ 9.1698382, 48.7735445 ], [ 9.1698851, 48.773427 ], [ 9.1701604, 48.7730654 ], [ 9.1703775, 48.7727873 ], [ 9.1704819, 48.7726743 ], [ 9.1706044, 48.7725582 ], [ 9.1706486, 48.7725212 ], [ 9.1707708, 48.7724279 ], [ 9.1712998, 48.7720761 ], [ 9.1713262, 48.7720587 ], [ 9.1714208, 48.7719957 ], [ 9.171476, 48.771959 ], [ 9.1715495, 48.77191 ], [ 9.171648, 48.7718431 ], [ 9.1719498, 48.7716435 ], [ 9.1720449, 48.771583 ], [ 9.1724711, 48.7713 ], [ 9.172575, 48.7712166 ], [ 9.1727474, 48.7710834 ], [ 9.172936, 48.7708931 ], [ 9.1730631, 48.7707439 ], [ 9.1731556, 48.7706161 ], [ 9.173448, 48.7702055 ], [ 9.1735546, 48.7700055 ] ] } },
{ "type": "Feature", "properties": { "segment_id": "S526", "corridor_id": "B 27a", "highway": "primary", "length": 512.30847659315839, "metapath_priority": "None", "is_metapath_hard": false, "metapath_pairs": "" }, "geometry": { "type": "LineString", "coordinates": [ [ 9.1724865, 48.7758136 ], [ 9.1728147, 48.7761003 ], [ 9.1728705, 48.7761472 ], [ 9.1730376, 48.7762878 ], [ 9.1733497, 48.7765645 ], [ 9.1737231, 48.7768813 ], [ 9.1739209, 48.7770507 ], [ 9.174093, 48.7771995 ], [ 9.1741773, 48.777277 ], [ 9.1742706, 48.7773514 ], [ 9.1744396, 48.7774951 ], [ 9.1747191, 48.7777326 ], [ 9.1748389, 48.777835 ], [ 9.1754342, 48.7783652 ], [ 9.1754956, 48.7784208 ], [ 9.1755467, 48.7784633 ], [ 9.1757541, 48.7786554 ], [ 9.1760597, 48.7789518 ], [ 9.1761364, 48.7790214 ], [ 9.1763877, 48.7792696 ], [ 9.1764475, 48.7793296 ], [ 9.1765651, 48.7794496 ], [ 9.1766364, 48.7795193 ] ] } },
{ "type": "Feature", "properties": { "segment_id": "S527", "corridor_id": "B 27", "highway": "trunk_link", "length": 124.58389108971062, "metapath_priority": "None", "is_metapath_hard": false, "metapath_pairs": "" }, "geometry": { "type": "LineString", "coordinates": [ [ 9.1961154, 48.8590959 ], [ 9.1962039, 48.8592438 ], [ 9.1962711, 48.8593949 ], [ 9.1964979, 48.8596713 ], [ 9.1967436, 48.8599753 ], [ 9.1968034, 48.8601155 ] ] } },
{ "type": "Feature", "properties": { "segment_id": "S528", "corridor_id": "B 27", "highway": "trunk", "length": 115.13028379942168, "metapath_priority": "None", "is_metapath_hard": false, "metapath_pairs": "" }, "geometry": { "type": "LineString", "coordinates": [ [ 9.1961154, 48.8590959 ], [ 9.196081, 48.8596161 ], [ 9.1960433, 48.8601302 ] ] } },
{ "type": "Feature", "properties": { "segment_id": "S529", "corridor_id": "B 27", "highway": "trunk_link", "length": 61.129388677984956, "metapath_priority": "None", "is_metapath_hard": false, "metapath_pairs": "" }, "geometry": { "type": "LineString", "coordinates": [ [ 9.1971931, 48.8606018 ], [ 9.1971411, 48.8605379 ], [ 9.197097, 48.8604836 ], [ 9.1970775, 48.8604596 ], [ 9.1968034, 48.8601155 ] ] } },
{ "type": "Feature", "properties": { "segment_id": "S530", "corridor_id": "B 27", "highway": "trunk_link", "length": 86.198316722099278, "metapath_priority": "None", "is_metapath_hard": false, "metapath_pairs": "" }, "geometry": { "type": "LineString", "coordinates": [ [ 9.1968034, 48.8601155 ], [ 9.1966302, 48.8599463 ], [ 9.1965297, 48.8598849 ], [ 9.1964191, 48.8598553 ], [ 9.1962953, 48.8598689 ], [ 9.1961807, 48.8599241 ], [ 9.1961051, 48.8600071 ], [ 9.1960433, 48.8601302 ] ] } },
{ "type": "Feature", "properties": { "segment_id": "S531", "corridor_id": "B 27", "highway": "trunk_link", "length": 61.129388677984956, "metapath_priority": "None", "is_metapath_hard": false, "metapath_pairs": "" }, "geometry": { "type": "LineString", "coordinates": [ [ 9.1968034, 48.8601155 ], [ 9.1970775, 48.8604596 ], [ 9.197097, 48.8604836 ], [ 9.1971411, 48.8605379 ], [ 9.1971931, 48.8606018 ] ] } },
{ "type": "Feature", "properties": { "segment_id": "S532", "corridor_id": "B 27", "highway": "trunk", "length": 525.8077191299767, "metapath_priority": "None", "is_metapath_hard": false, "metapath_pairs": "" }, "geometry": { "type": "LineString", "coordinates": [ [ 9.1960433, 48.8601302 ], [ 9.1960287, 48.8606881 ], [ 9.1960253, 48.8609688 ], [ 9.1960435, 48.8613207 ], [ 9.1960758, 48.8616181 ], [ 9.1961261, 48.8619498 ], [ 9.1961927, 48.8622468 ], [ 9.1962876, 48.8625795 ], [ 9.1964284, 48.8630067 ], [ 9.1965933, 48.8634551 ], [ 9.1969195, 48.8644254 ], [ 9.1970428, 48.864792 ] ] } },
{ "type": "Feature", "properties": { "segment_id": "S533", "corridor_id": "B 27", "highway": "trunk_link", "length": 103.84252178156004, "metapath_priority": "None", "is_metapath_hard": false, "metapath_pairs": "" }, "geometry": { "type": "LineString", "coordinates": [ [ 9.1953794, 48.8608263 ], [ 9.1953518, 48.8606991 ], [ 9.1953447, 48.8606669 ], [ 9.1952882, 48.8603736 ], [ 9.1952534, 48.8602146 ], [ 9.1952502, 48.8600196 ], [ 9.1952893, 48.8599008 ] ] } },
{ "type": "Feature", "properties": { "segment_id": "S534", "corridor_id": "B 27", "highway": "trunk_link", "length": 103.84252178156004, "metapath_priority": "None", "is_metapath_hard": false, "metapath_pairs": "" }, "geometry": { "type": "LineString", "coordinates": [ [ 9.1952893, 48.8599008 ], [ 9.1952502, 48.8600196 ], [ 9.1952534, 48.8602146 ], [ 9.1952882, 48.8603736 ], [ 9.1953447, 48.8606669 ], [ 9.1953518, 48.8606991 ], [ 9.1953794, 48.8608263 ] ] } },
{ "type": "Feature", "properties": { "segment_id": "S535", "corridor_id": "B 27", "highway": "trunk_link", "length": 103.406338151206, "metapath_priority": "None", "is_metapath_hard": false, "metapath_pairs": "" }, "geometry": { "type": "LineString", "coordinates": [ [ 9.1952893, 48.8599008 ], [ 9.1953532, 48.8597735 ], [ 9.1954997, 48.8596333 ], [ 9.1956809, 48.8594681 ], [ 9.1958384, 48.8593009 ], [ 9.1959765, 48.8590947 ] ] } },
{ "type": "Feature", "properties": { "segment_id": "S536", "corridor_id": "B 27", "highway": "trunk_link", "length": 69.399398167787126, "metapath_priority": "None", "is_metapath_hard": false, "metapath_pairs": "" }, "geometry": { "type": "LineString", "coordinates": [ [ 9.1959083, 48.8601128 ], [ 9.1958426, 48.8599767 ], [ 9.1957895, 48.8598909 ], [ 9.1957056, 48.8598302 ], [ 9.1955974, 48.8598041 ], [ 9.195508, 48.8598124 ], [ 9.1954165, 48.8598327 ], [ 9.1952893, 48.8599008 ] ] } },
{ "type": "Feature", "properties": { "segment_id": "S537", "corridor_id": "B 27", "highway": "trunk", "length": 113.32340842387117, "metapath_priority": "None", "is_metapath_hard": false, "metapath_pairs": "" }, "geometry": { "type": "LineString", "coordinates": [ [ 9.1959083, 48.8601128 ], [ 9.1959496, 48.8596134 ], [ 9.1959765, 48.8590947 ] ] } },
{ "type": "Feature", "properties": { "segment_id": "S538", "corridor_id": "B 27", "highway": "trunk", "length": 1205.025724707685, "metapath_priority": "None", "is_metapath_hard": false, "metapath_pairs": "" }, "geometry": { "type": "LineString", "coordinates": [ [ 9.1959765, 48.8590947 ], [ 9.1959952, 48.8587073 ], [ 9.1960032, 48.8584823 ], [ 9.195996, 48.8581788 ], [ 9.1959702, 48.8577687 ], [ 9.1959234, 48.8574079 ], [ 9.1958684, 48.8571805 ], [ 9.1958185, 48.8569521 ], [ 9.1956764, 48.8565097 ], [ 9.1954702, 48.8560189 ], [ 9.1952293, 48.8555697 ], [ 9.194909, 48.8550811 ], [ 9.1945628, 48.8546521 ], [ 9.1941876, 48.8542354 ], [ 9.1937636, 48.8538498 ], [ 9.1932963, 48.8534771 ], [ 9.1928863, 48.8531787 ], [ 9.1925667, 48.8529802 ], [ 9.1922435, 48.8527878 ], [ 9.192007, 48.8526545 ], [ 9.1916487, 48.8524661 ], [ 9.1911547, 48.8522306 ], [ 9.1908064, 48.8520849 ], [ 9.1904133, 48.8519245 ], [ 9.1896083, 48.8516211 ], [ 9.1886193, 48.8512792 ], [ 9.1882329, 48.8511477 ], [ 9.1873026, 48.8508203 ] ] } },
{ "type": "Feature", "properties": { "segment_id": "S539", "corridor_id": "B 27", "highway": "trunk_link", "length": 120.09460757295528, "metapath_priority": "None", "is_metapath_hard": false, "metapath_pairs": "" }, "geometry": { "type": "LineString", "coordinates": [ [ 9.1784122, 48.8452622 ], [ 9.1782602, 48.8451938 ], [ 9.1781015, 48.8451237 ], [ 9.177786, 48.844963 ], [ 9.1777326, 48.8449318 ], [ 9.1776897, 48.8448877 ], [ 9.1776046, 48.8447925 ], [ 9.1777415, 48.8448506 ], [ 9.1778506, 48.8449055 ], [ 9.1780408, 48.8450101 ] ] } },
{ "type": "Feature", "properties": { "segment_id": "S540", "corridor_id": "B 27", "highway": "trunk_link", "length": 74.636389262970496, "metapath_priority": "None", "is_metapath_hard": false, "metapath_pairs": "" }, "geometry": { "type": "LineString", "coordinates": [ [ 9.1784122, 48.8452622 ], [ 9.1782402, 48.8452258 ], [ 9.1780674, 48.8451665 ], [ 9.1779203, 48.8451147 ], [ 9.1777739, 48.8450688 ], [ 9.1776418, 48.8450428 ], [ 9.1775447, 48.8450492 ], [ 9.1774656, 48.8450567 ] ] } },
{ "type": "Feature", "properties": { "segment_id": "S541", "corridor_id": "B 27", "highway": "trunk_link", "length": 84.627329057526794, "metapath_priority": "None", "is_metapath_hard": false, "metapath_pairs": "" }, "geometry": { "type": "LineString", "coordinates": [ [ 9.1969045, 48.8789122 ], [ 9.1969788, 48.8788763 ], [ 9.1970283, 48.878838 ], [ 9.1970695, 48.8787867 ], [ 9.1971432, 48.8786133 ], [ 9.1972316, 48.8783184 ], [ 9.1972357, 48.8782069 ] ] } },
{ "type": "Feature", "properties": { "segment_id": "S542", "corridor_id": "segment_542", "highway": "motorway_link", "length": 55.269908055085352, "metapath_priority": "None", "is_metapath_hard": false, "metapath_pairs": "" }, "geometry": { "type": "LineString", "coordinates": [ [ 9.2330906, 48.9928609 ], [ 9.2330402, 48.9929989 ], [ 9.2330133, 48.9931009 ], [ 9.232902, 48.9933417 ] ] } },
{ "type": "Feature", "properties": { "segment_id": "S543", "corridor_id": "segment_543", "highway": "trunk_link", "length": 56.938606228845657, "metapath_priority": "None", "is_metapath_hard": false, "metapath_pairs": "" }, "geometry": { "type": "LineString", "coordinates": [ [ 9.1172995, 48.8548532 ], [ 9.1172095, 48.8548775 ], [ 9.1171154, 48.8548939 ], [ 9.117019, 48.8549021 ], [ 9.1169217, 48.8549021 ], [ 9.1168252, 48.8548939 ], [ 9.1167312, 48.8548775 ], [ 9.1166412, 48.8548532 ], [ 9.1165566, 48.8548216 ] ] } },
{ "type": "Feature", "properties": { "segment_id": "S544", "corridor_id": "A 81", "highway": "motorway_link", "length": 44.771350597108757, "metapath_priority": "None", "is_metapath_hard": false, "metapath_pairs": "" }, "geometry": { "type": "LineString", "coordinates": [ [ 9.1438517, 48.8857694 ], [ 9.1439523, 48.8858494 ], [ 9.1440133, 48.8858953 ], [ 9.1440736, 48.8859306 ], [ 9.1441556, 48.8859557 ], [ 9.1442408, 48.885967 ], [ 9.1443424, 48.8859805 ] ] } },
{ "type": "Feature", "properties": { "segment_id": "S545", "corridor_id": "A 81", "highway": "motorway_link", "length": 83.244504793035276, "metapath_priority": "None", "is_metapath_hard": false, "metapath_pairs": "" }, "geometry": { "type": "LineString", "coordinates": [ [ 9.1438517, 48.8857694 ], [ 9.1438654, 48.8858453 ], [ 9.1439423, 48.8859674 ], [ 9.143966, 48.8860309 ], [ 9.1439765, 48.8860633 ], [ 9.1439702, 48.8861909 ], [ 9.1438604, 48.8860901 ], [ 9.1438276, 48.8860615 ], [ 9.1437841, 48.8859969 ], [ 9.1437404, 48.8859186 ] ] } },
{ "type": "Feature", "properties": { "segment_id": "S546", "corridor_id": "B 27", "highway": [ "trunk", "primary" ], "length": 3101.7498386413308, "metapath_priority": "None", "is_metapath_hard": false, "metapath_pairs": "" }, "geometry": { "type": "LineString", "coordinates": [ [ 9.1965527, 48.8783924 ], [ 9.1964124, 48.8787471 ], [ 9.1962794, 48.8790472 ], [ 9.1956064, 48.8804739 ], [ 9.1953557, 48.881063 ], [ 9.195204, 48.8815604 ], [ 9.1951653, 48.8818574 ], [ 9.1951744, 48.8820718 ], [ 9.1951988, 48.8823428 ], [ 9.1952203, 48.8826935 ], [ 9.1951884, 48.8828279 ], [ 9.1951409, 48.8829293 ], [ 9.1950742, 48.8830309 ], [ 9.1949876, 48.8831285 ], [ 9.1948577, 48.8832625 ], [ 9.1947685, 48.8833921 ], [ 9.1947131, 48.8835132 ], [ 9.1946813, 48.8836639 ], [ 9.1946484, 48.8839231 ], [ 9.1946125, 48.8842727 ], [ 9.1946067, 48.8843423 ], [ 9.1945996, 48.884427 ], [ 9.1945916, 48.8845229 ], [ 9.194553, 48.8851713 ], [ 9.1945269, 48.8857473 ], [ 9.194511, 48.8861248 ], [ 9.1945069, 48.8862265 ], [ 9.1944583, 48.8874482 ], [ 9.1944564, 48.8874965 ], [ 9.1944631, 48.8876734 ], [ 9.1944574, 48.8881418 ], [ 9.1944567, 48.8884505 ], [ 9.1944643, 48.8889652 ], [ 9.194465, 48.8891223 ], [ 9.1944676, 48.8892572 ], [ 9.194451, 48.8899345 ], [ 9.194426, 48.8904011 ], [ 9.1944095, 48.8907084 ], [ 9.1943869, 48.8910312 ], [ 9.1943488, 48.8917833 ], [ 9.1943428, 48.8919794 ], [ 9.1943065, 48.8927765 ], [ 9.1942977, 48.8930521 ], [ 9.1942957, 48.8930998 ], [ 9.1942905, 48.8932191 ], [ 9.1942861, 48.8932914 ], [ 9.1942603, 48.8937199 ], [ 9.1942364, 48.8940257 ], [ 9.1941661, 48.895375 ], [ 9.1941236, 48.8961565 ], [ 9.1940853, 48.8968596 ], [ 9.1940684, 48.8973211 ], [ 9.1940279, 48.8982034 ], [ 9.1940129, 48.8985495 ], [ 9.1940081, 48.8986252 ], [ 9.1940046, 48.8986966 ], [ 9.1939995, 48.8988313 ], [ 9.1939738, 48.8990001 ], [ 9.193957, 48.8993877 ], [ 9.1939538, 48.89959 ], [ 9.1939451, 48.899735 ], [ 9.1939414, 48.8998606 ], [ 9.1939268, 48.9003104 ], [ 9.1939178, 48.900454 ], [ 9.193894, 48.9010168 ], [ 9.1938819, 48.9011889 ], [ 9.1938478, 48.9012772 ], [ 9.1938278, 48.901367 ], [ 9.193804, 48.9014799 ], [ 9.193774, 48.9015842 ], [ 9.1937227, 48.9016763 ], [ 9.1936624, 48.9017523 ], [ 9.193587, 48.9018277 ], [ 9.1934898, 48.9019089 ], [ 9.1934012, 48.9019668 ], [ 9.1932668, 48.9020397 ], [ 9.1930985, 48.9021023 ], [ 9.1929076, 48.9021525 ], [ 9.1927215, 48.9021814 ], [ 9.1925133, 48.9021994 ], [ 9.1922342, 48.9022052 ], [ 9.1918949, 48.9021951 ], [ 9.1913862, 48.9021786 ], [ 9.1903894, 48.9021471 ], [ 9.1903605, 48.9021467 ], [ 9.1901311, 48.9021443 ], [ 9.1897741, 48.9021556 ], [ 9.1895443, 48.9021717 ], [ 9.189328, 48.9021947 ], [ 9.1889654, 48.9022525 ], [ 9.1887982, 48.9022822 ], [ 9.188367, 48.9023736 ], [ 9.1874502, 48.902555 ] ] } },
{ "type": "Feature", "properties": { "segment_id": "S547", "corridor_id": "B 27", "highway": "trunk_link", "length": 56.261617937848968, "metapath_priority": "None", "is_metapath_hard": false, "metapath_pairs": "" }, "geometry": { "type": "LineString", "coordinates": [ [ 9.1956867, 48.8785291 ], [ 9.1957563, 48.8782822 ], [ 9.1958269, 48.8780316 ] ] } },
{ "type": "Feature", "properties": { "segment_id": "S548", "corridor_id": "B 27", "highway": "trunk_link", "length": 43.35159025456953, "metapath_priority": "None", "is_metapath_hard": false, "metapath_pairs": "" }, "geometry": { "type": "LineString", "coordinates": [ [ 9.1956867, 48.8785291 ], [ 9.1956327, 48.8785922 ], [ 9.1955189, 48.878673 ], [ 9.1954142, 48.8787206 ], [ 9.1952348, 48.8787575 ] ] } },
{ "type": "Feature", "properties": { "segment_id": "S549", "corridor_id": "B 27", "highway": "trunk_link", "length": 35.030451683748765, "metapath_priority": "None", "is_metapath_hard": false, "metapath_pairs": "" }, "geometry": { "type": "LineString", "coordinates": [ [ 9.1956867, 48.8785291 ], [ 9.1956922, 48.8786089 ], [ 9.1957148, 48.8786673 ], [ 9.1957666, 48.8787237 ], [ 9.1958758, 48.8788057 ] ] } },
{ "type": "Feature", "properties": { "segment_id": "S550", "corridor_id": "B 27", "highway": "trunk_link", "length": 56.261617937848968, "metapath_priority": "None", "is_metapath_hard": false, "metapath_pairs": "" }, "geometry": { "type": "LineString", "coordinates": [ [ 9.1958269, 48.8780316 ], [ 9.1957563, 48.8782822 ], [ 9.1956867, 48.8785291 ] ] } },
{ "type": "Feature", "properties": { "segment_id": "S551", "corridor_id": "B 27", "highway": "trunk_link", "length": 138.83776165089327, "metapath_priority": "None", "is_metapath_hard": false, "metapath_pairs": "" }, "geometry": { "type": "LineString", "coordinates": [ [ 9.1958269, 48.8780316 ], [ 9.1958684, 48.877936 ], [ 9.1960462, 48.8777617 ], [ 9.1962735, 48.8776087 ], [ 9.1964648, 48.8774577 ], [ 9.1965736, 48.8773297 ], [ 9.196609, 48.8772879 ], [ 9.1966655, 48.8771359 ], [ 9.1967586, 48.8769689 ] ] } },
{ "type": "Feature", "properties": { "segment_id": "S552", "corridor_id": "B 27", "highway": "trunk", "length": 159.1077052458289, "metapath_priority": "None", "is_metapath_hard": false, "metapath_pairs": "" }, "geometry": { "type": "LineString", "coordinates": [ [ 9.1964147, 48.8783818 ], [ 9.1967586, 48.8769689 ] ] } },
{ "type": "Feature", "properties": { "segment_id": "S553", "corridor_id": "B 27", "highway": "trunk_link", "length": 96.478128578687944, "metapath_priority": "None", "is_metapath_hard": false, "metapath_pairs": "" }, "geometry": { "type": "LineString", "coordinates": [ [ 9.1964147, 48.8783818 ], [ 9.1963872, 48.8782804 ], [ 9.1964115, 48.8781699 ], [ 9.1964158, 48.8780422 ], [ 9.1963962, 48.8779879 ], [ 9.1963483, 48.8779439 ], [ 9.1962709, 48.8779105 ], [ 9.1961689, 48.8778851 ], [ 9.196043, 48.8778977 ], [ 9.1959517, 48.8779294 ], [ 9.1958269, 48.8780316 ] ] } },
{ "type": "Feature", "properties": { "segment_id": "S554", "corridor_id": "B 27", "highway": "trunk_link", "length": 116.70914370246228, "metapath_priority": "None", "is_metapath_hard": false, "metapath_pairs": "" }, "geometry": { "type": "LineString", "coordinates": [ [ 9.1968593, 48.8771959 ], [ 9.1969109, 48.8774024 ], [ 9.1969545, 48.8775363 ], [ 9.1970268, 48.8776811 ], [ 9.1971873, 48.8779541 ], [ 9.1972471, 48.8780997 ], [ 9.1972357, 48.8782069 ] ] } },
{ "type": "Feature", "properties": { "segment_id": "S555", "corridor_id": "B 27", "highway": "trunk", "length": 134.94407189784744, "metapath_priority": "None", "is_metapath_hard": false, "metapath_pairs": "" }, "geometry": { "type": "LineString", "coordinates": [ [ 9.1968593, 48.8771959 ], [ 9.1966943, 48.8779062 ], [ 9.1965527, 48.8783924 ] ] } },
{ "type": "Feature", "properties": { "segment_id": "S556", "corridor_id": "B 27", "highway": "trunk", "length": 1280.0553819474853, "metapath_priority": "None", "is_metapath_hard": false, "metapath_pairs": "" }, "geometry": { "type": "LineString", "coordinates": [ [ 9.1973459, 48.8657355 ], [ 9.1973958, 48.8659805 ], [ 9.1974245, 48.8662769 ], [ 9.1974396, 48.8665101 ], [ 9.1974382, 48.8666819 ], [ 9.1974377, 48.8667466 ], [ 9.1974058, 48.8671082 ], [ 9.1973591, 48.8674134 ], [ 9.1973014, 48.867705 ], [ 9.1970421, 48.8687481 ], [ 9.1967612, 48.8699985 ], [ 9.1966501, 48.870659 ], [ 9.1966186, 48.8709767 ], [ 9.1965996, 48.8711679 ], [ 9.1965785, 48.8716415 ], [ 9.1965875, 48.872235 ], [ 9.1966226, 48.8727346 ], [ 9.1966728, 48.8732396 ], [ 9.1967204, 48.8735793 ], [ 9.1967922, 48.8740911 ], [ 9.1968935, 48.8748913 ], [ 9.1969499, 48.8756499 ], [ 9.1969532, 48.8762569 ], [ 9.1969093, 48.8767847 ], [ 9.1968593, 48.8771959 ] ] } },
{ "type": "Feature", "properties": { "segment_id": "S557", "corridor_id": "B 27", "highway": "trunk", "length": 94.337563946429043, "metapath_priority": "None", "is_metapath_hard": false, "metapath_pairs": "" }, "geometry": { "type": "LineString", "coordinates": [ [ 9.1971416, 48.8654929 ], [ 9.1968674, 48.8646639 ] ] } },
{ "type": "Feature", "properties": { "segment_id": "S558", "corridor_id": "B 27", "highway": "trunk_link", "length": 87.543594791139441, "metapath_priority": "None", "is_metapath_hard": false, "metapath_pairs": "" }, "geometry": { "type": "LineString", "coordinates": [ [ 9.1971416, 48.8654929 ], [ 9.1970388, 48.8653367 ], [ 9.1969628, 48.8652228 ], [ 9.1968965, 48.8651817 ], [ 9.1967683, 48.8651504 ], [ 9.1966606, 48.8651599 ], [ 9.1966008, 48.8651801 ], [ 9.1965264, 48.8652143 ], [ 9.1964769, 48.8652696 ], [ 9.1964258, 48.8653672 ] ] } },
{ "type": "Feature", "properties": { "segment_id": "S559", "corridor_id": "L 1180", "highway": "trunk_link", "length": 72.849530485510002, "metapath_priority": "None", "is_metapath_hard": false, "metapath_pairs": "" }, "geometry": { "type": "LineString", "coordinates": [ [ 9.1109597, 48.7666523 ], [ 9.1107353, 48.766737 ], [ 9.1105317, 48.7668626 ], [ 9.1103411, 48.767 ], [ 9.1102472, 48.7670966 ] ] } },
{ "type": "Feature", "properties": { "segment_id": "S560", "corridor_id": "B 10", "highway": "trunk", "length": 468.20483066200444, "metapath_priority": "None", "is_metapath_hard": false, "metapath_pairs": "" }, "geometry": { "type": "LineString", "coordinates": [ [ 9.262103, 48.7532382 ], [ 9.2619983, 48.7533871 ], [ 9.2616592, 48.7538806 ], [ 9.2606994, 48.7552427 ], [ 9.2603186, 48.755788 ], [ 9.2599856, 48.7562682 ], [ 9.2594382, 48.7570648 ] ] } },
{ "type": "Feature", "properties": { "segment_id": "S561", "corridor_id": "segment_561", "highway": "trunk_link", "length": 555.3735891692379, "metapath_priority": "None", "is_metapath_hard": false, "metapath_pairs": "" }, "geometry": { "type": "LineString", "coordinates": [ [ 9.2620759, 48.7530363 ], [ 9.2620803, 48.7529188 ], [ 9.2620864, 48.7528969 ], [ 9.2621443, 48.7528034 ], [ 9.2621681, 48.7527617 ], [ 9.2622282, 48.7526362 ], [ 9.2623084, 48.7524603 ], [ 9.2623566, 48.7523697 ], [ 9.2624008, 48.7522869 ], [ 9.2624517, 48.7521978 ], [ 9.2624839, 48.7521474 ], [ 9.2625903, 48.7519946 ], [ 9.2627294, 48.7517979 ], [ 9.2628687, 48.7515982 ], [ 9.2631415, 48.7512101 ], [ 9.263338, 48.7509424 ], [ 9.2634415, 48.750803 ], [ 9.2634787, 48.7507541 ], [ 9.2635454, 48.7506585 ], [ 9.2635758, 48.7506113 ], [ 9.2636604, 48.7505 ], [ 9.2637793, 48.7503265 ], [ 9.2639528, 48.7500703 ], [ 9.2640738, 48.7498818 ], [ 9.2641824, 48.7497046 ], [ 9.2642781, 48.7495362 ], [ 9.2643727, 48.7493718 ], [ 9.2644758, 48.7492054 ], [ 9.264544, 48.7491076 ], [ 9.2646455, 48.7489729 ], [ 9.2647237, 48.7488654 ], [ 9.2647861, 48.7487712 ], [ 9.2648471, 48.7486621 ], [ 9.264887, 48.7485832 ], [ 9.2648989, 48.7485653 ], [ 9.2649159, 48.7485489 ], [ 9.2650255, 48.7484555 ] ] } },
{ "type": "Feature", "properties": { "segment_id": "S562", "corridor_id": "B 10", "highway": "trunk", "length": 553.88676976938962, "metapath_priority": "None", "is_metapath_hard": false, "metapath_pairs": "" }, "geometry": { "type": "LineString", "coordinates": [ [ 9.2620759, 48.7530363 ], [ 9.2621652, 48.752909 ], [ 9.2622608, 48.752772 ], [ 9.2624568, 48.752494 ], [ 9.262662, 48.7522023 ], [ 9.2628723, 48.7519022 ], [ 9.2630084, 48.751707 ], [ 9.2631151, 48.7515537 ], [ 9.2632739, 48.7513263 ], [ 9.263476, 48.7510359 ], [ 9.2635748, 48.7508942 ], [ 9.2637806, 48.7505984 ], [ 9.2639954, 48.7502834 ], [ 9.2641773, 48.7500059 ], [ 9.2643099, 48.7497956 ], [ 9.2644637, 48.7495396 ], [ 9.2646325, 48.7492417 ], [ 9.2647881, 48.748946 ], [ 9.2649216, 48.7486802 ], [ 9.2650255, 48.7484555 ] ] } },
{ "type": "Feature", "properties": { "segment_id": "S563", "corridor_id": "B 14", "highway": "primary", "length": 66.107283270089013, "metapath_priority": "None", "is_metapath_hard": false, "metapath_pairs": "" }, "geometry": { "type": "LineString", "coordinates": [ [ 9.1591898, 48.7554972 ], [ 9.1583364, 48.7553051 ] ] } },
{ "type": "Feature", "properties": { "segment_id": "S564", "corridor_id": "B 14", "highway": "primary", "length": 40.43599927835092, "metapath_priority": "None", "is_metapath_hard": false, "metapath_pairs": "" }, "geometry": { "type": "LineString", "coordinates": [ [ 9.1591898, 48.7554972 ], [ 9.1593418, 48.755534 ], [ 9.1595773, 48.7555924 ], [ 9.1597066, 48.7556243 ] ] } },
{ "type": "Feature", "properties": { "segment_id": "S565", "corridor_id": "A 81", "highway": "motorway", "length": 6484.3888947572805, "metapath_priority": "None", "is_metapath_hard": false, "metapath_pairs": "" }, "geometry": { "type": "LineString", "coordinates": [ [ 9.2185183, 48.9601317 ], [ 9.2178555, 48.959389 ], [ 9.2177904, 48.959325 ], [ 9.2173568, 48.9588877 ], [ 9.2170305, 48.9585706 ], [ 9.2166699, 48.9582399 ], [ 9.2163253, 48.9579362 ], [ 9.2158988, 48.9576095 ], [ 9.215342, 48.9571734 ], [ 9.2147777, 48.9567421 ], [ 9.2142519, 48.9563774 ], [ 9.2137108, 48.9560181 ], [ 9.2133061, 48.9557653 ], [ 9.2128893, 48.9555143 ], [ 9.2124642, 48.9552673 ], [ 9.2120331, 48.9550257 ], [ 9.2102947, 48.9540239 ], [ 9.2092603, 48.9534257 ], [ 9.2080854, 48.9527462 ], [ 9.2066225, 48.9519075 ], [ 9.2051364, 48.95104 ], [ 9.2040916, 48.9504621 ], [ 9.2036555, 48.9502163 ], [ 9.2032328, 48.9499699 ], [ 9.202814, 48.9497148 ], [ 9.2024167, 48.9494444 ], [ 9.2016424, 48.9489068 ], [ 9.2012642, 48.9486375 ], [ 9.2008907, 48.9483599 ], [ 9.2005008, 48.9480234 ], [ 9.2000866, 48.9476726 ], [ 9.1997539, 48.9473778 ], [ 9.19949, 48.9471332 ], [ 9.1992336, 48.9468876 ], [ 9.198926, 48.9466049 ], [ 9.1985646, 48.9462327 ], [ 9.1982165, 48.9458567 ], [ 9.1978763, 48.945478 ], [ 9.1972151, 48.9447097 ], [ 9.1965706, 48.9439393 ], [ 9.1947711, 48.9417929 ], [ 9.1944351, 48.9413921 ], [ 9.1929722, 48.9396389 ], [ 9.1920959, 48.9386507 ], [ 9.1916468, 48.9381447 ], [ 9.1913058, 48.9377655 ], [ 9.1910557, 48.9374874 ], [ 9.1909448, 48.9373644 ], [ 9.1906723, 48.9370621 ], [ 9.1905108, 48.9368871 ], [ 9.1901796, 48.936528 ], [ 9.189652, 48.9359991 ], [ 9.1893985, 48.9357627 ], [ 9.1891284, 48.9355263 ], [ 9.1887, 48.9351727 ], [ 9.1882587, 48.9348277 ], [ 9.1878166, 48.934508 ], [ 9.187371, 48.9341998 ], [ 9.1870804, 48.934008 ], [ 9.1866357, 48.933731 ], [ 9.1859434, 48.9333369 ], [ 9.185233, 48.9329709 ], [ 9.1844335, 48.9326024 ], [ 9.1836139, 48.9322463 ], [ 9.1830345, 48.9320221 ], [ 9.1824539, 48.9318055 ], [ 9.1819509, 48.9316355 ], [ 9.1814446, 48.9314767 ], [ 9.1806692, 48.9312318 ], [ 9.1796434, 48.9309178 ], [ 9.1792724, 48.9308047 ], [ 9.178607, 48.9305954 ], [ 9.1769056, 48.9300557 ], [ 9.1755667, 48.9296454 ], [ 9.1753777, 48.9295875 ], [ 9.1750377, 48.9294833 ], [ 9.1732078, 48.9289134 ], [ 9.1713197, 48.9283269 ], [ 9.1698542, 48.9278779 ], [ 9.1689925, 48.9276173 ], [ 9.16789, 48.9272685 ], [ 9.1675141, 48.9271413 ], [ 9.1670062, 48.9269643 ], [ 9.1663726, 48.926721 ], [ 9.1653878, 48.9263039 ], [ 9.1647262, 48.9260001 ], [ 9.1640837, 48.9256814 ], [ 9.1634884, 48.9253589 ], [ 9.1628987, 48.9250334 ], [ 9.1620667, 48.9245359 ], [ 9.1615905, 48.9242312 ], [ 9.1611183, 48.9239173 ], [ 9.1606355, 48.9235636 ], [ 9.1599292, 48.9230222 ], [ 9.1593555, 48.9225385 ], [ 9.1592408, 48.922435 ], [ 9.1588412, 48.9220745 ], [ 9.1586283, 48.9218767 ], [ 9.1584269, 48.9216724 ], [ 9.1580193, 48.9212451 ], [ 9.1574647, 48.9206278 ], [ 9.1572433, 48.9203715 ], [ 9.1570643, 48.920139 ], [ 9.156992, 48.9200442 ] ] } },
{ "type": "Feature", "properties": { "segment_id": "S566", "corridor_id": "segment_566", "highway": "motorway_link", "length": 49.341158667080641, "metapath_priority": "None", "is_metapath_hard": false, "metapath_pairs": "" }, "geometry": { "type": "LineString", "coordinates": [ [ 9.1581627, 48.9193258 ], [ 9.158266, 48.9191099 ], [ 9.158278, 48.9190585 ], [ 9.1582832, 48.9190082 ], [ 9.1582686, 48.9189523 ], [ 9.1582425, 48.9188966 ] ] } },
{ "type": "Feature", "properties": { "segment_id": "S567", "corridor_id": "B 27", "highway": "primary", "length": 38.093944230014245, "metapath_priority": "None", "is_metapath_hard": false, "metapath_pairs": "" }, "geometry": { "type": "LineString", "coordinates": [ [ 9.1581627, 48.9193258 ], [ 9.1583697, 48.9191218 ], [ 9.1584622, 48.9190457 ] ] } },
{ "type": "Feature", "properties": { "segment_id": "S568", "corridor_id": "segment_568", "highway": "motorway_link", "length": 240.02902691792764, "metapath_priority": "None", "is_metapath_hard": false, "metapath_pairs": "" }, "geometry": { "type": "LineString", "coordinates": [ [ 9.1582425, 48.9188966 ], [ 9.1581835, 48.9188305 ], [ 9.1581335, 48.9187683 ], [ 9.1580687, 48.9187063 ], [ 9.1579579, 48.9186229 ], [ 9.1578746, 48.9185782 ], [ 9.1577935, 48.918548 ], [ 9.1577043, 48.9185244 ], [ 9.1576113, 48.9185066 ], [ 9.1574131, 48.9184933 ], [ 9.1573251, 48.9185019 ], [ 9.1572453, 48.9185116 ], [ 9.1571575, 48.918531 ], [ 9.1570704, 48.9185568 ], [ 9.1569231, 48.9186273 ], [ 9.1568087, 48.9187197 ], [ 9.1567416, 48.9188215 ], [ 9.1567028, 48.918931 ], [ 9.1566974, 48.9190259 ], [ 9.1567385, 48.919157 ], [ 9.1569813, 48.9195283 ], [ 9.1569414, 48.9196304 ] ] } },
{ "type": "Feature", "properties": { "segment_id": "S569", "corridor_id": "A 81", "highway": "motorway", "length": 6503.0809841224736, "metapath_priority": "None", "is_metapath_hard": false, "metapath_pairs": "" }, "geometry": { "type": "LineString", "coordinates": [ [ 9.1569414, 48.9196304 ], [ 9.1569871, 48.9197029 ], [ 9.1571488, 48.919929 ], [ 9.1572509, 48.9200728 ], [ 9.1573918, 48.9202492 ], [ 9.157589, 48.9204708 ], [ 9.1579643, 48.9209028 ], [ 9.1582954, 48.9212656 ], [ 9.158559, 48.9215355 ], [ 9.1588891, 48.921864 ], [ 9.1592878, 48.9222314 ], [ 9.1596775, 48.9225806 ], [ 9.160246, 48.9230323 ], [ 9.160848, 48.9234895 ], [ 9.1614467, 48.9239155 ], [ 9.1617554, 48.9241207 ], [ 9.1622217, 48.9244174 ], [ 9.1627954, 48.9247681 ], [ 9.1636517, 48.9252503 ], [ 9.1637253, 48.925289 ], [ 9.1637363, 48.9252948 ], [ 9.1643877, 48.9256378 ], [ 9.1648909, 48.9258848 ], [ 9.1655058, 48.9261626 ], [ 9.1664911, 48.9265849 ], [ 9.1670632, 48.9268066 ], [ 9.1679856, 48.9271341 ], [ 9.1690705, 48.9274793 ], [ 9.1699287, 48.927738 ], [ 9.1714102, 48.928195 ], [ 9.1733168, 48.9287889 ], [ 9.1751102, 48.9293458 ], [ 9.1759495, 48.929613 ], [ 9.1769633, 48.9299358 ], [ 9.1786395, 48.9304456 ], [ 9.1794476, 48.9306928 ], [ 9.1797977, 48.9308069 ], [ 9.1807581, 48.9311021 ], [ 9.1815407, 48.931349 ], [ 9.182039, 48.9315047 ], [ 9.1825344, 48.9316749 ], [ 9.1831367, 48.9318896 ], [ 9.1837236, 48.9321205 ], [ 9.1845496, 48.9324783 ], [ 9.1853563, 48.9328557 ], [ 9.186066, 48.9332296 ], [ 9.1867734, 48.9336251 ], [ 9.1871588, 48.9338632 ], [ 9.1872803, 48.9339409 ], [ 9.1874472, 48.9340475 ], [ 9.1879538, 48.9343969 ], [ 9.1884176, 48.9347344 ], [ 9.1888633, 48.9350813 ], [ 9.1892885, 48.9354268 ], [ 9.1895707, 48.9356687 ], [ 9.1898339, 48.9359153 ], [ 9.1900995, 48.9361832 ], [ 9.190365, 48.9364511 ], [ 9.1907748, 48.9368934 ], [ 9.1908679, 48.9369938 ], [ 9.1912491, 48.9374051 ], [ 9.1918659, 48.9380769 ], [ 9.1923059, 48.9385735 ], [ 9.1932062, 48.9395668 ], [ 9.1946771, 48.9413054 ], [ 9.1968168, 48.9438514 ], [ 9.1974552, 48.9446175 ], [ 9.1981085, 48.9453777 ], [ 9.1984326, 48.9457653 ], [ 9.1987677, 48.9461445 ], [ 9.1991241, 48.9465176 ], [ 9.1994837, 48.9468868 ], [ 9.1998588, 48.9472393 ], [ 9.2002417, 48.9475857 ], [ 9.20064, 48.9479289 ], [ 9.2010489, 48.9482665 ], [ 9.2014182, 48.9485355 ], [ 9.2017999, 48.9488019 ], [ 9.2025564, 48.9493335 ], [ 9.20295, 48.9495971 ], [ 9.2033653, 48.949846 ], [ 9.2037935, 48.9500931 ], [ 9.2042355, 48.9503345 ], [ 9.20528, 48.950948 ], [ 9.2067715, 48.9517918 ], [ 9.2084688, 48.9527634 ], [ 9.2094029, 48.9533164 ], [ 9.2104327, 48.9539083 ], [ 9.2112261, 48.9543678 ], [ 9.2121792, 48.9549176 ], [ 9.2126098, 48.9551588 ], [ 9.2130339, 48.9554063 ], [ 9.2134551, 48.9556566 ], [ 9.2138734, 48.9559153 ], [ 9.2144099, 48.9562731 ], [ 9.2149343, 48.9566355 ], [ 9.2155109, 48.9570756 ], [ 9.2160732, 48.9575219 ], [ 9.2164542, 48.9578049 ], [ 9.2168752, 48.9581801 ], [ 9.2175762, 48.9588352 ], [ 9.2180932, 48.9593626 ], [ 9.2185543, 48.9598832 ] ] } },
{ "type": "Feature", "properties": { "segment_id": "S570", "corridor_id": "B 27", "highway": "primary", "length": 12.44089082059001, "metapath_priority": "None", "is_metapath_hard": false, "metapath_pairs": "" }, "geometry": { "type": "LineString", "coordinates": [ [ 9.1562709, 48.9211695 ], [ 9.1563508, 48.9210707 ] ] } },
{ "type": "Feature", "properties": { "segment_id": "S571", "corridor_id": "segment_571", "highway": "motorway_link", "length": 28.166308664890792, "metapath_priority": "None", "is_metapath_hard": false, "metapath_pairs": "" }, "geometry": { "type": "LineString", "coordinates": [ [ 9.1562709, 48.9211695 ], [ 9.1561433, 48.9211342 ], [ 9.1559333, 48.9210487 ] ] } },
{ "type": "Feature", "properties": { "segment_id": "S572", "corridor_id": "segment_572", "highway": "motorway_link", "length": 299.92942658750866, "metapath_priority": "None", "is_metapath_hard": false, "metapath_pairs": "" }, "geometry": { "type": "LineString", "coordinates": [ [ 9.1559333, 48.9210487 ], [ 9.1558019, 48.9209935 ], [ 9.1556943, 48.92094 ], [ 9.1556232, 48.9208965 ], [ 9.1555596, 48.9208507 ], [ 9.1554952, 48.9207942 ], [ 9.1554032, 48.9206955 ], [ 9.155334, 48.9205932 ], [ 9.1552861, 48.9204917 ], [ 9.1552626, 48.9203638 ], [ 9.1552781, 48.9202365 ], [ 9.1553175, 48.92012 ], [ 9.155401, 48.9199893 ], [ 9.1556748, 48.9196889 ], [ 9.1557506, 48.9196022 ], [ 9.1558186, 48.9195207 ], [ 9.1558864, 48.9194259 ], [ 9.1559476, 48.9193342 ], [ 9.15598, 48.9192554 ], [ 9.1560034, 48.9191875 ], [ 9.1560312, 48.9190395 ], [ 9.1560467, 48.9186298 ] ] } },
{ "type": "Feature", "properties": { "segment_id": "S573", "corridor_id": "B 295", "highway": "primary_link", "length": 63.859293093779542, "metapath_priority": "None", "is_metapath_hard": false, "metapath_pairs": "" }, "geometry": { "type": "LineString", "coordinates": [ [ 9.1059238, 48.807933 ], [ 9.1061596, 48.8080461 ], [ 9.1062421, 48.8080715 ], [ 9.1063342, 48.8080839 ], [ 9.1064493, 48.8080947 ], [ 9.1065512, 48.8081005 ], [ 9.1067277, 48.808106 ] ] } },
{ "type": "Feature", "properties": { "segment_id": "S574", "corridor_id": "A 8", "highway": "motorway", "length": 396.73993873141387, "metapath_priority": "None", "is_metapath_hard": false, "metapath_pairs": "" }, "geometry": { "type": "LineString", "coordinates": [ [ 9.0700774, 48.7254478 ], [ 9.0703916, 48.7253104 ], [ 9.0706599, 48.7251914 ], [ 9.0708406, 48.7251027 ], [ 9.0714284, 48.7248142 ], [ 9.0719042, 48.7245413 ], [ 9.072304, 48.724301 ], [ 9.0731098, 48.7237904 ], [ 9.073796, 48.7233649 ], [ 9.07419, 48.723141 ] ] } },
{ "type": "Feature", "properties": { "segment_id": "S575", "corridor_id": "segment_575", "highway": "motorway_link", "length": 342.55246082527128, "metapath_priority": "None", "is_metapath_hard": false, "metapath_pairs": "" }, "geometry": { "type": "LineString", "coordinates": [ [ 9.0681898, 48.7259993 ], [ 9.0683978, 48.725897 ], [ 9.0685359, 48.7258438 ], [ 9.0686392, 48.725796 ], [ 9.0687047, 48.7257547 ], [ 9.0687728, 48.7256923 ], [ 9.0688299, 48.7256236 ], [ 9.068865, 48.7255555 ], [ 9.0688841, 48.7255043 ], [ 9.0688925, 48.7254527 ], [ 9.068891, 48.7253943 ], [ 9.0688799, 48.7253324 ], [ 9.0688656, 48.7252797 ], [ 9.0688398, 48.7252236 ], [ 9.0687998, 48.7251631 ], [ 9.0687465, 48.7251095 ], [ 9.0686853, 48.7250607 ], [ 9.0686082, 48.7250149 ], [ 9.0685214, 48.7249749 ], [ 9.0684324, 48.7249431 ], [ 9.0683151, 48.7249135 ], [ 9.0682191, 48.7248988 ], [ 9.068107, 48.7248932 ], [ 9.0680016, 48.724896 ], [ 9.0679004, 48.7249091 ], [ 9.0677921, 48.7249357 ], [ 9.0676932, 48.7249697 ], [ 9.0676193, 48.7250038 ], [ 9.0675385, 48.7250538 ], [ 9.0674798, 48.7250971 ], [ 9.0674309, 48.7251475 ], [ 9.0673888, 48.7251983 ], [ 9.0673477, 48.7252661 ], [ 9.0673264, 48.7253305 ], [ 9.0673167, 48.7253882 ], [ 9.067318, 48.7254508 ], [ 9.0673311, 48.7255213 ], [ 9.0673563, 48.725577 ], [ 9.0673888, 48.7256269 ], [ 9.0674362, 48.7256872 ], [ 9.0675024, 48.7257435 ], [ 9.0675878, 48.7258071 ], [ 9.0676782, 48.7258598 ], [ 9.0677333, 48.7259185 ], [ 9.0677721, 48.7259773 ] ] } },
{ "type": "Feature", "properties": { "segment_id": "S576", "corridor_id": "segment_576", "highway": "motorway_link", "length": 151.92033412218126, "metapath_priority": "None", "is_metapath_hard": false, "metapath_pairs": "" }, "geometry": { "type": "LineString", "coordinates": [ [ 9.0681898, 48.7259993 ], [ 9.0684282, 48.7259374 ], [ 9.0686198, 48.725877 ], [ 9.0689168, 48.7257845 ], [ 9.0694153, 48.7256212 ], [ 9.0698098, 48.7254882 ], [ 9.0700774, 48.7254478 ] ] } },
{ "type": "Feature", "properties": { "segment_id": "S577", "corridor_id": "B 14", "highway": "trunk_link", "length": 49.905966844218788, "metapath_priority": "None", "is_metapath_hard": false, "metapath_pairs": "" }, "geometry": { "type": "LineString", "coordinates": [ [ 9.1124611, 48.7466964 ], [ 9.1126123, 48.7466013 ], [ 9.1127073, 48.7465087 ], [ 9.1127501, 48.7464578 ], [ 9.1128008, 48.7463717 ], [ 9.1128147, 48.7463239 ] ] } },
{ "type": "Feature", "properties": { "segment_id": "S578", "corridor_id": "B 27", "highway": "primary", "length": 707.64418750543643, "metapath_priority": "None", "is_metapath_hard": false, "metapath_pairs": "" }, "geometry": { "type": "LineString", "coordinates": [ [ 9.1823771, 48.7766635 ], [ 9.1822894, 48.7767301 ], [ 9.1821937, 48.7767896 ], [ 9.1820262, 48.7768765 ], [ 9.1816804, 48.7769995 ], [ 9.1810405, 48.7771934 ], [ 9.180374, 48.7773936 ], [ 9.1797531, 48.777607 ], [ 9.1790208, 48.7778756 ], [ 9.1787041, 48.7780057 ], [ 9.1776673, 48.7786357 ], [ 9.176926, 48.7790325 ], [ 9.1767493, 48.7791585 ], [ 9.1766628, 48.7792727 ], [ 9.1766041, 48.7794063 ], [ 9.1765713, 48.7795586 ], [ 9.1765772, 48.7796653 ], [ 9.1766481, 48.7798623 ], [ 9.1767442, 48.7800278 ], [ 9.1769243, 48.7803388 ], [ 9.1769652, 48.7804346 ], [ 9.176999, 48.7805455 ], [ 9.1770323, 48.780657 ], [ 9.1770492, 48.7807321 ], [ 9.1770679, 48.7808119 ], [ 9.1771412, 48.7809327 ] ] } },
{ "type": "Feature", "properties": { "segment_id": "S579", "corridor_id": "B 295", "highway": "primary_link", "length": 193.99083958927767, "metapath_priority": "None", "is_metapath_hard": false, "metapath_pairs": "" }, "geometry": { "type": "LineString", "coordinates": [ [ 9.1068922, 48.8080614 ], [ 9.1071362, 48.8080112 ], [ 9.1071761, 48.8080135 ], [ 9.1072696, 48.8080188 ], [ 9.1073069, 48.8080235 ], [ 9.1074189, 48.8080375 ], [ 9.1075163, 48.8080579 ], [ 9.1076058, 48.8080767 ], [ 9.1076398, 48.8080854 ], [ 9.1078151, 48.8081304 ], [ 9.1080266, 48.8081933 ], [ 9.108219, 48.8082479 ], [ 9.1083753, 48.8082883 ], [ 9.108578, 48.8083232 ], [ 9.1087106, 48.808338 ], [ 9.1087683, 48.8083444 ], [ 9.108971, 48.8083561 ], [ 9.1090344, 48.8083525 ], [ 9.1092679, 48.8083394 ], [ 9.1094392, 48.8083567 ] ] } },
{ "type": "Feature", "properties": { "segment_id": "S580", "corridor_id": "B 295", "highway": "primary_link", "length": 13.03312281740777, "metapath_priority": "None", "is_metapath_hard": false, "metapath_pairs": "" }, "geometry": { "type": "LineString", "coordinates": [ [ 9.1068922, 48.8080614 ], [ 9.1067983, 48.808085 ], [ 9.1067277, 48.808106 ] ] } },
{ "type": "Feature", "properties": { "segment_id": "S581", "corridor_id": "segment_581", "highway": "trunk_link", "length": 100.10680014475048, "metapath_priority": "None", "is_metapath_hard": false, "metapath_pairs": "" }, "geometry": { "type": "LineString", "coordinates": [ [ 9.0907726, 48.7783758 ], [ 9.0906782, 48.7784399 ], [ 9.0906306, 48.7784784 ], [ 9.0905893, 48.7785046 ], [ 9.0904722, 48.7785317 ], [ 9.0903505, 48.778546 ], [ 9.0902371, 48.7785807 ], [ 9.0901757, 48.7786299 ], [ 9.0901537, 48.7786466 ], [ 9.0901104, 48.7786671 ], [ 9.0900145, 48.7787156 ], [ 9.0898478, 48.778799 ], [ 9.0896776, 48.7788817 ] ] } },
{ "type": "Feature", "properties": { "segment_id": "S582", "corridor_id": "segment_582", "highway": "trunk_link", "length": 44.460079096381058, "metapath_priority": "None", "is_metapath_hard": false, "metapath_pairs": "" }, "geometry": { "type": "LineString", "coordinates": [ [ 9.0907726, 48.7783758 ], [ 9.0906689, 48.778536 ], [ 9.0906316, 48.7786156 ], [ 9.0906065, 48.7786971 ], [ 9.0905927, 48.7787556 ] ] } },
{ "type": "Feature", "properties": { "segment_id": "S583", "corridor_id": "segment_583", "highway": "trunk_link", "length": 445.62701291570306, "metapath_priority": "None", "is_metapath_hard": false, "metapath_pairs": "" }, "geometry": { "type": "LineString", "coordinates": [ [ 9.0896776, 48.7788817 ], [ 9.0894276, 48.7789933 ], [ 9.0882007, 48.7795326 ], [ 9.0866187, 48.7802322 ], [ 9.0851784, 48.7809563 ], [ 9.0849148, 48.781077 ], [ 9.0846728, 48.7811516 ] ] } },
{ "type": "Feature", "properties": { "segment_id": "S584", "corridor_id": "L 1180", "highway": "trunk", "length": 1351.2437407971622, "metapath_priority": "None", "is_metapath_hard": false, "metapath_pairs": "" }, "geometry": { "type": "LineString", "coordinates": [ [ 9.0846728, 48.7811516 ], [ 9.0844492, 48.7812704 ], [ 9.0837125, 48.7816315 ], [ 9.0828221, 48.7820963 ], [ 9.0823808, 48.7823163 ], [ 9.0819258, 48.7825364 ], [ 9.0814354, 48.7827591 ], [ 9.0810739, 48.7829097 ], [ 9.0809297, 48.7829656 ], [ 9.080392, 48.7831687 ], [ 9.0798193, 48.7833593 ], [ 9.0793345, 48.7835053 ], [ 9.0787375, 48.7836635 ], [ 9.0781556, 48.7837978 ], [ 9.0775167, 48.7839278 ], [ 9.0764022, 48.7841318 ], [ 9.0753049, 48.7843279 ], [ 9.0747191, 48.7844451 ], [ 9.0741004, 48.7845873 ], [ 9.0734963, 48.7847498 ], [ 9.0730197, 48.7848952 ], [ 9.0724446, 48.7850915 ], [ 9.0719206, 48.7852947 ], [ 9.071353, 48.7855409 ], [ 9.0709465, 48.7857409 ], [ 9.07064, 48.7858986 ], [ 9.0704956, 48.7859784 ], [ 9.0703511, 48.7860445 ], [ 9.0698436, 48.7863222 ], [ 9.0693916, 48.7865529 ], [ 9.0690241, 48.7867165 ], [ 9.0686267, 48.7868696 ] ] } },
{ "type": "Feature", "properties": { "segment_id": "S585", "corridor_id": "segment_585", "highway": "trunk_link", "length": 826.57036718692734, "metapath_priority": "None", "is_metapath_hard": false, "metapath_pairs": "" }, "geometry": { "type": "LineString", "coordinates": [ [ 9.086052, 48.780305 ], [ 9.0863371, 48.7800779 ], [ 9.0866167, 48.7799387 ], [ 9.0868815, 48.7797854 ], [ 9.0876253, 48.7793439 ], [ 9.0886416, 48.778744 ], [ 9.0893408, 48.7783483 ], [ 9.0895303, 48.7782437 ], [ 9.0897203, 48.7781406 ], [ 9.0897965, 48.7781125 ], [ 9.089891, 48.7780823 ], [ 9.0898981, 48.778063 ], [ 9.0899121, 48.7780431 ], [ 9.0899611, 48.7780086 ], [ 9.0900851, 48.7779465 ], [ 9.0905439, 48.7777344 ], [ 9.0917097, 48.7772256 ], [ 9.0922678, 48.7770025 ], [ 9.0925518, 48.7768814 ], [ 9.0928707, 48.7767413 ], [ 9.093075, 48.77665 ], [ 9.0937239, 48.7763255 ], [ 9.0943556, 48.7760029 ], [ 9.0949303, 48.7757723 ] ] } },
{ "type": "Feature", "properties": { "segment_id": "S586", "corridor_id": "L 1180", "highway": "trunk", "length": 822.95845524633523, "metapath_priority": "None", "is_metapath_hard": false, "metapath_pairs": "" }, "geometry": { "type": "LineString", "coordinates": [ [ 9.086052, 48.780305 ], [ 9.0866288, 48.780013 ], [ 9.0871961, 48.7797196 ], [ 9.0883219, 48.7791482 ], [ 9.0894339, 48.7785797 ], [ 9.0901685, 48.778203 ], [ 9.0930958, 48.7767092 ], [ 9.0934201, 48.7765456 ], [ 9.0941785, 48.7761576 ], [ 9.0949303, 48.7757723 ] ] } },
{ "type": "Feature", "properties": { "segment_id": "S587", "corridor_id": "B 10", "highway": "trunk", "length": 448.20959247997456, "metapath_priority": "None", "is_metapath_hard": false, "metapath_pairs": "" }, "geometry": { "type": "LineString", "coordinates": [ [ 9.2557357, 48.7624159 ], [ 9.2559613, 48.7620736 ], [ 9.2577449, 48.7593711 ], [ 9.258174, 48.7587194 ] ] } },
{ "type": "Feature", "properties": { "segment_id": "S588", "corridor_id": "B 10", "highway": "trunk_link", "length": 218.02621650684401, "metapath_priority": "None", "is_metapath_hard": false, "metapath_pairs": "" }, "geometry": { "type": "LineString", "coordinates": [ [ 9.2557357, 48.7624159 ], [ 9.2557099, 48.7623184 ], [ 9.2560149, 48.7617041 ], [ 9.2562519, 48.7612644 ], [ 9.2563645, 48.7610505 ], [ 9.2565595, 48.7606679 ], [ 9.2565828, 48.7606263 ], [ 9.2565953, 48.7606092 ], [ 9.2566349, 48.7605603 ] ] } },
{ "type": "Feature", "properties": { "segment_id": "S589", "corridor_id": "B 10", "highway": "trunk", "length": 996.01901109970072, "metapath_priority": "None", "is_metapath_hard": false, "metapath_pairs": "" }, "geometry": { "type": "LineString", "coordinates": [ [ 9.2981394, 48.7377911 ], [ 9.2988635, 48.7375947 ], [ 9.299141, 48.7375132 ], [ 9.2994414, 48.7374194 ], [ 9.2997077, 48.7373283 ], [ 9.299977, 48.7372316 ], [ 9.3002435, 48.7371314 ], [ 9.3004953, 48.7370273 ], [ 9.3008021, 48.7368896 ], [ 9.3010597, 48.7367679 ], [ 9.3013614, 48.7366239 ], [ 9.3017289, 48.7364382 ], [ 9.3022513, 48.7361771 ], [ 9.3027085, 48.7359532 ], [ 9.3030664, 48.7357877 ], [ 9.3033741, 48.7356539 ], [ 9.3036873, 48.7355316 ], [ 9.3040079, 48.7354112 ], [ 9.3043323, 48.7352966 ], [ 9.3049874, 48.7350846 ], [ 9.3054249, 48.7349436 ], [ 9.3057463, 48.7348403 ], [ 9.3060502, 48.7347422 ], [ 9.3063064, 48.7346535 ], [ 9.3065779, 48.7345593 ], [ 9.3068414, 48.7344589 ], [ 9.3070983, 48.7343565 ], [ 9.3073347, 48.734257 ], [ 9.307542, 48.7341628 ], [ 9.3077579, 48.734053 ], [ 9.3079644, 48.7339427 ], [ 9.3082749, 48.7337576 ], [ 9.3086523, 48.7335041 ], [ 9.3091414, 48.7331751 ], [ 9.3094698, 48.7329651 ] ] } },
{ "type": "Feature", "properties": { "segment_id": "S590", "corridor_id": "segment_590", "highway": "trunk_link", "length": 660.17887820142164, "metapath_priority": "None", "is_metapath_hard": false, "metapath_pairs": "" }, "geometry": { "type": "LineString", "coordinates": [ [ 9.2981394, 48.7377911 ], [ 9.298466, 48.7376738 ], [ 9.2985663, 48.737639 ], [ 9.2988822, 48.7375364 ], [ 9.2990478, 48.7374796 ], [ 9.299291, 48.7373905 ], [ 9.2994185, 48.7373418 ], [ 9.2995468, 48.7372891 ], [ 9.2996664, 48.7372369 ], [ 9.2997799, 48.7371823 ], [ 9.2999138, 48.7371143 ], [ 9.3000282, 48.7370502 ], [ 9.3001572, 48.7369741 ], [ 9.3002648, 48.7369033 ], [ 9.3003411, 48.7368497 ], [ 9.3004436, 48.7367722 ], [ 9.3005404, 48.7366951 ], [ 9.300623, 48.7366251 ], [ 9.3007043, 48.7365508 ], [ 9.3007974, 48.7364575 ], [ 9.3008836, 48.7363626 ], [ 9.3009504, 48.736281 ], [ 9.3010293, 48.7361756 ], [ 9.3011104, 48.736061 ], [ 9.301172, 48.7359707 ], [ 9.3012459, 48.7358792 ], [ 9.301345, 48.7357698 ], [ 9.3014376, 48.7356747 ], [ 9.3015359, 48.7355874 ], [ 9.3016445, 48.7355051 ], [ 9.3017977, 48.7354127 ], [ 9.3019217, 48.7353462 ], [ 9.3020178, 48.7352982 ], [ 9.3020899, 48.7352676 ], [ 9.3021718, 48.7352406 ], [ 9.3022551, 48.7352203 ], [ 9.3023935, 48.7351901 ], [ 9.3025837, 48.7351528 ], [ 9.3028379, 48.7351022 ], [ 9.3036696, 48.7349352 ], [ 9.3037724, 48.7349158 ], [ 9.3038741, 48.7349008 ], [ 9.3039639, 48.7348924 ], [ 9.3040315, 48.7348898 ], [ 9.3041069, 48.7348912 ], [ 9.3041852, 48.7348954 ], [ 9.3042588, 48.7349048 ], [ 9.3043324, 48.7349152 ], [ 9.3044074, 48.7349305 ], [ 9.3044716, 48.7349498 ], [ 9.3045356, 48.7349717 ], [ 9.3045981, 48.7349966 ], [ 9.3046607, 48.735029 ], [ 9.3047203, 48.735064 ], [ 9.3047782, 48.7351081 ], [ 9.3048335, 48.7351552 ], [ 9.304899, 48.7352176 ], [ 9.3049378, 48.7352563 ], [ 9.3049558, 48.7352813 ], [ 9.3049677, 48.7353069 ], [ 9.3049796, 48.7353493 ], [ 9.3049861, 48.7353874 ] ] } },
{ "type": "Feature", "properties": { "segment_id": "S591", "corridor_id": "B 10;B 14", "highway": "trunk", "length": 476.05284259707332, "metapath_priority": "None", "is_metapath_hard": false, "metapath_pairs": "" }, "geometry": { "type": "LineString", "coordinates": [ [ 9.2198801, 48.7904815 ], [ 9.2208554, 48.78983 ], [ 9.2214946, 48.7894221 ], [ 9.2221718, 48.7890416 ], [ 9.2233326, 48.7884231 ], [ 9.2245417, 48.7878058 ], [ 9.2247859, 48.7876834 ] ] } },
{ "type": "Feature", "properties": { "segment_id": "S592", "corridor_id": "B 10;B 14", "highway": "trunk_link", "length": 244.8037268450432, "metapath_priority": "None", "is_metapath_hard": false, "metapath_pairs": "" }, "geometry": { "type": "LineString", "coordinates": [ [ 9.2198801, 48.7904815 ], [ 9.2200271, 48.790279 ], [ 9.2202148, 48.7901255 ], [ 9.2204638, 48.7899145 ], [ 9.2207333, 48.7897199 ], [ 9.2209683, 48.7895681 ], [ 9.2213175, 48.7893505 ], [ 9.2215731, 48.7891977 ], [ 9.2216176, 48.789171 ], [ 9.2216454, 48.7891543 ], [ 9.2217722, 48.7890792 ], [ 9.2218949, 48.7890157 ], [ 9.2219321, 48.7889966 ], [ 9.2221463, 48.7888885 ] ] } },
{ "type": "Feature", "properties": { "segment_id": "S593", "corridor_id": "B 10", "highway": "trunk", "length": 693.6969763937293, "metapath_priority": "None", "is_metapath_hard": false, "metapath_pairs": "" }, "geometry": { "type": "LineString", "coordinates": [ [ 9.258174, 48.7587194 ], [ 9.2591814, 48.7572027 ], [ 9.2595012, 48.7567131 ], [ 9.2598304, 48.7562271 ], [ 9.2612435, 48.7542159 ], [ 9.2618571, 48.7533474 ], [ 9.2620759, 48.7530363 ] ] } },
{ "type": "Feature", "properties": { "segment_id": "S594", "corridor_id": "B 10", "highway": "trunk", "length": 638.5600881257775, "metapath_priority": "None", "is_metapath_hard": false, "metapath_pairs": "" }, "geometry": { "type": "LineString", "coordinates": [ [ 9.3237988, 48.7260961 ], [ 9.3231373, 48.7262914 ], [ 9.3222066, 48.7265581 ], [ 9.3210069, 48.7268929 ], [ 9.3203257, 48.72709 ], [ 9.3199345, 48.727212 ], [ 9.3195331, 48.7273495 ], [ 9.319142, 48.7274986 ], [ 9.3186986, 48.7276875 ], [ 9.3183926, 48.7278313 ], [ 9.3180627, 48.7280039 ], [ 9.3177005, 48.7282103 ], [ 9.317359, 48.7284256 ], [ 9.3170006, 48.7286656 ], [ 9.3167358, 48.7288574 ], [ 9.3164669, 48.7290558 ] ] } },
{ "type": "Feature", "properties": { "segment_id": "S595", "corridor_id": "segment_595", "highway": "trunk_link", "length": 633.69979042773173, "metapath_priority": "None", "is_metapath_hard": false, "metapath_pairs": "" }, "geometry": { "type": "LineString", "coordinates": [ [ 9.3237988, 48.7260961 ], [ 9.3236284, 48.726207 ], [ 9.323568, 48.7262348 ], [ 9.3226129, 48.7265729 ], [ 9.3219842, 48.7267926 ], [ 9.3216486, 48.7269123 ], [ 9.3211027, 48.7271013 ], [ 9.3205354, 48.7272902 ], [ 9.320014, 48.7274627 ], [ 9.3198493, 48.7275171 ], [ 9.3197142, 48.7275572 ], [ 9.3193433, 48.7276782 ], [ 9.3188353, 48.7278625 ], [ 9.3183796, 48.7280424 ], [ 9.3180926, 48.7281665 ], [ 9.317741, 48.7283304 ], [ 9.317376, 48.7285225 ], [ 9.3170291, 48.7287312 ], [ 9.3168847, 48.7288164 ], [ 9.3164669, 48.7290558 ] ] } },
{ "type": "Feature", "properties": { "segment_id": "S596", "corridor_id": "B 10", "highway": "trunk", "length": 816.30957250111976, "metapath_priority": "None", "is_metapath_hard": false, "metapath_pairs": "" }, "geometry": { "type": "LineString", "coordinates": [ [ 9.3164669, 48.7290558 ], [ 9.3157363, 48.7295907 ], [ 9.3154024, 48.7298188 ], [ 9.315076, 48.7300307 ], [ 9.314696, 48.7302589 ], [ 9.314342, 48.7304639 ], [ 9.3139786, 48.7306643 ], [ 9.313578, 48.7308803 ], [ 9.3109172, 48.7322722 ], [ 9.310378, 48.7325645 ], [ 9.3100009, 48.7327791 ], [ 9.3096385, 48.7329941 ], [ 9.3092818, 48.7332181 ], [ 9.3089367, 48.7334484 ], [ 9.3084842, 48.7337556 ], [ 9.308188, 48.733944 ] ] } },
{ "type": "Feature", "properties": { "segment_id": "S597", "corridor_id": "segment_597", "highway": "motorway_link", "length": 61.197023652922795, "metapath_priority": "None", "is_metapath_hard": false, "metapath_pairs": "" }, "geometry": { "type": "LineString", "coordinates": [ [ 9.0763935, 48.8226808 ], [ 9.0765037, 48.8228141 ], [ 9.0765702, 48.8228775 ], [ 9.0766531, 48.8229171 ], [ 9.076768, 48.8229418 ], [ 9.0770298, 48.8229692 ] ] } },
{ "type": "Feature", "properties": { "segment_id": "S598", "corridor_id": "A 81", "highway": "motorway_link", "length": 38.377132261439286, "metapath_priority": "None", "is_metapath_hard": false, "metapath_pairs": "" }, "geometry": { "type": "LineString", "coordinates": [ [ 9.0763935, 48.8226808 ], [ 9.076474, 48.8229104 ], [ 9.0764857, 48.8229578 ], [ 9.0764945, 48.823019 ] ] } },
{ "type": "Feature", "properties": { "segment_id": "S599", "corridor_id": "B 295", "highway": "primary", "length": 157.81407780691163, "metapath_priority": "None", "is_metapath_hard": false, "metapath_pairs": "" }, "geometry": { "type": "LineString", "coordinates": [ [ 9.0770298, 48.8229692 ], [ 9.0773337, 48.8229516 ], [ 9.0776087, 48.8229392 ], [ 9.0779747, 48.8229298 ], [ 9.0783233, 48.8229162 ], [ 9.0786629, 48.8228917 ], [ 9.079102, 48.8228476 ], [ 9.0791751, 48.8228418 ] ] } },
{ "type": "Feature", "properties": { "segment_id": "S600", "corridor_id": "B 27", "highway": "primary", "length": 132.37728805328919, "metapath_priority": "None", "is_metapath_hard": false, "metapath_pairs": "" }, "geometry": { "type": "LineString", "coordinates": [ [ 9.1807569, 48.8119144 ], [ 9.1807885, 48.8118693 ], [ 9.180806, 48.8118413 ], [ 9.1808329, 48.8117978 ], [ 9.1808802, 48.8117476 ], [ 9.1810781, 48.8115611 ], [ 9.1811976, 48.8114516 ], [ 9.1812644, 48.811392 ], [ 9.1817414, 48.8109187 ] ] } },
{ "type": "Feature", "properties": { "segment_id": "S601", "corridor_id": "B 10", "highway": "primary", "length": 2514.3255995511122, "metapath_priority": "None", "is_metapath_hard": false, "metapath_pairs": "" }, "geometry": { "type": "LineString", "coordinates": [ [ 9.1807569, 48.8119144 ], [ 9.1808047, 48.8118771 ], [ 9.1808428, 48.8118554 ], [ 9.1808905, 48.811832 ], [ 9.180933, 48.8118069 ], [ 9.1811166, 48.8116842 ], [ 9.1818315, 48.8112138 ], [ 9.1820336, 48.8110788 ], [ 9.183895, 48.8098884 ], [ 9.1842513, 48.8096689 ], [ 9.1846133, 48.809461 ], [ 9.1855368, 48.8089741 ], [ 9.1862392, 48.8086483 ], [ 9.1869726, 48.8083205 ], [ 9.1872898, 48.8081843 ], [ 9.1876392, 48.8080411 ], [ 9.1880262, 48.8078991 ], [ 9.1884004, 48.8077575 ], [ 9.1887524, 48.8076508 ], [ 9.1891468, 48.807532 ], [ 9.18957, 48.8074276 ], [ 9.1897571, 48.8073875 ], [ 9.1904824, 48.8072439 ], [ 9.1906614, 48.8072157 ], [ 9.1908394, 48.8071906 ], [ 9.1911334, 48.8071497 ], [ 9.1912392, 48.8071387 ], [ 9.1921948, 48.8070619 ], [ 9.1933689, 48.8069524 ], [ 9.1939043, 48.8069074 ], [ 9.1942215, 48.8068796 ], [ 9.1946386, 48.8068431 ], [ 9.19487, 48.8068269 ], [ 9.195462, 48.8067883 ], [ 9.196374, 48.8067685 ], [ 9.1968736, 48.8067626 ], [ 9.1972352, 48.8067592 ], [ 9.197502, 48.806748 ], [ 9.197748, 48.8067259 ], [ 9.197884, 48.8067052 ], [ 9.1979911, 48.8066862 ], [ 9.1981086, 48.8066635 ], [ 9.1982488, 48.8066334 ], [ 9.1983906, 48.8065983 ], [ 9.1987351, 48.8064921 ], [ 9.1989368, 48.8064093 ], [ 9.1990878, 48.8063385 ], [ 9.1992518, 48.806254 ], [ 9.1994184, 48.8061608 ], [ 9.1998635, 48.8058429 ], [ 9.200582, 48.8052926 ], [ 9.2019734, 48.8042269 ], [ 9.2024309, 48.8039173 ], [ 9.2029024, 48.8036495 ], [ 9.2033387, 48.8034422 ], [ 9.2037585, 48.8032606 ], [ 9.2044104, 48.8030428 ], [ 9.2049487, 48.8028889 ], [ 9.2052724, 48.8028072 ], [ 9.205534, 48.8027448 ], [ 9.2060186, 48.8026444 ], [ 9.2062404, 48.8025934 ], [ 9.2064768, 48.802531 ], [ 9.2066559, 48.8024735 ], [ 9.2068248, 48.8024072 ], [ 9.2069782, 48.8023313 ], [ 9.2071329, 48.8022417 ], [ 9.2072148, 48.8021841 ], [ 9.2073224, 48.8021005 ], [ 9.2074336, 48.8020089 ], [ 9.207533, 48.8019131 ], [ 9.2076441, 48.8017975 ], [ 9.2077025, 48.8017342 ], [ 9.2077441, 48.8016838 ], [ 9.2078224, 48.8015862 ], [ 9.207895, 48.8014959 ], [ 9.2079532, 48.8014259 ], [ 9.2080604, 48.8013075 ], [ 9.208127, 48.8012402 ], [ 9.2081936, 48.80118 ], [ 9.208255, 48.8011289 ], [ 9.2083207, 48.8010755 ], [ 9.2084044, 48.8010035 ], [ 9.2084912, 48.8009224 ], [ 9.2085417, 48.8008699 ], [ 9.2085991, 48.8008022 ], [ 9.2086448, 48.8007353 ], [ 9.2086754, 48.8006846 ], [ 9.2086976, 48.8006369 ], [ 9.2087137, 48.8005909 ] ] } },
{ "type": "Feature", "properties": { "segment_id": "S602", "corridor_id": "B 10;B 27", "highway": [ "trunk_link", "primary" ], "length": 1238.5987500563758, "metapath_priority": "None", "is_metapath_hard": false, "metapath_pairs": "" }, "geometry": { "type": "LineString", "coordinates": [ [ 9.1803857, 48.8126837 ], [ 9.1796136, 48.813451 ], [ 9.179174, 48.813903 ], [ 9.178773, 48.8143536 ], [ 9.1786138, 48.8145621 ], [ 9.1783767, 48.8148853 ], [ 9.1782457, 48.8150622 ], [ 9.1779177, 48.8155114 ], [ 9.1777883, 48.8156819 ], [ 9.1777711, 48.8157077 ], [ 9.177677, 48.8158323 ], [ 9.1775763, 48.8159687 ], [ 9.1772239, 48.8164885 ], [ 9.1770844, 48.8167164 ], [ 9.1769345, 48.8169616 ], [ 9.1763281, 48.8178496 ], [ 9.1761673, 48.8180884 ], [ 9.1760118, 48.8183227 ], [ 9.1759223, 48.8184906 ], [ 9.1758731, 48.8186026 ], [ 9.1758247, 48.8187249 ], [ 9.1758143, 48.818763 ], [ 9.175795, 48.8188917 ], [ 9.1757693, 48.8190274 ], [ 9.1757343, 48.8191716 ], [ 9.1756004, 48.8196169 ], [ 9.1755841, 48.8196765 ], [ 9.1755312, 48.8198276 ], [ 9.1755078, 48.8198749 ], [ 9.1754659, 48.8199319 ], [ 9.1753747, 48.8200214 ], [ 9.1752894, 48.8200976 ], [ 9.1752041, 48.8201841 ], [ 9.1751857, 48.820207 ], [ 9.1751097, 48.8203014 ], [ 9.1747135, 48.8207569 ], [ 9.1744635, 48.8210433 ], [ 9.174239, 48.8213012 ], [ 9.1740516, 48.8215285 ], [ 9.1737919, 48.8219009 ], [ 9.1736704, 48.8220836 ], [ 9.1736145, 48.822164 ], [ 9.1735834, 48.8222261 ], [ 9.1735764, 48.8222577 ], [ 9.1735787, 48.8222942 ], [ 9.1735878, 48.8223308 ], [ 9.1736014, 48.822361 ], [ 9.1736343, 48.8224027 ], [ 9.1736717, 48.8224367 ], [ 9.1737176, 48.8224703 ], [ 9.1737896, 48.8225174 ], [ 9.1738814, 48.8225697 ], [ 9.1739595, 48.8226105 ], [ 9.1740119, 48.8226345 ] ] } },
{ "type": "Feature", "properties": { "segment_id": "S603", "corridor_id": "B 10", "highway": "trunk", "length": 442.9850354065648, "metapath_priority": "None", "is_metapath_hard": false, "metapath_pairs": "" }, "geometry": { "type": "LineString", "coordinates": [ [ 9.1656632, 48.8416615 ], [ 9.1644709, 48.841406 ], [ 9.163995, 48.8413063 ], [ 9.1633514, 48.8411792 ], [ 9.1625505, 48.8410418 ], [ 9.1617679, 48.8409186 ], [ 9.1606442, 48.8407735 ], [ 9.1602136, 48.8407297 ], [ 9.1598034, 48.8406898 ] ] } },
{ "type": "Feature", "properties": { "segment_id": "S604", "corridor_id": "B 10", "highway": "trunk", "length": 1554.85973372528, "metapath_priority": "None", "is_metapath_hard": false, "metapath_pairs": "" }, "geometry": { "type": "LineString", "coordinates": [ [ 9.1555702, 48.8405014 ], [ 9.1540259, 48.8405104 ], [ 9.1531619, 48.8405174 ], [ 9.1527805, 48.8405234 ], [ 9.151454, 48.840518 ], [ 9.1502138, 48.8404921 ], [ 9.1487555, 48.8404136 ], [ 9.147443, 48.8402911 ], [ 9.1462645, 48.8401622 ], [ 9.1452171, 48.8400447 ], [ 9.1447368, 48.8399965 ], [ 9.1442658, 48.8399584 ], [ 9.1439134, 48.8399409 ], [ 9.1436089, 48.839933 ], [ 9.1432589, 48.8399329 ], [ 9.1429222, 48.8399406 ], [ 9.1424974, 48.8399668 ], [ 9.1421106, 48.839998 ], [ 9.1418583, 48.8400275 ], [ 9.1415081, 48.8400674 ], [ 9.1412626, 48.8401135 ], [ 9.1409396, 48.8401745 ], [ 9.140437, 48.8403091 ], [ 9.1399784, 48.8404397 ], [ 9.1394599, 48.8406192 ], [ 9.1387818, 48.8409016 ], [ 9.13817, 48.8411877 ], [ 9.137791, 48.8413743 ], [ 9.1375877, 48.8414835 ], [ 9.1374015, 48.8415896 ], [ 9.1362581, 48.8422823 ], [ 9.135682, 48.8426483 ] ] } },
{ "type": "Feature", "properties": { "segment_id": "S605", "corridor_id": "B 10", "highway": "trunk", "length": 156.15589082938851, "metapath_priority": "None", "is_metapath_hard": false, "metapath_pairs": "" }, "geometry": { "type": "LineString", "coordinates": [ [ 9.1179163, 48.8531794 ], [ 9.1178862, 48.8532 ], [ 9.1176392, 48.8533651 ], [ 9.1170162, 48.8537721 ], [ 9.1164032, 48.8541698 ] ] } },
{ "type": "Feature", "properties": { "segment_id": "S606", "corridor_id": "B 10", "highway": "trunk", "length": 223.59495330338453, "metapath_priority": "None", "is_metapath_hard": false, "metapath_pairs": "" }, "geometry": { "type": "LineString", "coordinates": [ [ 9.1165155, 48.8539411 ], [ 9.1170965, 48.8535689 ], [ 9.1174419, 48.853337 ], [ 9.1177806, 48.853107 ], [ 9.118653, 48.8525043 ] ] } },
{ "type": "Feature", "properties": { "segment_id": "S607", "corridor_id": "B 10", "highway": "trunk", "length": 105.23079882641566, "metapath_priority": "None", "is_metapath_hard": false, "metapath_pairs": "" }, "geometry": { "type": "LineString", "coordinates": [ [ 9.1154571, 48.8545819 ], [ 9.1165155, 48.8539411 ] ] } },
{ "type": "Feature", "properties": { "segment_id": "S608", "corridor_id": "segment_608", "highway": "trunk_link", "length": 155.50853278883744, "metapath_priority": "None", "is_metapath_hard": false, "metapath_pairs": "" }, "geometry": { "type": "LineString", "coordinates": [ [ 9.1154571, 48.8545819 ], [ 9.1154841, 48.8544875 ], [ 9.1155543, 48.8543586 ], [ 9.1155658, 48.8542645 ], [ 9.1155569, 48.8541404 ], [ 9.1154863, 48.8538874 ], [ 9.115307, 48.8532079 ] ] } },
{ "type": "Feature", "properties": { "segment_id": "S609", "corridor_id": "B 27a", "highway": "primary_link", "length": 236.25067513139328, "metapath_priority": "None", "is_metapath_hard": false, "metapath_pairs": "" }, "geometry": { "type": "LineString", "coordinates": [ [ 9.1767733, 48.7710284 ], [ 9.1762558, 48.7708961 ], [ 9.1758183, 48.7706569 ], [ 9.1756844, 48.7705727 ], [ 9.1756001, 48.7705272 ], [ 9.1751731, 48.7702828 ], [ 9.175051, 48.7702059 ], [ 9.1747191, 48.7700019 ], [ 9.1744406, 48.7698718 ], [ 9.1741932, 48.7697904 ] ] } },
{ "type": "Feature", "properties": { "segment_id": "S610", "corridor_id": "B 14", "highway": "primary", "length": 137.92247830864386, "metapath_priority": "None", "is_metapath_hard": false, "metapath_pairs": "" }, "geometry": { "type": "LineString", "coordinates": [ [ 9.1767733, 48.7710284 ], [ 9.1763924, 48.7708057 ], [ 9.1761173, 48.7706557 ], [ 9.1759067, 48.7705454 ], [ 9.1757849, 48.7704853 ], [ 9.1755442, 48.7703425 ], [ 9.175362, 48.7702105 ] ] } },
{ "type": "Feature", "properties": { "segment_id": "S611", "corridor_id": "L 1187", "highway": "trunk", "length": 675.232382515616, "metapath_priority": "None", "is_metapath_hard": false, "metapath_pairs": "" }, "geometry": { "type": "LineString", "coordinates": [ [ 9.1249481, 48.7643314 ], [ 9.1252569, 48.7643141 ], [ 9.125553, 48.7642957 ], [ 9.1259188, 48.764264 ], [ 9.1262457, 48.7642365 ], [ 9.1265491, 48.7642048 ], [ 9.1280181, 48.7640482 ], [ 9.1286972, 48.7639766 ], [ 9.1294352, 48.7638979 ], [ 9.1304958, 48.7637836 ], [ 9.1310882, 48.7637405 ], [ 9.1313439, 48.7637344 ], [ 9.1315886, 48.763734 ], [ 9.1318481, 48.7637397 ], [ 9.1321018, 48.7637529 ], [ 9.132394, 48.7637763 ], [ 9.132698, 48.7638102 ], [ 9.1329136, 48.7638413 ], [ 9.1331261, 48.7638832 ], [ 9.1334146, 48.7639436 ], [ 9.1337325, 48.7640134 ], [ 9.1338866, 48.7640508 ], [ 9.1340169, 48.7640904 ] ] } },
{ "type": "Feature", "properties": { "segment_id": "S612", "corridor_id": "L 1187", "highway": "trunk", "length": 11.641363861688321, "metapath_priority": "None", "is_metapath_hard": false, "metapath_pairs": "" }, "geometry": { "type": "LineString", "coordinates": [ [ 9.1249481, 48.7643314 ], [ 9.1249334, 48.7642966 ], [ 9.1249151, 48.7642291 ] ] } },
{ "type": "Feature", "properties": { "segment_id": "S613", "corridor_id": "A 81", "highway": "motorway", "length": 703.17223023601753, "metapath_priority": "None", "is_metapath_hard": false, "metapath_pairs": "" }, "geometry": { "type": "LineString", "coordinates": [ [ 9.06867, 48.726522 ], [ 9.0683844, 48.7263989 ], [ 9.0680042, 48.7262366 ], [ 9.0676414, 48.7260773 ], [ 9.0672738, 48.7259115 ], [ 9.0668415, 48.7257164 ], [ 9.0664411, 48.7255336 ], [ 9.0658813, 48.7252706 ], [ 9.0655117, 48.7250949 ], [ 9.064895, 48.724796 ], [ 9.0644194, 48.7245605 ], [ 9.0639719, 48.724334 ], [ 9.0635752, 48.724131 ], [ 9.0631762, 48.7239244 ], [ 9.0625999, 48.723617 ], [ 9.0623736, 48.7234954 ], [ 9.0620273, 48.7233067 ], [ 9.061764, 48.7231623 ], [ 9.0614904, 48.7230088 ], [ 9.0610034, 48.7227344 ] ] } },
{ "type": "Feature", "properties": { "segment_id": "S614", "corridor_id": "B 295", "highway": "primary", "length": 502.69108749474503, "metapath_priority": "None", "is_metapath_hard": false, "metapath_pairs": "" }, "geometry": { "type": "LineString", "coordinates": [ [ 9.1734308, 48.8115474 ], [ 9.1733388, 48.8115913 ], [ 9.1728185, 48.8118029 ], [ 9.172369, 48.8120568 ], [ 9.1710825, 48.8127774 ], [ 9.1710372, 48.8128028 ], [ 9.1707446, 48.8129816 ], [ 9.1704753, 48.8131679 ], [ 9.1702055, 48.813376 ], [ 9.1700243, 48.8135481 ], [ 9.1699489, 48.8136338 ], [ 9.1698123, 48.8138092 ], [ 9.1695653, 48.8141825 ], [ 9.1694716, 48.8143241 ], [ 9.1693404, 48.8145292 ], [ 9.169293, 48.8146257 ], [ 9.1692115, 48.8147792 ], [ 9.1691413, 48.8149265 ] ] } },
{ "type": "Feature", "properties": { "segment_id": "S615", "corridor_id": "B 14", "highway": "primary_link", "length": 124.75519634610701, "metapath_priority": "None", "is_metapath_hard": false, "metapath_pairs": "" }, "geometry": { "type": "LineString", "coordinates": [ [ 9.1804066, 48.7740516 ], [ 9.1801797, 48.7738867 ], [ 9.1800255, 48.7737743 ], [ 9.1797025, 48.773535 ], [ 9.1794322, 48.773316 ], [ 9.1793635, 48.773178 ] ] } },
{ "type": "Feature", "properties": { "segment_id": "S616", "corridor_id": "B 14", "highway": "trunk_link", "length": 32.694537310590903, "metapath_priority": "None", "is_metapath_hard": false, "metapath_pairs": "" }, "geometry": { "type": "LineString", "coordinates": [ [ 9.2423905, 48.7892822 ], [ 9.2422388, 48.7892186 ], [ 9.2421052, 48.7891609 ], [ 9.2420169, 48.7891214 ] ] } },
{ "type": "Feature", "properties": { "segment_id": "S617", "corridor_id": "B 295", "highway": "primary", "length": 195.78841140730526, "metapath_priority": "None", "is_metapath_hard": false, "metapath_pairs": "" }, "geometry": { "type": "LineString", "coordinates": [ [ 9.0807116, 48.8226132 ], [ 9.0811151, 48.8225494 ], [ 9.0814961, 48.8224839 ], [ 9.081792, 48.8224435 ], [ 9.082078, 48.8224102 ], [ 9.0822939, 48.82237 ], [ 9.0826495, 48.8222954 ], [ 9.0830274, 48.8222168 ], [ 9.083291, 48.8221565 ] ] } },
{ "type": "Feature", "properties": { "segment_id": "S618", "corridor_id": "A 81", "highway": "motorway_link", "length": 42.418863290357123, "metapath_priority": "None", "is_metapath_hard": false, "metapath_pairs": "" }, "geometry": { "type": "LineString", "coordinates": [ [ 9.1472584, 48.8853016 ], [ 9.1475108, 48.8851711 ], [ 9.1475535, 48.8851256 ], [ 9.1475749, 48.8850917 ], [ 9.1475846, 48.8850729 ], [ 9.1476076, 48.8850145 ] ] } },
{ "type": "Feature", "properties": { "segment_id": "S619", "corridor_id": "B 27", "highway": "primary", "length": 1134.4729650938457, "metapath_priority": "None", "is_metapath_hard": false, "metapath_pairs": "" }, "geometry": { "type": "LineString", "coordinates": [ [ 9.1834692, 48.7753227 ], [ 9.1836684, 48.7752258 ], [ 9.1842905, 48.7749236 ], [ 9.1848258, 48.7746749 ], [ 9.1851886, 48.7744748 ], [ 9.1852385, 48.7744477 ], [ 9.1853723, 48.7743707 ], [ 9.1855813, 48.7742427 ], [ 9.1862547, 48.7738367 ], [ 9.1863581, 48.7737747 ], [ 9.1865119, 48.7736822 ], [ 9.1865888, 48.7736355 ], [ 9.1867088, 48.7735484 ], [ 9.1867847, 48.7734938 ], [ 9.1868432, 48.7734496 ], [ 9.1869147, 48.7733933 ], [ 9.1869532, 48.7733581 ], [ 9.1869968, 48.7733053 ], [ 9.1870349, 48.7732322 ], [ 9.1870464, 48.7731919 ], [ 9.1870518, 48.7731506 ], [ 9.1870662, 48.7730689 ], [ 9.1871082, 48.7726596 ], [ 9.1871277, 48.7725586 ], [ 9.1871409, 48.7724769 ], [ 9.1871692, 48.772367 ], [ 9.1871926, 48.7722863 ], [ 9.1872079, 48.7722034 ], [ 9.1872158, 48.7721051 ], [ 9.1872073, 48.7718315 ], [ 9.1872028, 48.7716875 ], [ 9.1872013, 48.7716401 ], [ 9.1871879, 48.7713916 ], [ 9.1871795, 48.7711769 ], [ 9.1871754, 48.771051 ], [ 9.1871707, 48.7709606 ], [ 9.1871538, 48.7708696 ], [ 9.1871267, 48.7707907 ], [ 9.1870902, 48.7707255 ], [ 9.1870252, 48.7706508 ], [ 9.1869575, 48.7705956 ], [ 9.1868519, 48.7705029 ], [ 9.1867019, 48.7703878 ], [ 9.1864492, 48.7701961 ], [ 9.1863621, 48.770131 ], [ 9.1862349, 48.7700319 ], [ 9.1856748, 48.7695962 ], [ 9.1853957, 48.7693787 ], [ 9.1845887, 48.768748 ], [ 9.184339, 48.7685507 ], [ 9.1840055, 48.7683035 ], [ 9.1837207, 48.7680822 ], [ 9.1834293, 48.7678533 ], [ 9.1832158, 48.7676927 ], [ 9.1831632, 48.7676492 ], [ 9.1830967, 48.7675842 ], [ 9.1830506, 48.7675028 ], [ 9.1830365, 48.7674205 ], [ 9.1830365, 48.7673772 ], [ 9.1830449, 48.767327 ], [ 9.1830778, 48.7672789 ], [ 9.1831677, 48.7672029 ] ] } },
{ "type": "Feature", "properties": { "segment_id": "S620", "corridor_id": "B 14", "highway": "trunk_link", "length": 266.99434393447933, "metapath_priority": "None", "is_metapath_hard": false, "metapath_pairs": "" }, "geometry": { "type": "LineString", "coordinates": [ [ 9.239704, 48.7910215 ], [ 9.2396198, 48.7909555 ], [ 9.239459, 48.7908291 ], [ 9.2394046, 48.7907802 ], [ 9.2393563, 48.7907325 ], [ 9.2393171, 48.790681 ], [ 9.2392905, 48.7906341 ], [ 9.2392676, 48.7905896 ], [ 9.2392495, 48.7905414 ], [ 9.239229, 48.790458 ], [ 9.2392208, 48.7903617 ], [ 9.2392259, 48.790109 ], [ 9.2392184, 48.790027 ], [ 9.2392017, 48.7899451 ], [ 9.2391839, 48.7898921 ], [ 9.2391609, 48.7898409 ], [ 9.2391247, 48.7897841 ], [ 9.2390815, 48.7897297 ], [ 9.2390241, 48.7896703 ], [ 9.238954, 48.7896014 ], [ 9.2388754, 48.7895359 ], [ 9.2387861, 48.7894738 ], [ 9.2386642, 48.7893988 ], [ 9.2385601, 48.7893439 ], [ 9.2383875, 48.7892591 ], [ 9.2379625, 48.7890723 ] ] } },
{ "type": "Feature", "properties": { "segment_id": "S621", "corridor_id": "segment_621", "highway": "trunk_link", "length": 84.424173063411303, "metapath_priority": "None", "is_metapath_hard": false, "metapath_pairs": "" }, "geometry": { "type": "LineString", "coordinates": [ [ 9.2772331, 48.7402424 ], [ 9.2775096, 48.7402724 ], [ 9.2778147, 48.7403034 ], [ 9.2780533, 48.7403243 ], [ 9.2781073, 48.7403335 ], [ 9.2783507, 48.7404041 ] ] } },
{ "type": "Feature", "properties": { "segment_id": "S622", "corridor_id": "L 1100", "highway": "trunk_link", "length": 12.462154987234673, "metapath_priority": "None", "is_metapath_hard": false, "metapath_pairs": "" }, "geometry": { "type": "LineString", "coordinates": [ [ 9.2402552, 48.7911426 ], [ 9.240143, 48.7911969 ], [ 9.2401173, 48.7912082 ] ] } },
{ "type": "Feature", "properties": { "segment_id": "S623", "corridor_id": "B 10;B 14", "highway": "trunk", "length": 406.40209002168558, "metapath_priority": "None", "is_metapath_hard": false, "metapath_pairs": "" }, "geometry": { "type": "LineString", "coordinates": [ [ 9.2196191, 48.7908401 ], [ 9.2189556, 48.7913547 ], [ 9.2185547, 48.7916967 ], [ 9.2184251, 48.7918044 ], [ 9.2180639, 48.7921469 ], [ 9.2178141, 48.7924024 ], [ 9.2175583, 48.7926699 ], [ 9.2170876, 48.7931991 ], [ 9.2165046, 48.7938545 ] ] } },
{ "type": "Feature", "properties": { "segment_id": "S624", "corridor_id": "B 27", "highway": "primary", "length": 684.43824199469918, "metapath_priority": "None", "is_metapath_hard": false, "metapath_pairs": "" }, "geometry": { "type": "LineString", "coordinates": [ [ 9.180455, 48.7627065 ], [ 9.1806055, 48.7629733 ], [ 9.1807527, 48.7632193 ], [ 9.1808327, 48.7633551 ], [ 9.1808908, 48.7634755 ], [ 9.1809053, 48.7635628 ], [ 9.180915, 48.7636212 ], [ 9.1809157, 48.763678 ], [ 9.1809051, 48.7637697 ], [ 9.180874, 48.7638832 ], [ 9.1808409, 48.7639829 ], [ 9.1807278, 48.7643174 ], [ 9.1807012, 48.7644566 ], [ 9.1806956, 48.7645743 ], [ 9.1807115, 48.7647806 ], [ 9.1807851, 48.7650439 ], [ 9.1808842, 48.7652575 ], [ 9.1810108, 48.7654594 ], [ 9.1811106, 48.7655841 ], [ 9.1812795, 48.7657382 ], [ 9.1814082, 48.7658493 ], [ 9.1814678, 48.7659008 ], [ 9.1816305, 48.7660229 ], [ 9.1817318, 48.766093 ], [ 9.1818884, 48.7662036 ], [ 9.1819765, 48.7662772 ], [ 9.1820647, 48.7663754 ], [ 9.1820814, 48.7663911 ], [ 9.1821282, 48.7664335 ], [ 9.1821788, 48.7664769 ], [ 9.1822364, 48.766506 ], [ 9.1823185, 48.7665329 ], [ 9.1823778, 48.7665437 ], [ 9.1824462, 48.7665482 ], [ 9.1825197, 48.7665444 ], [ 9.1826118, 48.766526 ], [ 9.1826901, 48.766495 ], [ 9.1828967, 48.7663687 ], [ 9.1829586, 48.7663411 ], [ 9.1830221, 48.7663168 ], [ 9.1831019, 48.7662996 ], [ 9.1832073, 48.7662869 ], [ 9.1832456, 48.7662858 ], [ 9.1832662, 48.766285 ], [ 9.1833347, 48.7662898 ], [ 9.183415, 48.7663053 ], [ 9.1835136, 48.7663391 ], [ 9.1836001, 48.7663899 ], [ 9.1836296, 48.7664142 ], [ 9.1836531, 48.7664335 ], [ 9.1836983, 48.7664795 ], [ 9.1837208, 48.7665144 ], [ 9.1837352, 48.7665478 ], [ 9.1837415, 48.7665972 ], [ 9.1837378, 48.7666368 ], [ 9.1837207, 48.7666955 ], [ 9.1836977, 48.7667334 ], [ 9.1836561, 48.7667791 ], [ 9.183455, 48.7669464 ], [ 9.1832829, 48.7670885 ], [ 9.1832393, 48.7671275 ], [ 9.1832041, 48.7671588 ], [ 9.1831677, 48.7672029 ] ] } },
{ "type": "Feature", "properties": { "segment_id": "S625", "corridor_id": "B 27", "highway": "primary", "length": 365.30964873842208, "metapath_priority": "None", "is_metapath_hard": false, "metapath_pairs": "" }, "geometry": { "type": "LineString", "coordinates": [ [ 9.180455, 48.7627065 ], [ 9.1803299, 48.7625804 ], [ 9.180218, 48.7624711 ], [ 9.1800873, 48.7623837 ], [ 9.1800347, 48.7623563 ], [ 9.179874, 48.7622805 ], [ 9.1797444, 48.7621897 ], [ 9.179621, 48.7620713 ], [ 9.1795726, 48.7619805 ], [ 9.1795276, 48.7618712 ], [ 9.1795096, 48.7617431 ], [ 9.1795276, 48.7616153 ], [ 9.1795754, 48.76149 ], [ 9.1796378, 48.7613975 ], [ 9.1797146, 48.761313 ], [ 9.1798478, 48.7612047 ], [ 9.1800184, 48.7611119 ], [ 9.1802361, 48.761042 ], [ 9.1805191, 48.7609535 ], [ 9.18075, 48.7608382 ], [ 9.1809133, 48.7607168 ], [ 9.1810687, 48.7605601 ], [ 9.1812122, 48.7603322 ], [ 9.1813574, 48.7601528 ] ] } },
{ "type": "Feature", "properties": { "segment_id": "S626", "corridor_id": "segment_626", "highway": "primary_link", "length": 103.11512949718323, "metapath_priority": "None", "is_metapath_hard": false, "metapath_pairs": "" }, "geometry": { "type": "LineString", "coordinates": [ [ 9.1534713, 48.9223912 ], [ 9.1532366, 48.9225582 ], [ 9.15301, 48.9227357 ], [ 9.1527826, 48.9228944 ], [ 9.1527192, 48.9229407 ], [ 9.1526983, 48.922963 ], [ 9.1526859, 48.922985 ], [ 9.1526623, 48.9230527 ], [ 9.1526617, 48.9230759 ], [ 9.1526753, 48.9231208 ] ] } },
{ "type": "Feature", "properties": { "segment_id": "S627", "corridor_id": "segment_627", "highway": "primary_link", "length": 309.50041400070978, "metapath_priority": "None", "is_metapath_hard": false, "metapath_pairs": "" }, "geometry": { "type": "LineString", "coordinates": [ [ 9.1534713, 48.9223912 ], [ 9.1535639, 48.9223734 ], [ 9.1537219, 48.9223501 ], [ 9.153848, 48.9223355 ], [ 9.1539766, 48.9223238 ], [ 9.1541108, 48.9223175 ], [ 9.1542377, 48.922319 ], [ 9.1543501, 48.9223271 ], [ 9.1544171, 48.922337 ], [ 9.1545398, 48.9223599 ], [ 9.1546254, 48.9223824 ], [ 9.1546642, 48.9223956 ], [ 9.1547643, 48.9224296 ], [ 9.1549252, 48.9224971 ], [ 9.155009, 48.9225385 ], [ 9.1550794, 48.9225795 ], [ 9.1552027, 48.922679 ], [ 9.1552507, 48.9227204 ], [ 9.155302, 48.9227698 ], [ 9.155379, 48.9228555 ], [ 9.1554158, 48.9229125 ], [ 9.1554677, 48.9229945 ], [ 9.1555128, 48.9230852 ], [ 9.1555381, 48.9231754 ], [ 9.155552, 48.9232507 ], [ 9.1555624, 48.9233576 ], [ 9.1555603, 48.9234957 ], [ 9.1555378, 48.9236345 ], [ 9.1554853, 48.9238016 ], [ 9.1554141, 48.9239592 ], [ 9.1553628, 48.9240511 ], [ 9.1553095, 48.9241214 ] ] } },
{ "type": "Feature", "properties": { "segment_id": "S628", "corridor_id": "segment_628", "highway": "primary_link", "length": 79.979590501680946, "metapath_priority": "None", "is_metapath_hard": false, "metapath_pairs": "" }, "geometry": { "type": "LineString", "coordinates": [ [ 9.1534713, 48.9223912 ], [ 9.1533239, 48.9224244 ], [ 9.1532076, 48.922456 ], [ 9.15304, 48.9225404 ], [ 9.152898, 48.9226371 ], [ 9.1528411, 48.9226778 ], [ 9.1526323, 48.9228312 ] ] } },
{ "type": "Feature", "properties": { "segment_id": "S629", "corridor_id": "segment_629", "highway": "primary_link", "length": 27.869439131057323, "metapath_priority": "None", "is_metapath_hard": false, "metapath_pairs": "" }, "geometry": { "type": "LineString", "coordinates": [ [ 9.1722784, 48.7518975 ], [ 9.1723289, 48.7518445 ], [ 9.1723751, 48.7517343 ], [ 9.1724046, 48.7516632 ] ] } },
{ "type": "Feature", "properties": { "segment_id": "S630", "corridor_id": "B 27", "highway": "primary", "length": 50.127155940738461, "metapath_priority": "None", "is_metapath_hard": false, "metapath_pairs": "" }, "geometry": { "type": "LineString", "coordinates": [ [ 9.1722784, 48.7518975 ], [ 9.1723014, 48.7517619 ], [ 9.1723065, 48.7516325 ], [ 9.1722569, 48.7514505 ] ] } },
{ "type": "Feature", "properties": { "segment_id": "S631", "corridor_id": "Arnulf-Klett-Platz", "highway": "primary", "length": 13.741261032255419, "metapath_priority": "None", "is_metapath_hard": false, "metapath_pairs": "" }, "geometry": { "type": "LineString", "coordinates": [ [ 9.17913, 48.7841816 ], [ 9.1789703, 48.7842464 ] ] } },
{ "type": "Feature", "properties": { "segment_id": "S632", "corridor_id": "B 27", "highway": "primary", "length": 22.024161877227257, "metapath_priority": "None", "is_metapath_hard": false, "metapath_pairs": "" }, "geometry": { "type": "LineString", "coordinates": [ [ 9.17913, 48.7841816 ], [ 9.1791402, 48.7841897 ], [ 9.1792193, 48.7842601 ], [ 9.1793211, 48.7843342 ] ] } },
{ "type": "Feature", "properties": { "segment_id": "S633", "corridor_id": "segment_633", "highway": "primary_link", "length": 10.171799979749364, "metapath_priority": "None", "is_metapath_hard": false, "metapath_pairs": "" }, "geometry": { "type": "LineString", "coordinates": [ [ 9.1788378, 48.784219 ], [ 9.1788156, 48.7843093 ] ] } },
{ "type": "Feature", "properties": { "segment_id": "S634", "corridor_id": "segment_634", "highway": "primary_link", "length": 7.004550711346579, "metapath_priority": "None", "is_metapath_hard": false, "metapath_pairs": "" }, "geometry": { "type": "LineString", "coordinates": [ [ 9.1788378, 48.784219 ], [ 9.1789103, 48.784205 ], [ 9.1789301, 48.7842029 ] ] } },
{ "type": "Feature", "properties": { "segment_id": "S635", "corridor_id": "segment_635", "highway": "primary_link", "length": 18.071463775407775, "metapath_priority": "None", "is_metapath_hard": false, "metapath_pairs": "" }, "geometry": { "type": "LineString", "coordinates": [ [ 9.1788776, 48.7841094 ], [ 9.1786368, 48.7841446 ] ] } },
{ "type": "Feature", "properties": { "segment_id": "S636", "corridor_id": "segment_636", "highway": "primary_link", "length": 12.530982571383788, "metapath_priority": "None", "is_metapath_hard": false, "metapath_pairs": "" }, "geometry": { "type": "LineString", "coordinates": [ [ 9.1788776, 48.7841094 ], [ 9.1788378, 48.784219 ] ] } },
{ "type": "Feature", "properties": { "segment_id": "S637", "corridor_id": "B 27", "highway": "primary", "length": 8.8372660399690783, "metapath_priority": "None", "is_metapath_hard": false, "metapath_pairs": "" }, "geometry": { "type": "LineString", "coordinates": [ [ 9.1788156, 48.7843093 ], [ 9.1787445, 48.7842451 ] ] } },
{ "type": "Feature", "properties": { "segment_id": "S638", "corridor_id": "segment_638", "highway": "primary_link", "length": 5.8768906724930527, "metapath_priority": "None", "is_metapath_hard": false, "metapath_pairs": "" }, "geometry": { "type": "LineString", "coordinates": [ [ 9.1789932, 48.7840907 ], [ 9.1789153, 48.7841033 ] ] } },
{ "type": "Feature", "properties": { "segment_id": "S639", "corridor_id": "B 27", "highway": "primary", "length": 14.234502732982685, "metapath_priority": "None", "is_metapath_hard": false, "metapath_pairs": "" }, "geometry": { "type": "LineString", "coordinates": [ [ 9.1789932, 48.7840907 ], [ 9.17913, 48.7841816 ] ] } },
{ "type": "Feature", "properties": { "segment_id": "S640", "corridor_id": "B 14", "highway": "primary_link", "length": 28.984983658472878, "metapath_priority": "None", "is_metapath_hard": false, "metapath_pairs": "" }, "geometry": { "type": "LineString", "coordinates": [ [ 9.1827499, 48.7754021 ], [ 9.1827003, 48.7754838 ], [ 9.1826493, 48.77552 ], [ 9.1825832, 48.7755442 ], [ 9.1824742, 48.7755595 ] ] } },
{ "type": "Feature", "properties": { "segment_id": "S641", "corridor_id": "B 27", "highway": "primary_link", "length": 27.762976722677909, "metapath_priority": "None", "is_metapath_hard": false, "metapath_pairs": "" }, "geometry": { "type": "LineString", "coordinates": [ [ 9.1827499, 48.7754021 ], [ 9.1827827, 48.7754587 ], [ 9.1827945, 48.775512 ], [ 9.1828056, 48.7755701 ], [ 9.182807, 48.7755915 ], [ 9.1828105, 48.7756467 ] ] } },
{ "type": "Feature", "properties": { "segment_id": "S642", "corridor_id": "B 27", "highway": "primary_link", "length": 12.108720514337673, "metapath_priority": "None", "is_metapath_hard": false, "metapath_pairs": "" }, "geometry": { "type": "LineString", "coordinates": [ [ 9.182984, 48.776129 ], [ 9.1829699, 48.7760557 ], [ 9.1829657, 48.7760208 ] ] } },
{ "type": "Feature", "properties": { "segment_id": "S643", "corridor_id": "B 14", "highway": "primary_link", "length": 16.227121786005863, "metapath_priority": "None", "is_metapath_hard": false, "metapath_pairs": "" }, "geometry": { "type": "LineString", "coordinates": [ [ 9.182984, 48.776129 ], [ 9.1830044, 48.7761045 ], [ 9.1830393, 48.7760799 ], [ 9.1830912, 48.7760634 ], [ 9.1831615, 48.7760625 ] ] } },
{ "type": "Feature", "properties": { "segment_id": "S644", "corridor_id": "B 14", "highway": "primary_link", "length": 37.07733452276802, "metapath_priority": "None", "is_metapath_hard": false, "metapath_pairs": "" }, "geometry": { "type": "LineString", "coordinates": [ [ 9.183512, 48.7755116 ], [ 9.1833337, 48.7755213 ], [ 9.1832259, 48.7755584 ], [ 9.1831159, 48.775587 ], [ 9.1830314, 48.7756012 ] ] } },
{ "type": "Feature", "properties": { "segment_id": "S645", "corridor_id": "B 27", "highway": "primary", "length": 40.09269961456647, "metapath_priority": "None", "is_metapath_hard": false, "metapath_pairs": "" }, "geometry": { "type": "LineString", "coordinates": [ [ 9.183512, 48.7755116 ], [ 9.1833626, 48.775584 ], [ 9.1833218, 48.775606 ], [ 9.1832686, 48.7756458 ], [ 9.1832032, 48.7756983 ], [ 9.1831419, 48.7757704 ] ] } },
{ "type": "Feature", "properties": { "segment_id": "S646", "corridor_id": "Richard-von-Weizsäcker-Planie", "highway": "primary_link", "length": 16.786718535350161, "metapath_priority": "None", "is_metapath_hard": false, "metapath_pairs": "" }, "geometry": { "type": "LineString", "coordinates": [ [ 9.1824859, 48.7762644 ], [ 9.1825779, 48.7762721 ], [ 9.182617, 48.7762838 ], [ 9.1826423, 48.7763051 ], [ 9.182664, 48.7763365 ] ] } },
{ "type": "Feature", "properties": { "segment_id": "S647", "corridor_id": "B 27", "highway": "primary", "length": 21.213213671339595, "metapath_priority": "None", "is_metapath_hard": false, "metapath_pairs": "" }, "geometry": { "type": "LineString", "coordinates": [ [ 9.1824859, 48.7762644 ], [ 9.1825769, 48.7761685 ], [ 9.1826352, 48.776101 ] ] } },
{ "type": "Feature", "properties": { "segment_id": "S648", "corridor_id": "B 27", "highway": "primary", "length": 42.112817946446484, "metapath_priority": "None", "is_metapath_hard": false, "metapath_pairs": "" }, "geometry": { "type": "LineString", "coordinates": [ [ 9.182664, 48.7763365 ], [ 9.1825728, 48.776466 ], [ 9.1824288, 48.7766163 ], [ 9.1823771, 48.7766635 ] ] } },
{ "type": "Feature", "properties": { "segment_id": "S649", "corridor_id": "Gebhard-Müller-Platz", "highway": "primary_link", "length": 7.2777312869110764, "metapath_priority": "None", "is_metapath_hard": false, "metapath_pairs": "" }, "geometry": { "type": "LineString", "coordinates": [ [ 9.1868719, 48.7813599 ], [ 9.1869185, 48.7814177 ] ] } },
{ "type": "Feature", "properties": { "segment_id": "S650", "corridor_id": "Gebhard-Müller-Platz", "highway": "primary_link", "length": 10.728450964144375, "metapath_priority": "None", "is_metapath_hard": false, "metapath_pairs": "" }, "geometry": { "type": "LineString", "coordinates": [ [ 9.1868719, 48.7813599 ], [ 9.1868027, 48.781359 ], [ 9.1867255, 48.7813582 ] ] } },
{ "type": "Feature", "properties": { "segment_id": "S651", "corridor_id": "Gebhard-Müller-Platz", "highway": "primary", "length": 23.859134779912541, "metapath_priority": "None", "is_metapath_hard": false, "metapath_pairs": "" }, "geometry": { "type": "LineString", "coordinates": [ [ 9.185828, 48.7815758 ], [ 9.1860784, 48.7815005 ], [ 9.1861243, 48.7814868 ] ] } },
{ "type": "Feature", "properties": { "segment_id": "S652", "corridor_id": "Gebhard-Müller-Platz", "highway": "primary_link", "length": 66.067903131138635, "metapath_priority": "None", "is_metapath_hard": false, "metapath_pairs": "" }, "geometry": { "type": "LineString", "coordinates": [ [ 9.185828, 48.7815758 ], [ 9.186014, 48.7814273 ], [ 9.1860905, 48.7813615 ], [ 9.1861257, 48.7813227 ], [ 9.186159, 48.7812764 ], [ 9.1861782, 48.7812195 ], [ 9.1861829, 48.7811722 ], [ 9.1861796, 48.781124 ], [ 9.1861665, 48.7810562 ] ] } },
{ "type": "Feature", "properties": { "segment_id": "S653", "corridor_id": "segment_653", "highway": "trunk_link", "length": 573.30996572218794, "metapath_priority": "None", "is_metapath_hard": false, "metapath_pairs": "" }, "geometry": { "type": "LineString", "coordinates": [ [ 9.265155, 48.7485398 ], [ 9.2651618, 48.7486686 ], [ 9.2651608, 48.7486901 ], [ 9.2651549, 48.7487156 ], [ 9.2651307, 48.7487737 ], [ 9.2650668, 48.7489534 ], [ 9.2650049, 48.7491505 ], [ 9.2649666, 48.7492484 ], [ 9.2649278, 48.7493441 ], [ 9.2648846, 48.7494292 ], [ 9.2648339, 48.7495237 ], [ 9.2647507, 48.7496675 ], [ 9.2646863, 48.7497749 ], [ 9.2646185, 48.7498858 ], [ 9.264537, 48.7500156 ], [ 9.2644153, 48.7502033 ], [ 9.264329, 48.7503335 ], [ 9.2642167, 48.7504987 ], [ 9.2640748, 48.7507056 ], [ 9.2640126, 48.7507941 ], [ 9.2640045, 48.7508079 ], [ 9.2639643, 48.7509042 ], [ 9.2638424, 48.7510773 ], [ 9.2635692, 48.7514627 ], [ 9.2633426, 48.751784 ], [ 9.2631141, 48.7521018 ], [ 9.263022, 48.7522272 ], [ 9.2629352, 48.7523349 ], [ 9.2628778, 48.7524018 ], [ 9.2628086, 48.7524759 ], [ 9.2626859, 48.7526019 ], [ 9.2625585, 48.7527348 ], [ 9.2625172, 48.7527817 ], [ 9.2624619, 48.7528506 ], [ 9.2623995, 48.752938 ], [ 9.2622648, 48.7531305 ], [ 9.2622473, 48.7531492 ], [ 9.262103, 48.7532382 ] ] } },
{ "type": "Feature", "properties": { "segment_id": "S654", "corridor_id": "B 10", "highway": "trunk", "length": 568.86119662135275, "metapath_priority": "None", "is_metapath_hard": false, "metapath_pairs": "" }, "geometry": { "type": "LineString", "coordinates": [ [ 9.265155, 48.7485398 ], [ 9.2650636, 48.7487355 ], [ 9.26499, 48.7488841 ], [ 9.26492, 48.7490184 ], [ 9.264828, 48.7491986 ], [ 9.2647128, 48.7494079 ], [ 9.264574, 48.7496476 ], [ 9.2643422, 48.7500237 ], [ 9.2642395, 48.750181 ], [ 9.2640423, 48.7504778 ], [ 9.2638589, 48.7507425 ], [ 9.2636399, 48.7510557 ], [ 9.2634292, 48.751355 ], [ 9.2632732, 48.751577 ], [ 9.2631147, 48.7518015 ], [ 9.2629018, 48.7521033 ], [ 9.2626153, 48.7525099 ], [ 9.2622957, 48.7529638 ], [ 9.262103, 48.7532382 ] ] } },
{ "type": "Feature", "properties": { "segment_id": "S655", "corridor_id": "B 10", "highway": "primary", "length": 96.639349454248617, "metapath_priority": "None", "is_metapath_hard": false, "metapath_pairs": "" }, "geometry": { "type": "LineString", "coordinates": [ [ 9.0798824, 48.8795465 ], [ 9.0802741, 48.8794337 ], [ 9.0804488, 48.8793718 ], [ 9.0806031, 48.8793171 ], [ 9.0810611, 48.8791549 ] ] } },
{ "type": "Feature", "properties": { "segment_id": "S656", "corridor_id": "B 10", "highway": "primary", "length": 74.064205162946791, "metapath_priority": "None", "is_metapath_hard": false, "metapath_pairs": "" }, "geometry": { "type": "LineString", "coordinates": [ [ 9.0798824, 48.8795465 ], [ 9.0794415, 48.879664 ], [ 9.0792213, 48.8797169 ], [ 9.0789378, 48.8797866 ] ] } },
{ "type": "Feature", "properties": { "segment_id": "S657", "corridor_id": "segment_657", "highway": "primary_link", "length": 51.048714105743031, "metapath_priority": "None", "is_metapath_hard": false, "metapath_pairs": "" }, "geometry": { "type": "LineString", "coordinates": [ [ 9.0798824, 48.8795465 ], [ 9.0796842, 48.8796699 ], [ 9.07964, 48.87972 ], [ 9.0796251, 48.8797778 ], [ 9.0796406, 48.8798448 ], [ 9.0796983, 48.8799322 ] ] } },
{ "type": "Feature", "properties": { "segment_id": "S658", "corridor_id": "A 8", "highway": "motorway", "length": 4870.158571145289, "metapath_priority": "None", "is_metapath_hard": false, "metapath_pairs": "" }, "geometry": { "type": "LineString", "coordinates": [ [ 9.1350879, 48.7096304 ], [ 9.1343701, 48.7095764 ], [ 9.1339226, 48.7095374 ], [ 9.1335134, 48.7094975 ], [ 9.1325371, 48.7093851 ], [ 9.1311075, 48.709225 ], [ 9.1298932, 48.7090941 ], [ 9.1290071, 48.7089966 ], [ 9.1275297, 48.7088303 ], [ 9.1264232, 48.7087043 ], [ 9.1253099, 48.7085848 ], [ 9.1245319, 48.7085213 ], [ 9.1238413, 48.7084762 ], [ 9.1233255, 48.7084558 ], [ 9.1219764, 48.7084484 ], [ 9.121737, 48.7084526 ], [ 9.1210006, 48.7084702 ], [ 9.1203881, 48.7084977 ], [ 9.1198406, 48.7085286 ], [ 9.1190152, 48.7085886 ], [ 9.118173, 48.7086724 ], [ 9.1171924, 48.7087818 ], [ 9.1159498, 48.7089666 ], [ 9.1150524, 48.7091218 ], [ 9.1138914, 48.7093525 ], [ 9.1125141, 48.7096224 ], [ 9.110308, 48.7100525 ], [ 9.1080335, 48.7104967 ], [ 9.1058824, 48.7109183 ], [ 9.1042969, 48.7112273 ], [ 9.1038364, 48.7113192 ], [ 9.1025599, 48.7115677 ], [ 9.10173, 48.7117275 ], [ 9.100998, 48.7118792 ], [ 9.1002055, 48.7120543 ], [ 9.0994127, 48.7122488 ], [ 9.0985843, 48.7124499 ], [ 9.0977203, 48.7126673 ], [ 9.0969466, 48.7128551 ], [ 9.0959461, 48.7131028 ], [ 9.0954767, 48.7132241 ], [ 9.0942777, 48.7135329 ], [ 9.0931217, 48.7138196 ], [ 9.0922394, 48.7140348 ], [ 9.091142, 48.7143064 ], [ 9.0904407, 48.7144825 ], [ 9.0899225, 48.7146234 ], [ 9.0892852, 48.7148122 ], [ 9.0885962, 48.7150353 ], [ 9.0881603, 48.7151907 ], [ 9.0876695, 48.7153734 ], [ 9.087218, 48.7155495 ], [ 9.0867664, 48.7157451 ], [ 9.0859712, 48.7161051 ], [ 9.0855793, 48.7162984 ], [ 9.0851284, 48.7165353 ], [ 9.084735, 48.71675 ], [ 9.0842531, 48.7170314 ], [ 9.0836294, 48.7174183 ], [ 9.0826551, 48.7180208 ], [ 9.0823168, 48.7182377 ], [ 9.0813583, 48.7188465 ], [ 9.0809241, 48.7191165 ], [ 9.0805575, 48.7193492 ], [ 9.0799842, 48.7197099 ], [ 9.0793896, 48.7200841 ], [ 9.0789168, 48.7203781 ], [ 9.0772873, 48.7214087 ], [ 9.0762508, 48.7220656 ], [ 9.0754556, 48.7225627 ], [ 9.0749632, 48.72288 ] ] } },
{ "type": "Feature", "properties": { "segment_id": "S659", "corridor_id": "A 8", "highway": "motorway", "length": 2047.2335854849769, "metapath_priority": "None", "is_metapath_hard": false, "metapath_pairs": "" }, "geometry": { "type": "LineString", "coordinates": [ [ 9.1625294, 48.7067153 ], [ 9.1617769, 48.7068214 ], [ 9.1592492, 48.7071731 ], [ 9.1573407, 48.7074428 ], [ 9.1565654, 48.7075524 ], [ 9.1558571, 48.7076518 ], [ 9.1545024, 48.7078394 ], [ 9.1532044, 48.7080234 ], [ 9.152241, 48.7081568 ], [ 9.1508308, 48.7083533 ], [ 9.1500838, 48.7084569 ], [ 9.1493972, 48.7085515 ], [ 9.1467562, 48.7089225 ], [ 9.144837, 48.7091896 ], [ 9.1436791, 48.7093537 ], [ 9.1424884, 48.7094947 ], [ 9.1420926, 48.7095332 ], [ 9.1413683, 48.7095933 ], [ 9.1405945, 48.709648 ], [ 9.1398677, 48.7096826 ], [ 9.1391892, 48.7096952 ], [ 9.1384616, 48.7097125 ], [ 9.1376869, 48.7097125 ], [ 9.1365933, 48.7096905 ], [ 9.1359288, 48.7096692 ], [ 9.135525, 48.7096551 ], [ 9.1350879, 48.7096304 ] ] } },
{ "type": "Feature", "properties": { "segment_id": "S660", "corridor_id": "B 14", "highway": "trunk_link", "length": 62.485809529938436, "metapath_priority": "None", "is_metapath_hard": false, "metapath_pairs": "" }, "geometry": { "type": "LineString", "coordinates": [ [ 9.2909383, 48.8054802 ], [ 9.2912944, 48.8054073 ], [ 9.2913841, 48.805382 ], [ 9.2914808, 48.8053452 ], [ 9.2915495, 48.8052795 ], [ 9.2916135, 48.8051902 ] ] } },
{ "type": "Feature", "properties": { "segment_id": "S661", "corridor_id": "B 14", "highway": "primary", "length": 182.364164548237, "metapath_priority": "None", "is_metapath_hard": false, "metapath_pairs": "" }, "geometry": { "type": "LineString", "coordinates": [ [ 9.1693818, 48.7644211 ], [ 9.1693938, 48.7643347 ], [ 9.1694357, 48.7641876 ], [ 9.1694601, 48.764119 ], [ 9.1695017, 48.7639776 ], [ 9.1695128, 48.7639464 ], [ 9.1695696, 48.7638316 ], [ 9.1696217, 48.7637288 ], [ 9.16964, 48.7636768 ], [ 9.1696765, 48.763553 ], [ 9.1697166, 48.7633866 ], [ 9.1697483, 48.7630569 ], [ 9.1697653, 48.7629206 ], [ 9.1698117, 48.762812 ] ] } },
{ "type": "Feature", "properties": { "segment_id": "S662", "corridor_id": "B 14", "highway": "primary_link", "length": 15.636754908784328, "metapath_priority": "None", "is_metapath_hard": false, "metapath_pairs": "" }, "geometry": { "type": "LineString", "coordinates": [ [ 9.1695716, 48.7643725 ], [ 9.1694908, 48.7644083 ], [ 9.1694179, 48.7644276 ], [ 9.1693818, 48.7644211 ] ] } },
{ "type": "Feature", "properties": { "segment_id": "S663", "corridor_id": "B 14", "highway": "primary", "length": 43.495825096413888, "metapath_priority": "None", "is_metapath_hard": false, "metapath_pairs": "" }, "geometry": { "type": "LineString", "coordinates": [ [ 9.1695716, 48.7643725 ], [ 9.1695481, 48.7644673 ], [ 9.1695431, 48.7644947 ], [ 9.1695414, 48.7645315 ], [ 9.1695527, 48.7646387 ], [ 9.1695615, 48.7647618 ] ] } },
{ "type": "Feature", "properties": { "segment_id": "S664", "corridor_id": "segment_664", "highway": "motorway_link", "length": 43.675536192425426, "metapath_priority": "None", "is_metapath_hard": false, "metapath_pairs": "" }, "geometry": { "type": "LineString", "coordinates": [ [ 9.149626, 48.706741 ], [ 9.1497051, 48.7068403 ], [ 9.1497743, 48.7069113 ], [ 9.1498759, 48.706987 ], [ 9.1499678, 48.7070602 ] ] } },
{ "type": "Feature", "properties": { "segment_id": "S665", "corridor_id": "A 8", "highway": "motorway", "length": 2275.8260263324009, "metapath_priority": "None", "is_metapath_hard": false, "metapath_pairs": "" }, "geometry": { "type": "LineString", "coordinates": [ [ 9.1450565, 48.7090124 ], [ 9.1455622, 48.7089404 ], [ 9.1467211, 48.7087787 ], [ 9.1480248, 48.7085942 ], [ 9.1493324, 48.7084143 ], [ 9.1500348, 48.7083168 ], [ 9.1507805, 48.7082103 ], [ 9.1519345, 48.7080489 ], [ 9.1524776, 48.7079716 ], [ 9.1528765, 48.7079191 ], [ 9.1535485, 48.7078251 ], [ 9.1547726, 48.7076419 ], [ 9.1554254, 48.7075615 ], [ 9.1572599, 48.707305 ], [ 9.1587623, 48.7070929 ], [ 9.1594869, 48.7069938 ], [ 9.1602374, 48.7068856 ], [ 9.1614738, 48.7067143 ], [ 9.1631798, 48.7064773 ], [ 9.1642387, 48.7063311 ], [ 9.1645681, 48.706284 ], [ 9.1655701, 48.7061459 ], [ 9.1657151, 48.7061264 ], [ 9.1658244, 48.7061117 ], [ 9.1664416, 48.7060264 ], [ 9.1666391, 48.7059965 ], [ 9.1671, 48.7059196 ], [ 9.1676128, 48.7058333 ], [ 9.1679353, 48.7057725 ], [ 9.1685294, 48.705655 ], [ 9.1688996, 48.7055745 ], [ 9.1695358, 48.7054289 ], [ 9.1699157, 48.7053384 ], [ 9.170888, 48.7050884 ], [ 9.1715814, 48.7048916 ], [ 9.1721612, 48.704713 ], [ 9.1727, 48.7045377 ], [ 9.1733814, 48.7043044 ], [ 9.1741207, 48.704029 ], [ 9.1748677, 48.7037343 ] ] } },
{ "type": "Feature", "properties": { "segment_id": "S666", "corridor_id": "A 8", "highway": "motorway_link", "length": 376.55606793957583, "metapath_priority": "None", "is_metapath_hard": false, "metapath_pairs": "" }, "geometry": { "type": "LineString", "coordinates": [ [ 9.1450565, 48.7090124 ], [ 9.1454932, 48.7088527 ], [ 9.1465856, 48.7086335 ], [ 9.1471306, 48.7085459 ], [ 9.1478914, 48.7084357 ], [ 9.1499966, 48.7081446 ] ] } },
{ "type": "Feature", "properties": { "segment_id": "S667", "corridor_id": "A 8", "highway": "motorway", "length": 788.42125046497563, "metapath_priority": "None", "is_metapath_hard": false, "metapath_pairs": "" }, "geometry": { "type": "LineString", "coordinates": [ [ 9.1727919, 48.7046955 ], [ 9.172373, 48.7048183 ], [ 9.1719826, 48.7049385 ], [ 9.1716295, 48.7050456 ], [ 9.1709738, 48.7052311 ], [ 9.17036, 48.7053903 ], [ 9.1698705, 48.7055123 ], [ 9.1692326, 48.7056579 ], [ 9.1686182, 48.7057849 ], [ 9.1682602, 48.7058529 ], [ 9.1679281, 48.7059149 ], [ 9.167601, 48.7059707 ], [ 9.1670712, 48.70606 ], [ 9.166755, 48.7061099 ], [ 9.1664355, 48.7061591 ], [ 9.1657554, 48.7062596 ], [ 9.1655227, 48.7062936 ], [ 9.1643679, 48.7064559 ], [ 9.1632178, 48.7066188 ], [ 9.1625294, 48.7067153 ] ] } },
{ "type": "Feature", "properties": { "segment_id": "S668", "corridor_id": "A 8", "highway": "motorway_link", "length": 260.92532189161312, "metapath_priority": "None", "is_metapath_hard": false, "metapath_pairs": "" }, "geometry": { "type": "LineString", "coordinates": [ [ 9.1727919, 48.7046955 ], [ 9.172727, 48.7047301 ], [ 9.1725815, 48.7048178 ], [ 9.172426, 48.7048946 ], [ 9.1720434, 48.705056 ], [ 9.171713, 48.7051894 ], [ 9.171395, 48.7053056 ], [ 9.1711625, 48.7053845 ], [ 9.170809, 48.7054875 ], [ 9.1696564, 48.7057676 ] ] } },
{ "type": "Feature", "properties": { "segment_id": "S669", "corridor_id": "B 27", "highway": "trunk_link", "length": 369.87224984411876, "metapath_priority": "None", "is_metapath_hard": false, "metapath_pairs": "" }, "geometry": { "type": "LineString", "coordinates": [ [ 9.183252, 48.8478764 ], [ 9.1837276, 48.8481206 ], [ 9.1839182, 48.8482136 ], [ 9.1841411, 48.8483528 ], [ 9.1843391, 48.8485054 ], [ 9.1845191, 48.8486727 ], [ 9.1846631, 48.8488371 ], [ 9.1848502, 48.849116 ], [ 9.1849114, 48.8492038 ], [ 9.1850735, 48.8494325 ], [ 9.1852507, 48.8496415 ], [ 9.1853923, 48.8497635 ], [ 9.1854726, 48.8498304 ], [ 9.1856051, 48.8499284 ], [ 9.1857721, 48.850039 ], [ 9.185984, 48.8501501 ], [ 9.18627, 48.8502752 ], [ 9.1864157, 48.8503936 ] ] } },
{ "type": "Feature", "properties": { "segment_id": "S670", "corridor_id": "B 10", "highway": "trunk_link", "length": 224.65246310009675, "metapath_priority": "None", "is_metapath_hard": false, "metapath_pairs": "" }, "geometry": { "type": "LineString", "coordinates": [ [ 9.2566952, 48.7604769 ], [ 9.2567351, 48.7604293 ], [ 9.2571703, 48.7598612 ], [ 9.2577711, 48.7591143 ], [ 9.2580563, 48.7587725 ], [ 9.258174, 48.7587194 ] ] } },
{ "type": "Feature", "properties": { "segment_id": "S671", "corridor_id": "segment_671", "highway": "primary_link", "length": 107.08507147521129, "metapath_priority": "None", "is_metapath_hard": false, "metapath_pairs": "" }, "geometry": { "type": "LineString", "coordinates": [ [ 9.0961519, 48.8648517 ], [ 9.0961185, 48.8648814 ], [ 9.0960391, 48.8649575 ], [ 9.0959913, 48.8650181 ], [ 9.09596, 48.8650691 ], [ 9.0959054, 48.8651753 ], [ 9.0958217, 48.8653695 ], [ 9.095749, 48.8655549 ], [ 9.0956712, 48.8657535 ] ] } },
{ "type": "Feature", "properties": { "segment_id": "S672", "corridor_id": "A 8", "highway": "motorway", "length": 869.89340191285953, "metapath_priority": "None", "is_metapath_hard": false, "metapath_pairs": "" }, "geometry": { "type": "LineString", "coordinates": [ [ 9.058848, 48.7278489 ], [ 9.0590707, 48.7277942 ], [ 9.05989, 48.7276057 ], [ 9.0608142, 48.7274254 ], [ 9.0615257, 48.7273024 ], [ 9.0624305, 48.7271542 ], [ 9.0633685, 48.7270047 ], [ 9.0637591, 48.7269425 ], [ 9.064486, 48.7268228 ], [ 9.0663282, 48.7265202 ], [ 9.0670898, 48.7263724 ], [ 9.0675134, 48.7262881 ], [ 9.0680088, 48.7261655 ], [ 9.068551, 48.7260142 ], [ 9.0689094, 48.7259031 ], [ 9.0692257, 48.7257978 ], [ 9.0694962, 48.725692 ], [ 9.069852, 48.7255381 ], [ 9.0700774, 48.7254478 ] ] } },
{ "type": "Feature", "properties": { "segment_id": "S673", "corridor_id": "A 81", "highway": "motorway_link", "length": 211.98597393637792, "metapath_priority": "None", "is_metapath_hard": false, "metapath_pairs": "" }, "geometry": { "type": "LineString", "coordinates": [ [ 9.058848, 48.7278489 ], [ 9.0591478, 48.7276919 ], [ 9.0594128, 48.7276255 ], [ 9.0598549, 48.727518 ], [ 9.0603367, 48.7274123 ], [ 9.0607818, 48.7273235 ], [ 9.0612154, 48.7272465 ], [ 9.0615329, 48.7271851 ] ] } },
{ "type": "Feature", "properties": { "segment_id": "S674", "corridor_id": "B 27", "highway": [ "trunk", "primary" ], "length": 3025.934207837779, "metapath_priority": "None", "is_metapath_hard": false, "metapath_pairs": "" }, "geometry": { "type": "LineString", "coordinates": [ [ 9.1393483, 48.9483476 ], [ 9.1392193, 48.9482204 ], [ 9.1390352, 48.9480401 ], [ 9.1389828, 48.9479888 ], [ 9.1387632, 48.9477744 ], [ 9.1387277, 48.9477401 ], [ 9.1386712, 48.9476912 ], [ 9.1385572, 48.9475783 ], [ 9.1384708, 48.9474841 ], [ 9.1383668, 48.9473586 ], [ 9.1383313, 48.9473025 ], [ 9.138314, 48.9472698 ], [ 9.1382853, 48.9471954 ], [ 9.1382689, 48.9471284 ], [ 9.1382642, 48.9470463 ], [ 9.1382694, 48.9469772 ], [ 9.1383025, 48.9468462 ], [ 9.1383621, 48.9466906 ], [ 9.138442, 48.9465393 ], [ 9.1385386, 48.9463814 ], [ 9.1386753, 48.94615 ], [ 9.1389182, 48.9456955 ], [ 9.1389312, 48.9456697 ], [ 9.1389476, 48.9456369 ], [ 9.1390424, 48.9454502 ], [ 9.1390759, 48.9453854 ], [ 9.1392583, 48.9450234 ], [ 9.1394871, 48.9445589 ], [ 9.1395451, 48.9444037 ], [ 9.1395901, 48.9442809 ], [ 9.1396206, 48.9441541 ], [ 9.1396481, 48.9440136 ], [ 9.139695, 48.9437221 ], [ 9.1396997, 48.9436917 ], [ 9.1397139, 48.9434973 ], [ 9.1397195, 48.9433707 ], [ 9.1397194, 48.943166 ], [ 9.139703, 48.9429951 ], [ 9.1396818, 48.9428314 ], [ 9.1396433, 48.9426322 ], [ 9.1396015, 48.9424479 ], [ 9.1395461, 48.9422297 ], [ 9.1393984, 48.9417239 ], [ 9.139335, 48.9414993 ], [ 9.1393079, 48.9413829 ], [ 9.1392258, 48.9410393 ], [ 9.1391999, 48.9408839 ], [ 9.1391853, 48.9407511 ], [ 9.1391743, 48.9406358 ], [ 9.1391705, 48.9404481 ], [ 9.1391791, 48.9402034 ], [ 9.1392019, 48.9400164 ], [ 9.1392409, 48.9398115 ], [ 9.1393556, 48.9394444 ], [ 9.1395329, 48.9391046 ], [ 9.1396104, 48.938966 ], [ 9.1397793, 48.938746 ], [ 9.139843, 48.9386787 ], [ 9.1401133, 48.9384186 ], [ 9.1403943, 48.9381947 ], [ 9.140686, 48.9379911 ], [ 9.1411635, 48.9376812 ], [ 9.1417268, 48.9373421 ], [ 9.1421774, 48.9370963 ], [ 9.1425709, 48.9368865 ], [ 9.143013, 48.9366418 ], [ 9.1433671, 48.9364122 ], [ 9.1437596, 48.936109 ], [ 9.1440059, 48.9358857 ], [ 9.1442165, 48.9356664 ], [ 9.1443816, 48.9354769 ], [ 9.144541, 48.9352629 ], [ 9.1447482, 48.934952 ], [ 9.1448803, 48.9347299 ], [ 9.1450004, 48.9345074 ], [ 9.1450807, 48.9343448 ], [ 9.1463618, 48.9318203 ], [ 9.1471861, 48.9302271 ], [ 9.1475168, 48.9296325 ], [ 9.1479005, 48.9290151 ], [ 9.148217, 48.9285596 ], [ 9.1485081, 48.9281635 ], [ 9.1487857, 48.9278306 ], [ 9.1490793, 48.9275125 ], [ 9.1494512, 48.9271425 ], [ 9.1495689, 48.927035 ], [ 9.1496255, 48.9269844 ], [ 9.1497225, 48.926901 ], [ 9.150032, 48.9266491 ], [ 9.1504633, 48.9263285 ], [ 9.1511542, 48.9258499 ], [ 9.1518694, 48.9253578 ], [ 9.1523483, 48.9250188 ], [ 9.1527846, 48.9246963 ], [ 9.1531708, 48.9243853 ] ] } },
{ "type": "Feature", "properties": { "segment_id": "S675", "corridor_id": "B 10", "highway": "trunk", "length": 638.15237092231973, "metapath_priority": "None", "is_metapath_hard": false, "metapath_pairs": "" }, "geometry": { "type": "LineString", "coordinates": [ [ 9.2522514, 48.7676753 ], [ 9.2526673, 48.7670583 ], [ 9.2530644, 48.7664674 ], [ 9.2535107, 48.7657796 ], [ 9.2540543, 48.7649552 ], [ 9.2545911, 48.7641424 ], [ 9.2557357, 48.7624159 ] ] } },
{ "type": "Feature", "properties": { "segment_id": "S676", "corridor_id": "segment_676", "highway": "primary_link", "length": 21.982834493855346, "metapath_priority": "None", "is_metapath_hard": false, "metapath_pairs": "" }, "geometry": { "type": "LineString", "coordinates": [ [ 9.0872609, 48.8717654 ], [ 9.0875091, 48.8716539 ] ] } },
{ "type": "Feature", "properties": { "segment_id": "S677", "corridor_id": "B 10", "highway": "trunk_link", "length": 226.84040019607531, "metapath_priority": "None", "is_metapath_hard": false, "metapath_pairs": "" }, "geometry": { "type": "LineString", "coordinates": [ [ 9.2506246, 48.7693994 ], [ 9.2506817, 48.7693278 ], [ 9.2510462, 48.7689294 ], [ 9.2514454, 48.7684761 ], [ 9.2520862, 48.7677582 ], [ 9.2522514, 48.7676753 ] ] } },
{ "type": "Feature", "properties": { "segment_id": "S678", "corridor_id": "segment_678", "highway": "trunk_link", "length": 56.157914820541187, "metapath_priority": "None", "is_metapath_hard": false, "metapath_pairs": "" }, "geometry": { "type": "LineString", "coordinates": [ [ 9.3221027, 48.7256256 ], [ 9.3220263, 48.7256601 ], [ 9.3219388, 48.7257096 ], [ 9.3218691, 48.7257567 ], [ 9.3218108, 48.7258043 ], [ 9.3217636, 48.7258481 ], [ 9.3217252, 48.7258965 ], [ 9.3216993, 48.7259462 ], [ 9.3216699, 48.7260238 ] ] } },
{ "type": "Feature", "properties": { "segment_id": "S679", "corridor_id": "segment_679", "highway": "trunk_link", "length": 20.739621294272439, "metapath_priority": "None", "is_metapath_hard": false, "metapath_pairs": "" }, "geometry": { "type": "LineString", "coordinates": [ [ 9.156947, 48.8394408 ], [ 9.1570307, 48.8393292 ], [ 9.1570758, 48.8392747 ] ] } },
{ "type": "Feature", "properties": { "segment_id": "S680", "corridor_id": "segment_680", "highway": "trunk_link", "length": 24.01338689090332, "metapath_priority": "None", "is_metapath_hard": false, "metapath_pairs": "" }, "geometry": { "type": "LineString", "coordinates": [ [ 9.156947, 48.8394408 ], [ 9.1569532, 48.8393612 ], [ 9.1569256, 48.8393009 ], [ 9.1568845, 48.8392328 ] ] } },
{ "type": "Feature", "properties": { "segment_id": "S681", "corridor_id": "B 295", "highway": "primary", "length": 441.25003123267192, "metapath_priority": "None", "is_metapath_hard": false, "metapath_pairs": "" }, "geometry": { "type": "LineString", "coordinates": [ [ 9.1740918, 48.8113562 ], [ 9.1742128, 48.8113426 ], [ 9.1751803, 48.8112341 ], [ 9.175287, 48.8112197 ], [ 9.1757116, 48.811162 ], [ 9.175924, 48.8111337 ], [ 9.1760473, 48.811118 ], [ 9.1762181, 48.8110965 ], [ 9.1762732, 48.8110892 ], [ 9.176829, 48.8110159 ], [ 9.1768945, 48.8110071 ], [ 9.1769693, 48.8109981 ], [ 9.1771864, 48.8109708 ], [ 9.1774325, 48.8109433 ], [ 9.1775563, 48.8109315 ], [ 9.177668, 48.8109204 ], [ 9.1781664, 48.8108707 ], [ 9.1787298, 48.8108074 ], [ 9.1788011, 48.8108034 ], [ 9.179049, 48.8107886 ], [ 9.179241, 48.810785 ], [ 9.179645, 48.8107456 ], [ 9.1797341, 48.8107351 ], [ 9.1798012, 48.8107272 ], [ 9.1798452, 48.8107208 ], [ 9.1800234, 48.8106813 ] ] } },
{ "type": "Feature", "properties": { "segment_id": "S682", "corridor_id": "B 295", "highway": "primary", "length": 52.896783368572571, "metapath_priority": "None", "is_metapath_hard": false, "metapath_pairs": "" }, "geometry": { "type": "LineString", "coordinates": [ [ 9.1740918, 48.8113562 ], [ 9.1738255, 48.8114271 ], [ 9.1736372, 48.8114796 ], [ 9.1734308, 48.8115474 ] ] } },
{ "type": "Feature", "properties": { "segment_id": "S683", "corridor_id": "segment_683", "highway": "trunk_link", "length": 39.705464113555379, "metapath_priority": "None", "is_metapath_hard": false, "metapath_pairs": "" }, "geometry": { "type": "LineString", "coordinates": [ [ 9.3412004, 48.7191784 ], [ 9.3412065, 48.7191464 ], [ 9.3412218, 48.7191182 ], [ 9.3412435, 48.719093 ], [ 9.3412788, 48.7190663 ], [ 9.3413135, 48.7190469 ], [ 9.3413564, 48.7190296 ], [ 9.3414056, 48.719017 ], [ 9.3415971, 48.7189772 ] ] } },
{ "type": "Feature", "properties": { "segment_id": "S684", "corridor_id": "B 295", "highway": "primary", "length": 43.511781227089472, "metapath_priority": "None", "is_metapath_hard": false, "metapath_pairs": "" }, "geometry": { "type": "LineString", "coordinates": [ [ 9.1820565, 48.8105908 ], [ 9.1818732, 48.8106032 ], [ 9.1817344, 48.8106135 ], [ 9.1814648, 48.8106259 ] ] } },
{ "type": "Feature", "properties": { "segment_id": "S685", "corridor_id": "B 27", "highway": "primary", "length": 40.47832601869387, "metapath_priority": "None", "is_metapath_hard": false, "metapath_pairs": "" }, "geometry": { "type": "LineString", "coordinates": [ [ 9.1820565, 48.8105908 ], [ 9.182118, 48.8105315 ], [ 9.1821708, 48.8104833 ], [ 9.1823152, 48.8103528 ], [ 9.1823868, 48.8102993 ] ] } },
{ "type": "Feature", "properties": { "segment_id": "S686", "corridor_id": "B 10", "highway": "trunk", "length": 168.70656656824133, "metapath_priority": "None", "is_metapath_hard": false, "metapath_pairs": "" }, "geometry": { "type": "LineString", "coordinates": [ [ 9.3427438, 48.7199424 ], [ 9.3431925, 48.7198359 ], [ 9.3436502, 48.7197338 ], [ 9.344018, 48.7196593 ], [ 9.3444737, 48.7195694 ], [ 9.3449339, 48.719481 ] ] } },
{ "type": "Feature", "properties": { "segment_id": "S687", "corridor_id": "segment_687", "highway": "trunk_link", "length": 299.21352882978482, "metapath_priority": "None", "is_metapath_hard": false, "metapath_pairs": "" }, "geometry": { "type": "LineString", "coordinates": [ [ 9.3427438, 48.7199424 ], [ 9.3430952, 48.7198067 ], [ 9.3431883, 48.7197628 ], [ 9.3432947, 48.7196946 ], [ 9.3433567, 48.7196405 ], [ 9.3434062, 48.7195774 ], [ 9.3434445, 48.7195159 ], [ 9.3434714, 48.7194551 ], [ 9.3434843, 48.719387 ], [ 9.3434852, 48.7193222 ], [ 9.3434726, 48.7192611 ], [ 9.3434437, 48.7191926 ], [ 9.3433996, 48.7191245 ], [ 9.3433456, 48.7190607 ], [ 9.3432926, 48.7190133 ], [ 9.3432126, 48.7189576 ], [ 9.343138, 48.7189169 ], [ 9.3430573, 48.7188896 ], [ 9.3429635, 48.718862 ], [ 9.3428675, 48.7188433 ], [ 9.3427743, 48.7188283 ], [ 9.3426958, 48.7188193 ], [ 9.3425962, 48.7188208 ], [ 9.3424858, 48.7188334 ], [ 9.3423573, 48.7188618 ], [ 9.3416913, 48.7190496 ], [ 9.3414361, 48.7191406 ], [ 9.3413019, 48.7191856 ], [ 9.3412176, 48.7192088 ] ] } },
{ "type": "Feature", "properties": { "segment_id": "S688", "corridor_id": "segment_688", "highway": "trunk_link", "length": 670.61987006208983, "metapath_priority": "None", "is_metapath_hard": false, "metapath_pairs": "" }, "geometry": { "type": "LineString", "coordinates": [ [ 9.233648, 48.7831782 ], [ 9.2339567, 48.7830273 ], [ 9.2349509, 48.7825258 ], [ 9.2353275, 48.7823355 ], [ 9.2361044, 48.7819483 ], [ 9.2371253, 48.7814334 ], [ 9.2378334, 48.7810579 ], [ 9.2380036, 48.7809624 ], [ 9.2383779, 48.7807504 ], [ 9.2384487, 48.7807103 ], [ 9.2391123, 48.7803229 ], [ 9.2392539, 48.7802339 ], [ 9.2393967, 48.7801315 ], [ 9.2395818, 48.7799832 ], [ 9.2399414, 48.7797499 ], [ 9.2405001, 48.7794144 ], [ 9.2406971, 48.779354 ] ] } },
{ "type": "Feature", "properties": { "segment_id": "S689", "corridor_id": "segment_689", "highway": "trunk_link", "length": 28.834955534666044, "metapath_priority": "None", "is_metapath_hard": false, "metapath_pairs": "" }, "geometry": { "type": "LineString", "coordinates": [ [ 9.1653714, 48.7254047 ], [ 9.1654595, 48.7254266 ], [ 9.1655569, 48.7254148 ], [ 9.1656313, 48.72542 ], [ 9.165676, 48.7254338 ], [ 9.1657422, 48.7254581 ] ] } },
{ "type": "Feature", "properties": { "segment_id": "S690", "corridor_id": "segment_690", "highway": "primary_link", "length": 87.566372421433016, "metapath_priority": "None", "is_metapath_hard": false, "metapath_pairs": "" }, "geometry": { "type": "LineString", "coordinates": [ [ 9.1514813, 48.9228139 ], [ 9.1516797, 48.922787 ], [ 9.1518474, 48.9228121 ], [ 9.1519764, 48.9228343 ], [ 9.1520169, 48.9228408 ], [ 9.1521729, 48.9228719 ], [ 9.1522633, 48.9228909 ], [ 9.1523365, 48.9229 ], [ 9.1523794, 48.9228973 ], [ 9.1524249, 48.9228892 ], [ 9.152495, 48.9228759 ], [ 9.1525508, 48.9228569 ], [ 9.1526323, 48.9228312 ] ] } },
{ "type": "Feature", "properties": { "segment_id": "S691", "corridor_id": "segment_691", "highway": "primary_link", "length": 15.628510856141531, "metapath_priority": "None", "is_metapath_hard": false, "metapath_pairs": "" }, "geometry": { "type": "LineString", "coordinates": [ [ 9.1524071, 48.9230095 ], [ 9.1522753, 48.9231202 ] ] } },
{ "type": "Feature", "properties": { "segment_id": "S692", "corridor_id": "segment_692", "highway": "primary_link", "length": 23.176514816374361, "metapath_priority": "None", "is_metapath_hard": false, "metapath_pairs": "" }, "geometry": { "type": "LineString", "coordinates": [ [ 9.1524071, 48.9230095 ], [ 9.1526753, 48.9231208 ] ] } },
{ "type": "Feature", "properties": { "segment_id": "S693", "corridor_id": "segment_693", "highway": "primary_link", "length": 25.796677557351046, "metapath_priority": "None", "is_metapath_hard": false, "metapath_pairs": "" }, "geometry": { "type": "LineString", "coordinates": [ [ 9.1524071, 48.9230095 ], [ 9.1524616, 48.9229716 ], [ 9.1525276, 48.9229115 ], [ 9.1526323, 48.9228312 ] ] } },
{ "type": "Feature", "properties": { "segment_id": "S694", "corridor_id": "A 81", "highway": "motorway_link", "length": 47.877057351646279, "metapath_priority": "None", "is_metapath_hard": false, "metapath_pairs": "" }, "geometry": { "type": "LineString", "coordinates": [ [ 9.1432938, 48.8861958 ], [ 9.1433585, 48.8861438 ], [ 9.1434598, 48.8861228 ], [ 9.1435486, 48.8860986 ], [ 9.1435888, 48.8860833 ], [ 9.143637, 48.8860598 ], [ 9.1436663, 48.886041 ], [ 9.1436881, 48.8860238 ], [ 9.1437052, 48.8860007 ], [ 9.1437152, 48.8859811 ], [ 9.1437404, 48.8859186 ] ] } },
{ "type": "Feature", "properties": { "segment_id": "S695", "corridor_id": "A 81", "highway": "motorway_link", "length": 299.59659528962538, "metapath_priority": "None", "is_metapath_hard": false, "metapath_pairs": "" }, "geometry": { "type": "LineString", "coordinates": [ [ 9.1476076, 48.8850145 ], [ 9.1475332, 48.8848596 ], [ 9.1474687, 48.8847511 ], [ 9.1474028, 48.884645 ], [ 9.1473339, 48.8845487 ], [ 9.1472673, 48.8844689 ], [ 9.1471228, 48.8843272 ], [ 9.1469285, 48.884207 ], [ 9.1467665, 48.8841192 ], [ 9.146546, 48.8840339 ], [ 9.1462721, 48.8839697 ], [ 9.1461476, 48.883966 ], [ 9.1460006, 48.8839851 ], [ 9.1458753, 48.8840227 ], [ 9.1457717, 48.8840756 ], [ 9.1456783, 48.8841488 ], [ 9.1456168, 48.8842282 ], [ 9.1455809, 48.8843252 ], [ 9.1455643, 48.8844464 ], [ 9.1455871, 48.8845804 ], [ 9.145607, 48.8846985 ], [ 9.1456475, 48.8849397 ] ] } },
{ "type": "Feature", "properties": { "segment_id": "S696", "corridor_id": "segment_696", "highway": "motorway_link", "length": 16.9999231944096, "metapath_priority": "None", "is_metapath_hard": false, "metapath_pairs": "" }, "geometry": { "type": "LineString", "coordinates": [ [ 9.0801114, 48.8227038 ], [ 9.0800838, 48.8228556 ] ] } },
{ "type": "Feature", "properties": { "segment_id": "S697", "corridor_id": "B 295", "highway": "primary", "length": 45.08887870197028, "metapath_priority": "None", "is_metapath_hard": false, "metapath_pairs": "" }, "geometry": { "type": "LineString", "coordinates": [ [ 9.0801114, 48.8227038 ], [ 9.0803189, 48.8226687 ], [ 9.0807116, 48.8226132 ] ] } },
{ "type": "Feature", "properties": { "segment_id": "S698", "corridor_id": "A 81", "highway": "motorway_link", "length": 54.853498731947909, "metapath_priority": "None", "is_metapath_hard": false, "metapath_pairs": "" }, "geometry": { "type": "LineString", "coordinates": [ [ 9.0758513, 48.8231151 ], [ 9.076045, 48.8230193 ], [ 9.0761145, 48.8229867 ], [ 9.076155, 48.8229501 ], [ 9.0761946, 48.8228985 ], [ 9.0762066, 48.8228675 ], [ 9.0762185, 48.8228351 ], [ 9.0762485, 48.8227277 ] ] } },
{ "type": "Feature", "properties": { "segment_id": "S699", "corridor_id": "B 295", "highway": "primary", "length": 10.617069516234817, "metapath_priority": "None", "is_metapath_hard": false, "metapath_pairs": "" }, "geometry": { "type": "LineString", "coordinates": [ [ 9.076355, 48.8230451 ], [ 9.0764945, 48.823019 ] ] } },
{ "type": "Feature", "properties": { "segment_id": "S700", "corridor_id": "A 81", "highway": "motorway_link", "length": 36.212147908820654, "metapath_priority": "None", "is_metapath_hard": false, "metapath_pairs": "" }, "geometry": { "type": "LineString", "coordinates": [ [ 9.076355, 48.8230451 ], [ 9.0763171, 48.8229715 ], [ 9.0762485, 48.8227277 ] ] } },
{ "type": "Feature", "properties": { "segment_id": "S701", "corridor_id": "A 81", "highway": "motorway_link", "length": 70.19861841071733, "metapath_priority": "None", "is_metapath_hard": false, "metapath_pairs": "" }, "geometry": { "type": "LineString", "coordinates": [ [ 9.0791751, 48.8228418 ], [ 9.0793342, 48.822772 ], [ 9.0794344, 48.8227497 ], [ 9.0794847, 48.822744 ], [ 9.0795336, 48.822736 ], [ 9.0795726, 48.8227283 ], [ 9.0796106, 48.8227161 ], [ 9.0796453, 48.8227014 ], [ 9.0796736, 48.8226853 ], [ 9.0797317, 48.8226395 ], [ 9.0797717, 48.8225926 ], [ 9.0797964, 48.8225536 ], [ 9.0798029, 48.8224957 ], [ 9.0798013, 48.8224469 ] ] } },
{ "type": "Feature", "properties": { "segment_id": "S702", "corridor_id": "B 295", "highway": "primary", "length": 58.669060144553242, "metapath_priority": "None", "is_metapath_hard": false, "metapath_pairs": "" }, "geometry": { "type": "LineString", "coordinates": [ [ 9.0791751, 48.8228418 ], [ 9.0795081, 48.8228052 ], [ 9.0797588, 48.8227723 ], [ 9.0799602, 48.8227377 ] ] } },
{ "type": "Feature", "properties": { "segment_id": "S703", "corridor_id": "L 1137", "highway": "primary", "length": 11.693556795985119, "metapath_priority": "None", "is_metapath_hard": false, "metapath_pairs": "" }, "geometry": { "type": "LineString", "coordinates": [ [ 9.0799602, 48.8227377 ], [ 9.0801114, 48.8227038 ] ] } },
{ "type": "Feature", "properties": { "segment_id": "S704", "corridor_id": "A 81", "highway": "motorway_link", "length": 34.379927793827335, "metapath_priority": "None", "is_metapath_hard": false, "metapath_pairs": "" }, "geometry": { "type": "LineString", "coordinates": [ [ 9.0799602, 48.8227377 ], [ 9.0798832, 48.8226104 ], [ 9.0798013, 48.8224469 ] ] } },
{ "type": "Feature", "properties": { "segment_id": "S705", "corridor_id": "A 81", "highway": "motorway_link", "length": 230.41947395849604, "metapath_priority": "None", "is_metapath_hard": false, "metapath_pairs": "" }, "geometry": { "type": "LineString", "coordinates": [ [ 9.0762485, 48.8227277 ], [ 9.0761141, 48.8223681 ], [ 9.07608, 48.8222753 ], [ 9.0760606, 48.822156 ], [ 9.0760598, 48.8220676 ], [ 9.076083, 48.8219597 ], [ 9.0761169, 48.8218912 ], [ 9.0761642, 48.8218198 ], [ 9.076379, 48.8215759 ], [ 9.0764628, 48.8214771 ], [ 9.0765189, 48.821381 ], [ 9.0765516, 48.8212727 ], [ 9.0765547, 48.821159 ], [ 9.0765265, 48.8210571 ], [ 9.076477, 48.8209644 ], [ 9.0764132, 48.8208759 ], [ 9.0764156, 48.8207588 ] ] } },
{ "type": "Feature", "properties": { "segment_id": "S706", "corridor_id": "A 81", "highway": "motorway_link", "length": 336.44174794004874, "metapath_priority": "None", "is_metapath_hard": false, "metapath_pairs": "" }, "geometry": { "type": "LineString", "coordinates": [ [ 9.0798013, 48.8224469 ], [ 9.0796604, 48.8222318 ], [ 9.0795311, 48.8220584 ], [ 9.0794726, 48.8219873 ], [ 9.0794126, 48.821933 ], [ 9.0793583, 48.8218979 ], [ 9.0793044, 48.8218697 ], [ 9.0792443, 48.821844 ], [ 9.0791727, 48.8218237 ], [ 9.0791059, 48.8218105 ], [ 9.079032, 48.8218019 ], [ 9.078962, 48.8218027 ], [ 9.078888, 48.8218075 ], [ 9.0788219, 48.8218164 ], [ 9.0787452, 48.8218319 ], [ 9.0786868, 48.8218513 ], [ 9.0786307, 48.8218778 ], [ 9.0785791, 48.8219043 ], [ 9.0785336, 48.821939 ], [ 9.0784563, 48.8220027 ], [ 9.0784279, 48.8220436 ], [ 9.0784089, 48.8220844 ], [ 9.0783954, 48.8221275 ], [ 9.0783921, 48.8221705 ], [ 9.078404, 48.8222768 ], [ 9.0784236, 48.8223292 ], [ 9.0784517, 48.8223793 ], [ 9.0786003, 48.822552 ], [ 9.0788057, 48.8227804 ], [ 9.0792942, 48.8233235 ], [ 9.0794072, 48.8234492 ], [ 9.0793786, 48.8235268 ] ] } },
{ "type": "Feature", "properties": { "segment_id": "S707", "corridor_id": "B 295", "highway": "primary", "length": 1625.3779231926935, "metapath_priority": "None", "is_metapath_hard": false, "metapath_pairs": "" }, "geometry": { "type": "LineString", "coordinates": [ [ 9.1002769, 48.8171615 ], [ 9.1001621, 48.817288 ], [ 9.1000151, 48.817396 ], [ 9.099792, 48.8175315 ], [ 9.0993857, 48.8177547 ], [ 9.098899, 48.8179943 ], [ 9.0980169, 48.8184127 ], [ 9.0978014, 48.8185117 ], [ 9.0977532, 48.8185339 ], [ 9.0976322, 48.8185959 ], [ 9.0974851, 48.8186624 ], [ 9.0972138, 48.8187882 ], [ 9.0967038, 48.8189754 ], [ 9.0961033, 48.8191729 ], [ 9.094764, 48.8195349 ], [ 9.0927835, 48.8200337 ], [ 9.0921424, 48.8202014 ], [ 9.0917485, 48.8203096 ], [ 9.0915512, 48.820365 ], [ 9.0913266, 48.820426 ], [ 9.090884, 48.8205465 ], [ 9.0898398, 48.8208331 ], [ 9.0888846, 48.8210834 ], [ 9.0883692, 48.8212053 ], [ 9.0878733, 48.8213148 ], [ 9.0868758, 48.8215273 ], [ 9.0858006, 48.8217515 ], [ 9.0849965, 48.8219204 ], [ 9.0840864, 48.8221085 ], [ 9.0838115, 48.8221653 ], [ 9.0836913, 48.8221902 ], [ 9.0831339, 48.8223094 ], [ 9.0821738, 48.8225087 ], [ 9.0817593, 48.822592 ], [ 9.0812639, 48.8226766 ], [ 9.0809379, 48.8227334 ], [ 9.0807134, 48.8227674 ], [ 9.0803523, 48.822819 ], [ 9.0800838, 48.8228556 ] ] } },
{ "type": "Feature", "properties": { "segment_id": "S708", "corridor_id": "B 295", "highway": "primary", "length": 873.11956899203233, "metapath_priority": "None", "is_metapath_hard": false, "metapath_pairs": "" }, "geometry": { "type": "LineString", "coordinates": [ [ 9.1002769, 48.8171615 ], [ 9.1005287, 48.8169545 ], [ 9.1007743, 48.8167252 ], [ 9.1009463, 48.8165297 ], [ 9.1010942, 48.816328 ], [ 9.1011844, 48.8161945 ], [ 9.1012617, 48.816056 ], [ 9.1013303, 48.8159119 ], [ 9.1014411, 48.8156138 ], [ 9.1015601, 48.815207 ], [ 9.1017764, 48.8144266 ], [ 9.1019462, 48.8138239 ], [ 9.1021132, 48.8132625 ], [ 9.1022592, 48.8128274 ], [ 9.1023767, 48.8125371 ], [ 9.1025456, 48.812201 ], [ 9.1027396, 48.8118739 ], [ 9.1029346, 48.8115904 ], [ 9.1031613, 48.8112942 ], [ 9.1034051, 48.8110181 ], [ 9.1037258, 48.8107028 ], [ 9.1038946, 48.8105502 ], [ 9.1041194, 48.8103637 ], [ 9.1043187, 48.8102164 ], [ 9.1046186, 48.8099973 ] ] } },
{ "type": "Feature", "properties": { "segment_id": "S709", "corridor_id": "segment_709", "highway": "motorway_link", "length": 23.73274844787101, "metapath_priority": "None", "is_metapath_hard": false, "metapath_pairs": "" }, "geometry": { "type": "LineString", "coordinates": [ [ 9.1496511, 48.7070169 ], [ 9.1497896, 48.7070354 ], [ 9.1499678, 48.7070602 ] ] } },
{ "type": "Feature", "properties": { "segment_id": "S710", "corridor_id": "B 10", "highway": "trunk", "length": 1107.6085762556449, "metapath_priority": "None", "is_metapath_hard": false, "metapath_pairs": "" }, "geometry": { "type": "LineString", "coordinates": [ [ 9.2406971, 48.779354 ], [ 9.2427668, 48.7779125 ], [ 9.2438497, 48.7771413 ], [ 9.2448587, 48.7764075 ], [ 9.2456742, 48.7757796 ], [ 9.2461072, 48.7754186 ], [ 9.2465196, 48.7750383 ], [ 9.2468639, 48.7746803 ], [ 9.2471923, 48.7743049 ], [ 9.247567, 48.7738207 ], [ 9.2483704, 48.7727736 ], [ 9.2489688, 48.7719933 ], [ 9.2494669, 48.7713378 ] ] } },
{ "type": "Feature", "properties": { "segment_id": "S711", "corridor_id": "segment_711", "highway": "trunk_link", "length": 92.715196213246813, "metapath_priority": "None", "is_metapath_hard": false, "metapath_pairs": "" }, "geometry": { "type": "LineString", "coordinates": [ [ 9.2329727, 48.7835129 ], [ 9.2330888, 48.783418 ], [ 9.2331937, 48.7833592 ], [ 9.233224, 48.7833226 ], [ 9.2332407, 48.783284 ], [ 9.2332407, 48.7832526 ], [ 9.2332291, 48.783211 ], [ 9.2331637, 48.7831107 ], [ 9.2332675, 48.7831652 ], [ 9.2333488, 48.7832003 ], [ 9.2334126, 48.7832138 ], [ 9.2334923, 48.7832129 ], [ 9.233648, 48.7831782 ] ] } },
{ "type": "Feature", "properties": { "segment_id": "S712", "corridor_id": "segment_712", "highway": "trunk_link", "length": 61.913118539346222, "metapath_priority": "None", "is_metapath_hard": false, "metapath_pairs": "" }, "geometry": { "type": "LineString", "coordinates": [ [ 9.2329727, 48.7835129 ], [ 9.2331423, 48.7834272 ], [ 9.233648, 48.7831782 ] ] } },
{ "type": "Feature", "properties": { "segment_id": "S713", "corridor_id": "B 27", "highway": "primary_link", "length": 24.48829008337735, "metapath_priority": "None", "is_metapath_hard": false, "metapath_pairs": "" }, "geometry": { "type": "LineString", "coordinates": [ [ 9.1828137, 48.775828 ], [ 9.1828013, 48.7759456 ], [ 9.1827853, 48.7760474 ] ] } },
{ "type": "Feature", "properties": { "segment_id": "S714", "corridor_id": "B 27", "highway": "primary", "length": 29.886905705172325, "metapath_priority": "None", "is_metapath_hard": false, "metapath_pairs": "" }, "geometry": { "type": "LineString", "coordinates": [ [ 9.1828137, 48.775828 ], [ 9.1828979, 48.7757265 ], [ 9.1830314, 48.7756012 ] ] } },
{ "type": "Feature", "properties": { "segment_id": "S715", "corridor_id": "B 27", "highway": "primary", "length": 14.500100034595482, "metapath_priority": "None", "is_metapath_hard": false, "metapath_pairs": "" }, "geometry": { "type": "LineString", "coordinates": [ [ 9.1827236, 48.7759441 ], [ 9.1828137, 48.775828 ] ] } },
{ "type": "Feature", "properties": { "segment_id": "S716", "corridor_id": "B 14", "highway": "primary_link", "length": 46.600822822099325, "metapath_priority": "None", "is_metapath_hard": false, "metapath_pairs": "" }, "geometry": { "type": "LineString", "coordinates": [ [ 9.1827236, 48.7759441 ], [ 9.1826255, 48.7757683 ], [ 9.182556, 48.7756567 ], [ 9.1824742, 48.7755595 ] ] } },
{ "type": "Feature", "properties": { "segment_id": "S717", "corridor_id": "B 14", "highway": "primary_link", "length": 9.3750519376251873, "metapath_priority": "None", "is_metapath_hard": false, "metapath_pairs": "" }, "geometry": { "type": "LineString", "coordinates": [ [ 9.1828452, 48.7761219 ], [ 9.1827853, 48.7760474 ] ] } },
{ "type": "Feature", "properties": { "segment_id": "S718", "corridor_id": "B 27", "highway": "primary", "length": 17.259753632879423, "metapath_priority": "None", "is_metapath_hard": false, "metapath_pairs": "" }, "geometry": { "type": "LineString", "coordinates": [ [ 9.1828452, 48.7761219 ], [ 9.1827172, 48.7762522 ] ] } },
{ "type": "Feature", "properties": { "segment_id": "S719", "corridor_id": "B 14", "highway": "primary_link", "length": 12.344243591143698, "metapath_priority": "None", "is_metapath_hard": false, "metapath_pairs": "" }, "geometry": { "type": "LineString", "coordinates": [ [ 9.1827853, 48.7760474 ], [ 9.1827236, 48.7759441 ] ] } },
{ "type": "Feature", "properties": { "segment_id": "S720", "corridor_id": "B 27", "highway": "primary_link", "length": 23.313099265588821, "metapath_priority": "None", "is_metapath_hard": false, "metapath_pairs": "" }, "geometry": { "type": "LineString", "coordinates": [ [ 9.1827853, 48.7760474 ], [ 9.1827172, 48.7762522 ] ] } },
{ "type": "Feature", "properties": { "segment_id": "S721", "corridor_id": "B 14", "highway": "primary_link", "length": 13.800287623039642, "metapath_priority": "None", "is_metapath_hard": false, "metapath_pairs": "" }, "geometry": { "type": "LineString", "coordinates": [ [ 9.1827853, 48.7760474 ], [ 9.1828612, 48.7760251 ], [ 9.1829109, 48.7760196 ], [ 9.1829657, 48.7760208 ] ] } },
{ "type": "Feature", "properties": { "segment_id": "S722", "corridor_id": "B 27", "highway": "primary", "length": 30.691310005153138, "metapath_priority": "None", "is_metapath_hard": false, "metapath_pairs": "" }, "geometry": { "type": "LineString", "coordinates": [ [ 9.1831419, 48.7757704 ], [ 9.1829657, 48.7760208 ] ] } },
{ "type": "Feature", "properties": { "segment_id": "S723", "corridor_id": "B 14", "highway": "primary_link", "length": 46.812809167659225, "metapath_priority": "None", "is_metapath_hard": false, "metapath_pairs": "" }, "geometry": { "type": "LineString", "coordinates": [ [ 9.1831419, 48.7757704 ], [ 9.1831639, 48.7758233 ], [ 9.1831929, 48.7758939 ], [ 9.1832627, 48.7759893 ], [ 9.1833418, 48.7761096 ], [ 9.1833592, 48.7761644 ] ] } },
{ "type": "Feature", "properties": { "segment_id": "S724", "corridor_id": "B 27", "highway": "primary", "length": 13.680171033214247, "metapath_priority": "None", "is_metapath_hard": false, "metapath_pairs": "" }, "geometry": { "type": "LineString", "coordinates": [ [ 9.1787445, 48.7842451 ], [ 9.1786368, 48.7841446 ] ] } },
{ "type": "Feature", "properties": { "segment_id": "S725", "corridor_id": "segment_725", "highway": "primary_link", "length": 7.4262925026497548, "metapath_priority": "None", "is_metapath_hard": false, "metapath_pairs": "" }, "geometry": { "type": "LineString", "coordinates": [ [ 9.1787445, 48.7842451 ], [ 9.1788378, 48.784219 ] ] } },
{ "type": "Feature", "properties": { "segment_id": "S726", "corridor_id": "segment_726", "highway": "trunk_link", "length": 38.502365867836332, "metapath_priority": "None", "is_metapath_hard": false, "metapath_pairs": "" }, "geometry": { "type": "LineString", "coordinates": [ [ 9.3048932, 48.7355135 ], [ 9.3047714, 48.7355661 ], [ 9.3046287, 48.735627 ], [ 9.3044536, 48.7357028 ] ] } },
{ "type": "Feature", "properties": { "segment_id": "S727", "corridor_id": "B 14", "highway": "trunk_link", "length": 387.8463271857139, "metapath_priority": "None", "is_metapath_hard": false, "metapath_pairs": "" }, "geometry": { "type": "LineString", "coordinates": [ [ 9.1168433, 48.7589647 ], [ 9.1167221, 48.7590265 ], [ 9.1166588, 48.7590931 ], [ 9.1166367, 48.7591397 ], [ 9.1166331, 48.7591973 ], [ 9.1166426, 48.759265 ], [ 9.1166979, 48.7593782 ], [ 9.1167459, 48.7594754 ], [ 9.1167927, 48.7595882 ], [ 9.1168105, 48.7596385 ], [ 9.1168459, 48.7597756 ], [ 9.1168675, 48.759928 ], [ 9.1168633, 48.7601204 ], [ 9.1168377, 48.7603005 ], [ 9.1167565, 48.7606863 ], [ 9.1166919, 48.7610201 ], [ 9.1166058, 48.7614182 ], [ 9.1165388, 48.761763 ], [ 9.11652, 48.7619469 ], [ 9.1164511, 48.7623631 ] ] } },
{ "type": "Feature", "properties": { "segment_id": "S728", "corridor_id": "B 295", "highway": "primary", "length": 173.30439536292096, "metapath_priority": "None", "is_metapath_hard": false, "metapath_pairs": "" }, "geometry": { "type": "LineString", "coordinates": [ [ 9.1071735, 48.8087962 ], [ 9.1074911, 48.8087129 ], [ 9.1078049, 48.8086332 ], [ 9.1080465, 48.8085832 ], [ 9.1083545, 48.808523 ], [ 9.1087142, 48.8084622 ], [ 9.1094392, 48.8083567 ] ] } },
{ "type": "Feature", "properties": { "segment_id": "S729", "corridor_id": "B 295", "highway": "primary_link", "length": 129.66530822210288, "metapath_priority": "None", "is_metapath_hard": false, "metapath_pairs": "" }, "geometry": { "type": "LineString", "coordinates": [ [ 9.1071735, 48.8087962 ], [ 9.1072572, 48.8087416 ], [ 9.107369, 48.8086986 ], [ 9.1074442, 48.8086585 ], [ 9.1075118, 48.8086037 ], [ 9.1075264, 48.8085858 ], [ 9.1075559, 48.8085496 ], [ 9.107565, 48.8085309 ], [ 9.1075844, 48.8084913 ], [ 9.1075899, 48.8084699 ], [ 9.1076027, 48.8084206 ], [ 9.1075997, 48.8083595 ], [ 9.1075739, 48.808302 ], [ 9.1075415, 48.8082538 ], [ 9.1075239, 48.8082328 ], [ 9.1074914, 48.8081942 ], [ 9.1074342, 48.8081575 ], [ 9.1074188, 48.8081476 ], [ 9.1073176, 48.8081055 ], [ 9.1072642, 48.8080919 ], [ 9.1071772, 48.8080697 ], [ 9.1068922, 48.8080614 ] ] } },
{ "type": "Feature", "properties": { "segment_id": "S730", "corridor_id": "B 295", "highway": "primary", "length": 240.98334074416221, "metapath_priority": "None", "is_metapath_hard": false, "metapath_pairs": "" }, "geometry": { "type": "LineString", "coordinates": [ [ 9.1094392, 48.8083567 ], [ 9.1101134, 48.808282 ], [ 9.1110545, 48.8082101 ], [ 9.1121505, 48.8081417 ], [ 9.1127092, 48.8081378 ] ] } },
{ "type": "Feature", "properties": { "segment_id": "S731", "corridor_id": "B 14", "highway": "trunk_link", "length": 206.32686041394095, "metapath_priority": "None", "is_metapath_hard": false, "metapath_pairs": "" }, "geometry": { "type": "LineString", "coordinates": [ [ 9.1133838, 48.7467506 ], [ 9.1134403, 48.7468139 ], [ 9.1135494, 48.7470008 ], [ 9.1137179, 48.7472394 ], [ 9.1140374, 48.7475901 ], [ 9.1145671, 48.7480857 ], [ 9.1146746, 48.7483805 ] ] } },
{ "type": "Feature", "properties": { "segment_id": "S732", "corridor_id": "B 27", "highway": "primary", "length": 79.79441604443798, "metapath_priority": "None", "is_metapath_hard": false, "metapath_pairs": "" }, "geometry": { "type": "LineString", "coordinates": [ [ 9.1584622, 48.9190457 ], [ 9.1588567, 48.9186635 ], [ 9.1589583, 48.9185573 ], [ 9.1590595, 48.9184452 ] ] } },
{ "type": "Feature", "properties": { "segment_id": "S733", "corridor_id": "segment_733", "highway": "motorway_link", "length": 23.450195224887818, "metapath_priority": "None", "is_metapath_hard": false, "metapath_pairs": "" }, "geometry": { "type": "LineString", "coordinates": [ [ 9.1584622, 48.9190457 ], [ 9.1584154, 48.9190311 ], [ 9.1583413, 48.9189855 ], [ 9.1582984, 48.9189498 ], [ 9.1582425, 48.9188966 ] ] } },
{ "type": "Feature", "properties": { "segment_id": "S734", "corridor_id": "Gebhard-Müller-Platz", "highway": "primary", "length": 14.134482624391564, "metapath_priority": "None", "is_metapath_hard": false, "metapath_pairs": "" }, "geometry": { "type": "LineString", "coordinates": [ [ 9.1865823, 48.7813345 ], [ 9.1867603, 48.7812855 ] ] } },
{ "type": "Feature", "properties": { "segment_id": "S735", "corridor_id": "Gebhard-Müller-Platz", "highway": "primary_link", "length": 28.102952546839461, "metapath_priority": "None", "is_metapath_hard": false, "metapath_pairs": "" }, "geometry": { "type": "LineString", "coordinates": [ [ 9.1865823, 48.7813345 ], [ 9.186529, 48.7813213 ], [ 9.1864719, 48.7813028 ], [ 9.1864067, 48.7812743 ], [ 9.1863292, 48.78123 ], [ 9.1862732, 48.7811904 ] ] } },
{ "type": "Feature", "properties": { "segment_id": "S736", "corridor_id": "Gebhard-Müller-Platz", "highway": "primary_link", "length": 11.078545597512576, "metapath_priority": "None", "is_metapath_hard": false, "metapath_pairs": "" }, "geometry": { "type": "LineString", "coordinates": [ [ 9.1868135, 48.781268 ], [ 9.1868719, 48.7813599 ] ] } },
{ "type": "Feature", "properties": { "segment_id": "S737", "corridor_id": "B 27", "highway": "trunk_link", "length": 118.79469580183367, "metapath_priority": "None", "is_metapath_hard": false, "metapath_pairs": "" }, "geometry": { "type": "LineString", "coordinates": [ [ 9.1638073, 48.7254764 ], [ 9.1638967, 48.7255179 ], [ 9.1639789, 48.7255522 ], [ 9.1640741, 48.7255783 ], [ 9.1642224, 48.725582 ], [ 9.1643542, 48.7255698 ], [ 9.1644929, 48.7255378 ], [ 9.1646358, 48.7254765 ], [ 9.1647546, 48.7253897 ], [ 9.1648105, 48.7252867 ], [ 9.1648225, 48.7251958 ], [ 9.1648058, 48.7251223 ], [ 9.1648224, 48.725046 ] ] } },
{ "type": "Feature", "properties": { "segment_id": "S738", "corridor_id": "B 10;B 14", "highway": "trunk_link", "length": 236.79905490512007, "metapath_priority": "None", "is_metapath_hard": false, "metapath_pairs": "" }, "geometry": { "type": "LineString", "coordinates": [ [ 9.2221463, 48.7888885 ], [ 9.2234077, 48.788257 ], [ 9.2240063, 48.7879653 ], [ 9.2245071, 48.7877304 ], [ 9.2245793, 48.7877127 ], [ 9.2246803, 48.7877027 ], [ 9.2247859, 48.7876834 ] ] } },
{ "type": "Feature", "properties": { "segment_id": "S739", "corridor_id": "B 10;B 14", "highway": "trunk_link", "length": 55.875186589310168, "metapath_priority": "None", "is_metapath_hard": false, "metapath_pairs": "" }, "geometry": { "type": "LineString", "coordinates": [ [ 9.2214259, 48.7888176 ], [ 9.2215027, 48.7888496 ], [ 9.2215697, 48.7888734 ], [ 9.2216498, 48.7888945 ], [ 9.2217277, 48.7889094 ], [ 9.2217749, 48.7889166 ], [ 9.2218315, 48.7889204 ], [ 9.2218851, 48.7889225 ], [ 9.2219373, 48.7889227 ], [ 9.2219925, 48.7889199 ], [ 9.222058, 48.7889117 ], [ 9.2221463, 48.7888885 ] ] } },
{ "type": "Feature", "properties": { "segment_id": "S740", "corridor_id": "B 14", "highway": "primary_link", "length": 221.74197533546402, "metapath_priority": "None", "is_metapath_hard": false, "metapath_pairs": "" }, "geometry": { "type": "LineString", "coordinates": [ [ 9.1791455, 48.7728849 ], [ 9.1793956, 48.7730151 ], [ 9.1798713, 48.7733171 ], [ 9.1800022, 48.7733839 ], [ 9.1801651, 48.7735144 ], [ 9.1802952, 48.7736113 ], [ 9.1803107, 48.7736224 ], [ 9.1804687, 48.7737355 ], [ 9.1805418, 48.7737821 ], [ 9.1807711, 48.7739494 ], [ 9.1808816, 48.7740393 ], [ 9.1812535, 48.7743089 ] ] } },
{ "type": "Feature", "properties": { "segment_id": "S741", "corridor_id": "B 14", "highway": "primary", "length": 252.37099616200939, "metapath_priority": "None", "is_metapath_hard": false, "metapath_pairs": "" }, "geometry": { "type": "LineString", "coordinates": [ [ 9.1791455, 48.7728849 ], [ 9.1794251, 48.773112 ], [ 9.1797086, 48.7733263 ], [ 9.1797247, 48.7733385 ], [ 9.1797382, 48.7733482 ], [ 9.1800438, 48.7735675 ], [ 9.1801689, 48.7736584 ], [ 9.1801912, 48.773675 ], [ 9.1807017, 48.7740394 ], [ 9.1814551, 48.7745676 ] ] } },
{ "type": "Feature", "properties": { "segment_id": "S742", "corridor_id": "B 14", "highway": "primary", "length": 254.83084097448028, "metapath_priority": "None", "is_metapath_hard": false, "metapath_pairs": "" }, "geometry": { "type": "LineString", "coordinates": [ [ 9.1817048, 48.7748719 ], [ 9.1810772, 48.7744143 ], [ 9.1804988, 48.7740063 ], [ 9.1801097, 48.7737247 ], [ 9.1797874, 48.7735054 ], [ 9.1793908, 48.7732005 ], [ 9.1793635, 48.773178 ] ] } },
{ "type": "Feature", "properties": { "segment_id": "S743", "corridor_id": "B 14", "highway": "primary_link", "length": 133.41683300886604, "metapath_priority": "None", "is_metapath_hard": false, "metapath_pairs": "" }, "geometry": { "type": "LineString", "coordinates": [ [ 9.1817048, 48.7748719 ], [ 9.181591, 48.7748593 ], [ 9.1814742, 48.7747858 ], [ 9.1811948, 48.7746123 ], [ 9.1808284, 48.7743573 ], [ 9.1804066, 48.7740516 ] ] } },
{ "type": "Feature", "properties": { "segment_id": "S744", "corridor_id": "B 14", "highway": "trunk_link", "length": 45.16406013613036, "metapath_priority": "None", "is_metapath_hard": false, "metapath_pairs": "" }, "geometry": { "type": "LineString", "coordinates": [ [ 9.2421199, 48.7895115 ], [ 9.2421251, 48.7893614 ], [ 9.2421234, 48.7893023 ], [ 9.2421149, 48.7892636 ], [ 9.2421037, 48.7892333 ], [ 9.2420943, 48.7892139 ], [ 9.2420787, 48.7891892 ], [ 9.2420656, 48.789169 ], [ 9.2420424, 48.7891427 ], [ 9.2420169, 48.7891214 ] ] } },
{ "type": "Feature", "properties": { "segment_id": "S745", "corridor_id": "A 8", "highway": "motorway_link", "length": 141.92198923824824, "metapath_priority": "None", "is_metapath_hard": false, "metapath_pairs": "" }, "geometry": { "type": "LineString", "coordinates": [ [ 9.1499966, 48.7081446 ], [ 9.1518871, 48.707875 ] ] } },
{ "type": "Feature", "properties": { "segment_id": "S746", "corridor_id": "segment_746", "highway": "motorway_link", "length": 123.93223544507798, "metapath_priority": "None", "is_metapath_hard": false, "metapath_pairs": "" }, "geometry": { "type": "LineString", "coordinates": [ [ 9.1499966, 48.7081446 ], [ 9.150216, 48.7080106 ], [ 9.1503252, 48.7079387 ], [ 9.1504005, 48.7078788 ], [ 9.1504613, 48.7078036 ], [ 9.1505012, 48.707716 ], [ 9.1505112, 48.7076381 ], [ 9.1505051, 48.7075529 ], [ 9.1504753, 48.707485 ], [ 9.1504386, 48.7074296 ], [ 9.1503549, 48.7073476 ], [ 9.1502195, 48.7072722 ], [ 9.1501542, 48.7072458 ] ] } },
{ "type": "Feature", "properties": { "segment_id": "S747", "corridor_id": "segment_747", "highway": "motorway_link", "length": 40.646580436100308, "metapath_priority": "None", "is_metapath_hard": false, "metapath_pairs": "" }, "geometry": { "type": "LineString", "coordinates": [ [ 9.1501542, 48.7072458 ], [ 9.15008, 48.7071885 ], [ 9.1499661, 48.7071557 ], [ 9.1497804, 48.7071241 ], [ 9.1496587, 48.7071096 ] ] } },
{ "type": "Feature", "properties": { "segment_id": "S748", "corridor_id": "segment_748", "highway": "motorway_link", "length": 51.143187401816341, "metapath_priority": "None", "is_metapath_hard": false, "metapath_pairs": "" }, "geometry": { "type": "LineString", "coordinates": [ [ 9.1501542, 48.7072458 ], [ 9.1500337, 48.7072403 ], [ 9.1499393, 48.7072421 ], [ 9.1498623, 48.7072512 ], [ 9.1497639, 48.7072872 ], [ 9.1496688, 48.7073424 ], [ 9.1495505, 48.7074177 ] ] } },
{ "type": "Feature", "properties": { "segment_id": "S749", "corridor_id": "B 10", "highway": "primary", "length": 539.41281609637008, "metapath_priority": "None", "is_metapath_hard": false, "metapath_pairs": "" }, "geometry": { "type": "LineString", "coordinates": [ [ 9.2129825, 48.7972956 ], [ 9.2128605, 48.7973392 ], [ 9.2127624, 48.7973688 ], [ 9.2126858, 48.7973892 ], [ 9.2126232, 48.7974025 ], [ 9.2125467, 48.7974146 ], [ 9.212463, 48.7974236 ], [ 9.2123559, 48.7974318 ], [ 9.212178, 48.7974385 ], [ 9.2119228, 48.7974416 ], [ 9.2117729, 48.7974435 ], [ 9.2115364, 48.7974507 ], [ 9.2114478, 48.7974571 ], [ 9.211336, 48.7974702 ], [ 9.2112335, 48.7974889 ], [ 9.2111315, 48.7975151 ], [ 9.2110182, 48.79755 ], [ 9.2109146, 48.797593 ], [ 9.2108493, 48.7976302 ], [ 9.2107499, 48.7976955 ], [ 9.2106623, 48.7977649 ], [ 9.21055, 48.7978553 ], [ 9.2104548, 48.7979493 ], [ 9.2103003, 48.7981139 ], [ 9.2101486, 48.7982893 ], [ 9.2100206, 48.7984452 ], [ 9.209917, 48.7985877 ], [ 9.209799, 48.798776 ], [ 9.2095736, 48.7992298 ], [ 9.2090866, 48.8002654 ], [ 9.2090232, 48.8003993 ], [ 9.2089943, 48.800472 ], [ 9.208969, 48.8005455 ], [ 9.2089322, 48.8006391 ], [ 9.2088993, 48.8007164 ] ] } },
{ "type": "Feature", "properties": { "segment_id": "S750", "corridor_id": "B 14", "highway": "primary", "length": 403.19187137558004, "metapath_priority": "None", "is_metapath_hard": false, "metapath_pairs": "" }, "geometry": { "type": "LineString", "coordinates": [ [ 9.2129825, 48.7972956 ], [ 9.2129147, 48.7973138 ], [ 9.2128454, 48.7973285 ], [ 9.212769, 48.7973413 ], [ 9.2127135, 48.7973474 ], [ 9.2126032, 48.7973551 ], [ 9.2124857, 48.7973593 ], [ 9.2123551, 48.7973588 ], [ 9.2118356, 48.7973557 ], [ 9.2115299, 48.7973569 ], [ 9.2114261, 48.797365 ], [ 9.2113146, 48.7973772 ], [ 9.2111906, 48.7973998 ], [ 9.21107, 48.79743 ], [ 9.2109561, 48.7974654 ], [ 9.2108396, 48.7975125 ], [ 9.2107535, 48.7975609 ], [ 9.210659, 48.7976224 ], [ 9.2105629, 48.7976975 ], [ 9.210432, 48.797802 ], [ 9.210341, 48.7978939 ], [ 9.210181, 48.7980629 ], [ 9.2100169, 48.7982459 ], [ 9.2098901, 48.7983979 ], [ 9.2097784, 48.7985481 ], [ 9.2096676, 48.7987384 ], [ 9.2094577, 48.7991737 ], [ 9.2094328, 48.7992117 ], [ 9.2094096, 48.7992386 ], [ 9.209379, 48.7992672 ], [ 9.2093484, 48.7992897 ], [ 9.2093156, 48.7993082 ], [ 9.2092556, 48.7993355 ], [ 9.2091995, 48.7993557 ] ] } },
{ "type": "Feature", "properties": { "segment_id": "S751", "corridor_id": "B 10", "highway": "trunk", "length": 1108.8184741012262, "metapath_priority": "None", "is_metapath_hard": false, "metapath_pairs": "" }, "geometry": { "type": "LineString", "coordinates": [ [ 9.1665473, 48.8350175 ], [ 9.1667615, 48.8352293 ], [ 9.1669247, 48.8354573 ], [ 9.1672742, 48.835887 ], [ 9.167668, 48.8363042 ], [ 9.1679745, 48.8366002 ], [ 9.1681702, 48.8367962 ], [ 9.1684861, 48.8370721 ], [ 9.1689693, 48.8374803 ], [ 9.1692834, 48.8377361 ], [ 9.1696263, 48.8380289 ], [ 9.1698896, 48.8382778 ], [ 9.1700752, 48.8384972 ], [ 9.1702304, 48.8387075 ], [ 9.1703671, 48.8389617 ], [ 9.1704492, 48.8391741 ], [ 9.1704897, 48.8393173 ], [ 9.1705196, 48.8394863 ], [ 9.1705331, 48.8396476 ], [ 9.1705238, 48.8398984 ], [ 9.1704719, 48.8401238 ], [ 9.1704288, 48.8402522 ], [ 9.1703629, 48.8404189 ], [ 9.1702714, 48.8405814 ], [ 9.1700863, 48.8408353 ], [ 9.1699657, 48.8409833 ], [ 9.1697721, 48.8411557 ], [ 9.1695562, 48.8413214 ], [ 9.1692078, 48.8415154 ], [ 9.1688743, 48.8416614 ], [ 9.1686479, 48.8417349 ], [ 9.1682682, 48.8418123 ], [ 9.1679064, 48.8418682 ], [ 9.1675756, 48.8418835 ], [ 9.1673291, 48.8418858 ], [ 9.1671307, 48.8418807 ], [ 9.1667242, 48.8418466 ], [ 9.1663286, 48.8417874 ], [ 9.1660006, 48.8417318 ], [ 9.1656632, 48.8416615 ] ] } },
{ "type": "Feature", "properties": { "segment_id": "S752", "corridor_id": "B 27", "highway": "trunk", "length": 1122.0339358481065, "metapath_priority": "None", "is_metapath_hard": false, "metapath_pairs": "" }, "geometry": { "type": "LineString", "coordinates": [ [ 9.1665473, 48.8350175 ], [ 9.1666526, 48.8352539 ], [ 9.1668423, 48.8355328 ], [ 9.1670394, 48.8357953 ], [ 9.1674105, 48.8362392 ], [ 9.1678091, 48.8366675 ], [ 9.1680214, 48.8368811 ], [ 9.1681949, 48.8370492 ], [ 9.168476, 48.8373123 ], [ 9.1687156, 48.8375322 ], [ 9.1691753, 48.8379176 ], [ 9.1695684, 48.8382195 ], [ 9.1699107, 48.8384483 ], [ 9.1703605, 48.8387605 ], [ 9.1708444, 48.8390486 ], [ 9.1715038, 48.839405 ], [ 9.1724883, 48.8398953 ], [ 9.1732223, 48.8402481 ], [ 9.1742201, 48.8407387 ], [ 9.1752042, 48.8412849 ], [ 9.1757399, 48.8416148 ], [ 9.1763145, 48.8419975 ], [ 9.1766521, 48.8422314 ], [ 9.1767849, 48.8423344 ] ] } },
{ "type": "Feature", "properties": { "segment_id": "S753", "corridor_id": "B 27", "highway": "trunk_link", "length": 35.030451683748765, "metapath_priority": "None", "is_metapath_hard": false, "metapath_pairs": "" }, "geometry": { "type": "LineString", "coordinates": [ [ 9.1958758, 48.8788057 ], [ 9.1957666, 48.8787237 ], [ 9.1957148, 48.8786673 ], [ 9.1956922, 48.8786089 ], [ 9.1956867, 48.8785291 ] ] } },
{ "type": "Feature", "properties": { "segment_id": "S754", "corridor_id": "B 10", "highway": "trunk_link", "length": 464.89470301651187, "metapath_priority": "None", "is_metapath_hard": false, "metapath_pairs": "" }, "geometry": { "type": "LineString", "coordinates": [ [ 9.1357729, 48.842438 ], [ 9.1359097, 48.8422542 ], [ 9.1363604, 48.8419056 ], [ 9.1366501, 48.8416831 ], [ 9.1370202, 48.8414219 ], [ 9.1373859, 48.8411889 ], [ 9.1375828, 48.8410706 ], [ 9.137776, 48.8409581 ], [ 9.1380184, 48.8408332 ], [ 9.1382847, 48.8407005 ], [ 9.1385085, 48.8405992 ], [ 9.1388241, 48.8404591 ], [ 9.1391989, 48.8403183 ], [ 9.1396575, 48.8401567 ], [ 9.1406282, 48.8398471 ] ] } },
{ "type": "Feature", "properties": { "segment_id": "S755", "corridor_id": "B 10", "highway": "trunk", "length": 1397.0971209259674, "metapath_priority": "None", "is_metapath_hard": false, "metapath_pairs": "" }, "geometry": { "type": "LineString", "coordinates": [ [ 9.1357729, 48.842438 ], [ 9.1362072, 48.8421739 ], [ 9.1373254, 48.8414856 ], [ 9.1376083, 48.8413287 ], [ 9.1379825, 48.8411179 ], [ 9.1386114, 48.8408259 ], [ 9.139639, 48.8404054 ], [ 9.1404101, 48.8401917 ], [ 9.1411107, 48.8400334 ], [ 9.141315, 48.8399916 ], [ 9.1417047, 48.839925 ], [ 9.1419019, 48.8399099 ], [ 9.1423215, 48.8398754 ], [ 9.1424531, 48.839861 ], [ 9.1429056, 48.83983 ], [ 9.1432597, 48.8398178 ], [ 9.1436009, 48.83982 ], [ 9.1439095, 48.8398287 ], [ 9.1442889, 48.8398473 ], [ 9.1447511, 48.8398834 ], [ 9.1453588, 48.8399366 ], [ 9.1463998, 48.840064 ], [ 9.1475778, 48.8401818 ], [ 9.1487623, 48.8402972 ], [ 9.1501049, 48.8403732 ], [ 9.150729, 48.8403959 ], [ 9.1514156, 48.8404108 ], [ 9.1526309, 48.8404133 ], [ 9.1535665, 48.840406 ] ] } },
{ "type": "Feature", "properties": { "segment_id": "S756", "corridor_id": "B 27", "highway": "trunk", "length": 342.66266147643546, "metapath_priority": "None", "is_metapath_hard": false, "metapath_pairs": "" }, "geometry": { "type": "LineString", "coordinates": [ [ 9.1668795, 48.7059161 ], [ 9.1668329, 48.7062638 ], [ 9.1668042, 48.7064176 ], [ 9.1667633, 48.7065862 ], [ 9.1667212, 48.7067421 ], [ 9.1666739, 48.7069031 ], [ 9.1666356, 48.7070405 ], [ 9.1665666, 48.707215 ], [ 9.1665117, 48.7073641 ], [ 9.1664453, 48.7075209 ], [ 9.1663763, 48.7076794 ], [ 9.1663099, 48.7078235 ], [ 9.1661324, 48.7081716 ], [ 9.1659765, 48.7084409 ], [ 9.1658054, 48.7087384 ], [ 9.1657184, 48.7088866 ] ] } },
{ "type": "Feature", "properties": { "segment_id": "S757", "corridor_id": "Peregrinastraße", "highway": "trunk_link", "length": 573.07355745520783, "metapath_priority": "None", "is_metapath_hard": false, "metapath_pairs": "" }, "geometry": { "type": "LineString", "coordinates": [ [ 9.1572402, 48.7466506 ], [ 9.157385, 48.7465284 ], [ 9.1584311, 48.745615 ], [ 9.1588446, 48.7452244 ], [ 9.1590873, 48.7449778 ], [ 9.159407, 48.7446314 ], [ 9.1595627, 48.7444442 ], [ 9.1597094, 48.7442441 ], [ 9.1598282, 48.7440576 ], [ 9.1599503, 48.7438738 ], [ 9.1601622, 48.7435846 ], [ 9.1603084, 48.7433552 ], [ 9.1605364, 48.7430098 ], [ 9.1608098, 48.7426358 ], [ 9.1609682, 48.7424641 ], [ 9.1610804, 48.7423104 ], [ 9.1612076, 48.7422455 ] ] } },
{ "type": "Feature", "properties": { "segment_id": "S758", "corridor_id": "B 27", "highway": "primary", "length": 136.50779507703342, "metapath_priority": "None", "is_metapath_hard": false, "metapath_pairs": "" }, "geometry": { "type": "LineString", "coordinates": [ [ 9.1724046, 48.7516632 ], [ 9.172423, 48.7517442 ], [ 9.1724181, 48.751963 ], [ 9.1723774, 48.7522128 ], [ 9.1722605, 48.7526644 ], [ 9.1721403, 48.752867 ] ] } },
{ "type": "Feature", "properties": { "segment_id": "S759", "corridor_id": "Österreichischer Platz", "highway": "primary_link", "length": 29.345746771491164, "metapath_priority": "None", "is_metapath_hard": false, "metapath_pairs": "" }, "geometry": { "type": "LineString", "coordinates": [ [ 9.1735831, 48.7691909 ], [ 9.1736481, 48.7691705 ], [ 9.1737229, 48.7691539 ], [ 9.1737634, 48.7691486 ], [ 9.1738279, 48.7691464 ], [ 9.173887, 48.7691656 ], [ 9.17396, 48.7691832 ] ] } },
{ "type": "Feature", "properties": { "segment_id": "S760", "corridor_id": "Österreichischer Platz", "highway": "primary_link", "length": 19.855277634248111, "metapath_priority": "None", "is_metapath_hard": false, "metapath_pairs": "" }, "geometry": { "type": "LineString", "coordinates": [ [ 9.1733604, 48.7692921 ], [ 9.1735034, 48.7692214 ], [ 9.1735831, 48.7691909 ] ] } },
{ "type": "Feature", "properties": { "segment_id": "S761", "corridor_id": "B 27a", "highway": "primary", "length": 124.21532454914498, "metapath_priority": "None", "is_metapath_hard": false, "metapath_pairs": "" }, "geometry": { "type": "LineString", "coordinates": [ [ 9.1733604, 48.7692921 ], [ 9.1732997, 48.7692159 ], [ 9.1732645, 48.7691818 ], [ 9.1727832, 48.7687162 ], [ 9.1726358, 48.7685865 ], [ 9.1725124, 48.7684608 ], [ 9.1725273, 48.7683466 ] ] } },
{ "type": "Feature", "properties": { "segment_id": "S762", "corridor_id": "L 1100", "highway": "trunk_link", "length": 42.757066054204913, "metapath_priority": "None", "is_metapath_hard": false, "metapath_pairs": "" }, "geometry": { "type": "LineString", "coordinates": [ [ 9.2398361, 48.7908951 ], [ 9.2398705, 48.7909266 ], [ 9.2399126, 48.7909772 ], [ 9.2399299, 48.7909942 ], [ 9.2399717, 48.7910257 ], [ 9.2400298, 48.7910663 ], [ 9.2400959, 48.7911122 ], [ 9.2401243, 48.7911305 ], [ 9.2401333, 48.7911481 ], [ 9.2401353, 48.7911655 ], [ 9.2401294, 48.7911858 ], [ 9.2401173, 48.7912082 ] ] } },
{ "type": "Feature", "properties": { "segment_id": "S763", "corridor_id": "B 14", "highway": "trunk_link", "length": 41.451256560520186, "metapath_priority": "None", "is_metapath_hard": false, "metapath_pairs": "" }, "geometry": { "type": "LineString", "coordinates": [ [ 9.2398361, 48.7908951 ], [ 9.2398965, 48.7909118 ], [ 9.2399769, 48.7909286 ], [ 9.2400655, 48.7909386 ], [ 9.2401204, 48.7909386 ], [ 9.2401804, 48.7909364 ], [ 9.240242, 48.7909293 ], [ 9.2403061, 48.7909161 ], [ 9.2403795, 48.7908929 ] ] } },
{ "type": "Feature", "properties": { "segment_id": "S764", "corridor_id": "segment_764", "highway": "trunk_link", "length": 411.25476737317979, "metapath_priority": "None", "is_metapath_hard": false, "metapath_pairs": "" }, "geometry": { "type": "LineString", "coordinates": [ [ 9.302471, 48.7353858 ], [ 9.3021629, 48.7355029 ], [ 9.3020123, 48.7355442 ], [ 9.3019652, 48.7355611 ], [ 9.3019296, 48.735582 ], [ 9.3018985, 48.7356047 ], [ 9.3018728, 48.7356315 ], [ 9.3018532, 48.7356592 ], [ 9.3018391, 48.7356894 ], [ 9.3018328, 48.7357213 ], [ 9.3018312, 48.7357555 ], [ 9.3018388, 48.7357861 ], [ 9.3018494, 48.7358153 ], [ 9.3018656, 48.7358423 ], [ 9.3018895, 48.7358709 ], [ 9.3019219, 48.7358976 ], [ 9.3019597, 48.7359192 ], [ 9.3020011, 48.7359372 ], [ 9.3020493, 48.7359552 ], [ 9.3021034, 48.7359667 ], [ 9.302156, 48.7359741 ], [ 9.3022177, 48.735976 ], [ 9.3022852, 48.7359728 ], [ 9.3023489, 48.7359645 ], [ 9.3024075, 48.7359525 ], [ 9.3024684, 48.7359343 ], [ 9.3025473, 48.7359057 ], [ 9.3027986, 48.7357949 ], [ 9.3030969, 48.7356605 ], [ 9.3033759, 48.7355418 ], [ 9.3036674, 48.7354283 ], [ 9.3039351, 48.7353284 ], [ 9.3042155, 48.735232 ], [ 9.3048427, 48.7350256 ], [ 9.3054838, 48.7348254 ], [ 9.3058521, 48.7347006 ] ] } },
{ "type": "Feature", "properties": { "segment_id": "S765", "corridor_id": "B 295", "highway": "primary", "length": 72.833959441064707, "metapath_priority": "None", "is_metapath_hard": false, "metapath_pairs": "" }, "geometry": { "type": "LineString", "coordinates": [ [ 9.181014, 48.8106488 ], [ 9.180857, 48.8106597 ], [ 9.1803257, 48.8106907 ], [ 9.1802625, 48.8106944 ], [ 9.1800234, 48.8106813 ] ] } },
{ "type": "Feature", "properties": { "segment_id": "S766", "corridor_id": "A 81", "highway": "motorway", "length": 591.51064035331103, "metapath_priority": "None", "is_metapath_hard": false, "metapath_pairs": "" }, "geometry": { "type": "LineString", "coordinates": [ [ 9.0533011, 48.8104011 ], [ 9.0546903, 48.8109133 ], [ 9.0586064, 48.8123342 ], [ 9.0596663, 48.8127083 ], [ 9.0603791, 48.8129645 ] ] } },
{ "type": "Feature", "properties": { "segment_id": "S767", "corridor_id": "A 81", "highway": "motorway", "length": 177.63730710848114, "metapath_priority": "None", "is_metapath_hard": false, "metapath_pairs": "" }, "geometry": { "type": "LineString", "coordinates": [ [ 9.0533011, 48.8104011 ], [ 9.0527858, 48.8102306 ], [ 9.0525502, 48.8101458 ], [ 9.0522325, 48.8100301 ], [ 9.0511789, 48.8096282 ] ] } },
{ "type": "Feature", "properties": { "segment_id": "S768", "corridor_id": "A 831", "highway": "motorway", "length": 311.88905722814246, "metapath_priority": "None", "is_metapath_hard": false, "metapath_pairs": "" }, "geometry": { "type": "LineString", "coordinates": [ [ 9.0927036, 48.734397 ], [ 9.0924535, 48.7339837 ], [ 9.0923396, 48.7338201 ], [ 9.0922136, 48.7336349 ], [ 9.0920475, 48.7334125 ], [ 9.0918575, 48.7331637 ], [ 9.091798, 48.733094 ], [ 9.0916507, 48.732923 ], [ 9.0914291, 48.7326905 ], [ 9.0912251, 48.7324885 ], [ 9.0909376, 48.7322245 ], [ 9.0905838, 48.7319893 ] ] } },
{ "type": "Feature", "properties": { "segment_id": "S769", "corridor_id": "segment_769", "highway": "motorway_link", "length": 338.76564527049703, "metapath_priority": "None", "is_metapath_hard": false, "metapath_pairs": "" }, "geometry": { "type": "LineString", "coordinates": [ [ 9.0927036, 48.734397 ], [ 9.0925585, 48.7342709 ], [ 9.0924082, 48.7341085 ], [ 9.0922771, 48.7339694 ], [ 9.0921129, 48.7338309 ], [ 9.0919938, 48.7337406 ], [ 9.091815, 48.7336304 ], [ 9.0915691, 48.7335081 ], [ 9.0913466, 48.7334255 ], [ 9.0912107, 48.7333835 ], [ 9.0910906, 48.7333488 ], [ 9.0908955, 48.7333085 ], [ 9.090751, 48.7332836 ], [ 9.0905998, 48.7332614 ], [ 9.0904184, 48.7332358 ], [ 9.0902255, 48.7332097 ], [ 9.0900247, 48.733177 ], [ 9.0898798, 48.7331393 ], [ 9.0897303, 48.7330844 ], [ 9.0895869, 48.7330037 ], [ 9.0892646, 48.7327874 ], [ 9.0891052, 48.7326763 ] ] } },
{ "type": "Feature", "properties": { "segment_id": "S770", "corridor_id": "B 14", "highway": "primary_link", "length": 24.447434237860783, "metapath_priority": "None", "is_metapath_hard": false, "metapath_pairs": "" }, "geometry": { "type": "LineString", "coordinates": [ [ 9.1596257, 48.7568818 ], [ 9.1595885, 48.7567978 ], [ 9.1595547, 48.7567267 ], [ 9.1595133, 48.7566757 ] ] } },
{ "type": "Feature", "properties": { "segment_id": "S771", "corridor_id": "B 14", "highway": "primary_link", "length": 144.24496455245389, "metapath_priority": "None", "is_metapath_hard": false, "metapath_pairs": "" }, "geometry": { "type": "LineString", "coordinates": [ [ 9.1595133, 48.7566757 ], [ 9.1594118, 48.7566311 ], [ 9.159314, 48.7565719 ], [ 9.1591716, 48.7564347 ], [ 9.1591209, 48.7562858 ], [ 9.1591389, 48.7561043 ], [ 9.1592145, 48.7558945 ], [ 9.1592654, 48.7557111 ], [ 9.1592522, 48.7556128 ], [ 9.159249, 48.7555539 ], [ 9.1591898, 48.7554972 ] ] } },
{ "type": "Feature", "properties": { "segment_id": "S772", "corridor_id": "B 14", "highway": "primary_link", "length": 141.35230926563534, "metapath_priority": "None", "is_metapath_hard": false, "metapath_pairs": "" }, "geometry": { "type": "LineString", "coordinates": [ [ 9.1607577, 48.7549813 ], [ 9.1605186, 48.7549442 ], [ 9.1603357, 48.7549148 ], [ 9.1601883, 48.7549157 ], [ 9.1600601, 48.7549383 ], [ 9.1599163, 48.7550039 ], [ 9.1597939, 48.7550836 ], [ 9.1597234, 48.7551571 ], [ 9.1596791, 48.7552317 ], [ 9.1596296, 48.7553652 ], [ 9.1596349, 48.7554851 ], [ 9.1596642, 48.7555531 ], [ 9.159674, 48.7555753 ], [ 9.1597066, 48.7556243 ] ] } },
{ "type": "Feature", "properties": { "segment_id": "S773", "corridor_id": "B 14", "highway": "primary_link", "length": 23.046109115555545, "metapath_priority": "None", "is_metapath_hard": false, "metapath_pairs": "" }, "geometry": { "type": "LineString", "coordinates": [ [ 9.1608582, 48.7551663 ], [ 9.1608601, 48.7551213 ], [ 9.1608563, 48.7550783 ], [ 9.1608266, 48.7550278 ], [ 9.1607577, 48.7549813 ] ] } },
{ "type": "Feature", "properties": { "segment_id": "S774", "corridor_id": "B 14", "highway": "primary_link", "length": 40.476777257533982, "metapath_priority": "None", "is_metapath_hard": false, "metapath_pairs": "" }, "geometry": { "type": "LineString", "coordinates": [ [ 9.1607943, 48.7548813 ], [ 9.1609105, 48.7549071 ], [ 9.1609722, 48.7549336 ], [ 9.1610058, 48.7549482 ], [ 9.1610327, 48.7549648 ], [ 9.1609679, 48.7549773 ], [ 9.1609186, 48.7549836 ], [ 9.1608569, 48.7549848 ], [ 9.1607577, 48.7549813 ] ] } },
{ "type": "Feature", "properties": { "segment_id": "S775", "corridor_id": "B 14", "highway": "primary_link", "length": 24.818874197667721, "metapath_priority": "None", "is_metapath_hard": false, "metapath_pairs": "" }, "geometry": { "type": "LineString", "coordinates": [ [ 9.1607943, 48.7548813 ], [ 9.1608847, 48.7548619 ], [ 9.1609393, 48.7548459 ], [ 9.1609879, 48.7548149 ], [ 9.1610642, 48.7547572 ] ] } },
{ "type": "Feature", "properties": { "segment_id": "S776", "corridor_id": "A 81", "highway": "motorway_link", "length": 386.56937479503489, "metapath_priority": "None", "is_metapath_hard": false, "metapath_pairs": "" }, "geometry": { "type": "LineString", "coordinates": [ [ 9.2147163, 48.9596717 ], [ 9.2147599, 48.9597272 ], [ 9.2148487, 48.9598113 ], [ 9.2149821, 48.9599264 ], [ 9.2150855, 48.9600037 ], [ 9.2151679, 48.9600666 ], [ 9.2151808, 48.9600751 ], [ 9.2152947, 48.96015 ], [ 9.215449, 48.9602342 ], [ 9.2157032, 48.9603598 ], [ 9.2159796, 48.96047 ], [ 9.2162647, 48.9605648 ], [ 9.2165399, 48.9606426 ], [ 9.2168003, 48.9607017 ], [ 9.2170755, 48.9607487 ], [ 9.2173494, 48.9607852 ], [ 9.2176185, 48.9608063 ], [ 9.217832, 48.960816 ], [ 9.2180381, 48.9608144 ], [ 9.2181787, 48.9608014 ], [ 9.2183219, 48.960769 ], [ 9.2184367, 48.9607163 ], [ 9.2185193, 48.9606466 ], [ 9.2185761, 48.9605559 ], [ 9.2185897, 48.9604546 ], [ 9.218571, 48.9603627 ], [ 9.2185183, 48.9601317 ] ] } },
{ "type": "Feature", "properties": { "segment_id": "S777", "corridor_id": "B 295", "highway": "primary", "length": 52.513551203543145, "metapath_priority": "None", "is_metapath_hard": false, "metapath_pairs": "" }, "geometry": { "type": "LineString", "coordinates": [ [ 9.1833074, 48.8101008 ], [ 9.1831673, 48.8101618 ], [ 9.1830617, 48.8102083 ], [ 9.1829762, 48.8102593 ], [ 9.1828889, 48.8103129 ], [ 9.1827463, 48.810393 ] ] } },
{ "type": "Feature", "properties": { "segment_id": "S778", "corridor_id": "B 27", "highway": "primary", "length": 138.40650939898703, "metapath_priority": "None", "is_metapath_hard": false, "metapath_pairs": "" }, "geometry": { "type": "LineString", "coordinates": [ [ 9.1833074, 48.8101008 ], [ 9.1832133, 48.8101958 ], [ 9.1830911, 48.8102945 ], [ 9.182963, 48.8104031 ], [ 9.1828249, 48.8105356 ], [ 9.1826976, 48.810673 ], [ 9.1825978, 48.8107839 ], [ 9.1825753, 48.810809 ], [ 9.182474, 48.8109121 ], [ 9.1824275, 48.810965 ], [ 9.1822649, 48.8111372 ] ] } },
{ "type": "Feature", "properties": { "segment_id": "S779", "corridor_id": "segment_779", "highway": "primary_link", "length": 5.903261267533308, "metapath_priority": "None", "is_metapath_hard": false, "metapath_pairs": "" }, "geometry": { "type": "LineString", "coordinates": [ [ 9.1795687, 48.7839448 ], [ 9.1794929, 48.7839628 ] ] } },
{ "type": "Feature", "properties": { "segment_id": "S780", "corridor_id": "Arnulf-Klett-Platz", "highway": "primary", "length": 41.550804330351006, "metapath_priority": "None", "is_metapath_hard": false, "metapath_pairs": "" }, "geometry": { "type": "LineString", "coordinates": [ [ 9.1795687, 48.7839448 ], [ 9.1792373, 48.7841228 ], [ 9.1791669, 48.7841617 ], [ 9.17913, 48.7841816 ] ] } },
{ "type": "Feature", "properties": { "segment_id": "S781", "corridor_id": "segment_781", "highway": "primary_link", "length": 49.084376587127608, "metapath_priority": "None", "is_metapath_hard": false, "metapath_pairs": "" }, "geometry": { "type": "LineString", "coordinates": [ [ 9.1795687, 48.7839448 ], [ 9.1795316, 48.7839755 ], [ 9.1793922, 48.7840912 ], [ 9.1793409, 48.784147 ], [ 9.1793249, 48.7841824 ], [ 9.1793184, 48.7842171 ], [ 9.1793149, 48.7842593 ], [ 9.1793155, 48.7842893 ], [ 9.1793211, 48.7843342 ] ] } },
{ "type": "Feature", "properties": { "segment_id": "S782", "corridor_id": "B 27", "highway": "primary", "length": 22.715357205036423, "metapath_priority": "None", "is_metapath_hard": false, "metapath_pairs": "" }, "geometry": { "type": "LineString", "coordinates": [ [ 9.1786885, 48.783889 ], [ 9.1787496, 48.7839293 ], [ 9.1789044, 48.7840356 ] ] } },
{ "type": "Feature", "properties": { "segment_id": "S783", "corridor_id": "segment_783", "highway": "primary_link", "length": 33.788867221333675, "metapath_priority": "None", "is_metapath_hard": false, "metapath_pairs": "" }, "geometry": { "type": "LineString", "coordinates": [ [ 9.1786885, 48.783889 ], [ 9.1787917, 48.7839079 ], [ 9.1788766, 48.7839185 ], [ 9.1789416, 48.7839253 ], [ 9.1790194, 48.7839313 ], [ 9.1791429, 48.7839303 ] ] } },
{ "type": "Feature", "properties": { "segment_id": "S784", "corridor_id": "Arnulf-Klett-Platz", "highway": "primary", "length": 300.67305115759387, "metapath_priority": "None", "is_metapath_hard": false, "metapath_pairs": "" }, "geometry": { "type": "LineString", "coordinates": [ [ 9.1793657, 48.7838377 ], [ 9.1794392, 48.7838071 ], [ 9.1800749, 48.7835305 ], [ 9.1802314, 48.7834646 ], [ 9.1802822, 48.7834433 ], [ 9.1804759, 48.7833617 ], [ 9.1812444, 48.7830506 ], [ 9.1820069, 48.782767 ], [ 9.1824487, 48.7826089 ], [ 9.1828094, 48.7824772 ], [ 9.1828813, 48.7824455 ] ] } },
{ "type": "Feature", "properties": { "segment_id": "S785", "corridor_id": "segment_785", "highway": "primary_link", "length": 24.629475317335036, "metapath_priority": "None", "is_metapath_hard": false, "metapath_pairs": "" }, "geometry": { "type": "LineString", "coordinates": [ [ 9.1810641, 48.7909867 ], [ 9.1811162, 48.7909134 ], [ 9.1811427, 48.7908751 ], [ 9.1811999, 48.7908694 ], [ 9.1812906, 48.7908609 ] ] } },
{ "type": "Feature", "properties": { "segment_id": "S786", "corridor_id": "B 27", "highway": "primary", "length": 725.83552175848683, "metapath_priority": "None", "is_metapath_hard": false, "metapath_pairs": "" }, "geometry": { "type": "LineString", "coordinates": [ [ 9.1810641, 48.7909867 ], [ 9.181052, 48.7908381 ], [ 9.1810458, 48.7907869 ], [ 9.1810116, 48.7906208 ], [ 9.1809886, 48.7905068 ], [ 9.1809728, 48.7903997 ], [ 9.1809501, 48.7901559 ], [ 9.1809326, 48.7899679 ], [ 9.1808618, 48.7892488 ], [ 9.1808496, 48.7891267 ], [ 9.1808199, 48.788901 ], [ 9.1807945, 48.7887409 ], [ 9.1807657, 48.7886367 ], [ 9.1804777, 48.7876057 ], [ 9.1804022, 48.787336 ], [ 9.1803803, 48.7872635 ], [ 9.1803436, 48.7871414 ], [ 9.1803419, 48.7870193 ], [ 9.1803218, 48.7869341 ], [ 9.1802507, 48.7866875 ], [ 9.1801979, 48.786485 ], [ 9.1801315, 48.7862364 ], [ 9.1801203, 48.7861943 ], [ 9.180076, 48.7860469 ], [ 9.1800566, 48.785947 ], [ 9.1800327, 48.7858573 ], [ 9.1800079, 48.7857987 ], [ 9.1799849, 48.7857185 ], [ 9.179965, 48.7856515 ], [ 9.1799469, 48.7855859 ], [ 9.1799353, 48.7855219 ], [ 9.1799174, 48.7854262 ], [ 9.1799055, 48.7853844 ], [ 9.1798917, 48.7853381 ], [ 9.1798658, 48.7852648 ], [ 9.1798392, 48.7852132 ], [ 9.1797569, 48.7850946 ], [ 9.1796774, 48.7850064 ], [ 9.1795992, 48.7848923 ], [ 9.1795281, 48.7848286 ], [ 9.1794424, 48.7847428 ], [ 9.1793042, 48.7846268 ] ] } },
{ "type": "Feature", "properties": { "segment_id": "S787", "corridor_id": "B 10", "highway": "primary", "length": 360.715509620928, "metapath_priority": "None", "is_metapath_hard": false, "metapath_pairs": "" }, "geometry": { "type": "LineString", "coordinates": [ [ 9.0509214, 48.8851719 ], [ 9.051379, 48.885074 ], [ 9.0517277, 48.8850043 ], [ 9.0520548, 48.8849313 ], [ 9.052375, 48.8848358 ], [ 9.0527164, 48.8847283 ], [ 9.0532745, 48.8845222 ], [ 9.0535239, 48.8844249 ], [ 9.0540282, 48.8842283 ], [ 9.0544635, 48.8840689 ], [ 9.0548287, 48.8839325 ], [ 9.0553511, 48.8837707 ] ] } },
{ "type": "Feature", "properties": { "segment_id": "S788", "corridor_id": "B 10", "highway": "trunk_link", "length": 333.37493199209166, "metapath_priority": "None", "is_metapath_hard": false, "metapath_pairs": "" }, "geometry": { "type": "LineString", "coordinates": [ [ 9.1594302, 48.8419494 ], [ 9.1593384, 48.8419351 ], [ 9.159204, 48.8419114 ], [ 9.1590032, 48.8418775 ], [ 9.1588191, 48.8418436 ], [ 9.1586327, 48.8417871 ], [ 9.1585099, 48.8417353 ], [ 9.1584133, 48.8416778 ], [ 9.1581564, 48.8415314 ], [ 9.1575412, 48.8411764 ], [ 9.1570821, 48.8409004 ], [ 9.1568056, 48.8407721 ], [ 9.1566124, 48.84069 ], [ 9.1564546, 48.8406385 ], [ 9.1561745, 48.8405735 ], [ 9.1559536, 48.8405573 ], [ 9.1557743, 48.8405541 ], [ 9.1555702, 48.8405014 ] ] } },
{ "type": "Feature", "properties": { "segment_id": "S789", "corridor_id": "B 27a", "highway": "primary", "length": 804.54549645472559, "metapath_priority": "None", "is_metapath_hard": false, "metapath_pairs": "" }, "geometry": { "type": "LineString", "coordinates": [ [ 9.1737902, 48.7698753 ], [ 9.1737544, 48.7699353 ], [ 9.1736163, 48.7701687 ], [ 9.173487, 48.77036 ], [ 9.1733922, 48.7705001 ], [ 9.173188, 48.7707585 ], [ 9.1730423, 48.7709295 ], [ 9.1729621, 48.7710092 ], [ 9.1728514, 48.7711164 ], [ 9.1727347, 48.7712207 ], [ 9.1726498, 48.7712908 ], [ 9.172545, 48.771365 ], [ 9.1721397, 48.7716359 ], [ 9.1717569, 48.7718828 ], [ 9.1717245, 48.7719024 ], [ 9.171625, 48.7719661 ], [ 9.171567, 48.7720012 ], [ 9.1715243, 48.7720286 ], [ 9.171399, 48.7721071 ], [ 9.1711351, 48.7722794 ], [ 9.170811, 48.7725008 ], [ 9.1705733, 48.7727446 ], [ 9.1705048, 48.7728309 ], [ 9.1703592, 48.7730728 ], [ 9.1702587, 48.7732241 ], [ 9.1701489, 48.7733952 ], [ 9.1701513, 48.7734995 ], [ 9.1701557, 48.7735633 ], [ 9.1701694, 48.7736162 ], [ 9.1701887, 48.7736758 ], [ 9.1702222, 48.7737237 ], [ 9.1702537, 48.7737688 ], [ 9.1703144, 48.7738437 ], [ 9.170411, 48.7739474 ], [ 9.1705518, 48.7740526 ], [ 9.1707843, 48.7742206 ], [ 9.1708392, 48.7742604 ], [ 9.1711185, 48.7744629 ], [ 9.1712215, 48.7745471 ], [ 9.1713547, 48.77467 ], [ 9.1714106, 48.7747223 ], [ 9.1715347, 48.7748564 ], [ 9.1715774, 48.7749111 ], [ 9.1717089, 48.7750792 ], [ 9.1717936, 48.7751721 ], [ 9.1718403, 48.7752234 ], [ 9.1718965, 48.7752875 ], [ 9.1720619, 48.7754491 ], [ 9.1721209, 48.7755001 ], [ 9.1722945, 48.7756482 ], [ 9.1724865, 48.7758136 ] ] } },
{ "type": "Feature", "properties": { "segment_id": "S790", "corridor_id": "B 27a", "highway": "primary", "length": 23.60178603311661, "metapath_priority": "None", "is_metapath_hard": false, "metapath_pairs": "" }, "geometry": { "type": "LineString", "coordinates": [ [ 9.1738867, 48.7696728 ], [ 9.1738347, 48.7697836 ], [ 9.1737902, 48.7698753 ] ] } },
{ "type": "Feature", "properties": { "segment_id": "S791", "corridor_id": "Österreichischer Platz", "highway": "primary_link", "length": 35.450798054870951, "metapath_priority": "None", "is_metapath_hard": false, "metapath_pairs": "" }, "geometry": { "type": "LineString", "coordinates": [ [ 9.1738867, 48.7696728 ], [ 9.1737119, 48.7696154 ], [ 9.173599, 48.7695668 ], [ 9.1735645, 48.7695495 ], [ 9.1734869, 48.7694979 ] ] } },
{ "type": "Feature", "properties": { "segment_id": "S792", "corridor_id": "B 27a", "highway": "primary", "length": 43.755953043147741, "metapath_priority": "None", "is_metapath_hard": false, "metapath_pairs": "" }, "geometry": { "type": "LineString", "coordinates": [ [ 9.1738867, 48.7696728 ], [ 9.1739409, 48.7696415 ], [ 9.1739768, 48.7696208 ], [ 9.1740835, 48.7695518 ], [ 9.174228, 48.7694606 ], [ 9.1742706, 48.7694343 ], [ 9.1743213, 48.7694031 ] ] } },
{ "type": "Feature", "properties": { "segment_id": "S793", "corridor_id": "B 27a", "highway": "primary_link", "length": 179.18605168018487, "metapath_priority": "None", "is_metapath_hard": false, "metapath_pairs": "" }, "geometry": { "type": "LineString", "coordinates": [ [ 9.1722536, 48.7680499 ], [ 9.172337, 48.7680611 ], [ 9.1724026, 48.7680958 ], [ 9.1724283, 48.7681163 ], [ 9.172503, 48.7681762 ], [ 9.1726043, 48.7682766 ], [ 9.1727572, 48.7684066 ], [ 9.1729293, 48.7685364 ], [ 9.1730656, 48.7686265 ], [ 9.1731123, 48.7686555 ], [ 9.1734518, 48.7688664 ], [ 9.1737715, 48.7690558 ], [ 9.1737792, 48.76906 ], [ 9.173823, 48.7690882 ], [ 9.17396, 48.7691832 ] ] } },
{ "type": "Feature", "properties": { "segment_id": "S794", "corridor_id": "B 14", "highway": "primary", "length": 38.618102910365451, "metapath_priority": "None", "is_metapath_hard": false, "metapath_pairs": "" }, "geometry": { "type": "LineString", "coordinates": [ [ 9.1722536, 48.7680499 ], [ 9.172384, 48.7681976 ], [ 9.1725273, 48.7683466 ] ] } },
{ "type": "Feature", "properties": { "segment_id": "S795", "corridor_id": "B 14", "highway": "primary", "length": 415.50765694896364, "metapath_priority": "None", "is_metapath_hard": false, "metapath_pairs": "" }, "geometry": { "type": "LineString", "coordinates": [ [ 9.1722536, 48.7680499 ], [ 9.1720273, 48.7677808 ], [ 9.1719756, 48.7677203 ], [ 9.1718256, 48.7675515 ], [ 9.1716776, 48.7673781 ], [ 9.1715929, 48.7672725 ], [ 9.1715224, 48.7671835 ], [ 9.1715033, 48.7671602 ], [ 9.1712871, 48.7668974 ], [ 9.1712105, 48.7668035 ], [ 9.1706617, 48.7661308 ], [ 9.170638, 48.7660999 ], [ 9.1705712, 48.7660126 ], [ 9.1704972, 48.7659204 ], [ 9.1704766, 48.7658939 ], [ 9.1701952, 48.7655414 ], [ 9.1698866, 48.7651629 ], [ 9.169796, 48.7650475 ], [ 9.1697272, 48.7649693 ], [ 9.1697055, 48.7649419 ], [ 9.1696336, 48.7648547 ], [ 9.169596, 48.7648091 ], [ 9.1695615, 48.7647618 ] ] } },
{ "type": "Feature", "properties": { "segment_id": "S796", "corridor_id": "B 14", "highway": "primary", "length": 38.618102910365451, "metapath_priority": "None", "is_metapath_hard": false, "metapath_pairs": "" }, "geometry": { "type": "LineString", "coordinates": [ [ 9.1725273, 48.7683466 ], [ 9.172384, 48.7681976 ], [ 9.1722536, 48.7680499 ] ] } },
{ "type": "Feature", "properties": { "segment_id": "S797", "corridor_id": "B 14", "highway": "primary", "length": 293.95621709099208, "metapath_priority": "None", "is_metapath_hard": false, "metapath_pairs": "" }, "geometry": { "type": "LineString", "coordinates": [ [ 9.1725273, 48.7683466 ], [ 9.1727283, 48.7685269 ], [ 9.1728786, 48.768638 ], [ 9.1731531, 48.7688282 ], [ 9.1735218, 48.7690734 ], [ 9.1739564, 48.7693692 ], [ 9.1744129, 48.7696472 ], [ 9.1746836, 48.7698101 ], [ 9.1750605, 48.7700396 ], [ 9.175362, 48.7702105 ] ] } },
{ "type": "Feature", "properties": { "segment_id": "S798", "corridor_id": "B 14", "highway": "primary", "length": 415.50765694896359, "metapath_priority": "None", "is_metapath_hard": false, "metapath_pairs": "" }, "geometry": { "type": "LineString", "coordinates": [ [ 9.1695615, 48.7647618 ], [ 9.169596, 48.7648091 ], [ 9.1696336, 48.7648547 ], [ 9.1697055, 48.7649419 ], [ 9.1697272, 48.7649693 ], [ 9.169796, 48.7650475 ], [ 9.1698866, 48.7651629 ], [ 9.1701952, 48.7655414 ], [ 9.1704766, 48.7658939 ], [ 9.1704972, 48.7659204 ], [ 9.1705712, 48.7660126 ], [ 9.170638, 48.7660999 ], [ 9.1706617, 48.7661308 ], [ 9.1712105, 48.7668035 ], [ 9.1712871, 48.7668974 ], [ 9.1715033, 48.7671602 ], [ 9.1715224, 48.7671835 ], [ 9.1715929, 48.7672725 ], [ 9.1716776, 48.7673781 ], [ 9.1718256, 48.7675515 ], [ 9.1719756, 48.7677203 ], [ 9.1720273, 48.7677808 ], [ 9.1722536, 48.7680499 ] ] } },
{ "type": "Feature", "properties": { "segment_id": "S799", "corridor_id": "B 14", "highway": "primary", "length": 41.129638661836843, "metapath_priority": "None", "is_metapath_hard": false, "metapath_pairs": "" }, "geometry": { "type": "LineString", "coordinates": [ [ 9.1695615, 48.7647618 ], [ 9.1694527, 48.7646552 ], [ 9.1693945, 48.7645382 ], [ 9.1693794, 48.7644962 ], [ 9.1693818, 48.7644211 ] ] } },
{ "type": "Feature", "properties": { "segment_id": "S800", "corridor_id": "A 8", "highway": "motorway_link", "length": 148.96883192134754, "metapath_priority": "None", "is_metapath_hard": false, "metapath_pairs": "" }, "geometry": { "type": "LineString", "coordinates": [ [ 9.1416349, 48.7097583 ], [ 9.1411774, 48.7097924 ], [ 9.1408098, 48.7098186 ], [ 9.1401964, 48.7098488 ], [ 9.1396127, 48.7098745 ] ] } },
{ "type": "Feature", "properties": { "segment_id": "S801", "corridor_id": "segment_801", "highway": "motorway_link", "length": 169.57131344093398, "metapath_priority": "None", "is_metapath_hard": false, "metapath_pairs": "" }, "geometry": { "type": "LineString", "coordinates": [ [ 9.1416349, 48.7097583 ], [ 9.1413822, 48.7098376 ], [ 9.1410907, 48.7099414 ], [ 9.1409829, 48.7100032 ], [ 9.1408673, 48.7100837 ], [ 9.1407476, 48.7102024 ], [ 9.1406624, 48.7103035 ], [ 9.1405997, 48.7103912 ], [ 9.1405398, 48.7104615 ], [ 9.140465, 48.7105505 ], [ 9.1403721, 48.7106435 ], [ 9.1402883, 48.7107053 ], [ 9.1401948, 48.7107571 ], [ 9.1400686, 48.7108196 ] ] } },
{ "type": "Feature", "properties": { "segment_id": "S802", "corridor_id": "A 8", "highway": "motorway_link", "length": 336.56265253778679, "metapath_priority": "None", "is_metapath_hard": false, "metapath_pairs": "" }, "geometry": { "type": "LineString", "coordinates": [ [ 9.1396127, 48.7098745 ], [ 9.139202, 48.7098848 ], [ 9.1388556, 48.7098926 ], [ 9.1386028, 48.7098939 ], [ 9.1380472, 48.7098899 ], [ 9.1374925, 48.7098818 ], [ 9.1368907, 48.7098645 ], [ 9.1363733, 48.709835 ], [ 9.1358346, 48.7097958 ], [ 9.1354037, 48.7097534 ], [ 9.1350879, 48.7096304 ] ] } },
{ "type": "Feature", "properties": { "segment_id": "S803", "corridor_id": "segment_803", "highway": "trunk_link", "length": 52.575439760379489, "metapath_priority": "None", "is_metapath_hard": false, "metapath_pairs": "" }, "geometry": { "type": "LineString", "coordinates": [ [ 9.115307, 48.8532079 ], [ 9.1153133, 48.8530409 ], [ 9.1154043, 48.8531577 ], [ 9.1154542, 48.8533291 ] ] } },
{ "type": "Feature", "properties": { "segment_id": "S804", "corridor_id": "segment_804", "highway": "trunk_link", "length": 49.491058122596947, "metapath_priority": "None", "is_metapath_hard": false, "metapath_pairs": "" }, "geometry": { "type": "LineString", "coordinates": [ [ 9.115307, 48.8532079 ], [ 9.1152128, 48.8531046 ], [ 9.1150751, 48.8530522 ], [ 9.1147677, 48.8529658 ] ] } },
{ "type": "Feature", "properties": { "segment_id": "S805", "corridor_id": "Friedrichsplatz", "highway": "primary_link", "length": 25.015915382844383, "metapath_priority": "None", "is_metapath_hard": false, "metapath_pairs": "" }, "geometry": { "type": "LineString", "coordinates": [ [ 9.1775401, 48.7832056 ], [ 9.1775792, 48.7831021 ], [ 9.1776329, 48.7829892 ] ] } },
{ "type": "Feature", "properties": { "segment_id": "S806", "corridor_id": "B 27", "highway": "primary", "length": 70.375359960909336, "metapath_priority": "None", "is_metapath_hard": false, "metapath_pairs": "" }, "geometry": { "type": "LineString", "coordinates": [ [ 9.1775401, 48.7832056 ], [ 9.1774232, 48.7830657 ], [ 9.1773485, 48.7829606 ], [ 9.1772905, 48.782865 ], [ 9.1772183, 48.7827186 ], [ 9.1771842, 48.7826209 ] ] } },
{ "type": "Feature", "properties": { "segment_id": "S807", "corridor_id": "B 27", "highway": "trunk", "length": 937.65634895907283, "metapath_priority": "None", "is_metapath_hard": false, "metapath_pairs": "" }, "geometry": { "type": "LineString", "coordinates": [ [ 9.1634083, 48.7148423 ], [ 9.1633525, 48.7151516 ], [ 9.1633209, 48.7153463 ], [ 9.163283, 48.7156111 ], [ 9.163256, 48.7158825 ], [ 9.1632305, 48.7161998 ], [ 9.163201, 48.7165546 ], [ 9.1631818, 48.7169672 ], [ 9.1631741, 48.717316 ], [ 9.1631738, 48.717643 ], [ 9.1631847, 48.717926 ], [ 9.1631988, 48.7182002 ], [ 9.1632073, 48.7184445 ], [ 9.1632295, 48.7187102 ], [ 9.1632967, 48.7193182 ], [ 9.1633617, 48.7197017 ], [ 9.1634389, 48.720157 ], [ 9.1634939, 48.7204369 ], [ 9.1635663, 48.7208053 ], [ 9.1636782, 48.7212766 ], [ 9.1637784, 48.7216499 ], [ 9.1638927, 48.7220272 ], [ 9.1640603, 48.7225456 ], [ 9.164228, 48.7230256 ], [ 9.1642981, 48.7232065 ] ] } },
{ "type": "Feature", "properties": { "segment_id": "S808", "corridor_id": "B 27", "highway": "trunk", "length": 919.28004994982189, "metapath_priority": "None", "is_metapath_hard": false, "metapath_pairs": "" }, "geometry": { "type": "LineString", "coordinates": [ [ 9.1640635, 48.7230464 ], [ 9.1639656, 48.7227606 ], [ 9.1638954, 48.7225719 ], [ 9.1637221, 48.7220514 ], [ 9.1635762, 48.7215249 ], [ 9.1635117, 48.7212938 ], [ 9.1633957, 48.7208101 ], [ 9.1633267, 48.720483 ], [ 9.1632635, 48.7201538 ], [ 9.1632007, 48.7197809 ], [ 9.1631432, 48.7194082 ], [ 9.1631068, 48.7191073 ], [ 9.1630817, 48.7188876 ], [ 9.1630572, 48.7186668 ], [ 9.1630262, 48.7182013 ], [ 9.1630132, 48.7179289 ], [ 9.1630069, 48.7176435 ], [ 9.1630042, 48.7173139 ], [ 9.1630093, 48.7169632 ], [ 9.1630242, 48.7166874 ], [ 9.1630322, 48.7165516 ], [ 9.1630564, 48.7161905 ], [ 9.1630862, 48.7158747 ], [ 9.1631149, 48.7156016 ], [ 9.1631533, 48.7153495 ], [ 9.1632321, 48.7148416 ] ] } },
{ "type": "Feature", "properties": { "segment_id": "S809", "corridor_id": "B 27", "highway": "trunk_link", "length": 168.53822413964414, "metapath_priority": "None", "is_metapath_hard": false, "metapath_pairs": "" }, "geometry": { "type": "LineString", "coordinates": [ [ 9.165817, 48.7256917 ], [ 9.1658431, 48.7258662 ], [ 9.1660277, 48.7265235 ], [ 9.16607, 48.7267255 ], [ 9.1661157, 48.7269306 ], [ 9.166143, 48.7270355 ], [ 9.1661308, 48.7271895 ] ] } },
{ "type": "Feature", "properties": { "segment_id": "S810", "corridor_id": "B 27", "highway": "trunk", "length": 1006.5239028761611, "metapath_priority": "None", "is_metapath_hard": false, "metapath_pairs": "" }, "geometry": { "type": "LineString", "coordinates": [ [ 9.1661308, 48.7271895 ], [ 9.1662039, 48.7274079 ], [ 9.1663923, 48.7279102 ], [ 9.1664439, 48.7280687 ], [ 9.166515, 48.7282916 ], [ 9.166596, 48.7285935 ], [ 9.1666612, 48.7288719 ], [ 9.1667087, 48.7291375 ], [ 9.1667528, 48.7294128 ], [ 9.1667899, 48.7296743 ], [ 9.1668043, 48.7298445 ], [ 9.1668222, 48.7303203 ], [ 9.1668231, 48.730635 ], [ 9.1668154, 48.7308172 ], [ 9.1667907, 48.7311461 ], [ 9.1667395, 48.7315052 ], [ 9.1666639, 48.7319185 ], [ 9.1665833, 48.7322807 ], [ 9.1663686, 48.7329697 ], [ 9.1661354, 48.7335368 ], [ 9.1658708, 48.734066 ], [ 9.1656376, 48.7344646 ], [ 9.1654023, 48.7348361 ], [ 9.1651498, 48.7351913 ], [ 9.1648741, 48.7355379 ], [ 9.1645515, 48.7359323 ] ] } },
{ "type": "Feature", "properties": { "segment_id": "S811", "corridor_id": "segment_811", "highway": "trunk_link", "length": 24.079702168498802, "metapath_priority": "None", "is_metapath_hard": false, "metapath_pairs": "" }, "geometry": { "type": "LineString", "coordinates": [ [ 9.1630268, 48.7367246 ], [ 9.1631342, 48.7367621 ], [ 9.1631968, 48.7367704 ], [ 9.1632913, 48.736767 ], [ 9.1633378, 48.7367583 ] ] } },
{ "type": "Feature", "properties": { "segment_id": "S812", "corridor_id": "segment_812", "highway": "trunk_link", "length": 47.594866498666072, "metapath_priority": "None", "is_metapath_hard": false, "metapath_pairs": "" }, "geometry": { "type": "LineString", "coordinates": [ [ 9.3054954, 48.7353116 ], [ 9.3054146, 48.7353503 ], [ 9.3053254, 48.7353959 ], [ 9.3052873, 48.7354193 ], [ 9.3052588, 48.7354405 ], [ 9.3052399, 48.7354576 ], [ 9.3052139, 48.7354889 ], [ 9.3052003, 48.7355144 ], [ 9.3051907, 48.7355549 ], [ 9.305189, 48.7355982 ], [ 9.3051911, 48.735614 ], [ 9.3051962, 48.7356315 ], [ 9.3052064, 48.7356537 ] ] } },
{ "type": "Feature", "properties": { "segment_id": "S813", "corridor_id": "segment_813", "highway": "trunk_link", "length": 37.017030636605107, "metapath_priority": "None", "is_metapath_hard": false, "metapath_pairs": "" }, "geometry": { "type": "LineString", "coordinates": [ [ 9.3054954, 48.7353116 ], [ 9.3052856, 48.7353622 ], [ 9.3052377, 48.7353757 ], [ 9.3051697, 48.7354 ], [ 9.3051343, 48.735414 ], [ 9.3050402, 48.7354524 ] ] } },
{ "type": "Feature", "properties": { "segment_id": "S814", "corridor_id": "B 27a", "highway": "primary_link", "length": 32.864445912517688, "metapath_priority": "None", "is_metapath_hard": false, "metapath_pairs": "" }, "geometry": { "type": "LineString", "coordinates": [ [ 9.1741932, 48.7697904 ], [ 9.1741022, 48.7697828 ], [ 9.1740363, 48.7697823 ], [ 9.1739524, 48.7697935 ], [ 9.1738875, 48.7698183 ], [ 9.1737902, 48.7698753 ] ] } },
{ "type": "Feature", "properties": { "segment_id": "S815", "corridor_id": "Hauptstätter Straße", "highway": "primary_link", "length": 26.237945984248036, "metapath_priority": "None", "is_metapath_hard": false, "metapath_pairs": "" }, "geometry": { "type": "LineString", "coordinates": [ [ 9.1741932, 48.7697904 ], [ 9.174122, 48.7697478 ], [ 9.1740765, 48.7697286 ], [ 9.1739984, 48.7697055 ], [ 9.1738867, 48.7696728 ] ] } },
{ "type": "Feature", "properties": { "segment_id": "S816", "corridor_id": "B 295", "highway": "primary_link", "length": 38.096473159402109, "metapath_priority": "None", "is_metapath_hard": false, "metapath_pairs": "" }, "geometry": { "type": "LineString", "coordinates": [ [ 9.1062976, 48.8082978 ], [ 9.1063597, 48.8082665 ], [ 9.1064448, 48.8082242 ], [ 9.1064952, 48.8082025 ], [ 9.1065714, 48.8081656 ], [ 9.1067277, 48.808106 ] ] } },
{ "type": "Feature", "properties": { "segment_id": "S817", "corridor_id": "B 295", "highway": "primary_link", "length": 33.540246766063298, "metapath_priority": "None", "is_metapath_hard": false, "metapath_pairs": "" }, "geometry": { "type": "LineString", "coordinates": [ [ 9.1077485, 48.8096974 ], [ 9.1078208, 48.809663 ], [ 9.1078833, 48.8096332 ], [ 9.1079222, 48.8096147 ], [ 9.1081226, 48.8095234 ] ] } },
{ "type": "Feature", "properties": { "segment_id": "S818", "corridor_id": "B 10;B 14", "highway": "trunk", "length": 473.31822723039858, "metapath_priority": "None", "is_metapath_hard": false, "metapath_pairs": "" }, "geometry": { "type": "LineString", "coordinates": [ [ 9.2161671, 48.7939532 ], [ 9.2162117, 48.7939075 ], [ 9.2169216, 48.7931293 ], [ 9.2174476, 48.7925719 ], [ 9.2177165, 48.7922934 ], [ 9.2182699, 48.7917636 ], [ 9.2188039, 48.7912997 ], [ 9.2194849, 48.790777 ], [ 9.2198801, 48.7904815 ] ] } },
{ "type": "Feature", "properties": { "segment_id": "S819", "corridor_id": "Uferstraße", "highway": "primary_link", "length": 26.715485280761158, "metapath_priority": "None", "is_metapath_hard": false, "metapath_pairs": "" }, "geometry": { "type": "LineString", "coordinates": [ [ 9.2157063, 48.7939939 ], [ 9.2157606, 48.7940148 ], [ 9.2158383, 48.794051 ], [ 9.2158602, 48.7940613 ], [ 9.2159059, 48.7940892 ], [ 9.215943, 48.7941177 ], [ 9.2159737, 48.794152 ] ] } },
{ "type": "Feature", "properties": { "segment_id": "S820", "corridor_id": "Uferstraße", "highway": "trunk_link", "length": 35.707708971870112, "metapath_priority": "None", "is_metapath_hard": false, "metapath_pairs": "" }, "geometry": { "type": "LineString", "coordinates": [ [ 9.2157063, 48.7939939 ], [ 9.2157755, 48.7940076 ], [ 9.2158484, 48.7940176 ], [ 9.215869, 48.794018 ], [ 9.2158984, 48.7940185 ], [ 9.2159475, 48.7940147 ], [ 9.2159933, 48.7940076 ], [ 9.2160479, 48.7939967 ], [ 9.2160935, 48.7939847 ], [ 9.2161392, 48.793968 ], [ 9.2161671, 48.7939532 ] ] } },
{ "type": "Feature", "properties": { "segment_id": "S821", "corridor_id": "Konrad-Adenauer-Straße", "highway": "primary_link", "length": 295.13874856666223, "metapath_priority": "None", "is_metapath_hard": false, "metapath_pairs": "" }, "geometry": { "type": "LineString", "coordinates": [ [ 9.1861665, 48.7810562 ], [ 9.1859831, 48.7807603 ], [ 9.1859304, 48.7806572 ], [ 9.1855145, 48.7799588 ], [ 9.1854839, 48.7798921 ], [ 9.1854596, 48.7798225 ], [ 9.1853855, 48.7796969 ], [ 9.185048, 48.7791246 ], [ 9.1849094, 48.7789237 ], [ 9.1847454, 48.778686 ], [ 9.1846801, 48.7785914 ] ] } },
{ "type": "Feature", "properties": { "segment_id": "S822", "corridor_id": "B 14", "highway": "trunk_link", "length": 171.15525147763165, "metapath_priority": "None", "is_metapath_hard": false, "metapath_pairs": "" }, "geometry": { "type": "LineString", "coordinates": [ [ 9.1128147, 48.7463239 ], [ 9.1127936, 48.7461807 ], [ 9.1127332, 48.7459194 ], [ 9.1126231, 48.7456632 ], [ 9.1124159, 48.7453623 ], [ 9.112159, 48.7450909 ], [ 9.1120537, 48.7448881 ] ] } },
{ "type": "Feature", "properties": { "segment_id": "S823", "corridor_id": "B 14", "highway": "trunk_link", "length": 26.338210357677642, "metapath_priority": "None", "is_metapath_hard": false, "metapath_pairs": "" }, "geometry": { "type": "LineString", "coordinates": [ [ 9.1130985, 48.746608 ], [ 9.1132748, 48.7466864 ], [ 9.1133349, 48.7467169 ], [ 9.1133838, 48.7467506 ] ] } },
{ "type": "Feature", "properties": { "segment_id": "S824", "corridor_id": "B 14", "highway": "trunk_link", "length": 38.423066556045164, "metapath_priority": "None", "is_metapath_hard": false, "metapath_pairs": "" }, "geometry": { "type": "LineString", "coordinates": [ [ 9.1130985, 48.746608 ], [ 9.1129787, 48.7465115 ], [ 9.1129282, 48.7464767 ], [ 9.1128624, 48.746421 ], [ 9.1128147, 48.7463239 ] ] } },
{ "type": "Feature", "properties": { "segment_id": "S825", "corridor_id": "B 295", "highway": "primary_link", "length": 38.096473159402102, "metapath_priority": "None", "is_metapath_hard": false, "metapath_pairs": "" }, "geometry": { "type": "LineString", "coordinates": [ [ 9.1067277, 48.808106 ], [ 9.1065714, 48.8081656 ], [ 9.1064952, 48.8082025 ], [ 9.1064448, 48.8082242 ], [ 9.1063597, 48.8082665 ], [ 9.1062976, 48.8082978 ] ] } },
{ "type": "Feature", "properties": { "segment_id": "S826", "corridor_id": "B 295", "highway": "primary_link", "length": 13.03312281740777, "metapath_priority": "None", "is_metapath_hard": false, "metapath_pairs": "" }, "geometry": { "type": "LineString", "coordinates": [ [ 9.1067277, 48.808106 ], [ 9.1067983, 48.808085 ], [ 9.1068922, 48.8080614 ] ] } },
{ "type": "Feature", "properties": { "segment_id": "S827", "corridor_id": "B 10", "highway": "trunk", "length": 1069.7730231028142, "metapath_priority": "None", "is_metapath_hard": false, "metapath_pairs": "" }, "geometry": { "type": "LineString", "coordinates": [ [ 9.3369984, 48.7220062 ], [ 9.3362453, 48.7222601 ], [ 9.3354561, 48.7225115 ], [ 9.3345239, 48.7228044 ], [ 9.3334965, 48.723122 ], [ 9.3325408, 48.7234157 ], [ 9.3314388, 48.7237523 ], [ 9.3303254, 48.7240949 ], [ 9.3289012, 48.7245314 ], [ 9.3274588, 48.7249738 ], [ 9.3264292, 48.7252884 ], [ 9.3255552, 48.7255584 ], [ 9.3244867, 48.7258884 ], [ 9.3237988, 48.7260961 ] ] } },
{ "type": "Feature", "properties": { "segment_id": "S828", "corridor_id": "B 27", "highway": "primary", "length": 10.90126850675208, "metapath_priority": "None", "is_metapath_hard": false, "metapath_pairs": "" }, "geometry": { "type": "LineString", "coordinates": [ [ 9.1836326, 48.7754542 ], [ 9.183512, 48.7755116 ] ] } },
{ "type": "Feature", "properties": { "segment_id": "S829", "corridor_id": "B 27", "highway": "primary_link", "length": 22.369914609330674, "metapath_priority": "None", "is_metapath_hard": false, "metapath_pairs": "" }, "geometry": { "type": "LineString", "coordinates": [ [ 9.1836326, 48.7754542 ], [ 9.1835862, 48.7754538 ], [ 9.1835372, 48.7754435 ], [ 9.1834978, 48.7754175 ], [ 9.183471, 48.7753792 ], [ 9.1834611, 48.7753539 ], [ 9.1834692, 48.7753227 ] ] } },
{ "type": "Feature", "properties": { "segment_id": "S830", "corridor_id": "B 14", "highway": "primary", "length": 2299.096982683418, "metapath_priority": "None", "is_metapath_hard": false, "metapath_pairs": "" }, "geometry": { "type": "LineString", "coordinates": [ [ 9.2086941, 48.7993498 ], [ 9.2086543, 48.7993312 ], [ 9.2086206, 48.7993117 ], [ 9.2085905, 48.7992878 ], [ 9.2085623, 48.7992615 ], [ 9.2085336, 48.7992282 ], [ 9.2085114, 48.7991969 ], [ 9.2084861, 48.7991481 ], [ 9.2084732, 48.7991044 ], [ 9.208467, 48.7990677 ], [ 9.2084687, 48.799026 ], [ 9.2084773, 48.7989911 ], [ 9.208492, 48.7989536 ], [ 9.2085109, 48.7989205 ], [ 9.2085282, 48.7988955 ], [ 9.2085689, 48.7988463 ], [ 9.208614, 48.7987963 ], [ 9.208633, 48.79877 ], [ 9.2086541, 48.7987283 ], [ 9.2086585, 48.7986986 ], [ 9.2086578, 48.7986784 ], [ 9.2086535, 48.7986601 ], [ 9.2086427, 48.7986349 ], [ 9.2086303, 48.7986107 ], [ 9.2086073, 48.7985812 ], [ 9.2085732, 48.7985521 ], [ 9.2085325, 48.7985229 ], [ 9.2082606, 48.7983748 ], [ 9.2080964, 48.7982878 ], [ 9.2077621, 48.7981165 ], [ 9.2048846, 48.7966577 ], [ 9.2031511, 48.7957779 ], [ 9.2028495, 48.7956376 ], [ 9.2027029, 48.7955735 ], [ 9.2025309, 48.7955043 ], [ 9.202368, 48.7954455 ], [ 9.2021829, 48.7953844 ], [ 9.2020193, 48.7953265 ], [ 9.2019914, 48.7953153 ], [ 9.2018458, 48.7952569 ], [ 9.2014985, 48.7951069 ], [ 9.2008941, 48.7948338 ], [ 9.2004759, 48.7946215 ], [ 9.2001407, 48.794444 ], [ 9.1996835, 48.7941773 ], [ 9.1993935, 48.7939937 ], [ 9.1991017, 48.7937987 ], [ 9.1984855, 48.7933629 ], [ 9.1976683, 48.792794 ], [ 9.1972762, 48.7925383 ], [ 9.1968188, 48.792259 ], [ 9.1958718, 48.7916915 ], [ 9.1948928, 48.7911197 ], [ 9.1936004, 48.7903531 ], [ 9.1932062, 48.7901166 ], [ 9.1929782, 48.7899661 ], [ 9.1927547, 48.7898092 ], [ 9.192554, 48.7896555 ], [ 9.1923627, 48.789498 ], [ 9.1921533, 48.7893122 ], [ 9.1920831, 48.7892469 ], [ 9.1919798, 48.7891458 ], [ 9.1919056, 48.7890738 ], [ 9.1917855, 48.7889656 ], [ 9.1916827, 48.7888786 ], [ 9.1915568, 48.788776 ], [ 9.1913094, 48.7885884 ], [ 9.1910099, 48.7883599 ], [ 9.1901844, 48.7877234 ], [ 9.1895761, 48.787293 ], [ 9.1894816, 48.7871984 ], [ 9.1894205, 48.7870923 ], [ 9.1893978, 48.7869938 ], [ 9.189394, 48.7868972 ], [ 9.1894126, 48.7867967 ], [ 9.1894758, 48.786691 ], [ 9.1895231, 48.7866308 ], [ 9.1895728, 48.7865765 ], [ 9.1896394, 48.7865123 ], [ 9.1896961, 48.7864602 ], [ 9.1897362, 48.7864205 ], [ 9.1897672, 48.7863853 ], [ 9.1897934, 48.786349 ], [ 9.1898196, 48.7863046 ], [ 9.1898468, 48.7862439 ], [ 9.1898629, 48.7861835 ], [ 9.1898686, 48.7861225 ], [ 9.1898692, 48.7860521 ], [ 9.1898583, 48.7859836 ], [ 9.18984, 48.7859144 ], [ 9.1898089, 48.7858484 ], [ 9.1897713, 48.7857843 ], [ 9.1897577, 48.7857621 ], [ 9.1895128, 48.7854109 ], [ 9.1890838, 48.7847813 ], [ 9.1889743, 48.7846499 ] ] } },
{ "type": "Feature", "properties": { "segment_id": "S831", "corridor_id": "A 81", "highway": "motorway", "length": 207.90595280297566, "metapath_priority": "None", "is_metapath_hard": false, "metapath_pairs": "" }, "geometry": { "type": "LineString", "coordinates": [ [ 9.2185543, 48.9598832 ], [ 9.2190414, 48.9604388 ], [ 9.2192962, 48.9607299 ], [ 9.2193914, 48.9608318 ], [ 9.2195144, 48.9609698 ], [ 9.2198676, 48.9613673 ], [ 9.2199804, 48.9615015 ] ] } },
{ "type": "Feature", "properties": { "segment_id": "S832", "corridor_id": "segment_832", "highway": "motorway_link", "length": 296.3896896975433, "metapath_priority": "None", "is_metapath_hard": false, "metapath_pairs": "" }, "geometry": { "type": "LineString", "coordinates": [ [ 9.2185543, 48.9598832 ], [ 9.2189943, 48.9601794 ], [ 9.2190649, 48.9602206 ], [ 9.2191413, 48.9602542 ], [ 9.2192235, 48.9602804 ], [ 9.2193129, 48.9603006 ], [ 9.2194045, 48.9603116 ], [ 9.2195002, 48.960313 ], [ 9.2196028, 48.9603085 ], [ 9.2197038, 48.9602931 ], [ 9.2197885, 48.9602718 ], [ 9.2198712, 48.9602429 ], [ 9.219923, 48.9602192 ], [ 9.2199607, 48.9601972 ], [ 9.2200187, 48.9601584 ], [ 9.2200617, 48.9601196 ], [ 9.2201103, 48.9600632 ], [ 9.2201768, 48.9599609 ], [ 9.2205142, 48.9593895 ], [ 9.2205253, 48.9593625 ], [ 9.2205316, 48.9593343 ], [ 9.2205349, 48.959302 ], [ 9.2205334, 48.9592661 ], [ 9.2205281, 48.9592019 ], [ 9.220524, 48.9591337 ], [ 9.2205203, 48.9590534 ], [ 9.2206268, 48.9590933 ], [ 9.2206701, 48.9591385 ], [ 9.2206822, 48.9591708 ], [ 9.2206885, 48.9592011 ], [ 9.220692, 48.9592564 ], [ 9.2206893, 48.9592853 ], [ 9.2206708, 48.9593246 ] ] } },
{ "type": "Feature", "properties": { "segment_id": "S833", "corridor_id": "A 81", "highway": "motorway_link", "length": 50.20012321123297, "metapath_priority": "None", "is_metapath_hard": false, "metapath_pairs": "" }, "geometry": { "type": "LineString", "coordinates": [ [ 9.2211384, 48.9590051 ], [ 9.2209796, 48.9590691 ], [ 9.2208687, 48.9591344 ], [ 9.220741, 48.9592387 ], [ 9.2206708, 48.9593246 ] ] } },
{ "type": "Feature", "properties": { "segment_id": "S834", "corridor_id": "A 81", "highway": "motorway_link", "length": 257.21881468641783, "metapath_priority": "None", "is_metapath_hard": false, "metapath_pairs": "" }, "geometry": { "type": "LineString", "coordinates": [ [ 9.2206708, 48.9593246 ], [ 9.2199207, 48.9604775 ], [ 9.2198532, 48.9605819 ], [ 9.2198155, 48.9606544 ], [ 9.219781, 48.9607441 ], [ 9.2197621, 48.960844 ], [ 9.2197611, 48.9609313 ], [ 9.2197742, 48.9610103 ], [ 9.2198071, 48.9610972 ], [ 9.2199804, 48.9615015 ] ] } },
{ "type": "Feature", "properties": { "segment_id": "S835", "corridor_id": "B 14", "highway": "trunk_link", "length": 271.00509947352799, "metapath_priority": "None", "is_metapath_hard": false, "metapath_pairs": "" }, "geometry": { "type": "LineString", "coordinates": [ [ 9.3314554, 48.8288365 ], [ 9.3314704, 48.8286984 ], [ 9.3315055, 48.8282856 ], [ 9.3315278, 48.8281653 ], [ 9.3315706, 48.8280475 ], [ 9.3316085, 48.8279909 ], [ 9.3316579, 48.8279337 ], [ 9.3317125, 48.8278835 ], [ 9.3317868, 48.8278327 ], [ 9.331899, 48.827779 ], [ 9.3320297, 48.8277378 ], [ 9.3321833, 48.8277061 ], [ 9.3323849, 48.8276768 ], [ 9.3325565, 48.8276467 ], [ 9.3326743, 48.8276171 ], [ 9.3327535, 48.8275922 ], [ 9.3328303, 48.8275619 ], [ 9.3328861, 48.8275368 ], [ 9.3329583, 48.8274934 ], [ 9.3330365, 48.8274266 ], [ 9.3330896, 48.8273639 ], [ 9.3331617, 48.8272536 ], [ 9.3332022, 48.8271256 ], [ 9.3333116, 48.8270271 ] ] } },
{ "type": "Feature", "properties": { "segment_id": "S836", "corridor_id": "K 1859", "highway": "trunk_link", "length": 52.184548226297046, "metapath_priority": "None", "is_metapath_hard": false, "metapath_pairs": "" }, "geometry": { "type": "LineString", "coordinates": [ [ 9.3307611, 48.8290516 ], [ 9.3309319, 48.829049 ], [ 9.331393, 48.8290639 ], [ 9.3314733, 48.8290665 ] ] } },
{ "type": "Feature", "properties": { "segment_id": "S837", "corridor_id": "segment_837", "highway": "trunk_link", "length": 58.808359997409859, "metapath_priority": "None", "is_metapath_hard": false, "metapath_pairs": "" }, "geometry": { "type": "LineString", "coordinates": [ [ 9.3307611, 48.8290516 ], [ 9.3311885, 48.8289894 ], [ 9.3312888, 48.8289633 ], [ 9.3313515, 48.8289318 ], [ 9.3313938, 48.8289018 ], [ 9.3314554, 48.8288365 ] ] } },
{ "type": "Feature", "properties": { "segment_id": "S838", "corridor_id": "K 1859", "highway": "trunk_link", "length": 139.96384443689021, "metapath_priority": "None", "is_metapath_hard": false, "metapath_pairs": "" }, "geometry": { "type": "LineString", "coordinates": [ [ 9.3307611, 48.8290516 ], [ 9.3305026, 48.8290556 ], [ 9.3303643, 48.8290577 ], [ 9.3300147, 48.8290672 ], [ 9.3296694, 48.829089 ], [ 9.3291528, 48.8291536 ], [ 9.3288695, 48.8292016 ] ] } },
{ "type": "Feature", "properties": { "segment_id": "S839", "corridor_id": "A 8", "highway": "motorway_link", "length": 145.96920177806354, "metapath_priority": "None", "is_metapath_hard": false, "metapath_pairs": "" }, "geometry": { "type": "LineString", "coordinates": [ [ 9.1637175, 48.7067443 ], [ 9.1634636, 48.7067649 ], [ 9.1629532, 48.7068315 ], [ 9.1623039, 48.7069218 ], [ 9.1617668, 48.7069987 ] ] } },
{ "type": "Feature", "properties": { "segment_id": "S840", "corridor_id": "A 8", "highway": "motorway_link", "length": 87.918375495451642, "metapath_priority": "None", "is_metapath_hard": false, "metapath_pairs": "" }, "geometry": { "type": "LineString", "coordinates": [ [ 9.1637175, 48.7067443 ], [ 9.1634596, 48.7067082 ], [ 9.1631623, 48.7067249 ], [ 9.162908, 48.7067412 ], [ 9.1625294, 48.7067153 ] ] } },
{ "type": "Feature", "properties": { "segment_id": "S841", "corridor_id": "B 27", "highway": "trunk", "length": 275.96789821893611, "metapath_priority": "None", "is_metapath_hard": false, "metapath_pairs": "" }, "geometry": { "type": "LineString", "coordinates": [ [ 9.1639791, 48.7120877 ], [ 9.1641696, 48.7115933 ], [ 9.1643772, 48.7111012 ], [ 9.1645831, 48.7106522 ], [ 9.1650687, 48.7097136 ] ] } },
{ "type": "Feature", "properties": { "segment_id": "S842", "corridor_id": "segment_842", "highway": "trunk_link", "length": 37.315234625438855, "metapath_priority": "None", "is_metapath_hard": false, "metapath_pairs": "" }, "geometry": { "type": "LineString", "coordinates": [ [ 9.2934699, 48.8188842 ], [ 9.2932815, 48.8191166 ], [ 9.2932321, 48.819181 ] ] } },
{ "type": "Feature", "properties": { "segment_id": "S843", "corridor_id": "segment_843", "highway": "trunk_link", "length": 56.726833298525548, "metapath_priority": "None", "is_metapath_hard": false, "metapath_pairs": "" }, "geometry": { "type": "LineString", "coordinates": [ [ 9.2934699, 48.8188842 ], [ 9.2935025, 48.8189592 ], [ 9.2934798, 48.8190105 ], [ 9.2934671, 48.8190682 ], [ 9.2934699, 48.8191325 ], [ 9.293502, 48.819197 ], [ 9.2935594, 48.8192586 ], [ 9.2936054, 48.8192888 ], [ 9.2936243, 48.8193609 ] ] } },
{ "type": "Feature", "properties": { "segment_id": "S844", "corridor_id": "segment_844", "highway": "trunk_link", "length": 45.158160080559433, "metapath_priority": "None", "is_metapath_hard": false, "metapath_pairs": "" }, "geometry": { "type": "LineString", "coordinates": [ [ 9.2926629, 48.818929 ], [ 9.2928342, 48.8189436 ], [ 9.2929248, 48.8189493 ], [ 9.2929703, 48.8189522 ], [ 9.2930493, 48.8189403 ], [ 9.2931481, 48.8189148 ], [ 9.2932524, 48.8188755 ] ] } },
{ "type": "Feature", "properties": { "segment_id": "S845", "corridor_id": "segment_845", "highway": "trunk_link", "length": 294.86815689249181, "metapath_priority": "None", "is_metapath_hard": false, "metapath_pairs": "" }, "geometry": { "type": "LineString", "coordinates": [ [ 9.2932524, 48.8188755 ], [ 9.2935382, 48.8185071 ], [ 9.2936793, 48.8183179 ], [ 9.2938184, 48.818136 ], [ 9.2940664, 48.8177781 ], [ 9.2941616, 48.8176284 ], [ 9.2943573, 48.8173013 ], [ 9.2944258, 48.8171665 ], [ 9.2944964, 48.8170181 ], [ 9.2945607, 48.8168613 ], [ 9.2946361, 48.8166613 ], [ 9.2947078, 48.8164155 ] ] } },
{ "type": "Feature", "properties": { "segment_id": "S846", "corridor_id": "B 295", "highway": "primary", "length": 1532.1168636460832, "metapath_priority": "None", "is_metapath_hard": false, "metapath_pairs": "" }, "geometry": { "type": "LineString", "coordinates": [ [ 9.1293043, 48.8110466 ], [ 9.1287715, 48.8098456 ], [ 9.1284191, 48.8091254 ], [ 9.128037, 48.8084558 ], [ 9.1278211, 48.8081995 ], [ 9.127573, 48.8079435 ], [ 9.1274625, 48.8078397 ], [ 9.1273398, 48.8077359 ], [ 9.1272007, 48.8076331 ], [ 9.1269989, 48.8074993 ], [ 9.1267981, 48.8073767 ], [ 9.126229, 48.8070812 ], [ 9.1257326, 48.8068927 ], [ 9.1255388, 48.8068323 ], [ 9.1253357, 48.8067746 ], [ 9.1250947, 48.8067221 ], [ 9.1248282, 48.8066711 ], [ 9.1246027, 48.8066409 ], [ 9.1243603, 48.8066124 ], [ 9.1240098, 48.8065869 ], [ 9.1236528, 48.806581 ], [ 9.1234377, 48.8065846 ], [ 9.123193, 48.806592 ], [ 9.1229181, 48.8066128 ], [ 9.122579, 48.8066527 ], [ 9.1223104, 48.8066958 ], [ 9.1220414, 48.8067446 ], [ 9.1217604, 48.8068061 ], [ 9.1212614, 48.8069274 ], [ 9.1207676, 48.8070583 ], [ 9.1198929, 48.8072871 ], [ 9.1198169, 48.8073055 ], [ 9.1194815, 48.8073867 ], [ 9.1192503, 48.8074426 ], [ 9.118579, 48.8075857 ], [ 9.1180716, 48.8076777 ], [ 9.1177486, 48.8077286 ], [ 9.1175739, 48.8077562 ], [ 9.1169786, 48.8078294 ], [ 9.1165012, 48.8078789 ], [ 9.1160441, 48.8079198 ], [ 9.1155584, 48.8079554 ], [ 9.1151114, 48.8079877 ], [ 9.1147365, 48.8080132 ], [ 9.1141366, 48.8080485 ], [ 9.1127092, 48.8081378 ] ] } },
{ "type": "Feature", "properties": { "segment_id": "S847", "corridor_id": "B 295", "highway": "primary", "length": 406.94173126020979, "metapath_priority": "None", "is_metapath_hard": false, "metapath_pairs": "" }, "geometry": { "type": "LineString", "coordinates": [ [ 9.1293043, 48.8110466 ], [ 9.1295087, 48.8113375 ], [ 9.1295822, 48.8114421 ], [ 9.1298129, 48.8117071 ], [ 9.1299432, 48.8118269 ], [ 9.1300777, 48.8119257 ], [ 9.1302247, 48.8120225 ], [ 9.1303443, 48.8120911 ], [ 9.1304927, 48.8121701 ], [ 9.1306658, 48.812241 ], [ 9.1308455, 48.8123016 ], [ 9.1311212, 48.8123657 ], [ 9.1312828, 48.8123978 ], [ 9.1314624, 48.8124231 ], [ 9.1316754, 48.8124535 ], [ 9.1318681, 48.812475 ], [ 9.1320717, 48.812491 ], [ 9.1323045, 48.8124959 ], [ 9.1325494, 48.8124901 ], [ 9.1327174, 48.8124773 ], [ 9.1328733, 48.8124615 ], [ 9.1333614, 48.8124179 ], [ 9.1338361, 48.8123599 ] ] } },
{ "type": "Feature", "properties": { "segment_id": "S848", "corridor_id": "B 295", "highway": "primary", "length": 39.578316449278219, "metapath_priority": "None", "is_metapath_hard": false, "metapath_pairs": "" }, "geometry": { "type": "LineString", "coordinates": [ [ 9.0764945, 48.823019 ], [ 9.0770298, 48.8229692 ] ] } },
{ "type": "Feature", "properties": { "segment_id": "S849", "corridor_id": "A 81", "highway": "motorway_link", "length": 17.695446079716945, "metapath_priority": "None", "is_metapath_hard": false, "metapath_pairs": "" }, "geometry": { "type": "LineString", "coordinates": [ [ 9.0764945, 48.823019 ], [ 9.0764644, 48.8231769 ] ] } },
{ "type": "Feature", "properties": { "segment_id": "S850", "corridor_id": "A 81", "highway": "motorway_link", "length": 16.701186578614767, "metapath_priority": "None", "is_metapath_hard": false, "metapath_pairs": "" }, "geometry": { "type": "LineString", "coordinates": [ [ 9.0764644, 48.8231769 ], [ 9.076355, 48.8230451 ] ] } },
{ "type": "Feature", "properties": { "segment_id": "S851", "corridor_id": "segment_851", "highway": "trunk_link", "length": 175.79742075164853, "metapath_priority": "None", "is_metapath_hard": false, "metapath_pairs": "" }, "geometry": { "type": "LineString", "coordinates": [ [ 9.3216699, 48.7260238 ], [ 9.3216911, 48.7260957 ], [ 9.3217114, 48.7261352 ], [ 9.3217425, 48.7261726 ], [ 9.3217776, 48.7262043 ], [ 9.3218273, 48.7262375 ], [ 9.3218827, 48.7262625 ], [ 9.3219505, 48.726284 ], [ 9.3220278, 48.7262974 ], [ 9.3221143, 48.7263015 ], [ 9.3221946, 48.7262995 ], [ 9.3222937, 48.7262892 ], [ 9.3224106, 48.7262681 ], [ 9.3228358, 48.7261689 ], [ 9.3234288, 48.7260157 ], [ 9.323496, 48.7260052 ], [ 9.3237537, 48.725984 ] ] } },
{ "type": "Feature", "properties": { "segment_id": "S852", "corridor_id": "segment_852", "highway": "trunk_link", "length": 282.99322946195207, "metapath_priority": "None", "is_metapath_hard": false, "metapath_pairs": "" }, "geometry": { "type": "LineString", "coordinates": [ [ 9.3415971, 48.7189772 ], [ 9.3417336, 48.7189508 ], [ 9.3419813, 48.7188923 ], [ 9.3422982, 48.7188056 ], [ 9.3424275, 48.7187768 ], [ 9.3425522, 48.7187622 ], [ 9.3426502, 48.7187593 ], [ 9.342772, 48.7187661 ], [ 9.3428787, 48.7187793 ], [ 9.3429645, 48.7187964 ], [ 9.3430435, 48.7188196 ], [ 9.3431179, 48.7188529 ], [ 9.3432003, 48.7188989 ], [ 9.343267, 48.7189409 ], [ 9.3433345, 48.7189916 ], [ 9.3436492, 48.7192742 ], [ 9.3437081, 48.7193262 ], [ 9.3437697, 48.7193697 ], [ 9.3438315, 48.719407 ], [ 9.3438958, 48.7194368 ], [ 9.3439674, 48.7194653 ], [ 9.3440442, 48.7194893 ], [ 9.3441362, 48.7195051 ], [ 9.3442317, 48.7195157 ], [ 9.3443224, 48.7195197 ], [ 9.3444044, 48.7195173 ], [ 9.3445113, 48.7195059 ], [ 9.3445876, 48.7194986 ], [ 9.3449339, 48.719481 ] ] } },
{ "type": "Feature", "properties": { "segment_id": "S853", "corridor_id": "B 14", "highway": "primary_link", "length": 269.71986175071424, "metapath_priority": "None", "is_metapath_hard": false, "metapath_pairs": "" }, "geometry": { "type": "LineString", "coordinates": [ [ 9.1833592, 48.7761644 ], [ 9.183407, 48.7762089 ], [ 9.183545, 48.776397 ], [ 9.183725, 48.7766564 ], [ 9.1838021, 48.776771 ], [ 9.1840688, 48.7771518 ], [ 9.1843102, 48.7775232 ], [ 9.18434, 48.7775696 ], [ 9.184467, 48.7777484 ], [ 9.184662, 48.7780754 ], [ 9.1847435, 48.7781973 ], [ 9.184767, 48.7783925 ] ] } },
{ "type": "Feature", "properties": { "segment_id": "S854", "corridor_id": "segment_854", "highway": "primary_link", "length": 32.352608292804746, "metapath_priority": "None", "is_metapath_hard": false, "metapath_pairs": "" }, "geometry": { "type": "LineString", "coordinates": [ [ 9.1827463, 48.810393 ], [ 9.1826074, 48.8104021 ], [ 9.1825151, 48.8103998 ], [ 9.182457, 48.8103819 ], [ 9.182411, 48.8103439 ], [ 9.1823868, 48.8102993 ] ] } },
{ "type": "Feature", "properties": { "segment_id": "S855", "corridor_id": "B 295", "highway": "primary", "length": 55.666146620911043, "metapath_priority": "None", "is_metapath_hard": false, "metapath_pairs": "" }, "geometry": { "type": "LineString", "coordinates": [ [ 9.1827463, 48.810393 ], [ 9.1826038, 48.8104591 ], [ 9.182499, 48.8104954 ], [ 9.1823326, 48.8105447 ], [ 9.1822319, 48.8105645 ], [ 9.182152, 48.8105774 ], [ 9.1820565, 48.8105908 ] ] } },
{ "type": "Feature", "properties": { "segment_id": "S856", "corridor_id": "segment_856", "highway": "trunk_link", "length": 47.307457881346295, "metapath_priority": "None", "is_metapath_hard": false, "metapath_pairs": "" }, "geometry": { "type": "LineString", "coordinates": [ [ 9.3410578, 48.7187919 ], [ 9.3411446, 48.7188542 ], [ 9.341172, 48.7188759 ], [ 9.3412047, 48.7189048 ], [ 9.3412399, 48.7189252 ], [ 9.3412884, 48.7189464 ], [ 9.3413355, 48.718957 ], [ 9.3413961, 48.7189671 ], [ 9.341476, 48.7189743 ], [ 9.3415971, 48.7189772 ] ] } },
{ "type": "Feature", "properties": { "segment_id": "S857", "corridor_id": "B 10", "highway": "trunk_link", "length": 62.861262021075142, "metapath_priority": "None", "is_metapath_hard": false, "metapath_pairs": "" }, "geometry": { "type": "LineString", "coordinates": [ [ 9.1571703, 48.8392967 ], [ 9.1571961, 48.839372 ], [ 9.1572085, 48.8394275 ], [ 9.1572024, 48.8394969 ], [ 9.1571887, 48.8395959 ], [ 9.157172, 48.839746 ], [ 9.157197, 48.8398574 ] ] } },
{ "type": "Feature", "properties": { "segment_id": "S858", "corridor_id": "B 10", "highway": "trunk_link", "length": 493.99593949216325, "metapath_priority": "None", "is_metapath_hard": false, "metapath_pairs": "" }, "geometry": { "type": "LineString", "coordinates": [ [ 9.1412205, 48.8401225 ], [ 9.1403349, 48.840499 ], [ 9.1396872, 48.8407661 ], [ 9.1390673, 48.8410151 ], [ 9.1377247, 48.8415948 ], [ 9.1373758, 48.8417626 ], [ 9.1368733, 48.8420265 ], [ 9.1362774, 48.842349 ], [ 9.1359307, 48.8425539 ], [ 9.135682, 48.8426483 ] ] } },
{ "type": "Feature", "properties": { "segment_id": "S859", "corridor_id": "B 27", "highway": "primary", "length": 34.722370877608888, "metapath_priority": "None", "is_metapath_hard": false, "metapath_pairs": "" }, "geometry": { "type": "LineString", "coordinates": [ [ 9.1560322, 48.9214395 ], [ 9.1561993, 48.9212479 ], [ 9.1562709, 48.9211695 ] ] } },
{ "type": "Feature", "properties": { "segment_id": "S860", "corridor_id": "segment_860", "highway": "motorway_link", "length": 44.371791983310239, "metapath_priority": "None", "is_metapath_hard": false, "metapath_pairs": "" }, "geometry": { "type": "LineString", "coordinates": [ [ 9.1560322, 48.9214395 ], [ 9.156002, 48.9212431 ], [ 9.1560021, 48.9212144 ], [ 9.1559981, 48.9211764 ], [ 9.1559825, 48.9211337 ], [ 9.1559333, 48.9210487 ] ] } },
{ "type": "Feature", "properties": { "segment_id": "S861", "corridor_id": "segment_861", "highway": "trunk_link", "length": 57.992510402937214, "metapath_priority": "None", "is_metapath_hard": false, "metapath_pairs": "" }, "geometry": { "type": "LineString", "coordinates": [ [ 9.305157, 48.7358102 ], [ 9.3050681, 48.7357532 ], [ 9.3050389, 48.7357349 ], [ 9.3050085, 48.7357181 ], [ 9.3049754, 48.7357017 ], [ 9.3049469, 48.7356882 ], [ 9.3049172, 48.7356775 ], [ 9.3048846, 48.7356692 ], [ 9.3048446, 48.7356623 ], [ 9.3047973, 48.7356581 ], [ 9.3047476, 48.7356578 ], [ 9.304696, 48.735661 ], [ 9.3046368, 48.7356681 ], [ 9.3045771, 48.7356767 ], [ 9.3044536, 48.7357028 ] ] } },
{ "type": "Feature", "properties": { "segment_id": "S862", "corridor_id": "L 1187", "highway": "trunk", "length": 1133.4033721129783, "metapath_priority": "None", "is_metapath_hard": false, "metapath_pairs": "" }, "geometry": { "type": "LineString", "coordinates": [ [ 9.1339505, 48.7641758 ], [ 9.1337974, 48.7641143 ], [ 9.1336743, 48.7640722 ], [ 9.1335212, 48.7640349 ], [ 9.1333635, 48.7640029 ], [ 9.133105, 48.7639492 ], [ 9.1328982, 48.7639103 ], [ 9.1326986, 48.7638781 ], [ 9.1325402, 48.7638599 ], [ 9.1323973, 48.7638453 ], [ 9.1321001, 48.7638198 ], [ 9.1318307, 48.7638073 ], [ 9.131596, 48.7638011 ], [ 9.131371, 48.7638006 ], [ 9.1310749, 48.7638093 ], [ 9.1309198, 48.7638172 ], [ 9.1307726, 48.7638252 ], [ 9.1304738, 48.7638509 ], [ 9.1292822, 48.7639744 ], [ 9.1280248, 48.7641037 ], [ 9.1272754, 48.7641974 ], [ 9.1268472, 48.7642435 ], [ 9.1264544, 48.7642868 ], [ 9.1259687, 48.7643408 ], [ 9.1255618, 48.7643797 ], [ 9.1252317, 48.7644135 ], [ 9.1249349, 48.7644431 ], [ 9.1245654, 48.764479 ], [ 9.123486, 48.7645902 ], [ 9.122453, 48.7646957 ], [ 9.1217721, 48.7647663 ], [ 9.1213716, 48.7648086 ], [ 9.1207293, 48.7648764 ], [ 9.1201182, 48.7649421 ], [ 9.119781, 48.7649764 ], [ 9.119549, 48.7650024 ], [ 9.1193558, 48.7650193 ], [ 9.1192083, 48.7650318 ], [ 9.1190263, 48.7650416 ], [ 9.1188992, 48.7650436 ], [ 9.1187269, 48.7650423 ] ] } },
{ "type": "Feature", "properties": { "segment_id": "S863", "corridor_id": "B 10", "highway": "primary", "length": 86.197401236358004, "metapath_priority": "None", "is_metapath_hard": false, "metapath_pairs": "" }, "geometry": { "type": "LineString", "coordinates": [ [ 9.0960902, 48.8659728 ], [ 9.0962416, 48.8658801 ], [ 9.0964584, 48.8657575 ], [ 9.0966912, 48.8656391 ], [ 9.0968998, 48.8655439 ], [ 9.0970278, 48.8655108 ] ] } },
{ "type": "Feature", "properties": { "segment_id": "S864", "corridor_id": "B 10", "highway": "primary", "length": 86.821850059196095, "metapath_priority": "None", "is_metapath_hard": false, "metapath_pairs": "" }, "geometry": { "type": "LineString", "coordinates": [ [ 9.0953237, 48.8665679 ], [ 9.0955446, 48.8663765 ], [ 9.0957608, 48.8662027 ], [ 9.0960902, 48.8659728 ] ] } },
{ "type": "Feature", "properties": { "segment_id": "S865", "corridor_id": "segment_865", "highway": "primary_link", "length": 94.919118959993284, "metapath_priority": "None", "is_metapath_hard": false, "metapath_pairs": "" }, "geometry": { "type": "LineString", "coordinates": [ [ 9.0953237, 48.8665679 ], [ 9.095332, 48.8665009 ], [ 9.0954093, 48.8664012 ], [ 9.0954592, 48.8663102 ], [ 9.0954753, 48.8662633 ], [ 9.0955017, 48.8661864 ], [ 9.0955262, 48.8660674 ], [ 9.0955455, 48.8659662 ], [ 9.0955727, 48.8659003 ], [ 9.0956712, 48.8657535 ] ] } },
{ "type": "Feature", "properties": { "segment_id": "S866", "corridor_id": "B 10", "highway": "primary", "length": 100.25997286255537, "metapath_priority": "None", "is_metapath_hard": false, "metapath_pairs": "" }, "geometry": { "type": "LineString", "coordinates": [ [ 9.0945176, 48.8672965 ], [ 9.0948066, 48.8670098 ], [ 9.0953237, 48.8665679 ] ] } },
{ "type": "Feature", "properties": { "segment_id": "S867", "corridor_id": "B 10", "highway": "primary", "length": 394.38437507762234, "metapath_priority": "None", "is_metapath_hard": false, "metapath_pairs": "" }, "geometry": { "type": "LineString", "coordinates": [ [ 9.0945176, 48.8672965 ], [ 9.09433, 48.8674414 ], [ 9.0941606, 48.8675722 ], [ 9.0939536, 48.867732 ], [ 9.0937647, 48.8678779 ], [ 9.0934976, 48.8680649 ], [ 9.0931196, 48.8683296 ], [ 9.0926626, 48.8686375 ], [ 9.0922584, 48.8689099 ], [ 9.0919082, 48.8691459 ], [ 9.0913265, 48.8695433 ], [ 9.09083, 48.8698825 ] ] } },
{ "type": "Feature", "properties": { "segment_id": "S868", "corridor_id": "B 27", "highway": "primary", "length": 1911.6662166622471, "metapath_priority": "None", "is_metapath_hard": false, "metapath_pairs": "" }, "geometry": { "type": "LineString", "coordinates": [ [ 9.1316644, 48.9625474 ], [ 9.1315928, 48.9620154 ], [ 9.1315963, 48.9618941 ], [ 9.1316039, 48.9617812 ], [ 9.1316228, 48.9616611 ], [ 9.1316551, 48.9615363 ], [ 9.1316936, 48.961407 ], [ 9.1317305, 48.9613118 ], [ 9.1317729, 48.961218 ], [ 9.1318889, 48.9609886 ], [ 9.1320922, 48.9606348 ], [ 9.132163, 48.9604925 ], [ 9.1324151, 48.9599309 ], [ 9.1325425, 48.9596291 ], [ 9.1326221, 48.9594339 ], [ 9.1326787, 48.9592306 ], [ 9.1327122, 48.9590528 ], [ 9.1327132, 48.9589109 ], [ 9.1327012, 48.9587312 ], [ 9.1326894, 48.9586419 ], [ 9.1326769, 48.9585473 ], [ 9.1326389, 48.9583981 ], [ 9.1325656, 48.9582246 ], [ 9.1324787, 48.95808 ], [ 9.1323839, 48.9579492 ], [ 9.1322679, 48.9578213 ], [ 9.1322179, 48.9577709 ], [ 9.1320728, 48.9575978 ], [ 9.1320056, 48.9575042 ], [ 9.1319778, 48.9574544 ], [ 9.1319578, 48.9574154 ], [ 9.1319342, 48.9573587 ], [ 9.1319022, 48.9572344 ], [ 9.1318982, 48.9571722 ], [ 9.1318999, 48.9571137 ], [ 9.1319056, 48.9570571 ], [ 9.1319308, 48.9569652 ], [ 9.1319655, 48.9568821 ], [ 9.1320096, 48.9568007 ], [ 9.1320569, 48.9567357 ], [ 9.1321245, 48.9566621 ], [ 9.1322378, 48.9565646 ], [ 9.132362, 48.9564853 ], [ 9.1325129, 48.9564085 ], [ 9.1326161, 48.9563681 ], [ 9.1327151, 48.9563376 ], [ 9.1328267, 48.9563095 ], [ 9.1329858, 48.9562768 ], [ 9.1330968, 48.9562647 ], [ 9.1333393, 48.9562644 ], [ 9.1334756, 48.9562662 ], [ 9.1335459, 48.9562675 ], [ 9.1339075, 48.9562789 ], [ 9.1340885, 48.9562811 ], [ 9.1341811, 48.9562771 ], [ 9.1342488, 48.9562733 ], [ 9.1343312, 48.9562658 ], [ 9.1344355, 48.9562516 ], [ 9.1345277, 48.9562328 ], [ 9.1346095, 48.9562106 ], [ 9.1347357, 48.9561653 ], [ 9.1348941, 48.9560968 ], [ 9.1350093, 48.9560296 ], [ 9.1350952, 48.9559645 ], [ 9.135119, 48.9559434 ], [ 9.1351546, 48.9559072 ], [ 9.1351813, 48.955867 ], [ 9.1352049, 48.9558237 ], [ 9.1352204, 48.9557796 ], [ 9.1352247, 48.9557361 ], [ 9.1352212, 48.955687 ], [ 9.135213, 48.9556544 ], [ 9.1351894, 48.9556079 ], [ 9.135152, 48.9555615 ], [ 9.1351006, 48.9555191 ], [ 9.1350251, 48.9554715 ], [ 9.1349682, 48.9554422 ], [ 9.1348933, 48.9554086 ], [ 9.1346298, 48.9553098 ], [ 9.1344928, 48.9552598 ], [ 9.1344204, 48.9552277 ], [ 9.1343714, 48.9551937 ], [ 9.1343178, 48.9551397 ], [ 9.1342916, 48.9550956 ], [ 9.1342762, 48.9550422 ], [ 9.1342714, 48.9550152 ], [ 9.1342742, 48.9549827 ], [ 9.1342799, 48.9549564 ], [ 9.1342966, 48.9549034 ], [ 9.1343255, 48.9548249 ], [ 9.1343622, 48.9547252 ], [ 9.134404, 48.9546259 ], [ 9.1345202, 48.9543568 ], [ 9.1345558, 48.9542828 ], [ 9.1345974, 48.9541978 ], [ 9.1346948, 48.9540113 ], [ 9.1348299, 48.9537528 ], [ 9.134844, 48.9537241 ], [ 9.1348905, 48.9536365 ], [ 9.1349473, 48.9535302 ], [ 9.1350079, 48.9534127 ], [ 9.1350879, 48.9532622 ], [ 9.1351861, 48.9530746 ], [ 9.1353952, 48.952664 ], [ 9.1355207, 48.9524162 ], [ 9.1356793, 48.9521029 ], [ 9.1357083, 48.9520456 ], [ 9.1357864, 48.9518911 ], [ 9.1359366, 48.9515942 ], [ 9.1360624, 48.9513495 ], [ 9.1360741, 48.9513226 ], [ 9.1361278, 48.9512242 ], [ 9.1362745, 48.9509351 ], [ 9.1363527, 48.950781 ], [ 9.1364195, 48.9506493 ], [ 9.1364635, 48.9505626 ], [ 9.1365145, 48.9504634 ], [ 9.1366184, 48.9502594 ], [ 9.1367237, 48.9500609 ], [ 9.1367915, 48.9499357 ], [ 9.1368272, 48.9498755 ], [ 9.1368702, 48.9498141 ], [ 9.1369113, 48.9497585 ], [ 9.1369639, 48.9496904 ], [ 9.1370178, 48.949634 ], [ 9.1370748, 48.9495823 ], [ 9.13712, 48.9495507 ], [ 9.1372099, 48.9495099 ], [ 9.1372903, 48.9494834 ], [ 9.1374107, 48.9494526 ], [ 9.1375395, 48.9494294 ], [ 9.1379236, 48.9493698 ], [ 9.1380956, 48.9493446 ], [ 9.1382231, 48.949325 ], [ 9.1384637, 48.9492811 ], [ 9.1385356, 48.9492653 ], [ 9.1386062, 48.9492433 ], [ 9.1386826, 48.9492111 ], [ 9.1387503, 48.9491781 ], [ 9.1388181, 48.9491305 ], [ 9.1393616, 48.9486241 ] ] } },
{ "type": "Feature", "properties": { "segment_id": "S869", "corridor_id": "B 295", "highway": "primary", "length": 57.850318274997655, "metapath_priority": "None", "is_metapath_hard": false, "metapath_pairs": "" }, "geometry": { "type": "LineString", "coordinates": [ [ 9.1636267, 48.8149655 ], [ 9.1638607, 48.8148815 ], [ 9.1640839, 48.8148054 ], [ 9.1641218, 48.8147949 ], [ 9.1643168, 48.8147364 ], [ 9.1643329, 48.8147332 ] ] } },
{ "type": "Feature", "properties": { "segment_id": "S870", "corridor_id": "B 295", "highway": "primary", "length": 1820.482774852044, "metapath_priority": "None", "is_metapath_hard": false, "metapath_pairs": "" }, "geometry": { "type": "LineString", "coordinates": [ [ 9.1636267, 48.8149655 ], [ 9.1634106, 48.8149968 ], [ 9.1631824, 48.8150226 ], [ 9.1629276, 48.8150347 ], [ 9.1626764, 48.815024 ], [ 9.162381, 48.8149863 ], [ 9.1620649, 48.8149122 ], [ 9.1613491, 48.8146479 ], [ 9.1607603, 48.8144235 ], [ 9.1606783, 48.8143911 ], [ 9.1604365, 48.8143247 ], [ 9.1601704, 48.8142647 ], [ 9.1600965, 48.8142434 ], [ 9.1594983, 48.8140573 ], [ 9.1593506, 48.8140114 ], [ 9.1591221, 48.81393 ], [ 9.1588345, 48.8138327 ], [ 9.1583084, 48.8136693 ], [ 9.1576637, 48.8134814 ], [ 9.1551626, 48.8126999 ], [ 9.1510803, 48.8114708 ], [ 9.149567, 48.8108833 ], [ 9.1486222, 48.8106652 ], [ 9.1470464, 48.8104462 ], [ 9.1437841, 48.8102634 ], [ 9.142677, 48.8103212 ], [ 9.1423626, 48.8103435 ], [ 9.1420529, 48.8103813 ], [ 9.1417585, 48.8104293 ], [ 9.141494, 48.8104816 ], [ 9.1409715, 48.8106051 ], [ 9.1404422, 48.810751 ] ] } },
{ "type": "Feature", "properties": { "segment_id": "S871", "corridor_id": "B 295", "highway": "primary", "length": 415.64180746496959, "metapath_priority": "None", "is_metapath_hard": false, "metapath_pairs": "" }, "geometry": { "type": "LineString", "coordinates": [ [ 9.1643329, 48.8147332 ], [ 9.1643409, 48.8146962 ], [ 9.1643718, 48.8146309 ], [ 9.1644025, 48.8145894 ], [ 9.1644215, 48.8145617 ], [ 9.1644341, 48.8145433 ], [ 9.164734, 48.8141182 ], [ 9.1651538, 48.8134954 ], [ 9.1652073, 48.813418 ], [ 9.1652558, 48.8133432 ], [ 9.165321, 48.8132456 ], [ 9.16545, 48.8130573 ], [ 9.1655475, 48.8129098 ], [ 9.1657795, 48.8125592 ], [ 9.1658293, 48.8124834 ], [ 9.1663325, 48.8117507 ], [ 9.1665499, 48.8114341 ], [ 9.1665759, 48.8113961 ], [ 9.1666299, 48.8113172 ] ] } },
{ "type": "Feature", "properties": { "segment_id": "S872", "corridor_id": "segment_872", "highway": "trunk_link", "length": 74.312387616999601, "metapath_priority": "None", "is_metapath_hard": false, "metapath_pairs": "" }, "geometry": { "type": "LineString", "coordinates": [ [ 9.3444272, 48.8402814 ], [ 9.3439537, 48.8403611 ], [ 9.3438076, 48.8403955 ], [ 9.3437654, 48.8404128 ], [ 9.3437285, 48.8404335 ], [ 9.3436956, 48.8404591 ], [ 9.3436707, 48.8404847 ], [ 9.343636, 48.8405251 ], [ 9.3436066, 48.8405919 ] ] } },
{ "type": "Feature", "properties": { "segment_id": "S873", "corridor_id": "segment_873", "highway": "trunk_link", "length": 284.07365875212577, "metapath_priority": "None", "is_metapath_hard": false, "metapath_pairs": "" }, "geometry": { "type": "LineString", "coordinates": [ [ 9.3436066, 48.8405919 ], [ 9.3436815, 48.8412442 ], [ 9.3437017, 48.8413567 ], [ 9.3437282, 48.8414497 ], [ 9.3437769, 48.8415464 ], [ 9.3438313, 48.8416163 ], [ 9.3438997, 48.8416799 ], [ 9.3439928, 48.8417406 ], [ 9.3440864, 48.8417846 ], [ 9.3442041, 48.8418233 ], [ 9.3443267, 48.8418458 ], [ 9.3444442, 48.8418521 ], [ 9.34457, 48.841846 ], [ 9.3447088, 48.8418211 ], [ 9.3448323, 48.8417812 ], [ 9.3449278, 48.8417325 ], [ 9.3450132, 48.8416704 ], [ 9.3450827, 48.8416039 ], [ 9.3451417, 48.841508 ], [ 9.3451654, 48.8414105 ], [ 9.3451743, 48.841309 ], [ 9.3451691, 48.8411961 ], [ 9.3452051, 48.8411037 ] ] } },
{ "type": "Feature", "properties": { "segment_id": "S874", "corridor_id": "segment_874", "highway": "trunk_link", "length": 74.803285178470958, "metapath_priority": "None", "is_metapath_hard": false, "metapath_pairs": "" }, "geometry": { "type": "LineString", "coordinates": [ [ 9.3458139, 48.840188 ], [ 9.3463449, 48.8400875 ], [ 9.3464442, 48.8400546 ], [ 9.3464851, 48.8400343 ], [ 9.3465179, 48.8400104 ], [ 9.3465481, 48.8399819 ], [ 9.3465702, 48.8399534 ], [ 9.3465936, 48.8399146 ], [ 9.3466076, 48.8398538 ] ] } },
{ "type": "Feature", "properties": { "segment_id": "S875", "corridor_id": "segment_875", "highway": "trunk_link", "length": 281.98555154097744, "metapath_priority": "None", "is_metapath_hard": false, "metapath_pairs": "" }, "geometry": { "type": "LineString", "coordinates": [ [ 9.3466076, 48.8398538 ], [ 9.3465123, 48.8392497 ], [ 9.3464809, 48.8391288 ], [ 9.346429, 48.8390182 ], [ 9.3463631, 48.8389374 ], [ 9.3462831, 48.8388737 ], [ 9.3461809, 48.8388163 ], [ 9.3460415, 48.8387632 ], [ 9.3459025, 48.8387325 ], [ 9.3457669, 48.8387229 ], [ 9.3456244, 48.8387286 ], [ 9.3454791, 48.8387572 ], [ 9.3453413, 48.8388061 ], [ 9.3452305, 48.8388732 ], [ 9.3451353, 48.8389508 ], [ 9.3450672, 48.8390434 ], [ 9.3450393, 48.8391437 ], [ 9.3450375, 48.8392427 ], [ 9.3450387, 48.8393162 ], [ 9.345068, 48.8394192 ], [ 9.3450626, 48.8395765 ] ] } },
{ "type": "Feature", "properties": { "segment_id": "S876", "corridor_id": "segment_876", "highway": "trunk_link", "length": 74.257318165572187, "metapath_priority": "None", "is_metapath_hard": false, "metapath_pairs": "" }, "geometry": { "type": "LineString", "coordinates": [ [ 9.1163007, 48.853084 ], [ 9.11617, 48.8531341 ], [ 9.1159852, 48.8531391 ], [ 9.1157611, 48.8531376 ], [ 9.1156905, 48.8531447 ], [ 9.1156166, 48.8531672 ], [ 9.1155445, 48.8532107 ], [ 9.1154963, 48.8532508 ], [ 9.1154542, 48.8533291 ] ] } },
{ "type": "Feature", "properties": { "segment_id": "S877", "corridor_id": "B 14", "highway": "trunk_link", "length": 52.818241759576907, "metapath_priority": "None", "is_metapath_hard": false, "metapath_pairs": "" }, "geometry": { "type": "LineString", "coordinates": [ [ 9.2395915, 48.7914722 ], [ 9.2396437, 48.7913695 ], [ 9.2396723, 48.791336 ], [ 9.2397044, 48.7913027 ], [ 9.2397285, 48.7912665 ], [ 9.2397437, 48.7912279 ], [ 9.2397446, 48.7911968 ], [ 9.2397455, 48.7911446 ], [ 9.239734, 48.7911121 ], [ 9.239704, 48.7910215 ] ] } },
{ "type": "Feature", "properties": { "segment_id": "S878", "corridor_id": "segment_878", "highway": "primary_link", "length": 186.36589944427365, "metapath_priority": "None", "is_metapath_hard": false, "metapath_pairs": "" }, "geometry": { "type": "LineString", "coordinates": [ [ 9.1426901, 48.8103939 ], [ 9.1422303, 48.8104385 ], [ 9.1419427, 48.8104776 ], [ 9.1416568, 48.8105244 ], [ 9.1413292, 48.8106059 ], [ 9.1410092, 48.8106775 ], [ 9.1404956, 48.8107945 ], [ 9.1402358, 48.8108059 ] ] } },
{ "type": "Feature", "properties": { "segment_id": "S879", "corridor_id": "segment_879", "highway": "primary_link", "length": 28.003258714827105, "metapath_priority": "None", "is_metapath_hard": false, "metapath_pairs": "" }, "geometry": { "type": "LineString", "coordinates": [ [ 9.0819219, 48.8801498 ], [ 9.0819317, 48.8802135 ], [ 9.0819087, 48.8802806 ], [ 9.0818641, 48.8803375 ], [ 9.0818123, 48.8803807 ] ] } },
{ "type": "Feature", "properties": { "segment_id": "S880", "corridor_id": "segment_880", "highway": "primary_link", "length": 21.86999669302234, "metapath_priority": "None", "is_metapath_hard": false, "metapath_pairs": "" }, "geometry": { "type": "LineString", "coordinates": [ [ 9.0818123, 48.8803807 ], [ 9.0816558, 48.8803824 ], [ 9.0815144, 48.8803705 ] ] } },
{ "type": "Feature", "properties": { "segment_id": "S881", "corridor_id": "segment_881", "highway": "trunk_link", "length": 203.57981544595648, "metapath_priority": "None", "is_metapath_hard": false, "metapath_pairs": "" }, "geometry": { "type": "LineString", "coordinates": [ [ 9.1553095, 48.9241214 ], [ 9.1552571, 48.924211 ], [ 9.1551693, 48.924285 ], [ 9.1550482, 48.9243566 ], [ 9.1549849, 48.9243877 ], [ 9.1549212, 48.9244126 ], [ 9.1548387, 48.9244397 ], [ 9.1547456, 48.9244661 ], [ 9.1545816, 48.9244942 ], [ 9.1544672, 48.9245031 ], [ 9.1543518, 48.9245065 ], [ 9.1541314, 48.9245003 ], [ 9.1538794, 48.92449 ], [ 9.1537792, 48.924493 ], [ 9.1536743, 48.9245005 ], [ 9.1534575, 48.9245344 ], [ 9.1532556, 48.924599 ], [ 9.1530419, 48.9247214 ], [ 9.1528807, 48.9247707 ] ] } },
{ "type": "Feature", "properties": { "segment_id": "S882", "corridor_id": "segment_882", "highway": "primary_link", "length": 309.50041400070978, "metapath_priority": "None", "is_metapath_hard": false, "metapath_pairs": "" }, "geometry": { "type": "LineString", "coordinates": [ [ 9.1553095, 48.9241214 ], [ 9.1553628, 48.9240511 ], [ 9.1554141, 48.9239592 ], [ 9.1554853, 48.9238016 ], [ 9.1555378, 48.9236345 ], [ 9.1555603, 48.9234957 ], [ 9.1555624, 48.9233576 ], [ 9.155552, 48.9232507 ], [ 9.1555381, 48.9231754 ], [ 9.1555128, 48.9230852 ], [ 9.1554677, 48.9229945 ], [ 9.1554158, 48.9229125 ], [ 9.155379, 48.9228555 ], [ 9.155302, 48.9227698 ], [ 9.1552507, 48.9227204 ], [ 9.1552027, 48.922679 ], [ 9.1550794, 48.9225795 ], [ 9.155009, 48.9225385 ], [ 9.1549252, 48.9224971 ], [ 9.1547643, 48.9224296 ], [ 9.1546642, 48.9223956 ], [ 9.1546254, 48.9223824 ], [ 9.1545398, 48.9223599 ], [ 9.1544171, 48.922337 ], [ 9.1543501, 48.9223271 ], [ 9.1542377, 48.922319 ], [ 9.1541108, 48.9223175 ], [ 9.1539766, 48.9223238 ], [ 9.153848, 48.9223355 ], [ 9.1537219, 48.9223501 ], [ 9.1535639, 48.9223734 ], [ 9.1534713, 48.9223912 ] ] } },
{ "type": "Feature", "properties": { "segment_id": "S883", "corridor_id": "segment_883", "highway": "primary_link", "length": 26.409659406133674, "metapath_priority": "None", "is_metapath_hard": false, "metapath_pairs": "" }, "geometry": { "type": "LineString", "coordinates": [ [ 9.1522753, 48.9231202 ], [ 9.1521813, 48.9230876 ], [ 9.1524071, 48.9230095 ] ] } },
{ "type": "Feature", "properties": { "segment_id": "S884", "corridor_id": "segment_884", "highway": "trunk_link", "length": 175.56593215963369, "metapath_priority": "None", "is_metapath_hard": false, "metapath_pairs": "" }, "geometry": { "type": "LineString", "coordinates": [ [ 9.1531708, 48.9243853 ], [ 9.1531697, 48.9242493 ], [ 9.1532469, 48.9240847 ], [ 9.1532684, 48.923979 ], [ 9.1532702, 48.9238875 ], [ 9.1532544, 48.9237952 ], [ 9.1532243, 48.9237033 ], [ 9.1531714, 48.9236195 ], [ 9.1530928, 48.9235096 ], [ 9.1529833, 48.9234163 ], [ 9.1528658, 48.92334 ], [ 9.1527458, 48.9232809 ], [ 9.1526259, 48.9232351 ], [ 9.1525081, 48.9231955 ], [ 9.1522753, 48.9231202 ] ] } },
{ "type": "Feature", "properties": { "segment_id": "S885", "corridor_id": "B 27", "highway": [ "trunk", "primary" ], "length": 154.66598897177636, "metapath_priority": "None", "is_metapath_hard": false, "metapath_pairs": "" }, "geometry": { "type": "LineString", "coordinates": [ [ 9.1531708, 48.9243853 ], [ 9.1535219, 48.924066 ], [ 9.1537722, 48.9238047 ], [ 9.154078, 48.9235081 ], [ 9.1543501, 48.9232307 ] ] } },
{ "type": "Feature", "properties": { "segment_id": "S886", "corridor_id": "B 27", "highway": "primary", "length": 404.20525997609656, "metapath_priority": "None", "is_metapath_hard": false, "metapath_pairs": "" }, "geometry": { "type": "LineString", "coordinates": [ [ 9.1798695, 48.9039296 ], [ 9.1805907, 48.9037928 ], [ 9.1823159, 48.9034782 ], [ 9.1839408, 48.9031717 ], [ 9.1840916, 48.9031437 ], [ 9.1851893, 48.9029368 ] ] } },
{ "type": "Feature", "properties": { "segment_id": "S887", "corridor_id": "B 27", "highway": "primary", "length": 2305.8193948506364, "metapath_priority": "None", "is_metapath_hard": false, "metapath_pairs": "" }, "geometry": { "type": "LineString", "coordinates": [ [ 9.1798695, 48.9039296 ], [ 9.179465, 48.9040362 ], [ 9.1791621, 48.9040942 ], [ 9.1785848, 48.9042 ], [ 9.1783412, 48.9042429 ], [ 9.1778284, 48.9043382 ], [ 9.1775139, 48.9043955 ], [ 9.1768389, 48.9045246 ], [ 9.1765783, 48.9045945 ], [ 9.1764633, 48.9046374 ], [ 9.1763783, 48.9046773 ], [ 9.1762725, 48.9047459 ], [ 9.1761364, 48.9048419 ], [ 9.176056, 48.9049014 ], [ 9.1753129, 48.9054909 ], [ 9.1751169, 48.9056568 ], [ 9.1746595, 48.906051 ], [ 9.1741255, 48.9065392 ], [ 9.1737908, 48.9068819 ], [ 9.1736624, 48.9070278 ], [ 9.1731944, 48.9076242 ], [ 9.1731325, 48.9076976 ], [ 9.1730965, 48.9077412 ], [ 9.173021, 48.9078361 ], [ 9.1729028, 48.9079734 ], [ 9.1728115, 48.9080783 ], [ 9.172653, 48.9082377 ], [ 9.1724715, 48.9084026 ], [ 9.1722275, 48.908601 ], [ 9.1721852, 48.9086397 ], [ 9.171733, 48.9090017 ], [ 9.1714308, 48.9092412 ], [ 9.1711311, 48.9094829 ], [ 9.171074, 48.9095266 ], [ 9.1709467, 48.9096289 ], [ 9.1708118, 48.9097221 ], [ 9.1705679, 48.9098868 ], [ 9.1701757, 48.9101549 ], [ 9.1692297, 48.9108226 ], [ 9.1688226, 48.911117 ], [ 9.1681344, 48.9116145 ], [ 9.1678885, 48.9117989 ], [ 9.1676415, 48.9119741 ], [ 9.1674909, 48.9120907 ], [ 9.1673954, 48.9121738 ], [ 9.1672513, 48.9122992 ], [ 9.167041, 48.9124476 ], [ 9.1670103, 48.9124695 ], [ 9.1665557, 48.9127629 ], [ 9.165913, 48.9132246 ], [ 9.1657265, 48.9133523 ], [ 9.1656001, 48.9134379 ], [ 9.1653531, 48.9136324 ], [ 9.1651109, 48.9138058 ], [ 9.1640863, 48.9145466 ], [ 9.1629115, 48.9154012 ], [ 9.1626409, 48.9155942 ], [ 9.1622068, 48.9159149 ], [ 9.1616629, 48.9163198 ], [ 9.1612455, 48.9166526 ], [ 9.1608169, 48.9170144 ], [ 9.1603358, 48.9174552 ], [ 9.1601843, 48.9175917 ], [ 9.1600822, 48.9176888 ], [ 9.1596841, 48.9180937 ], [ 9.1589239, 48.91888 ] ] } },
{ "type": "Feature", "properties": { "segment_id": "S888", "corridor_id": "B 14", "highway": "primary", "length": 305.71716618737526, "metapath_priority": "None", "is_metapath_hard": false, "metapath_pairs": "" }, "geometry": { "type": "LineString", "coordinates": [ [ 9.1793635, 48.773178 ], [ 9.1788456, 48.7727519 ], [ 9.1782719, 48.7722127 ], [ 9.1775383, 48.7715677 ], [ 9.17723, 48.7713314 ], [ 9.1769781, 48.77116 ], [ 9.1767733, 48.7710284 ] ] } },
{ "type": "Feature", "properties": { "segment_id": "S889", "corridor_id": "B 14", "highway": "primary", "length": 175.73217906332781, "metapath_priority": "None", "is_metapath_hard": false, "metapath_pairs": "" }, "geometry": { "type": "LineString", "coordinates": [ [ 9.1698117, 48.762812 ], [ 9.1698575, 48.7629281 ], [ 9.16986, 48.7630621 ], [ 9.1698316, 48.7633972 ], [ 9.1697995, 48.7635634 ], [ 9.1697871, 48.7636267 ], [ 9.1697739, 48.7636942 ], [ 9.1697686, 48.7637209 ], [ 9.1697608, 48.7637501 ], [ 9.1697311, 48.7638576 ], [ 9.1696916, 48.7639798 ], [ 9.1696364, 48.7641582 ], [ 9.169623, 48.7642026 ], [ 9.1695809, 48.7643416 ], [ 9.1695716, 48.7643725 ] ] } },
{ "type": "Feature", "properties": { "segment_id": "S890", "corridor_id": "B 14", "highway": "primary", "length": 1124.7044922631696, "metapath_priority": "None", "is_metapath_hard": false, "metapath_pairs": "" }, "geometry": { "type": "LineString", "coordinates": [ [ 9.1698117, 48.762812 ], [ 9.1698103, 48.7627879 ], [ 9.1698066, 48.7627192 ], [ 9.169798, 48.7625687 ], [ 9.1697258, 48.7622296 ], [ 9.1695769, 48.7618593 ], [ 9.1694703, 48.7616491 ], [ 9.1692163, 48.7612168 ], [ 9.1690001, 48.7608806 ], [ 9.1685704, 48.7603395 ], [ 9.1682121, 48.7599263 ], [ 9.1676466, 48.7593695 ], [ 9.1670298, 48.7588467 ], [ 9.166289, 48.7582881 ], [ 9.1657111, 48.7578593 ], [ 9.1651914, 48.7575389 ], [ 9.1647328, 48.7572863 ], [ 9.1640795, 48.7569478 ], [ 9.1632788, 48.7566073 ], [ 9.1627371, 48.7564061 ], [ 9.1620866, 48.7562002 ], [ 9.1615942, 48.7560602 ], [ 9.1611908, 48.7559638 ], [ 9.1610955, 48.755941 ], [ 9.1600453, 48.7557009 ] ] } },
{ "type": "Feature", "properties": { "segment_id": "S891", "corridor_id": "segment_891", "highway": "primary_link", "length": 32.942836403462628, "metapath_priority": "None", "is_metapath_hard": false, "metapath_pairs": "" }, "geometry": { "type": "LineString", "coordinates": [ [ 9.0837311, 48.8218605 ], [ 9.0838127, 48.8219216 ], [ 9.0838638, 48.8219514 ], [ 9.083911, 48.8219696 ], [ 9.0839707, 48.8219795 ], [ 9.0840358, 48.8219851 ], [ 9.084112, 48.821984 ] ] } },
{ "type": "Feature", "properties": { "segment_id": "S892", "corridor_id": "B 295", "highway": "primary_link", "length": 50.805196836573273, "metapath_priority": "None", "is_metapath_hard": false, "metapath_pairs": "" }, "geometry": { "type": "LineString", "coordinates": [ [ 9.1074634, 48.809415 ], [ 9.1075894, 48.8094565 ], [ 9.1077063, 48.8094949 ], [ 9.1077818, 48.8095111 ], [ 9.1078593, 48.8095225 ], [ 9.1079216, 48.8095252 ], [ 9.1081226, 48.8095234 ] ] } },
{ "type": "Feature", "properties": { "segment_id": "S893", "corridor_id": "B 295", "highway": "primary_link", "length": 45.08598049541213, "metapath_priority": "None", "is_metapath_hard": false, "metapath_pairs": "" }, "geometry": { "type": "LineString", "coordinates": [ [ 9.1081226, 48.8095234 ], [ 9.1082482, 48.8094652 ], [ 9.1084195, 48.8093881 ], [ 9.1086249, 48.809289 ] ] } },
{ "type": "Feature", "properties": { "segment_id": "S894", "corridor_id": "B 295", "highway": "primary_link", "length": 33.540246766063291, "metapath_priority": "None", "is_metapath_hard": false, "metapath_pairs": "" }, "geometry": { "type": "LineString", "coordinates": [ [ 9.1081226, 48.8095234 ], [ 9.1079222, 48.8096147 ], [ 9.1078833, 48.8096332 ], [ 9.1078208, 48.809663 ], [ 9.1077485, 48.8096974 ] ] } },
{ "type": "Feature", "properties": { "segment_id": "S895", "corridor_id": "A 81", "highway": "motorway", "length": 3445.7475242988098, "metapath_priority": "None", "is_metapath_hard": false, "metapath_pairs": "" }, "geometry": { "type": "LineString", "coordinates": [ [ 9.2199804, 48.9615015 ], [ 9.2203402, 48.9619109 ], [ 9.2206548, 48.9622628 ], [ 9.221039, 48.9626942 ], [ 9.2212706, 48.9629584 ], [ 9.2216637, 48.963411 ], [ 9.2220155, 48.9638075 ], [ 9.2225017, 48.9643582 ], [ 9.2232404, 48.9651992 ], [ 9.2233466, 48.9653204 ], [ 9.2236016, 48.9656116 ], [ 9.2239812, 48.9660392 ], [ 9.2244593, 48.9665871 ], [ 9.225086, 48.9672891 ], [ 9.2255795, 48.9678537 ], [ 9.2259834, 48.9683162 ], [ 9.2266979, 48.9691238 ], [ 9.2270613, 48.9695355 ], [ 9.2274058, 48.9699534 ], [ 9.2276297, 48.9702463 ], [ 9.2278369, 48.9705428 ], [ 9.2280381, 48.9708422 ], [ 9.2282262, 48.9711349 ], [ 9.2284, 48.9714382 ], [ 9.2285655, 48.9717468 ], [ 9.2287231, 48.9720539 ], [ 9.2288601, 48.9723502 ], [ 9.2289938, 48.9726668 ], [ 9.2291164, 48.9729854 ], [ 9.2292292, 48.9733205 ], [ 9.2293211, 48.9736114 ], [ 9.2294087, 48.9739329 ], [ 9.2294838, 48.9742622 ], [ 9.2295473, 48.9745852 ], [ 9.2295961, 48.9749075 ], [ 9.2296371, 48.9752409 ], [ 9.2296667, 48.9755494 ], [ 9.2296863, 48.9758728 ], [ 9.2297087, 48.9763504 ], [ 9.2297391, 48.9768553 ], [ 9.2297659, 48.9773265 ], [ 9.2297919, 48.9778135 ], [ 9.2298115, 48.9781467 ], [ 9.229829, 48.9784978 ], [ 9.2298771, 48.9794469 ], [ 9.2298986, 48.9799121 ], [ 9.229916, 48.9802515 ], [ 9.2299405, 48.9807186 ], [ 9.2299637, 48.9812239 ], [ 9.2299923, 48.9817034 ], [ 9.2300163, 48.9821816 ], [ 9.2300304, 48.9825167 ], [ 9.2300504, 48.9828451 ], [ 9.2300765, 48.9833034 ], [ 9.2301018, 48.9836281 ], [ 9.2301364, 48.983944 ], [ 9.2301882, 48.9842776 ], [ 9.2302518, 48.9845939 ], [ 9.2303269, 48.9849165 ], [ 9.2304097, 48.9852176 ], [ 9.2305043, 48.9855297 ], [ 9.2306213, 48.9858672 ], [ 9.2307416, 48.9861773 ], [ 9.2309286, 48.986638 ], [ 9.23112, 48.9871043 ], [ 9.2313161, 48.9875731 ], [ 9.2315129, 48.9880474 ], [ 9.2317141, 48.9885331 ], [ 9.2319092, 48.9889882 ], [ 9.2320967, 48.9894545 ], [ 9.2322839, 48.9899089 ], [ 9.2323984, 48.9902381 ], [ 9.2325478, 48.9907503 ] ] } },
{ "type": "Feature", "properties": { "segment_id": "S896", "corridor_id": "B 10", "highway": "primary", "length": 268.22245142370139, "metapath_priority": "None", "is_metapath_hard": false, "metapath_pairs": "" }, "geometry": { "type": "LineString", "coordinates": [ [ 9.0577605, 48.8833341 ], [ 9.0582293, 48.8833035 ], [ 9.0587347, 48.8832872 ], [ 9.0594855, 48.8832776 ], [ 9.0602857, 48.8832697 ], [ 9.0606012, 48.8832793 ], [ 9.060829, 48.8832931 ], [ 9.0609839, 48.8833024 ], [ 9.0614167, 48.8833534 ] ] } },
{ "type": "Feature", "properties": { "segment_id": "S897", "corridor_id": "B 10", "highway": "primary", "length": 264.18920909664394, "metapath_priority": "None", "is_metapath_hard": false, "metapath_pairs": "" }, "geometry": { "type": "LineString", "coordinates": [ [ 9.0542137, 48.8842437 ], [ 9.0533227, 48.8845817 ], [ 9.0527531, 48.8847872 ], [ 9.0523996, 48.8848987 ], [ 9.0520841, 48.884987 ], [ 9.0517423, 48.8850619 ], [ 9.0513771, 48.8851292 ], [ 9.0509214, 48.8851719 ] ] } },
{ "type": "Feature", "properties": { "segment_id": "S898", "corridor_id": "B 27", "highway": "trunk", "length": 119.81095148251525, "metapath_priority": "None", "is_metapath_hard": false, "metapath_pairs": "" }, "geometry": { "type": "LineString", "coordinates": [ [ 9.1552055, 48.9225515 ], [ 9.1551135, 48.9226498 ], [ 9.1549084, 48.9228691 ], [ 9.1546194, 48.9231779 ], [ 9.1544518, 48.9233511 ], [ 9.1543438, 48.9234682 ] ] } },
{ "type": "Feature", "properties": { "segment_id": "S899", "corridor_id": "A 81", "highway": "motorway", "length": 171.82881746811762, "metapath_priority": "None", "is_metapath_hard": false, "metapath_pairs": "" }, "geometry": { "type": "LineString", "coordinates": [ [ 9.156992, 48.9200442 ], [ 9.1568472, 48.9198401 ], [ 9.1566521, 48.9195653 ], [ 9.1565559, 48.9194297 ], [ 9.1564302, 48.9192458 ], [ 9.156301, 48.9190489 ], [ 9.156244, 48.9189621 ], [ 9.1560467, 48.9186298 ] ] } },
{ "type": "Feature", "properties": { "segment_id": "S900", "corridor_id": "segment_900", "highway": "motorway_link", "length": 271.29999278087587, "metapath_priority": "None", "is_metapath_hard": false, "metapath_pairs": "" }, "geometry": { "type": "LineString", "coordinates": [ [ 9.156992, 48.9200442 ], [ 9.1567105, 48.9198701 ], [ 9.1566137, 48.919813 ], [ 9.1565121, 48.9197706 ], [ 9.1564041, 48.9197384 ], [ 9.1563236, 48.9197243 ], [ 9.1562109, 48.9197163 ], [ 9.1560935, 48.9197197 ], [ 9.1559588, 48.9197429 ], [ 9.1558443, 48.9197777 ], [ 9.1557897, 48.9198008 ], [ 9.1557246, 48.9198365 ], [ 9.1556589, 48.9198861 ], [ 9.155614, 48.9199331 ], [ 9.1555761, 48.9199893 ], [ 9.1555528, 48.9200478 ], [ 9.1555366, 48.9201123 ], [ 9.1555335, 48.9201732 ], [ 9.1555397, 48.9202456 ], [ 9.1555542, 48.9203093 ], [ 9.1555847, 48.9203908 ], [ 9.1556191, 48.9204595 ], [ 9.155672, 48.9205562 ], [ 9.1557187, 48.920631 ], [ 9.1557734, 48.9207091 ], [ 9.1558549, 48.9208008 ], [ 9.1559424, 48.9208678 ], [ 9.1560237, 48.92092 ], [ 9.1561494, 48.9209833 ], [ 9.156238, 48.921021 ], [ 9.1563508, 48.9210707 ] ] } },
{ "type": "Feature", "properties": { "segment_id": "S901", "corridor_id": "B 295", "highway": "primary", "length": 63.097739186216572, "metapath_priority": "None", "is_metapath_hard": false, "metapath_pairs": "" }, "geometry": { "type": "LineString", "coordinates": [ [ 9.083291, 48.8221565 ], [ 9.0835925, 48.8220959 ], [ 9.0836361, 48.8220856 ], [ 9.0837753, 48.822057 ], [ 9.084112, 48.821984 ] ] } },
{ "type": "Feature", "properties": { "segment_id": "S902", "corridor_id": "segment_902", "highway": "primary_link", "length": 39.603276220450979, "metapath_priority": "None", "is_metapath_hard": false, "metapath_pairs": "" }, "geometry": { "type": "LineString", "coordinates": [ [ 9.083291, 48.8221565 ], [ 9.0833288, 48.8221151 ], [ 9.0835158, 48.8220407 ], [ 9.083576, 48.8219985 ], [ 9.0836198, 48.8219558 ], [ 9.0836609, 48.8219084 ] ] } },
{ "type": "Feature", "properties": { "segment_id": "S903", "corridor_id": "segment_903", "highway": "primary_link", "length": 18.406996276346614, "metapath_priority": "None", "is_metapath_hard": false, "metapath_pairs": "" }, "geometry": { "type": "LineString", "coordinates": [ [ 9.1794929, 48.7839628 ], [ 9.1794652, 48.7839553 ], [ 9.1794422, 48.7839463 ], [ 9.1794188, 48.7839354 ], [ 9.1793991, 48.7839237 ], [ 9.1793848, 48.7839116 ], [ 9.1793736, 48.7838951 ], [ 9.1793668, 48.7838828 ], [ 9.1793639, 48.7838699 ], [ 9.1793633, 48.7838543 ], [ 9.1793657, 48.7838377 ] ] } },
{ "type": "Feature", "properties": { "segment_id": "S904", "corridor_id": "segment_904", "highway": "primary_link", "length": 39.290505729495948, "metapath_priority": "None", "is_metapath_hard": false, "metapath_pairs": "" }, "geometry": { "type": "LineString", "coordinates": [ [ 9.1794929, 48.7839628 ], [ 9.1791685, 48.7840493 ], [ 9.1790631, 48.7840762 ], [ 9.1789932, 48.7840907 ] ] } },
{ "type": "Feature", "properties": { "segment_id": "S905", "corridor_id": "B 27", "highway": "primary", "length": 181.39291881768625, "metapath_priority": "None", "is_metapath_hard": false, "metapath_pairs": "" }, "geometry": { "type": "LineString", "coordinates": [ [ 9.1771412, 48.7809327 ], [ 9.1771646, 48.7810866 ], [ 9.1771956, 48.7812911 ], [ 9.1772108, 48.7813771 ], [ 9.1772236, 48.7814498 ], [ 9.1772554, 48.7816297 ], [ 9.1773139, 48.7820147 ], [ 9.1773392, 48.7821739 ], [ 9.1773598, 48.7823143 ], [ 9.1774117, 48.7824633 ], [ 9.1774209, 48.7825524 ] ] } },
{ "type": "Feature", "properties": { "segment_id": "S906", "corridor_id": "B 27", "highway": "primary", "length": 51.691163638730856, "metapath_priority": "None", "is_metapath_hard": false, "metapath_pairs": "" }, "geometry": { "type": "LineString", "coordinates": [ [ 9.1774209, 48.7825524 ], [ 9.1774522, 48.7827052 ], [ 9.177478, 48.7827799 ], [ 9.1775217, 48.7828622 ], [ 9.1775641, 48.7829193 ], [ 9.1776329, 48.7829892 ] ] } },
{ "type": "Feature", "properties": { "segment_id": "S907", "corridor_id": "segment_907", "highway": "primary_link", "length": 20.025548499784357, "metapath_priority": "None", "is_metapath_hard": false, "metapath_pairs": "" }, "geometry": { "type": "LineString", "coordinates": [ [ 9.1774209, 48.7825524 ], [ 9.1773255, 48.7826119 ], [ 9.1771842, 48.7826209 ] ] } },
{ "type": "Feature", "properties": { "segment_id": "S908", "corridor_id": "B 27", "highway": "primary", "length": 334.45503422188114, "metapath_priority": "None", "is_metapath_hard": false, "metapath_pairs": "" }, "geometry": { "type": "LineString", "coordinates": [ [ 9.1771842, 48.7826209 ], [ 9.1771508, 48.782506 ], [ 9.1771256, 48.7823942 ], [ 9.1770991, 48.782225 ], [ 9.1770756, 48.7819671 ], [ 9.1770665, 48.7818201 ], [ 9.1770339, 48.781485 ], [ 9.1770228, 48.7813722 ], [ 9.1769938, 48.7811484 ], [ 9.1769505, 48.780937 ], [ 9.1769108, 48.780789 ], [ 9.1768753, 48.7806649 ], [ 9.1767994, 48.7804584 ], [ 9.1767212, 48.7802839 ], [ 9.17666, 48.7801448 ], [ 9.1764944, 48.7798628 ], [ 9.1763834, 48.7796796 ] ] } },
{ "type": "Feature", "properties": { "segment_id": "S909", "corridor_id": "B 27", "highway": "trunk", "length": 391.93639966904914, "metapath_priority": "None", "is_metapath_hard": false, "metapath_pairs": "" }, "geometry": { "type": "LineString", "coordinates": [ [ 9.1657184, 48.7088866 ], [ 9.1656317, 48.7090342 ], [ 9.1654423, 48.7093567 ], [ 9.1651853, 48.7098154 ], [ 9.1650205, 48.7101283 ], [ 9.1649548, 48.7102466 ], [ 9.1648067, 48.7105413 ], [ 9.1646502, 48.7108739 ], [ 9.164501, 48.7112027 ], [ 9.164287, 48.7117147 ], [ 9.1640908, 48.7122402 ] ] } },
{ "type": "Feature", "properties": { "segment_id": "S910", "corridor_id": "B 27", "highway": [ "trunk", "primary" ], "length": 1230.8678984781986, "metapath_priority": "None", "is_metapath_hard": false, "metapath_pairs": "" }, "geometry": { "type": "LineString", "coordinates": [ [ 9.1704203, 48.7498938 ], [ 9.1701803, 48.7497721 ], [ 9.1701312, 48.7497393 ], [ 9.1698657, 48.7495704 ], [ 9.1695623, 48.7493791 ], [ 9.169454, 48.7493104 ], [ 9.1692565, 48.7492024 ], [ 9.1690513, 48.7491123 ], [ 9.168591, 48.7489101 ], [ 9.1684011, 48.7488479 ], [ 9.1681359, 48.7487611 ], [ 9.1678776, 48.7486821 ], [ 9.1678361, 48.7486693 ], [ 9.1675332, 48.7485764 ], [ 9.1673724, 48.7485255 ], [ 9.1670582, 48.7484236 ], [ 9.1664928, 48.7482426 ], [ 9.1659076, 48.7480345 ], [ 9.1658491, 48.7480132 ], [ 9.1657809, 48.7479866 ], [ 9.1655338, 48.7478894 ], [ 9.1652774, 48.747765 ], [ 9.1643477, 48.7472867 ], [ 9.1641392, 48.7471725 ], [ 9.1631253, 48.7466409 ], [ 9.1628383, 48.7464926 ], [ 9.1624361, 48.7462853 ], [ 9.1619566, 48.7460404 ], [ 9.161768, 48.7459404 ], [ 9.1616415, 48.7458717 ], [ 9.1614226, 48.7457451 ], [ 9.1612704, 48.7456414 ], [ 9.1610916, 48.7455054 ], [ 9.1609307, 48.7453595 ], [ 9.1607971, 48.7452157 ], [ 9.1606784, 48.7450664 ], [ 9.1605752, 48.7449014 ], [ 9.160489, 48.7447276 ], [ 9.1604357, 48.7445915 ], [ 9.1603688, 48.7443283 ], [ 9.1603521, 48.7441476 ], [ 9.1603582, 48.7439814 ], [ 9.16039, 48.7437791 ], [ 9.1604466, 48.7435837 ], [ 9.1605499, 48.7433507 ], [ 9.160671, 48.7431193 ], [ 9.1607983, 48.7429002 ], [ 9.1610044, 48.7425773 ], [ 9.1612076, 48.7422455 ] ] } },
{ "type": "Feature", "properties": { "segment_id": "S911", "corridor_id": "B 27", "highway": "primary", "length": 219.42601659934178, "metapath_priority": "None", "is_metapath_hard": false, "metapath_pairs": "" }, "geometry": { "type": "LineString", "coordinates": [ [ 9.1704203, 48.7498938 ], [ 9.1711338, 48.7504865 ], [ 9.1718853, 48.7511066 ], [ 9.1719696, 48.7511771 ], [ 9.1720912, 48.7512785 ], [ 9.1721822, 48.7513678 ], [ 9.1722321, 48.7514221 ], [ 9.1722569, 48.7514505 ] ] } },
{ "type": "Feature", "properties": { "segment_id": "S912", "corridor_id": "A 831", "highway": [ "trunk", "motorway" ], "length": 1268.4206256213895, "metapath_priority": "None", "is_metapath_hard": false, "metapath_pairs": "" }, "geometry": { "type": "LineString", "coordinates": [ [ 9.1071201, 48.7400252 ], [ 9.1067481, 48.7399205 ], [ 9.1050762, 48.7394845 ], [ 9.1031896, 48.7389722 ], [ 9.1017786, 48.7385952 ], [ 9.1004882, 48.7382715 ], [ 9.0991979, 48.7379674 ], [ 9.0983484, 48.7377706 ], [ 9.0976087, 48.7375881 ], [ 9.0972971, 48.7375019 ], [ 9.0970309, 48.7374308 ], [ 9.0968056, 48.7373602 ], [ 9.0964391, 48.7372302 ], [ 9.0961952, 48.7371387 ], [ 9.0959046, 48.7370121 ], [ 9.0957141, 48.7369263 ], [ 9.0955183, 48.7368329 ], [ 9.0953277, 48.7367337 ], [ 9.095147, 48.7366353 ], [ 9.0949478, 48.7365226 ], [ 9.0947497, 48.7364045 ], [ 9.0945667, 48.7362855 ], [ 9.0943974, 48.7361675 ], [ 9.0942302, 48.7360427 ], [ 9.0940856, 48.7359251 ], [ 9.0939354, 48.7358054 ], [ 9.093803, 48.735682 ], [ 9.0936494, 48.7355454 ], [ 9.0934994, 48.7353971 ], [ 9.093356, 48.7352415 ], [ 9.093216, 48.7350686 ], [ 9.0930393, 48.7348555 ], [ 9.092875, 48.7346402 ], [ 9.0927731, 48.7345009 ], [ 9.0927036, 48.734397 ] ] } },
{ "type": "Feature", "properties": { "segment_id": "S913", "corridor_id": "B 10;B 14", "highway": "primary", "length": 76.41903930721233, "metapath_priority": "None", "is_metapath_hard": false, "metapath_pairs": "" }, "geometry": { "type": "LineString", "coordinates": [ [ 9.2165046, 48.7938545 ], [ 9.2161728, 48.7942039 ], [ 9.2159505, 48.7944368 ] ] } },
{ "type": "Feature", "properties": { "segment_id": "S914", "corridor_id": "Poststraße", "highway": "trunk_link", "length": 52.864524502121434, "metapath_priority": "None", "is_metapath_hard": false, "metapath_pairs": "" }, "geometry": { "type": "LineString", "coordinates": [ [ 9.2165046, 48.7938545 ], [ 9.2164805, 48.7938674 ], [ 9.2164555, 48.7938753 ], [ 9.2163805, 48.7938937 ], [ 9.2163439, 48.7939083 ], [ 9.216318, 48.7939269 ], [ 9.216191, 48.7940589 ], [ 9.2161515, 48.7940893 ], [ 9.2161161, 48.7941091 ], [ 9.2160813, 48.7941236 ], [ 9.2160469, 48.7941346 ], [ 9.2160108, 48.7941447 ], [ 9.2159737, 48.794152 ] ] } },
{ "type": "Feature", "properties": { "segment_id": "S915", "corridor_id": "B 27", "highway": "trunk_link", "length": 26.326673486227357, "metapath_priority": "None", "is_metapath_hard": false, "metapath_pairs": "" }, "geometry": { "type": "LineString", "coordinates": [ [ 9.1979352, 48.866445 ], [ 9.1979012, 48.866592 ], [ 9.1978915, 48.8666345 ], [ 9.1978787, 48.8666788 ] ] } },
{ "type": "Feature", "properties": { "segment_id": "S916", "corridor_id": "B 27", "highway": "trunk_link", "length": 34.787882250369947, "metapath_priority": "None", "is_metapath_hard": false, "metapath_pairs": "" }, "geometry": { "type": "LineString", "coordinates": [ [ 9.1979352, 48.866445 ], [ 9.1980178, 48.8665763 ], [ 9.1980535, 48.8666214 ], [ 9.1980873, 48.866653 ], [ 9.1981596, 48.8667189 ] ] } },
{ "type": "Feature", "properties": { "segment_id": "S917", "corridor_id": "B 27", "highway": "trunk_link", "length": 100.39342163651582, "metapath_priority": "None", "is_metapath_hard": false, "metapath_pairs": "" }, "geometry": { "type": "LineString", "coordinates": [ [ 9.1979352, 48.866445 ], [ 9.197931, 48.8659549 ], [ 9.1979241, 48.8656655 ], [ 9.1979167, 48.8656033 ], [ 9.1978919, 48.8655446 ] ] } },
{ "type": "Feature", "properties": { "segment_id": "S918", "corridor_id": "L 1187", "highway": "trunk", "length": 154.9851062957116, "metapath_priority": "None", "is_metapath_hard": false, "metapath_pairs": "" }, "geometry": { "type": "LineString", "coordinates": [ [ 9.1162652, 48.7630867 ], [ 9.1162619, 48.7630134 ], [ 9.1162539, 48.7629213 ], [ 9.1162495, 48.7627086 ], [ 9.1162477, 48.7624611 ], [ 9.116246, 48.7621628 ], [ 9.1162482, 48.7618434 ], [ 9.1162472, 48.7616931 ] ] } },
{ "type": "Feature", "properties": { "segment_id": "S919", "corridor_id": "B 14", "highway": "primary", "length": 66.107283270089013, "metapath_priority": "None", "is_metapath_hard": false, "metapath_pairs": "" }, "geometry": { "type": "LineString", "coordinates": [ [ 9.1583364, 48.7553051 ], [ 9.1591898, 48.7554972 ] ] } },
{ "type": "Feature", "properties": { "segment_id": "S920", "corridor_id": "B 14", "highway": "primary", "length": 909.56603358574193, "metapath_priority": "None", "is_metapath_hard": false, "metapath_pairs": "" }, "geometry": { "type": "LineString", "coordinates": [ [ 9.1583364, 48.7553051 ], [ 9.1575748, 48.7551713 ], [ 9.1570608, 48.755115 ], [ 9.1561159, 48.7550148 ], [ 9.1549072, 48.7549143 ], [ 9.1537308, 48.7548427 ], [ 9.1525847, 48.7548117 ], [ 9.1516624, 48.7547808 ], [ 9.1485585, 48.7546863 ], [ 9.1476807, 48.7546841 ], [ 9.1466966, 48.7546469 ], [ 9.1460066, 48.7545689 ] ] } },
{ "type": "Feature", "properties": { "segment_id": "S921", "corridor_id": "B 14", "highway": "primary_link", "length": 192.69508817103286, "metapath_priority": "None", "is_metapath_hard": false, "metapath_pairs": "" }, "geometry": { "type": "LineString", "coordinates": [ [ 9.1583364, 48.7553051 ], [ 9.1586078, 48.7553141 ], [ 9.1589884, 48.755254 ], [ 9.1593877, 48.7551459 ], [ 9.1597076, 48.7550122 ], [ 9.1598543, 48.7549432 ], [ 9.1600239, 48.7548788 ], [ 9.1601921, 48.7548524 ], [ 9.1603385, 48.7548442 ], [ 9.1605463, 48.7548605 ], [ 9.1607943, 48.7548813 ] ] } },
{ "type": "Feature", "properties": { "segment_id": "S922", "corridor_id": "B 14", "highway": "primary", "length": 26.249655716888949, "metapath_priority": "None", "is_metapath_hard": false, "metapath_pairs": "" }, "geometry": { "type": "LineString", "coordinates": [ [ 9.1600453, 48.7557009 ], [ 9.1597066, 48.7556243 ] ] } },
{ "type": "Feature", "properties": { "segment_id": "S923", "corridor_id": "B 14", "highway": "primary", "length": 1124.7044922631696, "metapath_priority": "None", "is_metapath_hard": false, "metapath_pairs": "" }, "geometry": { "type": "LineString", "coordinates": [ [ 9.1600453, 48.7557009 ], [ 9.1610955, 48.755941 ], [ 9.1611908, 48.7559638 ], [ 9.1615942, 48.7560602 ], [ 9.1620866, 48.7562002 ], [ 9.1627371, 48.7564061 ], [ 9.1632788, 48.7566073 ], [ 9.1640795, 48.7569478 ], [ 9.1647328, 48.7572863 ], [ 9.1651914, 48.7575389 ], [ 9.1657111, 48.7578593 ], [ 9.166289, 48.7582881 ], [ 9.1670298, 48.7588467 ], [ 9.1676466, 48.7593695 ], [ 9.1682121, 48.7599263 ], [ 9.1685704, 48.7603395 ], [ 9.1690001, 48.7608806 ], [ 9.1692163, 48.7612168 ], [ 9.1694703, 48.7616491 ], [ 9.1695769, 48.7618593 ], [ 9.1697258, 48.7622296 ], [ 9.169798, 48.7625687 ], [ 9.1698066, 48.7627192 ], [ 9.1698103, 48.7627879 ], [ 9.1698117, 48.762812 ] ] } },
{ "type": "Feature", "properties": { "segment_id": "S924", "corridor_id": "B 14", "highway": "primary_link", "length": 180.92240120131908, "metapath_priority": "None", "is_metapath_hard": false, "metapath_pairs": "" }, "geometry": { "type": "LineString", "coordinates": [ [ 9.1600453, 48.7557009 ], [ 9.1597278, 48.7557233 ], [ 9.159537, 48.7557889 ], [ 9.1593975, 48.7559361 ], [ 9.1592808, 48.7561299 ], [ 9.1592544, 48.7562812 ], [ 9.1593, 48.7563997 ], [ 9.1594001, 48.7564966 ], [ 9.1595005, 48.7565599 ], [ 9.1596231, 48.7566117 ], [ 9.1596929, 48.7566366 ], [ 9.1597914, 48.7566679 ], [ 9.1596851, 48.7566876 ], [ 9.1596089, 48.7566934 ], [ 9.1595133, 48.7566757 ] ] } },
{ "type": "Feature", "properties": { "segment_id": "S925", "corridor_id": "segment_925", "highway": "motorway_link", "length": 138.25795456364867, "metapath_priority": "None", "is_metapath_hard": false, "metapath_pairs": "" }, "geometry": { "type": "LineString", "coordinates": [ [ 9.1400301, 48.7106815 ], [ 9.1400578, 48.7106716 ], [ 9.1401384, 48.7106324 ], [ 9.1402273, 48.7105884 ], [ 9.1403044, 48.7105359 ], [ 9.1403639, 48.7104732 ], [ 9.1404075, 48.7103994 ], [ 9.140409, 48.7103882 ], [ 9.1404175, 48.7103252 ], [ 9.1404148, 48.7102527 ], [ 9.1403939, 48.7101851 ], [ 9.1403553, 48.7101185 ], [ 9.1402893, 48.7100587 ], [ 9.1402155, 48.7100106 ], [ 9.1401142, 48.7099618 ], [ 9.1399818, 48.7099282 ], [ 9.1398069, 48.7099162 ], [ 9.1396127, 48.7098745 ] ] } },
{ "type": "Feature", "properties": { "segment_id": "S926", "corridor_id": "A 8", "highway": "motorway_link", "length": 729.90714870030365, "metapath_priority": "None", "is_metapath_hard": false, "metapath_pairs": "" }, "geometry": { "type": "LineString", "coordinates": [ [ 9.1518871, 48.707875 ], [ 9.1537634, 48.7076134 ], [ 9.15869, 48.7069203 ], [ 9.1616187, 48.7065159 ] ] } },
{ "type": "Feature", "properties": { "segment_id": "S927", "corridor_id": "B 14", "highway": "primary", "length": 2357.0110426119868, "metapath_priority": "None", "is_metapath_hard": false, "metapath_pairs": "" }, "geometry": { "type": "LineString", "coordinates": [ [ 9.1889812, 48.784403 ], [ 9.1891245, 48.7846222 ], [ 9.1898071, 48.7855996 ], [ 9.1898973, 48.785737 ], [ 9.1899393, 48.7858129 ], [ 9.1899612, 48.7858695 ], [ 9.1899821, 48.7859385 ], [ 9.1899954, 48.7860015 ], [ 9.1900015, 48.7860772 ], [ 9.1900013, 48.7861457 ], [ 9.1899886, 48.7862064 ], [ 9.189972, 48.7862562 ], [ 9.1899478, 48.7863124 ], [ 9.1899118, 48.7863741 ], [ 9.1898711, 48.7864291 ], [ 9.1897988, 48.7865064 ], [ 9.1897332, 48.7865688 ], [ 9.1896713, 48.78663 ], [ 9.1896232, 48.786685 ], [ 9.1895793, 48.7867474 ], [ 9.1895561, 48.7868229 ], [ 9.1895367, 48.7869349 ], [ 9.1895488, 48.787033 ], [ 9.1895945, 48.7871362 ], [ 9.189666, 48.7872282 ], [ 9.1897724, 48.7873238 ], [ 9.1898672, 48.7873934 ], [ 9.1908234, 48.7880792 ], [ 9.1912689, 48.7884115 ], [ 9.1914231, 48.7885195 ], [ 9.1917038, 48.7887271 ], [ 9.1918743, 48.788858 ], [ 9.1920481, 48.7890009 ], [ 9.19225, 48.7891751 ], [ 9.1925995, 48.7894798 ], [ 9.192837, 48.7896722 ], [ 9.1930029, 48.7897943 ], [ 9.1931471, 48.7898912 ], [ 9.1932509, 48.7899601 ], [ 9.193416, 48.7900608 ], [ 9.1935534, 48.7901447 ], [ 9.1937025, 48.7902337 ], [ 9.1950431, 48.7910333 ], [ 9.1960067, 48.7915965 ], [ 9.1963768, 48.7918158 ], [ 9.196745, 48.7920363 ], [ 9.196969, 48.7921688 ], [ 9.1972347, 48.7923347 ], [ 9.1973808, 48.7924273 ], [ 9.1978987, 48.7927679 ], [ 9.1982228, 48.7929883 ], [ 9.1986188, 48.7932678 ], [ 9.1992545, 48.793714 ], [ 9.1995404, 48.793904 ], [ 9.199703, 48.7940082 ], [ 9.1998633, 48.7941069 ], [ 9.2002688, 48.7943451 ], [ 9.2006494, 48.7945476 ], [ 9.2007909, 48.7946193 ], [ 9.2010491, 48.7947359 ], [ 9.2014602, 48.7949156 ], [ 9.2015956, 48.7949711 ], [ 9.2018531, 48.7950708 ], [ 9.2020066, 48.7951288 ], [ 9.2024716, 48.7953159 ], [ 9.2027519, 48.7954368 ], [ 9.2029249, 48.7955201 ], [ 9.2030794, 48.7955941 ], [ 9.2032603, 48.7956797 ], [ 9.2062008, 48.7970704 ], [ 9.2067752, 48.797342 ], [ 9.2075266, 48.7976974 ], [ 9.2082696, 48.7980488 ], [ 9.2083179, 48.7980716 ], [ 9.2083602, 48.7980841 ], [ 9.2084611, 48.798117 ], [ 9.2085301, 48.7981361 ], [ 9.2086134, 48.7981542 ], [ 9.2087116, 48.7981707 ], [ 9.2088309, 48.7981829 ], [ 9.2089576, 48.7981884 ], [ 9.2090707, 48.7981861 ], [ 9.209201, 48.7981706 ], [ 9.2092864, 48.7981513 ], [ 9.209401, 48.7981097 ], [ 9.2100337, 48.7977989 ], [ 9.2104085, 48.7976129 ], [ 9.2105212, 48.7975561 ] ] } },
{ "type": "Feature", "properties": { "segment_id": "S928", "corridor_id": "B 14", "highway": "primary", "length": 95.709985664879255, "metapath_priority": "None", "is_metapath_hard": false, "metapath_pairs": "" }, "geometry": { "type": "LineString", "coordinates": [ [ 9.1889743, 48.7846499 ], [ 9.1887897, 48.7844335 ], [ 9.1885496, 48.7841356 ], [ 9.1883835, 48.7838831 ] ] } },
{ "type": "Feature", "properties": { "segment_id": "S929", "corridor_id": "Willy-Brandt-Straße", "highway": "primary_link", "length": 123.68732445323624, "metapath_priority": "None", "is_metapath_hard": false, "metapath_pairs": "" }, "geometry": { "type": "LineString", "coordinates": [ [ 9.1889743, 48.7846499 ], [ 9.1886423, 48.7843888 ], [ 9.1883772, 48.7840775 ], [ 9.188247, 48.7838572 ], [ 9.188145, 48.783692 ] ] } },
{ "type": "Feature", "properties": { "segment_id": "S930", "corridor_id": "segment_930", "highway": "primary_link", "length": 80.027348330961672, "metapath_priority": "None", "is_metapath_hard": false, "metapath_pairs": "" }, "geometry": { "type": "LineString", "coordinates": [ [ 9.096523, 48.867271 ], [ 9.0964568, 48.8672306 ], [ 9.0963762, 48.867177 ], [ 9.0961995, 48.8670142 ], [ 9.0961823, 48.8669987 ], [ 9.0961365, 48.866948 ], [ 9.0960319, 48.8668197 ], [ 9.0959131, 48.8666788 ] ] } },
{ "type": "Feature", "properties": { "segment_id": "S931", "corridor_id": "segment_931", "highway": "primary_link", "length": 80.027348330961658, "metapath_priority": "None", "is_metapath_hard": false, "metapath_pairs": "" }, "geometry": { "type": "LineString", "coordinates": [ [ 9.0959131, 48.8666788 ], [ 9.0960319, 48.8668197 ], [ 9.0961365, 48.866948 ], [ 9.0961823, 48.8669987 ], [ 9.0961995, 48.8670142 ], [ 9.0963762, 48.867177 ], [ 9.0964568, 48.8672306 ], [ 9.096523, 48.867271 ] ] } },
{ "type": "Feature", "properties": { "segment_id": "S932", "corridor_id": "segment_932", "highway": "primary_link", "length": 53.94592876484473, "metapath_priority": "None", "is_metapath_hard": false, "metapath_pairs": "" }, "geometry": { "type": "LineString", "coordinates": [ [ 9.0959131, 48.8666788 ], [ 9.0957896, 48.8666153 ], [ 9.0957034, 48.8665701 ], [ 9.0956374, 48.8665504 ], [ 9.0955728, 48.8665466 ], [ 9.0955041, 48.866562 ], [ 9.0954496, 48.8665888 ], [ 9.0953889, 48.8666316 ], [ 9.0952946, 48.8666598 ] ] } },
{ "type": "Feature", "properties": { "segment_id": "S933", "corridor_id": "B 10", "highway": "primary", "length": 83.75604591055307, "metapath_priority": "None", "is_metapath_hard": false, "metapath_pairs": "" }, "geometry": { "type": "LineString", "coordinates": [ [ 9.096019, 48.866077 ], [ 9.095913, 48.8661548 ], [ 9.095779, 48.866255 ], [ 9.095603, 48.8663929 ], [ 9.0952946, 48.8666598 ] ] } },
{ "type": "Feature", "properties": { "segment_id": "S934", "corridor_id": "segment_934", "highway": "primary_link", "length": 70.472797386253347, "metapath_priority": "None", "is_metapath_hard": false, "metapath_pairs": "" }, "geometry": { "type": "LineString", "coordinates": [ [ 9.096019, 48.866077 ], [ 9.0959755, 48.8661659 ], [ 9.0959131, 48.8662282 ], [ 9.0958669, 48.8662976 ], [ 9.0958377, 48.8663873 ], [ 9.0958344, 48.8664677 ], [ 9.0958482, 48.8665282 ], [ 9.0958779, 48.8665853 ], [ 9.0959131, 48.8666788 ] ] } },
{ "type": "Feature", "properties": { "segment_id": "S935", "corridor_id": "B 27", "highway": "primary", "length": 2002.9059619005898, "metapath_priority": "None", "is_metapath_hard": false, "metapath_pairs": "" }, "geometry": { "type": "LineString", "coordinates": [ [ 9.1812906, 48.7908609 ], [ 9.1813109, 48.7910515 ], [ 9.1813173, 48.7912254 ], [ 9.1813134, 48.7913832 ], [ 9.1813134, 48.7914965 ], [ 9.1813295, 48.7916619 ], [ 9.1813402, 48.7917711 ], [ 9.181358, 48.791916 ], [ 9.1814188, 48.792131 ], [ 9.1814328, 48.7921735 ], [ 9.1814858, 48.7922907 ], [ 9.1815296, 48.7923927 ], [ 9.1815656, 48.7924695 ], [ 9.1816321, 48.7926191 ], [ 9.1818126, 48.7930186 ], [ 9.1819062, 48.7932296 ], [ 9.1819535, 48.7933429 ], [ 9.1819894, 48.7934764 ], [ 9.1820451, 48.7936185 ], [ 9.1820889, 48.7937179 ], [ 9.1821204, 48.7937973 ], [ 9.1821545, 48.7938767 ], [ 9.1822121, 48.7940568 ], [ 9.1822473, 48.7942216 ], [ 9.1822711, 48.7945431 ], [ 9.1823112, 48.7951183 ], [ 9.1824349, 48.795948 ], [ 9.182471, 48.7961898 ], [ 9.1826388, 48.7971187 ], [ 9.1826482, 48.7972512 ], [ 9.1826866, 48.7977161 ], [ 9.1827151, 48.7979634 ], [ 9.1827456, 48.7981879 ], [ 9.1827536, 48.7982472 ], [ 9.1827893, 48.7985214 ], [ 9.1827976, 48.7985815 ], [ 9.1828022, 48.7986142 ], [ 9.1828704, 48.7990884 ], [ 9.1829097, 48.7993829 ], [ 9.1829544, 48.7997224 ], [ 9.1829825, 48.7999291 ], [ 9.1831145, 48.8008851 ], [ 9.1831351, 48.8010067 ], [ 9.1833045, 48.8022101 ], [ 9.1833397, 48.8024511 ], [ 9.1833892, 48.8026862 ], [ 9.1835373, 48.8032267 ], [ 9.183609, 48.8034849 ], [ 9.1836496, 48.8036303 ], [ 9.1836614, 48.8036984 ], [ 9.1836944, 48.8039315 ], [ 9.1837094, 48.8040946 ], [ 9.1837183, 48.8042616 ], [ 9.1837343, 48.8045355 ], [ 9.1837807, 48.8046847 ], [ 9.1838529, 48.8047994 ], [ 9.1846396, 48.8055144 ], [ 9.1848839, 48.8057448 ], [ 9.1849284, 48.8057999 ], [ 9.1851244, 48.8061015 ], [ 9.185266, 48.8063766 ], [ 9.1853883, 48.8067427 ], [ 9.185412, 48.8069462 ], [ 9.1854067, 48.8071532 ], [ 9.1852999, 48.807633 ], [ 9.1852288, 48.8078591 ], [ 9.185189, 48.8079545 ], [ 9.1851573, 48.8080254 ], [ 9.1851195, 48.8081097 ], [ 9.1850508, 48.8082185 ], [ 9.1849871, 48.8083119 ], [ 9.1849222, 48.8084057 ] ] } },
{ "type": "Feature", "properties": { "segment_id": "S936", "corridor_id": "L 1014", "highway": "primary_link", "length": 30.929351326967097, "metapath_priority": "None", "is_metapath_hard": false, "metapath_pairs": "" }, "geometry": { "type": "LineString", "coordinates": [ [ 9.1862881, 48.781857 ], [ 9.1862889, 48.781709 ], [ 9.1862906, 48.781674 ], [ 9.1862926, 48.7816358 ], [ 9.1862908, 48.7815789 ] ] } },
{ "type": "Feature", "properties": { "segment_id": "S937", "corridor_id": "Gebhard-Müller-Platz", "highway": "primary_link", "length": 36.28574280095588, "metapath_priority": "None", "is_metapath_hard": false, "metapath_pairs": "" }, "geometry": { "type": "LineString", "coordinates": [ [ 9.1862881, 48.781857 ], [ 9.1862313, 48.7818069 ], [ 9.1861932, 48.7817796 ], [ 9.1861527, 48.7817543 ], [ 9.186065, 48.7817264 ], [ 9.1859666, 48.7817044 ], [ 9.185882, 48.7816912 ] ] } },
{ "type": "Feature", "properties": { "segment_id": "S938", "corridor_id": "L 1014", "highway": "primary_link", "length": 6.8958400504630921, "metapath_priority": "None", "is_metapath_hard": false, "metapath_pairs": "" }, "geometry": { "type": "LineString", "coordinates": [ [ 9.1867841, 48.7812255 ], [ 9.1867603, 48.7812855 ] ] } },
{ "type": "Feature", "properties": { "segment_id": "S939", "corridor_id": "Gebhard-Müller-Platz", "highway": "primary_link", "length": 5.1935983240609751, "metapath_priority": "None", "is_metapath_hard": false, "metapath_pairs": "" }, "geometry": { "type": "LineString", "coordinates": [ [ 9.1867841, 48.7812255 ], [ 9.1868135, 48.781268 ] ] } },
{ "type": "Feature", "properties": { "segment_id": "S940", "corridor_id": "Arnulf-Klett-Platz", "highway": "primary", "length": 323.1762202530532, "metapath_priority": "None", "is_metapath_hard": false, "metapath_pairs": "" }, "geometry": { "type": "LineString", "coordinates": [ [ 9.1833042, 48.7824243 ], [ 9.1832419, 48.7824662 ], [ 9.183133, 48.7825191 ], [ 9.182963, 48.7825765 ], [ 9.182726, 48.7826482 ], [ 9.1824896, 48.7827116 ], [ 9.1820784, 48.7828515 ], [ 9.1816455, 48.7830103 ], [ 9.1814837, 48.7830632 ], [ 9.1812686, 48.7831449 ], [ 9.1806846, 48.7833852 ], [ 9.180506, 48.7834697 ], [ 9.1804849, 48.7834797 ], [ 9.1803776, 48.7835437 ], [ 9.1801939, 48.7836436 ], [ 9.1799383, 48.7837545 ], [ 9.1798563, 48.7837967 ], [ 9.1797048, 48.7838747 ], [ 9.1795687, 48.7839448 ] ] } },
{ "type": "Feature", "properties": { "segment_id": "S941", "corridor_id": "Arnulf-Klett-Platz", "highway": "primary_link", "length": 31.343446026989255, "metapath_priority": "None", "is_metapath_hard": false, "metapath_pairs": "" }, "geometry": { "type": "LineString", "coordinates": [ [ 9.1828813, 48.7824455 ], [ 9.1830964, 48.7824178 ], [ 9.1832383, 48.7824179 ], [ 9.1832638, 48.7824216 ], [ 9.1833042, 48.7824243 ] ] } },
{ "type": "Feature", "properties": { "segment_id": "S942", "corridor_id": "Arnulf-Klett-Platz", "highway": "primary", "length": 236.92577886945256, "metapath_priority": "None", "is_metapath_hard": false, "metapath_pairs": "" }, "geometry": { "type": "LineString", "coordinates": [ [ 9.1828813, 48.7824455 ], [ 9.1831097, 48.7823625 ], [ 9.1832398, 48.7823265 ], [ 9.1834048, 48.7822834 ], [ 9.1838281, 48.7821752 ], [ 9.184537, 48.7819749 ], [ 9.1847198, 48.7819138 ], [ 9.1850301, 48.7817946 ], [ 9.1852975, 48.7817151 ], [ 9.1855769, 48.7816478 ], [ 9.185828, 48.7815758 ] ] } },
{ "type": "Feature", "properties": { "segment_id": "S943", "corridor_id": "B 27", "highway": "trunk", "length": 245.9948372978028, "metapath_priority": "None", "is_metapath_hard": false, "metapath_pairs": "" }, "geometry": { "type": "LineString", "coordinates": [ [ 9.1790506, 48.8445583 ], [ 9.1788667, 48.8443567 ], [ 9.1787696, 48.8442587 ], [ 9.1785256, 48.8440048 ], [ 9.1783628, 48.8438439 ], [ 9.1781398, 48.8436342 ], [ 9.1777508, 48.8432808 ], [ 9.1773364, 48.8429374 ], [ 9.1771114, 48.8427542 ] ] } },
{ "type": "Feature", "properties": { "segment_id": "S944", "corridor_id": "B 295", "highway": "primary", "length": 1308.1533869024136, "metapath_priority": "None", "is_metapath_hard": false, "metapath_pairs": "" }, "geometry": { "type": "LineString", "coordinates": [ [ 9.084112, 48.821984 ], [ 9.0847099, 48.8218587 ], [ 9.0857389, 48.8216442 ], [ 9.0862003, 48.8215476 ], [ 9.0866864, 48.8214459 ], [ 9.0877743, 48.8212187 ], [ 9.0883039, 48.8210998 ], [ 9.0888437, 48.8209721 ], [ 9.0894367, 48.8208183 ], [ 9.0900572, 48.8206489 ], [ 9.0908882, 48.8204226 ], [ 9.0911708, 48.8203454 ], [ 9.0914834, 48.8202598 ], [ 9.0919082, 48.8201474 ], [ 9.0921746, 48.8200785 ], [ 9.0923666, 48.8200308 ], [ 9.0935421, 48.8197437 ], [ 9.0947393, 48.81943 ], [ 9.0950353, 48.8193487 ], [ 9.0953395, 48.8192608 ], [ 9.095634, 48.8191769 ], [ 9.0958255, 48.819117 ], [ 9.0961594, 48.8190075 ], [ 9.0963133, 48.8189536 ], [ 9.0963782, 48.8189296 ], [ 9.0966319, 48.8188333 ], [ 9.0966529, 48.8188245 ], [ 9.0970401, 48.8186626 ], [ 9.0972665, 48.8185618 ], [ 9.0973563, 48.8185222 ], [ 9.097506, 48.8184563 ], [ 9.0976452, 48.8183915 ], [ 9.0977157, 48.8183596 ], [ 9.0979487, 48.8182541 ], [ 9.0981864, 48.818151 ], [ 9.0983424, 48.8180851 ], [ 9.098563, 48.817992 ], [ 9.0988641, 48.8178692 ], [ 9.0992179, 48.8177156 ], [ 9.0994583, 48.8175961 ], [ 9.0997036, 48.8174685 ], [ 9.0999091, 48.8173563 ], [ 9.1001006, 48.8172442 ], [ 9.1002769, 48.8171615 ] ] } },
{ "type": "Feature", "properties": { "segment_id": "S945", "corridor_id": "B 10", "highway": "trunk", "length": 402.86454019752898, "metapath_priority": "None", "is_metapath_hard": false, "metapath_pairs": "" }, "geometry": { "type": "LineString", "coordinates": [ [ 9.1590342, 48.840511 ], [ 9.1593231, 48.8405346 ], [ 9.1598147, 48.8405768 ], [ 9.1602252, 48.8406124 ], [ 9.1610747, 48.8407096 ], [ 9.1625025, 48.8409155 ], [ 9.1629948, 48.8409993 ], [ 9.1639253, 48.8411828 ], [ 9.164406, 48.8412737 ] ] } },
{ "type": "Feature", "properties": { "segment_id": "S946", "corridor_id": "segment_946", "highway": "trunk_link", "length": 142.21071134770318, "metapath_priority": "None", "is_metapath_hard": false, "metapath_pairs": "" }, "geometry": { "type": "LineString", "coordinates": [ [ 9.1154542, 48.8533291 ], [ 9.1156147, 48.8538664 ], [ 9.1156431, 48.8539259 ], [ 9.1156806, 48.8539736 ], [ 9.1157658, 48.8540356 ], [ 9.1158529, 48.854064 ], [ 9.1159569, 48.8540808 ], [ 9.1160555, 48.8540728 ], [ 9.1161792, 48.8540486 ], [ 9.1163108, 48.8539945 ], [ 9.1165155, 48.8539411 ] ] } },
{ "type": "Feature", "properties": { "segment_id": "S947", "corridor_id": "B 27", "highway": "primary", "length": 170.92566749108255, "metapath_priority": "None", "is_metapath_hard": false, "metapath_pairs": "" }, "geometry": { "type": "LineString", "coordinates": [ [ 9.1874502, 48.902555 ], [ 9.1871583, 48.9026128 ], [ 9.1871054, 48.9026235 ], [ 9.1868964, 48.9026633 ], [ 9.1854809, 48.9029184 ], [ 9.1851893, 48.9029368 ] ] } },
{ "type": "Feature", "properties": { "segment_id": "S948", "corridor_id": "B 27", "highway": "primary", "length": 15.875223879768786, "metapath_priority": "None", "is_metapath_hard": false, "metapath_pairs": "" }, "geometry": { "type": "LineString", "coordinates": [ [ 9.1874502, 48.902555 ], [ 9.1874009, 48.9025489 ], [ 9.1873758, 48.9025342 ], [ 9.1873622, 48.9025012 ], [ 9.1873765, 48.9024811 ], [ 9.1874085, 48.9024579 ] ] } },
{ "type": "Feature", "properties": { "segment_id": "S949", "corridor_id": "B 27", "highway": [ "trunk", "primary" ], "length": 3080.5098001022898, "metapath_priority": "None", "is_metapath_hard": false, "metapath_pairs": "" }, "geometry": { "type": "LineString", "coordinates": [ [ 9.1874085, 48.9024579 ], [ 9.1874555, 48.9024488 ], [ 9.1874853, 48.9024435 ], [ 9.1887247, 48.9022216 ], [ 9.188803, 48.9022065 ], [ 9.1893494, 48.902112 ], [ 9.1896468, 48.9020775 ], [ 9.1898719, 48.9020632 ], [ 9.1900554, 48.9020554 ], [ 9.1901353, 48.902052 ], [ 9.1903665, 48.9020482 ], [ 9.191217, 48.9020756 ], [ 9.1918637, 48.9020943 ], [ 9.1921214, 48.9020962 ], [ 9.1923629, 48.9020899 ], [ 9.1925818, 48.9020736 ], [ 9.1927781, 48.9020398 ], [ 9.1929721, 48.901991 ], [ 9.193088, 48.9019577 ], [ 9.1931608, 48.9019295 ], [ 9.1933102, 48.9018459 ], [ 9.1933865, 48.9017946 ], [ 9.1934818, 48.9017179 ], [ 9.1935489, 48.9016445 ], [ 9.1935972, 48.9015807 ], [ 9.1936332, 48.9015091 ], [ 9.1936587, 48.901429 ], [ 9.1936799, 48.9013209 ], [ 9.1936975, 48.9011844 ], [ 9.193707, 48.9010095 ], [ 9.1937274, 48.9005866 ], [ 9.193733, 48.9004815 ], [ 9.1937377, 48.900414 ], [ 9.1937544, 48.9002262 ], [ 9.1937781, 48.899857 ], [ 9.1937877, 48.8996913 ], [ 9.1937891, 48.8995854 ], [ 9.193816, 48.8988727 ], [ 9.1938181, 48.8988269 ], [ 9.1938198, 48.8987577 ], [ 9.1938213, 48.8986949 ], [ 9.1938395, 48.8986226 ], [ 9.1938862, 48.8984647 ], [ 9.1939103, 48.8982966 ], [ 9.1939591, 48.8973234 ], [ 9.1939804, 48.8968603 ], [ 9.1940174, 48.8961654 ], [ 9.1940598, 48.8953696 ], [ 9.1941175, 48.8940272 ], [ 9.1940997, 48.8937257 ], [ 9.1941118, 48.8933385 ], [ 9.1941155, 48.8932868 ], [ 9.1941176, 48.8932254 ], [ 9.1941227, 48.8930984 ], [ 9.194134, 48.8927739 ], [ 9.194159, 48.892118 ], [ 9.194174, 48.8919251 ], [ 9.1941806, 48.8917816 ], [ 9.1942038, 48.8914031 ], [ 9.1942061, 48.8913493 ], [ 9.1942086, 48.8912914 ], [ 9.194211, 48.8912389 ], [ 9.1942199, 48.8910409 ], [ 9.1942313, 48.8908192 ], [ 9.1942452, 48.8905489 ], [ 9.1942507, 48.8904394 ], [ 9.1942761, 48.889933 ], [ 9.1942798, 48.8898468 ], [ 9.1942961, 48.8893562 ], [ 9.1943002, 48.8892371 ], [ 9.1942877, 48.8891102 ], [ 9.1942645, 48.8887382 ], [ 9.1942782, 48.8884639 ], [ 9.1942877, 48.8880444 ], [ 9.1942973, 48.88786 ], [ 9.1943101, 48.8876788 ], [ 9.1943191, 48.8874966 ], [ 9.1943843, 48.8862257 ], [ 9.1943896, 48.8861218 ], [ 9.1944349, 48.8851708 ], [ 9.194469, 48.8845452 ], [ 9.1944708, 48.8845194 ], [ 9.1944776, 48.8844246 ], [ 9.1944834, 48.8843424 ], [ 9.1945119, 48.8839748 ], [ 9.1945778, 48.8834545 ], [ 9.1946018, 48.8829108 ], [ 9.1946476, 48.8825362 ], [ 9.1947208, 48.8822445 ], [ 9.1948409, 48.8819224 ], [ 9.1950229, 48.8815027 ], [ 9.1954749, 48.8804544 ], [ 9.1961539, 48.8790217 ], [ 9.1962813, 48.8787199 ], [ 9.1964147, 48.8783818 ] ] } },
{ "type": "Feature", "properties": { "segment_id": "S950", "corridor_id": "Gebhard-Müller-Platz", "highway": "primary", "length": 13.39257844064981, "metapath_priority": "None", "is_metapath_hard": false, "metapath_pairs": "" }, "geometry": { "type": "LineString", "coordinates": [ [ 9.1869185, 48.7814177 ], [ 9.1867555, 48.7814722 ] ] } },
{ "type": "Feature", "properties": { "segment_id": "S951", "corridor_id": "Gebhard-Müller-Platz", "highway": "primary_link", "length": 19.091124756566362, "metapath_priority": "None", "is_metapath_hard": false, "metapath_pairs": "" }, "geometry": { "type": "LineString", "coordinates": [ [ 9.1869185, 48.7814177 ], [ 9.1870201, 48.7815758 ] ] } },
{ "type": "Feature", "properties": { "segment_id": "S952", "corridor_id": "segment_952", "highway": "motorway_link", "length": 41.850156526890459, "metapath_priority": "None", "is_metapath_hard": false, "metapath_pairs": "" }, "geometry": { "type": "LineString", "coordinates": [ [ 9.215044, 48.9593996 ], [ 9.214895, 48.9594446 ], [ 9.2148157, 48.959485 ], [ 9.2147642, 48.9595288 ], [ 9.2147289, 48.959592 ], [ 9.2147163, 48.9596717 ] ] } },
{ "type": "Feature", "properties": { "segment_id": "S953", "corridor_id": "A 81", "highway": "motorway", "length": 3338.7841881046261, "metapath_priority": "None", "is_metapath_hard": false, "metapath_pairs": "" }, "geometry": { "type": "LineString", "coordinates": [ [ 9.124211, 48.8562144 ], [ 9.1248375, 48.8571958 ], [ 9.1251613, 48.8576948 ], [ 9.1252871, 48.8578857 ], [ 9.1253184, 48.8579341 ], [ 9.1254593, 48.8581495 ], [ 9.1256001, 48.8583648 ], [ 9.1262893, 48.8594352 ], [ 9.1270367, 48.8606056 ], [ 9.1270583, 48.860644 ], [ 9.1271378, 48.8607624 ], [ 9.1274085, 48.8611888 ], [ 9.1278701, 48.861912 ], [ 9.128075, 48.8622308 ], [ 9.1282757, 48.8625348 ], [ 9.128435, 48.8627692 ], [ 9.1284591, 48.8628046 ], [ 9.1286011, 48.8630108 ], [ 9.1287436, 48.8632143 ], [ 9.1288928, 48.86342 ], [ 9.1290438, 48.863621 ], [ 9.1293243, 48.8639887 ], [ 9.129693, 48.8644527 ], [ 9.1300799, 48.8649148 ], [ 9.1311839, 48.8661945 ], [ 9.1316557, 48.8667439 ], [ 9.1321188, 48.8672849 ], [ 9.1321981, 48.8673752 ], [ 9.1329774, 48.8682761 ], [ 9.1334313, 48.8687998 ], [ 9.1338828, 48.8693239 ], [ 9.1343936, 48.8699179 ], [ 9.1347568, 48.870341 ], [ 9.1353571, 48.8710342 ], [ 9.1355905, 48.8713072 ], [ 9.1358623, 48.8716208 ], [ 9.1361222, 48.8719256 ], [ 9.1361732, 48.8719834 ], [ 9.1363878, 48.8722329 ], [ 9.1366024, 48.8724824 ], [ 9.137123, 48.8730897 ], [ 9.1375666, 48.8736097 ], [ 9.1376488, 48.8737018 ], [ 9.1376883, 48.8737482 ], [ 9.1382208, 48.8743682 ], [ 9.138388, 48.8745612 ], [ 9.1386842, 48.8749031 ], [ 9.1391108, 48.8753994 ], [ 9.1395383, 48.8758941 ], [ 9.1401005, 48.8765474 ], [ 9.1408041, 48.8773661 ], [ 9.1411773, 48.877817 ], [ 9.141433, 48.8781388 ], [ 9.1416925, 48.8784687 ], [ 9.1417596, 48.8785541 ], [ 9.142219, 48.8791572 ], [ 9.1425191, 48.8795742 ], [ 9.1427767, 48.8799461 ], [ 9.1430672, 48.8803715 ], [ 9.1433302, 48.8807748 ], [ 9.1436304, 48.881253 ], [ 9.1437114, 48.8813808 ], [ 9.1438031, 48.8815332 ], [ 9.1439719, 48.8818184 ], [ 9.1443269, 48.8824409 ], [ 9.1446375, 48.8830134 ] ] } },
{ "type": "Feature", "properties": { "segment_id": "S954", "corridor_id": "B 27", "highway": "primary", "length": 50.464144369164281, "metapath_priority": "None", "is_metapath_hard": false, "metapath_pairs": "" }, "geometry": { "type": "LineString", "coordinates": [ [ 9.1793042, 48.7846268 ], [ 9.178965, 48.784432 ], [ 9.1788885, 48.7843724 ], [ 9.1788156, 48.7843093 ] ] } },
{ "type": "Feature", "properties": { "segment_id": "S955", "corridor_id": "segment_955", "highway": "primary_link", "length": 48.982869625266837, "metapath_priority": "None", "is_metapath_hard": false, "metapath_pairs": "" }, "geometry": { "type": "LineString", "coordinates": [ [ 9.1793042, 48.7846268 ], [ 9.1792499, 48.7845398 ], [ 9.1789703, 48.7842464 ] ] } },
{ "type": "Feature", "properties": { "segment_id": "S956", "corridor_id": "Gebhard-Müller-Platz", "highway": "primary_link", "length": 8.148119522203439, "metapath_priority": "None", "is_metapath_hard": false, "metapath_pairs": "" }, "geometry": { "type": "LineString", "coordinates": [ [ 9.1866456, 48.781461 ], [ 9.1867555, 48.7814722 ] ] } },
{ "type": "Feature", "properties": { "segment_id": "S957", "corridor_id": "L 1014", "highway": "primary_link", "length": 10.73065116307785, "metapath_priority": "None", "is_metapath_hard": false, "metapath_pairs": "" }, "geometry": { "type": "LineString", "coordinates": [ [ 9.1866456, 48.781461 ], [ 9.1865344, 48.7815238 ] ] } },
{ "type": "Feature", "properties": { "segment_id": "S958", "corridor_id": "Gebhard-Müller-Platz", "highway": "primary_link", "length": 10.81819430716418, "metapath_priority": "None", "is_metapath_hard": false, "metapath_pairs": "" }, "geometry": { "type": "LineString", "coordinates": [ [ 9.1867255, 48.7813582 ], [ 9.1865823, 48.7813345 ] ] } },
{ "type": "Feature", "properties": { "segment_id": "S959", "corridor_id": "L 1014", "highway": "primary_link", "length": 12.857899171929921, "metapath_priority": "None", "is_metapath_hard": false, "metapath_pairs": "" }, "geometry": { "type": "LineString", "coordinates": [ [ 9.1867255, 48.7813582 ], [ 9.1866832, 48.7814187 ], [ 9.1866456, 48.781461 ] ] } },
{ "type": "Feature", "properties": { "segment_id": "S960", "corridor_id": "Gebhard-Müller-Platz", "highway": "primary", "length": 4.3567024551455145, "metapath_priority": "None", "is_metapath_hard": false, "metapath_pairs": "" }, "geometry": { "type": "LineString", "coordinates": [ [ 9.1867603, 48.7812855 ], [ 9.1868135, 48.781268 ] ] } },
{ "type": "Feature", "properties": { "segment_id": "S961", "corridor_id": "L 1014", "highway": "primary_link", "length": 8.4764774859812064, "metapath_priority": "None", "is_metapath_hard": false, "metapath_pairs": "" }, "geometry": { "type": "LineString", "coordinates": [ [ 9.1867603, 48.7812855 ], [ 9.1867255, 48.7813582 ] ] } },
{ "type": "Feature", "properties": { "segment_id": "S962", "corridor_id": "Gebhard-Müller-Platz", "highway": "primary_link", "length": 12.299138765190184, "metapath_priority": "None", "is_metapath_hard": false, "metapath_pairs": "" }, "geometry": { "type": "LineString", "coordinates": [ [ 9.1862908, 48.7815789 ], [ 9.1862929, 48.7814683 ] ] } },
{ "type": "Feature", "properties": { "segment_id": "S963", "corridor_id": "Gebhard-Müller-Platz", "highway": "primary", "length": 32.45722319237197, "metapath_priority": "None", "is_metapath_hard": false, "metapath_pairs": "" }, "geometry": { "type": "LineString", "coordinates": [ [ 9.1862908, 48.7815789 ], [ 9.1861461, 48.7816158 ], [ 9.185882, 48.7816912 ] ] } },
{ "type": "Feature", "properties": { "segment_id": "S964", "corridor_id": "A 81", "highway": "motorway", "length": 399.27909277698831, "metapath_priority": "None", "is_metapath_hard": false, "metapath_pairs": "" }, "geometry": { "type": "LineString", "coordinates": [ [ 9.1221045, 48.8529019 ], [ 9.1228387, 48.8540623 ], [ 9.1230212, 48.8543533 ], [ 9.1233801, 48.8549127 ], [ 9.1236939, 48.8554024 ], [ 9.1238942, 48.8557195 ], [ 9.1240019, 48.8558852 ], [ 9.124069, 48.8559909 ], [ 9.124211, 48.8562144 ] ] } },
{ "type": "Feature", "properties": { "segment_id": "S965", "corridor_id": "segment_965", "highway": "primary_link", "length": 14.836166313746947, "metapath_priority": "None", "is_metapath_hard": false, "metapath_pairs": "" }, "geometry": { "type": "LineString", "coordinates": [ [ 9.1789301, 48.7842029 ], [ 9.17913, 48.7841816 ] ] } },
{ "type": "Feature", "properties": { "segment_id": "S966", "corridor_id": "segment_966", "highway": "primary_link", "length": 11.127986730313044, "metapath_priority": "None", "is_metapath_hard": false, "metapath_pairs": "" }, "geometry": { "type": "LineString", "coordinates": [ [ 9.1789301, 48.7842029 ], [ 9.1789153, 48.7841033 ] ] } },
{ "type": "Feature", "properties": { "segment_id": "S967", "corridor_id": "Gebhard-Müller-Platz", "highway": "primary", "length": 206.43912736909181, "metapath_priority": "None", "is_metapath_hard": false, "metapath_pairs": "" }, "geometry": { "type": "LineString", "coordinates": [ [ 9.185882, 48.7816912 ], [ 9.1857602, 48.7817152 ], [ 9.1857121, 48.7817247 ], [ 9.185208, 48.7818381 ], [ 9.18456, 48.7820486 ], [ 9.1842024, 48.782155 ], [ 9.1837625, 48.7822653 ], [ 9.1834282, 48.782359 ], [ 9.1833042, 48.7824243 ] ] } },
{ "type": "Feature", "properties": { "segment_id": "S968", "corridor_id": "A 81", "highway": "motorway", "length": 3564.48360489587, "metapath_priority": "None", "is_metapath_hard": false, "metapath_pairs": "" }, "geometry": { "type": "LineString", "coordinates": [ [ 9.1456475, 48.8849397 ], [ 9.1457551, 48.8851468 ], [ 9.1459584, 48.8855307 ], [ 9.1459872, 48.8855812 ], [ 9.1460691, 48.8857392 ], [ 9.1464599, 48.8864811 ], [ 9.1466999, 48.8869324 ], [ 9.1472048, 48.8879003 ], [ 9.1474472, 48.8883583 ], [ 9.147712, 48.8888643 ], [ 9.1478629, 48.8891457 ], [ 9.14799, 48.8893995 ], [ 9.1488432, 48.8910144 ], [ 9.1489276, 48.8911655 ], [ 9.1490665, 48.8914309 ], [ 9.1494575, 48.8921817 ], [ 9.1498571, 48.8929386 ], [ 9.1501619, 48.8935211 ], [ 9.1506458, 48.8944422 ], [ 9.1511924, 48.8954746 ], [ 9.1514464, 48.8959651 ], [ 9.1519424, 48.8969067 ], [ 9.1528783, 48.8986921 ], [ 9.1533262, 48.899538 ], [ 9.153576, 48.9000224 ], [ 9.1538209, 48.9005349 ], [ 9.1540651, 48.9011476 ], [ 9.1542753, 48.901807 ], [ 9.1544044, 48.9023128 ], [ 9.1544996, 48.9028156 ], [ 9.1545202, 48.9029457 ], [ 9.1545407, 48.9031061 ], [ 9.1545644, 48.9032755 ], [ 9.1545859, 48.9034751 ], [ 9.1546012, 48.9037502 ], [ 9.1546262, 48.904172 ], [ 9.1546263, 48.9044983 ], [ 9.1546192, 48.9050467 ], [ 9.1546174, 48.9055999 ], [ 9.1546053, 48.9062123 ], [ 9.1545958, 48.9068562 ], [ 9.1545899, 48.9072365 ], [ 9.1545832, 48.9076079 ], [ 9.1545812, 48.9079558 ], [ 9.1545803, 48.9083075 ], [ 9.1545867, 48.9085231 ], [ 9.1545984, 48.9089135 ], [ 9.1545953, 48.9093313 ], [ 9.1545913, 48.9098858 ], [ 9.154587, 48.9104202 ], [ 9.1545843, 48.911459 ], [ 9.1545752, 48.9126049 ], [ 9.1545847, 48.912878 ], [ 9.1546069, 48.9134816 ], [ 9.1546619, 48.913992 ], [ 9.1547623, 48.9146474 ], [ 9.154869, 48.9151499 ], [ 9.154992, 48.91564 ], [ 9.1550986, 48.9160237 ] ] } },
{ "type": "Feature", "properties": { "segment_id": "S969", "corridor_id": "segment_969", "highway": "trunk", "length": 593.88532094325842, "metapath_priority": "None", "is_metapath_hard": false, "metapath_pairs": "" }, "geometry": { "type": "LineString", "coordinates": [ [ 9.2864428, 48.8164856 ], [ 9.287465, 48.8166879 ], [ 9.2879266, 48.8167791 ], [ 9.2883998, 48.8168663 ], [ 9.2886327, 48.8169078 ], [ 9.2890007, 48.8169655 ], [ 9.2893489, 48.8170166 ], [ 9.2895966, 48.8170482 ], [ 9.2898558, 48.817076 ], [ 9.2900517, 48.817095 ], [ 9.2903003, 48.8171152 ], [ 9.2905615, 48.8171304 ], [ 9.2908255, 48.8171399 ], [ 9.2910872, 48.8171437 ], [ 9.2913301, 48.8171418 ], [ 9.2915759, 48.8171367 ], [ 9.2918197, 48.817126 ], [ 9.2920684, 48.8171102 ], [ 9.2923132, 48.81709 ], [ 9.2925465, 48.8170653 ], [ 9.2927942, 48.8170343 ], [ 9.2930318, 48.8169992 ], [ 9.2932796, 48.8169569 ], [ 9.2935186, 48.8169129 ], [ 9.293751, 48.8168636 ], [ 9.2939814, 48.8168086 ], [ 9.2943413, 48.8167144 ] ] } },
{ "type": "Feature", "properties": { "segment_id": "S970", "corridor_id": "Gebhard-Müller-Platz", "highway": "primary_link", "length": 10.903911545552482, "metapath_priority": "None", "is_metapath_hard": false, "metapath_pairs": "" }, "geometry": { "type": "LineString", "coordinates": [ [ 9.1862309, 48.7811446 ], [ 9.1862087, 48.781115 ], [ 9.1861665, 48.7810562 ] ] } },
{ "type": "Feature", "properties": { "segment_id": "S971", "corridor_id": "Gebhard-Müller-Platz", "highway": "primary_link", "length": 5.9617008083827479, "metapath_priority": "None", "is_metapath_hard": false, "metapath_pairs": "" }, "geometry": { "type": "LineString", "coordinates": [ [ 9.1862732, 48.7811904 ], [ 9.1862309, 48.7811446 ] ] } },
{ "type": "Feature", "properties": { "segment_id": "S972", "corridor_id": "B 10", "highway": "primary_link", "length": 41.375334799597823, "metapath_priority": "None", "is_metapath_hard": false, "metapath_pairs": "" }, "geometry": { "type": "LineString", "coordinates": [ [ 9.2096457, 48.7990674 ], [ 9.2096607, 48.7991102 ], [ 9.2096653, 48.7991304 ], [ 9.2096694, 48.7991489 ], [ 9.2096757, 48.7991854 ], [ 9.2096792, 48.7992274 ], [ 9.209679, 48.7992617 ], [ 9.2096734, 48.7992991 ], [ 9.2096629, 48.7993364 ], [ 9.2096191, 48.7994326 ] ] } },
{ "type": "Feature", "properties": { "segment_id": "S973", "corridor_id": "Cannstatter Straße", "highway": "primary_link", "length": 30.210662578794523, "metapath_priority": "None", "is_metapath_hard": false, "metapath_pairs": "" }, "geometry": { "type": "LineString", "coordinates": [ [ 9.2096457, 48.7990674 ], [ 9.2096907, 48.7990535 ], [ 9.2097401, 48.7990403 ], [ 9.2097775, 48.799035 ], [ 9.2098161, 48.7990321 ], [ 9.2098536, 48.7990324 ], [ 9.2098874, 48.7990348 ], [ 9.2099208, 48.7990405 ], [ 9.209967, 48.7990523 ], [ 9.2100341, 48.7990769 ] ] } },
{ "type": "Feature", "properties": { "segment_id": "S974", "corridor_id": "B 10", "highway": "primary", "length": 2598.3311905058031, "metapath_priority": "None", "is_metapath_hard": false, "metapath_pairs": "" }, "geometry": { "type": "LineString", "coordinates": [ [ 9.2088993, 48.8007164 ], [ 9.2088694, 48.8007757 ], [ 9.2088447, 48.8008177 ], [ 9.2088112, 48.8008637 ], [ 9.2087768, 48.8009062 ], [ 9.2087222, 48.800968 ], [ 9.2086608, 48.8010317 ], [ 9.2085945, 48.8010919 ], [ 9.2085249, 48.8011533 ], [ 9.2084785, 48.8011941 ], [ 9.2083499, 48.8013024 ], [ 9.2082989, 48.8013439 ], [ 9.2082466, 48.8013884 ], [ 9.2081759, 48.8014493 ], [ 9.2081182, 48.801504 ], [ 9.2080769, 48.8015473 ], [ 9.2080375, 48.8015909 ], [ 9.2079825, 48.8016543 ], [ 9.2079101, 48.8017365 ], [ 9.2078338, 48.8018233 ], [ 9.2077611, 48.8019059 ], [ 9.2076867, 48.8019798 ], [ 9.2076009, 48.802064 ], [ 9.2075337, 48.8021249 ], [ 9.2074396, 48.8022025 ], [ 9.207397, 48.8022343 ], [ 9.2073386, 48.802276 ], [ 9.2072747, 48.8023199 ], [ 9.2071941, 48.8023726 ], [ 9.2070963, 48.802433 ], [ 9.2069864, 48.8024912 ], [ 9.206836, 48.802559 ], [ 9.2066857, 48.8026151 ], [ 9.2065075, 48.8026714 ], [ 9.2063595, 48.802712 ], [ 9.2056088, 48.8028827 ], [ 9.2050376, 48.8030279 ], [ 9.2045201, 48.8031855 ], [ 9.2038871, 48.8034133 ], [ 9.2034979, 48.8035818 ], [ 9.203095, 48.803783 ], [ 9.2026235, 48.8040508 ], [ 9.2021819, 48.8043496 ], [ 9.200799, 48.8054088 ], [ 9.200072, 48.8059656 ], [ 9.1996059, 48.8062975 ], [ 9.1993465, 48.8064492 ], [ 9.1990925, 48.8065715 ], [ 9.1988716, 48.8066617 ], [ 9.1985041, 48.8067751 ], [ 9.1983425, 48.8068151 ], [ 9.1982024, 48.8068452 ], [ 9.1980662, 48.8068716 ], [ 9.1979471, 48.8068925 ], [ 9.197812, 48.8069116 ], [ 9.1977055, 48.8069236 ], [ 9.1975682, 48.8069338 ], [ 9.1974136, 48.8069384 ], [ 9.1972593, 48.8069366 ], [ 9.1965346, 48.8069279 ], [ 9.1963762, 48.8069301 ], [ 9.1960299, 48.8069381 ], [ 9.1956716, 48.8069501 ], [ 9.1952903, 48.8069715 ], [ 9.1945915, 48.8070217 ], [ 9.1941484, 48.8070547 ], [ 9.1937737, 48.8070827 ], [ 9.1933952, 48.8071109 ], [ 9.1931929, 48.807126 ], [ 9.1924413, 48.807182 ], [ 9.1921575, 48.8072059 ], [ 9.1915395, 48.8072591 ], [ 9.1913358, 48.80728 ], [ 9.1911766, 48.8073003 ], [ 9.1908785, 48.807345 ], [ 9.1905663, 48.8073998 ], [ 9.1898409, 48.8075485 ], [ 9.1896541, 48.8075851 ], [ 9.1889458, 48.8077651 ], [ 9.1882116, 48.8079824 ], [ 9.1875305, 48.8082213 ], [ 9.1870938, 48.8083877 ], [ 9.1863171, 48.8087169 ], [ 9.1856131, 48.8090401 ], [ 9.1847055, 48.8095264 ], [ 9.1843351, 48.8097407 ], [ 9.1839802, 48.809962 ], [ 9.1819273, 48.8112754 ], [ 9.1815222, 48.8115503 ], [ 9.181216, 48.811791 ], [ 9.1810868, 48.8119107 ], [ 9.1806194, 48.8123918 ], [ 9.1803857, 48.8126837 ] ] } },
{ "type": "Feature", "properties": { "segment_id": "S975", "corridor_id": "Gebhard-Müller-Platz", "highway": "primary", "length": 18.871043848213993, "metapath_priority": "None", "is_metapath_hard": false, "metapath_pairs": "" }, "geometry": { "type": "LineString", "coordinates": [ [ 9.1865344, 48.7815238 ], [ 9.1863455, 48.7815662 ], [ 9.1862908, 48.7815789 ] ] } },
{ "type": "Feature", "properties": { "segment_id": "S976", "corridor_id": "Gebhard-Müller-Platz", "highway": "primary", "length": 22.961111525813411, "metapath_priority": "None", "is_metapath_hard": false, "metapath_pairs": "" }, "geometry": { "type": "LineString", "coordinates": [ [ 9.1862943, 48.7814159 ], [ 9.1865823, 48.7813345 ] ] } },
{ "type": "Feature", "properties": { "segment_id": "S977", "corridor_id": "Gebhard-Müller-Platz", "highway": "primary_link", "length": 25.178464535317616, "metapath_priority": "None", "is_metapath_hard": false, "metapath_pairs": "" }, "geometry": { "type": "LineString", "coordinates": [ [ 9.1862943, 48.7814159 ], [ 9.1862968, 48.7813349 ], [ 9.1862856, 48.781244 ], [ 9.1862732, 48.7811904 ] ] } },
{ "type": "Feature", "properties": { "segment_id": "S978", "corridor_id": "Gebhard-Müller-Platz", "highway": "primary_link", "length": 5.8275252665501673, "metapath_priority": "None", "is_metapath_hard": false, "metapath_pairs": "" }, "geometry": { "type": "LineString", "coordinates": [ [ 9.1862929, 48.7814683 ], [ 9.1862943, 48.7814159 ] ] } },
{ "type": "Feature", "properties": { "segment_id": "S979", "corridor_id": "Gebhard-Müller-Platz", "highway": "primary_link", "length": 26.017751263823012, "metapath_priority": "None", "is_metapath_hard": false, "metapath_pairs": "" }, "geometry": { "type": "LineString", "coordinates": [ [ 9.1862929, 48.7814683 ], [ 9.1864385, 48.7814544 ], [ 9.1864918, 48.7814519 ], [ 9.1865382, 48.7814528 ], [ 9.1866456, 48.781461 ] ] } },
{ "type": "Feature", "properties": { "segment_id": "S980", "corridor_id": "segment_980", "highway": "primary_link", "length": 2.8442008566518138, "metapath_priority": "None", "is_metapath_hard": false, "metapath_pairs": "" }, "geometry": { "type": "LineString", "coordinates": [ [ 9.1789153, 48.7841033 ], [ 9.1788776, 48.7841094 ] ] } },
{ "type": "Feature", "properties": { "segment_id": "S981", "corridor_id": "segment_981", "highway": "primary_link", "length": 7.5701487672425118, "metapath_priority": "None", "is_metapath_hard": false, "metapath_pairs": "" }, "geometry": { "type": "LineString", "coordinates": [ [ 9.1789153, 48.7841033 ], [ 9.1789044, 48.7840356 ] ] } },
{ "type": "Feature", "properties": { "segment_id": "S982", "corridor_id": "B 10", "highway": "primary_link", "length": 87.750466004927475, "metapath_priority": "None", "is_metapath_hard": false, "metapath_pairs": "" }, "geometry": { "type": "LineString", "coordinates": [ [ 9.208838, 48.8000738 ], [ 9.2088507, 48.8000176 ], [ 9.2088553, 48.7999747 ], [ 9.2088561, 48.799933 ], [ 9.2088533, 48.7998959 ], [ 9.2088521, 48.799867 ], [ 9.2088533, 48.7998422 ], [ 9.2088594, 48.7998118 ], [ 9.2088677, 48.799788 ], [ 9.2089042, 48.799703 ], [ 9.2089192, 48.7996582 ], [ 9.2089302, 48.7996139 ], [ 9.208932, 48.799578 ], [ 9.2089292, 48.7995473 ], [ 9.2089197, 48.799523 ], [ 9.2089076, 48.7995019 ], [ 9.2088646, 48.7994595 ], [ 9.2088004, 48.7994119 ], [ 9.2086941, 48.7993498 ] ] } },
{ "type": "Feature", "properties": { "segment_id": "S983", "corridor_id": "B 10", "highway": "primary", "length": 84.157222536191668, "metapath_priority": "None", "is_metapath_hard": false, "metapath_pairs": "" }, "geometry": { "type": "LineString", "coordinates": [ [ 9.208838, 48.8000738 ], [ 9.2088542, 48.8000407 ], [ 9.2088702, 48.800013 ], [ 9.2089044, 48.7999585 ], [ 9.2089223, 48.799928 ], [ 9.2089496, 48.7998777 ], [ 9.2090996, 48.7995645 ], [ 9.2091995, 48.7993557 ] ] } },
{ "type": "Feature", "properties": { "segment_id": "S984", "corridor_id": "B 10;B 14", "highway": "primary", "length": 550.54298926501724, "metapath_priority": "None", "is_metapath_hard": false, "metapath_pairs": "" }, "geometry": { "type": "LineString", "coordinates": [ [ 9.2105212, 48.7975561 ], [ 9.2106357, 48.7974903 ], [ 9.210745, 48.7974339 ], [ 9.2108874, 48.7973754 ], [ 9.2109472, 48.7973559 ], [ 9.2110006, 48.7973395 ], [ 9.2110592, 48.7973234 ], [ 9.2111496, 48.7973032 ], [ 9.2112838, 48.7972786 ], [ 9.2114014, 48.7972655 ], [ 9.2115228, 48.7972563 ], [ 9.2118976, 48.7972552 ], [ 9.2120593, 48.797256 ], [ 9.2123726, 48.7972574 ], [ 9.2124979, 48.7972525 ], [ 9.2126058, 48.7972436 ], [ 9.2126974, 48.7972302 ], [ 9.2127816, 48.797212 ], [ 9.2128775, 48.7971858 ], [ 9.2129965, 48.7971451 ], [ 9.2130914, 48.7971032 ], [ 9.2131875, 48.7970543 ], [ 9.2132755, 48.7969998 ], [ 9.2133336, 48.7969561 ], [ 9.2134122, 48.7968856 ], [ 9.2135041, 48.7967905 ], [ 9.2138861, 48.7963517 ], [ 9.2146026, 48.7956014 ], [ 9.2149589, 48.7952149 ], [ 9.2153165, 48.794831 ], [ 9.2155706, 48.7945674 ], [ 9.2156679, 48.7944665 ] ] } },
{ "type": "Feature", "properties": { "segment_id": "S985", "corridor_id": "L 1100", "highway": "trunk_link", "length": 12.029047015918749, "metapath_priority": "None", "is_metapath_hard": false, "metapath_pairs": "" }, "geometry": { "type": "LineString", "coordinates": [ [ 9.2401173, 48.7912082 ], [ 9.2400525, 48.7913076 ] ] } },
{ "type": "Feature", "properties": { "segment_id": "S986", "corridor_id": "L 1100", "highway": "trunk_link", "length": 39.536266639125031, "metapath_priority": "None", "is_metapath_hard": false, "metapath_pairs": "" }, "geometry": { "type": "LineString", "coordinates": [ [ 9.2401173, 48.7912082 ], [ 9.2400844, 48.7912173 ], [ 9.2400568, 48.7912216 ], [ 9.2400252, 48.7912212 ], [ 9.2399982, 48.7912145 ], [ 9.2399737, 48.7911994 ], [ 9.239704, 48.7910215 ] ] } },
{ "type": "Feature", "properties": { "segment_id": "S987", "corridor_id": "A 81", "highway": "motorway", "length": 591.51064035331092, "metapath_priority": "None", "is_metapath_hard": false, "metapath_pairs": "" }, "geometry": { "type": "LineString", "coordinates": [ [ 9.0603791, 48.8129645 ], [ 9.0596663, 48.8127083 ], [ 9.0586064, 48.8123342 ], [ 9.0546903, 48.8109133 ], [ 9.0533011, 48.8104011 ] ] } },
{ "type": "Feature", "properties": { "segment_id": "S988", "corridor_id": "B 14", "highway": "primary", "length": 38.190463439297552, "metapath_priority": "None", "is_metapath_hard": false, "metapath_pairs": "" }, "geometry": { "type": "LineString", "coordinates": [ [ 9.2091995, 48.7993557 ], [ 9.2091257, 48.7993725 ], [ 9.2090517, 48.7993821 ], [ 9.2089829, 48.7993883 ], [ 9.2089167, 48.7993883 ], [ 9.2088304, 48.7993823 ], [ 9.2087622, 48.7993704 ], [ 9.2086941, 48.7993498 ] ] } },
{ "type": "Feature", "properties": { "segment_id": "S989", "corridor_id": "B 10", "highway": "primary", "length": 224.23267779071202, "metapath_priority": "None", "is_metapath_hard": false, "metapath_pairs": "" }, "geometry": { "type": "LineString", "coordinates": [ [ 9.2091995, 48.7993557 ], [ 9.2092559, 48.7992379 ], [ 9.2095116, 48.7987044 ], [ 9.2096287, 48.7985054 ], [ 9.2097467, 48.798345 ], [ 9.209853, 48.7982147 ], [ 9.2100383, 48.798009 ], [ 9.210202, 48.7978369 ], [ 9.2103171, 48.7977193 ], [ 9.210379, 48.7976627 ], [ 9.2104443, 48.797609 ], [ 9.2105212, 48.7975561 ] ] } },
{ "type": "Feature", "properties": { "segment_id": "S990", "corridor_id": "B 10;B 14", "highway": "primary", "length": 387.70098524965164, "metapath_priority": "None", "is_metapath_hard": false, "metapath_pairs": "" }, "geometry": { "type": "LineString", "coordinates": [ [ 9.2159505, 48.7944368 ], [ 9.2158892, 48.7945001 ], [ 9.2154956, 48.7949085 ], [ 9.2151202, 48.7952847 ], [ 9.2150575, 48.7953454 ], [ 9.2149732, 48.7954265 ], [ 9.2147331, 48.7956579 ], [ 9.2145484, 48.79585 ], [ 9.2141547, 48.7962594 ], [ 9.2140366, 48.7963859 ], [ 9.2138902, 48.7965554 ], [ 9.2136413, 48.7968542 ], [ 9.21356, 48.7969436 ], [ 9.2134648, 48.7970347 ], [ 9.2133642, 48.7971111 ], [ 9.2132769, 48.797167 ], [ 9.213214, 48.7972001 ], [ 9.2131489, 48.7972306 ], [ 9.2130938, 48.7972534 ], [ 9.2129825, 48.7972956 ] ] } },
{ "type": "Feature", "properties": { "segment_id": "S991", "corridor_id": "segment_991", "highway": "primary_link", "length": 30.022029476356625, "metapath_priority": "None", "is_metapath_hard": false, "metapath_pairs": "" }, "geometry": { "type": "LineString", "coordinates": [ [ 9.1647362, 48.8147813 ], [ 9.1646164, 48.8147701 ], [ 9.1645376, 48.8147611 ], [ 9.1643329, 48.8147332 ] ] } },
{ "type": "Feature", "properties": { "segment_id": "S992", "corridor_id": "B 295", "highway": "primary", "length": 84.023960483547839, "metapath_priority": "None", "is_metapath_hard": false, "metapath_pairs": "" }, "geometry": { "type": "LineString", "coordinates": [ [ 9.1647362, 48.8147813 ], [ 9.1646953, 48.8147895 ], [ 9.1645247, 48.8148258 ], [ 9.1644564, 48.8148369 ], [ 9.1643685, 48.8148525 ], [ 9.1642145, 48.8148825 ], [ 9.163884, 48.8149469 ], [ 9.1636267, 48.8149655 ] ] } },
{ "type": "Feature", "properties": { "segment_id": "S993", "corridor_id": "segment_993", "highway": "motorway_link", "length": 22.81495702166476, "metapath_priority": "None", "is_metapath_hard": false, "metapath_pairs": "" }, "geometry": { "type": "LineString", "coordinates": [ [ 9.1400686, 48.7108196 ], [ 9.1399408, 48.7108638 ], [ 9.1397942, 48.7109161 ] ] } },
{ "type": "Feature", "properties": { "segment_id": "S994", "corridor_id": "segment_994", "highway": "motorway_link", "length": 29.763130647128087, "metapath_priority": "None", "is_metapath_hard": false, "metapath_pairs": "" }, "geometry": { "type": "LineString", "coordinates": [ [ 9.1400686, 48.7108196 ], [ 9.1400213, 48.7108932 ], [ 9.1400021, 48.7109402 ], [ 9.1399783, 48.7110195 ], [ 9.1399773, 48.7110777 ] ] } },
{ "type": "Feature", "properties": { "segment_id": "S995", "corridor_id": "segment_995", "highway": "trunk_link", "length": 8.7462200037816142, "metapath_priority": "None", "is_metapath_hard": false, "metapath_pairs": "" }, "geometry": { "type": "LineString", "coordinates": [ [ 9.3214299, 48.7257048 ], [ 9.3214743, 48.7257778 ] ] } },
{ "type": "Feature", "properties": { "segment_id": "S996", "corridor_id": "Arnulf-Klett-Platz", "highway": "primary", "length": 13.318543428070067, "metapath_priority": "None", "is_metapath_hard": false, "metapath_pairs": "" }, "geometry": { "type": "LineString", "coordinates": [ [ 9.1789703, 48.7842464 ], [ 9.1788156, 48.7843093 ] ] } },
{ "type": "Feature", "properties": { "segment_id": "S997", "corridor_id": "segment_997", "highway": "primary_link", "length": 5.6631441591568148, "metapath_priority": "None", "is_metapath_hard": false, "metapath_pairs": "" }, "geometry": { "type": "LineString", "coordinates": [ [ 9.1789703, 48.7842464 ], [ 9.1789301, 48.7842029 ] ] } },
{ "type": "Feature", "properties": { "segment_id": "S998", "corridor_id": "B 27", "highway": "trunk", "length": 1001.6724730853217, "metapath_priority": "None", "is_metapath_hard": false, "metapath_pairs": "" }, "geometry": { "type": "LineString", "coordinates": [ [ 9.1644037, 48.7358797 ], [ 9.1644531, 48.7358286 ], [ 9.1647287, 48.7354908 ], [ 9.1649929, 48.7351444 ], [ 9.1652509, 48.7347727 ], [ 9.165483, 48.7344108 ], [ 9.1657218, 48.7339994 ], [ 9.1659672, 48.7335155 ], [ 9.1662017, 48.7329351 ], [ 9.1664175, 48.7322569 ], [ 9.1664922, 48.7319079 ], [ 9.1665698, 48.731507 ], [ 9.1666224, 48.731141 ], [ 9.1666491, 48.7308358 ], [ 9.1666549, 48.7306439 ], [ 9.1666522, 48.7302949 ], [ 9.1666358, 48.7298557 ], [ 9.166622, 48.7297027 ], [ 9.1665877, 48.7294245 ], [ 9.1665449, 48.7291462 ], [ 9.1665116, 48.7289615 ], [ 9.1664301, 48.7286295 ], [ 9.1663501, 48.7283173 ], [ 9.1662724, 48.7280737 ], [ 9.16622, 48.7279148 ], [ 9.1660443, 48.7274441 ], [ 9.1659412, 48.7271802 ] ] } },
{ "type": "Feature", "properties": { "segment_id": "S999", "corridor_id": "B 10", "highway": "trunk", "length": 1212.5151147436416, "metapath_priority": "None", "is_metapath_hard": false, "metapath_pairs": "" }, "geometry": { "type": "LineString", "coordinates": [ [ 9.2783507, 48.7404041 ], [ 9.2787649, 48.7404343 ], [ 9.2792177, 48.7404703 ], [ 9.2796805, 48.7405048 ], [ 9.2801583, 48.7405358 ], [ 9.2805523, 48.7405575 ], [ 9.2809342, 48.7405697 ], [ 9.2811336, 48.740573 ], [ 9.2815052, 48.7405777 ], [ 9.2818001, 48.7405773 ], [ 9.2821624, 48.7405721 ], [ 9.2824706, 48.7405629 ], [ 9.282817, 48.7405477 ], [ 9.2831018, 48.740533 ], [ 9.2834173, 48.740512 ], [ 9.2838381, 48.7404771 ], [ 9.2842062, 48.7404429 ], [ 9.2845822, 48.7404002 ], [ 9.2849794, 48.7403539 ], [ 9.2853001, 48.7403119 ], [ 9.2856656, 48.740264 ], [ 9.2861588, 48.7401935 ], [ 9.2866338, 48.7401185 ], [ 9.28716, 48.7400318 ], [ 9.2877251, 48.73993 ], [ 9.2882779, 48.7398268 ], [ 9.2888911, 48.7397012 ], [ 9.2904816, 48.7393602 ], [ 9.2920548, 48.7390225 ], [ 9.2927458, 48.7388829 ], [ 9.2934373, 48.7387455 ], [ 9.2944581, 48.7385532 ] ] } },
{ "type": "Feature", "properties": { "segment_id": "S1000", "corridor_id": "segment_1000", "highway": "trunk_link", "length": 41.682433835850603, "metapath_priority": "None", "is_metapath_hard": false, "metapath_pairs": "" }, "geometry": { "type": "LineString", "coordinates": [ [ 9.2769686, 48.7399316 ], [ 9.2769779, 48.740019 ], [ 9.2769839, 48.7400388 ], [ 9.2769915, 48.7400575 ], [ 9.2770025, 48.7400775 ], [ 9.2770177, 48.740098 ], [ 9.2770405, 48.7401208 ], [ 9.2770731, 48.7401476 ], [ 9.2771158, 48.7401758 ], [ 9.2772331, 48.7402424 ] ] } },
{ "type": "Feature", "properties": { "segment_id": "S1001", "corridor_id": "segment_1001", "highway": "trunk_link", "length": 39.119964427141895, "metapath_priority": "None", "is_metapath_hard": false, "metapath_pairs": "" }, "geometry": { "type": "LineString", "coordinates": [ [ 9.2767209, 48.740152 ], [ 9.2768325, 48.7401588 ], [ 9.2768606, 48.740163 ], [ 9.277044, 48.7402103 ], [ 9.2770939, 48.7402219 ], [ 9.2771307, 48.7402291 ], [ 9.2772331, 48.7402424 ] ] } },
{ "type": "Feature", "properties": { "segment_id": "S1002", "corridor_id": "L 1014", "highway": "primary_link", "length": 250.68029218941757, "metapath_priority": "None", "is_metapath_hard": false, "metapath_pairs": "" }, "geometry": { "type": "LineString", "coordinates": [ [ 9.188145, 48.783692 ], [ 9.1879712, 48.7834499 ], [ 9.187503, 48.7830081 ], [ 9.1872084, 48.7827575 ], [ 9.1871349, 48.7826907 ], [ 9.1870278, 48.7826225 ], [ 9.1869419, 48.7825812 ], [ 9.1868187, 48.7825307 ], [ 9.1866736, 48.7824615 ], [ 9.1865624, 48.782375 ], [ 9.1864539, 48.7822496 ], [ 9.1863599, 48.782073 ], [ 9.1863166, 48.7819752 ], [ 9.1862881, 48.781857 ] ] } },
{ "type": "Feature", "properties": { "segment_id": "S1003", "corridor_id": "Willy-Brandt-Straße", "highway": "primary_link", "length": 27.511463522159154, "metapath_priority": "None", "is_metapath_hard": false, "metapath_pairs": "" }, "geometry": { "type": "LineString", "coordinates": [ [ 9.1883835, 48.7838831 ], [ 9.188145, 48.783692 ] ] } },
{ "type": "Feature", "properties": { "segment_id": "S1004", "corridor_id": "B 14", "highway": "primary", "length": 657.59212028405398, "metapath_priority": "None", "is_metapath_hard": false, "metapath_pairs": "" }, "geometry": { "type": "LineString", "coordinates": [ [ 9.1883835, 48.7838831 ], [ 9.1883052, 48.783764 ], [ 9.1881736, 48.7835851 ], [ 9.1880854, 48.7834511 ], [ 9.1878788, 48.7831534 ], [ 9.1876226, 48.7828379 ], [ 9.1870819, 48.7822166 ], [ 9.1868153, 48.7819003 ], [ 9.1862832, 48.7810386 ], [ 9.1849581, 48.7788825 ], [ 9.1848329, 48.7786948 ], [ 9.1846967, 48.7785 ] ] } },
{ "type": "Feature", "properties": { "segment_id": "S1005", "corridor_id": "B 10;B 14", "highway": "primary", "length": 41.529953886602151, "metapath_priority": "None", "is_metapath_hard": false, "metapath_pairs": "" }, "geometry": { "type": "LineString", "coordinates": [ [ 9.2156679, 48.7944665 ], [ 9.2157101, 48.7944227 ], [ 9.215835, 48.7942944 ], [ 9.2159737, 48.794152 ] ] } },
{ "type": "Feature", "properties": { "segment_id": "S1006", "corridor_id": "Poststraße", "highway": "primary_link", "length": 48.040492923751479, "metapath_priority": "None", "is_metapath_hard": false, "metapath_pairs": "" }, "geometry": { "type": "LineString", "coordinates": [ [ 9.2156679, 48.7944665 ], [ 9.2156804, 48.7944382 ], [ 9.2156844, 48.7944205 ], [ 9.2156878, 48.7943797 ], [ 9.2156923, 48.7943617 ], [ 9.2157004, 48.7943369 ], [ 9.2157184, 48.7942988 ], [ 9.2157248, 48.7942754 ], [ 9.2157276, 48.794251 ], [ 9.2157262, 48.7942143 ], [ 9.2157136, 48.7941724 ], [ 9.215693, 48.7941354 ], [ 9.2156571, 48.794094 ], [ 9.215609, 48.7940613 ] ] } },
{ "type": "Feature", "properties": { "segment_id": "S1007", "corridor_id": "segment_1007", "highway": "primary_link", "length": 25.796677557351046, "metapath_priority": "None", "is_metapath_hard": false, "metapath_pairs": "" }, "geometry": { "type": "LineString", "coordinates": [ [ 9.1526323, 48.9228312 ], [ 9.1525276, 48.9229115 ], [ 9.1524616, 48.9229716 ], [ 9.1524071, 48.9230095 ] ] } },
{ "type": "Feature", "properties": { "segment_id": "S1008", "corridor_id": "segment_1008", "highway": "primary_link", "length": 79.979590501680946, "metapath_priority": "None", "is_metapath_hard": false, "metapath_pairs": "" }, "geometry": { "type": "LineString", "coordinates": [ [ 9.1526323, 48.9228312 ], [ 9.1528411, 48.9226778 ], [ 9.152898, 48.9226371 ], [ 9.15304, 48.9225404 ], [ 9.1532076, 48.922456 ], [ 9.1533239, 48.9224244 ], [ 9.1534713, 48.9223912 ] ] } },
{ "type": "Feature", "properties": { "segment_id": "S1009", "corridor_id": "Cannstatter Straße", "highway": "primary_link", "length": 185.57835107143023, "metapath_priority": "None", "is_metapath_hard": false, "metapath_pairs": "" }, "geometry": { "type": "LineString", "coordinates": [ [ 9.2087137, 48.8005909 ], [ 9.2087296, 48.800556 ], [ 9.2087392, 48.8005384 ], [ 9.2087569, 48.800515 ], [ 9.2087805, 48.800492 ], [ 9.2088445, 48.8004408 ], [ 9.2088712, 48.8004167 ], [ 9.2088962, 48.8003882 ], [ 9.2089154, 48.8003643 ], [ 9.2089282, 48.8003417 ], [ 9.2091559, 48.7998072 ], [ 9.2091737, 48.7997681 ], [ 9.2092222, 48.7996666 ], [ 9.209426, 48.7992395 ], [ 9.2094337, 48.7992255 ], [ 9.2094439, 48.7992104 ], [ 9.2094541, 48.799198 ], [ 9.2094699, 48.7991802 ], [ 9.2094872, 48.7991631 ], [ 9.2095071, 48.7991458 ], [ 9.2095335, 48.7991258 ], [ 9.2095615, 48.7991077 ], [ 9.2095916, 48.7990899 ], [ 9.2096212, 48.7990762 ], [ 9.2096457, 48.7990674 ] ] } },
{ "type": "Feature", "properties": { "segment_id": "S1010", "corridor_id": "B 10", "highway": "primary", "length": 58.296524601646354, "metapath_priority": "None", "is_metapath_hard": false, "metapath_pairs": "" }, "geometry": { "type": "LineString", "coordinates": [ [ 9.2087137, 48.8005909 ], [ 9.2087221, 48.8005655 ], [ 9.2087297, 48.8005374 ], [ 9.2087348, 48.8005102 ], [ 9.2087403, 48.8004634 ], [ 9.2087479, 48.8004064 ], [ 9.2087595, 48.8003421 ], [ 9.2087756, 48.8002729 ], [ 9.2087906, 48.8002123 ], [ 9.208811, 48.8001458 ], [ 9.208838, 48.8000738 ] ] } },
{ "type": "Feature", "properties": { "segment_id": "S1011", "corridor_id": "B 10", "highway": "primary_link", "length": 97.514844170066823, "metapath_priority": "None", "is_metapath_hard": false, "metapath_pairs": "" }, "geometry": { "type": "LineString", "coordinates": [ [ 9.2088566, 48.7983738 ], [ 9.2090164, 48.7985188 ], [ 9.2090581, 48.7985517 ], [ 9.2090957, 48.79858 ], [ 9.2094328, 48.7988074 ], [ 9.2094867, 48.7988471 ], [ 9.2095244, 48.798879 ], [ 9.2095563, 48.7989104 ], [ 9.2095789, 48.7989403 ], [ 9.2095906, 48.7989578 ], [ 9.2096075, 48.7989869 ], [ 9.2096218, 48.7990156 ], [ 9.2096457, 48.7990674 ] ] } },
{ "type": "Feature", "properties": { "segment_id": "S1012", "corridor_id": "B 14", "highway": "trunk", "length": 146.81796502274881, "metapath_priority": "None", "is_metapath_hard": false, "metapath_pairs": "" }, "geometry": { "type": "LineString", "coordinates": [ [ 9.1129061, 48.7460636 ], [ 9.1128583, 48.7459036 ], [ 9.1127397, 48.745647 ], [ 9.1125467, 48.7453569 ], [ 9.1122557, 48.7450425 ], [ 9.1120537, 48.7448881 ] ] } },
{ "type": "Feature", "properties": { "segment_id": "S1013", "corridor_id": "B 14", "highway": "trunk_link", "length": 839.48878213874855, "metapath_priority": "None", "is_metapath_hard": false, "metapath_pairs": "" }, "geometry": { "type": "LineString", "coordinates": [ [ 9.1129061, 48.7460636 ], [ 9.1129231, 48.7459666 ], [ 9.1128132, 48.7456652 ], [ 9.1125987, 48.7453473 ], [ 9.1123886, 48.745113 ], [ 9.1121, 48.7448625 ], [ 9.1113562, 48.7442722 ], [ 9.1108863, 48.7438568 ], [ 9.1105202, 48.7434501 ], [ 9.1103411, 48.7431794 ], [ 9.1102141, 48.742947 ], [ 9.1100962, 48.7426764 ], [ 9.110029, 48.7424508 ], [ 9.1099632, 48.7421766 ], [ 9.1099325, 48.7419768 ], [ 9.1099272, 48.7417491 ], [ 9.1099308, 48.741629 ], [ 9.1099369, 48.7415072 ], [ 9.1099605, 48.741275 ], [ 9.1099907, 48.7411005 ], [ 9.1100493, 48.7409177 ], [ 9.1100992, 48.7407834 ], [ 9.1101515, 48.740662 ], [ 9.1102339, 48.7405284 ], [ 9.110303, 48.7404375 ], [ 9.1103771, 48.7403559 ], [ 9.110448, 48.7402941 ], [ 9.1105898, 48.7401777 ], [ 9.1107597, 48.7400762 ], [ 9.1109563, 48.7399832 ], [ 9.1110768, 48.7399354 ], [ 9.1112113, 48.7398925 ], [ 9.1113125, 48.7398631 ], [ 9.1114201, 48.7398344 ], [ 9.1116799, 48.7397839 ], [ 9.1119473, 48.7397157 ] ] } },
{ "type": "Feature", "properties": { "segment_id": "S1014", "corridor_id": "A 81", "highway": "motorway_link", "length": 62.870970249059255, "metapath_priority": "None", "is_metapath_hard": false, "metapath_pairs": "" }, "geometry": { "type": "LineString", "coordinates": [ [ 9.1476999, 48.8847912 ], [ 9.1477642, 48.8849501 ], [ 9.1478141, 48.8850756 ], [ 9.1478326, 48.8851238 ], [ 9.1478475, 48.8851611 ], [ 9.1478596, 48.8851953 ], [ 9.147932, 48.8853353 ] ] } },
{ "type": "Feature", "properties": { "segment_id": "S1015", "corridor_id": "A 81", "highway": "motorway_link", "length": 51.790174750349493, "metapath_priority": "None", "is_metapath_hard": false, "metapath_pairs": "" }, "geometry": { "type": "LineString", "coordinates": [ [ 9.1476999, 48.8847912 ], [ 9.1478257, 48.8849293 ], [ 9.1479762, 48.8850737 ], [ 9.1480294, 48.8851041 ], [ 9.148076, 48.8851296 ], [ 9.1481269, 48.8851574 ] ] } },
{ "type": "Feature", "properties": { "segment_id": "S1016", "corridor_id": "L 1180", "highway": "trunk_link", "length": 45.081285594019874, "metapath_priority": "None", "is_metapath_hard": false, "metapath_pairs": "" }, "geometry": { "type": "LineString", "coordinates": [ [ 9.113911, 48.7672409 ], [ 9.1137989, 48.7673507 ], [ 9.1136929, 48.7674276 ], [ 9.1135977, 48.7674886 ], [ 9.1134918, 48.767531 ] ] } },
{ "type": "Feature", "properties": { "segment_id": "S1017", "corridor_id": "L 1180", "highway": "trunk_link", "length": 118.7662714935163, "metapath_priority": "None", "is_metapath_hard": false, "metapath_pairs": "" }, "geometry": { "type": "LineString", "coordinates": [ [ 9.1134918, 48.767531 ], [ 9.113442, 48.7675718 ], [ 9.1132437, 48.7677335 ], [ 9.1130321, 48.7678842 ], [ 9.112905, 48.7679659 ], [ 9.1127556, 48.768051 ], [ 9.1125449, 48.7681413 ], [ 9.1124155, 48.7681781 ], [ 9.1123525, 48.7681922 ], [ 9.1122741, 48.7682036 ] ] } },
{ "type": "Feature", "properties": { "segment_id": "S1018", "corridor_id": "L 1180", "highway": "trunk_link", "length": 43.97759305994726, "metapath_priority": "None", "is_metapath_hard": false, "metapath_pairs": "" }, "geometry": { "type": "LineString", "coordinates": [ [ 9.1134918, 48.767531 ], [ 9.1135712, 48.767415 ], [ 9.1136372, 48.7673397 ], [ 9.1136871, 48.7672186 ], [ 9.1137341, 48.7671722 ] ] } },
{ "type": "Feature", "properties": { "segment_id": "S1019", "corridor_id": "L 1187", "highway": "trunk", "length": 11.641363861688321, "metapath_priority": "None", "is_metapath_hard": false, "metapath_pairs": "" }, "geometry": { "type": "LineString", "coordinates": [ [ 9.1249151, 48.7642291 ], [ 9.1249334, 48.7642966 ], [ 9.1249481, 48.7643314 ] ] } },
{ "type": "Feature", "properties": { "segment_id": "S1020", "corridor_id": "L 1180", "highway": "trunk_link", "length": 24.256033343795252, "metapath_priority": "None", "is_metapath_hard": false, "metapath_pairs": "" }, "geometry": { "type": "LineString", "coordinates": [ [ 9.1236433, 48.7643885 ], [ 9.1239727, 48.7644095 ] ] } },
{ "type": "Feature", "properties": { "segment_id": "S1021", "corridor_id": "L 1187", "highway": "trunk", "length": 95.063763070094097, "metapath_priority": "None", "is_metapath_hard": false, "metapath_pairs": "" }, "geometry": { "type": "LineString", "coordinates": [ [ 9.1236433, 48.7643885 ], [ 9.124055, 48.7643125 ], [ 9.1243829, 48.7642771 ], [ 9.1246068, 48.764255 ], [ 9.1249151, 48.7642291 ] ] } },
{ "type": "Feature", "properties": { "segment_id": "S1022", "corridor_id": "B 14", "highway": "trunk_link", "length": 20.586658347634277, "metapath_priority": "None", "is_metapath_hard": false, "metapath_pairs": "" }, "geometry": { "type": "LineString", "coordinates": [ [ 9.1135217, 48.7465906 ], [ 9.1134764, 48.7466298 ], [ 9.1134218, 48.7466881 ], [ 9.1133838, 48.7467506 ] ] } },
{ "type": "Feature", "properties": { "segment_id": "S1023", "corridor_id": "segment_1023", "highway": "primary_link", "length": 10.235759618574388, "metapath_priority": "None", "is_metapath_hard": false, "metapath_pairs": "" }, "geometry": { "type": "LineString", "coordinates": [ [ 9.1846801, 48.7785914 ], [ 9.1846967, 48.7785 ] ] } },
{ "type": "Feature", "properties": { "segment_id": "S1024", "corridor_id": "B 14", "highway": "primary_link", "length": 246.41811443841578, "metapath_priority": "None", "is_metapath_hard": false, "metapath_pairs": "" }, "geometry": { "type": "LineString", "coordinates": [ [ 9.1846801, 48.7785914 ], [ 9.1846671, 48.7785726 ], [ 9.1844408, 48.7782752 ], [ 9.184384, 48.7782242 ], [ 9.184, 48.7777118 ], [ 9.1836965, 48.7773217 ], [ 9.1835292, 48.7770801 ], [ 9.1833653, 48.7768439 ], [ 9.1833202, 48.7767818 ], [ 9.1831966, 48.7766041 ] ] } },
{ "type": "Feature", "properties": { "segment_id": "S1025", "corridor_id": "B 14", "highway": "primary", "length": 462.18869022456136, "metapath_priority": "None", "is_metapath_hard": false, "metapath_pairs": "" }, "geometry": { "type": "LineString", "coordinates": [ [ 9.1846967, 48.7785 ], [ 9.1845249, 48.7782542 ], [ 9.1844847, 48.7781957 ], [ 9.1836496, 48.7769318 ], [ 9.1832254, 48.7763599 ], [ 9.183107, 48.776181 ], [ 9.1825495, 48.7755194 ], [ 9.1823497, 48.7753413 ], [ 9.1817048, 48.7748719 ] ] } },
{ "type": "Feature", "properties": { "segment_id": "S1026", "corridor_id": "A 81", "highway": "motorway", "length": 3706.2241903604067, "metapath_priority": "None", "is_metapath_hard": false, "metapath_pairs": "" }, "geometry": { "type": "LineString", "coordinates": [ [ 9.0793786, 48.8235268 ], [ 9.0801374, 48.8243907 ], [ 9.0815525, 48.8259793 ], [ 9.0818923, 48.8263568 ], [ 9.0828033, 48.8273781 ], [ 9.08349, 48.8281542 ], [ 9.0844136, 48.8291608 ], [ 9.0847552, 48.8295179 ], [ 9.0850612, 48.8298046 ], [ 9.0853931, 48.8301231 ], [ 9.0856887, 48.8304102 ], [ 9.0860266, 48.8307055 ], [ 9.0863237, 48.830953 ], [ 9.0866354, 48.8312102 ], [ 9.0869589, 48.831464 ], [ 9.0872842, 48.8317085 ], [ 9.0876104, 48.8319461 ], [ 9.0880564, 48.8322523 ], [ 9.0884132, 48.8324699 ], [ 9.0887779, 48.8327061 ], [ 9.0890246, 48.8328888 ], [ 9.0893772, 48.8330946 ], [ 9.0900263, 48.8334702 ], [ 9.0904049, 48.8336832 ], [ 9.0907754, 48.8338743 ], [ 9.0912009, 48.8340935 ], [ 9.0916515, 48.8343131 ], [ 9.0920488, 48.8344963 ], [ 9.0924492, 48.8346771 ], [ 9.0938793, 48.8352947 ], [ 9.0940109, 48.8353522 ], [ 9.0963321, 48.836348 ], [ 9.0974965, 48.8368472 ], [ 9.0978492, 48.8370007 ], [ 9.0997481, 48.8378136 ], [ 9.0997967, 48.8378345 ], [ 9.1004102, 48.838098 ], [ 9.1014477, 48.8385191 ], [ 9.1017662, 48.8386572 ], [ 9.104635, 48.8399101 ], [ 9.1054766, 48.8402718 ], [ 9.106082, 48.840532 ], [ 9.1075362, 48.8411558 ], [ 9.1099266, 48.8421822 ], [ 9.1108608, 48.8425912 ], [ 9.1113704, 48.8428261 ], [ 9.1119599, 48.8431233 ], [ 9.1125585, 48.843434 ], [ 9.1127993, 48.843567 ], [ 9.1130687, 48.8437133 ], [ 9.1135655, 48.8439945 ], [ 9.1140562, 48.8442937 ], [ 9.1145538, 48.8446047 ], [ 9.1150192, 48.8449186 ], [ 9.1154904, 48.8452352 ], [ 9.1160745, 48.8456646 ] ] } },
{ "type": "Feature", "properties": { "segment_id": "S1027", "corridor_id": "segment_1027", "highway": "trunk_link", "length": 125.11943081440219, "metapath_priority": "None", "is_metapath_hard": false, "metapath_pairs": "" }, "geometry": { "type": "LineString", "coordinates": [ [ 9.1633378, 48.7367583 ], [ 9.1644037, 48.7358797 ] ] } },
{ "type": "Feature", "properties": { "segment_id": "S1028", "corridor_id": "B 27", "highway": "primary", "length": 20.653234626297483, "metapath_priority": "None", "is_metapath_hard": false, "metapath_pairs": "" }, "geometry": { "type": "LineString", "coordinates": [ [ 9.1397221, 48.9484202 ], [ 9.1397925, 48.9484799 ], [ 9.139661, 48.9485484 ] ] } },
{ "type": "Feature", "properties": { "segment_id": "S1029", "corridor_id": "B 27", "highway": "primary", "length": 13.58178042571849, "metapath_priority": "None", "is_metapath_hard": false, "metapath_pairs": "" }, "geometry": { "type": "LineString", "coordinates": [ [ 9.1395675, 48.9484881 ], [ 9.1397221, 48.9484202 ] ] } },
{ "type": "Feature", "properties": { "segment_id": "S1030", "corridor_id": "B 27", "highway": "primary", "length": 22.36777838930935, "metapath_priority": "None", "is_metapath_hard": false, "metapath_pairs": "" }, "geometry": { "type": "LineString", "coordinates": [ [ 9.1395675, 48.9484881 ], [ 9.139456, 48.9484172 ], [ 9.1393483, 48.9483476 ] ] } }
]
}
