segment_id,corridor_id,highway,length,metapath_priority,is_metapath_hard,metapath_pairs
S0,segment_0,motorway_link,579.6993200439522,None,False,
S1,E1A;302,motorway,1011.4330851363109,None,False,
S2,segment_2,motorway_link,523.4324759386889,None,False,
S3,E1A;302,motorway,693.4954516834939,None,False,
S4,E1A;302,motorway,1224.3870061611708,None,False,
S5,segment_5,motorway_link,632.2448307917371,None,False,
S6,E1A,motorway,1066.1181761196804,None,False,
S7,segment_7,motorway_link,490.75310723625273,None,False,
S8,E1A,motorway,1211.296632762137,None,False,
S9,環状線,primary,8.599892751468854,None,False,
S10,29,primary,1349.5128072700634,None,False,
S11,19;22,trunk,11.017065330970702,None,False,
S12,60,primary,1534.0770682647392,None,False,
S13,5,motorway,549.2180594629433,None,False,
S14,名古屋第二環状自動車道,motorway_link,717.4771856967153,None,False,
S15,5,motorway,835.8689895741535,None,False,
S16,segment_16,motorway_link,884.7532512757654,None,False,
S17,60,primary,17.337783511011075,None,False,
S18,江川線,primary,435.0188338252594,None,False,
S19,29,primary,22.24748124346146,None,False,
S20,19;22,trunk,2178.076313076699,None,False,
S21,E1A,motorway,1270.3434458423728,None,False,
S22,segment_22,motorway_link,647.100704573893,None,False,
S23,E1A,motorway,1503.3529807182013,None,False,
S24,E1A,motorway,2998.7393179847763,None,False,
S25,E1A,motorway,1093.7628991522424,None,False,
S26,segment_26,motorway_link,619.9265411393885,None,False,
S27,E1A,motorway,1766.550335001724,None,False,
S28,segment_28,motorway_link,431.7747443158142,None,False,
S29,E1A,motorway,1137.2639807963753,None,False,
S30,E1A,motorway,1099.4996340509585,None,False,
S31,segment_31,motorway_link,724.604223031392,None,False,
S32,E1A;302,motorway,710.4137990450813,None,False,
S33,E1A;302,motorway,1480.6372409168828,None,False,
S34,segment_34,motorway_link,991.8526757379242,None,False,
S35,E1A;302,motorway,962.6632658850767,None,False,
S36,E1A;302,motorway,1320.2048447953086,None,False,
S37,E1A,motorway,1349.562404345786,None,False,
S38,名古屋第二環状自動車道,motorway_link,217.7482620306588,None,False,
S39,segment_39,trunk_link,413.39725114553676,None,False,
S40,23,trunk,742.1342235298243,None,False,
S41,segment_41,motorway_link,472.25467689619444,None,False,
S42,23,trunk,370.7123497242823,None,False,
S43,segment_43,trunk_link,531.3975510153382,None,False,
S44,23,trunk,515.6185036018459,None,False,
S45,23,trunk,246.5455732544358,None,False,
S46,segment_46,trunk_link,268.2645387098547,None,False,
S47,23,trunk,582.496949253223,None,False,
S48,segment_48,trunk_link,17.338389066983797,None,False,
S49,302,trunk,2645.977096192375,None,False,
S50,23,trunk,987.5044424831699,None,False,
S51,23,trunk,679.7035989279274,None,False,
S52,segment_52,motorway_link,320.5144256657151,None,False,
S53,23,trunk,512.6735127204397,None,False,
S54,C1,motorway,615.9937734747465,None,False,
S55,C03,motorway_link,570.7127204496578,None,False,
S56,C1,motorway,897.7435331252119,None,False,
S57,segment_57,motorway_link,908.4052916554956,None,False,
S58,C1,motorway,635.6736717966583,None,False,
S59,C1,motorway,316.64616331889675,None,False,
S60,C1,motorway,278.8981940358502,None,False,
S61,C1,motorway,621.4388711775949,None,False,
S62,6,motorway,997.0370766539044,None,False,
S63,C1,motorway,119.53932132826917,None,False,
S64,C1,motorway,512.2155327250636,None,False,
S65,segment_65,motorway_link,356.51376634418745,None,False,
S66,C1,motorway,729.6093441427894,None,False,
S67,C1,motorway,516.6883653797106,None,False,
S68,1,motorway,2762.4098304692952,None,False,
S69,1,motorway,559.667709389881,None,False,
S70,segment_70,motorway_link,378.7678299852414,None,False,
S71,1,motorway,189.8905329329656,None,False,
S72,segment_72,motorway_link,330.9684634395776,None,False,
S73,segment_73,motorway_link,721.1981230784235,None,False,
S74,11,motorway,513.0372788668778,None,False,
S75,segment_75,motorway_link,209.0684915661804,None,False,
S76,C2,motorway,489.20125568259107,None,False,
S77,C2,motorway,908.9492632584628,None,False,
S78,C2,motorway,577.8687837025573,None,False,
S79,名古屋第二環状自動車道,motorway_link,504.62798737687837,None,False,
S80,segment_80,motorway_link,1083.811689281786,None,False,
S81,E1,motorway,1699.5833713264788,None,False,
S82,E1,motorway,3024.7570357829777,None,False,
S83,segment_83,motorway_link,311.9437371861033,None,False,
S84,E1,motorway,665.8194645971554,None,False,
S85,E1,motorway,1719.7561633954624,None,False,
S86,segment_86,motorway_link,192.6074726590807,None,False,
S87,1,motorway,183.13354112690064,None,False,
S88,segment_88,motorway_link,365.4804302832707,None,False,
S89,1,motorway,510.36549617241565,None,False,
S90,segment_90,motorway_link,353.6949463787853,None,False,
S91,segment_91,motorway_link,896.5375856201476,None,False,
S92,E1,motorway,999.3309008612617,None,False,
S93,segment_93,motorway_link,321.92626619849915,None,False,
S94,E1,motorway,707.2272636830642,None,False,
S95,segment_95,motorway_link,14.356321071170118,None,False,
S96,segment_96,motorway_link,34.20237485611665,None,False,
S97,60,primary,22.99991252891454,None,False,
S98,空港線,primary,515.9253682178679,None,False,
S99,11,motorway,498.0241818954032,None,False,
S100,segment_100,motorway_link,784.7598733103083,None,False,
S101,11,motorway,2893.90459663235,None,False,
S102,11,motorway,233.2028256245838,None,False,
S103,41,trunk,621.1612185342387,None,False,
S104,E1,motorway,7896.99188300071,None,False,
S105,segment_105,motorway_link,602.7279859961084,None,False,
S106,E1,motorway,490.09113060381594,None,False,
S107,江川線,primary,17.59129706807393,None,False,
S108,68,primary,13.007496297394836,None,False,
S109,江川線,primary,11.264428737324579,None,False,
S110,60,primary,694.0719001197025,None,False,
S111,68,primary,18.312516942098235,None,False,
S112,江川線,primary,644.0766321361366,None,False,
S113,68,primary,486.1634544502444,None,False,
S114,68,primary,40.46074469978723,None,False,
S115,68,primary,150.17617111503176,None,False,
S116,22,trunk,17.584513391668153,None,False,
S117,19,trunk,1554.958844813045,None,False,
S118,segment_118,trunk_link,22.3568656020071,None,False,
S119,19,trunk,836.0898579761612,None,False,
S120,19,trunk,13.216531134405647,None,False,
S121,環状線,primary,2054.367801905287,None,False,
S122,59;202,primary,14.05447047378516,None,False,
S123,19,trunk,1177.2790499492767,None,False,
S124,59;202,primary,13.543199988031612,None,False,
S125,30,primary,1009.8745120590262,None,False,
S126,59;202,primary,1405.7056898163792,None,False,
S127,30,primary,12.30607482815706,None,False,
S128,30,primary,888.7144190203289,None,False,
S129,15,primary,10.07231272928122,None,False,
S130,15,primary,653.5874204322879,None,False,
S131,segment_131,motorway_link,848.6528212893585,None,False,
S132,E1A,motorway,2512.973018231214,None,False,
S133,segment_133,motorway_link,482.297097696685,None,False,
S134,segment_134,motorway_link,441.8131733898348,None,False,
S135,1,trunk,849.9273700875281,None,False,
S136,51,primary,1343.594935855826,None,False,
S137,23,primary,55.749039163344804,None,False,
S138,23,primary,2028.5160626044706,None,False,
S139,segment_139,trunk_link,231.0638205595653,None,False,
S140,segment_140,motorway_link,748.8527779029952,None,False,
S141,segment_141,motorway_link,521.4733896582668,None,False,
S142,55,primary,10.02168946935572,None,False,
S143,36,primary,1212.0567387546712,None,False,
S144,23,trunk,686.6366557518958,None,False,
S145,環状線,primary,13.850460717523086,None,False,
S146,金城ふ頭線,primary,5449.844864351676,None,False,
S147,54;284,primary,10.914441935913779,None,False,
S148,1,trunk,3387.1096446322167,None,False,
S149,segment_149,motorway_link,424.54692105392166,None,False,
S150,23,trunk_link,270.46664287085,None,False,
S151,1,trunk,50.35754480976551,None,False,
S152,23,trunk_link,401.476534334045,None,False,
S153,155;247,trunk,8.59605531550498,None,False,
S154,247,trunk,6065.066578179348,None,False,
S155,155,trunk,2147.5589623998676,None,False,
S156,155,trunk,11.07741542336682,None,False,
S157,55,primary,633.5838632753753,None,False,
S158,23,primary,10.701390420583152,None,False,
S159,23,primary,3450.549419842773,None,False,
S160,155,trunk,1067.7225368874279,None,False,
S161,51,primary,10.791993556042716,None,False,
S162,155,trunk,121.13656300620109,None,False,
S163,54,primary,12.631726893391217,None,False,
S164,153,trunk,579.7156977865438,None,False,
S165,54,primary,789.0923505237707,None,False,
S166,54,primary,316.3173398609499,None,False,
S167,155,trunk,104.23112040496959,None,False,
S168,56,primary,11.97541791750221,None,False,
S169,155,trunk,454.27396826400184,None,False,
S170,155,trunk,585.6050499078468,None,False,
S171,155,trunk,38.55548900439606,None,False,
S172,155,trunk,2297.464483426759,None,False,
S173,segment_173,trunk_link,372.04922713083494,None,False,
S174,155,trunk,454.27396826400184,None,False,
S175,155,trunk,239.31471416710326,None,False,
S176,51,primary,233.63442912695461,None,False,
S177,419,trunk,1035.0934033528583,None,False,
S178,419,trunk,344.1607211433171,None,False,
S179,419,trunk,475.8526246511377,None,False,
S180,419,trunk,1190.0920325626362,None,False,
S181,36,primary,438.99438929848344,None,False,
S182,56,primary,662.539977855296,None,False,
S183,56,primary,398.1382532494922,None,False,
S184,19,trunk,20.104336331405104,None,False,
S185,環状線,primary,11.389159034033954,None,False,
S186,山王通,primary,1476.748546626239,None,False,
S187,山王通,primary,12.774138706193614,None,False,
S188,環状線,primary,945.4008523595402,None,False,
S189,E87,motorway_link,211.92645434091312,None,False,
S190,E87,motorway,1924.0300943653317,None,False,
S191,51,primary,36.228045213958836,None,False,
S192,segment_192,trunk_link,170.84707076959742,None,False,
S193,23,trunk,203.8165681123064,None,False,
S194,3,motorway,405.81242628035164,None,False,
S195,segment_195,motorway_link,155.3002052828608,None,False,
S196,segment_196,motorway_link,756.3987179514316,None,False,
S197,3,motorway,884.3000770401185,None,False,
S198,C1,motorway,632.1438950361601,None,False,
S199,C1,motorway,46.85872744732435,None,False,
S200,segment_200,motorway_link,632.6621473383719,None,False,
S201,C1,motorway,621.382908783544,None,False,
S202,C1,motorway,572.6979346396024,None,False,
S203,3,motorway,2268.009344406367,None,False,
S204,C1,motorway,591.8016499067045,None,False,
S205,16,motorway,728.2453707801534,None,False,
S206,16,motorway,1622.9739328847165,None,False,
S207,segment_207,motorway_link,466.5175003921015,None,False,
S208,16,motorway,1304.3341046033809,None,False,
S209,16,motorway,1082.2381155191413,None,False,
S210,segment_210,motorway_link,220.09024204592382,None,False,
S211,6,motorway,1552.8551838494818,None,False,
S212,segment_212,motorway_link,515.304474591599,None,False,
S213,6,motorway,889.5442202977753,None,False,
S214,E87,motorway,792.7857661455827,None,False,
S215,E87,motorway,657.8859259498233,None,False,
S216,segment_216,motorway_link,162.7017095127161,None,False,
S217,E87,motorway,2925.211455022199,None,False,
S218,segment_218,motorway_link,501.8876409139915,None,False,
S219,1,trunk,9.400368507513825,None,False,
S220,36,primary,1124.6163818142209,None,False,
S221,1,trunk,823.6667495875009,None,False,
S222,1,trunk,315.81118208845413,None,False,
S223,空港線,primary,12.19065208510057,None,False,
S224,1,trunk,1492.4458186418751,None,False,
S225,247,trunk,56.65113506188023,None,False,
S226,1,trunk,22.450171745474698,None,False,
S227,22,trunk,1975.9829068438837,None,False,
S228,22,trunk,724.0134709555906,None,False,
S229,67,primary,14.3182527749121,None,False,
S230,22,trunk,1120.8669150822777,None,False,
S231,22,trunk,11.974470902418984,None,False,
S232,67;190,primary,759.9304210536042,None,False,
S233,22,trunk,12.975627154492331,None,False,
S234,環状線,primary,2280.449684288293,None,False,
S235,155;363,trunk,260.7405852764752,None,False,
S236,57,primary,2850.4117371804628,None,False,
S237,6,primary,765.3996847819751,None,False,
S238,名古屋瀬戸道路,motorway_link,1325.845149399735,None,False,
S239,6,primary,306.4210724622341,None,False,
S240,57,primary,23.24471301984526,None,False,
S241,6,primary,1506.6007498875547,None,False,
S242,363,trunk,1493.5000924992783,None,False,
S243,363,trunk,2544.7388837840012,None,False,
S244,57,primary,2886.8914274411304,None,False,
S245,22,primary,1013.9275075897143,None,False,
S246,22,primary,2756.1239728717374,None,False,
S247,57,primary,2850.411737180462,None,False,
S248,空港線,primary,17.357783786268904,None,False,
S249,山王通,primary,1479.2847804902385,None,False,
S250,153,trunk,6.197339052718186,None,False,
S251,山王通,primary,319.14489635889936,None,False,
S252,153,trunk,8.44381019473949,None,False,
S253,30,primary,243.33982567714452,None,False,
S254,segment_254,motorway_link,8.306284956997542,None,False,
S255,155,trunk,911.8853663760395,None,False,
S256,segment_256,motorway_link,372.78030742513334,None,False,
S257,55,primary,1347.5796661816587,None,False,
S258,55,primary,631.8979402857753,None,False,
S259,23,primary,55.749039163344804,None,False,
S260,23,primary,600.3077665984476,None,False,
S261,segment_261,trunk_link,345.4227091748284,None,False,
S262,23,primary,600.3077665984474,None,False,
S263,23,primary,194.7733221533155,None,False,
S264,363,trunk,10.503626892318202,None,False,
S265,363,trunk,11.617378763465513,None,False,
S266,363,trunk,152.3402509999774,None,False,
S267,363,trunk,1482.8650552304243,None,False,
S268,247,trunk,6065.066578179347,None,False,
S269,247,trunk,139.63496589870968,None,False,
S270,segment_270,trunk_link,14.799055364294015,None,False,
S271,環状線,primary,747.7767685182714,None,False,
S272,153,trunk,13.484964403389244,None,False,
S273,環状線,primary,28.595445124452255,None,False,
S274,15;61,primary,17.49673600274952,None,False,
S275,15;61,primary,11.906594564633597,None,False,
S276,30,primary,1544.0202453126792,None,False,
S277,15;61,primary,731.4564815466375,None,False,
S278,6,primary_link,837.6121429568404,None,False,
S279,6,primary,526.4070688049961,None,False,
S280,57,primary,64.39860881097648,None,False,
S281,56,primary,11.090811190197632,None,False,
S282,57,primary,5045.723454176785,None,False,
S283,56,primary,1631.808561526593,None,False,
S284,segment_284,primary_link,49.23672594426481,None,False,
S285,57,primary,1024.6253866683498,None,False,
S286,57,primary,100.58517453980932,None,False,
S287,23,trunk_link,34.86305543806589,None,False,
S288,302,trunk,10.970039694517855,None,False,
S289,23,primary,110.84889926846034,None,False,
S290,23,primary,2204.880994468541,None,False,
S291,23,primary,111.0847133347079,None,False,
S292,23,primary,181.86526101410686,None,False,
S293,247,trunk,14.43226098055759,None,False,
S294,247,trunk,1394.1203606557185,None,False,
S295,155,trunk,296.35965529527743,None,False,
S296,155,trunk,599.7706573639205,None,False,
S297,155,trunk,880.1324566940425,None,False,
S298,155,trunk,296.3596552952775,None,False,
S299,50,primary,4260.193471373017,None,False,
S300,366,trunk,10.933807471336117,None,False,
S301,155,trunk,150.04273130733918,None,False,
S302,155;363,trunk,260.7405852764752,None,False,
S303,155,trunk,6778.203074959042,None,False,
S304,363,trunk,1482.865055230424,None,False,
S305,22,primary,242.1806542226371,None,False,
S306,22,primary,579.434221089206,None,False,
S307,東海通,primary,13.10718546258707,None,False,
S308,環状線,primary,1238.3231312796513,None,False,
S309,東海通,primary,12.788847694050379,None,False,
S310,環状線,primary,1373.7809229565462,None,False,
S311,環状線,primary,28.187317842674624,None,False,
S312,segment_312,trunk_link,328.70191723641545,None,False,
S313,22;208,primary,589.9208665707818,None,False,
S314,363,trunk,1177.862746432148,None,False,
S315,363,trunk,430.4423595586914,None,False,
S316,6,primary_link,931.6108810466213,None,False,
S317,6,primary,935.8369803757256,None,False,
S318,segment_318,trunk_link,203.7691119292202,None,False,
S319,19,trunk,552.6393953073285,None,False,
S320,segment_320,trunk_link,467.648572251527,None,False,
S321,19,trunk,464.11771706356876,None,False,
S322,19,trunk,293.3212579438208,None,False,
S323,segment_323,motorway_link,536.9679434738657,None,False,
S324,58,primary,8.684904274717525,None,False,
S325,58,primary,2529.846825151892,None,False,
S326,57,primary,5006.306952276651,None,False,
S327,153,trunk_link,86.15135970510917,None,False,
S328,153,trunk,936.031394867284,None,False,
S329,153,trunk,669.6508064672289,None,False,
S330,153,trunk,813.8653902348577,None,False,
S331,153,trunk_link,434.75717582387387,None,False,
S332,153,trunk,1994.56574410469,None,False,
S333,302,trunk,1151.2308259873816,None,False,
S334,58,primary,10.848749906504791,None,False,
S335,153,trunk,598.1871796723049,None,False,
S336,302,trunk,35.580596474606025,None,False,
S337,segment_337,motorway_link,78.54798207340093,None,False,
S338,segment_338,motorway_link,605.7935962959008,None,False,
S339,C2,motorway,2019.2331144585103,None,False,
S340,C2,motorway,812.0821287681706,None,False,
S341,segment_341,motorway_link,206.10976386383675,None,False,
S342,segment_342,motorway_link,187.9804156773191,None,False,
S343,16,motorway,1169.820330398938,None,False,
S344,16,motorway,1179.809032591043,None,False,
S345,16,motorway,1854.4309233303848,None,False,
S346,segment_346,motorway_link,559.1701232515545,None,False,
S347,22,trunk,2112.974328367684,None,False,
S348,22,trunk,567.8810078392238,None,False,
S349,22,trunk,254.85504345430468,None,False,
S350,segment_350,motorway_link,423.79495707913253,None,False,
S351,segment_351,motorway_link,101.0470135997663,None,False,
S352,363,trunk,1331.7236132692863,None,False,
S353,75,primary,1214.8519673760175,None,False,
S354,363,trunk,106.9046218200532,None,False,
S355,segment_355,trunk_link,443.6399190029656,None,False,
S356,23,trunk,1728.52334825551,None,False,
S357,東海通,primary,13.343027071177781,None,False,
S358,154,trunk,1580.7359510742158,None,False,
S359,50,primary,946.4979792243437,None,False,
S360,23,primary,2028.5160626044712,None,False,
S361,50,primary,3046.808976172742,None,False,
S362,19,trunk,572.5242882650829,None,False,
S363,25,primary,20.222587312029173,None,False,
S364,25,primary,1595.4765381494433,None,False,
S365,30,primary,20.189979966683715,None,False,
S366,山王通,primary,22.49038108266625,None,False,
S367,江川線,primary,1789.4981729817146,None,False,
S368,59,primary,431.87608810533413,None,False,
S369,59;208,primary,1874.7983758572034,None,False,
S370,59,primary,10.32084014206807,None,False,
S371,363,trunk,1139.0485597544055,None,False,
S372,segment_372,motorway_link,149.19314217985908,None,False,
S373,segment_373,motorway_link,254.93303494261332,None,False,
S374,segment_374,motorway_link,341.80341297959393,None,False,
S375,segment_375,motorway_link,121.1354275051023,None,False,
S376,segment_376,motorway_link,557.1483109273854,None,False,
S377,segment_377,motorway_link,390.02003318076186,None,False,
S378,E1,motorway,962.743659573636,None,False,
S379,segment_379,motorway_link,440.36822164693524,None,False,
S380,E1,motorway,1702.1493340537459,None,False,
S381,segment_381,motorway_link,1526.3555175846204,None,False,
S382,E1,motorway,1825.1656094463056,None,False,
S383,E1,motorway,3065.3855867138755,None,False,
S384,segment_384,motorway_link,231.55882161433857,None,False,
S385,E1,motorway,544.0535935344767,None,False,
S386,E1,motorway,1582.2849552481036,None,False,
S387,segment_387,motorway_link,845.0456522605684,None,False,
S388,segment_388,motorway_link,367.1618720536624,None,False,
S389,60,primary,129.25925362854835,None,False,
S390,50,primary,5.626857483396345,None,False,
S391,50,primary,232.9436743814295,None,False,
S392,50,primary,61.90279703934147,None,False,
S393,segment_393,trunk_link,26.722368950736943,None,False,
S394,50,primary,232.9436743814295,None,False,
S395,302,trunk,2219.1388409192823,None,False,
S396,302,trunk,550.7295307366702,None,False,
S397,36;220,primary,9.051476227571449,None,False,
S398,56,primary,1971.5322718005177,None,False,
S399,59,primary,8.456835638315672,None,False,
S400,59,primary,1249.3585804907868,None,False,
S401,363,trunk,173.29957632790772,None,False,
S402,6,primary,2556.4495058680022,None,False,
S403,59,primary,1249.3585804907866,None,False,
S404,6,primary,1041.2254113243744,None,False,
S405,59,primary,817.0747667842413,None,False,
S406,59,primary,19.34730961349716,None,False,
S407,59,primary,2897.969033898,None,False,
S408,56,primary,3981.7306426852365,None,False,
S409,56,primary,1631.8085615265936,None,False,
S410,54,primary,3012.8035053013136,None,False,
S411,54,primary,51.19360662769975,None,False,
S412,54,primary,789.0923505237707,None,False,
S413,54,primary,1553.255826016839,None,False,
S414,江川線,primary,18.465918779107753,None,False,
S415,山王通,primary,547.065302364861,None,False,
S416,25;75,primary,16.045017566220533,None,False,
S417,25,primary,2969.7590773595184,None,False,
S418,19,trunk,2399.0317378180553,None,False,
S419,27,primary,4137.6898304958695,None,False,
S420,62,primary,1669.871569219923,None,False,
S421,62,primary,1798.8281662232082,None,False,
S422,15;61,primary,18.20024264747241,None,False,
S423,15,primary,272.98896969878194,None,False,
S424,15;61,primary,21.343245106540326,None,False,
S425,15;61,primary,683.410663833001,None,False,
S426,62,primary,16.955579965973126,None,False,
S427,62,primary,1798.828166223208,None,False,
S428,19,trunk,2545.068362249721,None,False,
S429,segment_429,motorway_link,508.91666758628594,None,False,
S430,302,trunk,2457.2376133374555,None,False,
S431,302,trunk,179.08149016591256,None,False,
S432,59,primary,26.501757116299302,None,False,
S433,302,trunk,78.41196697622918,None,False,
S434,59;162,primary,810.903102293102,None,False,
S435,302,trunk,64.01129706262145,None,False,
S436,segment_436,trunk_link,65.41948791081538,None,False,
S437,segment_437,trunk_link,26.350845404735733,None,False,
S438,302,trunk,13.786784939616782,None,False,
S439,41,trunk,367.3226687143579,None,False,
S440,41,trunk,80.31758805694747,None,False,
S441,segment_441,trunk_link,232.61817446191657,None,False,
S442,41,trunk,1880.6662704602932,None,False,
S443,41,trunk,313.5270883644505,None,False,
S444,segment_444,trunk_link,14.370511643277814,None,False,
S445,41,trunk,49.37916005376055,None,False,
S446,segment_446,trunk_link,233.4425656033286,None,False,
S447,302,trunk,474.7545593532707,None,False,
S448,75,primary,1708.5544235078721,None,False,
S449,25,primary,1595.4765381494435,None,False,
S450,25;75,primary,742.3888857585093,None,False,
S451,302,trunk,237.52955792901776,None,False,
S452,302,trunk,351.66413090688854,None,False,
S453,36,primary,9.506251024966627,None,False,
S454,59,primary,645.3303215851735,None,False,
S455,58,primary,17.850738600972267,None,False,
S456,153,trunk,447.6422717306732,None,False,
S457,58,primary,9.40214618703651,None,False,
S458,56;221,primary,922.4390513470137,None,False,
S459,58,primary,939.3043853121774,None,False,
S460,153,trunk,25.09781099336654,None,False,
S461,451,trunk,14.133277657329385,None,False,
S462,19,trunk,530.5992636060905,None,False,
S463,15;61,primary,15.488622097497789,None,False,
S464,19,trunk,14.457325545260169,None,False,
S465,19,trunk,36.86317723195472,None,False,
S466,27,primary,4137.689830495871,None,False,
S467,25;27;451,primary,692.8910400099464,None,False,
S468,25,primary,2969.759077359517,None,False,
S469,大須通,primary,222.05809237558088,None,False,
S470,東海通,primary,12.596241217933674,None,False,
S471,環状線,primary,3767.4840214932465,None,False,
S472,41,trunk,11.01993571295557,None,False,
S473,環状線,primary,1955.7890817414682,None,False,
S474,41,trunk,2552.60401073388,None,False,
S475,環状線,primary,17.018089271981236,None,False,
S476,155,trunk,3320.10790052717,None,False,
S477,155,trunk,718.4220427238458,None,False,
S478,155,trunk,25.300001131473273,None,False,
S479,41,trunk,627.9153274928875,None,False,
S480,25,primary,24.11439984543351,None,False,
S481,25,primary,2853.320622418585,None,False,
S482,41,trunk,1033.5508553274194,None,False,
S483,25;75,primary,16.045017566220533,None,False,
S484,19,trunk,2543.6557811993334,None,False,
S485,25;75,primary,742.3888857585093,None,False,
S486,segment_486,trunk_link,280.6930670983949,None,False,
S487,19,trunk,655.1278691360076,None,False,
S488,62,primary,16.955579965973126,None,False,
S489,19,trunk,563.3728880219229,None,False,
S490,59;202,primary,14.05447047378516,None,False,
S491,59;202,primary,1405.7056898163796,None,False,
S492,19,trunk,2317.6270117396707,None,False,
S493,環状線,primary,16.349244309310382,None,False,
S494,19,trunk,230.82112545783295,None,False,
S495,空港線,primary,12.361971539973597,None,False,
S496,60,primary,414.61948962777467,None,False,
S497,41,trunk,17.71132046587935,None,False,
S498,19,trunk,1554.626666927341,None,False,
S499,19,trunk,28.01116705437589,None,False,
S500,41,trunk,522.1172986059719,None,False,
S501,19,trunk,27.934517725199374,None,False,
S502,空港線,primary,314.824353936858,None,False,
S503,41,trunk,17.963900944143873,None,False,
S504,19,trunk,450.22467100757325,None,False,
S505,153,trunk,20.3526204395087,None,False,
S506,19,trunk,446.4123046243736,None,False,
S507,19,trunk,18.521685024883695,None,False,
S508,153,trunk,486.0071939981835,None,False,
S509,19,trunk,18.94362240251748,None,False,
S510,19,trunk,842.583657246028,None,False,
S511,19,trunk,19.165474373626527,None,False,
S512,19;22,trunk,517.5928342288987,None,False,
S513,60,primary,18.885782359234774,None,False,
S514,19;22,trunk,517.162751025864,None,False,
S515,19;22,trunk,17.987773763264702,None,False,
S516,68,primary,630.3565346428472,None,False,
S517,68,primary_link,630.3156634673995,None,False,
S518,19,trunk,20.038162659763692,None,False,
S519,22,trunk,290.50179133981646,None,False,
S520,41,trunk,8.95947879123541,None,False,
S521,62,primary,862.8713222062233,None,False,
S522,62,primary,27.015222622158223,None,False,
S523,41,trunk,1402.7277120612582,None,False,
S524,25,primary,24.11439984543351,None,False,
S525,41,trunk,1953.0244913286224,None,False,
S526,25,primary,740.0385949213525,None,False,
S527,41,trunk,8.220958898144634,None,False,
S528,155,trunk,2351.2237956787003,None,False,
S529,155;27,trunk,672.5691678399805,None,False,
S530,155,trunk,2178.3058185785385,None,False,
S531,27,primary,1421.2508456640087,None,False,
S532,451,trunk,14.133277657329385,None,False,
S533,19,trunk,2403.3857229892437,None,False,
S534,19,trunk,348.8645511697592,None,False,
S535,segment_535,motorway_link,241.3593812421052,None,False,
S536,155,trunk,18.279464995580742,None,False,
S537,19,trunk,183.49240490189266,None,False,
S538,155,trunk,976.7086867940158,None,False,
S539,63,primary,12.07282441987618,None,False,
S540,62,primary,3736.7614746418526,None,False,
S541,19;22,trunk,8.573724413101589,None,False,
S542,29,primary,521.9980556746603,None,False,
S543,25,primary,2853.320622418585,None,False,
S544,25;166,primary,1029.8162381653842,None,False,
S545,25,primary,566.9384115639914,None,False,
S546,25;166,primary,10.716017654470157,None,False,
S547,25;166,primary,1029.816238165384,None,False,
S548,63;166;25,primary,149.21923505820408,None,False,
S549,22,trunk,17.0117187047069,None,False,
S550,江川線,primary,528.0353890501175,None,False,
S551,江川線,primary,20.701997231213873,None,False,
S552,22,trunk,1406.7254084482452,None,False,
S553,19,trunk,308.8973341982419,None,False,
S554,19,trunk,151.32218664522654,None,False,
S555,19,trunk,483.4994997928385,None,False,
S556,segment_556,motorway_link,689.2664456929359,None,False,
S557,E1,motorway,442.1486107651554,None,False,
S558,19,trunk,70.77474826182535,None,False,
S559,E1,motorway,600.8561788605181,None,False,
S560,segment_560,motorway_link,479.06692307426727,None,False,
S561,155,trunk_link,11.601624411210661,None,False,
S562,155,trunk,423.6204739692805,None,False,
S563,15,primary,824.6600337640436,None,False,
S564,61,primary,1482.7471762890068,None,False,
S565,15;61,primary,1759.8128237942094,None,False,
S566,15,primary,824.6600337640434,None,False,
S567,59,primary,816.0992870000874,None,False,
S568,15,primary,555.956056641179,None,False,
S569,59;202,primary,1429.7643583348136,None,False,
S570,155,trunk,1245.3689805229744,None,False,
S571,75,primary,2875.880090078254,None,False,
S572,75,primary,1708.5544235078728,None,False,
S573,30,primary,2417.549847985692,None,False,
S574,68,primary,13.624619616772213,None,False,
S575,環状線,primary,2285.267281449051,None,False,
S576,空港線,primary,8.490117660335082,None,False,
S577,29,primary,1717.3380292864883,None,False,
S578,59;162,primary,14.683145518177014,None,False,
S579,59;162,primary,810.903102293102,None,False,
S580,19,trunk,275.99877367384954,None,False,
S581,59;162,primary,14.683145518177014,None,False,
S582,19,trunk,1180.8802729110816,None,False,
S583,153,trunk,71.57234378466327,None,False,
S584,153,trunk,1615.0094478735873,None,False,
S585,153,trunk,33.719094793169205,None,False,
S586,153,trunk,71.57234378466327,None,False,
S587,153,trunk,63.30193438906563,None,False,
S588,60,primary,20.50782461782592,None,False,
S589,153,trunk,486.7266687333174,None,False,
S590,153,trunk,11.689076898547986,None,False,
S591,60,primary,1612.3719182239881,None,False,
S592,153,trunk,19.32037394791407,None,False,
S593,153,trunk,1615.0094478735873,None,False,
S594,153,trunk,19.32037394791407,None,False,
S595,153,trunk,70.4928031234968,None,False,
S596,153,trunk,181.9766487344119,None,False,
S597,segment_597,trunk_link,179.29292250479912,None,False,
S598,環状線,primary,17.405963517704553,None,False,
S599,153,trunk,152.72421822615314,None,False,
S600,山王通,primary,10.441093010894667,None,False,
S601,30,primary,853.7912562151828,None,False,
S602,segment_602,motorway_link,662.1294261459262,None,False,
S603,segment_603,motorway_link,1222.5895778049173,None,False,
S604,segment_604,motorway_link,309.4904895437322,None,False,
S605,segment_605,motorway_link,399.4292242961769,None,False,
S606,segment_606,motorway_link,458.97909750603475,None,False,
S607,C2,motorway,2167.253759632936,None,False,
S608,segment_608,motorway_link,605.3922629477931,None,False,
S609,segment_609,motorway_link,313.9242385648578,None,False,
S610,302,trunk,12.320040424521407,None,False,
S611,363,trunk,21.811449424519683,None,False,
S612,302,trunk,98.47252433430077,None,False,
S613,302,trunk,93.67965591439506,None,False,
S614,302,trunk,1080.1832947338653,None,False,
S615,30,primary,888.7144190203288,None,False,
S616,30,primary,1392.098280793867,None,False,
S617,59,primary,20.235429599906155,None,False,
S618,302,trunk,50.132885887855856,None,False,
S619,59,primary,46.14956162247291,None,False,
S620,61,primary,22.77038477386727,None,False,
S621,61,primary,1482.7471762890068,None,False,
S622,302,trunk,632.0081066749999,None,False,
S623,61,primary,22.77038477386727,None,False,
S624,302,trunk,377.31119642940484,None,False,
S625,61,primary,463.217759296385,None,False,
S626,61,primary,5267.493564642513,None,False,
S627,61,primary,463.2177592963851,None,False,
S628,59;208,primary,1874.7983758572032,None,False,
S629,59,primary,1038.5998853179256,None,False,
S630,59,primary,20.235429599906155,None,False,
S631,302,trunk,59.39330967339835,None,False,
S632,59,primary,75.21260870991556,None,False,
S633,segment_633,trunk_link,16.28869797703195,None,False,
S634,41,trunk,512.5468937068142,None,False,
S635,302,trunk,247.72739661561508,None,False,
S636,302,trunk,23.671022049756345,None,False,
S637,segment_637,trunk_link,8.633987149576743,None,False,
S638,segment_638,trunk_link,9.730556592228641,None,False,
S639,302,trunk,10.229643884243261,None,False,
S640,segment_640,trunk_link,13.434413186915775,None,False,
S641,segment_641,trunk_link,19.129256707747913,None,False,
S642,302,trunk,29.259555742881677,None,False,
S643,segment_643,trunk_link,21.884989853027395,None,False,
S644,302,trunk,357.85245437514675,None,False,
S645,302,trunk,48.95527429530252,None,False,
S646,segment_646,trunk_link,297.2485537272237,None,False,
S647,23,primary,3450.5494198427755,None,False,
S648,23,primary,181.86526101410686,None,False,
S649,23,primary,2204.880994468541,None,False,
S650,247,trunk,58.22247935055972,None,False,
S651,55,primary,14.402093093503344,None,False,
S652,55,primary,175.11250192855206,None,False,
S653,segment_653,primary_link,37.28581542157927,None,False,
S654,55,primary,1925.4528741092709,None,False,
S655,58,primary,25.04907417339524,None,False,
S656,56,primary,1557.40932953239,None,False,
S657,302,trunk,7.552799518153846,None,False,
S658,56;221,primary,251.2241074801736,None,False,
S659,153,trunk,8.9367732277087,None,False,
S660,59,primary,1073.8620276037002,None,False,
S661,59,primary,8.966478400619811,None,False,
S662,東海通,primary,3467.5512874149604,None,False,
S663,環状線,primary,9.030337074446052,None,False,
S664,東海通,primary,1841.793483435758,None,False,
S665,302,trunk,9.212963726170859,None,False,
S666,36,primary,2436.4583699093996,None,False,
S667,302,trunk,510.0054877780931,None,False,
S668,302,trunk,194.39433593530035,None,False,
S669,C2,motorway,251.54852751512655,None,False,
S670,segment_670,motorway_link,302.5131303961025,None,False,
S671,C2,motorway,1196.19069659086,None,False,
S672,68,primary,20.12771654648783,None,False,
S673,江川線,primary,438.9848890683548,None,False,
S674,山王通,primary,28.597690348770755,None,False,
S675,江川線,primary,190.4938071832925,None,False,
S676,山王通,primary,21.93907979399555,None,False,
S677,19;22,trunk,1855.9291697662413,None,False,
S678,19;22,trunk,18.015194685500113,None,False,
S679,山王通,primary,1685.2992622413208,None,False,
S680,山王通,primary,22.676941466851336,None,False,
S681,19;22,trunk,1241.9323779113909,None,False,
S682,19;22,trunk,18.715501866669634,None,False,
S683,山王通,primary,542.5272285978739,None,False,
S684,29,primary,26.706298266150053,None,False,
S685,空港線,primary,113.55305381805428,None,False,
S686,山王通,primary,20.394365301176794,None,False,
S687,空港線,primary,2124.1840357313977,None,False,
S688,空港線,primary,16.878268448739345,None,False,
S689,山王通,primary,1289.6354484127764,None,False,
S690,山王通,primary,20.451689879978897,None,False,
S691,空港線,primary,1128.5981195051704,None,False,
S692,江川線,primary,8.39965953169646,None,False,
S693,29,primary,2029.3415042771564,None,False,
S694,環状線,primary,972.2498852063759,None,False,
S695,環状線,primary,10.791264700056491,None,False,
S696,68,primary,5112.567625264181,None,False,
S697,68,primary,19.190780628054917,None,False,
S698,名駅通,primary,972.8135675541424,None,False,
S699,江川線,primary,11.797829898054172,None,False,
S700,60,primary,391.2683012635673,None,False,
S701,60,primary,17.382927962198544,None,False,
S702,江川線,primary,1789.0110067367132,None,False,
S703,19;22,trunk,11.243782588744283,None,False,
S704,60,primary,694.7461932713624,None,False,
S705,60,primary,18.85194307771867,None,False,
S706,19;22,trunk,1860.1013757693631,None,False,
S707,空港線,primary,11.843514492510613,None,False,
S708,60,primary,1533.7583981086927,None,False,
S709,60,primary,22.899912183866903,None,False,
S710,空港線,primary,25.43552612182316,None,False,
S711,153,trunk,10.264469412708051,None,False,
S712,60,primary,414.2305854321482,None,False,
S713,60,primary,19.72577632103642,None,False,
S714,153,trunk,69.16804751305712,None,False,
S715,68,primary,17.46078202074946,None,False,
S716,江川線,primary,18.349410035007914,None,False,
S717,68,primary,479.2659909030596,None,False,
S718,60,primary,12.402569088730655,None,False,
S719,環状線,primary,2496.2359768083347,None,False,
S720,環状線,primary,12.764283547398115,None,False,
S721,60,primary,1611.3319510080755,None,False,
S722,29,primary,21.955489344679393,None,False,
S723,江川線,primary,1767.8988616331842,None,False,
S724,56,primary,922.5391265408479,None,False,
S725,36,primary,13.204787900451104,None,False,
S726,153,trunk,817.5784449519595,None,False,
S727,36,primary,438.99438929848344,None,False,
S728,153,trunk,527.6033238397042,None,False,
S729,60,primary_link,272.7526691376408,None,False,
S730,60,primary,680.3948208248075,None,False,
S731,59,primary,24.615029344032898,None,False,
S732,59,primary,817.0747667842415,None,False,
S733,60,primary,161.41614723836523,None,False,
S734,60,primary,1482.1022876795794,None,False,
S735,60,primary_link,379.28952011654013,None,False,
S736,60,primary,651.6381283512424,None,False,
S737,segment_737,motorway_link,760.2668281609244,None,False,
S738,C2,motorway_link,501.32107459270424,None,False,
S739,59,primary,24.615029344032898,None,False,
S740,59,primary,2897.969033898001,None,False,
S741,60,primary,347.5521406426373,None,False,
S742,C2,motorway,423.89269755539925,None,False,
S743,C2,motorway,702.3223688139095,None,False,
S744,segment_744,motorway_link,45.90284828110289,None,False,
S745,60,primary,408.2953902080163,None,False,
S746,segment_746,motorway_link,123.29840880986816,None,False,
S747,segment_747,motorway_link,197.80577072983544,None,False,
S748,segment_748,motorway_link,341.3252954896784,None,False,
S749,segment_749,motorway_link,185.58597022625676,None,False,
S750,70;227,primary,22.48906617801458,None,False,
S751,302,trunk,994.9718505066139,None,False,
S752,60,primary,11.21470535490797,None,False,
S753,30,primary,1733.0117438567752,None,False,
S754,30,primary,15.216079294439044,None,False,
S755,60,primary,4470.583930236812,None,False,
S756,58,primary,17.850738600972267,None,False,
S757,58,primary,975.450939533889,None,False,
S758,153,trunk,1611.5185215357624,None,False,
S759,36,primary,481.1087774793351,None,False,
S760,36,primary,1732.8536481101548,None,False,
S761,41,trunk,79.37448643420427,None,False,
S762,segment_762,trunk_link,229.42938314147875,None,False,
S763,155;247,trunk,2016.1320528567717,None,False,
S764,60,primary,4510.198472911666,None,False,
S765,segment_765,motorway_link,150.86815161688276,None,False,
S766,segment_766,motorway_link,921.5195843530136,None,False,
S767,segment_767,motorway_link,623.181722945545,None,False,
S768,23,trunk_link,196.29566523528382,None,False,
S769,19,trunk,650.8848762778894,None,False,
S770,19,trunk,52.31937668325209,None,False,
S771,segment_771,trunk_link,80.08588177067018,None,False,
S772,19,trunk,308.2388435669571,None,False,
S773,19,trunk,54.981337004850566,None,False,
S774,segment_774,trunk_link,71.60322162244951,None,False,
S775,155;27,trunk,672.5691678399805,None,False,
S776,155,trunk,4530.3290788902295,None,False,
S777,27,primary,865.076917186389,None,False,
S778,153,trunk,18.862095291805606,None,False,
S779,江川線,primary,21.039500251813063,None,False,
S780,22,trunk,768.1706828547952,None,False,
S781,22,trunk,15.296681286738693,None,False,
S782,63,primary,921.7731704266718,None,False,
S783,1,trunk,13.203067754144133,None,False,
S784,154,trunk,1303.5134598321138,None,False,
S785,56,primary,15.906562611000753,None,False,
S786,環状線,primary,82.81105684726651,None,False,
S787,1,trunk,24.617615286899944,None,False,
S788,1,trunk,776.4000863265724,None,False,
S789,1,trunk,8.76714451013641,None,False,
S790,東海通,primary,1208.6052797102095,None,False,
S791,1,trunk,11.327529138296882,None,False,
S792,環状線,primary,1688.9525922355372,None,False,
S793,19;22,trunk,22.138943037905335,None,False,
S794,1,trunk,1556.5610041150276,None,False,
S795,19;22,trunk,22.261257619931886,None,False,
S796,1,trunk,603.1147342550456,None,False,
S797,3,motorway,840.9993947304094,None,False,
S798,segment_798,motorway_link,567.5602509098069,None,False,
S799,5,motorway,2356.0411564991623,None,False,
S800,環状線,primary,22.220986123234788,None,False,
S801,1,trunk,625.8198169565308,None,False,
S802,1,trunk,12.954040535329728,None,False,
S803,環状線,primary,751.4049734965353,None,False,
S804,東海通,primary,26.863828413609234,None,False,
S805,1,trunk,487.49276636388606,None,False,
S806,4,motorway,1990.582993879294,None,False,
S807,5,motorway,183.99369497604727,None,False,
S808,25;166,primary,10.136860510226384,None,False,
S809,63;161,primary,3673.758717345636,None,False,
S810,22,trunk,273.46971167706283,None,False,
S811,C1,motorway,914.850506629287,None,False,
S812,名古屋高速環状線,motorway_link,546.7299986887516,None,False,
S813,22,trunk,461.3334578998549,None,False,
S814,75,primary,2435.7044951967823,None,False,
S815,363,trunk,1493.5000924992783,None,False,
S816,363,trunk,106.90462182005318,None,False,
S817,61,primary,1613.6283706127751,None,False,
S818,61,primary,5267.493564642512,None,False,
S819,75,primary,1214.851967376018,None,False,
S820,75,primary,5421.231735328822,None,False,
S821,15,primary,246.05405422988682,None,False,
S822,75,primary,5421.2317353288245,None,False,
S823,75,primary,11.855562129574139,None,False,
S824,15,primary,4645.355994063217,None,False,
S825,36,primary,23.945863126366703,None,False,
S826,23,trunk,577.1129736676314,None,False,
S827,57;75;215,primary,236.16365943743034,None,False,
S828,57,primary,625.759574165604,None,False,
S829,75;215,primary,876.2095245263206,None,False,
S830,57;75;215,primary,236.1636594374303,None,False,
S831,75,primary,2435.704495196784,None,False,
S832,57;215,primary,957.7134348570339,None,False,
S833,22,primary,670.3520954062909,None,False,
S834,61;208,primary,9.781763168201584,None,False,
S835,22,primary,241.113135818479,None,False,
S836,61,primary,1613.6283706127756,None,False,
S837,53,primary,150.79793104501567,None,False,
S838,東海通,primary,13.557640972265185,None,False,
S839,154,trunk,1302.9090870708646,None,False,
S840,154,trunk,9.691373817045088,None,False,
S841,東海通,primary,815.6151292750644,None,False,
S842,154,trunk,10.348980208623006,None,False,
S843,東海通,primary,478.32428552115573,None,False,
S844,154,trunk,15.086074531800385,None,False,
S845,1,trunk,1143.2024251057594,None,False,
S846,22,trunk,8.735518884511876,None,False,
S847,62,primary,1887.7893906182064,None,False,
S848,27,trunk,15.042491020920028,None,False,
S849,155,trunk,830.4809210951943,None,False,
S850,segment_850,motorway_link,330.877305231205,None,False,
S851,E1,motorway,1194.5502656370124,None,False,
S852,segment_852,motorway_link,377.5938612056487,None,False,
S853,E1,motorway,837.6796617461783,None,False,
S854,segment_854,motorway_link,208.90448627115808,None,False,
S855,C2,motorway,896.0501127736222,None,False,
S856,segment_856,motorway_link,284.9811023534015,None,False,
S857,11,motorway,218.4208274096174,None,False,
S858,E23,motorway,623.6682983934772,None,False,
S859,名古屋第二環状自動車道,motorway_link,555.2524075740876,None,False,
S860,E23,motorway,227.6195948357132,None,False,
S861,5,motorway,253.3051671288246,None,False,
S862,segment_862,motorway_link,529.7818246097283,None,False,
S863,C2,motorway,934.729914945262,None,False,
S864,C2,motorway,1736.5598804941685,None,False,
S865,segment_865,motorway_link,166.26271968577123,None,False,
S866,C2,motorway,860.5452795620907,None,False,
S867,C2,motorway,323.720187586914,None,False,
S868,C2,motorway,319.8568156441517,None,False,
S869,C2,motorway,1311.123622746108,None,False,
S870,C2,motorway,326.1396483554069,None,False,
S871,segment_871,motorway_link,683.0765391005826,None,False,
S872,C2,motorway,1431.7548186207443,None,False,
S873,59,primary,26.501757116299302,None,False,
S874,59,primary,3722.230119075569,None,False,
S875,302,trunk,272.0578244731917,None,False,
S876,302,trunk,2552.5583543777852,None,False,
S877,segment_877,motorway_link,630.2892874570737,None,False,
S878,segment_878,motorway_link,282.2206605717639,None,False,
S879,C2,motorway,2324.9705275038127,None,False,
S880,56;221,primary,24.499972941622506,None,False,
S881,302,trunk,1111.0145014671848,None,False,
S882,56,primary,1069.562249617057,None,False,
S883,36;56,primary,1604.763994674282,None,False,
S884,1,motorway,204.38157734206945,None,False,
S885,C2,motorway,662.9467772204092,None,False,
S886,segment_886,motorway_link,414.9455773335243,None,False,
S887,segment_887,motorway_link,384.8330628750376,None,False,
S888,41,trunk,3466.9192639826983,None,False,
S889,segment_889,motorway_link,377.3427217965107,None,False,
S890,segment_890,motorway_link,258.0773610351413,None,False,
S891,segment_891,motorway_link,95.2782382139748,None,False,
S892,segment_892,motorway_link,60.824942007712345,None,False,
S893,segment_893,motorway_link,177.45732573845802,None,False,
S894,segment_894,motorway_link,78.68670971114446,None,False,
S895,segment_895,motorway_link,66.6374741405485,None,False,
S896,segment_896,motorway_link,132.89726384780258,None,False,
S897,segment_897,motorway_link,537.6702774564901,None,False,
S898,環状線,primary,12.968174792769403,None,False,
S899,22,trunk,1402.754048702483,None,False,
S900,環状線,primary_link,52.07306796647431,None,False,
S901,22,trunk,28.35191156215496,None,False,
S902,22,trunk,1182.8114704746076,None,False,
S903,6,motorway,1551.6988945064093,None,False,
S904,6,motorway,1118.9022948756199,None,False,
S905,segment_905,motorway_link,557.427872704104,None,False,
S906,22,trunk,740.320875844934,None,False,
S907,302,trunk,43.75334010179209,None,False,
S908,22,trunk_link,61.07120106074614,None,False,
S909,22,trunk_link,34.947094453374255,None,False,
S910,302,trunk,68.11869221356139,None,False,
S911,6,motorway,2703.9162349846483,None,False,
S912,22,trunk,238.39665336830353,None,False,
S913,22,trunk_link,92.79783415721131,None,False,
S914,22,trunk,556.7228779953701,None,False,
S915,22,trunk_link,80.49505663914876,None,False,
S916,22,trunk,267.02934714574735,None,False,
S917,62,primary,21.60328455208522,None,False,
S918,22,trunk,237.32679600506845,None,False,
S919,22,trunk,231.18915318575063,None,False,
S920,22,trunk,167.7476615452996,None,False,
S921,segment_921,motorway_link,447.3641333158062,None,False,
S922,16,"['motorway_link', 'motorway']",2514.3151573455098,None,False,
S923,22,trunk,395.70888070085135,None,False,
S924,segment_924,motorway_link,194.89392397032373,None,False,
S925,22,trunk,1230.4735865019443,None,False,
S926,22,trunk,283.3821661134815,None,False,
S927,2,motorway,324.041204953082,None,False,
S928,C2,motorway,354.8774066641499,None,False,
S929,C2,motorway,292.9216679473413,None,False,
S930,2,motorway,1387.8991818967463,None,False,
S931,東海通,primary,19.99789916922296,None,False,
S932,江川線,primary,372.5845280491069,None,False,
S933,segment_933,motorway_link,616.126482928942,None,False,
S934,segment_934,motorway_link,257.9246247383843,None,False,
S935,segment_935,motorway_link,105.40145905386325,None,False,
S936,segment_936,motorway_link,224.33735331960267,None,False,
S937,segment_937,motorway_link,553.3566958278078,None,False,
S938,302,trunk,9.685108868680278,None,False,
S939,153,trunk_link,4.215594835282588,None,False,
S940,63;163,primary,31.90087519794754,None,False,
S941,302,trunk,650.3563189162568,None,False,
S942,302,trunk,14.202299376790952,None,False,
S943,63;162,primary,3066.3549877641003,None,False,
S944,segment_944,trunk_link,323.0345687602385,None,False,
S945,55,primary,31.071828871848044,None,False,
S946,55,primary,693.004383630298,None,False,
S947,segment_947,trunk_link,301.6748546933096,None,False,
S948,環状線,primary,22.6037063065401,None,False,
S949,1,trunk,558.576870544881,None,False,
S950,247,trunk,10.98594660817174,None,False,
S951,55,primary,1406.0609816838328,None,False,
S952,55,primary,11.476398580909407,None,False,
S953,247,trunk,1905.3193535304445,None,False,
S954,5,motorway,2933.2571833935353,None,False,
S955,1,trunk,22.50624803793701,None,False,
S956,19;22,trunk,56.14239777180732,None,False,
S957,154,trunk,17.11404595594972,None,False,
S958,1,trunk,553.1814505352693,None,False,
S959,29,primary,13.7979981096442,None,False,
S960,環状線,primary,3771.632045183664,None,False,
S961,山王通,primary,13.278714355686066,None,False,
S962,環状線,primary,958.4148515384912,None,False,
S963,56,primary,15.906562611000753,None,False,
S964,環状線,primary,933.4937970411623,None,False,
S965,56,primary,1547.7230561600236,None,False,
S966,153,trunk,12.785477308523866,None,False,
S967,環状線,primary,139.1362305297326,None,False,
S968,60,primary,12.78696474807669,None,False,
S969,環状線,primary,1090.3375610714634,None,False,
S970,環状線,primary,12.354019184582512,None,False,
S971,60,primary,1896.5105159126724,None,False,
S972,15;61,primary,11.980154101555675,None,False,
S973,環状線,primary,2496.7590194030977,None,False,
S974,55,primary,7.805239788934478,None,False,
S975,55,primary,1446.3390553985205,None,False,
S976,名駅通,primary,12.203541445864916,None,False,
S977,大須通,primary,1096.5698639172833,None,False,
S978,江川線,primary,781.4808235105256,None,False,
S979,segment_979,motorway_link,506.5553291157012,None,False,
S980,山王通,primary,395.01718452172656,None,False,
S981,154,trunk,762.8866457095206,None,False,
S982,154,trunk,15.473337322216144,None,False,
S983,154,trunk,770.1595614701249,None,False,
S984,154,trunk,12.780040419229968,None,False,
S985,金城ふ頭線,primary,1120.5778412305149,None,False,
S986,江川線,primary,10.407708899470178,None,False,
S987,東海通,primary,1489.3537268030202,None,False,
S988,江川線,primary,13.061883632152929,None,False,
S989,1,trunk,1745.2895526560842,None,False,
S990,1,trunk,19.414407368299642,None,False,
S991,江川線,primary,93.11839109946546,None,False,
S992,41,trunk,180.2774028627992,None,False,
S993,41,trunk_link,181.30520989397516,None,False,
S994,41,trunk,1839.9173930202664,None,False,
S995,1,trunk,3363.7161091843977,None,False,
S996,環状線,primary,16.8926327468855,None,False,
S997,41,trunk,3147.9205447402296,None,False,
S998,41,trunk,10.35439338506193,None,False,
S999,環状線,primary,2061.2975674618174,None,False,
S1000,環状線,primary,16.53515886886157,None,False,
S1001,19,trunk,2310.8076652247155,None,False,
S1002,19,trunk,12.62172923023551,None,False,
S1003,環状線,primary,226.3779611623531,None,False,
S1004,15;61,primary,13.302155963348124,None,False,
S1005,15;61,primary,733.3886457428882,None,False,
S1006,22,trunk,9.810041793906644,None,False,
S1007,環状線,primary_link,29.241089464906295,None,False,
S1008,63,primary,12.532430760595355,None,False,
S1009,環状線,primary,1955.4435233275465,None,False,
S1010,環状線,primary,13.84800330528081,None,False,
S1011,63,primary,575.5752287819407,None,False,
S1012,環状線,primary,14.112583329800662,None,False,
S1013,63,primary,508.10969201564353,None,False,
S1014,63,primary,12.390334663942248,None,False,
S1015,環状線,primary,609.789036098068,None,False,
S1016,segment_1016,trunk_link,22.3568656020071,None,False,
S1017,19,trunk,1420.4867515736212,None,False,
S1018,59,primary,10.869230431409274,None,False,
S1019,79,primary,2477.534645116155,None,False,
S1020,59,primary,5702.21152988949,None,False,
S1021,59,primary,10.869230431409274,None,False,
S1022,59;126,primary,3039.4000844281068,None,False,
S1023,302,trunk,48.469712100849755,None,False,
S1024,59,primary,8.50348106067038,None,False,
S1025,70;227,primary,1490.8609197037636,None,False,
S1026,59,primary,11.06499100732186,None,False,
S1027,1,trunk,250.13801016548322,None,False,
S1028,59,primary,1744.2192896689435,None,False,
S1029,67;190,primary,734.5283934355609,None,False,
S1030,67;190,primary,1369.4067524520144,None,False,
S1031,67;127,primary,2015.6055742926396,None,False,
S1032,63;163,primary,73.99727602848705,None,False,
S1033,segment_1033,primary_link,127.78314233650231,None,False,
S1034,59,primary,3650.6723184560055,None,False,
S1035,59,primary,419.38399012246265,None,False,
S1036,segment_1036,motorway_link,392.41092428097045,None,False,
S1037,E87,motorway_link,528.9573362442758,None,False,
S1038,segment_1038,motorway_link,295.1393528220756,None,False,
S1039,E87,motorway,2936.246881422938,None,False,
S1040,segment_1040,motorway_link,242.3356772168364,None,False,
S1041,E87,motorway,630.1370169874334,None,False,
S1042,segment_1042,motorway_link,647.6839750239553,None,False,
S1043,E87,motorway,1537.052111394811,None,False,
S1044,29,primary,11.75054048136535,None,False,
S1045,環状線,primary,1763.586975735283,None,False,
S1046,153,trunk,10.20004078421307,None,False,
S1047,153,trunk,1297.4124999370433,None,False,
S1048,2,motorway,1256.4846291816398,None,False,
S1049,155,trunk,18.279464995580742,None,False,
S1050,19,trunk,659.4245042194054,None,False,
S1051,155,trunk,4530.3290788902295,None,False,
S1052,segment_1052,trunk_link,465.75258713614585,None,False,
S1053,19,trunk,461.9898150881947,None,False,
S1054,segment_1054,trunk_link,370.0704955592859,None,False,
S1055,19,trunk,369.8607613370427,None,False,
S1056,55,primary,10.06603537398719,None,False,
S1057,247,trunk,1772.4575603821577,None,False,
S1058,247,trunk,12.154507972123323,None,False,
S1059,55,primary,720.7933924486051,None,False,
S1060,60;57,primary,555.490637368569,None,False,
S1061,57,primary,625.759574165604,None,False,
S1062,60,primary,347.2566691370381,None,False,
S1063,247,trunk,143.5277491189827,None,False,
S1064,27,trunk,15.042491020920028,None,False,
S1065,155,trunk,248.02339769379972,None,False,
S1066,155,trunk,2679.417069533644,None,False,
S1067,155,trunk,976.7086867940159,None,False,
S1068,155,trunk,2762.9982976943647,None,False,
S1069,23,trunk_link,533.4517504612743,None,False,
S1070,23,trunk,307.62739702097076,None,False,
S1071,23,trunk_link,269.9921791366377,None,False,
S1072,23,trunk,697.8335553795124,None,False,
S1073,segment_1073,trunk_link,209.19949268744242,None,False,
S1074,23,trunk,507.2951582533474,None,False,
S1075,50,primary,61.90279703934147,None,False,
S1076,segment_1076,trunk_link,77.04258774812952,None,False,
S1077,50,primary,4260.193471373017,None,False,
S1078,segment_1078,trunk_link,89.8131571791356,None,False,
S1079,segment_1079,trunk_link,38.961853233075246,None,False,
S1080,23,trunk_link,305.2109343200323,None,False,
S1081,23,trunk,555.7031196193766,None,False,
S1082,23,trunk,351.91040527750886,None,False,
S1083,segment_1083,trunk_link,380.16181246646056,None,False,
S1084,23,trunk,449.91562169505585,None,False,
S1085,23,trunk_link,613.4425019057168,None,False,
S1086,segment_1086,motorway_link,357.0348519144999,None,False,
S1087,23,trunk,565.5727801416851,None,False,
S1088,23,trunk,506.0840095922246,None,False,
S1089,23,trunk,605.2645651300911,None,False,
S1090,23,trunk,299.2879638248503,None,False,
S1091,segment_1091,trunk_link,384.64705671180013,None,False,
S1092,23,trunk,343.25185875071804,None,False,
S1093,54,primary,11.95857188104759,None,False,
S1094,54,primary,30.8288942563749,None,False,
S1095,56,primary,2137.9162995324596,None,False,
S1096,56,primary,258.1301909523382,None,False,
S1097,56,primary,492.86931703985545,None,False,
S1098,155,trunk,354.81586631661753,None,False,
S1099,segment_1099,trunk_link,103.04174515083179,None,False,
S1100,155,trunk,6.682099436457188,None,False,
S1101,155,trunk,416.9330905413773,None,False,
S1102,155,trunk,138.27548842842285,None,False,
S1103,segment_1103,trunk_link,117.0233599244831,None,False,
S1104,419,trunk,1213.1593608200697,None,False,
S1105,155,"['trunk_link', 'trunk']",466.69001479121255,None,False,
S1106,155,trunk_link,34.8977715245108,None,False,
S1107,56,primary,239.67586492472174,None,False,
S1108,36,primary,14.857765984090893,None,False,
S1109,1,trunk,820.0701966296659,None,False,
S1110,12,primary,29.543265315355605,None,False,
S1111,56,primary,1034.932482337675,None,False,
S1112,366,trunk,3755.5556225817677,None,False,
S1113,366,trunk,273.32387904647857,None,False,
S1114,segment_1114,motorway_link,80.97079381805577,None,False,
S1115,segment_1115,motorway_link,653.8163600502214,None,False,
S1116,segment_1116,motorway_link,122.20829842034006,None,False,
S1117,segment_1117,motorway_link,420.23557436179317,None,False,
S1118,segment_1118,motorway_link,236.58499464146544,None,False,
S1119,segment_1119,motorway_link,347.9203562259008,None,False,
S1120,segment_1120,motorway_link,1167.720368422616,None,False,
S1121,56,primary,23.65371139237235,None,False,
S1122,155,trunk_link,149.4008614345207,None,False,
S1123,56,primary,91.70019245238437,None,False,
S1124,56,primary,479.47501555075,None,False,
S1125,segment_1125,primary_link,481.37422325842624,None,False,
S1126,56,primary,43.08362531108034,None,False,
S1127,60,primary_link,43.35540102523268,None,False,
S1128,302,trunk,110.30198670760313,None,False,
S1129,302,trunk,53.007403357243994,None,False,
S1130,60,primary_link,357.48633019068893,None,False,
S1131,60,primary_link,49.20277793318378,None,False,
S1132,302,trunk,37.42977734444077,None,False,
S1133,302,trunk,51.06018305002397,None,False,
S1134,60,primary_link,230.94406909190627,None,False,
S1135,6;60,primary,8.158114723785387,None,False,
S1136,6,primary_link,930.8549152923721,None,False,
S1137,6,primary,301.69534918392895,None,False,
S1138,75;215,primary,876.2095245263206,None,False,
S1139,60,primary,880.1505252563513,None,False,
S1140,60,primary,347.25666913703805,None,False,
S1141,60,primary,11.71451365792144,None,False,
S1142,6,primary,1516.7024089833571,None,False,
S1143,60;57,primary,11.133536561950994,None,False,
S1144,57,primary,636.9374895513496,None,False,
S1145,6,primary,631.9799288917685,None,False,
S1146,6,primary_link,312.3849141487419,None,False,
S1147,6,primary,457.6000628475081,None,False,
S1148,6,primary,105.35714183453815,None,False,
S1149,6,primary,2556.449505868003,None,False,
S1150,6;60,primary,410.4363838879009,None,False,
S1151,60,primary,880.1505252563513,None,False,
S1152,segment_1152,motorway_link,11.268830366791232,None,False,
S1153,6,primary,198.3617509806054,None,False,
S1154,6,primary,758.7401908330271,None,False,
S1155,6,primary,360.2923542625027,None,False,
S1156,6,primary,198.3617509806054,None,False,
S1157,50,primary,946.4979792243438,None,False,
S1158,1,trunk,1065.5134452463699,None,False,
S1159,1,trunk,201.61900657549214,None,False,
S1160,30,primary,12.30607482815706,None,False,
S1161,30,primary,991.9361484146133,None,False,
S1162,15;61,primary,11.906594564633597,None,False,
S1163,30,primary,3479.4508578767545,None,False,
S1164,15;61,primary,1759.8128237942099,None,False,
S1165,59;202,primary,13.543199988031612,None,False,
S1166,59;202,primary,1429.7643583348133,None,False,
S1167,30,primary,1542.0201529678536,None,False,
S1168,25,primary,2384.1794181319465,None,False,
S1169,25;451,primary,757.7506830433423,None,False,
S1170,C1,motorway,701.81197576041,None,False,
S1171,segment_1171,motorway_link,275.0305864704161,None,False,
S1172,59,primary,474.1700225439526,None,False,
S1173,59,primary,1420.6112928544642,None,False,
S1174,153,trunk_link,21.499882283067898,None,False,
S1175,153,trunk_link,20.538599765283077,None,False,
S1176,segment_1176,motorway_link,84.27821979959292,None,False,
S1177,segment_1177,motorway_link,449.83125229354613,None,False,
S1178,E1,motorway,559.6708949937994,None,False,
S1179,segment_1179,motorway_link,154.00435072343166,None,False,
S1180,54,primary,9.415329285300606,None,False,
S1181,54,primary,1091.8412838114916,None,False,
S1182,54,primary,8.235008833180094,None,False,
S1183,54,primary,9.415329285300606,None,False,
S1184,54,"['motorway_link', 'primary']",561.7548978175985,None,False,
S1185,segment_1185,motorway_link,343.79911352245,None,False,
S1186,E87,motorway,385.31102829287823,None,False,
S1187,segment_1187,motorway_link,395.78140417558853,None,False,
S1188,3,motorway,2954.9243401470835,None,False,
S1189,3,motorway,924.0937575644443,None,False,
S1190,segment_1190,motorway_link,266.95732623323244,None,False,
S1191,segment_1191,motorway_link,319.29993805964205,None,False,
S1192,3,motorway,283.48399308926093,None,False,
S1193,59,primary,23.648649194147637,None,False,
S1194,41,trunk,473.8440100316361,None,False,
S1195,59,primary,3722.2301190755716,None,False,
S1196,59,primary,23.648649194147637,None,False,
S1197,41,trunk,709.0883995994847,None,False,
S1198,59,primary,3650.6723184560046,None,False,
S1199,68,primary,377.7540484642138,None,False,
S1200,68,primary,38.564242188074026,None,False,
S1201,segment_1201,motorway_link,117.46940606681338,None,False,
S1202,segment_1202,motorway_link,214.08957922075902,None,False,
S1203,segment_1203,motorway_link,97.85929257155486,None,False,
S1204,2,motorway,186.83549034469573,None,False,
S1205,23,trunk,246.61472777436938,None,False,
S1206,23,trunk,171.91177622298048,None,False,
S1207,segment_1207,trunk_link,230.04281726049462,None,False,
S1208,segment_1208,motorway_link,1000.2805420223029,None,False,
S1209,3,"['motorway_link', 'motorway']",334.2203540756357,None,False,
S1210,segment_1210,motorway_link,633.4878384067921,None,False,
S1211,segment_1211,motorway_link,328.61469279371926,None,False,
S1212,segment_1212,motorway_link,463.4891833214196,None,False,
S1213,segment_1213,motorway_link,386.0516143996706,None,False,
S1214,segment_1214,motorway_link,241.82530277765744,None,False,
S1215,3,"['motorway_link', 'motorway']",152.53381617324814,None,False,
S1216,30,primary,2417.5498479856924,None,False,
S1217,30,primary,26.260699710971586,None,False,
S1218,247,motorway_link,336.95988881611953,None,False,
S1219,247,motorway,576.5587606030914,None,False,
S1220,153,trunk,367.43009533871555,None,False,
S1221,56,primary,1226.053350158307,None,False,
S1222,segment_1222,motorway_link,448.35256780726974,None,False,
S1223,11,motorway,1319.7535777868284,None,False,
S1224,E1,motorway,1412.0184850230946,None,False,
S1225,62,primary,1669.871569219923,None,False,
S1226,62,primary,858.924429637151,None,False,
S1227,62,primary,27.562971691199266,None,False,
S1228,41,trunk,12.160617825999395,None,False,
S1229,25;27;451,primary,692.8910400099463,None,False,
S1230,27,primary,361.50227793646286,None,False,
S1231,27,primary,865.076917186389,None,False,
S1232,25;451,primary,757.7506830433424,None,False,
S1233,27,primary,46.24960833658451,None,False,
S1234,27,primary,361.50227793646286,None,False,
S1235,27,primary,13.77774338528897,None,False,
S1236,155,trunk,255.19841626266896,None,False,
S1237,27,primary,13.77774338528897,None,False,
S1238,27,primary,1421.2508456640087,None,False,
S1239,E19,motorway_link,1203.7244834159844,None,False,
S1240,E1,motorway,1564.3399712928374,None,False,
S1241,19,trunk,660.389799653262,None,False,
S1242,segment_1242,trunk_link,297.93633305772914,None,False,
S1243,19,trunk,273.2024382200624,None,False,
S1244,25,primary,9.554371674632428,None,False,
S1245,25,primary,740.0385949213525,None,False,
S1246,25,primary,9.554371674632428,None,False,
S1247,25;451,primary,2378.8495792391764,None,False,
S1248,19,trunk,29.723179184378257,None,False,
S1249,15;61,primary,239.2593624295866,None,False,
S1250,15;61,primary,14.770528964584404,None,False,
S1251,環状線,primary,224.85440650127975,None,False,
S1252,155,trunk,422.6010468968335,None,False,
S1253,155,trunk,592.7708601546177,None,False,
S1254,segment_1254,trunk_link,43.96832793190646,None,False,
S1255,59,primary,75.21260870991556,None,False,
S1256,59,primary,1038.5998853179253,None,False,
S1257,22,primary,670.352095406291,None,False,
S1258,41,trunk,9.892952763266408,None,False,
S1259,62,primary,3736.075240120317,None,False,
S1260,11,motorway,920.0377451439467,None,False,
S1261,segment_1261,motorway_link,387.25992890458764,None,False,
S1262,11,motorway,533.7933605478786,None,False,
S1263,11,motorway,1074.6107797212817,None,False,
S1264,41,trunk,276.58480755732677,None,False,
S1265,segment_1265,motorway_link,564.2301256830639,None,False,
S1266,1,motorway,1776.4451537076359,None,False,
S1267,segment_1267,motorway_link,319.92106422830216,None,False,
S1268,segment_1268,motorway_link,316.20805777855674,None,False,
S1269,segment_1269,motorway_link,16.71730874001807,None,False,
S1270,1,motorway,487.4792749681315,None,False,
S1271,segment_1271,motorway_link,211.52734689181122,None,False,
S1272,segment_1272,motorway_link,502.22913151552956,None,False,
S1273,segment_1273,motorway_link,291.0083102810786,None,False,
S1274,C1,motorway,739.0888684391931,None,False,
S1275,segment_1275,motorway_link,311.87483174880936,None,False,
S1276,江川線,primary,10.534348262610681,None,False,
S1277,名駅通,primary,1080.5142748252003,None,False,
S1278,30,primary,9.083987205221238,None,False,
S1279,山王通,primary,314.6729099446493,None,False,
S1280,大須通,primary,13.3817803206761,None,False,
S1281,名駅通,primary,1063.0115439649962,None,False,
S1282,C2,motorway,603.6673374650534,None,False,
S1283,302,trunk,78.13194712871021,None,False,
S1284,302,trunk,93.67965591439506,None,False,
S1285,segment_1285,motorway_link,650.6986951703728,None,False,
S1286,C2,motorway,1432.9755530241364,None,False,
S1287,302,trunk,335.8775210602652,None,False,
S1288,C2,motorway,1123.3577556399657,None,False,
S1289,segment_1289,motorway_link,1004.1463046265121,None,False,
S1290,56;221,primary,24.109251616781993,None,False,
S1291,302,trunk,167.37656997124512,None,False,
S1292,segment_1292,motorway_link,277.42763944771224,None,False,
S1293,302,trunk,350.1620217299497,None,False,
S1294,302,trunk,25.95647912606747,None,False,
S1295,302,trunk,8.406368008117761,None,False,
S1296,56;221,primary,928.4002245406847,None,False,
S1297,C2,motorway,1312.6406629228497,None,False,
S1298,58,primary,29.517654668775727,None,False,
S1299,302,trunk,2145.3412869348635,None,False,
S1300,58,primary,939.3043853121775,None,False,
S1301,302,trunk,43.44281405766494,None,False,
S1302,segment_1302,motorway_link,692.7233857182417,None,False,
S1303,C2,motorway,525.5721110376517,None,False,
S1304,C2,motorway,2218.1680536343974,None,False,
S1305,segment_1305,motorway_link,378.56091112361827,None,False,
S1306,153,trunk_link,30.61452616576951,None,False,
S1307,302,trunk,15.551335470498257,None,False,
S1308,E1A,motorway,1269.5513776213938,None,False,
S1309,segment_1309,motorway_link,491.2984939186903,None,False,
S1310,23,trunk,397.8725739410126,None,False,
S1311,segment_1311,motorway_link,752.9491647139881,None,False,
S1312,E1A,motorway,3633.017652556242,None,False,
S1313,23,trunk,270.3279186011821,None,False,
S1314,segment_1314,trunk_link,295.96371105725916,None,False,
S1315,23,trunk,655.656243849215,None,False,
S1316,23,trunk,232.39218822832925,None,False,
S1317,segment_1317,trunk_link,82.4538654001742,None,False,
S1318,23,trunk,323.0628382669146,None,False,
S1319,E1A,motorway,4169.826696915002,None,False,
S1320,segment_1320,motorway_link,516.4643893183146,None,False,
S1321,segment_1321,motorway_link,360.25819731522165,None,False,
S1322,segment_1322,motorway_link,306.0758713649255,None,False,
S1323,segment_1323,motorway_link,1136.7374921506716,None,False,
S1324,segment_1324,motorway_link,176.07594760282413,None,False,
S1325,C2,motorway,1948.1486773696543,None,False,
S1326,segment_1326,motorway_link,483.26446503846716,None,False,
S1327,C2,motorway,1002.1641189216729,None,False,
S1328,C2,motorway_link,350.7283839658131,None,False,
S1329,segment_1329,motorway_link,12.325617133135603,None,False,
S1330,C2,motorway,3084.442658586669,None,False,
S1331,C2,motorway,992.3782270839162,None,False,
S1332,segment_1332,motorway_link,403.1550343874342,None,False,
S1333,C2,motorway,923.284399549498,None,False,
S1334,segment_1334,motorway_link,288.18143202053693,None,False,
S1335,23,trunk,10.968509798588698,None,False,
S1336,36,primary,1319.2955813623473,None,False,
S1337,segment_1337,trunk_link,78.79284905416088,None,False,
S1338,segment_1338,trunk_link,277.73618938206425,None,False,
S1339,segment_1339,trunk_link,374.5121702617039,None,False,
S1340,23,trunk,1043.371433130946,None,False,
S1341,E1A,motorway,1038.24260220439,None,False,
S1342,segment_1342,motorway_link,203.68499425091883,None,False,
S1343,segment_1343,motorway_link,263.051862238394,None,False,
S1344,3,motorway,2365.5602938184347,None,False,
S1345,segment_1345,motorway_link,430.4940927621384,None,False,
S1346,3,motorway,2524.116842238017,None,False,
S1347,1,trunk,30.88638432448282,None,False,
S1348,空港線,primary,1343.3853892602594,None,False,
S1349,3,motorway,797.6442764581313,None,False,
S1350,C1,motorway,475.74013758626705,None,False,
S1351,segment_1351,motorway_link,391.53883161365405,None,False,
S1352,segment_1352,motorway_link,495.0761498080994,None,False,
S1353,空港線,primary_link,429.5833594621473,None,False,
S1354,2,motorway,1725.5109605407586,None,False,
S1355,segment_1355,motorway_link,196.18884601528845,None,False,
S1356,segment_1356,motorway_link,587.8601189357726,None,False,
S1357,E1,motorway,3595.2878677244835,None,False,
S1358,segment_1358,motorway_link,11.317183777429795,None,False,
S1359,6,primary,1041.2347355383306,None,False,
S1360,521,"['motorway_link', 'motorway']",1492.5143545815818,None,False,
S1361,521,"['motorway_link', 'motorway']",1499.820338704499,None,False,
S1362,6,primary,7.744939461604694,None,False,
S1363,segment_1363,motorway_link,117.36789975533195,None,False,
S1364,segment_1364,motorway_link,205.5240913547304,None,False,
S1365,名古屋瀬戸道路,motorway_link,1321.5551145361987,None,False,
S1366,segment_1366,motorway_link,1138.339042009292,None,False,
S1367,segment_1367,motorway_link,1348.0136986499156,None,False,
S1368,54;284,primary,10.914441935913779,None,False,
S1369,54;284,primary,3998.7083986862995,None,False,
S1370,1,trunk,638.636480940488,None,False,
S1371,4,motorway,1513.3148828884405,None,False,
S1372,segment_1372,motorway_link,454.76372621926674,None,False,
S1373,江川線,primary,139.13382915821137,None,False,
S1374,segment_1374,motorway_link,686.2634299097548,None,False,
S1375,23,trunk,311.7473194135615,None,False,
S1376,segment_1376,trunk_link,292.2180484094306,None,False,
S1377,segment_1377,motorway_link,585.6756419895902,None,False,
S1378,segment_1378,motorway_link,656.1576119301074,None,False,
S1379,segment_1379,trunk_link,79.08287042180277,None,False,
S1380,segment_1380,motorway_link,214.505670436413,None,False,
S1381,segment_1381,motorway_link,176.89637167017847,None,False,
S1382,segment_1382,trunk_link,506.13082660165975,None,False,
S1383,環状線,primary,650.2796401590006,None,False,
S1384,68,primary,13.94024817623936,None,False,
S1385,環状線,primary,1147.5987087633662,None,False,
S1386,環状線,primary,11.09371806941318,None,False,
S1387,68,primary,1154.2578052647787,None,False,
S1388,環状線,primary,12.419085595563402,None,False,
S1389,1,trunk,1749.7624736287978,None,False,
S1390,1,trunk,12.710691152644346,None,False,
S1391,環状線,primary,1239.2501531063215,None,False,
S1392,環状線,primary,12.47927355231991,None,False,
S1393,1,trunk,2771.7619692037397,None,False,
S1394,59,primary,9.030580065423882,None,False,
S1395,柳瀬橋,primary,1596.403621391399,None,False,
S1396,環状線,primary,9.83249601109187,None,False,
S1397,柳瀬橋,primary,1598.4805681197308,None,False,
S1398,59,primary,9.030580065423882,None,False,
S1399,59;70;227,primary,1658.7392844212618,None,False,
S1400,59;227,primary,1970.3813859544969,None,False,
S1401,金城ふ頭線,primary,13.733440916530109,None,False,
S1402,環状線,primary,702.0516932087261,None,False,
S1403,環状線,primary,9.802670950706894,None,False,
S1404,東海通,primary,1492.415327154533,None,False,
S1405,154,trunk,17.197560947892846,None,False,
S1406,江川線,primary,146.48385814962535,None,False,
S1407,環状線,primary,13.19896932039306,None,False,
S1408,金城ふ頭線,primary,1122.1155532502896,None,False,
S1409,東海通,primary,20.067698583572238,None,False,
S1410,江川線,primary,605.0151095138255,None,False,
S1411,59,primary,8.50348106067038,None,False,
S1412,59,primary,1744.219289668943,None,False,
S1413,59;70;227,primary,383.20310113010356,None,False,
S1414,302,trunk,12.047498063617237,None,False,
S1415,70;227,primary,1488.832486571212,None,False,
S1416,70,primary,1143.4797476559029,None,False,
S1417,59,primary,1276.8222267484496,None,False,
S1418,江川線,primary,8.25426193245455,None,False,
S1419,東海通,primary,818.8855881108796,None,False,
S1420,154,trunk,14.894643201011421,None,False,
S1421,154,trunk,1909.3596538423458,None,False,
S1422,環状線,primary,9.07273835951594,None,False,
S1423,29,primary,4307.704546528334,None,False,
S1424,環状線,primary,1155.645201999483,None,False,
S1425,36,primary,13.204787900451104,None,False,
S1426,36,primary,2259.1595814799552,None,False,
S1427,153,trunk,533.7942428232857,None,False,
S1428,56,primary,258.13019095233824,None,False,
S1429,56,primary,922.5391265408477,None,False,
S1430,36,primary,418.1703756393704,None,False,
S1431,36,primary,1860.9015584784538,None,False,
S1432,36,primary,418.1703756393704,None,False,
S1433,56,primary,492.86931703985545,None,False,
S1434,36;56,primary,1604.763994674282,None,False,
S1435,62,primary,21.489460428357773,None,False,
S1436,22,trunk,852.6680286405127,None,False,
S1437,22,trunk,7.906668993632215,None,False,
S1438,62,primary,1253.6792097667806,None,False,
S1439,62,primary,10.642353135805127,None,False,
S1440,63,primary,2119.749968248925,None,False,
S1441,62;190;155,primary,1685.9491595051338,None,False,
S1442,62,primary,1252.6482518454277,None,False,
S1443,segment_1443,motorway_link,17.55803484670421,None,False,
S1444,63,primary,181.6645759226563,None,False,
S1445,63,primary,11.216676667375854,None,False,
S1446,25,primary,960.2793988690466,None,False,
S1447,22,trunk,94.40331886289293,None,False,
S1448,segment_1448,trunk_link,104.15661075943001,None,False,
S1449,366,trunk,255.7577311031636,None,False,
S1450,366,trunk,255.75773110316356,None,False,
S1451,366,trunk,531.5812823366615,None,False,
S1452,25,primary,658.012317312359,None,False,
S1453,25;153;155;166,primary,793.4279475325135,None,False,
S1454,25;166,primary,2254.360326486068,None,False,
S1455,segment_1455,trunk_link,32.41972980752288,None,False,
S1456,22,trunk,686.3818807192964,None,False,
S1457,segment_1457,motorway_link,771.9962197932667,None,False,
S1458,segment_1458,trunk_link,368.12854995070825,None,False,
S1459,23,trunk,720.0294045154161,None,False,
S1460,segment_1460,motorway_link,294.9771755962353,None,False,
S1461,71,"['motorway_link', 'primary']",745.8377487344313,None,False,
S1462,segment_1462,motorway_link,765.6397211413357,None,False,
S1463,302,"['trunk', 'primary']",2447.3419060227366,None,False,
S1464,302,trunk,27.761325108393326,None,False,
S1465,segment_1465,trunk_link,375.88680105425976,None,False,
S1466,E1A;302,motorway,1338.9587894266856,None,False,
S1467,302,trunk,27.59639217960419,None,False,
S1468,segment_1468,trunk_link,324.31337142556674,None,False,
S1469,segment_1469,motorway_link,388.99881322518894,None,False,
S1470,名古屋第二環状自動車道,motorway_link,773.747395337246,None,False,
S1471,segment_1471,motorway_link,506.53745528669475,None,False,
S1472,C2,motorway,1306.2422324656231,None,False,
S1473,C2,motorway,1877.518553992445,None,False,
S1474,segment_1474,motorway_link,598.7895107832031,None,False,
S1475,68,primary,232.6057286872948,None,False,
S1476,40;115,primary,1062.5074911808397,None,False,
S1477,302,trunk,109.47970903388983,None,False,
S1478,C2,motorway,1309.138048805585,None,False,
S1479,C2,motorway,1391.762752255572,None,False,
S1480,segment_1480,motorway_link,506.81797258710003,None,False,
S1481,segment_1481,motorway_link,489.2528248606166,None,False,
S1482,名古屋高速5号万場線,motorway_link,271.1574726791291,None,False,
S1483,名古屋高速5号万場線,motorway_link,335.4701532774971,None,False,
S1484,302,trunk,11.145397309508896,None,False,
S1485,68,primary,5116.733327075932,None,False,
S1486,302,trunk,6.883029679964065,None,False,
S1487,79,primary,2478.9145173499046,None,False,
S1488,79,primary,21.357056924688166,None,False,
S1489,302,trunk,51.55204361873742,None,False,
S1490,68,primary,22.214697403634826,None,False,
S1491,302,trunk,1472.8026545319876,None,False,
S1492,54,"['motorway_link', 'primary']",538.191531473808,None,False,
S1493,segment_1493,motorway_link,899.5557673185613,None,False,
S1494,E1,motorway,849.0170794880545,None,False,
S1495,59,primary,52.23025180509636,None,False,
S1496,59,primary,605.2310861617555,None,False,
S1497,59,primary,7.747163861895955,None,False,
S1498,59,primary_link,33.43911390738903,None,False,
S1499,59,primary,190.1214738044605,None,False,
S1500,59,primary_link,7.38935912526503,None,False,
S1501,59,primary,9.629218963749855,None,False,
S1502,59,primary,9.698239360480574,None,False,
S1503,59,primary,1190.8744407404818,None,False,
S1504,59,primary,38.18220426314302,None,False,
S1505,59,primary,46.08048030271183,None,False,
S1506,302,trunk,1042.3278910880958,None,False,
S1507,segment_1507,motorway_link,634.1915112381768,None,False,
S1508,302,trunk,16.26389555977016,None,False,
S1509,302,trunk,50.063582366413414,None,False,
S1510,302,trunk,19.89549767821368,None,False,
S1511,22,trunk_link,61.36132979706516,None,False,
S1512,302,trunk,1407.9539532636063,None,False,
S1513,segment_1513,trunk_link,90.36606497995685,None,False,
S1514,22,trunk,82.98076530706396,None,False,
S1515,segment_1515,trunk_link,81.21866962522185,None,False,
S1516,segment_1516,trunk,13.463924067335933,None,False,
S1517,155,trunk,842.035626151329,None,False,
S1518,segment_1518,trunk,13.463924067335933,None,False,
S1519,155,trunk,2772.1095931313894,None,False,
S1520,57,primary,618.5566070990578,None,False,
S1521,57,primary_link,620.0244608267628,None,False,
S1522,153,trunk_link,550.994236928192,None,False,
S1523,153,trunk,798.3388988322155,None,False,
S1524,153,trunk_link,241.0132734474698,None,False,
S1525,57,primary,44.75844070297409,None,False,
S1526,153,trunk_link,10.765011366941264,None,False,
S1527,57,primary,3115.1439380848087,None,False,
S1528,153,trunk_link,288.1435961994204,None,False,
S1529,153,trunk,852.8140308651798,None,False,
S1530,153,trunk,639.1226399969788,None,False,
S1531,segment_1531,trunk_link,184.9907206348174,None,False,
S1532,segment_1532,motorway_link,235.50277945985675,None,False,
S1533,segment_1533,motorway_link,304.6470114681946,None,False,
S1534,segment_1534,motorway_link,713.1189992633637,None,False,
S1535,22,trunk_link,126.47801824659018,None,False,
S1536,59,primary,65.05801490963128,None,False,
S1537,59,primary_link,10.11294956473959,None,False,
S1538,59,primary,12.870082395339304,None,False,
S1539,segment_1539,primary_link,13.583691884384919,None,False,
S1540,59,primary_link,19.12836344659806,None,False,
S1541,59,primary,9.629218963749855,None,False,
S1542,59,primary,190.1214738044605,None,False,
S1543,59,primary,419.38399012246265,None,False,
S1544,59,primary,1190.8744407404818,None,False,
S1545,segment_1545,trunk_link,8.906113554420012,None,False,
S1546,segment_1546,trunk_link,2.7110597962942076,None,False,
S1547,1,trunk,19.494409933170818,None,False,
S1548,江川線,primary,351.7062337338172,None,False,
S1549,江川線,primary,13.015525647961644,None,False,
S1550,1,trunk,1143.931147418993,None,False,
S1551,segment_1551,trunk_link,162.87120654437962,None,False,
S1552,環状線,primary,24.269203099796435,None,False,
S1553,segment_1553,trunk_link,12.718091523610148,None,False,
S1554,環状線,primary,1375.8284050792129,None,False,
S1555,segment_1555,trunk_link,13.424698617617842,None,False,
S1556,環状線,primary,694.2383090362559,None,False,
S1557,江川線,primary,41.4976218718678,None,False,
S1558,23,trunk_link,275.53832159339754,None,False,
S1559,23,trunk_link,16.528753846723006,None,False,
S1560,江川線,primary,905.5026094106655,None,False,
S1561,23,trunk,544.392721096053,None,False,
S1562,23,trunk,472.925546950674,None,False,
S1563,23,trunk_link,287.47532531402874,None,False,
S1564,segment_1564,motorway_link,263.41380359949477,None,False,
S1565,23,trunk_link,487.7365022974546,None,False,
S1566,1,trunk,66.58849658992271,None,False,
S1567,1,trunk,5490.679802568693,None,False,
S1568,23,trunk,259.0822481481835,None,False,
S1569,segment_1569,motorway_link,457.440430411438,None,False,
S1570,segment_1570,motorway_link,588.21021026782,None,False,
S1571,23,trunk_link,503.486284027638,None,False,
S1572,23,trunk_link,464.08975883542104,None,False,
S1573,23,trunk_link,12.92644028062706,None,False,
S1574,57,primary,2095.499733792037,None,False,
S1575,23,trunk_link,196.52442423978624,None,False,
S1576,segment_1576,motorway_link,143.00772490744964,None,False,
S1577,segment_1577,trunk_link,51.2944237279879,None,False,
S1578,23,trunk_link,169.56710371056556,None,False,
S1579,segment_1579,trunk_link,143.24933110480475,None,False,
S1580,segment_1580,primary_link,49.23672594426481,None,False,
S1581,57,primary,5049.865726445501,None,False,
S1582,segment_1582,primary_link,33.3556055790533,None,False,
S1583,23,trunk,565.6533804768198,None,False,
S1584,155,trunk,10.445371992855364,None,False,
S1585,23,primary,1022.4787352559342,None,False,
S1586,155,trunk,153.2564586559501,None,False,
S1587,155,trunk,880.1324566940426,None,False,
S1588,57,primary,2242.053809052595,None,False,
S1589,155;247,motorway,1042.8259655217662,None,False,
S1590,155,motorway_link,245.04632242816277,None,False,
S1591,247,motorway,599.5546307688822,None,False,
S1592,155,motorway_link,9.9685778772385,None,False,
S1593,155,trunk,860.2896076553156,None,False,
S1594,155,trunk,55.620777752697485,None,False,
S1595,247,motorway_link,348.14157779974704,None,False,
S1596,247,motorway,1558.496586820228,None,False,
S1597,247,motorway_link,581.5107420433862,None,False,
S1598,247,motorway,579.6676816383538,None,False,
S1599,247,motorway,563.8464894676723,None,False,
S1600,247,motorway_link,393.4126330308194,None,False,
S1601,segment_1601,motorway_link,162.8679687307899,None,False,
S1602,247,motorway,627.5865657446782,None,False,
S1603,247,motorway_link,235.0836909878048,None,False,
S1604,247,motorway_link,521.3872211508069,None,False,
S1605,247,motorway_link,313.4141880311448,None,False,
S1606,segment_1606,motorway_link,582.5334976240185,None,False,
S1607,302,trunk,1078.226523540074,None,False,
S1608,302,trunk,101.64076148621933,None,False,
S1609,segment_1609,motorway_link,302.356867473123,None,False,
S1610,302,trunk,345.75353289511554,None,False,
S1611,247,trunk,23.837752665073175,None,False,
S1612,302,trunk,71.14280457005995,None,False,
S1613,247,trunk,288.78035540545693,None,False,
S1614,247,motorway,599.7331050511259,None,False,
S1615,247,trunk,123.65170248371427,None,False,
S1616,247,trunk,67.54969354422188,None,False,
S1617,302,trunk_link,579.5190150644463,None,False,
S1618,302,trunk,1413.9749043312238,None,False,
S1619,segment_1619,motorway_link,614.2226137710529,None,False,
S1620,1,trunk_link,28.144281577007327,None,False,
S1621,302,trunk,93.81727153305471,None,False,
S1622,302,trunk,15.774164059923173,None,False,
S1623,1,trunk_link,268.68178254233413,None,False,
S1624,59,primary,9.648540226944757,None,False,
S1625,29,primary,849.018955680865,None,False,
S1626,59,primary,1146.8481083836282,None,False,
S1627,302,trunk,8.994296231662068,None,False,
S1628,29,primary,846.3870076155549,None,False,
S1629,名古屋第二環状自動車道,motorway_link,364.1170174805717,None,False,
S1630,名古屋第二環状自動車道,motorway_link,687.4924269604487,None,False,
S1631,40;115,primary,54.30348081447699,None,False,
S1632,302,trunk,402.78200253796194,None,False,
S1633,名古屋高速5号万場線,motorway_link,383.4700627903693,None,False,
S1634,302,trunk,439.498399919878,None,False,
S1635,6,primary_link,68.12928533591389,None,False,
S1636,6,primary_link,228.6740975782473,None,False,
S1637,6,primary,117.89700138501055,None,False,
S1638,6,primary_link,68.12928533591389,None,False,
S1639,6,primary_link,152.5492989859002,None,False,
S1640,12,primary,29.543265315355605,None,False,
S1641,419,trunk,133.9055515137589,None,False,
S1642,419,trunk_link,136.27393147802184,None,False,
S1643,419,trunk,994.2566081312879,None,False,
S1644,155,trunk,27.194435236913392,None,False,
S1645,155,trunk,22.380689822370694,None,False,
S1646,56,primary,243.60674131994426,None,False,
S1647,56,primary,98.30275615845042,None,False,
S1648,segment_1648,motorway_link,1078.5649390386766,None,False,
S1649,56,primary,23.67016271303694,None,False,
S1650,155,trunk,489.8869452816998,None,False,
S1651,56,primary,209.95172563622546,None,False,
S1652,419,trunk,39.522417802903966,None,False,
S1653,419,trunk,803.7328983264454,None,False,
S1654,419,trunk,39.522417802903966,None,False,
S1655,56,primary,462.0337734817456,None,False,
S1656,56;284,primary,2644.8435000462796,None,False,
S1657,segment_1657,motorway_link,727.4603256915572,None,False,
S1658,56,primary,213.06437168754215,None,False,
S1659,E1A,motorway,2753.3542302707524,None,False,
S1660,segment_1660,motorway_link,737.7109184923356,None,False,
S1661,segment_1661,trunk_link,100.07087883239315,None,False,
S1662,155,trunk,876.4660764298562,None,False,
S1663,30,primary,8.42418851444452,None,False,
S1664,29,primary,1035.5365138762638,None,False,
S1665,30,primary,9.474722552570572,None,False,
S1666,山王通,primary,1267.9151898705843,None,False,
S1667,56,primary,8.361163317807579,None,False,
S1668,56,primary,1547.7230561600231,None,False,
S1669,30,primary,247.32000464901088,None,False,
S1670,153,trunk,8.450920494043752,None,False,
S1671,30,primary,1731.1929369993834,None,False,
S1672,環状線,primary,44.7463881130779,None,False,
S1673,segment_1673,trunk_link,153.05741697920098,None,False,
S1674,環状線,primary,1064.5449664812024,None,False,
S1675,C2,motorway_link,340.0217044097504,None,False,
S1676,C2,motorway,1142.0613521983748,None,False,
S1677,segment_1677,motorway_link,492.4148943344568,None,False,
S1678,segment_1678,motorway_link,687.0312185492771,None,False,
S1679,伊勢湾岸自動車道,motorway_link,256.68437352027246,None,False,
S1680,伊勢湾岸自動車道,motorway_link,935.0054575206642,None,False,
S1681,segment_1681,motorway_link,297.1455357740386,None,False,
S1682,E1A;302,motorway,1364.173428345798,None,False,
S1683,segment_1683,motorway_link,1053.80490695843,None,False,
S1684,302,trunk,236.81675043807624,None,False,
S1685,23,trunk,307.72077137793224,None,False,
S1686,23,trunk,357.2752348926351,None,False,
S1687,154,trunk,233.8643430355425,None,False,
S1688,23,trunk_link,369.0441965667873,None,False,
S1689,23,trunk_link,244.36714882326004,None,False,
S1690,23,trunk_link,16.169305370609724,None,False,
S1691,154,trunk,115.57998165855957,None,False,
S1692,23,trunk,188.9937980739834,None,False,
S1693,23,trunk_link,218.05422705557828,None,False,
S1694,1,trunk,528.8832682988967,None,False,
S1695,1,trunk_link,232.79116474659514,None,False,
S1696,東海通,primary,16.04290610957688,None,False,
S1697,247,trunk,1898.9072056132186,None,False,
S1698,247,trunk,13.497322966571211,None,False,
S1699,東海通,primary,975.9221603565469,None,False,
S1700,247,trunk,10.538053558758994,None,False,
S1701,東海通,primary,1178.3007468091853,None,False,
S1702,東海通,primary,18.059324301660443,None,False,
S1703,247,trunk,1454.1019818305201,None,False,
S1704,segment_1704,motorway_link,1094.8655568852855,None,False,
S1705,36,primary,13.566570179912045,None,False,
S1706,247,trunk,1772.0671921220671,None,False,
S1707,36,primary,11.7219328904345,None,False,
S1708,247,trunk,1276.3421112186707,None,False,
S1709,伊勢湾岸自動車道,motorway_link,645.6277034430764,None,False,
S1710,E1A,motorway,540.1569031570145,None,False,
S1711,59,primary,8.456835638315672,None,False,
S1712,363,trunk,2539.282522149941,None,False,
S1713,59,primary,40.15945814984364,None,False,
S1714,363,trunk,175.59697738993435,None,False,
S1715,302,trunk,11.480541267978635,None,False,
S1716,363,trunk,1144.468466791025,None,False,
S1717,302,trunk,114.17990095688957,None,False,
S1718,segment_1718,trunk_link,12.4706484315674,None,False,
S1719,segment_1719,trunk_link,13.23638714911791,None,False,
S1720,302,trunk,144.68736644725527,None,False,
S1721,36,primary,1732.853648110155,None,False,
S1722,56;220,primary,7.404110308755627,None,False,
S1723,36,primary,480.52490512261016,None,False,
S1724,58,primary,29.517654668775727,None,False,
S1725,302,trunk,162.13491897971278,None,False,
S1726,58,primary,294.55091862583294,None,False,
S1727,segment_1727,motorway_link,344.99826360634336,None,False,
S1728,segment_1728,motorway_link,94.98916815125034,None,False,
S1729,segment_1729,motorway_link,93.99851836321187,None,False,
S1730,segment_1730,motorway_link,126.49619052976928,None,False,
S1731,302,trunk,442.38503539129937,None,False,
S1732,302,trunk,84.0767691708366,None,False,
S1733,segment_1733,trunk_link,28.23695637667587,None,False,
S1734,363,trunk,21.795832666845858,None,False,
S1735,302,trunk,1129.4918560580786,None,False,
S1736,48,primary,11.350269389049181,None,False,
S1737,155,trunk,1135.067892317497,None,False,
S1738,60,primary,115.12412046719326,None,False,
S1739,segment_1739,motorway_link,449.36072455474516,None,False,
S1740,60,primary,516.4315428124322,None,False,
S1741,302,trunk,72.67506473054758,None,False,
S1742,segment_1742,trunk_link,12.33560710569643,None,False,
S1743,segment_1743,trunk_link,16.780659902154923,None,False,
S1744,302,trunk,204.9969859430427,None,False,
S1745,302,trunk,224.06313266160004,None,False,
S1746,segment_1746,trunk_link,151.52648335631466,None,False,
S1747,302,trunk,146.84803208049453,None,False,
S1748,302,trunk,113.12790916289718,None,False,
S1749,segment_1749,trunk_link,12.762545890615307,None,False,
S1750,segment_1750,trunk_link,15.826733012199417,None,False,
S1751,302,trunk,143.67304848122288,None,False,
S1752,6,primary,19.642691228853675,None,False,
S1753,302,trunk,927.6519296039709,None,False,
S1754,6,primary,19.642691228853675,None,False,
S1755,302,trunk,40.56507984418491,None,False,
S1756,6,primary,1041.2254113243744,None,False,
S1757,302,trunk,190.65186186491184,None,False,
S1758,segment_1758,trunk_link,11.656487708647596,None,False,
S1759,C2,motorway,464.9482450938149,None,False,
S1760,302,trunk,52.38611655943856,None,False,
S1761,60,primary,364.7904347787139,None,False,
S1762,segment_1762,trunk_link,19.456715815893443,None,False,
S1763,segment_1763,trunk_link,15.414476282141148,None,False,
S1764,302,trunk,85.98505594036686,None,False,
S1765,segment_1765,motorway_link,125.75260344377456,None,False,
S1766,segment_1766,motorway_link,125.76746287619686,None,False,
S1767,segment_1767,motorway_link,102.20886145698523,None,False,
S1768,C2,motorway,1253.592886632458,None,False,
S1769,segment_1769,motorway_link,78.75320441383658,None,False,
S1770,segment_1770,motorway_link,793.1950091233269,None,False,
S1771,segment_1771,motorway_link,437.9994488650279,None,False,
S1772,segment_1772,motorway_link,298.3000740043097,None,False,
S1773,54,primary,51.19360662769975,None,False,
S1774,54,primary,316.7994210330435,None,False,
S1775,153,trunk,10.192937869549436,None,False,
S1776,54,primary,1552.6999073911452,None,False,
S1777,56,primary,398.1382532494922,None,False,
S1778,56,primary,205.95795290363105,None,False,
S1779,54,primary,13.611432692574683,None,False,
S1780,54,primary,3012.803505301314,None,False,
S1781,56,primary,669.5444202957018,None,False,
S1782,302,trunk,16.439617509077298,None,False,
S1783,153,trunk_link,446.6796453536579,None,False,
S1784,51,primary,36.228045213958836,None,False,
S1785,segment_1785,trunk_link,403.2941412848142,None,False,
S1786,51,primary,233.6344291269546,None,False,
S1787,155,trunk,38.55548900439606,None,False,
S1788,segment_1788,trunk_link,147.4005385064449,None,False,
S1789,155,trunk,239.31471416710326,None,False,
S1790,23,trunk,1823.4827400979082,None,False,
S1791,segment_1791,motorway_link,155.11508081007668,None,False,
S1792,segment_1792,motorway_link,397.61637164871723,None,False,
S1793,23,trunk_link,93.24395506803428,None,False,
S1794,名駅通,primary,958.6013076840228,None,False,
S1795,大須通,primary,1098.6480442305772,None,False,
S1796,1,trunk,34.67170366191655,None,False,
S1797,1,trunk,677.5341718545453,None,False,
S1798,302,trunk,92.41179930459802,None,False,
S1799,302,trunk,747.6757780439073,None,False,
S1800,36,primary,33.27096140894449,None,False,
S1801,302,trunk,1385.9614891060467,None,False,
S1802,302,trunk,318.42455150924485,None,False,
S1803,302,trunk,502.15391330201055,None,False,
S1804,302,trunk,254.48127414135868,None,False,
S1805,302,trunk,9.23362877482313,None,False,
S1806,56;220,primary,879.9849067991194,None,False,
S1807,東海通,primary,6.656910847672441,None,False,
S1808,302,trunk,85.35080756575513,None,False,
S1809,1,trunk,34.67170366191655,None,False,
S1810,302,trunk,92.2720243403403,None,False,
S1811,1,trunk,5490.679802568693,None,False,
S1812,302,trunk,408.98194181511406,None,False,
S1813,segment_1813,motorway_link,468.4338839972662,None,False,
S1814,302,trunk,1164.5645915714304,None,False,
S1815,C2,motorway,769.688701439771,None,False,
S1816,segment_1816,trunk_link,31.629023467774797,None,False,
S1817,59,primary,816.0992870000874,None,False,
S1818,59,primary,46.14956162247291,None,False,
S1819,302,trunk,586.7434150069321,None,False,
S1820,302,trunk,21.0450687279456,None,False,
S1821,segment_1821,trunk_link,47.79804399696452,None,False,
S1822,302,trunk,313.72857547450684,None,False,
S1823,C2,motorway,2625.7719673491815,None,False,
S1824,segment_1824,motorway_link,429.07732553847717,None,False,
S1825,C2,motorway,779.2095607904937,None,False,
S1826,segment_1826,trunk_link,30.125929437927102,None,False,
S1827,302,trunk,234.10661995690083,None,False,
S1828,302,trunk,170.19032765419777,None,False,
S1829,segment_1829,motorway_link,503.8699728888859,None,False,
S1830,302,trunk,699.6551397004963,None,False,
S1831,segment_1831,trunk_link,269.13396836558445,None,False,
S1832,302,trunk,177.07504295547784,None,False,
S1833,302,trunk,1080.1832947338655,None,False,
S1834,segment_1834,trunk_link,220.22329557957633,None,False,
S1835,segment_1835,motorway_link,587.6929669712435,None,False,
S1836,5,motorway,183.68628697105268,None,False,
S1837,23,trunk,235.40770360744244,None,False,
S1838,23,trunk,1389.4896352193384,None,False,
S1839,segment_1839,trunk_link,214.20326571147956,None,False,
S1840,6,primary,11.459253760342532,None,False,
S1841,57,primary,643.114863473711,None,False,
S1842,57,primary,2886.891427441132,None,False,
S1843,57,primary,431.5044004280905,None,False,
S1844,57,primary,83.84329970179505,None,False,
S1845,59,primary_link,14.265842379044567,None,False,
S1846,59,primary,44.08658037125007,None,False,
S1847,59,primary,474.17002254395265,None,False,
S1848,segment_1848,trunk_link,36.359521250725344,None,False,
S1849,segment_1849,trunk_link,18.927912440738304,None,False,
S1850,segment_1850,trunk_link,9.869786735717152,None,False,
S1851,1,trunk,504.62007919531743,None,False,
S1852,23,trunk,957.8627113808882,None,False,
S1853,segment_1853,trunk_link,321.5896163006287,None,False,
S1854,23,trunk,1273.4994042506623,None,False,
S1855,23,trunk,1472.068104080788,None,False,
S1856,東海通,primary_link,317.5079300719968,None,False,
S1857,東海通,primary,478.39581589186963,None,False,
S1858,東海通,primary_link,312.95027095674504,None,False,
S1859,東海通,primary,965.4519417852972,None,False,
S1860,C1,motorway,589.4582204015544,None,False,
S1861,4,motorway,1024.7582179442193,None,False,
S1862,C1,motorway,514.9605281205443,None,False,
S1863,366,trunk,58.20252324352579,None,False,
S1864,segment_1864,trunk_link,362.9455573285822,None,False,
S1865,366,trunk,3755.555622581766,None,False,
S1866,50,primary,5.626857483396345,None,False,
S1867,50,primary,3046.808976172742,None,False,
S1868,segment_1868,trunk_link,394.83279627100427,None,False,
S1869,247,trunk,11.080939418017515,None,False,
S1870,247,trunk,1280.5459666461766,None,False,
S1871,23,trunk,257.6231996354751,None,False,
S1872,23,trunk,73.31792136957408,None,False,
S1873,segment_1873,trunk_link,110.4486483994612,None,False,
S1874,23,trunk_link,234.42919894433135,None,False,
S1875,23,trunk,452.67276787994115,None,False,
S1876,23,trunk,144.82089425257877,None,False,
S1877,59,primary,26.81624754782778,None,False,
S1878,23,trunk_link,230.3245033913715,None,False,
S1879,302,trunk,169.60872375591242,None,False,
S1880,59,primary,6.750159139846929,None,False,
S1881,36,primary,1210.3422131011641,None,False,
S1882,segment_1882,trunk_link,69.12465347121415,None,False,
S1883,C2,motorway,3128.4227394570535,None,False,
S1884,C2,motorway,925.1194552769284,None,False,
S1885,segment_1885,motorway_link,320.33113624441506,None,False,
S1886,1,trunk,13.081618113252766,None,False,
S1887,419,trunk,10.630021327531576,None,False,
S1888,1,trunk,1125.4205061040855,None,False,
S1889,419,trunk,11.181286258082157,None,False,
S1890,1,trunk,13.70049811396656,None,False,
S1891,419,trunk,190.89738297479968,None,False,
S1892,419,trunk_link,583.332835545966,None,False,
S1893,419,trunk,547.8286109325938,None,False,
S1894,419,trunk,232.63832000788673,None,False,
S1895,419,trunk,198.90625074065827,None,False,
S1896,419,trunk,99.67297173090765,None,False,
S1897,419,trunk,194.70950117769667,None,False,
S1898,419,trunk,357.4481730199061,None,False,
S1899,419,trunk,414.52122349036875,None,False,
S1900,1,trunk,25.045968575062076,None,False,
S1901,155,trunk_link,11.134039890765026,None,False,
S1902,155,trunk_link,319.8047314387878,None,False,
S1903,155,trunk_link,11.134039890765026,None,False,
S1904,1,trunk,1971.8295521748273,None,False,
S1905,155,trunk_link,11.421437469736324,None,False,
S1906,1,trunk,631.3939074491674,None,False,
S1907,1,trunk,25.616651497220598,None,False,
S1908,155,trunk_link,11.421437469736324,None,False,
S1909,155,trunk_link,307.92329734702207,None,False,
S1910,155,trunk,627.8704786508441,None,False,
S1911,155,trunk_link,297.5383483959201,None,False,
S1912,155,trunk,1885.0198593861066,None,False,
S1913,22,trunk,1186.8429736740218,None,False,
S1914,segment_1914,motorway_link,19.431422314586246,None,False,
S1915,segment_1915,motorway_link,11.2229522417106,None,False,
S1916,1,trunk,1367.2402285057178,None,False,
S1917,70,primary,1143.4797476559029,None,False,
S1918,1,trunk,2771.4843818174395,None,False,
S1919,106,trunk_link,141.67197820327175,None,False,
S1920,59;227,primary,16.10321757957282,None,False,
S1921,23,trunk,2386.032602113932,None,False,
S1922,59;227,primary,16.10321757957282,None,False,
S1923,59;227,primary,1970.3813859544969,None,False,
S1924,23,trunk,987.0021091325623,None,False,
S1925,segment_1925,motorway_link,546.5115503817219,None,False,
S1926,53,primary,70.47450118292896,None,False,
S1927,1,trunk,12.49735629867603,None,False,
S1928,環状線,primary,1763.3664308304994,None,False,
S1929,segment_1929,motorway_link,906.93447243825,None,False,
S1930,2,motorway,214.20747184279887,None,False,
S1931,segment_1931,motorway_link,117.53897982646608,None,False,
S1932,67;190,primary,1953.9782537920692,None,False,
S1933,67;190,primary,752.4010070497353,None,False,
S1934,153,trunk,66.58029099640231,None,False,
S1935,2,motorway_link,199.2655374607777,None,False,
S1936,2,motorway,709.1717777511919,None,False,
S1937,22,primary,579.4342210892061,None,False,
S1938,segment_1938,primary_link,208.3515283960278,None,False,
S1939,大須通り,primary,230.25680591370238,None,False,
S1940,58,primary,9.40214618703651,None,False,
S1941,56,primary,1070.3881870523014,None,False,
S1942,58,primary,975.450939533889,None,False,
S1943,山王通,primary,9.335777353965403,None,False,
S1944,153,trunk,3618.700759876201,None,False,
S1945,山王通,primary,9.651147241905939,None,False,
S1946,30,primary,97.92459661576498,None,False,
S1947,環状線,primary,9.343064729513266,None,False,
S1948,山王通,primary,1270.6790101094607,None,False,
S1949,30,primary,15.377371043146605,None,False,
S1950,60,primary,1898.6354212848275,None,False,
S1951,302,trunk,1716.9078680214323,None,False,
S1952,23,trunk,657.6397174896546,None,False,
S1953,23,trunk,1244.496205143552,None,False,
S1954,segment_1954,trunk_link,399.87991315865946,None,False,
S1955,segment_1955,trunk_link,486.31417529492126,None,False,
S1956,23,trunk,302.09058050060804,None,False,
S1957,23,trunk_link,372.9840432484208,None,False,
S1958,23,trunk_link,280.6968979131103,None,False,
S1959,23,trunk_link,167.00485059657964,None,False,
S1960,E1A,motorway,676.4974596891178,None,False,
S1961,23,trunk,1340.8281152384645,None,False,
S1962,23,trunk,845.3836507003115,None,False,
S1963,23,trunk,735.7971623941271,None,False,
S1964,segment_1964,trunk_link,40.99687654733421,None,False,
S1965,segment_1965,trunk_link,42.84612445749298,None,False,
S1966,E1A,motorway,4014.7939101264546,None,False,
S1967,segment_1967,trunk_link,31.531927143358985,None,False,
S1968,302,trunk,461.9409423644192,None,False,
S1969,23,primary,34.57598146113978,None,False,
S1970,302,trunk,367.7569417602976,None,False,
S1971,302,trunk,41.834649718346974,None,False,
S1972,segment_1972,trunk_link,25.091020776471197,None,False,
S1973,302,trunk,41.838021330276355,None,False,
S1974,302,trunk,42.982054444660506,None,False,
S1975,segment_1975,motorway_link,45.46860204169429,None,False,
S1976,segment_1976,trunk_link,24.42780708881703,None,False,
S1977,302,trunk,417.6479037124418,None,False,
S1978,segment_1978,motorway_link,594.8493420329906,None,False,
S1979,302,trunk,351.0085776037161,None,False,
S1980,segment_1980,motorway_link,552.6061590125828,None,False,
S1981,366,trunk,58.20252324352579,None,False,
S1982,23,trunk_link,201.78359907355463,None,False,
S1983,302,trunk,411.2127147545168,None,False,
S1984,302,trunk,1030.7106761370674,None,False,
S1985,segment_1985,motorway_link,513.9905920402479,None,False,
S1986,segment_1986,motorway_link,530.1530570553875,None,False,
S1987,E1A,motorway,1092.4943398817868,None,False,
S1988,55,primary,18.060431056396357,None,False,
S1989,302,trunk,1354.2948707785813,None,False,
S1990,302,trunk,10.029687485281753,None,False,
S1991,55,primary,1796.6817197138,None,False,
S1992,segment_1992,motorway_link,526.6552396306215,None,False,
S1993,4,motorway_link,993.2865814028426,None,False,
S1994,E1A,motorway,2081.403997523254,None,False,
S1995,segment_1995,motorway_link,259.1535997926397,None,False,
S1996,302,trunk,34.96775550006935,None,False,
S1997,247,motorway_link,66.51631060545984,None,False,
S1998,segment_1998,motorway_link,554.2445269840138,None,False,
S1999,segment_1999,motorway_link,744.6973119433369,None,False,
S2000,segment_2000,motorway_link,171.11609616055668,None,False,
S2001,segment_2001,motorway_link,171.79925987525678,None,False,
S2002,247,motorway_link,459.05195328161835,None,False,
S2003,247,motorway,217.36998021386142,None,False,
S2004,247,motorway,229.31358484969962,None,False,
S2005,segment_2005,motorway_link,415.007858492026,None,False,
S2006,247,trunk_link,277.85630502596484,None,False,
S2007,segment_2007,motorway_link,386.9843524884384,None,False,
S2008,E1A;302,motorway,1156.9857761949359,None,False,
S2009,segment_2009,motorway_link,357.66725486899435,None,False,
S2010,segment_2010,motorway_link,258.75642854477405,None,False,
S2011,E1A,motorway,2081.0716666224257,None,False,
S2012,segment_2012,motorway_link,375.5544439598648,None,False,
S2013,segment_2013,motorway_link,1023.4320055401145,None,False,
S2014,segment_2014,motorway_link,950.7201170297448,None,False,
S2015,4,motorway,1264.1421922818724,None,False,
S2016,4,motorway,2384.0582263355786,None,False,
S2017,segment_2017,motorway_link,371.2113130004235,None,False,
S2018,segment_2018,motorway_link,208.9611653261202,None,False,
S2019,segment_2019,motorway_link,181.35990412843097,None,False,
S2020,segment_2020,motorway_link,572.809694860996,None,False,
S2021,segment_2021,motorway_link,218.76485186264568,None,False,
S2022,segment_2022,motorway_link,472.6681080936117,None,False,
S2023,302,trunk,15.450106279912717,None,False,
S2024,1,trunk_link,294.88827819267317,None,False,
S2025,1,trunk_link,9.413197636299763,None,False,
S2026,302,trunk,143.23510942138344,None,False,
S2027,29,primary,23.65922936893726,None,False,
S2028,302,trunk,1832.1514578336546,None,False,
S2029,70,primary,21.909724962536814,None,False,
S2030,302,trunk,1220.5672325625565,None,False,
S2031,segment_2031,motorway_link,420.3222363281275,None,False,
S2032,5,motorway,830.9581041888198,None,False,
S2033,segment_2033,motorway_link,334.9871805597586,None,False,
S2034,2,motorway,2412.3258649965505,None,False,
S2035,67;190,primary,1369.4067524520137,None,False,
S2036,67;190,primary,1953.9782537920692,None,False,
S2037,59;126,primary,3039.4000844281063,None,False,
S2038,59,primary,605.2310861617555,None,False,
S2039,5,motorway,990.9393840091977,None,False,
S2040,segment_2040,motorway_link,195.9550587734621,None,False,
S2041,302,trunk,46.43718686355129,None,False,
S2042,40;115,primary,837.8348678184191,None,False,
S2043,40;115,primary,53.67911184980228,None,False,
S2044,302,trunk,287.21076806762295,None,False,
S2045,segment_2045,motorway_link,568.7097256784749,None,False,
S2046,6,primary,395.8895558127392,None,False,
S2047,6,primary_link,808.2640472390393,None,False,
S2048,6,primary,804.4543529215218,None,False,
S2049,segment_2049,motorway_link,33.90495510876797,None,False,
S2050,segment_2050,motorway_link,202.12876916734814,None,False,
S2051,segment_2051,motorway_link,33.90495510876797,None,False,
S2052,segment_2052,motorway_link,89.67769182951562,None,False,
S2053,62,primary,10.307920284720026,None,False,
S2054,63;161,primary,3675.101899565596,None,False,
S2055,63,primary,2129.803888581092,None,False,
S2056,25,primary,10.811478940298349,None,False,
S2057,63,primary,759.0344369650549,None,False,
S2058,25;166,primary,10.716017654470157,None,False,
S2059,63,primary,1405.5332071929856,None,False,
S2060,63,primary,11.86740926432537,None,False,
S2061,62,primary,1885.3708355529388,None,False,
S2062,25;166,primary,10.136860510226384,None,False,
S2063,25;166,primary,2254.3603264860685,None,False,
S2064,63;166;25,primary,148.64803171898873,None,False,
S2065,25,primary,10.434171908261991,None,False,
S2066,63,primary,1405.9694947980481,None,False,
S2067,63,primary,11.473262020289049,None,False,
S2068,segment_2068,motorway_link,491.97830705821355,None,False,
S2069,江川線,primary,1559.172389071138,None,False,
S2070,4,motorway,1166.3340221872324,None,False,
S2071,segment_2071,motorway_link,181.1921328180268,None,False,
S2072,E87,motorway,815.226345909038,None,False,
S2073,25,primary,658.012317312359,None,False,
S2074,25;153;166,primary,793.4279475325135,None,False,
S2075,25;166,primary,507.95987957431595,None,False,
S2076,segment_2076,trunk_link,91.16813490938243,None,False,
S2077,22,trunk_link,164.31224479783683,None,False,
S2078,segment_2078,trunk_link,143.97179800000018,None,False,
S2079,segment_2079,motorway_link,274.02174191381465,None,False,
S2080,segment_2080,motorway_link,290.43918488376113,None,False,
S2081,segment_2081,"['trunk_link', 'motorway_link']",664.2591983145307,None,False,
S2082,segment_2082,motorway_link,75.69009374971837,None,False,
S2083,22,trunk_link,185.37186787414953,None,False,
S2084,6,motorway,214.86992200182175,None,False,
S2085,segment_2085,motorway_link,384.99755720655935,None,False,
S2086,segment_2086,motorway_link,84.73869103929039,None,False,
S2087,segment_2087,motorway_link,421.2889498198179,None,False,
S2088,22,trunk_link,103.91230949806479,None,False,
S2089,302,trunk,64.93951344243469,None,False,
S2090,segment_2090,trunk_link,78.98087165599054,None,False,
S2091,22,trunk_link,22.350882899606287,None,False,
S2092,302,trunk,67.23821481784788,None,False,
S2093,segment_2093,motorway_link,282.49997209923356,None,False,
S2094,22,trunk,711.9595716122565,None,False,
S2095,22,trunk_link,297.9883501104133,None,False,
S2096,22,trunk,1040.3325597027817,None,False,
S2097,segment_2097,trunk_link,85.64333699276928,None,False,
S2098,302,trunk,27.882978074835844,None,False,
S2099,segment_2099,trunk_link,35.121268014087725,None,False,
S2100,22,trunk_link,31.72370118384334,None,False,
S2101,segment_2101,motorway_link,199.67396833683006,None,False,
S2102,segment_2102,motorway_link,535.0676174069406,None,False,
S2103,302,trunk,1385.7529764073988,None,False,
S2104,57,primary,83.84329970179505,None,False,
S2105,57;215,primary,957.713434857034,None,False,
S2106,環状線,primary,9.110840565436165,None,False,
S2107,東海通,primary,1205.7584293563998,None,False,
S2108,1,trunk,5.25831365157708,None,False,
S2109,東海通,primary,26.76949289316385,None,False,
S2110,1,trunk,9.09992886241053,None,False,
S2111,東海通,primary,1177.0682505037723,None,False,
S2112,東海通,primary,9.250450146564058,None,False,
S2113,59,primary,3942.959442264419,None,False,
S2114,東海通,primary,9.147134754111683,None,False,
S2115,59,primary,2199.227939315668,None,False,
S2116,59,primary,9.174824178859344,None,False,
S2117,東海通,primary,1838.916147543147,None,False,
S2118,東海通,primary,13.065384703314896,None,False,
S2119,環状線,primary,1699.6577407696923,None,False,
S2120,302,trunk,766.6899718832813,None,False,
S2121,segment_2121,motorway_link,442.3890415117067,None,False,
S2122,302,trunk,95.59773535622021,None,False,
S2123,302,trunk,104.95545346933305,None,False,
S2124,東海通,primary,4.416324392800079,None,False,
S2125,302,trunk,73.20461374352192,None,False,
S2126,56,primary,7.14852368500698,None,False,
S2127,36,primary,2911.7681026814457,None,False,
S2128,36,primary,10.803195534247916,None,False,
S2129,56;220,primary,874.389661497121,None,False,
S2130,302,trunk,7.599684134494255,None,False,
S2131,東海通,primary,3470.8872921001152,None,False,
S2132,C2,motorway,486.017155375267,None,False,
S2133,302,trunk,16.590368793517747,None,False,
S2134,153,trunk_link,4.908036515213796,None,False,
S2135,153,trunk_link,19.460756062275927,None,False,
S2136,302,trunk_link,15.249188758884996,None,False,
S2137,302,trunk,29.78431000979307,None,False,
S2138,302,trunk_link,146.2203964074281,None,False,
S2139,segment_2139,motorway_link,70.86427200494904,None,False,
S2140,302,trunk,71.03294693682565,None,False,
S2141,302,trunk_link,7.790693155853216,None,False,
S2142,153,trunk_link,12.407478549108433,None,False,
S2143,302,trunk,82.64366057598194,None,False,
S2144,302,trunk_link,88.63455157765056,None,False,
S2145,302,trunk,8.139116625227125,None,False,
S2146,segment_2146,motorway_link,397.97914630008694,None,False,
S2147,302,trunk,569.278149496285,None,False,
S2148,153,trunk_link,11.425259484122062,None,False,
S2149,153,trunk_link,30.708829075020052,None,False,
S2150,153,trunk_link,348.8907149530803,None,False,
S2151,segment_2151,motorway_link,689.6279903413604,None,False,
S2152,153,trunk,120.8969228765545,None,False,
S2153,29,primary,24.945353912915134,None,False,
S2154,302,trunk,972.3272302652896,None,False,
S2155,59,primary,9.648540226944757,None,False,
S2156,29,primary,4312.5032011263265,None,False,
S2157,59,primary,5702.211529889491,None,False,
S2158,環状線,primary,8.89515512614951,None,False,
S2159,29,primary,2027.9310025492255,None,False,
S2160,29,primary,11.518840073784201,None,False,
S2161,環状線,primary,978.5156776272275,None,False,
S2162,25,primary,960.298346064699,None,False,
S2163,23,trunk,724.6306757023768,None,False,
S2164,segment_2164,trunk_link,324.8345507591223,None,False,
S2165,23,trunk,790.7851237078994,None,False,
S2166,155,trunk,9.731265348153928,None,False,
S2167,155,trunk,3320.10790052717,None,False,
S2168,63,primary,753.8275783493216,None,False,
S2169,155,trunk,9.731265348153928,None,False,
S2170,155,trunk,1245.3689805229742,None,False,
S2171,63,primary,177.10563794778616,None,False,
S2172,segment_2172,trunk_link,981.0617748602215,None,False,
S2173,23,trunk,980.1631092676083,None,False,
S2174,23,trunk,867.3691585788567,None,False,
S2175,segment_2175,trunk_link,626.928987273153,None,False,
S2176,23,trunk,626.0899859259051,None,False,
S2177,23,trunk,2103.8794417957324,None,False,
S2178,金城ふ頭線,primary,5454.288433769092,None,False,
S2179,segment_2179,trunk_link,28.38062737994497,None,False,
S2180,302,trunk,568.2179103551646,None,False,
S2181,4,motorway,2282.501043591858,None,False,
S2182,4,motorway,1797.4208427759738,None,False,
S2183,segment_2183,motorway_link,383.7304641526134,None,False,
S2184,segment_2184,motorway_link,356.2621695953065,None,False,
S2185,4,motorway,1089.6526047406835,None,False,
S2186,4,motorway,210.28804782386095,None,False,
S2187,segment_2187,motorway_link,740.3008615542441,None,False,
S2188,4,motorway,2464.716489652463,None,False,
S2189,江川線,primary,1042.70436679231,None,False,
S2190,247,trunk,22.006780186006107,None,False,
S2191,302,"['motorway_link', 'trunk']",764.8257336360239,None,False,
S2192,302,trunk,36.46292853048287,None,False,
S2193,247,trunk,291.62190839788525,None,False,
S2194,247,motorway,551.9219831552556,None,False,
S2195,247,motorway,1552.248626195868,None,False,
S2196,247,motorway_link,607.4730532428106,None,False,
S2197,247,motorway,607.3583738335126,None,False,
S2198,302,"['trunk', 'motorway_link']",835.5989688801162,None,False,
S2199,segment_2199,motorway_link,1027.5587126932332,None,False,
S2200,302,trunk,34.92562258074085,None,False,
S2201,247,motorway_link,49.861953051525724,None,False,
S2202,247,motorway,188.32766948968447,None,False,
S2203,247,motorway_link,662.8123771563403,None,False,
S2204,247,motorway,661.2426421252064,None,False,
S2205,56,primary,467.06263041912587,None,False,
S2206,segment_2206,primary_link,468.6104265122338,None,False,
S2207,segment_2207,motorway_link,536.0535893204225,None,False,
S2208,segment_2208,motorway_link,335.9839728317975,None,False,
S2209,40;115,primary,687.6570924457208,None,False,
S2210,40;115,primary,471.7577113344746,None,False,
S2211,E23,motorway,585.2799077553651,None,False,
S2212,segment_2212,motorway_link,400.94770673681256,None,False,
S2213,155,trunk,11.22319321056046,None,False,
S2214,155;366,trunk,515.302993392217,None,False,
S2215,155,trunk,11.22319321056046,None,False,
S2216,155;366,trunk,12.095648544063296,None,False,
S2217,366,trunk,269.5042655354854,None,False,
S2218,155,trunk,8.542473283793795,None,False,
S2219,366,trunk,533.1085554842616,None,False,
S2220,60,primary,11.325386408270761,None,False,
S2221,30,primary,3472.6203552338634,None,False,
S2222,segment_2222,trunk_link,167.16328645317145,None,False,
S2223,江川線,primary,1076.519302594379,None,False,
S2224,segment_2224,motorway_link,492.1820471684469,None,False,
S2225,segment_2225,trunk_link,24.10284136248615,None,False,
S2226,23,trunk_link,265.69233431945037,None,False,
S2227,segment_2227,trunk_link,15.21390470723589,None,False,
S2228,segment_2228,trunk_link,152.19532136754083,None,False,
S2229,153,trunk_link,420.0685928693257,None,False,
S2230,302,trunk,85.30205255594342,None,False,
S2231,C2,motorway,3350.3139439453294,None,False,
S2232,302,trunk,110.56232216849249,None,False,
S2233,302,trunk_link,117.28285859365158,None,False,
S2234,segment_2234,trunk_link,208.4938541499477,None,False,
S2235,153,trunk,366.9129902604953,None,False,
S2236,空港線,primary,677.931146493863,None,False,
S2237,3,motorway,1476.789419326782,None,False,
S2238,segment_2238,motorway_link,550.6164222786389,None,False,
S2239,segment_2239,motorway_link,391.380887292492,None,False,
S2240,3,motorway,2591.8363453557804,None,False,
S2241,1,trunk,294.7607915342634,None,False,
S2242,3,motorway,1391.153392799812,None,False,
S2243,1,trunk,1660.2595909336799,None,False,
S2244,segment_2244,motorway_link,535.5576605747401,None,False,
S2245,segment_2245,motorway_link,384.60790971319796,None,False,
S2246,3,motorway,3776.1462152955314,None,False,
S2247,41,trunk,548.1264796656991,None,False,
S2248,302,trunk,534.9071166756203,None,False,
S2249,68,primary,764.7199648798249,None,False,
S2250,68,primary,232.60572868729477,None,False,
S2251,302,trunk,30.888753582172274,None,False,
S2252,302,trunk,658.040708745786,None,False,
S2253,segment_2253,motorway_link,642.5714996980729,None,False,
S2254,C2,motorway,1015.922734457036,None,False,
S2255,segment_2255,motorway_link,608.2691080473093,None,False,
S2256,302,trunk,249.9895401625631,None,False,
S2257,15;61,primary,724.586884014079,None,False,
S2258,15;61,primary,731.4564815466373,None,False,
S2259,15,primary,10.07231272928122,None,False,
S2260,15,primary,4645.78044327432,None,False,
S2261,75,primary,11.855562129574139,None,False,
S2262,75,primary,2875.880090078256,None,False,
S2263,15,primary,2110.1700028042183,None,False,
S2264,2,motorway_link,165.87632318455996,None,False,
S2265,segment_2265,motorway_link,166.32168800439223,None,False,
S2266,segment_2266,motorway_link,167.70142137854916,None,False,
S2267,segment_2267,motorway_link,166.68632809748723,None,False,
S2268,segment_2268,motorway_link,168.28164830580343,None,False,
S2269,segment_2269,motorway_link,170.6326629782082,None,False,
S2270,2,motorway,374.2970087730321,None,False,
S2271,segment_2271,motorway_link,323.05614956406026,None,False,
S2272,2,motorway,3471.0687832043554,None,False,
S2273,segment_2273,motorway_link,102.24999946071802,None,False,
S2274,segment_2274,motorway_link,105.34432039903157,None,False,
S2275,segment_2275,motorway_link,103.57235479311909,None,False,
S2276,segment_2276,motorway_link,101.97179983883508,None,False,
S2277,segment_2277,motorway_link,366.720026182791,None,False,
S2278,C2,motorway,1359.5977192283246,None,False,
S2279,segment_2279,motorway_link,104.62771202995219,None,False,
S2280,segment_2280,motorway_link,106.00600850078504,None,False,
S2281,segment_2281,motorway_link,58.24411089670107,None,False,
S2282,302,trunk,3299.9895576164304,None,False,
S2283,23,trunk,504.74774963319516,None,False,
S2284,segment_2284,trunk_link,514.9362397700587,None,False,
S2285,23,trunk,1687.6222933258878,None,False,
S2286,segment_2286,trunk_link,523.4018041304371,None,False,
S2287,23,trunk,527.9134509822787,None,False,
S2288,29,primary,14.592018083974883,None,False,
S2289,環状線,primary,957.4265322628919,None,False,
S2290,環状線,primary,8.533319798531847,None,False,
S2291,29,primary,1034.9108793107878,None,False,
S2292,江川線,primary,7.740721438658928,None,False,
S2293,29,primary,521.5049760162801,None,False,
S2294,29,primary,22.45808760648921,None,False,
S2295,江川線,primary,539.6504624196924,None,False,
S2296,19;22,trunk,8.438959581831968,None,False,
S2297,29,primary,1717.0525855878911,None,False,
S2298,29,primary,21.926327949189822,None,False,
S2299,19;22,trunk,1243.6771980532878,None,False,
S2300,29,primary,9.28174398725063,None,False,
S2301,30,primary,851.9250063465139,None,False,
S2302,29,primary,10.124825566669417,None,False,
S2303,30,primary,2589.4237994581217,None,False,
S2304,29,primary,26.67911584516095,None,False,
S2305,空港線,primary,453.83514274524487,None,False,
S2306,空港線,primary,8.492381564371431,None,False,
S2307,29,primary,1349.7103676770728,None,False,
S2308,302,trunk,28.040971365396217,None,False,
S2309,302,trunk,177.07504295547784,None,False,
S2310,15,primary,8.365579699023778,None,False,
S2311,302,trunk,87.38554077090595,None,False,
S2312,15,primary,653.5874204322881,None,False,
S2313,153,trunk,9.39865759209557,None,False,
S2314,56,primary,1467.8478984314406,None,False,
S2315,segment_2315,motorway_link,219.16246801744262,None,False,
S2316,C2,motorway,372.6047724654826,None,False,
S2317,C2,motorway,1682.0236432914915,None,False,
S2318,247,trunk_link,291.66360985471414,None,False,
S2319,153,trunk_link,13.971195119446008,None,False,
S2320,153,trunk_link,11.27092709145043,None,False,
S2321,302,trunk_link,5.451904497641784,None,False,
S2322,153,trunk_link,27.96629031366773,None,False,
S2323,302,trunk,4.386518745854921,None,False,
S2324,153,trunk_link,15.2442547709672,None,False,
S2325,302,trunk_link,6.106575782885925,None,False,
S2326,153,trunk_link,15.86422530528912,None,False,
S2327,153,trunk_link,10.539254764301178,None,False,
S2328,153,trunk_link,26.272216336884416,None,False,
S2329,302,trunk_link,15.62689215989929,None,False,
S2330,1,trunk_link,267.42614737646886,None,False,
S2331,1,trunk,589.8341146232018,None,False,
S2332,1,trunk,250.32187868981265,None,False,
S2333,59,primary,11.06499100732186,None,False,
S2334,1,trunk,1366.3798542721383,None,False,
S2335,59,primary,1146.8481083836282,None,False,
S2336,302,trunk,1438.1212822810787,None,False,
S2337,segment_2337,motorway_link,344.93068686613975,None,False,
S2338,segment_2338,motorway_link,592.4579026282961,None,False,
S2339,江川線,primary,609.0789683682823,None,False,
S2340,江川線,primary,715.6842798872325,None,False,
S2341,41,trunk,10.826259489214577,None,False,
S2342,segment_2342,motorway_link,402.4859897992614,None,False,
S2343,1,motorway,1166.2160731533254,None,False,
S2344,15,primary,8.365579699023778,None,False,
S2345,15,primary,555.9560566411791,None,False,
S2346,302,trunk,29.69102106676565,None,False,
S2347,segment_2347,motorway_link,229.3033120718306,None,False,
S2348,E1,motorway,518.1681905184532,None,False,
S2349,23,trunk,927.5292631212095,None,False,
S2350,segment_2350,trunk_link,90.57710693778301,None,False,
S2351,5,motorway,2705.0052650532016,None,False,
S2352,segment_2352,motorway_link,499.4490764829668,None,False,
S2353,302,trunk,816.5311106202604,None,False,
S2354,2,motorway,515.4291422214977,None,False,
S2355,segment_2355,motorway_link,506.2305050690762,None,False,
S2356,segment_2356,motorway_link,357.2860371169876,None,False,
S2357,55,primary,18.714212298723133,None,False,
S2358,302,trunk,1028.640524540213,None,False,
S2359,247,trunk,14.903200850193073,None,False,
S2360,59,primary,1527.309915523482,None,False,
S2361,55,primary,14.257360977284126,None,False,
S2362,247,trunk,1401.3816574409636,None,False,
S2363,segment_2363,motorway_link,554.5890376446592,None,False,
S2364,江川線,primary,1127.2416658342022,None,False,
S2365,C1,motorway,126.00933092706157,None,False,
S2366,53,primary,150.79793104501564,None,False,
S2367,155,trunk,1879.3249465526749,None,False,
S2368,155,trunk,6778.203074959036,None,False,
S2369,segment_2369,motorway_link,555.1010283091906,None,False,
S2370,空港線,primary,1438.9772777980477,None,False,
S2371,segment_2371,motorway_link,645.882436487003,None,False,
S2372,空港線,primary,1909.6682450784658,None,False,
S2373,153,trunk,9.705672735442405,None,False,
S2374,59,primary,3940.972361876227,None,False,
S2375,153,trunk_link,9.000958182498769,None,False,
S2376,153,trunk,3623.697676048156,None,False,
S2377,302,trunk,161.25193416889132,None,False,
S2378,302,trunk,6.661633244815479,None,False,
S2379,302,trunk,831.7653355829067,None,False,
S2380,302,trunk,247.21379125853218,None,False,
S2381,302,trunk,238.94156705308606,None,False,
S2382,302,trunk,831.7653355829067,None,False,
S2383,302,trunk,232.2697355690589,None,False,
S2384,302,trunk,831.4314368882547,None,False,
S2385,302,trunk,30.888753582172274,None,False,
S2386,302,trunk,831.4314368882548,None,False,
S2387,302,trunk,97.49555614391647,None,False,
S2388,302,trunk,1270.2573555304118,None,False,
S2389,363,trunk,1331.7236132692863,None,False,
S2390,363,trunk,430.44235955869146,None,False,
S2391,22,primary,1013.9275075897139,None,False,
S2392,61;208,primary,9.781763168201584,None,False,
S2393,22;208,primary,593.2675155973437,None,False,
S2394,61,primary,1032.2882808564982,None,False,
S2395,segment_2395,motorway_link,120.04346541637588,None,False,
S2396,58,primary,8.684904274717525,None,False,
S2397,57,primary,3118.7436858040724,None,False,
S2398,6,primary,14.294861464649472,None,False,
S2399,57,primary,5010.779915238415,None,False,
S2400,57,primary,20.560490017273647,None,False,
S2401,6,primary,1033.884783721045,None,False,
S2402,36,primary,36.39561739415274,None,False,
S2403,302,trunk,264.26330375551885,None,False,
S2404,302,trunk,11.718277273458474,None,False,
S2405,36,primary,2899.0339945922474,None,False,
S2406,302,trunk,13.472480338898828,None,False,
S2407,23,primary,205.8132496898661,None,False,
S2408,23,trunk,186.9180198051651,None,False,
S2409,57,primary_link,612.5873402657052,None,False,
S2410,57,primary,608.7531803053786,None,False,
S2411,57,primary,154.5071453773822,None,False,
S2412,153,trunk_link,10.855773839889347,None,False,
S2413,57,primary,165.2334704242457,None,False,
S2414,153,trunk_link,555.687112686236,None,False,
S2415,57,primary,44.211311203761255,None,False,
S2416,153,trunk_link,11.463621543615476,None,False,
S2417,153,trunk,1430.854887355325,None,False,
S2418,153,trunk_link,16.651617187454303,None,False,
S2419,153,trunk,661.5937845160794,None,False,
S2420,57,primary,99.92274995713011,None,False,
S2421,23,trunk_link,309.12423725269684,None,False,
S2422,58,primary,25.04907417339524,None,False,
S2423,58,primary,294.55091862583294,None,False,
S2424,22,trunk,9.796354171460875,None,False,
S2425,25;166,primary,504.40719001296543,None,False,
S2426,56,primary,11.090811190197632,None,False,
S2427,57,primary,1717.5495531992974,None,False,
S2428,56,primary,2137.9162995324605,None,False,
S2429,56,primary,10.233808697531238,None,False,
S2430,155,trunk,835.0373690143688,None,False,
S2431,155,trunk,8.555106524281918,None,False,
S2432,56,primary,1887.5893966907472,None,False,
S2433,56,primary,1884.1432449552974,None,False,
S2434,56,primary,3981.730642685235,None,False,
S2435,54,primary,13.611432692574683,None,False,
S2436,54;284,primary,3998.7083986863,None,False,
S2437,56,primary,1237.174036474322,None,False,
S2438,54,primary,12.892754631220606,None,False,
S2439,153,trunk,823.352524798964,None,False,
S2440,153,trunk,10.696557701279788,None,False,
S2441,54,primary,1363.6606985896162,None,False,
S2442,153,trunk_link,169.42630224758992,None,False,
S2443,153,trunk,314.4820817617424,None,False,
S2444,153,trunk_link,168.6095771970697,None,False,
S2445,153,trunk,189.6993633386673,None,False,
S2446,106,trunk_link,141.67197820327175,None,False,
S2447,247,trunk,10.750425215199234,None,False,
S2448,55,"['trunk', 'primary']",1943.641565806713,None,False,
S2449,79;124,primary,21.21373216114181,None,False,
S2450,302,trunk,109.68147562080864,None,False,
S2451,155,trunk,35.03050159224656,None,False,
S2452,56,primary,465.4497463337605,None,False,
S2453,56,primary,1025.2434542530125,None,False,
S2454,segment_2454,primary_link,237.32580477434743,None,False,
S2455,56,primary,54.00390253316681,None,False,
S2456,segment_2456,primary_link,240.19012376348704,None,False,
S2457,愛知名駅南線,primary_link,64.62059316686306,None,False,
S2458,segment_2458,primary_link,208.44217628348042,None,False,
S2459,愛知名駅南線,primary_link,16.368681060193783,None,False,
S2460,155,trunk,104.97698005257512,None,False,
S2461,155,trunk,332.5514564779853,None,False,
S2462,419,trunk,403.0084040789212,None,False,
S2463,419,trunk,191.00848519237334,None,False,
S2464,419,"['trunk_link', 'trunk']",578.8418507451395,None,False,
S2465,419,trunk,638.8444572725953,None,False,
S2466,419,trunk,826.6017045510994,None,False,
S2467,155,trunk,24.922953571383392,None,False,
S2468,419,trunk,247.8931244322531,None,False,
S2469,23,trunk_link,15.629027112795393,None,False,
S2470,57,primary,1024.0197842777332,None,False,
S2471,419,trunk,8.914948873543397,None,False,
S2472,155,trunk,606.6765394061472,None,False,
S2473,419,trunk,803.7328983264453,None,False,
S2474,23,trunk,538.655565617914,None,False,
S2475,23,trunk,919.536857765432,None,False,
S2476,segment_2476,trunk_link,325.0986366802537,None,False,
S2477,419,trunk,8.914948873543397,None,False,
S2478,155,trunk,1873.0789915554478,None,False,
S2479,155,trunk_link,137.3422817101217,None,False,
S2480,155,trunk,426.6635195928519,None,False,
S2481,segment_2481,trunk_link,107.68765530096167,None,False,
S2482,155,trunk,504.0591590970524,None,False,
S2483,segment_2483,trunk_link,167.68100768246785,None,False,
S2484,155,trunk,166.62723052608354,None,False,
S2485,56,primary,12.618404308607845,None,False,
S2486,segment_2486,trunk_link,11.692203997384292,None,False,
S2487,segment_2487,trunk_link,185.53943745793984,None,False,
S2488,155,trunk,186.35885857879754,None,False,
S2489,segment_2489,trunk_link,14.297248989351248,None,False,
S2490,56,primary,11.194432177165522,None,False,
S2491,155,trunk,400.04124269890707,None,False,
S2492,segment_2492,trunk_link,132.0338736984574,None,False,
S2493,segment_2493,trunk_link,126.72071903404618,None,False,
S2494,155,trunk,177.3679525891958,None,False,
S2495,155,trunk,141.05917511101697,None,False,
S2496,segment_2496,trunk_link,119.30650178078587,None,False,
S2497,419,trunk,403.0084040789212,None,False,
S2498,302,trunk,219.37424527542956,None,False,
S2499,302,trunk,1570.1650420790056,None,False,
S2500,67;127,primary,2015.6055742926396,None,False,
S2501,302,trunk,799.1752048275422,None,False,
S2502,302,trunk,1270.2573555304118,None,False,
S2503,23,trunk_link,244.3074978298008,None,False,
S2504,23,trunk,598.5205119667135,None,False,
S2505,23,trunk,672.6590487628362,None,False,
S2506,302,trunk,78.13194712871021,None,False,
S2507,302,trunk,1570.1650420790056,None,False,
S2508,16,motorway,1419.3142634241526,None,False,
S2509,22,trunk,1094.4482307813068,None,False,
S2510,segment_2510,motorway_link,545.9667120086191,None,False,
S2511,C2,motorway,1638.9283075487147,None,False,
S2512,C2,motorway,1766.9847700088585,None,False,
S2513,segment_2513,motorway_link,438.77232330444025,None,False,
S2514,C2,motorway,277.34933701371904,None,False,
S2515,302,trunk,2754.5297931638006,None,False,
S2516,segment_2516,motorway_link,344.1956173500236,None,False,
S2517,C2,motorway,2004.1066542837448,None,False,
S2518,302,trunk,199.21963133152985,None,False,
S2519,302,trunk,62.923265301427776,None,False,
S2520,C2,motorway,407.42469436492695,None,False,
S2521,segment_2521,motorway_link,464.8404653622144,None,False,
S2522,302,trunk,116.29662353630613,None,False,
S2523,302,trunk,189.02016170612578,None,False,
S2524,segment_2524,motorway_link,471.6514837385607,None,False,
S2525,41,trunk,713.2305862706214,None,False,
S2526,segment_2526,motorway_link,529.7450413190652,None,False,
S2527,11,motorway,3113.7642416429753,None,False,
S2528,segment_2528,motorway_link,596.0868007001412,None,False,
S2529,41,trunk,1138.2723541760326,None,False,
S2530,segment_2530,motorway_link,623.2042965693839,None,False,
S2531,11,motorway,622.8353696694223,None,False,
S2532,11,motorway,3025.738709679265,None,False,
S2533,segment_2533,motorway_link,569.2147303973106,None,False,
S2534,segment_2534,motorway_link,611.1247326690868,None,False,
S2535,63,primary,626.6502661629279,None,False,
S2536,55,primary,307.19314599915396,None,False,
S2537,segment_2537,motorway_link,615.4989309430254,None,False,
S2538,4,motorway,881.6298304529525,None,False,
S2539,segment_2539,motorway_link,534.4637926209193,None,False,
S2540,55,primary,692.8994867679868,None,False,
S2541,3,motorway,751.0559398445723,None,False,
S2542,2,motorway,3611.4793241640295,None,False,
S2543,segment_2543,motorway_link,214.6742784417365,None,False,
S2544,春岡入口,motorway_link,310.9491778178796,None,False,
S2545,155,trunk,126.59000611197237,None,False,
S2546,155,trunk,630.3898556866417,None,False,
S2547,155,trunk_link,312.9417063206926,None,False,
S2548,153,trunk,9.442423325221764,None,False,
S2549,58,primary,275.63473750007824,None,False,
S2550,153,trunk,18.43660444249971,None,False,
S2551,153,trunk,1243.9614485209308,None,False,
S2552,segment_2552,trunk_link,11.79491873159989,None,False,
S2553,153,trunk,18.43660444249971,None,False,
S2554,153,trunk,603.0127720744734,None,False,
S2555,segment_2555,trunk_link,11.79491873159989,None,False,
S2556,153,trunk,536.9269139423644,None,False,
S2557,E1,motorway,972.0438764169446,None,False,
S2558,segment_2558,motorway_link,824.8735870448372,None,False,
S2559,153,trunk,521.1633477519274,None,False,
S2560,153,trunk_link,172.00499840895128,None,False,
S2561,153,trunk_link,102.0998018144676,None,False,
S2562,153,trunk,823.592361598666,None,False,
S2563,153,trunk_link,222.4093450322323,None,False,
S2564,153,trunk,412.5795266848672,None,False,
S2565,153,trunk_link,160.3809084479273,None,False,
S2566,153,trunk,371.3996140048061,None,False,
S2567,153,trunk_link,167.45661585749247,None,False,
S2568,153,trunk,378.1848261492912,None,False,
S2569,153,trunk,635.3524591213543,None,False,
S2570,23,trunk_link,228.50876910763228,None,False,
S2571,153,trunk,459.7745227756867,None,False,
S2572,segment_2572,motorway_link,541.7023769472039,None,False,
S2573,302,trunk,1265.2544193523063,None,False,
S2574,55,primary,2508.559891950866,None,False,
S2575,55,primary,1347.579666181659,None,False,
S2576,302,trunk,10.56328517060191,None,False,
S2577,55,primary,2506.7281415349994,None,False,
S2578,55,primary,10.53309645060442,None,False,
S2579,155,trunk,1259.6168151222678,None,False,
S2580,58,primary,2529.8468251518916,None,False,
S2581,58,primary,275.9030720266952,None,False,
S2582,54,primary,1365.54214211679,None,False,
S2583,54,primary,336.689863835676,None,False,
S2584,23,trunk,135.15447758494594,None,False,
S2585,23,trunk_link,13.375525981673247,None,False,
S2586,59,primary,1527.2908330198334,None,False,
S2587,23,trunk,449.4170667661858,None,False,
S2588,23,trunk_link,206.21375397495515,None,False,
S2589,23,trunk_link,13.565984068877025,None,False,
S2590,59,primary,1944.5028805316279,None,False,
S2591,59,primary,26.621916896158528,None,False,
S2592,23,trunk_link,206.78442321888434,None,False,
S2593,23,trunk,926.8213339974354,None,False,
S2594,59,primary,7.38718909063044,None,False,
S2595,segment_2595,motorway_link,274.0506017488503,None,False,
S2596,59,primary,344.2971683246968,None,False,
S2597,153,trunk_link,9.755961948839388,None,False,
S2598,153,trunk,1424.8130336247848,None,False,
S2599,E1,motorway,1891.2836479681746,None,False,
S2600,E1,motorway,7589.194280231629,None,False,
S2601,E1,motorway,3444.519400743196,None,False,
S2602,E1,motorway,1173.151354870975,None,False,
S2603,23,trunk,951.3732370776887,None,False,
S2604,segment_2604,trunk_link,400.41637093322976,None,False,
S2605,segment_2605,motorway_link,10.322209767795563,None,False,
S2606,segment_2606,motorway_link,521.0002459081682,None,False,
S2607,E19,motorway_link,942.4564247575348,None,False,
S2608,E1,motorway,1013.8529070122771,None,False,
S2609,56,primary,8.361163317807579,None,False,
S2610,30,primary,97.64105298533116,None,False,
S2611,C2,motorway,2272.113559906159,None,False,
S2612,segment_2612,motorway_link,436.526777269382,None,False,
S2613,302,trunk,307.4767318812638,None,False,
S2614,C2,motorway,267.42664415115087,None,False,
S2615,segment_2615,motorway_link,456.170408522202,None,False,
S2616,C2,motorway,1290.2204998423376,None,False,
S2617,segment_2617,motorway_link,629.88878401616,None,False,
S2618,302,trunk,943.0663395685957,None,False,
S2619,247,trunk,9.473821133413917,None,False,
S2620,36,primary,1212.2768362546972,None,False,
S2621,36,primary,14.338114748414336,None,False,
S2622,55,primary,1780.0231697612035,None,False,
S2623,segment_2623,motorway_link,11.632278192687224,None,False,
S2624,56;284,primary,2640.347718626803,None,False,
S2625,155,trunk,592.7708601546177,None,False,
S2626,15,primary,1864.7409736247123,None,False,
S2627,155,trunk,1879.3249465526742,None,False,
S2628,56,primary,1977.3545654390189,None,False,
S2629,segment_2629,primary_link,47.980557259492336,None,False,
S2630,302,trunk,77.95338242930134,None,False,
S2631,segment_2631,primary_link,201.77519297970272,None,False,
S2632,302,trunk,27.745051450072488,None,False,
S2633,155,trunk_link,6.9831988050136875,None,False,
S2634,155,trunk,2682.664915962393,None,False,
S2635,155,trunk,13.10853872655998,None,False,
S2636,segment_2636,trunk_link,9.869786735717152,None,False,
S2637,segment_2637,trunk_link,99.65009301971689,None,False,
S2638,segment_2638,trunk_link,65.5976164130157,None,False,
S2639,23,trunk,156.3825414134903,None,False,
S2640,segment_2640,motorway_link,104.26117514552844,None,False,
S2641,segment_2641,motorway_link,116.51138813007455,None,False,
S2642,segment_2642,motorway_link,500.5828387806704,None,False,
S2643,segment_2643,motorway_link,425.84948311960073,None,False,
S2644,67;190,primary,734.5283934355609,None,False,
S2645,302,trunk,147.5656382349012,None,False,
S2646,4,"['motorway_link', 'motorway']",621.76112404063,None,False,
S2647,366,trunk,11.708456151969855,None,False,
S2648,155;366,trunk,512.8567213559768,None,False,
S2649,153,trunk_link,108.18354087813195,None,False,
S2650,153,trunk,296.13051740050275,None,False,
S2651,153,trunk_link,161.433557260054,None,False,
S2652,153,trunk,844.9763596993984,None,False,
S2653,1,trunk,56.8459364782073,None,False,
S2654,segment_2654,trunk_link,70.883053023103,None,False,
S2655,19;22,trunk,2111.167803092435,None,False,
S2656,247,trunk,46.3641020803438,None,False,
S2657,1,trunk,57.01627330443542,None,False,
S2658,segment_2658,trunk_link,70.11172182074192,None,False,
S2659,68,primary,22.469122856407413,None,False,
S2660,302,trunk,800.2073232488341,None,False,
S2661,segment_2661,motorway_link,752.9220504356458,None,False,
S2662,302,trunk,10.89808789328867,None,False,
S2663,68,primary,764.2240598017934,None,False,
S2664,302,trunk,21.71700845853969,None,False,
S2665,419,trunk,563.6993645577614,None,False,
S2666,155,trunk,384.3036821488952,None,False,
S2667,419,"['trunk_link', 'trunk']",542.8841176262762,None,False,
S2668,419,trunk,461.5723104984847,None,False,
S2669,23,trunk_link,177.3478145597616,None,False,
S2670,59,primary,36.22177900998498,None,False,
S2671,59,primary,20.671042514067388,None,False,
S2672,59,primary_link,24.092092370754024,None,False,
S2673,59,primary,56.20392113094238,None,False,
S2674,59,primary,7.747163861895955,None,False,
S2675,59,primary,52.230251805096366,None,False,
S2676,41,trunk,439.6409448918429,None,False,
S2677,155;247,motorway_link,414.4246117333879,None,False,
S2678,segment_2678,motorway_link,632.8282761592267,None,False,
S2679,302,trunk,1584.3696758945925,None,False,
S2680,5,motorway,2795.827702123452,None,False,
S2681,C2,motorway,1849.2878607985942,None,False,
S2682,segment_2682,motorway_link,449.96080725922343,None,False,
S2683,segment_2683,motorway_link,528.0101862698405,None,False,
S2684,江川線,primary,503.4400974589333,None,False,
S2685,segment_2685,motorway_link,404.04678821189384,None,False,
S2686,4,motorway,2473.521808282176,None,False,
S2687,江川線,primary,563.9504657742177,None,False,
S2688,4,motorway,566.5719994541869,None,False,
S2689,segment_2689,motorway_link,576.647036569237,None,False,
S2690,C2,motorway,1127.1463207087875,None,False,
S2691,C2,motorway,287.3522077259602,None,False,
S2692,segment_2692,motorway_link,166.27666137434744,None,False,
S2693,C2,motorway,1182.0684903331653,None,False,
S2694,segment_2694,motorway_link,715.0099878013909,None,False,
S2695,segment_2695,motorway_link,274.1622845632403,None,False,
S2696,環状線,primary,17.23098493079497,None,False,
S2697,153,trunk,256.9102133739014,None,False,
S2698,15;61,primary,703.3884358900435,None,False,
S2699,155,trunk,2475.5088432323487,None,False,
S2700,segment_2700,trunk_link,110.1972369700436,None,False,
S2701,山王通,primary,9.615148497771273,None,False,
S2702,153,trunk,414.5061073109072,None,False,
S2703,30,primary,11.892370441963548,None,False,
S2704,153,trunk,1309.2769113666934,None,False,
S2705,30,primary,11.7332682433086,None,False,
S2706,153,trunk,426.43588059713835,None,False,
S2707,153,trunk,19.81104268642094,None,False,
S2708,153,trunk,199.3211867233923,None,False,
S2709,6;60,primary,103.5638397611328,None,False,
S2710,6;60,primary,410.43638388790083,None,False,
S2711,60,primary,1507.4509908957411,None,False,
S2712,6,primary,12.482019579201399,None,False,
S2713,60,primary,8.17474084196064,None,False,
S2714,6;60,primary,104.7040870421352,None,False,
S2715,68,primary,628.33450257893,None,False,
S2716,68,primary_link,628.6013823270903,None,False,
S2717,68,primary,13.406634296142405,None,False,
S2718,環状線,primary_link,85.15345927854403,None,False,
S2719,22,trunk,104.0734863603448,None,False,
S2720,22,trunk,20.07025830113765,None,False,
S2721,環状線,primary_link,11.984477636423541,None,False,
S2722,環状線,primary_link,8.534923823319671,None,False,
S2723,環状線,primary_link,25.686663042050654,None,False,
S2724,22,trunk_link,85.44320020150928,None,False,
S2725,環状線,primary_link,63.6280146954265,None,False,
S2726,55,primary,10.092293168942735,None,False,
S2727,55,primary,1425.437341164373,None,False,
S2728,247,trunk,9.237551898029118,None,False,
S2729,55,primary,102.64754425864474,None,False,
S2730,36,primary,14.214011416893795,None,False,
S2731,55,primary,1445.3666486205325,None,False,
S2732,江川線,primary,41.253413446049464,None,False,
S2733,23,trunk_link,16.82435861784437,None,False,
S2734,江川線,primary,135.97979387724791,None,False,
S2735,155,trunk,2178.305818578539,None,False,
S2736,155,trunk,2350.2032281950105,None,False,
S2737,41,trunk,8.242288656500218,None,False,
S2738,155,trunk,715.3211317294471,None,False,
S2739,155,trunk,25.20957103594726,None,False,
S2740,41,trunk,1151.8624628547752,None,False,
S2741,302,trunk,48.99783128025711,None,False,
S2742,segment_2742,trunk_link,246.52330687839472,None,False,
S2743,23,trunk,549.6697148861584,None,False,
S2744,segment_2744,trunk_link,290.0850524924672,None,False,
S2745,segment_2745,trunk_link,17.63284530106058,None,False,
S2746,302,trunk,852.4632016934377,None,False,
S2747,23,trunk,330.99942301891997,None,False,
S2748,segment_2748,motorway_link,323.5505586634743,None,False,
S2749,302,trunk,97.49555614391647,None,False,
S2750,302,trunk,658.0407087457862,None,False,
S2751,segment_2751,motorway_link,601.7512348069416,None,False,
S2752,segment_2752,motorway_link,376.40511264099456,None,False,
S2753,E1A,motorway,280.43414084053677,None,False,
S2754,名古屋第二環状自動車道,motorway_link,989.3361120104245,None,False,
S2755,名古屋第二環状自動車道,motorway_link,867.9870158339421,None,False,
S2756,C2,motorway,1404.6116732075188,None,False,
S2757,E1A,motorway,769.1088962853803,None,False,
S2758,E1A,motorway,936.134594089601,None,False,
S2759,名古屋第二環状自動車道,motorway_link,610.1951122506435,None,False,
S2760,segment_2760,trunk_link,26.33997228820415,None,False,
S2761,302,trunk,114.1648827056035,None,False,
S2762,302,trunk,1072.39475170811,None,False,
S2763,segment_2763,motorway_link,537.367275269034,None,False,
S2764,C2,motorway,435.12790704346617,None,False,
S2765,segment_2765,motorway_link,264.15335134279366,None,False,
S2766,C2,motorway,985.0211594403798,None,False,
S2767,segment_2767,motorway_link,366.4150093817653,None,False,
S2768,名古屋高速5号万場線,motorway_link,446.4794021143393,None,False,
S2769,segment_2769,motorway_link,277.09287443748025,None,False,
S2770,56;221,primary,365.47489785419816,None,False,
S2771,56,primary_link,90.23854500959507,None,False,
S2772,56;221,primary,30.162411578270365,None,False,
S2773,56,primary_link,22.292812405051826,None,False,
S2774,C2,motorway,1248.7650402267784,None,False,
S2775,segment_2775,motorway_link,513.9960809916474,None,False,
S2776,C2,motorway,1820.4552229947408,None,False,
S2777,302,trunk,631.2605123787113,None,False,
S2778,302,trunk,2258.844634201962,None,False,
S2779,segment_2779,motorway_link,580.0859552831281,None,False,
S2780,C2,motorway,1654.1704754509935,None,False,
S2781,segment_2781,motorway_link,414.2892445676434,None,False,
S2782,C2,motorway,1829.169778844249,None,False,
S2783,302,trunk,246.05123636036592,None,False,
S2784,302,trunk,2585.0144476950863,None,False,
S2785,segment_2785,motorway_link,503.18189119292384,None,False,
S2786,segment_2786,motorway_link,535.1462112606442,None,False,
S2787,C2,motorway,1368.0670042629122,None,False,
S2788,C2,motorway,1355.9017139685345,None,False,
S2789,segment_2789,motorway_link,494.96028494327777,None,False,
S2790,C2,motorway,1357.4751287413023,None,False,
S2791,302,trunk,365.0655072579103,None,False,
S2792,C2,motorway,2018.2570260045745,None,False,
S2793,segment_2793,motorway_link,515.3797780394233,None,False,
S2794,302,trunk,16.986204701579435,None,False,
S2795,63;163,primary,59.2706572656191,None,False,
S2796,63;163,primary,34.13668354623759,None,False,
S2797,302,trunk,123.23896145456305,None,False,
S2798,segment_2798,trunk_link,32.22807590175938,None,False,
S2799,22,trunk,33.07648715889507,None,False,
S2800,363,trunk,10.503626892318202,None,False,
S2801,363,trunk,155.74693172349504,None,False,
S2802,363,trunk,1177.862746432148,None,False,
S2803,363,trunk,11.617378763465513,None,False,
S2804,61,primary,1032.288280856498,None,False,
S2805,19,trunk,231.27684415036885,None,False,
S2806,19,trunk,21.039954922549875,None,False,
S2807,segment_2807,trunk_link,28.93360550707626,None,False,
S2808,36,primary,9.02655141981604,None,False,
S2809,59,primary,2201.093866048102,None,False,
S2810,59,primary,6.747084820440957,None,False,
S2811,36,primary,2440.976464958033,None,False,
S2812,247,trunk,10.806670005625524,None,False,
S2813,36,primary,1315.732411375517,None,False,
S2814,36,primary,23.077740025400487,None,False,
S2815,23,trunk,1287.5108618356162,None,False,
S2816,23,trunk,9.61054837709568,None,False,
S2817,36,primary,1120.587330483575,None,False,
S2818,36,primary,14.126513927504076,None,False,
S2819,1,trunk,1132.3523853365377,None,False,
S2820,1,trunk,8.090012134016893,None,False,
S2821,36,primary,1218.606355577948,None,False,
S2822,302,trunk,234.466517242693,None,False,
S2823,155,trunk,599.7706573639205,None,False,
S2824,155,trunk,1468.6942032916297,None,False,
S2825,155;247,trunk,8.59605531550498,None,False,
S2826,155;247,trunk,2016.1320528567708,None,False,
S2827,155,trunk,860.0311760859989,None,False,
S2828,155,motorway_link,236.3343780098009,None,False,
S2829,155,trunk,55.35422735807981,None,False,
S2830,55,primary,10.417761954832716,None,False,
S2831,155,trunk,2150.6758647441375,None,False,
S2832,155,trunk,12.212518050464903,None,False,
S2833,segment_2833,motorway_link,9.215735604472087,None,False,
S2834,155,trunk,1256.5761781790047,None,False,
S2835,155,trunk,7.177806038925838,None,False,
S2836,segment_2836,motorway_link,386.64418351726715,None,False,
S2837,23,primary,10.701390420583152,None,False,
S2838,155,trunk,904.5966791025811,None,False,
S2839,23,primary,10.13723801217783,None,False,
S2840,155,trunk,1073.3741186042316,None,False,
S2841,155,motorway_link,8.705244102416053,None,False,
S2842,23,trunk_link,423.7818516708209,None,False,
S2843,1,trunk,300.91636037786986,None,False,
S2844,1,trunk,1065.51344524637,None,False,
S2845,1,trunk,677.5341718545452,None,False,
S2846,1,trunk,301.81823870045685,None,False,
S2847,1,trunk,66.10783382782148,None,False,
S2848,1,trunk,127.34650339333697,None,False,
S2849,E1,motorway,1953.6369611023079,None,False,
S2850,E1,motorway,1246.4650715599396,None,False,
S2851,2,motorway,20.913613017761822,None,False,
S2852,segment_2852,motorway_link,492.773146463525,None,False,
S2853,segment_2853,motorway_link,836.8156606921196,None,False,
S2854,segment_2854,motorway_link,505.0546643658737,None,False,
S2855,空港線,primary,200.16150240272373,None,False,
S2856,空港線,primary_link,13.302158915060962,None,False,
S2857,空港線,primary,438.3931780090048,None,False,
S2858,空港線,primary,1662.4585500196615,None,False,
S2859,segment_2859,motorway_link,9.698913064694784,None,False,
S2860,segment_2860,motorway_link,20.220070042944457,None,False,
S2861,segment_2861,motorway_link,97.11949560422588,None,False,
S2862,1,motorway,3067.7904795672157,None,False,
S2863,segment_2863,motorway_link,612.7501568813216,None,False,
S2864,41,trunk,1888.7608880540154,None,False,
S2865,63,primary,49.017184288766046,None,False,
S2866,segment_2866,motorway_link,426.22396712098697,None,False,
S2867,C2,"['motorway_link', 'motorway']",589.4702322463738,None,False,
S2868,segment_2868,motorway_link,493.20902336250253,None,False,
S2869,36,primary,10.167800486114189,None,False,
S2870,36,primary,2259.1595814799557,None,False,
S2871,57,primary,1718.428404237497,None,False,
S2872,36,primary,10.167800486114189,None,False,
S2873,57,primary,61.288543397126325,None,False,
S2874,36,primary,1860.901558478454,None,False,
S2875,segment_2875,motorway_link,750.9296144311057,None,False,
S2876,segment_2876,motorway_link,281.9553845381665,None,False,
S2877,C2,motorway,215.33228796895276,None,False,
S2878,segment_2878,motorway_link,182.05727472345416,None,False,
S2879,segment_2879,motorway_link,154.33135722003132,None,False,
S2880,segment_2880,motorway_link,34.80399556523837,None,False,
S2881,302,trunk,99.8327605497563,None,False,
S2882,C2,motorway,275.877653518912,None,False,
S2883,segment_2883,motorway_link,574.0176496273422,None,False,
S2884,302,trunk,451.2205758894496,None,False,
S2885,segment_2885,motorway_link,544.9476210161797,None,False,
S2886,C2,motorway,720.5575531594882,None,False,
S2887,302,trunk,707.3064724143792,None,False,
S2888,302,trunk,799.1752048275422,None,False,
S2889,60,primary,18.08371592779542,None,False,
S2890,68,primary,371.1767106775044,None,False,
S2891,名駅通,primary,14.653702382681242,None,False,
S2892,68,primary,1158.091582560884,None,False,
S2893,68,primary,13.851125455167,None,False,
S2894,60,primary,393.7691983042487,None,False,
S2895,segment_2895,trunk_link,23.906095948061523,None,False,
S2896,22,trunk_link,14.757006012342924,None,False,
S2897,22,trunk,36.4231653333857,None,False,
S2898,segment_2898,trunk_link,91.98287161754048,None,False,
S2899,segment_2899,trunk_link,74.54180101275807,None,False,
S2900,22,trunk,445.8767957763746,None,False,
S2901,segment_2901,trunk_link,30.014062820772615,None,False,
S2902,22,trunk,125.54077411954019,None,False,
S2903,segment_2903,trunk_link,28.480603663972374,None,False,
S2904,22,trunk,645.7777396973386,None,False,
S2905,22,trunk,1222.852406823693,None,False,
S2906,segment_2906,motorway_link,511.2634287318559,None,False,
S2907,22,trunk,557.8483511162807,None,False,
S2908,16,motorway,1603.725062629967,None,False,
S2909,segment_2909,motorway_link,569.1719458474264,None,False,
S2910,22,trunk,38.66519576397876,None,False,
S2911,segment_2911,trunk_link,41.13092489997247,None,False,
S2912,22,trunk,640.6925918943218,None,False,
S2913,segment_2913,motorway_link,514.2510833297234,None,False,
S2914,22,trunk,1173.405459758603,None,False,
S2915,22,trunk,95.72484071268292,None,False,
S2916,segment_2916,trunk_link,106.28291481248542,None,False,
S2917,22,trunk,1223.9366859702332,None,False,
S2918,segment_2918,motorway_link,396.1154635336162,None,False,
S2919,16,motorway,330.5659872566982,None,False,
S2920,22,trunk,315.9584455599175,None,False,
S2921,16,motorway,782.2509175444376,None,False,
S2922,segment_2922,motorway_link,503.1929676889412,None,False,
S2923,segment_2923,motorway_link,142.84530611361578,None,False,
S2924,segment_2924,motorway_link,29.08234195446634,None,False,
S2925,segment_2925,motorway_link,2.915505075806542,None,False,
S2926,segment_2926,motorway_link,23.56032342497554,None,False,
S2927,segment_2927,motorway_link,34.519686071484045,None,False,
S2928,segment_2928,primary_link,34.88151839817213,None,False,
S2929,63,primary,57.515785541668244,None,False,
S2930,segment_2930,primary_link,29.562395528506794,None,False,
S2931,63,primary,52.20175578172106,None,False,
S2932,segment_2932,primary_link,29.495692383411388,None,False,
S2933,segment_2933,primary_link,33.79760725917931,None,False,
S2934,63,primary,922.7563928695972,None,False,
S2935,segment_2935,"['primary_link', 'motorway_link']",605.3146985287032,None,False,
S2936,63;162,primary,3071.3095017934284,None,False,
S2937,6,motorway,3047.3499623840403,None,False,
S2938,6,motorway,1454.5690238863992,None,False,
S2939,segment_2939,motorway_link,534.1731207057283,None,False,
S2940,segment_2940,trunk_link,13.984531295259075,None,False,
S2941,segment_2941,trunk_link,17.648099256988807,None,False,
S2942,segment_2942,trunk_link,18.79417364915561,None,False,
S2943,22,trunk,667.5318455831002,None,False,
S2944,segment_2944,trunk_link,12.404991733139656,None,False,
S2945,segment_2945,trunk_link,10.86698699393346,None,False,
S2946,segment_2946,trunk_link,16.119741823502803,None,False,
S2947,segment_2947,trunk_link,12.091974825526536,None,False,
S2948,segment_2948,trunk_link,5.461035619539757,None,False,
S2949,59,primary,36.22177900998498,None,False,
S2950,59,primary_link,30.93815073867027,None,False,
S2951,22,trunk,44.08046776621474,None,False,
S2952,59,primary_link,31.69657270579542,None,False,
S2953,22,trunk,888.7742837070832,None,False,
S2954,59,primary,65.05801490963128,None,False,
S2955,59,primary_link,34.6413679415965,None,False,
S2956,22,trunk,43.649657225199206,None,False,
S2957,59,primary_link,32.95493299161603,None,False,
S2958,22,trunk,2011.0461990921156,None,False,
S2959,segment_2959,primary_link,5.9179517549269,None,False,
S2960,59,primary_link,17.578548585762952,None,False,
S2961,59,primary,9.698239360480574,None,False,
S2962,59,primary,38.18220426314302,None,False,
S2963,16,motorway,853.4628810919493,None,False,
S2964,segment_2964,motorway_link,226.78841672065636,None,False,
S2965,302,trunk,1948.4288595602422,None,False,
S2966,segment_2966,motorway_link,505.0039884033808,None,False,
S2967,302,trunk,111.7347885836706,None,False,
S2968,302,trunk,798.4917605633507,None,False,
S2969,302,trunk,1980.0250071494502,None,False,
S2970,302,trunk,12.578607117303344,None,False,
S2971,segment_2971,trunk_link,31.637240072481696,None,False,
S2972,302,trunk,18.079155227287742,None,False,
S2973,302,trunk,1.7583845527292843,None,False,
S2974,302,trunk,1.7583845527292843,None,False,
S2975,segment_2975,trunk_link,27.08217392201171,None,False,
S2976,302,trunk,689.5434820048592,None,False,
S2977,segment_2977,motorway_link,562.2314449238254,None,False,
S2978,C2,motorway,1219.6387320315666,None,False,
S2979,segment_2979,motorway_link,453.614481874063,None,False,
S2980,302,trunk,206.80689574958075,None,False,
S2981,C2,motorway,614.5242170588645,None,False,
S2982,segment_2982,motorway_link,406.85917470530006,None,False,
S2983,302,trunk,322.2496362663776,None,False,
S2984,302,trunk,518.3436005338845,None,False,
S2985,segment_2985,trunk_link,263.7210317797691,None,False,
S2986,302,trunk,1469.874675495163,None,False,
S2987,segment_2987,motorway_link,558.290907845787,None,False,
S2988,segment_2988,motorway_link,217.40216171656584,None,False,
S2989,C2,motorway,768.3398687373426,None,False,
S2990,segment_2990,motorway_link,574.0945748447294,None,False,
S2991,41,trunk,36.583977293628074,None,False,
S2992,segment_2992,trunk_link,38.20275414282396,None,False,
S2993,segment_2993,trunk_link,7.811685058346373,None,False,
S2994,segment_2994,trunk_link,82.86216656301627,None,False,
S2995,segment_2995,trunk_link,7.412892979632669,None,False,
S2996,C2,motorway,492.5091855257959,None,False,
S2997,segment_2997,motorway_link,492.9937792305995,None,False,
S2998,302,trunk,264.0348673081083,None,False,
S2999,segment_2999,trunk_link,12.46898637409055,None,False,
S3000,segment_3000,trunk_link,45.75855579005,None,False,
S3001,302,trunk,243.8265714397247,None,False,
S3002,302,trunk,270.02511203380936,None,False,
S3003,segment_3003,trunk_link,298.4566123470344,None,False,
S3004,segment_3004,trunk_link,113.68670400375998,None,False,
S3005,302,trunk,39.742373936095994,None,False,
S3006,segment_3006,trunk_link,32.73865560698899,None,False,
S3007,segment_3007,trunk_link,23.40338271817685,None,False,
S3008,segment_3008,trunk_link,5.7918251845885775,None,False,
S3009,segment_3009,trunk_link,12.759978357226341,None,False,
S3010,segment_3010,trunk_link,26.21241731483159,None,False,
S3011,302,trunk,16.143149266170678,None,False,
S3012,segment_3012,trunk_link,15.772322760310685,None,False,
S3013,segment_3013,trunk_link,298.6703390422259,None,False,
S3014,segment_3014,trunk_link,22.093124429195758,None,False,
S3015,segment_3015,trunk_link,25.999697250988888,None,False,
S3016,segment_3016,trunk_link,11.968735065253826,None,False,
S3017,302,trunk,12.024351294005319,None,False,
S3018,segment_3018,trunk_link,23.471245695474845,None,False,
S3019,302,trunk,105.13825585702989,None,False,
S3020,segment_3020,motorway_link,604.4027327589886,None,False,
S3021,302,trunk,226.61639729805728,None,False,
S3022,247,trunk,1490.4532240927515,None,False,
S3023,247,trunk_link,347.1672353380405,None,False,
S3024,名古屋第二環状自動車道,motorway_link,187.92450091363563,None,False,
S3025,segment_3025,trunk_link,4.218849591375353,None,False,
S3026,segment_3026,trunk_link,21.341407101377996,None,False,
S3027,302,trunk,21.148137810290525,None,False,
S3028,segment_3028,trunk_link,28.155907932679714,None,False,
S3029,segment_3029,trunk_link,8.134387524233023,None,False,
S3030,segment_3030,trunk_link,9.102301240872585,None,False,
S3031,segment_3031,trunk_link,5.116026325541697,None,False,
S3032,segment_3032,trunk_link,11.786644247725597,None,False,
S3033,4,motorway,1513.944019056227,None,False,
S3034,名古屋第二環状自動車道,motorway_link,211.95351145945602,None,False,
S3035,302,trunk,1069.7146312082668,None,False,
S3036,segment_3036,motorway_link,455.5817430594551,None,False,
S3037,302,trunk,161.60750898495985,None,False,
S3038,C2,motorway,1375.1068653378115,None,False,
S3039,segment_3039,motorway_link,423.10486831430353,None,False,
S3040,C2,motorway,2057.6771305894245,None,False,
S3041,C2,motorway,527.006452430741,None,False,
S3042,segment_3042,motorway_link,384.42738431594034,None,False,
S3043,C2,motorway,2009.224431758724,None,False,
S3044,302,trunk,290.54948108403835,None,False,
S3045,C2,motorway,1307.8300367177837,None,False,
S3046,segment_3046,motorway_link,401.46876304749134,None,False,
S3047,C2,motorway,1314.9398828193791,None,False,
S3048,302,trunk,793.0877946312132,None,False,
S3049,segment_3049,motorway_link,531.220428470695,None,False,
S3050,名古屋高速5号万場線,motorway_link,44.38569374235311,None,False,
S3051,segment_3051,primary_link,6.669854630212331,None,False,
S3052,segment_3052,primary_link,6.669854630212331,None,False,
S3053,30,primary,2795.544492266903,None,False,
S3054,2,motorway,584.8861050725438,None,False,
S3055,segment_3055,motorway_link,96.74182602211316,None,False,
S3056,segment_3056,motorway_link,96.69233248552507,None,False,
S3057,segment_3057,motorway_link,186.65290548899458,None,False,
S3058,segment_3058,motorway_link,97.43861629640267,None,False,
S3059,2,motorway,2717.6122237411505,None,False,
S3060,segment_3060,motorway_link,89.33328014975993,None,False,
S3061,segment_3061,motorway_link,89.11767593634985,None,False,
S3062,60;57,primary,11.133536561950994,None,False,
S3063,60;57,primary,555.4906373685689,None,False,
S3064,segment_3064,motorway_link,125.36404863452813,None,False,
S3065,segment_3065,motorway_link,792.5131093034083,None,False,
S3066,segment_3066,motorway_link,10.862806678561514,None,False,
S3067,56,primary,202.67331132465614,None,False,
S3068,56,primary,7.872962488282777,None,False,
S3069,segment_3069,motorway_link,1006.9800337577943,None,False,
S3070,segment_3070,primary_link,33.35560557905329,None,False,
S3071,155,trunk,10.047309112791908,None,False,
S3072,segment_3072,trunk_link,24.834652397436155,None,False,
S3073,302,trunk,165.52259820830727,None,False,
S3074,302,trunk,4.808962005069313,None,False,
S3075,segment_3075,trunk_link,10.7333985383287,None,False,
S3076,segment_3076,trunk_link,32.643510586966066,None,False,
S3077,302,trunk,153.85191832754208,None,False,
S3078,E1A,motorway,1005.7541983911285,None,False,
S3079,segment_3079,motorway_link,273.35455762044995,None,False,
S3080,155;366,trunk,11.958982522420156,None,False,
S3081,57,primary,1144.587914171882,None,False,
S3082,155;366,trunk,12.4369801276521,None,False,
S3083,155,trunk,1126.572114911773,None,False,
S3084,48,primary,11.350269389049181,None,False,
S3085,155,trunk,859.9900444225616,None,False,
S3086,155,trunk,860.0887647892079,None,False,
S3087,155,trunk,2297.4644834267588,None,False,
S3088,51,primary,10.791993556042716,None,False,
S3089,51,primary,1343.5949358558257,None,False,
S3090,155,trunk,581.7894842966692,None,False,
S3091,302,trunk,98.22882283766216,None,False,
S3092,segment_3092,trunk_link,94.80798619942288,None,False,
S3093,302,trunk,101.20608526759446,None,False,
S3094,segment_3094,trunk_link,100.83514448366648,None,False,
S3095,23,primary,33.80771796414068,None,False,
S3096,302,trunk,284.0141149591219,None,False,
S3097,247,motorway_link,175.61580662566675,None,False,
S3098,247,motorway,803.6032777581012,None,False,
S3099,segment_3099,motorway_link,16.607232316966638,None,False,
S3100,63,primary,509.2095384974349,None,False,
S3101,segment_3101,trunk_link,68.357791977648,None,False,
S3102,segment_3102,trunk_link,36.191343200682425,None,False,
S3103,segment_3103,trunk_link,68.357791977648,None,False,
S3104,segment_3104,trunk_link,128.53094873222693,None,False,
S3105,19,trunk,117.30499201373783,None,False,
S3106,segment_3106,trunk_link,36.191343200682425,None,False,
S3107,19,trunk,1497.1433589321814,None,False,
S3108,segment_3108,trunk_link,128.53094873222693,None,False,
S3109,62;190;155,primary,7.238896288170857,None,False,
S3110,62;190;155,primary,1685.949159505134,None,False,
S3111,54,primary,7.2964629442015365,None,False,
S3112,54,primary,9.090913414863387,None,False,
S3113,54,primary,836.2256434076793,None,False,
S3114,segment_3114,trunk_link,71.18679185181516,None,False,
S3115,302,trunk,68.73425953347582,None,False,
S3116,segment_3116,trunk_link,61.42290743497729,None,False,
S3117,302,trunk,58.26454630988685,None,False,
S3118,302,trunk,78.93596039914732,None,False,
S3119,segment_3119,trunk_link,86.99245355924532,None,False,
S3120,302,trunk,56.08477311487175,None,False,
S3121,segment_3121,trunk_link,58.12302331465985,None,False,
S3122,segment_3122,trunk_link,54.94169199850627,None,False,
S3123,302,trunk,51.76055066340308,None,False,
S3124,30,primary,1374.4421122500873,None,False,
S3125,302,trunk,71.03743640375413,None,False,
S3126,segment_3126,trunk_link,73.67848940270312,None,False,
S3127,segment_3127,trunk_link,68.8065288135599,None,False,
S3128,302,trunk,66.18299464688029,None,False,
S3129,segment_3129,trunk_link,36.359521250725344,None,False,
S3130,302,trunk,80.41654125856554,None,False,
S3131,1,trunk,11.950946017428441,None,False,
S3132,59,primary,1953.91553064018,None,False,
S3133,1,trunk,201.61900657549214,None,False,
S3134,1,trunk,11.950946017428441,None,False,
S3135,59,primary,643.5324106650675,None,False,
S3136,1,trunk,315.8111820884542,None,False,
S3137,segment_3137,motorway_link,116.50039893286598,None,False,
S3138,segment_3138,motorway_link,90.28954617485621,None,False,
S3139,segment_3139,motorway_link,90.32352531283607,None,False,
S3140,segment_3140,motorway_link,491.14464452121103,None,False,
S3141,23,primary,10.058969422179722,None,False,
S3142,155,trunk,1467.497697856574,None,False,
S3143,空港線,primary,779.081575383813,None,False,
S3144,1,trunk,1118.0748305786317,None,False,
S3145,segment_3145,motorway_link,475.2699198713377,None,False,
S3146,302,trunk,149.36104159281288,None,False,
S3147,segment_3147,trunk_link,47.99332688074377,None,False,
S3148,302,trunk,116.16432607534333,None,False,
S3149,segment_3149,trunk_link,48.23171876944629,None,False,
S3150,segment_3150,trunk_link,27.161183639742188,None,False,
S3151,302,trunk,159.81782280442258,None,False,
S3152,C2,motorway,3338.5995559253934,None,False,
S3153,C2,motorway,1005.1033686714602,None,False,
S3154,segment_3154,motorway_link,315.12002833290245,None,False,
S3155,57,primary,1300.264655603931,None,False,
S3156,57,primary_link,155.3584938411869,None,False,
S3157,302,trunk,99.00002647167301,None,False,
S3158,302,trunk,106.36362938079306,None,False,
S3159,東海通,primary,29.201752540221104,None,False,
S3160,302,trunk,10.594883946117134,None,False,
S3161,東海通,primary,31.505163409331157,None,False,
S3162,302,trunk,10.34478477295729,None,False,
S3163,155,trunk,399.8761270829244,None,False,
S3164,segment_3164,trunk_link,7.2454166881194695,None,False,
S3165,155,trunk,245.5564906018906,None,False,
S3166,segment_3166,trunk_link,8.240145766442414,None,False,
S3167,155,trunk,188.84788085173665,None,False,
S3168,155,trunk,579.3736527144063,None,False,
S3169,419,trunk,18.622592315943294,None,False,
S3170,419,trunk,30.143591507406434,None,False,
S3171,302,trunk,61.791371306977126,None,False,
S3172,segment_3172,trunk_link,65.0446609480535,None,False,
S3173,302,trunk,51.67062935492594,None,False,
S3174,segment_3174,trunk_link,54.957767237189664,None,False,
S3175,302,trunk,67.54576665927681,None,False,
S3176,segment_3176,trunk_link,76.58782166969236,None,False,
S3177,54,primary,832.4935908096201,None,False,
S3178,54,primary,336.689863835676,None,False,
S3179,54,primary,30.33149690444166,None,False,
S3180,54,primary,1077.4100631972067,None,False,
S3181,153,trunk,2099.7171953479265,None,False,
S3182,segment_3182,trunk_link,131.10433305647865,None,False,
S3183,57,primary,370.96490767058657,None,False,
S3184,segment_3184,primary_link,44.25366787304629,None,False,
S3185,57,primary,65.20602856873383,None,False,
S3186,segment_3186,trunk_link,75.4547163251812,None,False,
S3187,302,trunk,74.41232326990514,None,False,
S3188,1,trunk_link,18.56266783742741,None,False,
S3189,segment_3189,trunk_link,17.35770421217602,None,False,
