{
"type": "FeatureCollection",
"name": "disaster_scenario_t0",
"crs": { "type": "name", "properties": { "name": "urn:ogc:def:crs:OGC:1.3:CRS84" } },
"features": [
{ "type": "Feature", "properties": { "segment_id": "S0", "corridor_id": "NH148A", "highway": "trunk", "ref": "NH148A", "name": "Mehrauli Gurgaon Road", "length": 303.28419259101787, "u": 249120685, "v": 537994231, "metapath_priority": "None", "is_metapath_hard": false, "metapath_pairs": "", "damage_type": "none", "initial_open": true, "disaster_hard": false }, "geometry": { "type": "LineString", "coordinates": [ [ 77.0954009, 28.4834359 ], [ 77.0952009, 28.4833581 ], [ 77.0951446, 28.4833018 ], [ 77.0950813, 28.483157 ], [ 77.0950344, 28.4829302 ], [ 77.0948795, 28.4822075 ], [ 77.0948105, 28.4819731 ], [ 77.0947374, 28.4817532 ], [ 77.0946994, 28.4816391 ], [ 77.0944397, 28.4815847 ], [ 77.0943213, 28.481564 ], [ 77.0941357, 28.4814848 ], [ 77.0938967, 28.4813987 ] ] } },
{ "type": "Feature", "properties": { "segment_id": "S1", "corridor_id": "segment_1", "highway": "primary_link", "ref": null, "name": null, "length": 66.721522012973765, "u": 249120685, "v": 249222640, "metapath_priority": "None", "is_metapath_hard": false, "metapath_pairs": "", "damage_type": "none", "initial_open": true, "disaster_hard": false }, "geometry": { "type": "LineString", "coordinates": [ [ 77.0954009, 28.4834359 ], [ 77.0951723, 28.4834198 ], [ 77.0950033, 28.4834902 ], [ 77.0949109, 28.483577 ], [ 77.0948598, 28.4836831 ] ] } },
{ "type": "Feature", "properties": { "segment_id": "S2", "corridor_id": "NH148A", "highway": "trunk", "ref": "NH148A", "name": "Mehrauli Gurgaon Road", "length": 296.64716023794449, "u": 249222640, "v": 4757946190, "metapath_priority": "None", "is_metapath_hard": false, "metapath_pairs": "", "damage_type": "crack_pothole", "initial_open": true, "disaster_hard": false }, "geometry": { "type": "LineString", "coordinates": [ [ 77.0948598, 28.4836831 ], [ 77.094928, 28.48426 ], [ 77.0949777, 28.4843728 ], [ 77.0950255, 28.4845526 ], [ 77.095068, 28.4846973 ], [ 77.0951619, 28.4848015 ], [ 77.0952908, 28.4848211 ], [ 77.0953364, 28.4848281 ], [ 77.0955189, 28.4848203 ], [ 77.0957685, 28.4847212 ], [ 77.0960034, 28.4846428 ], [ 77.0966766, 28.4842291 ] ] } },
{ "type": "Feature", "properties": { "segment_id": "S3", "corridor_id": "NH148A", "highway": "primary", "ref": "NH148A", "name": [ "Mehrauli-Gurgaon Road", "Mehrauli Gurgaon Road" ], "length": 371.65502918273449, "u": 250871574, "v": 11843420750, "metapath_priority": "None", "is_metapath_hard": false, "metapath_pairs": "", "damage_type": "none", "initial_open": true, "disaster_hard": false }, "geometry": { "type": "LineString", "coordinates": [ [ 77.0650041, 28.476819 ], [ 77.0655083, 28.4769063 ], [ 77.0664209, 28.4771195 ], [ 77.0682167, 28.477539 ], [ 77.0686964, 28.4776083 ] ] } },
{ "type": "Feature", "properties": { "segment_id": "S4", "corridor_id": "NH148A", "highway": "trunk", "ref": "NH148A", "name": "Mehrauli Gurgaon Road", "length": 542.03410568449181, "u": 250876152, "v": 271335332, "metapath_priority": "None", "is_metapath_hard": false, "metapath_pairs": "", "damage_type": "none", "initial_open": true, "disaster_hard": false }, "geometry": { "type": "LineString", "coordinates": [ [ 77.0907811, 28.480749 ], [ 77.0902178, 28.4806515 ], [ 77.0895377, 28.4805229 ], [ 77.0893967, 28.4805058 ], [ 77.0890873, 28.4804682 ], [ 77.0883363, 28.4805158 ], [ 77.0876598, 28.4805802 ], [ 77.0872033, 28.4805305 ], [ 77.0865526, 28.4804597 ], [ 77.0862967, 28.4804169 ], [ 77.0861456, 28.4803917 ], [ 77.0852974, 28.4802782 ] ] } },
{ "type": "Feature", "properties": { "segment_id": "S5", "corridor_id": "NH148A", "highway": "trunk", "ref": "NH148A", "name": "Mehrauli Gurgaon Road", "length": 58.454787892504484, "u": 251691410, "v": 5487700576, "metapath_priority": "None", "is_metapath_hard": false, "metapath_pairs": "", "damage_type": "none", "initial_open": true, "disaster_hard": false }, "geometry": { "type": "LineString", "coordinates": [ [ 77.1075305, 28.4827111 ], [ 77.1077747, 28.4827286 ], [ 77.107922, 28.4827281 ], [ 77.1081273, 28.4827158 ] ] } },
{ "type": "Feature", "properties": { "segment_id": "S6", "corridor_id": "Moulsari Road", "highway": "primary_link", "ref": null, "name": "Moulsari Road", "length": 35.685348302238332, "u": 251691410, "v": 6997868049, "metapath_priority": "None", "is_metapath_hard": false, "metapath_pairs": "", "damage_type": "none", "initial_open": true, "disaster_hard": false }, "geometry": { "type": "LineString", "coordinates": [ [ 77.1075305, 28.4827111 ], [ 77.1075771, 28.4828046 ], [ 77.1075989, 28.4828582 ], [ 77.1076103, 28.4829162 ], [ 77.1075893, 28.4830176 ] ] } },
{ "type": "Feature", "properties": { "segment_id": "S7", "corridor_id": "Sohna Road", "highway": "primary", "ref": null, "name": "Sohna Road", "length": 198.68582924412635, "u": 266375052, "v": 266589921, "metapath_priority": "None", "is_metapath_hard": false, "metapath_pairs": "", "damage_type": "none", "initial_open": true, "disaster_hard": false }, "geometry": { "type": "LineString", "coordinates": [ [ 77.026499, 28.4593816 ], [ 77.0265428, 28.4593429 ], [ 77.0266864, 28.4591791 ], [ 77.0271659, 28.4584943 ], [ 77.0274822, 28.4580858 ], [ 77.0276237, 28.4578958 ] ] } },
{ "type": "Feature", "properties": { "segment_id": "S8", "corridor_id": "NH48", "highway": "motorway", "ref": "NH48", "name": "Delhi-Gurugram Expressway", "length": 42.075658753878123, "u": 266376018, "v": 6082251692, "metapath_priority": "Medium", "is_metapath_hard": false, "metapath_pairs": "Udyog Vihar <-> Bilaspur Logistics Hub", "damage_type": "none", "initial_open": true, "disaster_hard": false }, "geometry": { "type": "LineString", "coordinates": [ [ 77.0383288, 28.4482482 ], [ 77.0385969, 28.4485442 ] ] } },
{ "type": "Feature", "properties": { "segment_id": "S9", "corridor_id": "Sohna Road", "highway": "primary", "ref": null, "name": "Sohna Road", "length": 10.334916474438574, "u": 266589921, "v": 266589936, "metapath_priority": "None", "is_metapath_hard": false, "metapath_pairs": "", "damage_type": "none", "initial_open": true, "disaster_hard": false }, "geometry": { "type": "LineString", "coordinates": [ [ 77.0276237, 28.4578958 ], [ 77.0276824, 28.4578185 ] ] } },
{ "type": "Feature", "properties": { "segment_id": "S10", "corridor_id": "Sohna Road", "highway": "primary", "ref": null, "name": "Sohna Road", "length": 51.189706041437006, "u": 266589936, "v": 11909667842, "metapath_priority": "None", "is_metapath_hard": false, "metapath_pairs": "", "damage_type": "none", "initial_open": true, "disaster_hard": false }, "geometry": { "type": "LineString", "coordinates": [ [ 77.0276824, 28.4578185 ], [ 77.0279731, 28.4574356 ] ] } },
{ "type": "Feature", "properties": { "segment_id": "S11", "corridor_id": "Gurudwara Road", "highway": "primary", "ref": null, "name": "Gurudwara Road", "length": 8.9401059480496166, "u": 266589936, "v": 2006383516, "metapath_priority": "None", "is_metapath_hard": false, "metapath_pairs": "", "damage_type": "none", "initial_open": true, "disaster_hard": false }, "geometry": { "type": "LineString", "coordinates": [ [ 77.0276824, 28.4578185 ], [ 77.0276052, 28.4577754 ] ] } },
{ "type": "Feature", "properties": { "segment_id": "S12", "corridor_id": "Entry 12", "highway": "motorway_link", "ref": null, "name": "Entry 12", "length": 199.46184525899815, "u": 266773863, "v": 266376018, "metapath_priority": "None", "is_metapath_hard": false, "metapath_pairs": "", "damage_type": "none", "initial_open": true, "disaster_hard": false }, "geometry": { "type": "LineString", "coordinates": [ [ 77.0368088, 28.4470615 ], [ 77.0373632, 28.447482 ], [ 77.038105, 28.4481354 ], [ 77.0383288, 28.4482482 ] ] } },
{ "type": "Feature", "properties": { "segment_id": "S13", "corridor_id": "segment_13", "highway": "motorway_link", "ref": null, "name": null, "length": 53.859499252223642, "u": 266773981, "v": 268919694, "metapath_priority": "None", "is_metapath_hard": false, "metapath_pairs": "", "damage_type": "none", "initial_open": true, "disaster_hard": false }, "geometry": { "type": "LineString", "coordinates": [ [ 77.0380191, 28.4475682 ], [ 77.0377704, 28.447136 ] ] } },
{ "type": "Feature", "properties": { "segment_id": "S14", "corridor_id": "NH48", "highway": "motorway", "ref": "NH48", "name": "Delhi-Gurugram Expressway", "length": 3010.2957730292924, "u": 266773981, "v": 9791574385, "metapath_priority": "None", "is_metapath_hard": false, "metapath_pairs": "", "damage_type": "none", "initial_open": true, "disaster_hard": false }, "geometry": { "type": "LineString", "coordinates": [ [ 77.0380191, 28.4475682 ], [ 77.0374924, 28.4470977 ], [ 77.0370653, 28.4466957 ], [ 77.0367417, 28.4464431 ], [ 77.0363937, 28.4462084 ], [ 77.0358828, 28.445929 ], [ 77.0354817, 28.4457711 ], [ 77.0353299, 28.4457293 ], [ 77.0350447, 28.4456506 ], [ 77.0345323, 28.4455612 ], [ 77.0340396, 28.4455202 ], [ 77.0335974, 28.4455077 ], [ 77.0331634, 28.4455428 ], [ 77.0327758, 28.4456027 ], [ 77.0318747, 28.4458158 ], [ 77.0304052, 28.4462511 ], [ 77.0262784, 28.4474004 ], [ 77.0259341, 28.4474963 ], [ 77.0248811, 28.4477997 ], [ 77.0238833, 28.4480861 ], [ 77.0231285, 28.4482341 ], [ 77.0226569, 28.4482499 ], [ 77.0221624, 28.4482129 ], [ 77.0216664, 28.4481226 ], [ 77.0212039, 28.4479818 ], [ 77.0207851, 28.4478314 ], [ 77.020403, 28.4476207 ], [ 77.0200223, 28.4473657 ], [ 77.0196084, 28.4469824 ], [ 77.0192514, 28.446614 ], [ 77.0171246, 28.4440518 ], [ 77.0132282, 28.4394297 ] ] } },
{ "type": "Feature", "properties": { "segment_id": "S15", "corridor_id": "segment_15", "highway": "motorway_link", "ref": null, "name": null, "length": 23.891314607495104, "u": 267125891, "v": 268432069, "metapath_priority": "None", "is_metapath_hard": false, "metapath_pairs": "", "damage_type": "none", "initial_open": true, "disaster_hard": false }, "geometry": { "type": "LineString", "coordinates": [ [ 77.0844686, 28.4933589 ], [ 77.0842347, 28.4932964 ] ] } },
{ "type": "Feature", "properties": { "segment_id": "S16", "corridor_id": "NH48", "highway": "motorway", "ref": "NH48", "name": "Delhi-Gurugram Expressway", "length": 1222.8613170186886, "u": 268432069, "v": 6467829006, "metapath_priority": "High", "is_metapath_hard": true, "metapath_pairs": "Udyog Vihar <-> Bilaspur Logistics Hub", "damage_type": "crack_pothole", "initial_open": true, "disaster_hard": false }, "geometry": { "type": "LineString", "coordinates": [ [ 77.0842347, 28.4932964 ], [ 77.0834698, 28.4925302 ], [ 77.0761371, 28.4849126 ] ] } },
{ "type": "Feature", "properties": { "segment_id": "S17", "corridor_id": "segment_17", "highway": "motorway_link", "ref": null, "name": null, "length": 59.248264175016459, "u": 268905713, "v": 268905721, "metapath_priority": "None", "is_metapath_hard": false, "metapath_pairs": "", "damage_type": "none", "initial_open": true, "disaster_hard": false }, "geometry": { "type": "LineString", "coordinates": [ [ 77.0469595, 28.456818 ], [ 77.0467869, 28.4567078 ], [ 77.0466377, 28.4566382 ], [ 77.0464538, 28.456526 ] ] } },
{ "type": "Feature", "properties": { "segment_id": "S18", "corridor_id": "Entry 13", "highway": "motorway_link", "ref": null, "name": "Entry 13", "length": 267.54786703542146, "u": 268905714, "v": 268905715, "metapath_priority": "None", "is_metapath_hard": false, "metapath_pairs": "", "damage_type": "none", "initial_open": true, "disaster_hard": false }, "geometry": { "type": "LineString", "coordinates": [ [ 77.0434409, 28.4539702 ], [ 77.043843, 28.4542741 ], [ 77.0443545, 28.4547651 ], [ 77.0448629, 28.4552809 ], [ 77.0453846, 28.4556545 ] ] } },
{ "type": "Feature", "properties": { "segment_id": "S19", "corridor_id": "NH48", "highway": "motorway", "ref": "NH48", "name": "Delhi-Gurugram Expressway", "length": 205.81791175048338, "u": 268905715, "v": 268905717, "metapath_priority": "Medium", "is_metapath_hard": false, "metapath_pairs": "Udyog Vihar <-> Bilaspur Logistics Hub", "damage_type": "none", "initial_open": true, "disaster_hard": false }, "geometry": { "type": "LineString", "coordinates": [ [ 77.0453846, 28.4556545 ], [ 77.0467425, 28.457069 ] ] } },
{ "type": "Feature", "properties": { "segment_id": "S20", "corridor_id": "segment_20", "highway": "motorway_link", "ref": null, "name": null, "length": 108.32210561818681, "u": 268905716, "v": 268905712, "metapath_priority": "None", "is_metapath_hard": false, "metapath_pairs": "", "damage_type": "none", "initial_open": true, "disaster_hard": false }, "geometry": { "type": "LineString", "coordinates": [ [ 77.0447524, 28.4547723 ], [ 77.044605, 28.4544959 ], [ 77.0444413, 28.4543034 ], [ 77.0441952, 28.4539335 ] ] } },
{ "type": "Feature", "properties": { "segment_id": "S21", "corridor_id": "NH48", "highway": "motorway", "ref": "NH48", "name": "Delhi-Gurugram Expressway", "length": 1037.1442563934766, "u": 268905716, "v": 266773981, "metapath_priority": "None", "is_metapath_hard": false, "metapath_pairs": "", "damage_type": "none", "initial_open": true, "disaster_hard": false }, "geometry": { "type": "LineString", "coordinates": [ [ 77.0447524, 28.4547723 ], [ 77.0443936, 28.454378 ], [ 77.0394378, 28.4491718 ], [ 77.0389818, 28.448691 ], [ 77.0388528, 28.448506 ], [ 77.0380191, 28.4475682 ] ] } },
{ "type": "Feature", "properties": { "segment_id": "S22", "corridor_id": "Exit 15", "highway": "motorway_link", "ref": null, "name": "Exit 15", "length": 233.26137757677253, "u": 268905717, "v": 268905720, "metapath_priority": "None", "is_metapath_hard": false, "metapath_pairs": "", "damage_type": "none", "initial_open": true, "disaster_hard": false }, "geometry": { "type": "LineString", "coordinates": [ [ 77.0467425, 28.457069 ], [ 77.0467868, 28.4572321 ], [ 77.0470478, 28.4575608 ], [ 77.0474173, 28.4579439 ], [ 77.0476896, 28.4582687 ], [ 77.0480546, 28.4588032 ] ] } },
{ "type": "Feature", "properties": { "segment_id": "S23", "corridor_id": "NH48", "highway": "motorway", "ref": "NH48", "name": "Delhi-Gurugram Expressway", "length": 768.95053433235455, "u": 268905717, "v": 11843465243, "metapath_priority": "Medium", "is_metapath_hard": false, "metapath_pairs": "Udyog Vihar <-> Bilaspur Logistics Hub", "damage_type": "none", "initial_open": true, "disaster_hard": false }, "geometry": { "type": "LineString", "coordinates": [ [ 77.0467425, 28.457069 ], [ 77.0472474, 28.4575879 ], [ 77.0508629, 28.4613921 ], [ 77.0517929, 28.4623706 ] ] } },
{ "type": "Feature", "properties": { "segment_id": "S24", "corridor_id": "NH48", "highway": "motorway", "ref": "NH48", "name": "Delhi-Gurugram Expressway", "length": 256.30462336646144, "u": 268905721, "v": 268905716, "metapath_priority": "None", "is_metapath_hard": false, "metapath_pairs": "", "damage_type": "none", "initial_open": true, "disaster_hard": false }, "geometry": { "type": "LineString", "coordinates": [ [ 77.0464538, 28.456526 ], [ 77.0447524, 28.4547723 ] ] } },
{ "type": "Feature", "properties": { "segment_id": "S25", "corridor_id": "Exit 16", "highway": "motorway_link", "ref": null, "name": "Exit 16", "length": 196.46468581031462, "u": 268905722, "v": 313444913, "metapath_priority": "None", "is_metapath_hard": false, "metapath_pairs": "", "damage_type": "none", "initial_open": true, "disaster_hard": false }, "geometry": { "type": "LineString", "coordinates": [ [ 77.0547013, 28.4654168 ], [ 77.0547554, 28.4655706 ], [ 77.0547688, 28.4655989 ], [ 77.0547916, 28.4656319 ], [ 77.0551041, 28.4659821 ], [ 77.0552811, 28.4661907 ], [ 77.0553026, 28.4662179 ], [ 77.0554152, 28.4663806 ], [ 77.0554528, 28.4664407 ], [ 77.0555091, 28.4665574 ], [ 77.0556489, 28.466951 ] ] } },
{ "type": "Feature", "properties": { "segment_id": "S26", "corridor_id": "NH48", "highway": "motorway", "ref": "NH48", "name": "Delhi-Gurugram Expressway", "length": 978.4409687922315, "u": 268905722, "v": 6342646625, "metapath_priority": "Medium", "is_metapath_hard": false, "metapath_pairs": "Udyog Vihar <-> Bilaspur Logistics Hub", "damage_type": "none", "initial_open": true, "disaster_hard": false }, "geometry": { "type": "LineString", "coordinates": [ [ 77.0547013, 28.4654168 ], [ 77.0550663, 28.4657675 ], [ 77.0553995, 28.4661718 ], [ 77.0554144, 28.4661945 ], [ 77.0566347, 28.4680449 ], [ 77.057117, 28.4685791 ], [ 77.0574144, 28.4688262 ], [ 77.0576899, 28.4690552 ], [ 77.0603605, 28.471166 ], [ 77.061307, 28.471927 ] ] } },
{ "type": "Feature", "properties": { "segment_id": "S27", "corridor_id": "segment_27", "highway": "motorway_link", "ref": null, "name": null, "length": 52.531149880162864, "u": 268919702, "v": 268919699, "metapath_priority": "None", "is_metapath_hard": false, "metapath_pairs": "", "damage_type": "none", "initial_open": true, "disaster_hard": false }, "geometry": { "type": "LineString", "coordinates": [ [ 77.0514472, 28.4617194 ], [ 77.0514596, 28.4616675 ], [ 77.0514354, 28.4615759 ], [ 77.0513502, 28.4614562 ], [ 77.0512782, 28.4613528 ], [ 77.0512648, 28.461291 ] ] } },
{ "type": "Feature", "properties": { "segment_id": "S28", "corridor_id": "NH48", "highway": "motorway", "ref": "NH48", "name": "Delhi-Gurugram Expressway", "length": 756.15445876582703, "u": 268919702, "v": 268905721, "metapath_priority": "None", "is_metapath_hard": false, "metapath_pairs": "", "damage_type": "none", "initial_open": true, "disaster_hard": false }, "geometry": { "type": "LineString", "coordinates": [ [ 77.0514472, 28.4617194 ], [ 77.0510213, 28.4612735 ], [ 77.047374, 28.4574825 ], [ 77.0464538, 28.456526 ] ] } },
{ "type": "Feature", "properties": { "segment_id": "S29", "corridor_id": "segment_29", "highway": "motorway_link", "ref": null, "name": null, "length": 241.94202199616768, "u": 269101499, "v": 271335284, "metapath_priority": "None", "is_metapath_hard": false, "metapath_pairs": "", "damage_type": "none", "initial_open": true, "disaster_hard": false }, "geometry": { "type": "LineString", "coordinates": [ [ 77.0389655, 28.4489512 ], [ 77.0390443, 28.4491281 ], [ 77.0397733, 28.4499592 ], [ 77.0401526, 28.4503932 ], [ 77.0403687, 28.4507326 ] ] } },
{ "type": "Feature", "properties": { "segment_id": "S30", "corridor_id": "NH48", "highway": "motorway", "ref": "NH48", "name": "Delhi-Gurugram Expressway", "length": 974.746582845479, "u": 269101499, "v": 268905715, "metapath_priority": "Medium", "is_metapath_hard": false, "metapath_pairs": "Udyog Vihar <-> Bilaspur Logistics Hub", "damage_type": "none", "initial_open": true, "disaster_hard": false }, "geometry": { "type": "LineString", "coordinates": [ [ 77.0389655, 28.4489512 ], [ 77.0391189, 28.4490612 ], [ 77.0391542, 28.4490941 ], [ 77.0393196, 28.449278 ], [ 77.0442462, 28.4544764 ], [ 77.0453846, 28.4556545 ] ] } },
{ "type": "Feature", "properties": { "segment_id": "S31", "corridor_id": "NH48", "highway": "motorway", "ref": "NH48", "name": "Delhi-Gurugram Expressway", "length": 29.074322105011067, "u": 270624144, "v": 11817876525, "metapath_priority": "None", "is_metapath_hard": false, "metapath_pairs": "", "damage_type": "none", "initial_open": true, "disaster_hard": false }, "geometry": { "type": "LineString", "coordinates": [ [ 77.0073195, 28.4323274 ], [ 77.0071257, 28.4321291 ] ] } },
{ "type": "Feature", "properties": { "segment_id": "S32", "corridor_id": "NH148A", "highway": "trunk", "ref": "NH148A", "name": "Mehrauli Gurgaon Road", "length": 600.51187832529217, "u": 271335311, "v": 5592140798, "metapath_priority": "None", "is_metapath_hard": false, "metapath_pairs": "", "damage_type": "none", "initial_open": true, "disaster_hard": false }, "geometry": { "type": "LineString", "coordinates": [ [ 77.0709641, 28.4780243 ], [ 77.0715546, 28.4781263 ], [ 77.0719888, 28.4782013 ], [ 77.0723691, 28.4782728 ], [ 77.072572, 28.4783052 ], [ 77.0727262, 28.478341 ], [ 77.0742234, 28.4786403 ], [ 77.0749091, 28.4787858 ], [ 77.0761312, 28.4790235 ], [ 77.0769657, 28.479177 ] ] } },
{ "type": "Feature", "properties": { "segment_id": "S33", "corridor_id": "segment_33", "highway": "primary_link", "ref": null, "name": null, "length": 15.659866127646204, "u": 271335314, "v": 6192159850, "metapath_priority": "None", "is_metapath_hard": false, "metapath_pairs": "", "damage_type": "none", "initial_open": true, "disaster_hard": false }, "geometry": { "type": "LineString", "coordinates": [ [ 77.082308, 28.4800141 ], [ 77.0822988, 28.4801547 ] ] } },
{ "type": "Feature", "properties": { "segment_id": "S34", "corridor_id": "NH148A", "highway": "trunk", "ref": "NH148A", "name": "Mehrauli Gurgaon Road", "length": 293.70042615205773, "u": 271335314, "v": 271335330, "metapath_priority": "None", "is_metapath_hard": false, "metapath_pairs": "", "damage_type": "none", "initial_open": true, "disaster_hard": false }, "geometry": { "type": "LineString", "coordinates": [ [ 77.082308, 28.4800141 ], [ 77.0835151, 28.4802159 ], [ 77.084054, 28.480285 ], [ 77.0852727, 28.4804414 ] ] } },
{ "type": "Feature", "properties": { "segment_id": "S35", "corridor_id": "segment_35", "highway": "trunk_link", "ref": null, "name": null, "length": 18.306912124342752, "u": 271335330, "v": 271335332, "metapath_priority": "None", "is_metapath_hard": false, "metapath_pairs": "", "damage_type": "none", "initial_open": true, "disaster_hard": false }, "geometry": { "type": "LineString", "coordinates": [ [ 77.0852727, 28.4804414 ], [ 77.0852974, 28.4802782 ] ] } },
{ "type": "Feature", "properties": { "segment_id": "S36", "corridor_id": "NH148A", "highway": "trunk", "ref": "NH148A", "name": "Mehrauli Gurgaon Road", "length": 68.46608425251776, "u": 271335330, "v": 11920062955, "metapath_priority": "None", "is_metapath_hard": false, "metapath_pairs": "", "damage_type": "none", "initial_open": true, "disaster_hard": false }, "geometry": { "type": "LineString", "coordinates": [ [ 77.0852727, 28.4804414 ], [ 77.0856071, 28.4804895 ], [ 77.085858, 28.480525 ], [ 77.0859647, 28.4805367 ] ] } },
{ "type": "Feature", "properties": { "segment_id": "S37", "corridor_id": "segment_37", "highway": "trunk_link", "ref": null, "name": null, "length": 18.306912124342752, "u": 271335332, "v": 271335330, "metapath_priority": "None", "is_metapath_hard": false, "metapath_pairs": "", "damage_type": "none", "initial_open": true, "disaster_hard": false }, "geometry": { "type": "LineString", "coordinates": [ [ 77.0852974, 28.4802782 ], [ 77.0852727, 28.4804414 ] ] } },
{ "type": "Feature", "properties": { "segment_id": "S38", "corridor_id": "NH148A", "highway": "trunk", "ref": "NH148A", "name": "Mehrauli Gurgaon Road", "length": 348.00454810664917, "u": 271335332, "v": 6193886830, "metapath_priority": "None", "is_metapath_hard": false, "metapath_pairs": "", "damage_type": "none", "initial_open": true, "disaster_hard": false }, "geometry": { "type": "LineString", "coordinates": [ [ 77.0852974, 28.4802782 ], [ 77.0847966, 28.4801928 ], [ 77.084035, 28.4800682 ], [ 77.0839519, 28.4800597 ], [ 77.0835513, 28.4800108 ], [ 77.0826781, 28.4798936 ], [ 77.081788, 28.4797532 ] ] } },
{ "type": "Feature", "properties": { "segment_id": "S39", "corridor_id": "segment_39", "highway": "trunk_link", "ref": null, "name": null, "length": 15.981991218582575, "u": 271335425, "v": 271335529, "metapath_priority": "None", "is_metapath_hard": false, "metapath_pairs": "", "damage_type": "none", "initial_open": true, "disaster_hard": false }, "geometry": { "type": "LineString", "coordinates": [ [ 77.1059173, 28.4822585 ], [ 77.1058941, 28.482338 ], [ 77.1058753, 28.4823974 ] ] } },
{ "type": "Feature", "properties": { "segment_id": "S40", "corridor_id": "NH148A", "highway": "trunk", "ref": "NH148A", "name": "Mehrauli Gurgaon Road", "length": 264.5956366830722, "u": 271335425, "v": 271335530, "metapath_priority": "None", "is_metapath_hard": false, "metapath_pairs": "", "damage_type": "none", "initial_open": true, "disaster_hard": false }, "geometry": { "type": "LineString", "coordinates": [ [ 77.1059173, 28.4822585 ], [ 77.1058184, 28.4822427 ], [ 77.1053136, 28.4821621 ], [ 77.1047288, 28.482099 ], [ 77.1044522, 28.482079 ], [ 77.1044, 28.4820752 ], [ 77.1041068, 28.4820574 ], [ 77.1037491, 28.4820564 ], [ 77.1036616, 28.4820572 ], [ 77.1032893, 28.4820479 ], [ 77.1032266, 28.4820426 ] ] } },
{ "type": "Feature", "properties": { "segment_id": "S41", "corridor_id": "segment_41", "highway": "trunk_link", "ref": null, "name": null, "length": 15.981991218582575, "u": 271335529, "v": 271335425, "metapath_priority": "None", "is_metapath_hard": false, "metapath_pairs": "", "damage_type": "none", "initial_open": true, "disaster_hard": false }, "geometry": { "type": "LineString", "coordinates": [ [ 77.1058753, 28.4823974 ], [ 77.1058941, 28.482338 ], [ 77.1059173, 28.4822585 ] ] } },
{ "type": "Feature", "properties": { "segment_id": "S42", "corridor_id": "NH148A", "highway": "trunk", "ref": "NH148A", "name": "Mehrauli Gurgaon Road", "length": 165.74255155381073, "u": 271335529, "v": 251691410, "metapath_priority": "None", "is_metapath_hard": false, "metapath_pairs": "", "damage_type": "none", "initial_open": true, "disaster_hard": false }, "geometry": { "type": "LineString", "coordinates": [ [ 77.1058753, 28.4823974 ], [ 77.1059607, 28.4824163 ], [ 77.1065327, 28.4825425 ], [ 77.1066003, 28.4825634 ], [ 77.1068224, 28.4826129 ], [ 77.1073631, 28.4826964 ], [ 77.1075305, 28.4827111 ] ] } },
{ "type": "Feature", "properties": { "segment_id": "S43", "corridor_id": "NH148A", "highway": "trunk", "ref": "NH148A", "name": "Mehrauli Gurgaon Road", "length": 202.84659645220421, "u": 271335530, "v": 9865451046, "metapath_priority": "None", "is_metapath_hard": false, "metapath_pairs": "", "damage_type": "none", "initial_open": true, "disaster_hard": false }, "geometry": { "type": "LineString", "coordinates": [ [ 77.1032266, 28.4820426 ], [ 77.1030058, 28.4820046 ], [ 77.1028515, 28.4819896 ], [ 77.102433, 28.4819364 ], [ 77.1011729, 28.4817816 ] ] } },
{ "type": "Feature", "properties": { "segment_id": "S44", "corridor_id": "segment_44", "highway": "primary", "ref": null, "name": null, "length": 207.90043378856456, "u": 271335530, "v": 9865451046, "metapath_priority": "None", "is_metapath_hard": false, "metapath_pairs": "", "damage_type": "none", "initial_open": true, "disaster_hard": false }, "geometry": { "type": "LineString", "coordinates": [ [ 77.1032266, 28.4820426 ], [ 77.103045, 28.4819244 ], [ 77.1029988, 28.4819118 ], [ 77.1029695, 28.4819038 ], [ 77.1028419, 28.4818792 ], [ 77.102724, 28.4818596 ], [ 77.1024759, 28.4818132 ], [ 77.1024547, 28.4818107 ], [ 77.1021509, 28.4817745 ], [ 77.1015001, 28.4817158 ], [ 77.1011729, 28.4817816 ] ] } },
{ "type": "Feature", "properties": { "segment_id": "S45", "corridor_id": "segment_45", "highway": "trunk_link", "ref": null, "name": null, "length": 23.788562815704825, "u": 271336000, "v": 271336002, "metapath_priority": "None", "is_metapath_hard": false, "metapath_pairs": "", "damage_type": "none", "initial_open": true, "disaster_hard": false }, "geometry": { "type": "LineString", "coordinates": [ [ 77.1146917, 28.4812647 ], [ 77.1147514, 28.4814721 ] ] } },
{ "type": "Feature", "properties": { "segment_id": "S46", "corridor_id": "NH148A", "highway": "trunk", "ref": "NH148A", "name": "Mehrauli Gurgaon Road", "length": 888.09237483677634, "u": 271336000, "v": 271335425, "metapath_priority": "None", "is_metapath_hard": false, "metapath_pairs": "", "damage_type": "none", "initial_open": true, "disaster_hard": false }, "geometry": { "type": "LineString", "coordinates": [ [ 77.1146917, 28.4812647 ], [ 77.1141261, 28.4813794 ], [ 77.1135605, 28.4813846 ], [ 77.1132906, 28.4814246 ], [ 77.111398, 28.4814339 ], [ 77.1107031, 28.4815301 ], [ 77.1101755, 28.481722 ], [ 77.1092784, 28.4821272 ], [ 77.109073, 28.4822157 ], [ 77.108943, 28.4822668 ], [ 77.1087993, 28.4823297 ], [ 77.1086457, 28.4823792 ], [ 77.1083217, 28.482476 ], [ 77.1082148, 28.4825079 ], [ 77.1078792, 28.4825512 ], [ 77.1072886, 28.4825419 ], [ 77.1068611, 28.4824806 ], [ 77.1063283, 28.4823399 ], [ 77.1059173, 28.4822585 ] ] } },
{ "type": "Feature", "properties": { "segment_id": "S47", "corridor_id": "segment_47", "highway": "trunk_link", "ref": null, "name": null, "length": 23.788562815704825, "u": 271336002, "v": 271336000, "metapath_priority": "None", "is_metapath_hard": false, "metapath_pairs": "", "damage_type": "none", "initial_open": true, "disaster_hard": false }, "geometry": { "type": "LineString", "coordinates": [ [ 77.1147514, 28.4814721 ], [ 77.1146917, 28.4812647 ] ] } },
{ "type": "Feature", "properties": { "segment_id": "S48", "corridor_id": "NH148A", "highway": "trunk", "ref": "NH148A", "name": [ "Acharya Shri Tulsi Marg", "Anuvrat Marg" ], "length": 154.15673601522519, "u": 271336002, "v": 11888519916, "metapath_priority": "None", "is_metapath_hard": false, "metapath_pairs": "", "damage_type": "none", "initial_open": true, "disaster_hard": false }, "geometry": { "type": "LineString", "coordinates": [ [ 77.1147514, 28.4814721 ], [ 77.1149842, 28.481421 ], [ 77.1150921, 28.4813973 ], [ 77.1162958, 28.4811923 ] ] } },
{ "type": "Feature", "properties": { "segment_id": "S49", "corridor_id": "segment_49", "highway": "primary_link", "ref": null, "name": null, "length": 69.702484050994215, "u": 271336085, "v": 3953762671, "metapath_priority": "None", "is_metapath_hard": false, "metapath_pairs": "", "damage_type": "none", "initial_open": true, "disaster_hard": false }, "geometry": { "type": "LineString", "coordinates": [ [ 77.1084295, 28.4682966 ], [ 77.1083942, 28.4681188 ], [ 77.1083812, 28.4680099 ], [ 77.1083646, 28.4678671 ], [ 77.1083866, 28.4677628 ], [ 77.1084211, 28.467681 ] ] } },
{ "type": "Feature", "properties": { "segment_id": "S50", "corridor_id": "segment_50", "highway": "motorway_link", "ref": null, "name": null, "length": 70.227524445635666, "u": 273456820, "v": 273456822, "metapath_priority": "None", "is_metapath_hard": false, "metapath_pairs": "", "damage_type": "none", "initial_open": true, "disaster_hard": false }, "geometry": { "type": "LineString", "coordinates": [ [ 77.0549357, 28.4651349 ], [ 77.054742, 28.4649788 ], [ 77.054514, 28.4647984 ], [ 77.0543743, 28.4647531 ] ] } },
{ "type": "Feature", "properties": { "segment_id": "S51", "corridor_id": "NH48", "highway": "motorway", "ref": "NH48", "name": "Delhi-Gurugram Expressway", "length": 442.39226668300677, "u": 273456822, "v": 268919702, "metapath_priority": "None", "is_metapath_hard": false, "metapath_pairs": "", "damage_type": "landslide_block", "initial_open": false, "disaster_hard": true }, "geometry": { "type": "LineString", "coordinates": [ [ 77.0543743, 28.4647531 ], [ 77.0529332, 28.4633055 ], [ 77.0514472, 28.4617194 ] ] } },
{ "type": "Feature", "properties": { "segment_id": "S52", "corridor_id": "NH48", "highway": "motorway", "ref": "NH48", "name": "Delhi-Gurugram Expressway", "length": 954.40412903904917, "u": 278166434, "v": 12088691764, "metapath_priority": "Medium", "is_metapath_hard": false, "metapath_pairs": "Udyog Vihar <-> Bilaspur Logistics Hub", "damage_type": "none", "initial_open": true, "disaster_hard": false }, "geometry": { "type": "LineString", "coordinates": [ [ 76.9827235, 28.3966993 ], [ 76.9829768, 28.3969379 ], [ 76.9842093, 28.3980063 ], [ 76.9862824, 28.4001599 ], [ 76.9877253, 28.4016212 ], [ 76.9881776, 28.4022155 ], [ 76.9883918, 28.4025537 ], [ 76.9885649, 28.4028721 ], [ 76.9888203, 28.403343 ] ] } },
{ "type": "Feature", "properties": { "segment_id": "S53", "corridor_id": "segment_53", "highway": "motorway_link", "ref": null, "name": null, "length": 34.203480742082625, "u": 278166436, "v": 278166434, "metapath_priority": "None", "is_metapath_hard": false, "metapath_pairs": "", "damage_type": "none", "initial_open": true, "disaster_hard": false }, "geometry": { "type": "LineString", "coordinates": [ [ 76.9829696, 28.3964808 ], [ 76.982839, 28.3965987 ], [ 76.9827235, 28.3966993 ] ] } },
{ "type": "Feature", "properties": { "segment_id": "S54", "corridor_id": "NH48", "highway": [ "motorway", "trunk" ], "ref": "NH48", "name": "Delhi-Gurugram Expressway", "length": 281.3660711026763, "u": 278166436, "v": 11909112463, "metapath_priority": "None", "is_metapath_hard": false, "metapath_pairs": "", "damage_type": "none", "initial_open": true, "disaster_hard": false }, "geometry": { "type": "LineString", "coordinates": [ [ 76.9829696, 28.3964808 ], [ 76.9827853, 28.3962715 ], [ 76.9820455, 28.3954313 ], [ 76.9815635, 28.3949797 ], [ 76.9814726, 28.3949015 ], [ 76.9811423, 28.394629 ], [ 76.9810816, 28.3945789 ] ] } },
{ "type": "Feature", "properties": { "segment_id": "S55", "corridor_id": "segment_55", "highway": "motorway_link", "ref": null, "name": null, "length": 29.38521795150325, "u": 278166509, "v": 278166512, "metapath_priority": "None", "is_metapath_hard": false, "metapath_pairs": "", "damage_type": "none", "initial_open": true, "disaster_hard": false }, "geometry": { "type": "LineString", "coordinates": [ [ 77.0074808, 28.4326938 ], [ 77.0074442, 28.4329561 ] ] } },
{ "type": "Feature", "properties": { "segment_id": "S56", "corridor_id": "NH48", "highway": "motorway", "ref": "NH48", "name": "Delhi-Gurugram Expressway", "length": 939.75237939659587, "u": 278166509, "v": 278166531, "metapath_priority": "Medium", "is_metapath_hard": false, "metapath_pairs": "Udyog Vihar <-> Bilaspur Logistics Hub", "damage_type": "none", "initial_open": true, "disaster_hard": false }, "geometry": { "type": "LineString", "coordinates": [ [ 77.0074808, 28.4326938 ], [ 77.0076109, 28.4328429 ], [ 77.0077495, 28.4329999 ], [ 77.009006, 28.4344236 ], [ 77.0115604, 28.4374431 ], [ 77.0126617, 28.4389059 ], [ 77.0131293, 28.439527 ] ] } },
{ "type": "Feature", "properties": { "segment_id": "S57", "corridor_id": "segment_57", "highway": "motorway_link", "ref": null, "name": null, "length": 59.565320629906999, "u": 278166517, "v": 278166531, "metapath_priority": "None", "is_metapath_hard": false, "metapath_pairs": "", "damage_type": "none", "initial_open": true, "disaster_hard": false }, "geometry": { "type": "LineString", "coordinates": [ [ 77.0126649, 28.4391803 ], [ 77.0131293, 28.439527 ] ] } },
{ "type": "Feature", "properties": { "segment_id": "S58", "corridor_id": "NH48", "highway": "motorway", "ref": "NH48", "name": "Delhi-Gurugram Expressway", "length": 1804.2427289111031, "u": 278166531, "v": 278166579, "metapath_priority": "Medium", "is_metapath_hard": false, "metapath_pairs": "Udyog Vihar <-> Bilaspur Logistics Hub", "damage_type": "none", "initial_open": true, "disaster_hard": false }, "geometry": { "type": "LineString", "coordinates": [ [ 77.0131293, 28.439527 ], [ 77.0139837, 28.4405683 ], [ 77.016957, 28.4441572 ], [ 77.0190611, 28.446674 ], [ 77.0194389, 28.4470991 ], [ 77.0198472, 28.4474656 ], [ 77.0202188, 28.4477234 ], [ 77.0206965, 28.4479938 ], [ 77.0211405, 28.4481636 ], [ 77.0216392, 28.4483271 ], [ 77.0220877, 28.4483865 ], [ 77.0226295, 28.4484423 ], [ 77.0231107, 28.4484105 ], [ 77.0235301, 28.4483631 ], [ 77.0239605, 28.4482514 ], [ 77.0249138, 28.4479719 ], [ 77.0266108, 28.4475048 ] ] } },
{ "type": "Feature", "properties": { "segment_id": "S59", "corridor_id": "segment_59", "highway": "motorway_link", "ref": null, "name": null, "length": 224.51883853876109, "u": 278166579, "v": 278166578, "metapath_priority": "None", "is_metapath_hard": false, "metapath_pairs": "", "damage_type": "none", "initial_open": true, "disaster_hard": false }, "geometry": { "type": "LineString", "coordinates": [ [ 77.0266108, 28.4475048 ], [ 77.0270712, 28.4474451 ], [ 77.0280533, 28.4471883 ], [ 77.0288487, 28.4470714 ] ] } },
{ "type": "Feature", "properties": { "segment_id": "S60", "corridor_id": "NH48", "highway": "motorway", "ref": "NH48", "name": "Delhi-Gurugram Expressway", "length": 1284.9143348117429, "u": 278166579, "v": 266376018, "metapath_priority": "Medium", "is_metapath_hard": false, "metapath_pairs": "Udyog Vihar <-> Bilaspur Logistics Hub", "damage_type": "none", "initial_open": true, "disaster_hard": false }, "geometry": { "type": "LineString", "coordinates": [ [ 77.0266108, 28.4475048 ], [ 77.030435, 28.4464414 ], [ 77.0319248, 28.4459707 ], [ 77.032807, 28.4457522 ], [ 77.0330992, 28.4457009 ], [ 77.0331792, 28.4456868 ], [ 77.0336043, 28.4456728 ], [ 77.0340791, 28.4456885 ], [ 77.0345211, 28.4457392 ], [ 77.0347671, 28.4457737 ], [ 77.0351108, 28.445844 ], [ 77.0352588, 28.4458912 ], [ 77.0354129, 28.4459403 ], [ 77.0356638, 28.4460304 ], [ 77.0358658, 28.4461276 ], [ 77.0363066, 28.4463507 ], [ 77.0364853, 28.4464495 ], [ 77.0366436, 28.4465662 ], [ 77.037001, 28.4468549 ], [ 77.0372669, 28.447117 ], [ 77.0376913, 28.4475757 ], [ 77.0381786, 28.4480507 ], [ 77.0383288, 28.4482482 ] ] } },
{ "type": "Feature", "properties": { "segment_id": "S61", "corridor_id": "NH48", "highway": "motorway", "ref": "NH48", "name": "Delhi-Gurugram Expressway", "length": 237.48355496050155, "u": 320917729, "v": 12088736372, "metapath_priority": "Medium", "is_metapath_hard": false, "metapath_pairs": "Udyog Vihar <-> Bilaspur Logistics Hub", "damage_type": "none", "initial_open": true, "disaster_hard": false }, "geometry": { "type": "LineString", "coordinates": [ [ 76.9906131, 28.4066425 ], [ 76.9908149, 28.4070111 ], [ 76.9916667, 28.4085667 ] ] } },
{ "type": "Feature", "properties": { "segment_id": "S62", "corridor_id": "segment_62", "highway": "motorway_link", "ref": null, "name": null, "length": 441.31610118673052, "u": 320917729, "v": 11285021802, "metapath_priority": "None", "is_metapath_hard": false, "metapath_pairs": "", "damage_type": "none", "initial_open": true, "disaster_hard": false }, "geometry": { "type": "LineString", "coordinates": [ [ 76.9906131, 28.4066425 ], [ 76.9906677, 28.4068829 ], [ 76.9906709, 28.4069361 ], [ 76.9906763, 28.4070355 ], [ 76.99066, 28.4071868 ], [ 76.9906338, 28.4072818 ], [ 76.9906005, 28.4073591 ], [ 76.9905579, 28.4074259 ], [ 76.9905079, 28.4074875 ], [ 76.9904527, 28.4075476 ], [ 76.9903903, 28.4075992 ], [ 76.9903235, 28.4076437 ], [ 76.9902587, 28.4076775 ], [ 76.9901705, 28.4077112 ], [ 76.9900833, 28.4077316 ], [ 76.9899897, 28.4077436 ], [ 76.9898726, 28.407747 ], [ 76.989707, 28.4077338 ], [ 76.9895574, 28.407713 ], [ 76.9894211, 28.4076794 ], [ 76.9892971, 28.4076404 ], [ 76.9892029, 28.4075977 ], [ 76.9891185, 28.4075477 ], [ 76.9890346, 28.4074777 ], [ 76.9889697, 28.4074079 ], [ 76.9889198, 28.4073392 ], [ 76.9888793, 28.4072539 ], [ 76.9888537, 28.4071824 ], [ 76.9888385, 28.407116 ], [ 76.9888349, 28.407045 ], [ 76.9888375, 28.4069765 ], [ 76.9888497, 28.4069043 ], [ 76.9888676, 28.4068383 ], [ 76.9889034, 28.4067548 ], [ 76.9889416, 28.4066906 ], [ 76.9889874, 28.4066285 ], [ 76.9890363, 28.4065734 ], [ 76.9891603, 28.4064655 ], [ 76.9893113, 28.4063523 ], [ 76.9895989, 28.406159 ] ] } },
{ "type": "Feature", "properties": { "segment_id": "S63", "corridor_id": "NH48", "highway": "motorway", "ref": "NH48", "name": "Delhi-Gurugram Expressway", "length": 191.30373912247703, "u": 320917733, "v": 7610591405, "metapath_priority": "None", "is_metapath_hard": false, "metapath_pairs": "", "damage_type": "none", "initial_open": true, "disaster_hard": false }, "geometry": { "type": "LineString", "coordinates": [ [ 76.9907335, 28.4065953 ], [ 76.9898916, 28.4050424 ] ] } },
{ "type": "Feature", "properties": { "segment_id": "S64", "corridor_id": "Mehrauli Gurgaon Road", "highway": "primary_link", "ref": null, "name": "Mehrauli Gurgaon Road", "length": 40.531436530659406, "u": 537994230, "v": 537994231, "metapath_priority": "None", "is_metapath_hard": false, "metapath_pairs": "", "damage_type": "none", "initial_open": true, "disaster_hard": false }, "geometry": { "type": "LineString", "coordinates": [ [ 77.0938077, 28.4816103 ], [ 77.0939296, 28.4816119 ], [ 77.0939736, 28.4815878 ], [ 77.0939826, 28.4815157 ], [ 77.0938967, 28.4813987 ] ] } },
{ "type": "Feature", "properties": { "segment_id": "S65", "corridor_id": "NH148A", "highway": "trunk", "ref": "NH148A", "name": "Mehrauli Gurgaon Road", "length": 277.01210523207817, "u": 537994230, "v": 249222640, "metapath_priority": "None", "is_metapath_hard": false, "metapath_pairs": "", "damage_type": "none", "initial_open": true, "disaster_hard": false }, "geometry": { "type": "LineString", "coordinates": [ [ 77.0938077, 28.4816103 ], [ 77.0942535, 28.4817361 ], [ 77.0944569, 28.4818785 ], [ 77.094525, 28.4819675 ], [ 77.0945811, 28.4820936 ], [ 77.0947937, 28.4832311 ], [ 77.094845, 28.4835817 ], [ 77.0948598, 28.4836831 ] ] } },
{ "type": "Feature", "properties": { "segment_id": "S66", "corridor_id": "NH148A", "highway": "trunk", "ref": "NH148A", "name": "Mehrauli Gurgaon Road", "length": 252.81806126627066, "u": 537994231, "v": 2622332713, "metapath_priority": "None", "is_metapath_hard": false, "metapath_pairs": "", "damage_type": "none", "initial_open": true, "disaster_hard": false }, "geometry": { "type": "LineString", "coordinates": [ [ 77.0938967, 28.4813987 ], [ 77.0938524, 28.4813884 ], [ 77.0924917, 28.4810706 ], [ 77.0923933, 28.4810476 ], [ 77.0920257, 28.4809616 ], [ 77.0913861, 28.4808562 ] ] } },
{ "type": "Feature", "properties": { "segment_id": "S67", "corridor_id": "NH48", "highway": "trunk", "ref": "NH48", "name": "Amer Road", "length": 838.67021489581703, "u": 541319051, "v": 6026792706, "metapath_priority": "None", "is_metapath_hard": false, "metapath_pairs": "", "damage_type": "none", "initial_open": true, "disaster_hard": false }, "geometry": { "type": "LineString", "coordinates": [ [ 76.8311435, 28.266582 ], [ 76.8314903, 28.2673412 ], [ 76.831918, 28.268306 ], [ 76.8322226, 28.2687896 ], [ 76.8324432, 28.2690653 ], [ 76.8327323, 28.2693406 ], [ 76.8334899, 28.2698015 ], [ 76.8336036, 28.2698707 ], [ 76.8369125, 28.2717915 ] ] } },
{ "type": "Feature", "properties": { "segment_id": "S68", "corridor_id": "segment_68", "highway": "trunk_link", "ref": null, "name": null, "length": 14.683963046957116, "u": 541319075, "v": 11818396705, "metapath_priority": "None", "is_metapath_hard": false, "metapath_pairs": "", "damage_type": "landslide_block", "initial_open": false, "disaster_hard": true }, "geometry": { "type": "LineString", "coordinates": [ [ 76.9139649, 28.3299421 ], [ 76.9138856, 28.3300542 ] ] } },
{ "type": "Feature", "properties": { "segment_id": "S69", "corridor_id": "NH48", "highway": "trunk", "ref": "NH48", "name": "Amer Road", "length": 301.83206724168247, "u": 541319075, "v": 7440839087, "metapath_priority": "Medium", "is_metapath_hard": false, "metapath_pairs": "IMT Manesar <-> Bilaspur Logistics Hub; IMT Manesar <-> Farrukhnagar Logistics Hub; Udyog Vihar <-> Bilaspur Logistics Hub", "damage_type": "none", "initial_open": true, "disaster_hard": false }, "geometry": { "type": "LineString", "coordinates": [ [ 76.9139649, 28.3299421 ], [ 76.9145377, 28.3302207 ], [ 76.9158997, 28.331081 ], [ 76.9164907, 28.3314917 ] ] } },
{ "type": "Feature", "properties": { "segment_id": "S70", "corridor_id": "segment_70", "highway": "primary_link", "ref": null, "name": null, "length": 84.53312150507513, "u": 1307851118, "v": 3953762674, "metapath_priority": "None", "is_metapath_hard": false, "metapath_pairs": "", "damage_type": "none", "initial_open": true, "disaster_hard": false }, "geometry": { "type": "LineString", "coordinates": [ [ 77.1075643, 28.4674655 ], [ 77.1075987, 28.4677568 ], [ 77.1076078, 28.4679115 ], [ 77.1076021, 28.46805 ], [ 77.1075864, 28.4681072 ], [ 77.1075478, 28.4682171 ] ] } },
{ "type": "Feature", "properties": { "segment_id": "S71", "corridor_id": "MDR137", "highway": "primary", "ref": "MDR137", "name": "Link to Faridabad Road", "length": 1741.4242150671889, "u": 1307851122, "v": 3953762675, "metapath_priority": "None", "is_metapath_hard": false, "metapath_pairs": "", "damage_type": "crack_pothole", "initial_open": true, "disaster_hard": false }, "geometry": { "type": "LineString", "coordinates": [ [ 77.0943887, 28.4786502 ], [ 77.0956696, 28.4779698 ], [ 77.0962213, 28.4776621 ], [ 77.0964936, 28.4774979 ], [ 77.0966523, 28.4773905 ], [ 77.0973825, 28.4768704 ], [ 77.1011633, 28.4741191 ], [ 77.1014997, 28.4738743 ], [ 77.1017101, 28.4737087 ], [ 77.1019442, 28.4734737 ], [ 77.1022295, 28.4731691 ], [ 77.1025191, 28.4728488 ], [ 77.1032875, 28.4720031 ], [ 77.1033275, 28.4719562 ], [ 77.1039283, 28.471226 ], [ 77.1041241, 28.471002 ], [ 77.1043146, 28.4708039 ], [ 77.1050715, 28.470158 ], [ 77.1074901, 28.4683492 ], [ 77.1075882, 28.4682758 ] ] } },
{ "type": "Feature", "properties": { "segment_id": "S72", "corridor_id": "NH48", "highway": "motorway", "ref": "NH48", "name": "Delhi-Gurugram Expressway", "length": 2099.7164830529077, "u": 1359090798, "v": 268432069, "metapath_priority": "High", "is_metapath_hard": true, "metapath_pairs": "Udyog Vihar <-> Bilaspur Logistics Hub", "damage_type": "none", "initial_open": true, "disaster_hard": false }, "geometry": { "type": "LineString", "coordinates": [ [ 77.0946281, 28.5088565 ], [ 77.0947411, 28.5086188 ], [ 77.0949394, 28.5080481 ], [ 77.0950809, 28.5075999 ], [ 77.0951501, 28.5071285 ], [ 77.0951565, 28.5067039 ], [ 77.0951266, 28.5063164 ], [ 77.0950487, 28.5058938 ], [ 77.0949328, 28.5055032 ], [ 77.094856, 28.5052838 ], [ 77.0946721, 28.5049192 ], [ 77.0937246, 28.5037188 ], [ 77.0932081, 28.50307 ], [ 77.093154, 28.5030021 ], [ 77.0924383, 28.5021032 ], [ 77.0914509, 28.5009646 ], [ 77.0887873, 28.4981025 ], [ 77.0886796, 28.497988 ], [ 77.0842347, 28.4932964 ] ] } },
{ "type": "Feature", "properties": { "segment_id": "S73", "corridor_id": "segment_73", "highway": "motorway_link", "ref": null, "name": null, "length": 141.30454429056761, "u": 1359090798, "v": 6072850778, "metapath_priority": "None", "is_metapath_hard": false, "metapath_pairs": "", "damage_type": "none", "initial_open": true, "disaster_hard": false }, "geometry": { "type": "LineString", "coordinates": [ [ 77.0946281, 28.5088565 ], [ 77.0948412, 28.5086995 ], [ 77.094958, 28.5085689 ], [ 77.0950748, 28.5083325 ], [ 77.095262, 28.5077528 ] ] } },
{ "type": "Feature", "properties": { "segment_id": "S74", "corridor_id": "segment_74", "highway": "motorway_link", "ref": null, "name": null, "length": 18.466057861143167, "u": 1397292609, "v": 13571936006, "metapath_priority": "None", "is_metapath_hard": false, "metapath_pairs": "", "damage_type": "none", "initial_open": true, "disaster_hard": false }, "geometry": { "type": "LineString", "coordinates": [ [ 76.8672811, 28.3951084 ], [ 76.86725, 28.3952722 ] ] } },
{ "type": "Feature", "properties": { "segment_id": "S75", "corridor_id": "NH352W", "highway": "trunk", "ref": "NH352W", "name": "Gurgaon Rewari Narnaul Singhana Road", "length": 303.88855471618189, "u": 1397292609, "v": 13418051039, "metapath_priority": "None", "is_metapath_hard": false, "metapath_pairs": "", "damage_type": "none", "initial_open": true, "disaster_hard": false }, "geometry": { "type": "LineString", "coordinates": [ [ 76.8672811, 28.3951084 ], [ 76.866585, 28.3946447 ], [ 76.8659458, 28.3943029 ], [ 76.8657081, 28.3941673 ], [ 76.8647899, 28.3936462 ], [ 76.8646955, 28.3935974 ] ] } },
{ "type": "Feature", "properties": { "segment_id": "S76", "corridor_id": "NH352W", "highway": "trunk", "ref": "NH352W", "name": "Gurgaon Rewari Narnaul Singhana Road", "length": 3468.6352730790691, "u": 1397292677, "v": 4134884217, "metapath_priority": "None", "is_metapath_hard": false, "metapath_pairs": "", "damage_type": "none", "initial_open": true, "disaster_hard": false }, "geometry": { "type": "LineString", "coordinates": [ [ 76.9064654, 28.4194917 ], [ 76.9063117, 28.4194152 ], [ 76.9057188, 28.419103 ], [ 76.9056313, 28.4190522 ], [ 76.9049018, 28.4186247 ], [ 76.9041732, 28.4181977 ], [ 76.9041352, 28.4181723 ], [ 76.9029334, 28.4173674 ], [ 76.9028489, 28.4172966 ], [ 76.9027455, 28.417231 ], [ 76.9026774, 28.4171878 ], [ 76.9023461, 28.4169566 ], [ 76.9020568, 28.4167506 ], [ 76.901981, 28.4166899 ], [ 76.9019686, 28.41668 ], [ 76.9012964, 28.4162158 ], [ 76.9012606, 28.4161918 ], [ 76.9008351, 28.4159066 ], [ 76.9002216, 28.415473 ], [ 76.9000445, 28.4153548 ], [ 76.8994536, 28.4149602 ], [ 76.8993589, 28.4148969 ], [ 76.8989894, 28.4146526 ], [ 76.8987893, 28.4145203 ], [ 76.8976753, 28.4138417 ], [ 76.8975483, 28.413763 ], [ 76.8973002, 28.4136074 ], [ 76.8967651, 28.4132718 ], [ 76.8966931, 28.4132266 ], [ 76.8966295, 28.4131867 ], [ 76.8965598, 28.413143 ], [ 76.8964819, 28.4130944 ], [ 76.895284, 28.4123477 ], [ 76.8949155, 28.4121316 ], [ 76.8946439, 28.4119695 ], [ 76.8945613, 28.411927 ], [ 76.894299, 28.4117565 ], [ 76.8940711, 28.4116084 ], [ 76.8939176, 28.4115102 ], [ 76.8935708, 28.4112882 ], [ 76.8932684, 28.4110946 ], [ 76.890316, 28.4095603 ], [ 76.8895838, 28.4091912 ], [ 76.8876943, 28.4082385 ], [ 76.8867714, 28.4077732 ], [ 76.8863116, 28.4075414 ], [ 76.8861356, 28.4074527 ], [ 76.8854744, 28.4070091 ], [ 76.8853557, 28.4069282 ], [ 76.8844602, 28.4063181 ], [ 76.8838573, 28.4059073 ], [ 76.883053, 28.4053089 ], [ 76.8828857, 28.4051845 ], [ 76.8826361, 28.4049988 ], [ 76.8818111, 28.4045188 ], [ 76.8813413, 28.4043093 ], [ 76.8811193, 28.4042103 ], [ 76.8804431, 28.4039475 ], [ 76.8801417, 28.4038303 ], [ 76.8799471, 28.4037369 ], [ 76.8792842, 28.4034189 ], [ 76.8787187, 28.4030666 ], [ 76.8778444, 28.4025218 ], [ 76.8771356, 28.4020836 ] ] } },
{ "type": "Feature", "properties": { "segment_id": "S77", "corridor_id": "NH352W", "highway": "trunk", "ref": "NH352W", "name": "Gurgaon Rewari Narnaul Singhana Road", "length": 211.85158443524728, "u": 1397292677, "v": 11959861086, "metapath_priority": "None", "is_metapath_hard": false, "metapath_pairs": "", "damage_type": "none", "initial_open": true, "disaster_hard": false }, "geometry": { "type": "LineString", "coordinates": [ [ 76.9064654, 28.4194917 ], [ 76.9065375, 28.419578 ], [ 76.9068656, 28.4197532 ], [ 76.9070916, 28.4198496 ], [ 76.9071986, 28.4198537 ], [ 76.9074532, 28.4198726 ], [ 76.9078054, 28.4199039 ], [ 76.9084983, 28.4199077 ] ] } },
{ "type": "Feature", "properties": { "segment_id": "S78", "corridor_id": "SH15A", "highway": "primary", "ref": "SH15A", "name": null, "length": 819.56573780559779, "u": 1397292823, "v": 11928388320, "metapath_priority": "None", "is_metapath_hard": false, "metapath_pairs": "", "damage_type": "none", "initial_open": true, "disaster_hard": false }, "geometry": { "type": "LineString", "coordinates": [ [ 76.8251959, 28.4656573 ], [ 76.8249598, 28.4658925 ], [ 76.8247062, 28.4660983 ], [ 76.8241356, 28.4664244 ], [ 76.8238407, 28.4665704 ], [ 76.8235542, 28.4666984 ], [ 76.8223227, 28.4672288 ], [ 76.8196482, 28.4684067 ], [ 76.8193624, 28.4685365 ], [ 76.8190609, 28.468696 ], [ 76.8189626, 28.4687579 ], [ 76.818731, 28.4688725 ], [ 76.8179588, 28.4693104 ] ] } },
{ "type": "Feature", "properties": { "segment_id": "S79", "corridor_id": "segment_79", "highway": "primary_link", "ref": null, "name": null, "length": 43.25991300728743, "u": 1397292823, "v": 7877267461, "metapath_priority": "None", "is_metapath_hard": false, "metapath_pairs": "", "damage_type": "none", "initial_open": true, "disaster_hard": false }, "geometry": { "type": "LineString", "coordinates": [ [ 76.8251959, 28.4656573 ], [ 76.8252039, 28.4657404 ], [ 76.8252803, 28.4658135 ], [ 76.8253675, 28.4658618 ], [ 76.8254984, 28.4658745 ] ] } },
{ "type": "Feature", "properties": { "segment_id": "S80", "corridor_id": "segment_80", "highway": "primary_link", "ref": null, "name": null, "length": 8.0058997603606681, "u": 1397292862, "v": 9898705686, "metapath_priority": "None", "is_metapath_hard": false, "metapath_pairs": "", "damage_type": "none", "initial_open": true, "disaster_hard": false }, "geometry": { "type": "LineString", "coordinates": [ [ 76.7704989, 28.4961051 ], [ 76.7704552, 28.4960442 ] ] } },
{ "type": "Feature", "properties": { "segment_id": "S81", "corridor_id": "SH15A", "highway": "primary", "ref": "SH15A", "name": null, "length": 550.4803282951292, "u": 1397292862, "v": 11890420769, "metapath_priority": "None", "is_metapath_hard": false, "metapath_pairs": "", "damage_type": "none", "initial_open": true, "disaster_hard": false }, "geometry": { "type": "LineString", "coordinates": [ [ 76.7704989, 28.4961051 ], [ 76.7716348, 28.4954839 ], [ 76.7725186, 28.4949889 ], [ 76.7745517, 28.4938597 ], [ 76.7750935, 28.4935592 ], [ 76.7751493, 28.4935274 ], [ 76.7752625, 28.493463 ] ] } },
{ "type": "Feature", "properties": { "segment_id": "S82", "corridor_id": "SH15A", "highway": "primary", "ref": "SH15A", "name": null, "length": 11.011490068120219, "u": 1549870600, "v": 2006201555, "metapath_priority": "None", "is_metapath_hard": false, "metapath_pairs": "", "damage_type": "none", "initial_open": true, "disaster_hard": false }, "geometry": { "type": "LineString", "coordinates": [ [ 77.015863, 28.4569083 ], [ 77.0157505, 28.4569132 ] ] } },
{ "type": "Feature", "properties": { "segment_id": "S83", "corridor_id": "SH26", "highway": "primary", "ref": "SH26", "name": "Gurgaon Rewari Narnaul Singhana Road", "length": 1124.4845319525989, "u": 1549870600, "v": 11843016073, "metapath_priority": "None", "is_metapath_hard": false, "metapath_pairs": "", "damage_type": "none", "initial_open": true, "disaster_hard": false }, "geometry": { "type": "LineString", "coordinates": [ [ 77.015863, 28.4569083 ], [ 77.0154923, 28.4564378 ], [ 77.0153649, 28.4563045 ], [ 77.0152649, 28.4561743 ], [ 77.0152133, 28.4561008 ], [ 77.0150777, 28.4559014 ], [ 77.0147124, 28.4553177 ], [ 77.0144651, 28.4549152 ], [ 77.014341, 28.4547364 ], [ 77.014283, 28.454658 ], [ 77.0142405, 28.4546004 ], [ 77.01396, 28.4543205 ], [ 77.0138221, 28.4541748 ], [ 77.0133468, 28.4539082 ], [ 77.0126388, 28.4536042 ], [ 77.0122253, 28.4534322 ], [ 77.0120962, 28.4533783 ], [ 77.0117928, 28.4532694 ], [ 77.0117279, 28.4532461 ], [ 77.0109792, 28.4530675 ], [ 77.0108494, 28.4530365 ], [ 77.0101659, 28.452973 ], [ 77.01011, 28.4529646 ], [ 77.0096013, 28.4528806 ], [ 77.0092198, 28.4527784 ], [ 77.0088511, 28.4526501 ], [ 77.0084701, 28.4524909 ], [ 77.0080984, 28.4523535 ], [ 77.0079319, 28.4522797 ], [ 77.0078642, 28.4522407 ], [ 77.0077881, 28.452208 ], [ 77.0074254, 28.4520521 ], [ 77.0072498, 28.4519647 ], [ 77.0071929, 28.4519396 ], [ 77.007028, 28.4518715 ], [ 77.0066477, 28.4517035 ] ] } },
{ "type": "Feature", "properties": { "segment_id": "S84", "corridor_id": "segment_84", "highway": "primary", "ref": null, "name": null, "length": 15.131896978302025, "u": 1549870601, "v": 9918551091, "metapath_priority": "None", "is_metapath_hard": false, "metapath_pairs": "", "damage_type": "landslide_block", "initial_open": false, "disaster_hard": true }, "geometry": { "type": "LineString", "coordinates": [ [ 77.0236621, 28.4573008 ], [ 77.023718, 28.4571739 ] ] } },
{ "type": "Feature", "properties": { "segment_id": "S85", "corridor_id": "segment_85", "highway": "primary_link", "ref": null, "name": null, "length": 66.666858034727113, "u": 1563402601, "v": 1307851122, "metapath_priority": "None", "is_metapath_hard": false, "metapath_pairs": "", "damage_type": "none", "initial_open": true, "disaster_hard": false }, "geometry": { "type": "LineString", "coordinates": [ [ 77.0940357, 28.4791609 ], [ 77.0941546, 28.4789578 ], [ 77.0942472, 28.4788111 ], [ 77.0943887, 28.4786502 ] ] } },
{ "type": "Feature", "properties": { "segment_id": "S86", "corridor_id": "SH15A", "highway": "primary", "ref": "SH15A", "name": null, "length": 11.938172554986707, "u": 1732780392, "v": 7230262763, "metapath_priority": "None", "is_metapath_hard": false, "metapath_pairs": "", "damage_type": "none", "initial_open": true, "disaster_hard": false }, "geometry": { "type": "LineString", "coordinates": [ [ 76.841848, 28.4533893 ], [ 76.8419526, 28.4534447 ] ] } },
{ "type": "Feature", "properties": { "segment_id": "S87", "corridor_id": "SH15A", "highway": "primary", "ref": "SH15A", "name": null, "length": 25.553093600137537, "u": 1732780392, "v": 7230280487, "metapath_priority": "None", "is_metapath_hard": false, "metapath_pairs": "", "damage_type": "crack_pothole", "initial_open": true, "disaster_hard": false }, "geometry": { "type": "LineString", "coordinates": [ [ 76.841848, 28.4533893 ], [ 76.84178, 28.4534743 ], [ 76.8416907, 28.4535727 ] ] } },
{ "type": "Feature", "properties": { "segment_id": "S88", "corridor_id": "SH15A", "highway": "primary", "ref": "SH15A", "name": null, "length": 1260.3900866209476, "u": 1732780405, "v": 4132346640, "metapath_priority": "Medium", "is_metapath_hard": false, "metapath_pairs": "IMT Manesar <-> Farrukhnagar Logistics Hub; Sohna Industrial Area <-> Farrukhnagar Logistics Hub", "damage_type": "none", "initial_open": true, "disaster_hard": false }, "geometry": { "type": "LineString", "coordinates": [ [ 76.8433455, 28.4540685 ], [ 76.8434207, 28.454106 ], [ 76.8439161, 28.4543528 ], [ 76.8442231, 28.4545057 ], [ 76.8446536, 28.4547202 ], [ 76.8448291, 28.4547898 ], [ 76.8454028, 28.4550172 ], [ 76.8464402, 28.4554137 ], [ 76.8485105, 28.4562137 ], [ 76.8504298, 28.4569016 ], [ 76.8508173, 28.4570405 ], [ 76.8510809, 28.4571325 ], [ 76.8520136, 28.4574578 ], [ 76.8525248, 28.4576443 ], [ 76.8535045, 28.458017 ], [ 76.8551265, 28.458652 ] ] } },
{ "type": "Feature", "properties": { "segment_id": "S89", "corridor_id": "SH15A", "highway": "primary", "ref": "SH15A", "name": null, "length": 152.5934627481256, "u": 1732780405, "v": 9901520542, "metapath_priority": "None", "is_metapath_hard": false, "metapath_pairs": "", "damage_type": "none", "initial_open": true, "disaster_hard": false }, "geometry": { "type": "LineString", "coordinates": [ [ 76.8433455, 28.4540685 ], [ 76.8433115, 28.4540137 ], [ 76.8426201, 28.4537106 ], [ 76.8420017, 28.4533911 ] ] } },
{ "type": "Feature", "properties": { "segment_id": "S90", "corridor_id": "Ram Nagar Road", "highway": "primary", "ref": null, "name": "Ram Nagar Road", "length": 9.9653485301425881, "u": 1774430915, "v": 1549870601, "metapath_priority": "None", "is_metapath_hard": false, "metapath_pairs": "", "damage_type": "none", "initial_open": true, "disaster_hard": false }, "geometry": { "type": "LineString", "coordinates": [ [ 77.0236197, 28.4573823 ], [ 77.0236621, 28.4573008 ] ] } },
{ "type": "Feature", "properties": { "segment_id": "S91", "corridor_id": "SH15A", "highway": "primary", "ref": "SH15A", "name": "Gurugram Road", "length": 351.56131284333452, "u": 1774430915, "v": 1997754361, "metapath_priority": "Medium", "is_metapath_hard": false, "metapath_pairs": "Sohna Industrial Area <-> Farrukhnagar Logistics Hub", "damage_type": "none", "initial_open": true, "disaster_hard": false }, "geometry": { "type": "LineString", "coordinates": [ [ 77.0236197, 28.4573823 ], [ 77.0237393, 28.4574364 ], [ 77.0241221, 28.457658 ], [ 77.0245064, 28.4578957 ], [ 77.0246246, 28.4579671 ], [ 77.0249477, 28.4581517 ], [ 77.0253368, 28.4584183 ], [ 77.0255815, 28.4586217 ], [ 77.0257441, 28.4587498 ], [ 77.0258586, 28.4588444 ], [ 77.026441, 28.4593256 ] ] } },
{ "type": "Feature", "properties": { "segment_id": "S92", "corridor_id": "NH248A", "highway": "trunk", "ref": "NH248A", "name": null, "length": 185.37149848951665, "u": 1812344837, "v": 11289872380, "metapath_priority": "None", "is_metapath_hard": false, "metapath_pairs": "", "damage_type": "none", "initial_open": true, "disaster_hard": false }, "geometry": { "type": "LineString", "coordinates": [ [ 77.0663844, 28.2956689 ], [ 77.06643, 28.2973355 ] ] } },
{ "type": "Feature", "properties": { "segment_id": "S93", "corridor_id": "segment_93", "highway": "trunk_link", "ref": null, "name": null, "length": 189.51911848691981, "u": 1812344837, "v": 11289872380, "metapath_priority": "None", "is_metapath_hard": false, "metapath_pairs": "", "damage_type": "none", "initial_open": true, "disaster_hard": false }, "geometry": { "type": "LineString", "coordinates": [ [ 77.0663844, 28.2956689 ], [ 77.0662755, 28.2960554 ], [ 77.0662528, 28.2961747 ], [ 77.0662483, 28.296286 ], [ 77.0662776, 28.2969263 ], [ 77.0662896, 28.2970105 ], [ 77.0663162, 28.2970932 ], [ 77.06643, 28.2973355 ] ] } },
{ "type": "Feature", "properties": { "segment_id": "S94", "corridor_id": "segment_94", "highway": "motorway_link", "ref": null, "name": null, "length": 276.3426541052807, "u": 1815765305, "v": 1815784696, "metapath_priority": "None", "is_metapath_hard": false, "metapath_pairs": "", "damage_type": "none", "initial_open": true, "disaster_hard": false }, "geometry": { "type": "LineString", "coordinates": [ [ 76.8928809, 28.3194616 ], [ 76.8932892, 28.3184936 ], [ 76.8936582, 28.3174735 ], [ 76.89378, 28.3171068 ] ] } },
{ "type": "Feature", "properties": { "segment_id": "S95", "corridor_id": "Delhi Western Peripheral Expressway", "highway": "motorway", "ref": null, "name": "Delhi Western Peripheral Expressway", "length": 6147.8193832020879, "u": 1815765437, "v": 9808456217, "metapath_priority": "Medium", "is_metapath_hard": false, "metapath_pairs": "IMT Manesar <-> Farrukhnagar Logistics Hub", "damage_type": "none", "initial_open": true, "disaster_hard": false }, "geometry": { "type": "LineString", "coordinates": [ [ 76.8696536, 28.3829303 ], [ 76.8705741, 28.3807353 ], [ 76.8706286, 28.3806054 ], [ 76.8710686, 28.3795564 ], [ 76.8717816, 28.3778206 ], [ 76.87214, 28.3768097 ], [ 76.87246, 28.3757716 ], [ 76.8728283, 28.3743374 ], [ 76.8730687, 28.3730272 ], [ 76.8734867, 28.3705723 ], [ 76.8735463, 28.3703088 ], [ 76.8735655, 28.3702238 ], [ 76.873579, 28.3701642 ], [ 76.8736362, 28.3699113 ], [ 76.8738263, 28.3690713 ], [ 76.8744062, 28.3672163 ], [ 76.8751916, 28.3651267 ], [ 76.8752127, 28.3650705 ], [ 76.875232, 28.3650193 ], [ 76.8755053, 28.3642922 ], [ 76.8766647, 28.3612788 ], [ 76.8767219, 28.3611279 ], [ 76.8767374, 28.3610868 ], [ 76.8767713, 28.3609972 ], [ 76.8778251, 28.3582138 ], [ 76.8782362, 28.35714 ], [ 76.8782775, 28.3570323 ], [ 76.8796355, 28.3534848 ], [ 76.8802803, 28.3518454 ], [ 76.8808986, 28.3501569 ], [ 76.8809384, 28.3500521 ], [ 76.8811263, 28.34956 ], [ 76.8811716, 28.3494287 ], [ 76.8816699, 28.34793 ], [ 76.8820596, 28.3463764 ], [ 76.8820864, 28.3462693 ], [ 76.8821479, 28.3460241 ], [ 76.8823726, 28.3447204 ], [ 76.8826129, 28.3428075 ], [ 76.8827709, 28.3413561 ], [ 76.8827831, 28.3412436 ], [ 76.8828089, 28.3410072 ], [ 76.8830309, 28.339623 ], [ 76.883347, 28.3381928 ], [ 76.8838303, 28.3365442 ], [ 76.8843188, 28.3351508 ], [ 76.8850912, 28.333394 ], [ 76.8851651, 28.3332432 ], [ 76.8852242, 28.3331226 ], [ 76.8857704, 28.3320075 ], [ 76.8865646, 28.3306945 ], [ 76.8870073, 28.3300441 ] ] } },
{ "type": "Feature", "properties": { "segment_id": "S96", "corridor_id": "NH48", "highway": "trunk", "ref": "NH48", "name": "Amer Road", "length": 330.78674373262396, "u": 1815784686, "v": 9891305939, "metapath_priority": "None", "is_metapath_hard": false, "metapath_pairs": "", "damage_type": "none", "initial_open": true, "disaster_hard": false }, "geometry": { "type": "LineString", "coordinates": [ [ 76.8913758, 28.3161801 ], [ 76.8895312, 28.3146735 ], [ 76.8893126, 28.3144964 ], [ 76.8888963, 28.314159 ] ] } },
{ "type": "Feature", "properties": { "segment_id": "S97", "corridor_id": "segment_97", "highway": "motorway_link", "ref": null, "name": null, "length": 268.26096114552939, "u": 1815784688, "v": 1815784730, "metapath_priority": "None", "is_metapath_hard": false, "metapath_pairs": "", "damage_type": "crack_pothole", "initial_open": true, "disaster_hard": false }, "geometry": { "type": "LineString", "coordinates": [ [ 76.8935975, 28.3162786 ], [ 76.8932324, 28.3171458 ], [ 76.8928634, 28.3181659 ], [ 76.8927231, 28.3185643 ] ] } },
{ "type": "Feature", "properties": { "segment_id": "S98", "corridor_id": "segment_98", "highway": "trunk_link", "ref": null, "name": null, "length": 129.63366570322304, "u": 1815784690, "v": 1815784698, "metapath_priority": "None", "is_metapath_hard": false, "metapath_pairs": "", "damage_type": "none", "initial_open": true, "disaster_hard": false }, "geometry": { "type": "LineString", "coordinates": [ [ 76.8916175, 28.3165756 ], [ 76.8919624, 28.3170098 ], [ 76.8923798, 28.3175289 ] ] } },
{ "type": "Feature", "properties": { "segment_id": "S99", "corridor_id": "NH48", "highway": "trunk", "ref": "NH48", "name": "Amer Road", "length": 354.83055877050822, "u": 1815784690, "v": 1815784737, "metapath_priority": "Medium", "is_metapath_hard": false, "metapath_pairs": "IMT Manesar <-> Bilaspur Logistics Hub; Udyog Vihar <-> Bilaspur Logistics Hub", "damage_type": "none", "initial_open": true, "disaster_hard": false }, "geometry": { "type": "LineString", "coordinates": [ [ 76.8916175, 28.3165756 ], [ 76.8941347, 28.318618 ], [ 76.8942882, 28.318733 ] ] } },
{ "type": "Feature", "properties": { "segment_id": "S100", "corridor_id": "segment_100", "highway": "motorway_link", "ref": null, "name": null, "length": 648.22505561938601, "u": 1815784696, "v": 4335283880, "metapath_priority": "None", "is_metapath_hard": false, "metapath_pairs": "", "damage_type": "crack_pothole", "initial_open": true, "disaster_hard": false }, "geometry": { "type": "LineString", "coordinates": [ [ 76.89378, 28.3171068 ], [ 76.8947187, 28.3146528 ], [ 76.8949574, 28.3139137 ], [ 76.8951774, 28.3130164 ], [ 76.8954831, 28.3119255 ], [ 76.8955475, 28.3117862 ], [ 76.8957138, 28.3115477 ] ] } },
{ "type": "Feature", "properties": { "segment_id": "S101", "corridor_id": "segment_101", "highway": "motorway_link", "ref": null, "name": null, "length": 409.02425655657913, "u": 1815784696, "v": 1815784712, "metapath_priority": "None", "is_metapath_hard": false, "metapath_pairs": "", "damage_type": "none", "initial_open": true, "disaster_hard": false }, "geometry": { "type": "LineString", "coordinates": [ [ 76.89378, 28.3171068 ], [ 76.8939033, 28.3169019 ], [ 76.8939704, 28.3168335 ], [ 76.8940388, 28.3167792 ], [ 76.8941461, 28.3167201 ], [ 76.8942574, 28.3166847 ], [ 76.8944009, 28.3166457 ], [ 76.8945202, 28.3166339 ], [ 76.894602, 28.3166339 ], [ 76.8947187, 28.3166517 ], [ 76.8948273, 28.316693 ], [ 76.8949588, 28.3167544 ], [ 76.8950513, 28.3168181 ], [ 76.8951814, 28.3169385 ], [ 76.8953021, 28.3170897 ], [ 76.8953437, 28.3172065 ], [ 76.8953691, 28.3173754 ], [ 76.8953504, 28.31751 ], [ 76.8953088, 28.3176387 ], [ 76.8952323, 28.3177709 ], [ 76.8951465, 28.3178712 ], [ 76.8950312, 28.3179598 ], [ 76.8948971, 28.3180365 ], [ 76.8947415, 28.3180826 ], [ 76.894598, 28.318105 ], [ 76.8944693, 28.3181038 ], [ 76.8942694, 28.3180885 ], [ 76.8939623, 28.3180105 ] ] } },
{ "type": "Feature", "properties": { "segment_id": "S102", "corridor_id": "segment_102", "highway": "trunk_link", "ref": null, "name": null, "length": 202.28144097835883, "u": 1815784698, "v": 1815784734, "metapath_priority": "None", "is_metapath_hard": false, "metapath_pairs": "", "damage_type": "none", "initial_open": true, "disaster_hard": false }, "geometry": { "type": "LineString", "coordinates": [ [ 76.8923798, 28.3175289 ], [ 76.8928144, 28.3179582 ], [ 76.8934554, 28.3184521 ], [ 76.8936968, 28.3186032 ], [ 76.8939301, 28.3187142 ] ] } },
{ "type": "Feature", "properties": { "segment_id": "S103", "corridor_id": "segment_103", "highway": "trunk_link", "ref": null, "name": null, "length": 195.09348899507057, "u": 1815784712, "v": 9808647848, "metapath_priority": "None", "is_metapath_hard": false, "metapath_pairs": "", "damage_type": "none", "initial_open": true, "disaster_hard": false }, "geometry": { "type": "LineString", "coordinates": [ [ 76.8939623, 28.3180105 ], [ 76.8927679, 28.3169846 ], [ 76.8925078, 28.3168141 ] ] } },
{ "type": "Feature", "properties": { "segment_id": "S104", "corridor_id": "segment_104", "highway": "motorway_link", "ref": null, "name": null, "length": 378.30179081059345, "u": 1815784730, "v": 1815784698, "metapath_priority": "None", "is_metapath_hard": false, "metapath_pairs": "", "damage_type": "none", "initial_open": true, "disaster_hard": false }, "geometry": { "type": "LineString", "coordinates": [ [ 76.8927231, 28.3185643 ], [ 76.8925488, 28.318713 ], [ 76.8923999, 28.3188051 ], [ 76.892247, 28.3188712 ], [ 76.8920217, 28.3189113 ], [ 76.8918058, 28.3189149 ], [ 76.8916221, 28.3188712 ], [ 76.8914987, 28.3188039 ], [ 76.8913713, 28.3187095 ], [ 76.8912399, 28.3185678 ], [ 76.8911782, 28.3184332 ], [ 76.8911487, 28.3182774 ], [ 76.8911554, 28.3181428 ], [ 76.8911809, 28.3180247 ], [ 76.8912117, 28.3179291 ], [ 76.8912788, 28.3178181 ], [ 76.8914303, 28.3176705 ], [ 76.8915752, 28.3175808 ], [ 76.8916999, 28.3175324 ], [ 76.8917911, 28.3175111 ], [ 76.891889, 28.3175017 ], [ 76.892007, 28.3175005 ], [ 76.8923798, 28.3175289 ] ] } },
{ "type": "Feature", "properties": { "segment_id": "S105", "corridor_id": "segment_105", "highway": "motorway_link", "ref": null, "name": null, "length": 472.42803222671228, "u": 1815784730, "v": 9808368194, "metapath_priority": "None", "is_metapath_hard": false, "metapath_pairs": "", "damage_type": "none", "initial_open": true, "disaster_hard": false }, "geometry": { "type": "LineString", "coordinates": [ [ 76.8927231, 28.3185643 ], [ 76.8920038, 28.3204887 ], [ 76.8918139, 28.3209313 ], [ 76.8917589, 28.3210825 ], [ 76.8914035, 28.3220576 ], [ 76.891146, 28.3225771 ] ] } },
{ "type": "Feature", "properties": { "segment_id": "S106", "corridor_id": "segment_106", "highway": "motorway_link", "ref": null, "name": null, "length": 387.9307259662848, "u": 1815784734, "v": 1815765305, "metapath_priority": "None", "is_metapath_hard": false, "metapath_pairs": "", "damage_type": "none", "initial_open": true, "disaster_hard": false }, "geometry": { "type": "LineString", "coordinates": [ [ 76.8939301, 28.3187142 ], [ 76.8942413, 28.3190707 ], [ 76.8943553, 28.3192183 ], [ 76.8944223, 28.3193139 ], [ 76.8944572, 28.3193836 ], [ 76.8944813, 28.3194686 ], [ 76.8945014, 28.3195807 ], [ 76.8944921, 28.3197023 ], [ 76.8944827, 28.319798 ], [ 76.8944384, 28.3199172 ], [ 76.8943325, 28.320066 ], [ 76.8942493, 28.3201451 ], [ 76.8941501, 28.3202159 ], [ 76.8939771, 28.320295 ], [ 76.8937598, 28.320334 ], [ 76.8936002, 28.3203375 ], [ 76.8934245, 28.3203104 ], [ 76.8932663, 28.3202525 ], [ 76.893159, 28.3201817 ], [ 76.8930799, 28.320112 ], [ 76.8930061, 28.32004 ], [ 76.8929498, 28.319968 ], [ 76.8929176, 28.3199054 ], [ 76.8928881, 28.3197992 ], [ 76.8928809, 28.3194616 ] ] } },
{ "type": "Feature", "properties": { "segment_id": "S107", "corridor_id": "segment_107", "highway": "trunk_link", "ref": null, "name": null, "length": 35.167919545342357, "u": 1815784734, "v": 1815784737, "metapath_priority": "None", "is_metapath_hard": false, "metapath_pairs": "", "damage_type": "none", "initial_open": true, "disaster_hard": false }, "geometry": { "type": "LineString", "coordinates": [ [ 76.8939301, 28.3187142 ], [ 76.8941031, 28.3187319 ], [ 76.8942882, 28.318733 ] ] } },
{ "type": "Feature", "properties": { "segment_id": "S108", "corridor_id": "segment_108", "highway": "trunk_link", "ref": null, "name": null, "length": 14.251996741562115, "u": 1815784737, "v": 4138336939, "metapath_priority": "None", "is_metapath_hard": false, "metapath_pairs": "", "damage_type": "none", "initial_open": true, "disaster_hard": false }, "geometry": { "type": "LineString", "coordinates": [ [ 76.8942882, 28.318733 ], [ 76.8943774, 28.3186317 ] ] } },
{ "type": "Feature", "properties": { "segment_id": "S109", "corridor_id": "NH48", "highway": "trunk", "ref": "NH48", "name": "Amer Road", "length": 270.41125501211809, "u": 1815784737, "v": 11818381857, "metapath_priority": "Medium", "is_metapath_hard": false, "metapath_pairs": "IMT Manesar <-> Bilaspur Logistics Hub; Udyog Vihar <-> Bilaspur Logistics Hub", "damage_type": "none", "initial_open": true, "disaster_hard": false }, "geometry": { "type": "LineString", "coordinates": [ [ 76.8942882, 28.318733 ], [ 76.8944063, 28.318838 ], [ 76.8957057, 28.3198856 ], [ 76.8958074, 28.31997 ], [ 76.8963176, 28.3203827 ] ] } },
{ "type": "Feature", "properties": { "segment_id": "S110", "corridor_id": "Delhi Western Peripheral Expressway", "highway": "motorway", "ref": null, "name": "Delhi Western Peripheral Expressway", "length": 691.51100872973529, "u": 1815791355, "v": 1815791478, "metapath_priority": "None", "is_metapath_hard": false, "metapath_pairs": "", "damage_type": "none", "initial_open": true, "disaster_hard": false }, "geometry": { "type": "LineString", "coordinates": [ [ 76.8694571, 28.3829137 ], [ 76.8683048, 28.3857849 ], [ 76.868212, 28.3860162 ], [ 76.8676948, 28.3876502 ], [ 76.8674353, 28.3888614 ] ] } },
{ "type": "Feature", "properties": { "segment_id": "S111", "corridor_id": "segment_111", "highway": "motorway_link", "ref": null, "name": null, "length": 362.19924629287851, "u": 1815791355, "v": 1815791390, "metapath_priority": "None", "is_metapath_hard": false, "metapath_pairs": "", "damage_type": "none", "initial_open": true, "disaster_hard": false }, "geometry": { "type": "LineString", "coordinates": [ [ 76.8694571, 28.3829137 ], [ 76.8689963, 28.383722 ], [ 76.8687871, 28.3840099 ], [ 76.8685028, 28.3842883 ], [ 76.8682078, 28.3845031 ], [ 76.8679208, 28.3846918 ], [ 76.8673642, 28.3849786 ], [ 76.8672582, 28.3850328 ], [ 76.8670021, 28.3852452 ] ] } },
{ "type": "Feature", "properties": { "segment_id": "S112", "corridor_id": "segment_112", "highway": "motorway_link", "ref": null, "name": null, "length": 77.880592420773866, "u": 1815791390, "v": 1815791413, "metapath_priority": "None", "is_metapath_hard": false, "metapath_pairs": "", "damage_type": "none", "initial_open": true, "disaster_hard": false }, "geometry": { "type": "LineString", "coordinates": [ [ 76.8670021, 28.3852452 ], [ 76.8668644, 28.3853552 ], [ 76.8667703, 28.385501 ], [ 76.8667413, 28.3856932 ], [ 76.8667926, 28.3858625 ] ] } },
{ "type": "Feature", "properties": { "segment_id": "S113", "corridor_id": "segment_113", "highway": "motorway_link", "ref": null, "name": null, "length": 244.1752855191524, "u": 1815791413, "v": 9808323746, "metapath_priority": "None", "is_metapath_hard": false, "metapath_pairs": "", "damage_type": "none", "initial_open": true, "disaster_hard": false }, "geometry": { "type": "LineString", "coordinates": [ [ 76.8667926, 28.3858625 ], [ 76.8669232, 28.3860138 ], [ 76.867099, 28.3861041 ], [ 76.8673188, 28.3861295 ], [ 76.8675098, 28.3860845 ], [ 76.8677062, 28.3860121 ], [ 76.8678591, 28.3859555 ], [ 76.8679851, 28.3859189 ], [ 76.8680656, 28.3859095 ], [ 76.868134, 28.385913 ], [ 76.8687254, 28.3860581 ], [ 76.8690915, 28.3861537 ] ] } },
{ "type": "Feature", "properties": { "segment_id": "S114", "corridor_id": "segment_114", "highway": "motorway_link", "ref": null, "name": null, "length": 343.15752985058242, "u": 1815791413, "v": 1815791478, "metapath_priority": "None", "is_metapath_hard": false, "metapath_pairs": "", "damage_type": "none", "initial_open": true, "disaster_hard": false }, "geometry": { "type": "LineString", "coordinates": [ [ 76.8667926, 28.3858625 ], [ 76.8671255, 28.3866634 ], [ 76.867336, 28.3872191 ], [ 76.8673682, 28.3873772 ], [ 76.867438, 28.3880615 ], [ 76.8674353, 28.3888614 ] ] } },
{ "type": "Feature", "properties": { "segment_id": "S115", "corridor_id": "segment_115", "highway": "motorway_link", "ref": null, "name": null, "length": 299.3242563379381, "u": 1815791449, "v": 1815791390, "metapath_priority": "None", "is_metapath_hard": false, "metapath_pairs": "", "damage_type": "none", "initial_open": true, "disaster_hard": false }, "geometry": { "type": "LineString", "coordinates": [ [ 76.8696668, 28.3862577 ], [ 76.8694858, 28.3861867 ], [ 76.8693195, 28.386136 ], [ 76.8691224, 28.3860841 ], [ 76.8682212, 28.3858469 ], [ 76.8681192, 28.3858115 ], [ 76.8680602, 28.3857809 ], [ 76.8678561, 28.3855727 ], [ 76.8677621, 28.3854535 ], [ 76.8675906, 28.3852736 ], [ 76.8674558, 28.3852118 ], [ 76.8672066, 28.3851891 ], [ 76.8670021, 28.3852452 ] ] } },
{ "type": "Feature", "properties": { "segment_id": "S116", "corridor_id": "segment_116", "highway": "motorway_link", "ref": null, "name": null, "length": 379.55142640133636, "u": 1815791449, "v": 1815765437, "metapath_priority": "None", "is_metapath_hard": false, "metapath_pairs": "", "damage_type": "none", "initial_open": true, "disaster_hard": false }, "geometry": { "type": "LineString", "coordinates": [ [ 76.8696668, 28.3862577 ], [ 76.8694818, 28.3858104 ], [ 76.8693504, 28.3853856 ], [ 76.869286, 28.3851732 ], [ 76.8692592, 28.385001 ], [ 76.8692672, 28.3847603 ], [ 76.8692887, 28.3845927 ], [ 76.869345, 28.3842694 ], [ 76.8694577, 28.3836771 ], [ 76.8696536, 28.3829303 ] ] } },
{ "type": "Feature", "properties": { "segment_id": "S117", "corridor_id": "Delhi Western Peripheral Expressway", "highway": "motorway", "ref": null, "name": "Delhi Western Peripheral Expressway", "length": 6574.6391905461687, "u": 1815791478, "v": 4132345170, "metapath_priority": "None", "is_metapath_hard": false, "metapath_pairs": "", "damage_type": "none", "initial_open": true, "disaster_hard": false }, "geometry": { "type": "LineString", "coordinates": [ [ 76.8674353, 28.3888614 ], [ 76.8673369, 28.3893601 ], [ 76.8670887, 28.3907758 ], [ 76.8669528, 28.3921157 ], [ 76.8669143, 28.3939487 ], [ 76.8669337, 28.3945905 ], [ 76.8669404, 28.3952454 ], [ 76.8669793, 28.3973204 ], [ 76.8670687, 28.4028037 ], [ 76.8670759, 28.4030821 ], [ 76.8670879, 28.4036342 ], [ 76.8671443, 28.405708 ], [ 76.8671577, 28.4069808 ], [ 76.8671483, 28.4075317 ], [ 76.8671697, 28.4089873 ], [ 76.8672019, 28.4110917 ], [ 76.8671805, 28.4121333 ], [ 76.867159, 28.4127354 ], [ 76.867151, 28.4128151 ], [ 76.8671349, 28.412979 ], [ 76.8670839, 28.4136278 ], [ 76.8669954, 28.4143685 ], [ 76.8669176, 28.4149229 ], [ 76.8668398, 28.4153582 ], [ 76.8667084, 28.4161355 ], [ 76.8664844, 28.4171074 ], [ 76.8657656, 28.4200915 ], [ 76.8649288, 28.4235337 ], [ 76.8648901, 28.4236874 ], [ 76.8648416, 28.4239224 ], [ 76.8643963, 28.4258543 ], [ 76.8635977, 28.429077 ], [ 76.8635702, 28.4291766 ], [ 76.86342, 28.4298253 ], [ 76.8616283, 28.437202 ], [ 76.8615518, 28.4375298 ], [ 76.8601397, 28.4437433 ], [ 76.8600968, 28.4439225 ], [ 76.8594906, 28.4467207 ], [ 76.8593628, 28.447267 ] ] } },
{ "type": "Feature", "properties": { "segment_id": "S118", "corridor_id": "Delhi Western Peripheral Expressway", "highway": "motorway", "ref": null, "name": "Delhi Western Peripheral Expressway", "length": 686.16829994458544, "u": 1815791481, "v": 1815765437, "metapath_priority": "Medium", "is_metapath_hard": false, "metapath_pairs": "IMT Manesar <-> Farrukhnagar Logistics Hub", "damage_type": "crack_pothole", "initial_open": true, "disaster_hard": false }, "geometry": { "type": "LineString", "coordinates": [ [ 76.8676431, 28.3888307 ], [ 76.8678769, 28.3876899 ], [ 76.8684004, 28.3860754 ], [ 76.8684928, 28.3858434 ], [ 76.8696536, 28.3829303 ] ] } },
{ "type": "Feature", "properties": { "segment_id": "S119", "corridor_id": "segment_119", "highway": "motorway_link", "ref": null, "name": null, "length": 339.7015319276527, "u": 1815791481, "v": 9808323746, "metapath_priority": "None", "is_metapath_hard": false, "metapath_pairs": "", "damage_type": "none", "initial_open": true, "disaster_hard": false }, "geometry": { "type": "LineString", "coordinates": [ [ 76.8676431, 28.3888307 ], [ 76.8677558, 28.3886597 ], [ 76.8678242, 28.3885382 ], [ 76.8678926, 28.3884178 ], [ 76.8680079, 28.3881689 ], [ 76.8681085, 28.3878928 ], [ 76.8683798, 28.3871857 ], [ 76.8685873, 28.3865572 ], [ 76.868645, 28.3864451 ], [ 76.868704, 28.3863649 ], [ 76.8687724, 28.3862976 ], [ 76.8688448, 28.3862422 ], [ 76.8690915, 28.3861537 ] ] } },
{ "type": "Feature", "properties": { "segment_id": "S120", "corridor_id": "NH352W", "highway": "trunk", "ref": "NH352W", "name": "Gurgaon Rewari Narnaul Singhana Road", "length": 17.696904552006522, "u": 1815791513, "v": 9808318692, "metapath_priority": "None", "is_metapath_hard": false, "metapath_pairs": "", "damage_type": "none", "initial_open": true, "disaster_hard": false }, "geometry": { "type": "LineString", "coordinates": [ [ 76.8678698, 28.395473 ], [ 76.8677209, 28.3953826 ] ] } },
{ "type": "Feature", "properties": { "segment_id": "S121", "corridor_id": "segment_121", "highway": "motorway_link", "ref": null, "name": null, "length": 1068.175062831793, "u": 1815791513, "v": 1815791449, "metapath_priority": "None", "is_metapath_hard": false, "metapath_pairs": "", "damage_type": "none", "initial_open": true, "disaster_hard": false }, "geometry": { "type": "LineString", "coordinates": [ [ 76.8678698, 28.395473 ], [ 76.8679422, 28.394666 ], [ 76.8680039, 28.3939416 ], [ 76.8680669, 28.3933895 ], [ 76.8681246, 28.3928763 ], [ 76.8684143, 28.3903716 ], [ 76.8684532, 28.3899941 ], [ 76.8685631, 28.3889865 ], [ 76.868602, 28.3887305 ], [ 76.8686543, 28.388432 ], [ 76.8687066, 28.3882739 ], [ 76.868775, 28.3881311 ], [ 76.8689534, 28.3878255 ], [ 76.8690956, 28.3876379 ], [ 76.8693557, 28.3873619 ], [ 76.8696132, 28.3871518 ], [ 76.8697138, 28.3870433 ], [ 76.8697768, 28.3869454 ], [ 76.8698063, 28.3868486 ], [ 76.8698278, 28.3867448 ], [ 76.8698104, 28.3865383 ], [ 76.8697715, 28.3864286 ], [ 76.8697152, 28.3863425 ], [ 76.8696668, 28.3862577 ] ] } },
{ "type": "Feature", "properties": { "segment_id": "S122", "corridor_id": "segment_122", "highway": "trunk_link", "ref": null, "name": null, "length": 9.7601728843508653, "u": 1864557585, "v": 12797454590, "metapath_priority": "None", "is_metapath_hard": false, "metapath_pairs": "", "damage_type": "none", "initial_open": true, "disaster_hard": false }, "geometry": { "type": "LineString", "coordinates": [ [ 77.0018234, 28.4415635 ], [ 77.0017424, 28.4415122 ] ] } },
{ "type": "Feature", "properties": { "segment_id": "S123", "corridor_id": "segment_123", "highway": "trunk", "ref": null, "name": null, "length": 1093.3078103252562, "u": 1864557585, "v": 6088400747, "metapath_priority": "None", "is_metapath_hard": false, "metapath_pairs": "", "damage_type": "none", "initial_open": true, "disaster_hard": false }, "geometry": { "type": "LineString", "coordinates": [ [ 77.0018234, 28.4415635 ], [ 77.0021551, 28.4412022 ], [ 77.0024736, 28.4409447 ], [ 77.0026765, 28.4407975 ], [ 77.0028448, 28.4406811 ], [ 77.0036697, 28.4400812 ], [ 77.0050358, 28.4391111 ], [ 77.0052384, 28.438976 ], [ 77.0055719, 28.4387536 ], [ 77.0059078, 28.4385549 ], [ 77.0061649, 28.4384227 ], [ 77.007267, 28.4377505 ], [ 77.0074698, 28.4377187 ], [ 77.0075294, 28.4376808 ], [ 77.0075889, 28.4376429 ], [ 77.0080726, 28.4373348 ], [ 77.0082522, 28.4372204 ], [ 77.0086096, 28.4369927 ], [ 77.0089851, 28.4367535 ], [ 77.0094313, 28.4365005 ], [ 77.009776, 28.4363068 ], [ 77.010169, 28.4361023 ], [ 77.0103267, 28.4360145 ], [ 77.010633, 28.4358428 ], [ 77.0107726, 28.4357472 ] ] } },
{ "type": "Feature", "properties": { "segment_id": "S124", "corridor_id": "segment_124", "highway": "trunk_link", "ref": null, "name": null, "length": 32.83775452343901, "u": 1997036318, "v": 1997036319, "metapath_priority": "None", "is_metapath_hard": false, "metapath_pairs": "", "damage_type": "none", "initial_open": true, "disaster_hard": false }, "geometry": { "type": "LineString", "coordinates": [ [ 76.9396369, 28.3591826 ], [ 76.939431, 28.3589494 ] ] } },
{ "type": "Feature", "properties": { "segment_id": "S125", "corridor_id": "NH48", "highway": "trunk", "ref": "NH48", "name": "Amer Road", "length": 112.95029316145781, "u": 1997036319, "v": 11818256792, "metapath_priority": "None", "is_metapath_hard": false, "metapath_pairs": "", "damage_type": "none", "initial_open": true, "disaster_hard": false }, "geometry": { "type": "LineString", "coordinates": [ [ 76.939431, 28.3589494 ], [ 76.9390161, 28.3580015 ] ] } },
{ "type": "Feature", "properties": { "segment_id": "S126", "corridor_id": "segment_126", "highway": "trunk_link", "ref": null, "name": null, "length": 17.944851602907466, "u": 1997089480, "v": 1997089474, "metapath_priority": "None", "is_metapath_hard": false, "metapath_pairs": "", "damage_type": "none", "initial_open": true, "disaster_hard": false }, "geometry": { "type": "LineString", "coordinates": [ [ 76.9391788, 28.3587852 ], [ 76.9391701, 28.3589464 ] ] } },
{ "type": "Feature", "properties": { "segment_id": "S127", "corridor_id": "NH48", "highway": "trunk", "ref": "NH48", "name": "Amer Road", "length": 974.05401375905046, "u": 1997089480, "v": 9545291285, "metapath_priority": "High", "is_metapath_hard": true, "metapath_pairs": "IMT Manesar <-> Bilaspur Logistics Hub; IMT Manesar <-> Farrukhnagar Logistics Hub; Udyog Vihar <-> Bilaspur Logistics Hub", "damage_type": "none", "initial_open": true, "disaster_hard": false }, "geometry": { "type": "LineString", "coordinates": [ [ 76.9391788, 28.3587852 ], [ 76.940008, 28.3607388 ], [ 76.9403779, 28.3615497 ], [ 76.9407052, 28.3622979 ], [ 76.9426627, 28.3669907 ] ] } },
{ "type": "Feature", "properties": { "segment_id": "S128", "corridor_id": "segment_128", "highway": "primary", "ref": null, "name": null, "length": 4.4716536328145109, "u": 1997354758, "v": 1997754361, "metapath_priority": "Medium", "is_metapath_hard": false, "metapath_pairs": "Sohna Industrial Area <-> Farrukhnagar Logistics Hub", "damage_type": "none", "initial_open": true, "disaster_hard": false }, "geometry": { "type": "LineString", "coordinates": [ [ 77.026469, 28.4592938 ], [ 77.026441, 28.4593256 ] ] } },
{ "type": "Feature", "properties": { "segment_id": "S129", "corridor_id": "SH15A", "highway": "primary", "ref": "SH15A", "name": "Gurugram Road", "length": 353.84659847230131, "u": 1997354758, "v": 1549870601, "metapath_priority": "None", "is_metapath_hard": false, "metapath_pairs": "", "damage_type": "none", "initial_open": true, "disaster_hard": false }, "geometry": { "type": "LineString", "coordinates": [ [ 77.026469, 28.4592938 ], [ 77.0260924, 28.4589864 ], [ 77.025547, 28.4585107 ], [ 77.0250313, 28.4581276 ], [ 77.0246834, 28.4579161 ], [ 77.0245813, 28.4578692 ], [ 77.0241689, 28.4576081 ], [ 77.0237998, 28.457382 ], [ 77.0237227, 28.4573319 ], [ 77.0236621, 28.4573008 ] ] } },
{ "type": "Feature", "properties": { "segment_id": "S130", "corridor_id": "SH26", "highway": "primary", "ref": "SH26", "name": "Pataudi Road", "length": 9.4815823062169589, "u": 2006201555, "v": 6071404821, "metapath_priority": "None", "is_metapath_hard": false, "metapath_pairs": "", "damage_type": "none", "initial_open": true, "disaster_hard": false }, "geometry": { "type": "LineString", "coordinates": [ [ 77.0157505, 28.4569132 ], [ 77.0158166, 28.4569756 ] ] } },
{ "type": "Feature", "properties": { "segment_id": "S131", "corridor_id": "SH15A", "highway": "primary", "ref": "SH15A", "name": "Sub. Major Laxmi Chand Road", "length": 1619.9142140658507, "u": 2006201555, "v": 7437688642, "metapath_priority": "None", "is_metapath_hard": false, "metapath_pairs": "", "damage_type": "none", "initial_open": true, "disaster_hard": false }, "geometry": { "type": "LineString", "coordinates": [ [ 77.0157505, 28.4569132 ], [ 77.0149983, 28.4569131 ], [ 77.0141172, 28.4569178 ], [ 77.0135674, 28.4569225 ], [ 77.0132428, 28.4569225 ], [ 77.0130631, 28.4569178 ], [ 77.0123859, 28.4569154 ], [ 77.0116684, 28.4569107 ], [ 77.0116563, 28.4569107 ], [ 77.0112942, 28.4569095 ], [ 77.0108315, 28.4569036 ], [ 77.0100792, 28.456906 ], [ 77.0096916, 28.4569036 ], [ 77.0088212, 28.4569001 ], [ 77.0081373, 28.4569036 ], [ 77.0080029, 28.4568986 ], [ 77.0079819, 28.4568993 ], [ 77.0075258, 28.4569139 ], [ 77.007152, 28.4569224 ], [ 77.0066299, 28.4569249 ], [ 77.0063515, 28.456932 ], [ 77.0063093, 28.4569331 ], [ 77.0061618, 28.4569355 ], [ 77.0060036, 28.4569331 ], [ 77.0052753, 28.4569402 ], [ 77.0052231, 28.4569417 ], [ 77.0046987, 28.4569567 ], [ 77.0043206, 28.4569649 ], [ 77.0039973, 28.456972 ], [ 77.0036687, 28.4569815 ], [ 77.0033254, 28.4569921 ], [ 77.0032945, 28.4569948 ], [ 77.002864, 28.4570027 ], [ 77.0026273, 28.4570105 ], [ 77.0022927, 28.4570216 ], [ 77.0017737, 28.4570322 ], [ 77.0014575, 28.4570405 ], [ 77.0012265, 28.4570463 ], [ 77.0003593, 28.4570858 ], [ 76.9997794, 28.4571112 ], [ 76.9997047, 28.4571154 ], [ 76.9994924, 28.4571273 ], [ 76.9994234, 28.4571287 ], [ 76.9993614, 28.45713 ], [ 76.9991857, 28.4571337 ] ] } },
{ "type": "Feature", "properties": { "segment_id": "S132", "corridor_id": "Sohna Road", "highway": "primary", "ref": null, "name": "Sohna Road", "length": 11.678891786539861, "u": 2006383516, "v": 2006383521, "metapath_priority": "Medium", "is_metapath_hard": false, "metapath_pairs": "Sohna Industrial Area <-> Farrukhnagar Logistics Hub", "damage_type": "none", "initial_open": true, "disaster_hard": false }, "geometry": { "type": "LineString", "coordinates": [ [ 77.0276052, 28.4577754 ], [ 77.0275317, 28.4578582 ] ] } },
{ "type": "Feature", "properties": { "segment_id": "S133", "corridor_id": "Gurudwara Road", "highway": "primary", "ref": null, "name": "Gurudwara Road", "length": 9.918133129146149, "u": 2006383521, "v": 266589921, "metapath_priority": "None", "is_metapath_hard": false, "metapath_pairs": "", "damage_type": "none", "initial_open": true, "disaster_hard": false }, "geometry": { "type": "LineString", "coordinates": [ [ 77.0275317, 28.4578582 ], [ 77.0276237, 28.4578958 ] ] } },
{ "type": "Feature", "properties": { "segment_id": "S134", "corridor_id": "Sohna Road", "highway": "primary", "ref": null, "name": "Sohna Road", "length": 190.49065546285917, "u": 2006383521, "v": 1997354758, "metapath_priority": "Medium", "is_metapath_hard": false, "metapath_pairs": "Sohna Industrial Area <-> Farrukhnagar Logistics Hub", "damage_type": "none", "initial_open": true, "disaster_hard": false }, "geometry": { "type": "LineString", "coordinates": [ [ 77.0275317, 28.4578582 ], [ 77.0271043, 28.4584563 ], [ 77.0268348, 28.4588181 ], [ 77.026761, 28.4589172 ], [ 77.0266163, 28.4591114 ], [ 77.026469, 28.4592938 ] ] } },
{ "type": "Feature", "properties": { "segment_id": "S135", "corridor_id": "segment_135", "highway": "motorway_link", "ref": null, "name": null, "length": 28.825853623456162, "u": 2006489665, "v": 270624144, "metapath_priority": "None", "is_metapath_hard": false, "metapath_pairs": "", "damage_type": "landslide_block", "initial_open": false, "disaster_hard": true }, "geometry": { "type": "LineString", "coordinates": [ [ 77.0075854, 28.4324391 ], [ 77.00747, 28.4323873 ], [ 77.007448, 28.4323774 ], [ 77.0073195, 28.4323274 ] ] } },
{ "type": "Feature", "properties": { "segment_id": "S136", "corridor_id": "Link to Faridabad Road", "highway": "primary", "ref": null, "name": "Link to Faridabad Road", "length": 317.72576431549322, "u": 2622332703, "v": 250876152, "metapath_priority": "None", "is_metapath_hard": false, "metapath_pairs": "", "damage_type": "none", "initial_open": true, "disaster_hard": false }, "geometry": { "type": "LineString", "coordinates": [ [ 77.0934368, 28.4791555 ], [ 77.0931775, 28.4793566 ], [ 77.0924051, 28.479879 ], [ 77.0923137, 28.4799408 ], [ 77.0918122, 28.4802799 ], [ 77.0914093, 28.4805524 ], [ 77.0912665, 28.4806154 ], [ 77.0912171, 28.4806372 ], [ 77.0910262, 28.4807162 ], [ 77.0908843, 28.4807352 ], [ 77.0907811, 28.480749 ] ] } },
{ "type": "Feature", "properties": { "segment_id": "S137", "corridor_id": "MDR137", "highway": "primary", "ref": "MDR137", "name": "Link to Faridabad Road", "length": 126.57364589084079, "u": 2622332704, "v": 1307851122, "metapath_priority": "None", "is_metapath_hard": false, "metapath_pairs": "", "damage_type": "none", "initial_open": true, "disaster_hard": false }, "geometry": { "type": "LineString", "coordinates": [ [ 77.0933732, 28.4793441 ], [ 77.0934986, 28.4792341 ], [ 77.0937105, 28.4791252 ], [ 77.0939883, 28.4788786 ], [ 77.0942814, 28.4787186 ], [ 77.0943887, 28.4786502 ] ] } },
{ "type": "Feature", "properties": { "segment_id": "S138", "corridor_id": "segment_138", "highway": "primary_link", "ref": null, "name": null, "length": 41.537831407660988, "u": 2622332704, "v": 5487588843, "metapath_priority": "None", "is_metapath_hard": false, "metapath_pairs": "", "damage_type": "none", "initial_open": true, "disaster_hard": false }, "geometry": { "type": "LineString", "coordinates": [ [ 77.0933732, 28.4793441 ], [ 77.0936242, 28.4793387 ], [ 77.0937852, 28.4793965 ] ] } },
{ "type": "Feature", "properties": { "segment_id": "S139", "corridor_id": "NH148A", "highway": "trunk", "ref": "NH148A", "name": "Mehrauli Gurgaon Road", "length": 60.320942247688905, "u": 2622332713, "v": 250876152, "metapath_priority": "None", "is_metapath_hard": false, "metapath_pairs": "", "damage_type": "none", "initial_open": true, "disaster_hard": false }, "geometry": { "type": "LineString", "coordinates": [ [ 77.0913861, 28.4808562 ], [ 77.0907811, 28.480749 ] ] } },
{ "type": "Feature", "properties": { "segment_id": "S140", "corridor_id": "Link to Faridabad Road", "highway": "primary", "ref": null, "name": "Link to Faridabad Road", "length": 262.89512719645433, "u": 2622332713, "v": 2622332704, "metapath_priority": "None", "is_metapath_hard": false, "metapath_pairs": "", "damage_type": "none", "initial_open": true, "disaster_hard": false }, "geometry": { "type": "LineString", "coordinates": [ [ 77.0913861, 28.4808562 ], [ 77.0913807, 28.4807551 ], [ 77.0914042, 28.4806887 ], [ 77.0914812, 28.4806297 ], [ 77.0922424, 28.480127 ], [ 77.0922865, 28.4800979 ], [ 77.0931246, 28.4795444 ], [ 77.093195, 28.4794979 ], [ 77.0933484, 28.4793645 ], [ 77.0933732, 28.4793441 ] ] } },
{ "type": "Feature", "properties": { "segment_id": "S141", "corridor_id": "segment_141", "highway": "motorway_link", "ref": null, "name": null, "length": 554.56718433322624, "u": 2724959526, "v": 12278015322, "metapath_priority": "None", "is_metapath_hard": false, "metapath_pairs": "", "damage_type": "none", "initial_open": true, "disaster_hard": false }, "geometry": { "type": "LineString", "coordinates": [ [ 76.9942555, 28.4040449 ], [ 76.9938649, 28.4041265 ], [ 76.993081, 28.4044329 ], [ 76.9927399, 28.404471 ], [ 76.9924783, 28.4044642 ], [ 76.9922238, 28.4044277 ], [ 76.9920117, 28.4043666 ], [ 76.9917715, 28.4042593 ], [ 76.9913364, 28.4040165 ], [ 76.9911318, 28.4039309 ], [ 76.9909239, 28.4038968 ], [ 76.9907038, 28.4038576 ], [ 76.9905118, 28.4038465 ], [ 76.9900426, 28.4038205 ], [ 76.9897663, 28.4037651 ], [ 76.9896113, 28.4037189 ], [ 76.98943, 28.4036249 ], [ 76.9891519, 28.4034293 ], [ 76.9890524, 28.4033701 ], [ 76.988975, 28.4033506 ] ] } },
{ "type": "Feature", "properties": { "segment_id": "S142", "corridor_id": "segment_142", "highway": "motorway", "ref": null, "name": null, "length": 370.92416348069366, "u": 2724959526, "v": 2788849635, "metapath_priority": "None", "is_metapath_hard": false, "metapath_pairs": "", "damage_type": "none", "initial_open": true, "disaster_hard": false }, "geometry": { "type": "LineString", "coordinates": [ [ 76.9942555, 28.4040449 ], [ 76.9928387, 28.4046816 ], [ 76.9908323, 28.4054783 ] ] } },
{ "type": "Feature", "properties": { "segment_id": "S143", "corridor_id": "NH48", "highway": "motorway", "ref": "NH48", "name": "Delhi-Gurugram Expressway", "length": 335.62269481770608, "u": 2774809992, "v": 6467828992, "metapath_priority": "High", "is_metapath_hard": true, "metapath_pairs": "Udyog Vihar <-> Bilaspur Logistics Hub", "damage_type": "none", "initial_open": true, "disaster_hard": false }, "geometry": { "type": "LineString", "coordinates": [ [ 77.0720808, 28.4808993 ], [ 77.0738218, 28.4827411 ], [ 77.0741856, 28.4831405 ], [ 77.0742677, 28.4832263 ] ] } },
{ "type": "Feature", "properties": { "segment_id": "S144", "corridor_id": "Flyover", "highway": [ "primary_link", "motorway_link" ], "ref": null, "name": [ "Flyover", "Delhi-Gurugram Expressway Ramp" ], "length": 640.40288564784066, "u": 2774809992, "v": 6467829003, "metapath_priority": "None", "is_metapath_hard": false, "metapath_pairs": "", "damage_type": "crack_pothole", "initial_open": true, "disaster_hard": false }, "geometry": { "type": "LineString", "coordinates": [ [ 77.0720808, 28.4808993 ], [ 77.0721304, 28.4810427 ], [ 77.0722187, 28.4812206 ], [ 77.0724804, 28.4815901 ], [ 77.0725807, 28.4817317 ], [ 77.0729484, 28.4821551 ], [ 77.073108, 28.4823304 ], [ 77.0732985, 28.4826429 ], [ 77.0742078, 28.4836337 ], [ 77.0743353, 28.483756 ], [ 77.0744628, 28.4838129 ], [ 77.0746641, 28.4838175 ], [ 77.074858, 28.4837338 ], [ 77.0748654, 28.4837306 ], [ 77.0749724, 28.4836163 ], [ 77.0750188, 28.4834867 ], [ 77.0750285, 28.4833644 ], [ 77.0749775, 28.4832422 ], [ 77.0741118, 28.4822806 ] ] } },
{ "type": "Feature", "properties": { "segment_id": "S145", "corridor_id": "NH248BB", "highway": "motorway", "ref": "NH248BB", "name": "Dwarka Expressway", "length": 140.46890607041436, "u": 2788849635, "v": 6569833464, "metapath_priority": "None", "is_metapath_hard": false, "metapath_pairs": "", "damage_type": "none", "initial_open": true, "disaster_hard": false }, "geometry": { "type": "LineString", "coordinates": [ [ 76.9908323, 28.4054783 ], [ 76.9895347, 28.4060197 ] ] } },
{ "type": "Feature", "properties": { "segment_id": "S146", "corridor_id": "NH352W", "highway": [ "primary", "trunk" ], "ref": [ "NH352W", "SH26" ], "name": [ "Pataudi Road", "Gurgaon Rewari Narnaul Singhana Road" ], "length": 49.110868737342699, "u": 2794104940, "v": 7544058372, "metapath_priority": "None", "is_metapath_hard": false, "metapath_pairs": "", "damage_type": "none", "initial_open": true, "disaster_hard": false }, "geometry": { "type": "LineString", "coordinates": [ [ 76.9969744, 28.4482721 ], [ 76.9971683, 28.448352 ], [ 76.9972454, 28.4483823 ], [ 76.9974336, 28.4484509 ] ] } },
{ "type": "Feature", "properties": { "segment_id": "S147", "corridor_id": "segment_147", "highway": "trunk", "ref": null, "name": null, "length": 39.534499601203855, "u": 2794104940, "v": 10600614430, "metapath_priority": "None", "is_metapath_hard": false, "metapath_pairs": "", "damage_type": "none", "initial_open": true, "disaster_hard": false }, "geometry": { "type": "LineString", "coordinates": [ [ 76.9969744, 28.4482721 ], [ 76.9969395, 28.4483383 ], [ 76.9968546, 28.4484958 ], [ 76.996783, 28.4485839 ] ] } },
{ "type": "Feature", "properties": { "segment_id": "S148", "corridor_id": "segment_148", "highway": "motorway_link", "ref": null, "name": null, "length": 101.92416177647347, "u": 3179713581, "v": 11287178351, "metapath_priority": "None", "is_metapath_hard": false, "metapath_pairs": "", "damage_type": "none", "initial_open": true, "disaster_hard": false }, "geometry": { "type": "LineString", "coordinates": [ [ 76.9598846, 28.4382224 ], [ 76.9599438, 28.4384422 ], [ 76.9599547, 28.4385394 ], [ 76.9599725, 28.4388648 ], [ 76.9599867, 28.4389371 ], [ 76.9600616, 28.4391195 ] ] } },
{ "type": "Feature", "properties": { "segment_id": "S149", "corridor_id": "segment_149", "highway": "primary_link", "ref": null, "name": null, "length": 80.897359586921951, "u": 3953762669, "v": 1868729066, "metapath_priority": "None", "is_metapath_hard": false, "metapath_pairs": "", "damage_type": "landslide_block", "initial_open": false, "disaster_hard": true }, "geometry": { "type": "LineString", "coordinates": [ [ 77.1083819, 28.4675994 ], [ 77.1082614, 28.4676254 ], [ 77.1081143, 28.4676068 ], [ 77.1079916, 28.4675756 ], [ 77.1078722, 28.467517 ], [ 77.1076447, 28.4673583 ] ] } },
{ "type": "Feature", "properties": { "segment_id": "S150", "corridor_id": "MDR137", "highway": "primary", "ref": "MDR137", "name": [ "Faridabad-Gurgaon Road", "Link to Faridabad Road" ], "length": 106.67902087153257, "u": 3953762669, "v": 3953762674, "metapath_priority": "None", "is_metapath_hard": false, "metapath_pairs": "", "damage_type": "none", "initial_open": true, "disaster_hard": false }, "geometry": { "type": "LineString", "coordinates": [ [ 77.1083819, 28.4675994 ], [ 77.1081561, 28.4677706 ], [ 77.1080193, 28.4678704 ], [ 77.1079052, 28.467969 ], [ 77.1075478, 28.4682171 ] ] } },
{ "type": "Feature", "properties": { "segment_id": "S151", "corridor_id": "MDR137", "highway": "primary", "ref": "MDR137", "name": "Faridabad-Gurgaon Road", "length": 1025.9095640602441, "u": 3953762671, "v": 11906821433, "metapath_priority": "None", "is_metapath_hard": false, "metapath_pairs": "", "damage_type": "none", "initial_open": true, "disaster_hard": false }, "geometry": { "type": "LineString", "coordinates": [ [ 77.1084211, 28.467681 ], [ 77.1087424, 28.4674958 ], [ 77.1092248, 28.467143 ], [ 77.1095055, 28.4669592 ], [ 77.1096257, 28.4668976 ], [ 77.1097704, 28.4668361 ], [ 77.1099636, 28.4667686 ], [ 77.1101161, 28.4667261 ], [ 77.1102821, 28.4667034 ], [ 77.1103992, 28.466695 ], [ 77.1107702, 28.4666974 ], [ 77.1114559, 28.4667349 ], [ 77.1123896, 28.4667914 ], [ 77.112889, 28.466825 ], [ 77.1133132, 28.4668371 ], [ 77.1137468, 28.4668263 ], [ 77.113968, 28.4667916 ], [ 77.1141383, 28.4667373 ], [ 77.1143453, 28.4666562 ], [ 77.1144909, 28.4665828 ], [ 77.1146384, 28.4664915 ], [ 77.1148537, 28.4662974 ], [ 77.1150406, 28.4660766 ], [ 77.1152253, 28.4657972 ], [ 77.1155301, 28.4653281 ], [ 77.1158681, 28.4648025 ], [ 77.1162815, 28.4641944 ], [ 77.1166547, 28.4636223 ] ] } },
{ "type": "Feature", "properties": { "segment_id": "S152", "corridor_id": "segment_152", "highway": "primary_link", "ref": null, "name": null, "length": 7.6288234434862261, "u": 3953762674, "v": 3953762675, "metapath_priority": "None", "is_metapath_hard": false, "metapath_pairs": "", "damage_type": "none", "initial_open": true, "disaster_hard": false }, "geometry": { "type": "LineString", "coordinates": [ [ 77.1075478, 28.4682171 ], [ 77.1075882, 28.4682758 ] ] } },
{ "type": "Feature", "properties": { "segment_id": "S153", "corridor_id": "MDR137", "highway": "primary", "ref": "MDR137", "name": "Link to Faridabad Road", "length": 1728.3001448793984, "u": 3953762674, "v": 4757946141, "metapath_priority": "None", "is_metapath_hard": false, "metapath_pairs": "", "damage_type": "none", "initial_open": true, "disaster_hard": false }, "geometry": { "type": "LineString", "coordinates": [ [ 77.1075478, 28.4682171 ], [ 77.1074423, 28.4682942 ], [ 77.1049975, 28.4700811 ], [ 77.1042985, 28.4706813 ], [ 77.1040463, 28.470943 ], [ 77.103842, 28.4711697 ], [ 77.1032177, 28.4718675 ], [ 77.1031725, 28.4719205 ], [ 77.1024384, 28.4727814 ], [ 77.101869, 28.4734026 ], [ 77.1016619, 28.473605 ], [ 77.101427, 28.4738006 ], [ 77.1004137, 28.4745425 ], [ 77.0993958, 28.4752887 ], [ 77.0981128, 28.476225 ], [ 77.0973512, 28.4767807 ], [ 77.0971803, 28.4769108 ], [ 77.096955, 28.4770676 ], [ 77.0965471, 28.4773556 ], [ 77.0961544, 28.4775937 ], [ 77.0956099, 28.4778925 ], [ 77.0947724, 28.4783482 ], [ 77.0944511, 28.4785212 ] ] } },
{ "type": "Feature", "properties": { "segment_id": "S154", "corridor_id": "segment_154", "highway": "primary_link", "ref": null, "name": null, "length": 7.6288234434862261, "u": 3953762675, "v": 3953762674, "metapath_priority": "None", "is_metapath_hard": false, "metapath_pairs": "", "damage_type": "none", "initial_open": true, "disaster_hard": false }, "geometry": { "type": "LineString", "coordinates": [ [ 77.1075882, 28.4682758 ], [ 77.1075478, 28.4682171 ] ] } },
{ "type": "Feature", "properties": { "segment_id": "S155", "corridor_id": "MDR137", "highway": "primary", "ref": "MDR137", "name": [ "Faridabad-Gurgaon Road", "Link to Faridabad Road" ], "length": 105.00105570374114, "u": 3953762675, "v": 3953762671, "metapath_priority": "None", "is_metapath_hard": false, "metapath_pairs": "", "damage_type": "none", "initial_open": true, "disaster_hard": false }, "geometry": { "type": "LineString", "coordinates": [ [ 77.1075882, 28.4682758 ], [ 77.1078408, 28.4680702 ], [ 77.1079337, 28.4680054 ], [ 77.1080626, 28.4679186 ], [ 77.1084211, 28.467681 ] ] } },
{ "type": "Feature", "properties": { "segment_id": "S156", "corridor_id": "segment_156", "highway": "primary_link", "ref": null, "name": null, "length": 71.915404429513089, "u": 3953762675, "v": 1868729077, "metapath_priority": "None", "is_metapath_hard": false, "metapath_pairs": "", "damage_type": "none", "initial_open": true, "disaster_hard": false }, "geometry": { "type": "LineString", "coordinates": [ [ 77.1075882, 28.4682758 ], [ 77.1080433, 28.4682918 ], [ 77.1080921, 28.468297 ], [ 77.1081217, 28.4683049 ], [ 77.1083064, 28.4683727 ] ] } },
{ "type": "Feature", "properties": { "segment_id": "S157", "corridor_id": "NH248BB", "highway": "motorway", "ref": "NH248BB", "name": "Dwarka Expressway", "length": 4444.1530956367178, "u": 4130541795, "v": 13148751028, "metapath_priority": "None", "is_metapath_hard": false, "metapath_pairs": "", "damage_type": "none", "initial_open": true, "disaster_hard": false }, "geometry": { "type": "LineString", "coordinates": [ [ 76.9966744, 28.4903573 ], [ 76.9964383, 28.4901251 ], [ 76.9958452, 28.4895562 ], [ 76.9952616, 28.4889834 ], [ 76.9937379, 28.4874701 ], [ 76.9925315, 28.4863585 ], [ 76.9918827, 28.4857486 ], [ 76.9896187, 28.4835031 ], [ 76.9882452, 28.4821764 ], [ 76.9877218, 28.4816998 ], [ 76.9849997, 28.4792553 ], [ 76.9816743, 28.4762953 ], [ 76.9810604, 28.4757393 ], [ 76.9809557, 28.4756421 ], [ 76.9799158, 28.4747462 ], [ 76.9780373, 28.4731523 ], [ 76.9765715, 28.4718826 ], [ 76.9751518, 28.4705708 ], [ 76.9737578, 28.4692481 ], [ 76.9722655, 28.4678689 ], [ 76.9711347, 28.4667595 ], [ 76.9700751, 28.4656119 ], [ 76.9696297, 28.4651031 ], [ 76.9692452, 28.4646283 ], [ 76.9689297, 28.464226 ], [ 76.9680154, 28.4629144 ], [ 76.9671807, 28.4616326 ], [ 76.9665323, 28.4605995 ] ] } },
{ "type": "Feature", "properties": { "segment_id": "S158", "corridor_id": "segment_158", "highway": "motorway_link", "ref": null, "name": null, "length": 367.02397240924029, "u": 4132345170, "v": 4132345416, "metapath_priority": "None", "is_metapath_hard": false, "metapath_pairs": "", "damage_type": "none", "initial_open": true, "disaster_hard": false }, "geometry": { "type": "LineString", "coordinates": [ [ 76.8593628, 28.447267 ], [ 76.8591955, 28.4476029 ], [ 76.8591435, 28.4477127 ], [ 76.859097, 28.4478397 ], [ 76.8590203, 28.4480772 ], [ 76.8589329, 28.4483888 ], [ 76.8588199, 28.448774 ], [ 76.858769, 28.4489163 ], [ 76.8587133, 28.4490415 ], [ 76.8586751, 28.4491177 ], [ 76.8586198, 28.4492032 ], [ 76.8585542, 28.4492842 ], [ 76.8584858, 28.449356 ], [ 76.8583567, 28.449472 ], [ 76.8582559, 28.4495528 ], [ 76.8575751, 28.4500458 ] ] } },
{ "type": "Feature", "properties": { "segment_id": "S159", "corridor_id": "Delhi Western Peripheral Expressway", "highway": "motorway", "ref": null, "name": "Delhi Western Peripheral Expressway", "length": 778.65989550539064, "u": 4132345170, "v": 9883124087, "metapath_priority": "None", "is_metapath_hard": false, "metapath_pairs": "", "damage_type": "none", "initial_open": true, "disaster_hard": false }, "geometry": { "type": "LineString", "coordinates": [ [ 76.8593628, 28.447267 ], [ 76.8586873, 28.4501533 ], [ 76.858643, 28.4503761 ], [ 76.8577909, 28.4541318 ] ] } },
{ "type": "Feature", "properties": { "segment_id": "S160", "corridor_id": "segment_160", "highway": "motorway_link", "ref": null, "name": null, "length": 959.8900787019935, "u": 4132345416, "v": 4132346598, "metapath_priority": "Medium", "is_metapath_hard": false, "metapath_pairs": "IMT Manesar <-> Farrukhnagar Logistics Hub", "damage_type": "none", "initial_open": true, "disaster_hard": false }, "geometry": { "type": "LineString", "coordinates": [ [ 76.8575751, 28.4500458 ], [ 76.8574281, 28.4501437 ], [ 76.8572642, 28.4502642 ], [ 76.8571664, 28.4503489 ], [ 76.8571011, 28.4504426 ], [ 76.8570623, 28.450553 ], [ 76.8570515, 28.4506502 ], [ 76.8570598, 28.4507387 ], [ 76.8570818, 28.4508376 ], [ 76.857129, 28.4509582 ], [ 76.8572935, 28.4513109 ], [ 76.8575027, 28.4517766 ], [ 76.8575358, 28.4518511 ], [ 76.857563, 28.4519225 ], [ 76.8575859, 28.452039 ], [ 76.8576095, 28.4522154 ], [ 76.8576161, 28.4523145 ], [ 76.8576153, 28.4524171 ], [ 76.8575584, 28.4529664 ], [ 76.8575411, 28.4530645 ], [ 76.8575238, 28.4531539 ], [ 76.8574842, 28.4533027 ], [ 76.8574101, 28.4535701 ], [ 76.857142, 28.454421 ], [ 76.8569589, 28.4550389 ], [ 76.8568223, 28.4555923 ], [ 76.8567735, 28.4557933 ], [ 76.8566345, 28.4565048 ], [ 76.8565594, 28.4569529 ], [ 76.8565021, 28.4572895 ], [ 76.8564616, 28.4576111 ], [ 76.8564297, 28.4578464 ], [ 76.8563877, 28.4580648 ], [ 76.8563361, 28.4582868 ] ] } },
{ "type": "Feature", "properties": { "segment_id": "S161", "corridor_id": "segment_161", "highway": "motorway_link", "ref": null, "name": null, "length": 86.805939912793704, "u": 4132346598, "v": 9882506425, "metapath_priority": "None", "is_metapath_hard": false, "metapath_pairs": "", "damage_type": "none", "initial_open": true, "disaster_hard": false }, "geometry": { "type": "LineString", "coordinates": [ [ 76.8563361, 28.4582868 ], [ 76.8561547, 28.459051 ] ] } },
{ "type": "Feature", "properties": { "segment_id": "S162", "corridor_id": "segment_162", "highway": "motorway_link", "ref": null, "name": null, "length": 131.03843897981884, "u": 4132346598, "v": 4132346640, "metapath_priority": "Medium", "is_metapath_hard": false, "metapath_pairs": "IMT Manesar <-> Farrukhnagar Logistics Hub", "damage_type": "none", "initial_open": true, "disaster_hard": false }, "geometry": { "type": "LineString", "coordinates": [ [ 76.8563361, 28.4582868 ], [ 76.8562339, 28.4584012 ], [ 76.8561336, 28.45847 ], [ 76.8560214, 28.4585249 ], [ 76.8558454, 28.4585849 ], [ 76.8556873, 28.4586247 ], [ 76.8555351, 28.4586571 ], [ 76.8554315, 28.4586661 ], [ 76.8551265, 28.458652 ] ] } },
{ "type": "Feature", "properties": { "segment_id": "S163", "corridor_id": "SH15A", "highway": "primary", "ref": "SH15A", "name": null, "length": 109.87459740382968, "u": 4132346640, "v": 9882506425, "metapath_priority": "Medium", "is_metapath_hard": false, "metapath_pairs": "Sohna Industrial Area <-> Farrukhnagar Logistics Hub", "damage_type": "landslide_block", "initial_open": false, "disaster_hard": true }, "geometry": { "type": "LineString", "coordinates": [ [ 76.8551265, 28.458652 ], [ 76.8560664, 28.4590191 ], [ 76.8561547, 28.459051 ] ] } },
{ "type": "Feature", "properties": { "segment_id": "S164", "corridor_id": "SH15A", "highway": "primary", "ref": "SH15A", "name": null, "length": 1260.3900866209474, "u": 4132346640, "v": 1732780405, "metapath_priority": "Medium", "is_metapath_hard": false, "metapath_pairs": "IMT Manesar <-> Farrukhnagar Logistics Hub; Sohna Industrial Area <-> Farrukhnagar Logistics Hub", "damage_type": "none", "initial_open": true, "disaster_hard": false }, "geometry": { "type": "LineString", "coordinates": [ [ 76.8551265, 28.458652 ], [ 76.8535045, 28.458017 ], [ 76.8525248, 28.4576443 ], [ 76.8520136, 28.4574578 ], [ 76.8510809, 28.4571325 ], [ 76.8508173, 28.4570405 ], [ 76.8504298, 28.4569016 ], [ 76.8485105, 28.4562137 ], [ 76.8464402, 28.4554137 ], [ 76.8454028, 28.4550172 ], [ 76.8448291, 28.4547898 ], [ 76.8446536, 28.4547202 ], [ 76.8442231, 28.4545057 ], [ 76.8439161, 28.4543528 ], [ 76.8434207, 28.454106 ], [ 76.8433455, 28.4540685 ] ] } },
{ "type": "Feature", "properties": { "segment_id": "S165", "corridor_id": "SH15A", "highway": "primary", "ref": "SH15A", "name": null, "length": 633.9780522687912, "u": 4133264095, "v": 9912385793, "metapath_priority": "Medium", "is_metapath_hard": false, "metapath_pairs": "Sohna Industrial Area <-> Farrukhnagar Logistics Hub", "damage_type": "none", "initial_open": true, "disaster_hard": false }, "geometry": { "type": "LineString", "coordinates": [ [ 76.9180556, 28.4711437 ], [ 76.9185922, 28.4712653 ], [ 76.9186873, 28.4712898 ], [ 76.919433, 28.4714823 ], [ 76.920016, 28.4716146 ], [ 76.920083, 28.4716311 ], [ 76.9204243, 28.4717149 ], [ 76.920967, 28.4718481 ], [ 76.9216492, 28.4719231 ], [ 76.9218745, 28.4719351 ], [ 76.921951, 28.471938 ], [ 76.9221511, 28.4719989 ], [ 76.9221772, 28.4720038 ], [ 76.9223313, 28.4720384 ], [ 76.9225227, 28.4720392 ], [ 76.9226822, 28.4720413 ], [ 76.9231219, 28.4719783 ], [ 76.9233797, 28.4719444 ], [ 76.9236628, 28.4719778 ], [ 76.9242137, 28.4721047 ], [ 76.9243779, 28.4721289 ] ] } },
{ "type": "Feature", "properties": { "segment_id": "S166", "corridor_id": "SH15A", "highway": "primary", "ref": "SH15A", "name": null, "length": 207.37051190322029, "u": 4133264095, "v": 11908997969, "metapath_priority": "None", "is_metapath_hard": false, "metapath_pairs": "", "damage_type": "none", "initial_open": true, "disaster_hard": false }, "geometry": { "type": "LineString", "coordinates": [ [ 76.9180556, 28.4711437 ], [ 76.9179748, 28.4710949 ], [ 76.9179104, 28.4710696 ], [ 76.9177837, 28.4710411 ], [ 76.9173749, 28.4709467 ], [ 76.917135, 28.4708957 ], [ 76.9165503, 28.4707659 ], [ 76.9164324, 28.4707472 ], [ 76.9163401, 28.4707379 ], [ 76.9160052, 28.4707057 ] ] } },
{ "type": "Feature", "properties": { "segment_id": "S167", "corridor_id": "NH352W", "highway": "trunk", "ref": "NH352W", "name": "Gurgaon Rewari Narnaul Singhana Road", "length": 3468.6352730790686, "u": 4134884217, "v": 1397292677, "metapath_priority": "None", "is_metapath_hard": false, "metapath_pairs": "", "damage_type": "none", "initial_open": true, "disaster_hard": false }, "geometry": { "type": "LineString", "coordinates": [ [ 76.8771356, 28.4020836 ], [ 76.8778444, 28.4025218 ], [ 76.8787187, 28.4030666 ], [ 76.8792842, 28.4034189 ], [ 76.8799471, 28.4037369 ], [ 76.8801417, 28.4038303 ], [ 76.8804431, 28.4039475 ], [ 76.8811193, 28.4042103 ], [ 76.8813413, 28.4043093 ], [ 76.8818111, 28.4045188 ], [ 76.8826361, 28.4049988 ], [ 76.8828857, 28.4051845 ], [ 76.883053, 28.4053089 ], [ 76.8838573, 28.4059073 ], [ 76.8844602, 28.4063181 ], [ 76.8853557, 28.4069282 ], [ 76.8854744, 28.4070091 ], [ 76.8861356, 28.4074527 ], [ 76.8863116, 28.4075414 ], [ 76.8867714, 28.4077732 ], [ 76.8876943, 28.4082385 ], [ 76.8895838, 28.4091912 ], [ 76.890316, 28.4095603 ], [ 76.8932684, 28.4110946 ], [ 76.8935708, 28.4112882 ], [ 76.8939176, 28.4115102 ], [ 76.8940711, 28.4116084 ], [ 76.894299, 28.4117565 ], [ 76.8945613, 28.411927 ], [ 76.8946439, 28.4119695 ], [ 76.8949155, 28.4121316 ], [ 76.895284, 28.4123477 ], [ 76.8964819, 28.4130944 ], [ 76.8965598, 28.413143 ], [ 76.8966295, 28.4131867 ], [ 76.8966931, 28.4132266 ], [ 76.8967651, 28.4132718 ], [ 76.8973002, 28.4136074 ], [ 76.8975483, 28.413763 ], [ 76.8976753, 28.4138417 ], [ 76.8987893, 28.4145203 ], [ 76.8989894, 28.4146526 ], [ 76.8993589, 28.4148969 ], [ 76.8994536, 28.4149602 ], [ 76.9000445, 28.4153548 ], [ 76.9002216, 28.415473 ], [ 76.9008351, 28.4159066 ], [ 76.9012606, 28.4161918 ], [ 76.9012964, 28.4162158 ], [ 76.9019686, 28.41668 ], [ 76.901981, 28.4166899 ], [ 76.9020568, 28.4167506 ], [ 76.9023461, 28.4169566 ], [ 76.9026774, 28.4171878 ], [ 76.9027455, 28.417231 ], [ 76.9028489, 28.4172966 ], [ 76.9029334, 28.4173674 ], [ 76.9041352, 28.4181723 ], [ 76.9041732, 28.4181977 ], [ 76.9049018, 28.4186247 ], [ 76.9056313, 28.4190522 ], [ 76.9057188, 28.419103 ], [ 76.9063117, 28.4194152 ], [ 76.9064654, 28.4194917 ] ] } },
{ "type": "Feature", "properties": { "segment_id": "S168", "corridor_id": "NH352W", "highway": "trunk", "ref": "NH352W", "name": "Gurgaon Rewari Narnaul Singhana Road", "length": 1169.0909757928607, "u": 4134884217, "v": 1815791513, "metapath_priority": "None", "is_metapath_hard": false, "metapath_pairs": "", "damage_type": "crack_pothole", "initial_open": true, "disaster_hard": false }, "geometry": { "type": "LineString", "coordinates": [ [ 76.8771356, 28.4020836 ], [ 76.8769074, 28.4019473 ], [ 76.8755491, 28.4011133 ], [ 76.8746413, 28.4004886 ], [ 76.8745408, 28.4004195 ], [ 76.8742662, 28.4002305 ], [ 76.8735711, 28.3997345 ], [ 76.8732852, 28.3994876 ], [ 76.8727635, 28.3990711 ], [ 76.8722675, 28.3986368 ], [ 76.8721392, 28.3985243 ], [ 76.870782, 28.3974319 ], [ 76.8697974, 28.3967153 ], [ 76.8696379, 28.3965992 ], [ 76.8694066, 28.3964413 ], [ 76.8685206, 28.3958363 ], [ 76.8683364, 28.3957253 ], [ 76.8678698, 28.395473 ] ] } },
{ "type": "Feature", "properties": { "segment_id": "S169", "corridor_id": "NH352W", "highway": "trunk", "ref": "NH352W", "name": "Gurgaon Rewari Narnaul Singhana Road", "length": 576.00859938277642, "u": 4134895722, "v": 9914305526, "metapath_priority": "None", "is_metapath_hard": false, "metapath_pairs": "", "damage_type": "none", "initial_open": true, "disaster_hard": false }, "geometry": { "type": "LineString", "coordinates": [ [ 76.9817459, 28.441879 ], [ 76.981798, 28.4419359 ], [ 76.9821077, 28.4420263 ], [ 76.9821829, 28.4420428 ], [ 76.9832578, 28.4422706 ], [ 76.9834334, 28.4423193 ], [ 76.9834864, 28.442334 ], [ 76.9837059, 28.4423949 ], [ 76.9837823, 28.4424168 ], [ 76.9841999, 28.4425464 ], [ 76.9846522, 28.4426991 ], [ 76.9851708, 28.4428931 ], [ 76.985313, 28.4429544 ], [ 76.9857667, 28.4431501 ], [ 76.9862169, 28.4433442 ], [ 76.9864275, 28.4434424 ], [ 76.9867645, 28.4435996 ], [ 76.9871672, 28.4437651 ], [ 76.987192, 28.4437766 ] ] } },
{ "type": "Feature", "properties": { "segment_id": "S170", "corridor_id": "NH352W", "highway": "trunk", "ref": "NH352W", "name": "Gurgaon Rewari Narnaul Singhana Road", "length": 523.51364770949829, "u": 4134895722, "v": 7379262587, "metapath_priority": "None", "is_metapath_hard": false, "metapath_pairs": "", "damage_type": "none", "initial_open": true, "disaster_hard": false }, "geometry": { "type": "LineString", "coordinates": [ [ 76.9817459, 28.441879 ], [ 76.9816776, 28.4418408 ], [ 76.981497, 28.4417433 ], [ 76.9813822, 28.4416749 ], [ 76.9813225, 28.4416394 ], [ 76.9811207, 28.4414968 ], [ 76.9809703, 28.4413625 ], [ 76.9808941, 28.4412837 ], [ 76.9800253, 28.4400484 ], [ 76.9798381, 28.4398196 ], [ 76.9796938, 28.4396973 ], [ 76.9795544, 28.4396062 ], [ 76.9793165, 28.4395 ], [ 76.978971, 28.4393457 ], [ 76.9784173, 28.4390983 ], [ 76.9783526, 28.4390748 ], [ 76.9782183, 28.4390252 ], [ 76.9781297, 28.439 ], [ 76.9778149, 28.4389155 ] ] } },
{ "type": "Feature", "properties": { "segment_id": "S171", "corridor_id": "SH15A", "highway": "primary", "ref": "SH15A", "name": null, "length": 5341.0484108543524, "u": 4135047549, "v": 9883124088, "metapath_priority": "Medium", "is_metapath_hard": false, "metapath_pairs": "Sohna Industrial Area <-> Farrukhnagar Logistics Hub", "damage_type": "none", "initial_open": true, "disaster_hard": false }, "geometry": { "type": "LineString", "coordinates": [ [ 76.9083, 28.4701246 ], [ 76.9081789, 28.470113 ], [ 76.9077684, 28.4700978 ], [ 76.9071847, 28.4700258 ], [ 76.9070907, 28.4700067 ], [ 76.9068744, 28.4699627 ], [ 76.9063484, 28.4698557 ], [ 76.9061491, 28.4698119 ], [ 76.9061054, 28.4698023 ], [ 76.9051153, 28.4695847 ], [ 76.9047531, 28.4695402 ], [ 76.9045968, 28.469521 ], [ 76.9043643, 28.4694924 ], [ 76.903879, 28.469453 ], [ 76.9033853, 28.469413 ], [ 76.9027121, 28.4693584 ], [ 76.9014161, 28.4692532 ], [ 76.9008865, 28.4692084 ], [ 76.9003244, 28.4691609 ], [ 76.8993289, 28.4690767 ], [ 76.8984202, 28.4689727 ], [ 76.8983119, 28.4689659 ], [ 76.8971025, 28.4688903 ], [ 76.8965656, 28.4688445 ], [ 76.8961676, 28.468809 ], [ 76.8957083, 28.4687681 ], [ 76.8942911, 28.4686203 ], [ 76.8931844, 28.4684912 ], [ 76.8927349, 28.4684121 ], [ 76.8918159, 28.4682311 ], [ 76.8910316, 28.4680888 ], [ 76.8909831, 28.46808 ], [ 76.8903417, 28.4679574 ], [ 76.8900014, 28.4678943 ], [ 76.8890346, 28.4677323 ], [ 76.8878321, 28.4675018 ], [ 76.8877615, 28.4674877 ], [ 76.887143, 28.4673645 ], [ 76.8862792, 28.467177 ], [ 76.8852306, 28.4669691 ], [ 76.8840325, 28.4667196 ], [ 76.8818412, 28.4662756 ], [ 76.8811005, 28.4661255 ], [ 76.8806972, 28.4660438 ], [ 76.8801298, 28.465927 ], [ 76.8798107, 28.4658727 ], [ 76.8775697, 28.4654189 ], [ 76.877066, 28.4653189 ], [ 76.876233, 28.4651534 ], [ 76.8756448, 28.4650296 ], [ 76.8732596, 28.4645909 ], [ 76.8727899, 28.4645085 ], [ 76.8724949, 28.4644541 ], [ 76.8724219, 28.4644414 ], [ 76.8723652, 28.4644302 ], [ 76.8714342, 28.4642455 ], [ 76.8704914, 28.4640661 ], [ 76.8701203, 28.4640179 ], [ 76.8699106, 28.4639919 ], [ 76.8687064, 28.4639401 ], [ 76.8683841, 28.4639317 ], [ 76.8682482, 28.463917 ], [ 76.8667663, 28.4638451 ], [ 76.8664008, 28.4638301 ], [ 76.8659268, 28.46381 ], [ 76.8635931, 28.4637161 ], [ 76.8629846, 28.4637126 ], [ 76.8623718, 28.4636726 ], [ 76.8620621, 28.4636412 ], [ 76.8615307, 28.463519 ], [ 76.8609035, 28.4632335 ], [ 76.8605899, 28.4630402 ], [ 76.8603736, 28.4628734 ], [ 76.8600222, 28.4624933 ], [ 76.8599196, 28.4623656 ], [ 76.8597983, 28.4621803 ], [ 76.8589241, 28.4609183 ], [ 76.8587949, 28.4607206 ], [ 76.8585881, 28.4604097 ], [ 76.858302, 28.4600084 ], [ 76.8582087, 28.4599017 ], [ 76.8580833, 28.4597802 ], [ 76.8580151, 28.4597347 ], [ 76.8579095, 28.4596851 ], [ 76.8574052, 28.4594771 ], [ 76.8571425, 28.4593844 ], [ 76.8568341, 28.4592961 ], [ 76.8566553, 28.4592316 ] ] } },
{ "type": "Feature", "properties": { "segment_id": "S172", "corridor_id": "SH15A", "highway": "primary", "ref": "SH15A", "name": null, "length": 597.69685865087206, "u": 4135047549, "v": 11908871366, "metapath_priority": "Medium", "is_metapath_hard": false, "metapath_pairs": "Sohna Industrial Area <-> Farrukhnagar Logistics Hub", "damage_type": "none", "initial_open": true, "disaster_hard": false }, "geometry": { "type": "LineString", "coordinates": [ [ 76.9083, 28.4701246 ], [ 76.9084176, 28.470152 ], [ 76.9085149, 28.4701648 ], [ 76.9098163, 28.4702723 ], [ 76.9109025, 28.47036 ], [ 76.9118391, 28.4704331 ], [ 76.9123658, 28.4704722 ], [ 76.9141518, 28.4706113 ], [ 76.9143198, 28.4706261 ], [ 76.9143855, 28.4706321 ] ] } },
{ "type": "Feature", "properties": { "segment_id": "S173", "corridor_id": "segment_173", "highway": "trunk_link", "ref": null, "name": null, "length": 14.251996741562115, "u": 4138336939, "v": 1815784737, "metapath_priority": "None", "is_metapath_hard": false, "metapath_pairs": "", "damage_type": "none", "initial_open": true, "disaster_hard": false }, "geometry": { "type": "LineString", "coordinates": [ [ 76.8943774, 28.3186317 ], [ 76.8942882, 28.318733 ] ] } },
{ "type": "Feature", "properties": { "segment_id": "S174", "corridor_id": "NH48", "highway": "trunk", "ref": "NH48", "name": "Amer Road", "length": 400.80645007786995, "u": 4138336939, "v": 1815784686, "metapath_priority": "None", "is_metapath_hard": false, "metapath_pairs": "", "damage_type": "none", "initial_open": true, "disaster_hard": false }, "geometry": { "type": "LineString", "coordinates": [ [ 76.8943774, 28.3186317 ], [ 76.8913758, 28.3161801 ] ] } },
{ "type": "Feature", "properties": { "segment_id": "S175", "corridor_id": "segment_175", "highway": "trunk_link", "ref": null, "name": null, "length": 80.212986910242478, "u": 4138336939, "v": 1815784712, "metapath_priority": "None", "is_metapath_hard": false, "metapath_pairs": "", "damage_type": "none", "initial_open": true, "disaster_hard": false }, "geometry": { "type": "LineString", "coordinates": [ [ 76.8943774, 28.3186317 ], [ 76.8942815, 28.3184615 ], [ 76.8941528, 28.3182821 ], [ 76.8939623, 28.3180105 ] ] } },
{ "type": "Feature", "properties": { "segment_id": "S176", "corridor_id": "segment_176", "highway": "primary_link", "ref": null, "name": null, "length": 59.134153698092561, "u": 4138397490, "v": 7544058372, "metapath_priority": "None", "is_metapath_hard": false, "metapath_pairs": "", "damage_type": "none", "initial_open": true, "disaster_hard": false }, "geometry": { "type": "LineString", "coordinates": [ [ 76.9970063, 28.4488218 ], [ 76.9971082, 28.4487345 ], [ 76.9972906, 28.4485495 ], [ 76.997344, 28.4484966 ], [ 76.997391, 28.4484706 ], [ 76.9974336, 28.4484509 ] ] } },
{ "type": "Feature", "properties": { "segment_id": "S177", "corridor_id": "segment_177", "highway": "trunk_link", "ref": null, "name": null, "length": 8.5744213856603899, "u": 4139980895, "v": 7379261281, "metapath_priority": "None", "is_metapath_hard": false, "metapath_pairs": "", "damage_type": "none", "initial_open": true, "disaster_hard": false }, "geometry": { "type": "LineString", "coordinates": [ [ 76.9734643, 28.4372757 ], [ 76.9734201, 28.4373423 ] ] } },
{ "type": "Feature", "properties": { "segment_id": "S178", "corridor_id": "NH352W", "highway": "trunk", "ref": "NH352W", "name": "Gurgaon Rewari Narnaul Singhana Road", "length": 127.45075561305896, "u": 4139980895, "v": 9898950515, "metapath_priority": "None", "is_metapath_hard": false, "metapath_pairs": "", "damage_type": "none", "initial_open": true, "disaster_hard": false }, "geometry": { "type": "LineString", "coordinates": [ [ 76.9734643, 28.4372757 ], [ 76.9732551, 28.4371689 ], [ 76.9728447, 28.4369437 ], [ 76.9723508, 28.43668 ] ] } },
{ "type": "Feature", "properties": { "segment_id": "S179", "corridor_id": "segment_179", "highway": "trunk_link", "ref": null, "name": null, "length": 9.264615183562622, "u": 4140053679, "v": 7413982044, "metapath_priority": "None", "is_metapath_hard": false, "metapath_pairs": "", "damage_type": "none", "initial_open": true, "disaster_hard": false }, "geometry": { "type": "LineString", "coordinates": [ [ 76.919361, 28.4221957 ], [ 76.919363, 28.4221124 ] ] } },
{ "type": "Feature", "properties": { "segment_id": "S180", "corridor_id": "NH352W", "highway": "trunk", "ref": "NH352W", "name": "Gurgaon Rewari Narnaul Singhana Road", "length": 1798.7045296332756, "u": 4140053679, "v": 9903383707, "metapath_priority": "None", "is_metapath_hard": false, "metapath_pairs": "", "damage_type": "none", "initial_open": true, "disaster_hard": false }, "geometry": { "type": "LineString", "coordinates": [ [ 76.919361, 28.4221957 ], [ 76.9202754, 28.4222777 ], [ 76.920915, 28.4223353 ], [ 76.9212762, 28.4223667 ], [ 76.9220757, 28.4224221 ], [ 76.9230803, 28.4224627 ], [ 76.9233403, 28.4224757 ], [ 76.9234429, 28.422481 ], [ 76.9236336, 28.4224881 ], [ 76.9240711, 28.4225007 ], [ 76.924415, 28.4225185 ], [ 76.9245759, 28.4225326 ], [ 76.9247368, 28.4225512 ], [ 76.925157, 28.4226222 ], [ 76.9259008, 28.4227808 ], [ 76.9280887, 28.4233273 ], [ 76.9284884, 28.4234318 ], [ 76.9289257, 28.4235395 ], [ 76.9292033, 28.4235972 ], [ 76.929471, 28.4236515 ], [ 76.9296516, 28.4236826 ], [ 76.930288, 28.4237671 ], [ 76.9305786, 28.4238019 ], [ 76.9306889, 28.4238143 ], [ 76.9308785, 28.4238355 ], [ 76.9312673, 28.4238802 ], [ 76.9316272, 28.4239251 ], [ 76.9318003, 28.4239489 ], [ 76.9339373, 28.4242678 ], [ 76.9342222, 28.424321 ], [ 76.9347611, 28.4244287 ], [ 76.9349413, 28.4244614 ], [ 76.9353875, 28.4245425 ], [ 76.9354821, 28.424567 ], [ 76.9356394, 28.4246066 ], [ 76.9362189, 28.424753 ], [ 76.9373831, 28.4251057 ] ] } },
{ "type": "Feature", "properties": { "segment_id": "S181", "corridor_id": "segment_181", "highway": "primary_link", "ref": null, "name": null, "length": 7.5724053938532281, "u": 4146406989, "v": 9916328040, "metapath_priority": "None", "is_metapath_hard": false, "metapath_pairs": "", "damage_type": "none", "initial_open": true, "disaster_hard": false }, "geometry": { "type": "LineString", "coordinates": [ [ 76.9937826, 28.457348 ], [ 76.9937784, 28.45728 ] ] } },
{ "type": "Feature", "properties": { "segment_id": "S182", "corridor_id": "SH15A", "highway": "primary", "ref": "SH15A", "name": "Sub. Major Laxmi Chand Road", "length": 285.52517388273913, "u": 4146406989, "v": 7437425052, "metapath_priority": "Medium", "is_metapath_hard": false, "metapath_pairs": "Sohna Industrial Area <-> Farrukhnagar Logistics Hub", "damage_type": "none", "initial_open": true, "disaster_hard": false }, "geometry": { "type": "LineString", "coordinates": [ [ 76.9937826, 28.457348 ], [ 76.9941508, 28.4573368 ], [ 76.9951234, 28.4573204 ], [ 76.9954874, 28.4573168 ], [ 76.9967022, 28.4572815 ] ] } },
{ "type": "Feature", "properties": { "segment_id": "S183", "corridor_id": "NH352W", "highway": "trunk", "ref": "NH352W", "name": "Gurgaon Rewari Narnaul Singhana Road", "length": 59.770770130691211, "u": 4210373145, "v": 9897263368, "metapath_priority": "None", "is_metapath_hard": false, "metapath_pairs": "", "damage_type": "none", "initial_open": true, "disaster_hard": false }, "geometry": { "type": "LineString", "coordinates": [ [ 76.97742, 28.4388046 ], [ 76.9768288, 28.4386679 ] ] } },
{ "type": "Feature", "properties": { "segment_id": "S184", "corridor_id": "segment_184", "highway": "trunk_link", "ref": null, "name": null, "length": 6.29467255461301, "u": 4210373145, "v": 7379262585, "metapath_priority": "None", "is_metapath_hard": false, "metapath_pairs": "", "damage_type": "none", "initial_open": true, "disaster_hard": false }, "geometry": { "type": "LineString", "coordinates": [ [ 76.97742, 28.4388046 ], [ 76.9774018, 28.4388589 ] ] } },
{ "type": "Feature", "properties": { "segment_id": "S185", "corridor_id": "Delhi Western Peripheral Expressway", "highway": "motorway", "ref": null, "name": "Delhi Western Peripheral Expressway", "length": 2359.6586631959285, "u": 4335283813, "v": 9808368186, "metapath_priority": "None", "is_metapath_hard": false, "metapath_pairs": "", "damage_type": "none", "initial_open": true, "disaster_hard": false }, "geometry": { "type": "LineString", "coordinates": [ [ 76.8958358, 28.3083078 ], [ 76.8955234, 28.3097542 ], [ 76.8951507, 28.3117693 ], [ 76.8948233, 28.3130377 ], [ 76.8943271, 28.3147166 ], [ 76.8937477, 28.316275 ], [ 76.8933669, 28.3172077 ], [ 76.8929798, 28.318258 ], [ 76.8919761, 28.3208888 ], [ 76.8919118, 28.3210636 ], [ 76.8918729, 28.3211863 ], [ 76.8916543, 28.3217967 ], [ 76.8914612, 28.3222973 ], [ 76.891205, 28.3228816 ], [ 76.8910253, 28.3232736 ], [ 76.890399, 28.3245757 ], [ 76.890163, 28.3250031 ], [ 76.8898827, 28.3254989 ], [ 76.8895125, 28.3261069 ], [ 76.8890592, 28.3268235 ], [ 76.888732, 28.3272909 ], [ 76.8882246, 28.3279894 ], [ 76.8881818, 28.328049 ], [ 76.8880355, 28.3282403 ] ] } },
{ "type": "Feature", "properties": { "segment_id": "S186", "corridor_id": "segment_186", "highway": "motorway_link", "ref": null, "name": null, "length": 339.91942840495312, "u": 4335283813, "v": 4335283877, "metapath_priority": "None", "is_metapath_hard": false, "metapath_pairs": "", "damage_type": "none", "initial_open": true, "disaster_hard": false }, "geometry": { "type": "LineString", "coordinates": [ [ 76.8958358, 28.3083078 ], [ 76.895459, 28.3093516 ], [ 76.8953222, 28.3097058 ], [ 76.8950862, 28.3102041 ], [ 76.8949869, 28.3104213 ], [ 76.8948486, 28.3109363 ], [ 76.8948179, 28.3112194 ] ] } },
{ "type": "Feature", "properties": { "segment_id": "S187", "corridor_id": "Delhi Western Peripheral Expressway", "highway": "motorway", "ref": null, "name": "Delhi Western Peripheral Expressway", "length": 291.85666938381371, "u": 4335283868, "v": 11818442410, "metapath_priority": "None", "is_metapath_hard": false, "metapath_pairs": "", "damage_type": "none", "initial_open": true, "disaster_hard": false }, "geometry": { "type": "LineString", "coordinates": [ [ 76.8960583, 28.3083364 ], [ 76.896203, 28.3076987 ], [ 76.8962386, 28.3075485 ], [ 76.8967825, 28.3057916 ] ] } },
{ "type": "Feature", "properties": { "segment_id": "S188", "corridor_id": "segment_188", "highway": "motorway_link", "ref": null, "name": null, "length": 820.46306720180814, "u": 4335283877, "v": 9808652616, "metapath_priority": "None", "is_metapath_hard": false, "metapath_pairs": "", "damage_type": "none", "initial_open": true, "disaster_hard": false }, "geometry": { "type": "LineString", "coordinates": [ [ 76.8948179, 28.3112194 ], [ 76.8946007, 28.3122537 ], [ 76.8944585, 28.3128677 ], [ 76.894193, 28.3135336 ], [ 76.893973, 28.3140318 ], [ 76.8937209, 28.3143931 ], [ 76.8935697, 28.3145544 ], [ 76.893397, 28.3146874 ], [ 76.8932418, 28.3147761 ], [ 76.8931091, 28.3148356 ], [ 76.8928589, 28.3149199 ], [ 76.8924964, 28.3150238 ], [ 76.892134, 28.3150994 ], [ 76.8915576, 28.3151849 ], [ 76.891318, 28.3151922 ], [ 76.8910705, 28.3151544 ], [ 76.890817, 28.3151032 ], [ 76.8905528, 28.315026 ], [ 76.8901828, 28.3148985 ], [ 76.8899068, 28.3147567 ], [ 76.8895485, 28.3145458 ] ] } },
{ "type": "Feature", "properties": { "segment_id": "S189", "corridor_id": "segment_189", "highway": "motorway_link", "ref": null, "name": null, "length": 580.44923655579089, "u": 4335283877, "v": 1815784688, "metapath_priority": "None", "is_metapath_hard": false, "metapath_pairs": "", "damage_type": "none", "initial_open": true, "disaster_hard": false }, "geometry": { "type": "LineString", "coordinates": [ [ 76.8948179, 28.3112194 ], [ 76.8948421, 28.311432 ], [ 76.8948662, 28.3116374 ], [ 76.894877, 28.3117626 ], [ 76.8948823, 28.3119184 ], [ 76.8948662, 28.3121876 ], [ 76.8948448, 28.3123789 ], [ 76.8948072, 28.3125772 ], [ 76.8947375, 28.3129007 ], [ 76.8944371, 28.3139964 ], [ 76.8942279, 28.3146221 ], [ 76.8935975, 28.3162786 ] ] } },
{ "type": "Feature", "properties": { "segment_id": "S190", "corridor_id": "segment_190", "highway": "motorway_link", "ref": null, "name": null, "length": 359.72594399688683, "u": 4335283880, "v": 4335283868, "metapath_priority": "None", "is_metapath_hard": false, "metapath_pairs": "", "damage_type": "none", "initial_open": true, "disaster_hard": false }, "geometry": { "type": "LineString", "coordinates": [ [ 76.8957138, 28.3115477 ], [ 76.8957916, 28.3112832 ], [ 76.8958329, 28.3111015 ], [ 76.8958613, 28.3107696 ], [ 76.8958479, 28.3099762 ], [ 76.8958868, 28.3096597 ], [ 76.8960583, 28.3083364 ] ] } },
{ "type": "Feature", "properties": { "segment_id": "S191", "corridor_id": "MDR137", "highway": "primary", "ref": "MDR137", "name": "Link to Faridabad Road", "length": 122.01464520620199, "u": 4757946141, "v": 2622332703, "metapath_priority": "None", "is_metapath_hard": false, "metapath_pairs": "", "damage_type": "none", "initial_open": true, "disaster_hard": false }, "geometry": { "type": "LineString", "coordinates": [ [ 77.0944511, 28.4785212 ], [ 77.0942474, 28.4786143 ], [ 77.0939862, 28.4787706 ], [ 77.0938895, 28.4788397 ], [ 77.0937336, 28.478954 ], [ 77.0936697, 28.4790016 ], [ 77.0935037, 28.4791131 ], [ 77.0934368, 28.4791555 ] ] } },
{ "type": "Feature", "properties": { "segment_id": "S192", "corridor_id": "segment_192", "highway": "primary_link", "ref": null, "name": null, "length": 68.258798911085847, "u": 4757946141, "v": 4757946138, "metapath_priority": "None", "is_metapath_hard": false, "metapath_pairs": "", "damage_type": "none", "initial_open": true, "disaster_hard": false }, "geometry": { "type": "LineString", "coordinates": [ [ 77.0944511, 28.4785212 ], [ 77.0942381, 28.4784841 ], [ 77.0941939, 28.4784526 ], [ 77.0941423, 28.478397 ], [ 77.0941105, 28.478335 ], [ 77.0940218, 28.4781152 ] ] } },
{ "type": "Feature", "properties": { "segment_id": "S193", "corridor_id": "NH148A", "highway": "trunk", "ref": "NH148A", "name": "Mehrauli Gurgaon Road", "length": 251.25627167660065, "u": 4757946170, "v": 4757946183, "metapath_priority": "None", "is_metapath_hard": false, "metapath_pairs": "", "damage_type": "none", "initial_open": true, "disaster_hard": false }, "geometry": { "type": "LineString", "coordinates": [ [ 77.0987999, 28.4826818 ], [ 77.0986799, 28.4826719 ], [ 77.0983868, 28.4828725 ], [ 77.0982848, 28.4829616 ], [ 77.0976887, 28.4834535 ], [ 77.0975595, 28.4835358 ], [ 77.0973853, 28.4836084 ], [ 77.0972543, 28.4836388 ], [ 77.0970082, 28.4836478 ], [ 77.0966328, 28.4835803 ] ] } },
{ "type": "Feature", "properties": { "segment_id": "S194", "corridor_id": "DLF Cyber City Flyover", "highway": "primary_link", "ref": null, "name": "DLF Cyber City Flyover", "length": 914.51840774600032, "u": 4757946170, "v": 4757946054, "metapath_priority": "None", "is_metapath_hard": false, "metapath_pairs": "", "damage_type": "none", "initial_open": true, "disaster_hard": false }, "geometry": { "type": "LineString", "coordinates": [ [ 77.0987999, 28.4826818 ], [ 77.0985245, 28.4828788 ], [ 77.0982464, 28.483114 ], [ 77.0978172, 28.4834723 ], [ 77.0975249, 28.4836703 ], [ 77.0969206, 28.4840057 ], [ 77.0962621, 28.4842769 ], [ 77.0960301, 28.4844207 ], [ 77.0957847, 28.4846093 ], [ 77.0956117, 28.4848014 ], [ 77.0954226, 28.4850454 ], [ 77.094815, 28.4858316 ], [ 77.0946254, 28.4860703 ], [ 77.0944189, 28.4862777 ], [ 77.0939656, 28.4865913 ], [ 77.0932728, 28.4869868 ], [ 77.0922065, 28.4876679 ], [ 77.0920031, 28.4877979 ], [ 77.0919203, 28.4880423 ] ] } },
{ "type": "Feature", "properties": { "segment_id": "S195", "corridor_id": "NH148A", "highway": "trunk", "ref": "NH148A", "name": "Mehrauli Gurgaon Road", "length": 121.47694630142152, "u": 4757946183, "v": 249120685, "metapath_priority": "None", "is_metapath_hard": false, "metapath_pairs": "", "damage_type": "none", "initial_open": true, "disaster_hard": false }, "geometry": { "type": "LineString", "coordinates": [ [ 77.0966328, 28.4835803 ], [ 77.096197, 28.4835222 ], [ 77.0954009, 28.4834359 ] ] } },
{ "type": "Feature", "properties": { "segment_id": "S196", "corridor_id": "NH148A", "highway": "trunk", "ref": "NH148A", "name": "Mehrauli Gurgaon Road", "length": 986.44378271616006, "u": 4757946190, "v": 271335529, "metapath_priority": "None", "is_metapath_hard": false, "metapath_pairs": "", "damage_type": "none", "initial_open": true, "disaster_hard": false }, "geometry": { "type": "LineString", "coordinates": [ [ 77.0966766, 28.4842291 ], [ 77.0969076, 28.4841009 ], [ 77.0976208, 28.4837423 ], [ 77.0979044, 28.4835595 ], [ 77.0980723, 28.4834054 ], [ 77.0985783, 28.4829407 ], [ 77.099104, 28.48258 ], [ 77.0998506, 28.4821674 ], [ 77.1004407, 28.4819342 ], [ 77.1005129, 28.4819199 ], [ 77.1006304, 28.4819312 ], [ 77.1018909, 28.4820275 ], [ 77.1024004, 28.4820835 ], [ 77.1032221, 28.4821878 ], [ 77.1032447, 28.4821888 ], [ 77.1033884, 28.4821949 ], [ 77.1044326, 28.4821835 ], [ 77.1047339, 28.4822088 ], [ 77.1057728, 28.4823797 ], [ 77.1058753, 28.4823974 ] ] } },
{ "type": "Feature", "properties": { "segment_id": "S197", "corridor_id": "segment_197", "highway": "primary_link", "ref": null, "name": null, "length": 76.964136981300854, "u": 4757946190, "v": 4757946183, "metapath_priority": "None", "is_metapath_hard": false, "metapath_pairs": "", "damage_type": "none", "initial_open": true, "disaster_hard": false }, "geometry": { "type": "LineString", "coordinates": [ [ 77.0966766, 28.4842291 ], [ 77.096757, 28.4840812 ], [ 77.096761, 28.4839114 ], [ 77.0967301, 28.4837181 ], [ 77.0966805, 28.4836309 ], [ 77.0966328, 28.4835803 ] ] } },
{ "type": "Feature", "properties": { "segment_id": "S198", "corridor_id": "segment_198", "highway": "primary", "ref": null, "name": null, "length": 2350.2098465866188, "u": 5150748916, "v": 7371574071, "metapath_priority": "None", "is_metapath_hard": false, "metapath_pairs": "", "damage_type": "none", "initial_open": true, "disaster_hard": false }, "geometry": { "type": "LineString", "coordinates": [ [ 76.8961437, 28.4884863 ], [ 76.8961444, 28.4885902 ], [ 76.8961439, 28.4887068 ], [ 76.8961521, 28.4888113 ], [ 76.8961572, 28.4888738 ], [ 76.8961633, 28.489023 ], [ 76.8961755, 28.4891034 ], [ 76.8961789, 28.489212 ], [ 76.8962253, 28.49094 ], [ 76.8962353, 28.4913688 ], [ 76.8962493, 28.4919719 ], [ 76.896272, 28.4926165 ], [ 76.896279, 28.4928334 ], [ 76.8962984, 28.4951356 ], [ 76.8963025, 28.4955108 ], [ 76.8963142, 28.4957538 ], [ 76.8963422, 28.4963378 ], [ 76.896363, 28.4979384 ], [ 76.8964057, 28.4995983 ], [ 76.8964199, 28.5001091 ], [ 76.8964593, 28.5015831 ], [ 76.8964648, 28.5016728 ], [ 76.8964702, 28.5018354 ], [ 76.8964862, 28.5019885 ], [ 76.8965346, 28.5021866 ], [ 76.8965913, 28.5023318 ], [ 76.8967028, 28.5025053 ], [ 76.8968161, 28.5026178 ], [ 76.8969691, 28.502717 ], [ 76.8971098, 28.5027888 ], [ 76.8972023, 28.5028191 ], [ 76.89739, 28.5028513 ], [ 76.8975266, 28.5028512 ], [ 76.8977973, 28.5028744 ], [ 76.8984491, 28.5028597 ], [ 76.8988356, 28.5028545 ], [ 76.8988869, 28.5028678 ], [ 76.8989284, 28.5028878 ], [ 76.8989648, 28.5029132 ], [ 76.8991067, 28.5030951 ], [ 76.8992852, 28.5034088 ], [ 76.8993105, 28.5035101 ], [ 76.8993214, 28.5035537 ], [ 76.8993266, 28.5036384 ], [ 76.8993133, 28.5037211 ], [ 76.8992886, 28.5038136 ], [ 76.8992436, 28.5039191 ], [ 76.8989244, 28.5044423 ], [ 76.8986172, 28.5050215 ], [ 76.8977933, 28.5067434 ], [ 76.8973879, 28.5074155 ] ] } },
{ "type": "Feature", "properties": { "segment_id": "S199", "corridor_id": "SH15A", "highway": "primary", "ref": "SH15A", "name": null, "length": 426.08542832215375, "u": 5150748931, "v": 9911730089, "metapath_priority": "Medium", "is_metapath_hard": false, "metapath_pairs": "Sohna Industrial Area <-> Farrukhnagar Logistics Hub", "damage_type": "none", "initial_open": true, "disaster_hard": false }, "geometry": { "type": "LineString", "coordinates": [ [ 76.9431627, 28.4723603 ], [ 76.9465542, 28.4722662 ], [ 76.947234, 28.4722527 ], [ 76.9475198, 28.472261 ] ] } },
{ "type": "Feature", "properties": { "segment_id": "S200", "corridor_id": "SH15A", "highway": "primary", "ref": "SH15A", "name": null, "length": 360.30414183938717, "u": 5150748931, "v": 11843079375, "metapath_priority": "Medium", "is_metapath_hard": false, "metapath_pairs": "Sohna Industrial Area <-> Farrukhnagar Logistics Hub", "damage_type": "crack_pothole", "initial_open": true, "disaster_hard": false }, "geometry": { "type": "LineString", "coordinates": [ [ 76.9431627, 28.4723603 ], [ 76.9428161, 28.4723293 ], [ 76.9427007, 28.47233 ], [ 76.9411598, 28.4723388 ], [ 76.9396789, 28.4723695 ], [ 76.9394788, 28.4723694 ] ] } },
{ "type": "Feature", "properties": { "segment_id": "S201", "corridor_id": "segment_201", "highway": "primary_link", "ref": null, "name": null, "length": 63.969257262131613, "u": 5487588850, "v": 2622332703, "metapath_priority": "None", "is_metapath_hard": false, "metapath_pairs": "", "damage_type": "none", "initial_open": true, "disaster_hard": false }, "geometry": { "type": "LineString", "coordinates": [ [ 77.0936477, 28.4786121 ], [ 77.0935594, 28.4788956 ], [ 77.0934368, 28.4791555 ] ] } },
{ "type": "Feature", "properties": { "segment_id": "S202", "corridor_id": "segment_202", "highway": "primary_link", "ref": null, "name": null, "length": 45.607229769149484, "u": 5487700575, "v": 5487700576, "metapath_priority": "None", "is_metapath_hard": false, "metapath_pairs": "", "damage_type": "none", "initial_open": true, "disaster_hard": false }, "geometry": { "type": "LineString", "coordinates": [ [ 77.1077657, 28.4829711 ], [ 77.1078752, 28.4828665 ], [ 77.1079644, 28.4828134 ], [ 77.1080488, 28.482765 ], [ 77.1081273, 28.4827158 ] ] } },
{ "type": "Feature", "properties": { "segment_id": "S203", "corridor_id": "NH148A", "highway": "trunk", "ref": "NH148A", "name": "Mehrauli Gurgaon Road", "length": 288.88140955392197, "u": 5487700576, "v": 11873972342, "metapath_priority": "None", "is_metapath_hard": false, "metapath_pairs": "", "damage_type": "none", "initial_open": true, "disaster_hard": false }, "geometry": { "type": "LineString", "coordinates": [ [ 77.1081273, 28.4827158 ], [ 77.1081791, 28.4827148 ], [ 77.108509, 28.4826549 ], [ 77.1088537, 28.4825238 ], [ 77.1090203, 28.4824544 ], [ 77.1100455, 28.4819834 ], [ 77.1105243, 28.4817809 ], [ 77.1108275, 28.4816939 ] ] } },
{ "type": "Feature", "properties": { "segment_id": "S204", "corridor_id": "segment_204", "highway": "trunk_link", "ref": null, "name": null, "length": 22.25502052841259, "u": 5487872403, "v": 5487872404, "metapath_priority": "None", "is_metapath_hard": false, "metapath_pairs": "", "damage_type": "landslide_block", "initial_open": false, "disaster_hard": true }, "geometry": { "type": "LineString", "coordinates": [ [ 77.0778188, 28.4791147 ], [ 77.0777786, 28.4793117 ] ] } },
{ "type": "Feature", "properties": { "segment_id": "S205", "corridor_id": "NH148A", "highway": "trunk", "ref": "NH148A", "name": "Mehrauli Gurgaon Road", "length": 78.045560453160718, "u": 5487872403, "v": 5592140799, "metapath_priority": "None", "is_metapath_hard": false, "metapath_pairs": "", "damage_type": "none", "initial_open": true, "disaster_hard": false }, "geometry": { "type": "LineString", "coordinates": [ [ 77.0778188, 28.4791147 ], [ 77.0770374, 28.4789702 ] ] } },
{ "type": "Feature", "properties": { "segment_id": "S206", "corridor_id": "NH148A", "highway": "trunk", "ref": "NH148A", "name": "Mehrauli Gurgaon Road", "length": 99.024696129429088, "u": 5487872404, "v": 6094346341, "metapath_priority": "None", "is_metapath_hard": false, "metapath_pairs": "", "damage_type": "none", "initial_open": true, "disaster_hard": false }, "geometry": { "type": "LineString", "coordinates": [ [ 77.0777786, 28.4793117 ], [ 77.0786787, 28.4794607 ], [ 77.0787741, 28.4794772 ] ] } },
{ "type": "Feature", "properties": { "segment_id": "S207", "corridor_id": "segment_207", "highway": "trunk_link", "ref": null, "name": null, "length": 24.03929290470586, "u": 5592140798, "v": 5592140799, "metapath_priority": "None", "is_metapath_hard": false, "metapath_pairs": "", "damage_type": "none", "initial_open": true, "disaster_hard": false }, "geometry": { "type": "LineString", "coordinates": [ [ 77.0769657, 28.479177 ], [ 77.0770374, 28.4789702 ] ] } },
{ "type": "Feature", "properties": { "segment_id": "S208", "corridor_id": "NH148A", "highway": "trunk", "ref": "NH148A", "name": "Mehrauli Gurgaon Road", "length": 80.851786740569821, "u": 5592140798, "v": 5487872404, "metapath_priority": "None", "is_metapath_hard": false, "metapath_pairs": "", "damage_type": "none", "initial_open": true, "disaster_hard": false }, "geometry": { "type": "LineString", "coordinates": [ [ 77.0769657, 28.479177 ], [ 77.0777786, 28.4793117 ] ] } },
{ "type": "Feature", "properties": { "segment_id": "S209", "corridor_id": "segment_209", "highway": "trunk_link", "ref": null, "name": null, "length": 12.734843443541658, "u": 5592140798, "v": 6659846174, "metapath_priority": "None", "is_metapath_hard": false, "metapath_pairs": "", "damage_type": "none", "initial_open": true, "disaster_hard": false }, "geometry": { "type": "LineString", "coordinates": [ [ 77.0769657, 28.479177 ], [ 77.0769104, 28.4792807 ] ] } },
{ "type": "Feature", "properties": { "segment_id": "S210", "corridor_id": "NH148A", "highway": "trunk", "ref": "NH148A", "name": "Mehrauli Gurgaon Road", "length": 140.21722119463783, "u": 5592140799, "v": 13876230436, "metapath_priority": "None", "is_metapath_hard": false, "metapath_pairs": "", "damage_type": "none", "initial_open": true, "disaster_hard": false }, "geometry": { "type": "LineString", "coordinates": [ [ 77.0770374, 28.4789702 ], [ 77.0761249, 28.4788201 ], [ 77.0760127, 28.4788019 ], [ 77.0756271, 28.4787391 ] ] } },
{ "type": "Feature", "properties": { "segment_id": "S211", "corridor_id": "NH48", "highway": "motorway", "ref": "NH48", "name": "Delhi-Gurugram Expressway", "length": 2246.8898003800027, "u": 5830038204, "v": 13236388684, "metapath_priority": "High", "is_metapath_hard": true, "metapath_pairs": "Udyog Vihar <-> Bilaspur Logistics Hub", "damage_type": "none", "initial_open": true, "disaster_hard": false }, "geometry": { "type": "LineString", "coordinates": [ [ 77.0832714, 28.492641 ], [ 77.0852787, 28.4947398 ], [ 77.0885163, 28.4980813 ], [ 77.0915686, 28.5014407 ], [ 77.0929536, 28.5030847 ], [ 77.0935909, 28.5038412 ], [ 77.0944849, 28.5050507 ], [ 77.0946557, 28.5053585 ], [ 77.0947891, 28.5057091 ], [ 77.0948826, 28.5060725 ], [ 77.0949544, 28.5065492 ], [ 77.0949661, 28.506973 ], [ 77.0949169, 28.5074167 ], [ 77.0948766, 28.5075295 ], [ 77.0946121, 28.5081056 ], [ 77.0945508, 28.5082392 ], [ 77.094247, 28.5087612 ], [ 77.0941378, 28.5089489 ], [ 77.0940167, 28.5091554 ] ] } },
{ "type": "Feature", "properties": { "segment_id": "S212", "corridor_id": "segment_212", "highway": "motorway_link", "ref": null, "name": null, "length": 51.311563574889476, "u": 5830038204, "v": 5830038203, "metapath_priority": "None", "is_metapath_hard": false, "metapath_pairs": "", "damage_type": "none", "initial_open": true, "disaster_hard": false }, "geometry": { "type": "LineString", "coordinates": [ [ 77.0832714, 28.492641 ], [ 77.0834297, 28.4929635 ], [ 77.0834882, 28.493061 ] ] } },
{ "type": "Feature", "properties": { "segment_id": "S213", "corridor_id": "segment_213", "highway": "trunk_link", "ref": null, "name": null, "length": 10.830633300841598, "u": 6026792706, "v": 6026792707, "metapath_priority": "None", "is_metapath_hard": false, "metapath_pairs": "", "damage_type": "none", "initial_open": true, "disaster_hard": false }, "geometry": { "type": "LineString", "coordinates": [ [ 76.8369125, 28.2717915 ], [ 76.8368621, 28.2718782 ] ] } },
{ "type": "Feature", "properties": { "segment_id": "S214", "corridor_id": "NH48", "highway": "trunk", "ref": "NH48", "name": "Amer Road", "length": 1206.8463720609432, "u": 6026792706, "v": 9880618225, "metapath_priority": "High", "is_metapath_hard": true, "metapath_pairs": "IMT Manesar <-> Bilaspur Logistics Hub", "damage_type": "none", "initial_open": true, "disaster_hard": false }, "geometry": { "type": "LineString", "coordinates": [ [ 76.8369125, 28.2717915 ], [ 76.8433011, 28.2755055 ], [ 76.843493, 28.2756165 ], [ 76.8466642, 28.2774511 ], [ 76.8472028, 28.2777637 ] ] } },
{ "type": "Feature", "properties": { "segment_id": "S215", "corridor_id": "segment_215", "highway": "trunk_link", "ref": null, "name": null, "length": 10.830633300841598, "u": 6026792707, "v": 6026792706, "metapath_priority": "None", "is_metapath_hard": false, "metapath_pairs": "", "damage_type": "crack_pothole", "initial_open": true, "disaster_hard": false }, "geometry": { "type": "LineString", "coordinates": [ [ 76.8368621, 28.2718782 ], [ 76.8369125, 28.2717915 ] ] } },
{ "type": "Feature", "properties": { "segment_id": "S216", "corridor_id": "segment_216", "highway": "trunk_link", "ref": null, "name": null, "length": 13.023167756134225, "u": 6026792795, "v": 6026792796, "metapath_priority": "None", "is_metapath_hard": false, "metapath_pairs": "", "damage_type": "none", "initial_open": true, "disaster_hard": false }, "geometry": { "type": "LineString", "coordinates": [ [ 76.8683553, 28.2971825 ], [ 76.8684603, 28.2971106 ] ] } },
{ "type": "Feature", "properties": { "segment_id": "S217", "corridor_id": "NH48", "highway": [ "trunk_link", "trunk" ], "ref": "NH48", "name": "Amer Road", "length": 768.65841478674577, "u": 6026792795, "v": 9884677888, "metapath_priority": "High", "is_metapath_hard": true, "metapath_pairs": "IMT Manesar <-> Bilaspur Logistics Hub; Udyog Vihar <-> Bilaspur Logistics Hub", "damage_type": "none", "initial_open": true, "disaster_hard": false }, "geometry": { "type": "LineString", "coordinates": [ [ 76.8683553, 28.2971825 ], [ 76.8659413, 28.2946012 ], [ 76.8657644, 28.2944176 ], [ 76.8651518, 28.2937818 ], [ 76.8634136, 28.2919776 ], [ 76.8634487, 28.291853 ] ] } },
{ "type": "Feature", "properties": { "segment_id": "S218", "corridor_id": "segment_218", "highway": "trunk_link", "ref": null, "name": null, "length": 13.023167756134225, "u": 6026792796, "v": 6026792795, "metapath_priority": "None", "is_metapath_hard": false, "metapath_pairs": "", "damage_type": "none", "initial_open": true, "disaster_hard": false }, "geometry": { "type": "LineString", "coordinates": [ [ 76.8684603, 28.2971106 ], [ 76.8683553, 28.2971825 ] ] } },
{ "type": "Feature", "properties": { "segment_id": "S219", "corridor_id": "SH26", "highway": "primary", "ref": "SH26", "name": "Gurgaon Rewari Narnaul Singhana Road", "length": 9.362612959208743, "u": 6071404820, "v": 1549870600, "metapath_priority": "None", "is_metapath_hard": false, "metapath_pairs": "", "damage_type": "none", "initial_open": true, "disaster_hard": false }, "geometry": { "type": "LineString", "coordinates": [ [ 77.0159251, 28.4569724 ], [ 77.015863, 28.4569083 ] ] } },
{ "type": "Feature", "properties": { "segment_id": "S220", "corridor_id": "SH15A", "highway": "primary", "ref": "SH15A", "name": "Gurugram Road", "length": 667.07141377994799, "u": 6071404820, "v": 12774281558, "metapath_priority": "Medium", "is_metapath_hard": false, "metapath_pairs": "Sohna Industrial Area <-> Farrukhnagar Logistics Hub", "damage_type": "none", "initial_open": true, "disaster_hard": false }, "geometry": { "type": "LineString", "coordinates": [ [ 77.0159251, 28.4569724 ], [ 77.0167311, 28.4569584 ], [ 77.0178274, 28.4569577 ], [ 77.0180952, 28.4569465 ], [ 77.018918, 28.4569546 ], [ 77.0190004, 28.4569579 ], [ 77.0193657, 28.4569506 ], [ 77.0197336, 28.456937 ], [ 77.020777, 28.4569526 ], [ 77.0209378, 28.4569515 ], [ 77.0210237, 28.4569549 ], [ 77.0211721, 28.4569647 ], [ 77.0222063, 28.4570373 ], [ 77.0222558, 28.4570472 ], [ 77.0226165, 28.4571404 ], [ 77.0227264, 28.4571289 ] ] } },
{ "type": "Feature", "properties": { "segment_id": "S221", "corridor_id": "segment_221", "highway": "primary", "ref": null, "name": null, "length": 10.612922095153241, "u": 6071404821, "v": 6071404820, "metapath_priority": "Medium", "is_metapath_hard": false, "metapath_pairs": "Sohna Industrial Area <-> Farrukhnagar Logistics Hub", "damage_type": "none", "initial_open": true, "disaster_hard": false }, "geometry": { "type": "LineString", "coordinates": [ [ 77.0158166, 28.4569756 ], [ 77.0159251, 28.4569724 ] ] } },
{ "type": "Feature", "properties": { "segment_id": "S222", "corridor_id": "segment_222", "highway": "motorway_link", "ref": null, "name": null, "length": 45.469076671548066, "u": 6082251691, "v": 6082251692, "metapath_priority": "None", "is_metapath_hard": false, "metapath_pairs": "", "damage_type": "none", "initial_open": true, "disaster_hard": false }, "geometry": { "type": "LineString", "coordinates": [ [ 77.0381522, 28.4484245 ], [ 77.0385969, 28.4485442 ] ] } },
{ "type": "Feature", "properties": { "segment_id": "S223", "corridor_id": "NH48", "highway": "motorway", "ref": "NH48", "name": "Delhi-Gurugram Expressway", "length": 57.851672277006735, "u": 6082251692, "v": 269101499, "metapath_priority": "Medium", "is_metapath_hard": false, "metapath_pairs": "Udyog Vihar <-> Bilaspur Logistics Hub", "damage_type": "none", "initial_open": true, "disaster_hard": false }, "geometry": { "type": "LineString", "coordinates": [ [ 77.0385969, 28.4485442 ], [ 77.0389655, 28.4489512 ] ] } },
{ "type": "Feature", "properties": { "segment_id": "S224", "corridor_id": "segment_224", "highway": "trunk", "ref": null, "name": null, "length": 871.45536052083958, "u": 6088409724, "v": 11909541800, "metapath_priority": "None", "is_metapath_hard": false, "metapath_pairs": "", "damage_type": "none", "initial_open": true, "disaster_hard": false }, "geometry": { "type": "LineString", "coordinates": [ [ 77.0099587, 28.4358869 ], [ 77.0098525, 28.4359608 ], [ 77.0095543, 28.4361682 ], [ 77.0093855, 28.4362731 ], [ 77.0090977, 28.4364296 ], [ 77.0083626, 28.4368294 ], [ 77.0072707, 28.4375152 ], [ 77.007188, 28.4376681 ], [ 77.0060995, 28.4383467 ], [ 77.005256, 28.438867 ], [ 77.0051851, 28.438914 ], [ 77.0050187, 28.4390245 ], [ 77.0038748, 28.4398511 ], [ 77.0037061, 28.439973 ], [ 77.0035846, 28.4400611 ], [ 77.0032502, 28.4403033 ], [ 77.0028633, 28.440584 ] ] } },
{ "type": "Feature", "properties": { "segment_id": "S225", "corridor_id": "segment_225", "highway": "primary", "ref": null, "name": null, "length": 10.126845126277596, "u": 6088634495, "v": 6088634496, "metapath_priority": "None", "is_metapath_hard": false, "metapath_pairs": "", "damage_type": "none", "initial_open": true, "disaster_hard": false }, "geometry": { "type": "LineString", "coordinates": [ [ 77.0393176, 28.4657405 ], [ 77.039386, 28.4656721 ] ] } },
{ "type": "Feature", "properties": { "segment_id": "S226", "corridor_id": "Mehrauli-Gurgaon Road", "highway": "primary", "ref": null, "name": "Mehrauli-Gurgaon Road", "length": 244.5109630180342, "u": 6088634495, "v": 6486082456, "metapath_priority": "None", "is_metapath_hard": false, "metapath_pairs": "", "damage_type": "landslide_block", "initial_open": false, "disaster_hard": true }, "geometry": { "type": "LineString", "coordinates": [ [ 77.0393176, 28.4657405 ], [ 77.0396505, 28.4659244 ], [ 77.0405812, 28.466443 ], [ 77.0406616, 28.4664807 ], [ 77.0408728, 28.4666026 ], [ 77.0412169, 28.4668026 ], [ 77.0413427, 28.4668755 ], [ 77.0413827, 28.4668987 ], [ 77.0414305, 28.4669153 ] ] } },
{ "type": "Feature", "properties": { "segment_id": "S227", "corridor_id": "segment_227", "highway": "primary", "ref": null, "name": null, "length": 10.126845126277596, "u": 6088634496, "v": 6088634495, "metapath_priority": "None", "is_metapath_hard": false, "metapath_pairs": "", "damage_type": "none", "initial_open": true, "disaster_hard": false }, "geometry": { "type": "LineString", "coordinates": [ [ 77.039386, 28.4656721 ], [ 77.0393176, 28.4657405 ] ] } },
{ "type": "Feature", "properties": { "segment_id": "S228", "corridor_id": "Mehrauli-Gurgaon Road", "highway": "primary", "ref": null, "name": "Mehrauli-Gurgaon Road", "length": 384.27421355645458, "u": 6088634496, "v": 6487088148, "metapath_priority": "None", "is_metapath_hard": false, "metapath_pairs": "", "damage_type": "none", "initial_open": true, "disaster_hard": false }, "geometry": { "type": "LineString", "coordinates": [ [ 77.039386, 28.4656721 ], [ 77.0387155, 28.4652918 ], [ 77.0379787, 28.4649002 ], [ 77.0375661, 28.464702 ], [ 77.0373718, 28.4646235 ], [ 77.0367712, 28.4643998 ], [ 77.0363577, 28.4642982 ], [ 77.0358666, 28.4641892 ] ] } },
{ "type": "Feature", "properties": { "segment_id": "S229", "corridor_id": "Mehrauli-Gurgaon Road", "highway": "primary", "ref": null, "name": "Mehrauli-Gurgaon Road", "length": 88.013081065510761, "u": 6092152536, "v": 10031177141, "metapath_priority": "None", "is_metapath_hard": false, "metapath_pairs": "", "damage_type": "none", "initial_open": true, "disaster_hard": false }, "geometry": { "type": "LineString", "coordinates": [ [ 77.065905, 28.4768816 ], [ 77.0655226, 28.4767984 ], [ 77.0650215, 28.4767334 ] ] } },
{ "type": "Feature", "properties": { "segment_id": "S230", "corridor_id": "segment_230", "highway": "trunk_link", "ref": null, "name": null, "length": 15.471280960074015, "u": 6094346341, "v": 3511890971, "metapath_priority": "None", "is_metapath_hard": false, "metapath_pairs": "", "damage_type": "none", "initial_open": true, "disaster_hard": false }, "geometry": { "type": "LineString", "coordinates": [ [ 77.0787741, 28.4794772 ], [ 77.078829, 28.4796077 ] ] } },
{ "type": "Feature", "properties": { "segment_id": "S231", "corridor_id": "NH148A", "highway": "trunk", "ref": "NH148A", "name": "Mehrauli Gurgaon Road", "length": 350.52908834598384, "u": 6094346341, "v": 271335314, "metapath_priority": "None", "is_metapath_hard": false, "metapath_pairs": "", "damage_type": "none", "initial_open": true, "disaster_hard": false }, "geometry": { "type": "LineString", "coordinates": [ [ 77.0787741, 28.4794772 ], [ 77.0796158, 28.4796143 ], [ 77.0807106, 28.4797761 ], [ 77.0812428, 28.4798559 ], [ 77.081283, 28.4798619 ], [ 77.082308, 28.4800141 ] ] } },
{ "type": "Feature", "properties": { "segment_id": "S232", "corridor_id": "segment_232", "highway": "primary_link", "ref": null, "name": null, "length": 15.659866127646204, "u": 6192159850, "v": 271335314, "metapath_priority": "None", "is_metapath_hard": false, "metapath_pairs": "", "damage_type": "none", "initial_open": true, "disaster_hard": false }, "geometry": { "type": "LineString", "coordinates": [ [ 77.0822988, 28.4801547 ], [ 77.082308, 28.4800141 ] ] } },
{ "type": "Feature", "properties": { "segment_id": "S233", "corridor_id": "segment_233", "highway": "primary_link", "ref": null, "name": null, "length": 16.621031543406684, "u": 6193886830, "v": 6193886831, "metapath_priority": "None", "is_metapath_hard": false, "metapath_pairs": "", "damage_type": "none", "initial_open": true, "disaster_hard": false }, "geometry": { "type": "LineString", "coordinates": [ [ 77.081788, 28.4797532 ], [ 77.0818212, 28.4796066 ] ] } },
{ "type": "Feature", "properties": { "segment_id": "S234", "corridor_id": "NH148A", "highway": "trunk", "ref": "NH148A", "name": "Mehrauli Gurgaon Road", "length": 394.39566810570449, "u": 6193886830, "v": 5487872403, "metapath_priority": "None", "is_metapath_hard": false, "metapath_pairs": "", "damage_type": "none", "initial_open": true, "disaster_hard": false }, "geometry": { "type": "LineString", "coordinates": [ [ 77.081788, 28.4797532 ], [ 77.0812495, 28.4796682 ], [ 77.0810795, 28.479641 ], [ 77.0796882, 28.4794186 ], [ 77.0791325, 28.4793342 ], [ 77.0778188, 28.4791147 ] ] } },
{ "type": "Feature", "properties": { "segment_id": "S235", "corridor_id": "segment_235", "highway": "primary_link", "ref": null, "name": null, "length": 16.621031543406684, "u": 6193886831, "v": 6193886830, "metapath_priority": "None", "is_metapath_hard": false, "metapath_pairs": "", "damage_type": "none", "initial_open": true, "disaster_hard": false }, "geometry": { "type": "LineString", "coordinates": [ [ 77.0818212, 28.4796066 ], [ 77.081788, 28.4797532 ] ] } },
{ "type": "Feature", "properties": { "segment_id": "S236", "corridor_id": "segment_236", "highway": "trunk_link", "ref": null, "name": null, "length": 8.3517449811334519, "u": 6211813729, "v": 11818396712, "metapath_priority": "None", "is_metapath_hard": false, "metapath_pairs": "", "damage_type": "none", "initial_open": true, "disaster_hard": false }, "geometry": { "type": "LineString", "coordinates": [ [ 76.9121236, 28.329018 ], [ 76.9120881, 28.3290863 ] ] } },
{ "type": "Feature", "properties": { "segment_id": "S237", "corridor_id": "Flyover", "highway": "primary_link", "ref": null, "name": "Flyover", "length": 389.77922402175744, "u": 6322579356, "v": 6092152536, "metapath_priority": "None", "is_metapath_hard": false, "metapath_pairs": "", "damage_type": "none", "initial_open": true, "disaster_hard": false }, "geometry": { "type": "LineString", "coordinates": [ [ 77.0639299, 28.4743166 ], [ 77.0641289, 28.4745071 ], [ 77.0646065, 28.4748757 ], [ 77.0648821, 28.4751051 ], [ 77.0650427, 28.4752345 ], [ 77.0652695, 28.4754171 ], [ 77.0655606, 28.4756936 ], [ 77.0657896, 28.4759376 ], [ 77.0661255, 28.4762314 ], [ 77.0662191, 28.4763469 ], [ 77.0662323, 28.4764519 ], [ 77.0662108, 28.4765622 ], [ 77.0661412, 28.4766691 ], [ 77.0660489, 28.4767842 ], [ 77.065905, 28.4768816 ] ] } },
{ "type": "Feature", "properties": { "segment_id": "S238", "corridor_id": "Delhi-Gurugram Expressway Ramp", "highway": "primary_link", "ref": null, "name": "Delhi-Gurugram Expressway Ramp", "length": 235.74823155686278, "u": 6322579356, "v": 7142088001, "metapath_priority": "None", "is_metapath_hard": false, "metapath_pairs": "", "damage_type": "landslide_block", "initial_open": false, "disaster_hard": true }, "geometry": { "type": "LineString", "coordinates": [ [ 77.0639299, 28.4743166 ], [ 77.0642129, 28.4744622 ], [ 77.0647806, 28.4748638 ], [ 77.0651235, 28.475072 ], [ 77.0658883, 28.4755502 ] ] } },
{ "type": "Feature", "properties": { "segment_id": "S239", "corridor_id": "NH48", "highway": "motorway", "ref": "NH48", "name": "Delhi-Gurugram Expressway", "length": 75.388672679483335, "u": 6342646625, "v": 11843401740, "metapath_priority": "Medium", "is_metapath_hard": false, "metapath_pairs": "Udyog Vihar <-> Bilaspur Logistics Hub", "damage_type": "none", "initial_open": true, "disaster_hard": false }, "geometry": { "type": "LineString", "coordinates": [ [ 77.061307, 28.471927 ], [ 77.0618321, 28.4723492 ], [ 77.0618761, 28.4723846 ] ] } },
{ "type": "Feature", "properties": { "segment_id": "S240", "corridor_id": "segment_240", "highway": "motorway_link", "ref": null, "name": null, "length": 73.746560436480124, "u": 6342646626, "v": 6342646625, "metapath_priority": "None", "is_metapath_hard": false, "metapath_pairs": "", "damage_type": "none", "initial_open": true, "disaster_hard": false }, "geometry": { "type": "LineString", "coordinates": [ [ 77.0606807, 28.4715572 ], [ 77.061307, 28.471927 ] ] } },
{ "type": "Feature", "properties": { "segment_id": "S241", "corridor_id": "SH15A", "highway": "primary", "ref": "SH15A", "name": [ "Sub. Major Laxmi Chand Road", "Sub. Major Laxmi Chand Road Flyover" ], "length": 1988.7405794686135, "u": 6345179751, "v": 9824975319, "metapath_priority": "Medium", "is_metapath_hard": false, "metapath_pairs": "Sohna Industrial Area <-> Farrukhnagar Logistics Hub", "damage_type": "none", "initial_open": true, "disaster_hard": false }, "geometry": { "type": "LineString", "coordinates": [ [ 76.9747531, 28.4655494 ], [ 76.9749612, 28.4654101 ], [ 76.9750171, 28.4653727 ], [ 76.9752785, 28.4651978 ], [ 76.9754399, 28.4650912 ], [ 76.9767729, 28.4641989 ], [ 76.976923, 28.4641049 ], [ 76.9770986, 28.4639692 ], [ 76.9774704, 28.4637103 ], [ 76.9787236, 28.4628593 ], [ 76.9791859, 28.4625952 ], [ 76.9799671, 28.4621701 ], [ 76.9802885, 28.4620185 ], [ 76.9806537, 28.4618703 ], [ 76.9808428, 28.4617645 ], [ 76.9809886, 28.4616493 ], [ 76.9810942, 28.4615437 ], [ 76.9812363, 28.4613611 ], [ 76.9813368, 28.4611619 ], [ 76.9813921, 28.460993 ], [ 76.9813962, 28.460934 ], [ 76.9814038, 28.4608249 ], [ 76.9814031, 28.4607363 ], [ 76.9814036, 28.4606721 ], [ 76.9813794, 28.4604009 ], [ 76.9813418, 28.4602472 ], [ 76.9811671, 28.4595309 ], [ 76.981136, 28.4594058 ], [ 76.9811027, 28.4591523 ], [ 76.9811012, 28.4589686 ], [ 76.981113, 28.4587138 ], [ 76.9811542, 28.4585237 ], [ 76.9812674, 28.4582754 ], [ 76.9814381, 28.4580814 ], [ 76.9816149, 28.4579727 ], [ 76.9816591, 28.4579444 ], [ 76.9817788, 28.4578819 ], [ 76.9819208, 28.4578348 ], [ 76.9821166, 28.4577746 ], [ 76.9822945, 28.4577404 ], [ 76.9823912, 28.457734 ], [ 76.9825723, 28.457722 ], [ 76.9827167, 28.457712 ], [ 76.9831909, 28.4576763 ], [ 76.9834866, 28.4576613 ], [ 76.9837934, 28.4576409 ], [ 76.9838539, 28.4576369 ], [ 76.9846097, 28.4576102 ], [ 76.9847642, 28.4576046 ], [ 76.9847921, 28.4576023 ], [ 76.9853209, 28.4575828 ], [ 76.9859224, 28.4575606 ], [ 76.9860585, 28.4575552 ], [ 76.9876057, 28.4575047 ], [ 76.9884028, 28.4575111 ], [ 76.9886176, 28.4575063 ], [ 76.9886527, 28.4575046 ], [ 76.9897225, 28.4574517 ] ] } },
{ "type": "Feature", "properties": { "segment_id": "S242", "corridor_id": "SH15A", "highway": "primary", "ref": "SH15A", "name": null, "length": 332.95573018332016, "u": 6345179751, "v": 11843501866, "metapath_priority": "None", "is_metapath_hard": false, "metapath_pairs": "", "damage_type": "none", "initial_open": true, "disaster_hard": false }, "geometry": { "type": "LineString", "coordinates": [ [ 76.9747531, 28.4655494 ], [ 76.9746231, 28.4655883 ], [ 76.9740103, 28.4660034 ], [ 76.9735741, 28.4663013 ], [ 76.9729923, 28.466693 ], [ 76.9722172, 28.4671899 ], [ 76.9719709, 28.4672311 ] ] } },
{ "type": "Feature", "properties": { "segment_id": "S243", "corridor_id": "segment_243", "highway": "primary_link", "ref": null, "name": null, "length": 304.1284167467926, "u": 6458148439, "v": 271335311, "metapath_priority": "None", "is_metapath_hard": false, "metapath_pairs": "", "damage_type": "none", "initial_open": true, "disaster_hard": false }, "geometry": { "type": "LineString", "coordinates": [ [ 77.0720996, 28.480236 ], [ 77.0717801, 28.4797601 ], [ 77.0706945, 28.47864 ], [ 77.0706658, 28.4784829 ], [ 77.0706967, 28.4783022 ], [ 77.0707603, 28.478195 ], [ 77.0708498, 28.4781058 ], [ 77.0709641, 28.4780243 ] ] } },
{ "type": "Feature", "properties": { "segment_id": "S244", "corridor_id": "Flyover", "highway": "primary_link", "ref": null, "name": "Flyover", "length": 816.3388229520109, "u": 6458148439, "v": 6458403510, "metapath_priority": "None", "is_metapath_hard": false, "metapath_pairs": "", "damage_type": "none", "initial_open": true, "disaster_hard": false }, "geometry": { "type": "LineString", "coordinates": [ [ 77.0720996, 28.480236 ], [ 77.07164, 28.4797844 ], [ 77.0705941, 28.4787352 ], [ 77.0684264, 28.4769658 ], [ 77.0666333, 28.4755182 ], [ 77.0661219, 28.4751204 ] ] } },
{ "type": "Feature", "properties": { "segment_id": "S245", "corridor_id": "segment_245", "highway": "primary_link", "ref": null, "name": null, "length": 52.589823943666779, "u": 6458403495, "v": 6458403496, "metapath_priority": "None", "is_metapath_hard": false, "metapath_pairs": "", "damage_type": "none", "initial_open": true, "disaster_hard": false }, "geometry": { "type": "LineString", "coordinates": [ [ 77.0656357, 28.4747423 ], [ 77.0653554, 28.4743386 ] ] } },
{ "type": "Feature", "properties": { "segment_id": "S246", "corridor_id": "Flyover", "highway": "primary_link", "ref": null, "name": "Flyover", "length": 720.2102618577776, "u": 6458403495, "v": 6322579356, "metapath_priority": "None", "is_metapath_hard": false, "metapath_pairs": "", "damage_type": "none", "initial_open": true, "disaster_hard": false }, "geometry": { "type": "LineString", "coordinates": [ [ 77.0656357, 28.4747423 ], [ 77.0650428, 28.4742599 ], [ 77.0639244, 28.4733538 ], [ 77.063044, 28.4725395 ], [ 77.0629168, 28.4724324 ], [ 77.062718, 28.4723532 ], [ 77.0625391, 28.4723594 ], [ 77.0623749, 28.4724342 ], [ 77.0622509, 28.4725292 ], [ 77.0621562, 28.472697 ], [ 77.0621561, 28.4728327 ], [ 77.0622126, 28.4729811 ], [ 77.0624551, 28.4731814 ], [ 77.0635194, 28.4740059 ], [ 77.0639299, 28.4743166 ] ] } },
{ "type": "Feature", "properties": { "segment_id": "S247", "corridor_id": "segment_247", "highway": "primary_link", "ref": null, "name": null, "length": 453.64605128643774, "u": 6458403496, "v": 12823338544, "metapath_priority": "None", "is_metapath_hard": false, "metapath_pairs": "", "damage_type": "none", "initial_open": true, "disaster_hard": false }, "geometry": { "type": "LineString", "coordinates": [ [ 77.0653554, 28.4743386 ], [ 77.0647088, 28.4737783 ], [ 77.0638775, 28.4730963 ], [ 77.0631756, 28.4724468 ], [ 77.0629507, 28.4722995 ], [ 77.0626869, 28.4721485 ], [ 77.0624394, 28.471951 ], [ 77.0623414, 28.4718728 ], [ 77.062299, 28.4717833 ], [ 77.0623376, 28.4716919 ], [ 77.0624508, 28.4715737 ], [ 77.0624766, 28.4714724 ] ] } },
{ "type": "Feature", "properties": { "segment_id": "S248", "corridor_id": "NH148A", "highway": [ "primary", "trunk" ], "ref": "NH148A", "name": [ "Mehrauli-Gurgaon Road", "Mehrauli Gurgaon Road" ], "length": 329.92187437055043, "u": 6458403504, "v": 6092152536, "metapath_priority": "None", "is_metapath_hard": false, "metapath_pairs": "", "damage_type": "none", "initial_open": true, "disaster_hard": false }, "geometry": { "type": "LineString", "coordinates": [ [ 77.0692136, 28.4774549 ], [ 77.0687071, 28.4773763 ], [ 77.0678738, 28.4772817 ], [ 77.0670211, 28.47712 ], [ 77.0665027, 28.477011 ], [ 77.0664591, 28.4770021 ], [ 77.06624, 28.4769544 ], [ 77.065905, 28.4768816 ] ] } },
{ "type": "Feature", "properties": { "segment_id": "S249", "corridor_id": "segment_249", "highway": "primary_link", "ref": null, "name": null, "length": 338.45141657575715, "u": 6458403504, "v": 6458403508, "metapath_priority": "None", "is_metapath_hard": false, "metapath_pairs": "", "damage_type": "none", "initial_open": true, "disaster_hard": false }, "geometry": { "type": "LineString", "coordinates": [ [ 77.0692136, 28.4774549 ], [ 77.0691793, 28.4774107 ], [ 77.0689778, 28.4772441 ], [ 77.0685649, 28.4769027 ], [ 77.066673, 28.4753889 ] ] } },
{ "type": "Feature", "properties": { "segment_id": "S250", "corridor_id": "segment_250", "highway": "primary_link", "ref": null, "name": null, "length": 173.85482822876691, "u": 6458403508, "v": 6458403496, "metapath_priority": "None", "is_metapath_hard": false, "metapath_pairs": "", "damage_type": "none", "initial_open": true, "disaster_hard": false }, "geometry": { "type": "LineString", "coordinates": [ [ 77.066673, 28.4753889 ], [ 77.0653554, 28.4743386 ] ] } },
{ "type": "Feature", "properties": { "segment_id": "S251", "corridor_id": "segment_251", "highway": "primary_link", "ref": null, "name": null, "length": 61.999903353703971, "u": 6458403508, "v": 6458403510, "metapath_priority": "None", "is_metapath_hard": false, "metapath_pairs": "", "damage_type": "none", "initial_open": true, "disaster_hard": false }, "geometry": { "type": "LineString", "coordinates": [ [ 77.066673, 28.4753889 ], [ 77.0663169, 28.475181 ], [ 77.0661219, 28.4751204 ] ] } },
{ "type": "Feature", "properties": { "segment_id": "S252", "corridor_id": "segment_252", "highway": "primary_link", "ref": null, "name": null, "length": 63.450927252438554, "u": 6458403510, "v": 6458403495, "metapath_priority": "None", "is_metapath_hard": false, "metapath_pairs": "", "damage_type": "none", "initial_open": true, "disaster_hard": false }, "geometry": { "type": "LineString", "coordinates": [ [ 77.0661219, 28.4751204 ], [ 77.0656357, 28.4747423 ] ] } },
{ "type": "Feature", "properties": { "segment_id": "S253", "corridor_id": "segment_253", "highway": "motorway_link", "ref": null, "name": null, "length": 93.296878791582486, "u": 6467828986, "v": 6467828987, "metapath_priority": "None", "is_metapath_hard": false, "metapath_pairs": "", "damage_type": "none", "initial_open": true, "disaster_hard": false }, "geometry": { "type": "LineString", "coordinates": [ [ 77.0632339, 28.4732209 ], [ 77.0626504, 28.4725569 ] ] } },
{ "type": "Feature", "properties": { "segment_id": "S254", "corridor_id": "NH48", "highway": "motorway", "ref": "NH48", "name": "Delhi-Gurugram Expressway", "length": 352.67651249626891, "u": 6467828986, "v": 7041199924, "metapath_priority": "None", "is_metapath_hard": false, "metapath_pairs": "", "damage_type": "none", "initial_open": true, "disaster_hard": false }, "geometry": { "type": "LineString", "coordinates": [ [ 77.0632339, 28.4732209 ], [ 77.060713, 28.4712248 ], [ 77.0605531, 28.4710981 ] ] } },
{ "type": "Feature", "properties": { "segment_id": "S255", "corridor_id": "NH48", "highway": "motorway", "ref": "NH48", "name": "Delhi-Gurugram Expressway", "length": 203.08095669401297, "u": 6467828992, "v": 6467829016, "metapath_priority": "High", "is_metapath_hard": true, "metapath_pairs": "Udyog Vihar <-> Bilaspur Logistics Hub", "damage_type": "crack_pothole", "initial_open": true, "disaster_hard": false }, "geometry": { "type": "LineString", "coordinates": [ [ 77.0742677, 28.4832263 ], [ 77.0747129, 28.4836919 ], [ 77.075618, 28.4846144 ] ] } },
{ "type": "Feature", "properties": { "segment_id": "S256", "corridor_id": "segment_256", "highway": "motorway_link", "ref": null, "name": null, "length": 146.98703712549923, "u": 6467828992, "v": 6467828997, "metapath_priority": "None", "is_metapath_hard": false, "metapath_pairs": "", "damage_type": "crack_pothole", "initial_open": true, "disaster_hard": false }, "geometry": { "type": "LineString", "coordinates": [ [ 77.0742677, 28.4832263 ], [ 77.07451, 28.4836474 ], [ 77.0748194, 28.4839696 ], [ 77.0751072, 28.4843153 ] ] } },
{ "type": "Feature", "properties": { "segment_id": "S257", "corridor_id": "segment_257", "highway": "motorway_link", "ref": null, "name": null, "length": 50.108419396382075, "u": 6467829000, "v": 6467829016, "metapath_priority": "None", "is_metapath_hard": false, "metapath_pairs": "", "damage_type": "crack_pothole", "initial_open": true, "disaster_hard": false }, "geometry": { "type": "LineString", "coordinates": [ [ 77.0751903, 28.4843659 ], [ 77.075618, 28.4846144 ] ] } },
{ "type": "Feature", "properties": { "segment_id": "S258", "corridor_id": "Delhi-Gurugram Expressway Ramp", "highway": "motorway_link", "ref": null, "name": "Delhi-Gurugram Expressway Ramp", "length": 185.08665112016638, "u": 6467829003, "v": 7142083599, "metapath_priority": "None", "is_metapath_hard": false, "metapath_pairs": "", "damage_type": "none", "initial_open": true, "disaster_hard": false }, "geometry": { "type": "LineString", "coordinates": [ [ 77.0741118, 28.4822806 ], [ 77.0737858, 28.4820217 ], [ 77.0735568, 28.4818386 ], [ 77.0733972, 28.4817109 ], [ 77.0730478, 28.4814806 ], [ 77.0726365, 28.4812429 ] ] } },
{ "type": "Feature", "properties": { "segment_id": "S259", "corridor_id": "Flyover", "highway": "primary_link", "ref": null, "name": "Flyover", "length": 300.85419958083128, "u": 6467829003, "v": 6458148439, "metapath_priority": "None", "is_metapath_hard": false, "metapath_pairs": "", "damage_type": "none", "initial_open": true, "disaster_hard": false }, "geometry": { "type": "LineString", "coordinates": [ [ 77.0741118, 28.4822806 ], [ 77.07321, 28.481313 ], [ 77.0727587, 28.4808288 ], [ 77.0720996, 28.480236 ] ] } },
{ "type": "Feature", "properties": { "segment_id": "S260", "corridor_id": "NH48", "highway": "motorway", "ref": "NH48", "name": "Delhi-Gurugram Expressway", "length": 154.74663363906663, "u": 6467829004, "v": 7142083599, "metapath_priority": "High", "is_metapath_hard": true, "metapath_pairs": "Udyog Vihar <-> Bilaspur Logistics Hub", "damage_type": "crack_pothole", "initial_open": true, "disaster_hard": false }, "geometry": { "type": "LineString", "coordinates": [ [ 77.073637, 28.4823215 ], [ 77.0728751, 28.481499 ], [ 77.0726365, 28.4812429 ] ] } },
{ "type": "Feature", "properties": { "segment_id": "S261", "corridor_id": "segment_261", "highway": "motorway_link", "ref": null, "name": null, "length": 71.760001710439155, "u": 6467829006, "v": 7142083595, "metapath_priority": "None", "is_metapath_hard": false, "metapath_pairs": "", "damage_type": "none", "initial_open": true, "disaster_hard": false }, "geometry": { "type": "LineString", "coordinates": [ [ 77.0761371, 28.4849126 ], [ 77.0758616, 28.4843144 ] ] } },
{ "type": "Feature", "properties": { "segment_id": "S262", "corridor_id": "NH48", "highway": "motorway", "ref": "NH48", "name": "Delhi-Gurugram Expressway", "length": 377.79707559932825, "u": 6467829006, "v": 6467829004, "metapath_priority": "High", "is_metapath_hard": true, "metapath_pairs": "Udyog Vihar <-> Bilaspur Logistics Hub", "damage_type": "none", "initial_open": true, "disaster_hard": false }, "geometry": { "type": "LineString", "coordinates": [ [ 77.0761371, 28.4849126 ], [ 77.0752143, 28.4839539 ], [ 77.0743277, 28.4830282 ], [ 77.0742053, 28.4829118 ], [ 77.073637, 28.4823215 ] ] } },
{ "type": "Feature", "properties": { "segment_id": "S263", "corridor_id": "segment_263", "highway": "motorway_link", "ref": null, "name": null, "length": 290.50041661867687, "u": 6467829008, "v": 6467829004, "metapath_priority": "None", "is_metapath_hard": false, "metapath_pairs": "", "damage_type": "none", "initial_open": true, "disaster_hard": false }, "geometry": { "type": "LineString", "coordinates": [ [ 77.0756975, 28.484166 ], [ 77.0755143, 28.4840131 ], [ 77.0751987, 28.483676 ], [ 77.0744952, 28.4828729 ], [ 77.0741689, 28.4825985 ], [ 77.073637, 28.4823215 ] ] } },
{ "type": "Feature", "properties": { "segment_id": "S264", "corridor_id": "NH48", "highway": "motorway", "ref": "NH48", "name": "Delhi-Gurugram Expressway", "length": 1164.4961116227148, "u": 6467829016, "v": 5830038204, "metapath_priority": "High", "is_metapath_hard": true, "metapath_pairs": "Udyog Vihar <-> Bilaspur Logistics Hub", "damage_type": "none", "initial_open": true, "disaster_hard": false }, "geometry": { "type": "LineString", "coordinates": [ [ 77.075618, 28.4846144 ], [ 77.0832714, 28.492641 ] ] } },
{ "type": "Feature", "properties": { "segment_id": "S265", "corridor_id": "segment_265", "highway": "primary", "ref": null, "name": null, "length": 9.7393471458717986, "u": 6486082455, "v": 6486082456, "metapath_priority": "None", "is_metapath_hard": false, "metapath_pairs": "", "damage_type": "none", "initial_open": true, "disaster_hard": false }, "geometry": { "type": "LineString", "coordinates": [ [ 77.0414812, 28.4668399 ], [ 77.0414305, 28.4669153 ] ] } },
{ "type": "Feature", "properties": { "segment_id": "S266", "corridor_id": "Mehrauli-Gurgaon Road", "highway": "primary", "ref": null, "name": "Mehrauli-Gurgaon Road", "length": 242.5224658978191, "u": 6486082455, "v": 6088634496, "metapath_priority": "None", "is_metapath_hard": false, "metapath_pairs": "", "damage_type": "none", "initial_open": true, "disaster_hard": false }, "geometry": { "type": "LineString", "coordinates": [ [ 77.0414812, 28.4668399 ], [ 77.0412704, 28.466721 ], [ 77.0412404, 28.4667044 ], [ 77.0409461, 28.4665315 ], [ 77.0400072, 28.4660204 ], [ 77.0396846, 28.4658415 ], [ 77.039386, 28.4656721 ] ] } },
{ "type": "Feature", "properties": { "segment_id": "S267", "corridor_id": "segment_267", "highway": "primary", "ref": null, "name": null, "length": 9.7393471458717986, "u": 6486082456, "v": 6486082455, "metapath_priority": "None", "is_metapath_hard": false, "metapath_pairs": "", "damage_type": "none", "initial_open": true, "disaster_hard": false }, "geometry": { "type": "LineString", "coordinates": [ [ 77.0414305, 28.4669153 ], [ 77.0414812, 28.4668399 ] ] } },
{ "type": "Feature", "properties": { "segment_id": "S268", "corridor_id": "Mehrauli-Gurgaon Road Flyover", "highway": "primary", "ref": null, "name": [ "Mehrauli-Gurgaon Road Flyover", "Mehrauli-Gurgaon Road" ], "length": 2574.2845735804135, "u": 6486082456, "v": 250871574, "metapath_priority": "None", "is_metapath_hard": false, "metapath_pairs": "", "damage_type": "none", "initial_open": true, "disaster_hard": false }, "geometry": { "type": "LineString", "coordinates": [ [ 77.0414305, 28.4669153 ], [ 77.0418907, 28.4671631 ], [ 77.0423027, 28.4673849 ], [ 77.0428531, 28.4676992 ], [ 77.0432191, 28.46791 ], [ 77.0437598, 28.4682589 ], [ 77.0438684, 28.4683188 ], [ 77.0439479, 28.4683638 ], [ 77.044088, 28.4684461 ], [ 77.0443535, 28.4686202 ], [ 77.0446812, 28.468833 ], [ 77.0455841, 28.4693977 ], [ 77.0461098, 28.4696943 ], [ 77.0464964, 28.4699117 ], [ 77.047215, 28.4702536 ], [ 77.0484955, 28.4708167 ], [ 77.0485299, 28.4708318 ], [ 77.0487636, 28.4709345 ], [ 77.0489471, 28.4710152 ], [ 77.0492735, 28.4711535 ], [ 77.0496915, 28.4713307 ], [ 77.0499667, 28.4714279 ], [ 77.050602, 28.4716523 ], [ 77.0510341, 28.4718097 ], [ 77.0518657, 28.4721151 ], [ 77.0520885, 28.4721969 ], [ 77.0531325, 28.4725804 ], [ 77.0540434, 28.4729385 ], [ 77.0568327, 28.4740485 ], [ 77.0574277, 28.4743117 ], [ 77.0581998, 28.4746737 ], [ 77.0584783, 28.4748043 ], [ 77.0586888, 28.4748927 ], [ 77.0592116, 28.4751125 ], [ 77.0595521, 28.4752187 ], [ 77.0598113, 28.4752996 ], [ 77.0602337, 28.475373 ], [ 77.0604416, 28.4754092 ], [ 77.0607982, 28.4754551 ], [ 77.0610882, 28.475526 ], [ 77.061383, 28.4756644 ], [ 77.0620079, 28.4760472 ], [ 77.0622038, 28.4761672 ], [ 77.0623483, 28.4762391 ], [ 77.0625221, 28.4763255 ], [ 77.062851, 28.4764507 ], [ 77.0630947, 28.4765171 ], [ 77.0633554, 28.4765712 ], [ 77.0640173, 28.4766596 ], [ 77.0650041, 28.476819 ] ] } },
{ "type": "Feature", "properties": { "segment_id": "S269", "corridor_id": "NH248BB", "highway": "motorway", "ref": "NH248BB", "name": "Dwarka Expressway", "length": 309.68419796482823, "u": 6569833464, "v": 7610591434, "metapath_priority": "None", "is_metapath_hard": false, "metapath_pairs": "", "damage_type": "landslide_block", "initial_open": false, "disaster_hard": true }, "geometry": { "type": "LineString", "coordinates": [ [ 76.9895347, 28.4060197 ], [ 76.987563, 28.4068663 ], [ 76.9866699, 28.4072042 ] ] } },
{ "type": "Feature", "properties": { "segment_id": "S270", "corridor_id": "segment_270", "highway": "motorway_link", "ref": null, "name": null, "length": 415.13171257817379, "u": 6569833464, "v": 7610591418, "metapath_priority": "None", "is_metapath_hard": false, "metapath_pairs": "", "damage_type": "none", "initial_open": true, "disaster_hard": false }, "geometry": { "type": "LineString", "coordinates": [ [ 76.9895347, 28.4060197 ], [ 76.989226, 28.4060794 ], [ 76.9890205, 28.4061116 ], [ 76.9888048, 28.4061283 ], [ 76.988713, 28.4061259 ], [ 76.9886286, 28.4061105 ], [ 76.9885421, 28.4060846 ], [ 76.9884461, 28.4060363 ], [ 76.9883584, 28.4059743 ], [ 76.9882851, 28.4059029 ], [ 76.9882107, 28.4058047 ], [ 76.9881578, 28.4056956 ], [ 76.988127, 28.4055784 ], [ 76.9881202, 28.405486 ], [ 76.988131, 28.405401 ], [ 76.988155, 28.4053046 ], [ 76.9881983, 28.4051891 ], [ 76.9882444, 28.4050898 ], [ 76.9883122, 28.4049783 ], [ 76.9883846, 28.404887 ], [ 76.988478, 28.4048053 ], [ 76.988565, 28.404752 ], [ 76.9886781, 28.4047024 ], [ 76.9887912, 28.4046714 ], [ 76.9889017, 28.4046581 ], [ 76.9890049, 28.4046571 ], [ 76.9891283, 28.4046691 ], [ 76.9892388, 28.4046919 ], [ 76.9893882, 28.4047516 ], [ 76.9895235, 28.4048421 ], [ 76.9895566, 28.4048643 ], [ 76.9897712, 28.4050957 ] ] } },
{ "type": "Feature", "properties": { "segment_id": "S271", "corridor_id": "segment_271", "highway": "trunk_link", "ref": null, "name": null, "length": 36.202055045706807, "u": 6631271814, "v": 9545291285, "metapath_priority": "Medium", "is_metapath_hard": false, "metapath_pairs": "IMT Manesar <-> Bilaspur Logistics Hub; IMT Manesar <-> Farrukhnagar Logistics Hub", "damage_type": "none", "initial_open": true, "disaster_hard": false }, "geometry": { "type": "LineString", "coordinates": [ [ 76.9423928, 28.366768 ], [ 76.9426627, 28.3669907 ] ] } },
{ "type": "Feature", "properties": { "segment_id": "S272", "corridor_id": "segment_272", "highway": "trunk_link", "ref": null, "name": null, "length": 13.305593610385891, "u": 6649059150, "v": 6649059151, "metapath_priority": "None", "is_metapath_hard": false, "metapath_pairs": "", "damage_type": "none", "initial_open": true, "disaster_hard": false }, "geometry": { "type": "LineString", "coordinates": [ [ 76.9661097, 28.3815494 ], [ 76.9660399, 28.3816521 ] ] } },
{ "type": "Feature", "properties": { "segment_id": "S273", "corridor_id": "NH48", "highway": "trunk", "ref": "NH48", "name": "Amer Road", "length": 264.21870447420349, "u": 6649059150, "v": 6649059152, "metapath_priority": "Medium", "is_metapath_hard": false, "metapath_pairs": "Udyog Vihar <-> Bilaspur Logistics Hub", "damage_type": "none", "initial_open": true, "disaster_hard": false }, "geometry": { "type": "LineString", "coordinates": [ [ 76.9661097, 28.3815494 ], [ 76.9684465, 28.3827408 ] ] } },
{ "type": "Feature", "properties": { "segment_id": "S274", "corridor_id": "segment_274", "highway": "trunk_link", "ref": null, "name": null, "length": 12.389006106733422, "u": 6649059152, "v": 6649059153, "metapath_priority": "None", "is_metapath_hard": false, "metapath_pairs": "", "damage_type": "none", "initial_open": true, "disaster_hard": false }, "geometry": { "type": "LineString", "coordinates": [ [ 76.9684465, 28.3827408 ], [ 76.9683832, 28.3828373 ] ] } },
{ "type": "Feature", "properties": { "segment_id": "S275", "corridor_id": "NH48", "highway": "trunk", "ref": "NH48", "name": [ "Vatika Flyover", "Amer Road" ], "length": 1735.9460403013579, "u": 6649059152, "v": 11909112454, "metapath_priority": "Medium", "is_metapath_hard": false, "metapath_pairs": "Udyog Vihar <-> Bilaspur Logistics Hub", "damage_type": "none", "initial_open": true, "disaster_hard": false }, "geometry": { "type": "LineString", "coordinates": [ [ 76.9684465, 28.3827408 ], [ 76.9696188, 28.3833385 ], [ 76.9698477, 28.3834761 ], [ 76.9699976, 28.3835662 ], [ 76.9703463, 28.3838282 ], [ 76.9705907, 28.3840393 ], [ 76.9706467, 28.3840877 ], [ 76.9707714, 28.3842316 ], [ 76.9708961, 28.3843756 ], [ 76.9719884, 28.3855324 ], [ 76.9727656, 28.386333 ], [ 76.9729504, 28.3865216 ], [ 76.9752786, 28.3888837 ], [ 76.976044, 28.3896604 ], [ 76.9767097, 28.3903358 ], [ 76.9776539, 28.3912763 ], [ 76.9786091, 28.3922628 ], [ 76.9789498, 28.3926498 ], [ 76.9791171, 28.3928399 ], [ 76.9803321, 28.39422 ] ] } },
{ "type": "Feature", "properties": { "segment_id": "S276", "corridor_id": "segment_276", "highway": "trunk_link", "ref": null, "name": null, "length": 12.389006106733422, "u": 6649059153, "v": 6649059152, "metapath_priority": "None", "is_metapath_hard": false, "metapath_pairs": "", "damage_type": "none", "initial_open": true, "disaster_hard": false }, "geometry": { "type": "LineString", "coordinates": [ [ 76.9683832, 28.3828373 ], [ 76.9684465, 28.3827408 ] ] } },
{ "type": "Feature", "properties": { "segment_id": "S277", "corridor_id": "segment_277", "highway": "trunk_link", "ref": null, "name": null, "length": 12.734843443541658, "u": 6659846174, "v": 5592140798, "metapath_priority": "None", "is_metapath_hard": false, "metapath_pairs": "", "damage_type": "none", "initial_open": true, "disaster_hard": false }, "geometry": { "type": "LineString", "coordinates": [ [ 77.0769104, 28.4792807 ], [ 77.0769657, 28.479177 ] ] } },
{ "type": "Feature", "properties": { "segment_id": "S278", "corridor_id": "segment_278", "highway": "trunk_link", "ref": null, "name": null, "length": 14.179740366694485, "u": 6660142824, "v": 6660142825, "metapath_priority": "None", "is_metapath_hard": false, "metapath_pairs": "", "damage_type": "none", "initial_open": true, "disaster_hard": false }, "geometry": { "type": "LineString", "coordinates": [ [ 76.9678849, 28.3821272 ], [ 76.9678064, 28.3822344 ] ] } },
{ "type": "Feature", "properties": { "segment_id": "S279", "corridor_id": "segment_279", "highway": "trunk_link", "ref": null, "name": null, "length": 14.179740366694485, "u": 6660142825, "v": 6660142824, "metapath_priority": "None", "is_metapath_hard": false, "metapath_pairs": "", "damage_type": "none", "initial_open": true, "disaster_hard": false }, "geometry": { "type": "LineString", "coordinates": [ [ 76.9678064, 28.3822344 ], [ 76.9678849, 28.3821272 ] ] } },
{ "type": "Feature", "properties": { "segment_id": "S280", "corridor_id": "NH48", "highway": "trunk", "ref": "NH48", "name": null, "length": 54.838695512056489, "u": 6660142825, "v": 11818161118, "metapath_priority": "None", "is_metapath_hard": false, "metapath_pairs": "", "damage_type": "none", "initial_open": true, "disaster_hard": false }, "geometry": { "type": "LineString", "coordinates": [ [ 76.9678064, 28.3822344 ], [ 76.9673708, 28.3820269 ], [ 76.9673596, 28.3820214 ], [ 76.9673137, 28.3819992 ] ] } },
{ "type": "Feature", "properties": { "segment_id": "S281", "corridor_id": "segment_281", "highway": "trunk_link", "ref": null, "name": null, "length": 28.434205576894801, "u": 6660142830, "v": 6660142829, "metapath_priority": "None", "is_metapath_hard": false, "metapath_pairs": "", "damage_type": "none", "initial_open": true, "disaster_hard": false }, "geometry": { "type": "LineString", "coordinates": [ [ 76.9647354, 28.3806834 ], [ 76.9645975, 28.3804583 ] ] } },
{ "type": "Feature", "properties": { "segment_id": "S282", "corridor_id": "NH48", "highway": "trunk", "ref": "NH48", "name": "Gurugram New Sector Road Flyover", "length": 897.07356198758066, "u": 6660142830, "v": 11818151829, "metapath_priority": "None", "is_metapath_hard": false, "metapath_pairs": "", "damage_type": "none", "initial_open": true, "disaster_hard": false }, "geometry": { "type": "LineString", "coordinates": [ [ 76.9647354, 28.3806834 ], [ 76.9644431, 28.3805325 ], [ 76.9614125, 28.3789929 ], [ 76.9612013, 28.3788848 ], [ 76.9583618, 28.3774453 ], [ 76.9568049, 28.3766338 ] ] } },
{ "type": "Feature", "properties": { "segment_id": "S283", "corridor_id": "NH48", "highway": "trunk", "ref": "NH48", "name": null, "length": 120.22199258573816, "u": 6660142832, "v": 6660142830, "metapath_priority": "None", "is_metapath_hard": false, "metapath_pairs": "", "damage_type": "none", "initial_open": true, "disaster_hard": false }, "geometry": { "type": "LineString", "coordinates": [ [ 76.9658029, 28.381219 ], [ 76.9647354, 28.3806834 ] ] } },
{ "type": "Feature", "properties": { "segment_id": "S284", "corridor_id": "segment_284", "highway": "trunk_link", "ref": null, "name": null, "length": 22.134620741562244, "u": 6660142832, "v": 6660142831, "metapath_priority": "None", "is_metapath_hard": false, "metapath_pairs": "", "damage_type": "none", "initial_open": true, "disaster_hard": false }, "geometry": { "type": "LineString", "coordinates": [ [ 76.9658029, 28.381219 ], [ 76.9657217, 28.3810332 ] ] } },
{ "type": "Feature", "properties": { "segment_id": "S285", "corridor_id": "segment_285", "highway": "trunk_link", "ref": null, "name": null, "length": 10.709816604470818, "u": 6728792726, "v": 11818151833, "metapath_priority": "None", "is_metapath_hard": false, "metapath_pairs": "", "damage_type": "none", "initial_open": true, "disaster_hard": false }, "geometry": { "type": "LineString", "coordinates": [ [ 76.9548082, 28.3754814 ], [ 76.9547578, 28.3755669 ] ] } },
{ "type": "Feature", "properties": { "segment_id": "S286", "corridor_id": "segment_286", "highway": "motorway_link", "ref": null, "name": null, "length": 28.330291889103144, "u": 7041199924, "v": 7041199923, "metapath_priority": "None", "is_metapath_hard": false, "metapath_pairs": "", "damage_type": "none", "initial_open": true, "disaster_hard": false }, "geometry": { "type": "LineString", "coordinates": [ [ 77.0605531, 28.4710981 ], [ 77.0604944, 28.4708486 ] ] } },
{ "type": "Feature", "properties": { "segment_id": "S287", "corridor_id": "NH48", "highway": "motorway", "ref": "NH48", "name": "Delhi-Gurugram Expressway", "length": 936.56373266566686, "u": 7041199924, "v": 273456822, "metapath_priority": "None", "is_metapath_hard": false, "metapath_pairs": "", "damage_type": "none", "initial_open": true, "disaster_hard": false }, "geometry": { "type": "LineString", "coordinates": [ [ 77.0605531, 28.4710981 ], [ 77.0604835, 28.471043 ], [ 77.0577889, 28.4689204 ], [ 77.0573109, 28.4685262 ], [ 77.0568858, 28.4680685 ], [ 77.0565463, 28.4676273 ], [ 77.0555826, 28.4661247 ], [ 77.0555656, 28.4661044 ], [ 77.0552046, 28.4656727 ], [ 77.0543743, 28.4647531 ] ] } },
{ "type": "Feature", "properties": { "segment_id": "S288", "corridor_id": "NH48", "highway": "motorway", "ref": "NH48", "name": "Delhi-Gurugram Expressway", "length": 1282.9572176404106, "u": 7142083599, "v": 6467828986, "metapath_priority": "High", "is_metapath_hard": true, "metapath_pairs": "Udyog Vihar <-> Bilaspur Logistics Hub", "damage_type": "none", "initial_open": true, "disaster_hard": false }, "geometry": { "type": "LineString", "coordinates": [ [ 77.0726365, 28.4812429 ], [ 77.0722199, 28.4807958 ], [ 77.0705331, 28.4790506 ], [ 77.06943, 28.478109 ], [ 77.0682936, 28.4772077 ], [ 77.0637565, 28.4736458 ], [ 77.0632339, 28.4732209 ] ] } },
{ "type": "Feature", "properties": { "segment_id": "S289", "corridor_id": "NH48", "highway": "motorway", "ref": "NH48", "name": "Delhi-Gurugram Expressway", "length": 849.75306092592166, "u": 7142088001, "v": 2774809992, "metapath_priority": "High", "is_metapath_hard": true, "metapath_pairs": "Udyog Vihar <-> Bilaspur Logistics Hub", "damage_type": "none", "initial_open": true, "disaster_hard": false }, "geometry": { "type": "LineString", "coordinates": [ [ 77.0658883, 28.4755502 ], [ 77.0681913, 28.4773622 ], [ 77.0703931, 28.4792124 ], [ 77.0707737, 28.4795466 ], [ 77.0720808, 28.4808993 ] ] } },
{ "type": "Feature", "properties": { "segment_id": "S290", "corridor_id": "SH15A", "highway": "primary", "ref": "SH15A", "name": null, "length": 117.43912692659946, "u": 7230262745, "v": 1397292823, "metapath_priority": "None", "is_metapath_hard": false, "metapath_pairs": "", "damage_type": "none", "initial_open": true, "disaster_hard": false }, "geometry": { "type": "LineString", "coordinates": [ [ 76.8260327, 28.4652287 ], [ 76.8259428, 28.4651603 ], [ 76.8258624, 28.4651308 ], [ 76.8257725, 28.4651214 ], [ 76.8256558, 28.4651344 ], [ 76.8255741, 28.4651485 ], [ 76.8254608, 28.4652174 ], [ 76.8251959, 28.4656573 ] ] } },
{ "type": "Feature", "properties": { "segment_id": "S291", "corridor_id": "segment_291", "highway": "primary", "ref": null, "name": null, "length": 59.497770836951929, "u": 7230262748, "v": 7230262745, "metapath_priority": "None", "is_metapath_hard": false, "metapath_pairs": "", "damage_type": "none", "initial_open": true, "disaster_hard": false }, "geometry": { "type": "LineString", "coordinates": [ [ 76.825897, 28.4657304 ], [ 76.8259845, 28.4656084 ], [ 76.8260408, 28.465481 ], [ 76.8260542, 28.4653726 ], [ 76.8260327, 28.4652287 ] ] } },
{ "type": "Feature", "properties": { "segment_id": "S292", "corridor_id": "SH15A", "highway": "primary", "ref": "SH15A", "name": null, "length": 185.84517697361238, "u": 7230262748, "v": 11928397576, "metapath_priority": "Medium", "is_metapath_hard": false, "metapath_pairs": "IMT Manesar <-> Farrukhnagar Logistics Hub; Sohna Industrial Area <-> Farrukhnagar Logistics Hub", "damage_type": "none", "initial_open": true, "disaster_hard": false }, "geometry": { "type": "LineString", "coordinates": [ [ 76.825897, 28.4657304 ], [ 76.8261467, 28.4656561 ], [ 76.8262974, 28.4656025 ], [ 76.8274984, 28.4650568 ], [ 76.8276055, 28.4650035 ] ] } },
{ "type": "Feature", "properties": { "segment_id": "S293", "corridor_id": "SH15A", "highway": "primary", "ref": "SH15A", "name": null, "length": 7.6527091470704054, "u": 7230262763, "v": 9901520542, "metapath_priority": "None", "is_metapath_hard": false, "metapath_pairs": "", "damage_type": "none", "initial_open": true, "disaster_hard": false }, "geometry": { "type": "LineString", "coordinates": [ [ 76.8419526, 28.4534447 ], [ 76.8420017, 28.4533911 ] ] } },
{ "type": "Feature", "properties": { "segment_id": "S294", "corridor_id": "SH15A", "highway": "primary", "ref": "SH15A", "name": null, "length": 39.33000886217053, "u": 7230262763, "v": 9901520534, "metapath_priority": "None", "is_metapath_hard": false, "metapath_pairs": "", "damage_type": "none", "initial_open": true, "disaster_hard": false }, "geometry": { "type": "LineString", "coordinates": [ [ 76.8419526, 28.4534447 ], [ 76.8422968, 28.4536278 ] ] } },
{ "type": "Feature", "properties": { "segment_id": "S295", "corridor_id": "SH15A", "highway": "primary", "ref": "SH15A", "name": null, "length": 37.623278230325759, "u": 7230262775, "v": 7230262763, "metapath_priority": "None", "is_metapath_hard": false, "metapath_pairs": "", "damage_type": "none", "initial_open": true, "disaster_hard": false }, "geometry": { "type": "LineString", "coordinates": [ [ 76.8417265, 28.4537184 ], [ 76.841902, 28.4535008 ], [ 76.8419526, 28.4534447 ] ] } },
{ "type": "Feature", "properties": { "segment_id": "S296", "corridor_id": "segment_296", "highway": "primary_link", "ref": null, "name": null, "length": 58.625469016386859, "u": 7230262775, "v": 9901520534, "metapath_priority": "Medium", "is_metapath_hard": false, "metapath_pairs": "IMT Manesar <-> Farrukhnagar Logistics Hub; Sohna Industrial Area <-> Farrukhnagar Logistics Hub", "damage_type": "none", "initial_open": true, "disaster_hard": false }, "geometry": { "type": "LineString", "coordinates": [ [ 76.8417265, 28.4537184 ], [ 76.8418403, 28.4536564 ], [ 76.8419208, 28.4536293 ], [ 76.8420401, 28.4536081 ], [ 76.8421434, 28.4536116 ], [ 76.8422968, 28.4536278 ] ] } },
{ "type": "Feature", "properties": { "segment_id": "S297", "corridor_id": "SH15A", "highway": "primary", "ref": "SH15A", "name": null, "length": 1880.2429299962455, "u": 7230280487, "v": 11928397575, "metapath_priority": "None", "is_metapath_hard": false, "metapath_pairs": "", "damage_type": "none", "initial_open": true, "disaster_hard": false }, "geometry": { "type": "LineString", "coordinates": [ [ 76.8416907, 28.4535727 ], [ 76.8414541, 28.4538416 ], [ 76.8412166, 28.4541093 ], [ 76.8403181, 28.4550666 ], [ 76.8390387, 28.4563636 ], [ 76.8376654, 28.4574578 ], [ 76.8357852, 28.4588656 ], [ 76.8349779, 28.4595612 ], [ 76.8340498, 28.4601956 ], [ 76.8331861, 28.4608252 ], [ 76.8325528, 28.4613611 ], [ 76.8320382, 28.4617967 ], [ 76.8309523, 28.4626361 ], [ 76.8307716, 28.4627758 ], [ 76.8304396, 28.4630464 ], [ 76.8288822, 28.4642285 ], [ 76.8285785, 28.4644021 ], [ 76.8275292, 28.464901 ] ] } },
{ "type": "Feature", "properties": { "segment_id": "S298", "corridor_id": "segment_298", "highway": "primary_link", "ref": null, "name": null, "length": 11.867879309538475, "u": 7371574065, "v": 7371574069, "metapath_priority": "None", "is_metapath_hard": false, "metapath_pairs": "", "damage_type": "none", "initial_open": true, "disaster_hard": false }, "geometry": { "type": "LineString", "coordinates": [ [ 76.8972165, 28.5077582 ], [ 76.8971806, 28.5077419 ], [ 76.8971505, 28.5077282 ], [ 76.8971086, 28.5077092 ] ] } },
{ "type": "Feature", "properties": { "segment_id": "S299", "corridor_id": "segment_299", "highway": "primary", "ref": null, "name": null, "length": 41.625455709025118, "u": 7371574065, "v": 7371574071, "metapath_priority": "None", "is_metapath_hard": false, "metapath_pairs": "", "damage_type": "none", "initial_open": true, "disaster_hard": false }, "geometry": { "type": "LineString", "coordinates": [ [ 76.8972165, 28.5077582 ], [ 76.8972502, 28.5076884 ], [ 76.8973879, 28.5074155 ] ] } },
{ "type": "Feature", "properties": { "segment_id": "S300", "corridor_id": "segment_300", "highway": "primary_link", "ref": null, "name": null, "length": 11.867879309538475, "u": 7371574069, "v": 7371574065, "metapath_priority": "None", "is_metapath_hard": false, "metapath_pairs": "", "damage_type": "none", "initial_open": true, "disaster_hard": false }, "geometry": { "type": "LineString", "coordinates": [ [ 76.8971086, 28.5077092 ], [ 76.8971505, 28.5077282 ], [ 76.8971806, 28.5077419 ], [ 76.8972165, 28.5077582 ] ] } },
{ "type": "Feature", "properties": { "segment_id": "S301", "corridor_id": "segment_301", "highway": "primary", "ref": null, "name": null, "length": 46.256488981105186, "u": 7371574069, "v": 7371574072, "metapath_priority": "None", "is_metapath_hard": false, "metapath_pairs": "", "damage_type": "none", "initial_open": true, "disaster_hard": false }, "geometry": { "type": "LineString", "coordinates": [ [ 76.8971086, 28.5077092 ], [ 76.8970603, 28.5077752 ], [ 76.8970133, 28.5078589 ], [ 76.8969449, 28.5079791 ], [ 76.8968967, 28.5080804 ] ] } },
{ "type": "Feature", "properties": { "segment_id": "S302", "corridor_id": "segment_302", "highway": "primary", "ref": null, "name": null, "length": 2350.2098465866188, "u": 7371574071, "v": 5150748916, "metapath_priority": "None", "is_metapath_hard": false, "metapath_pairs": "", "damage_type": "none", "initial_open": true, "disaster_hard": false }, "geometry": { "type": "LineString", "coordinates": [ [ 76.8973879, 28.5074155 ], [ 76.8977933, 28.5067434 ], [ 76.8986172, 28.5050215 ], [ 76.8989244, 28.5044423 ], [ 76.8992436, 28.5039191 ], [ 76.8992886, 28.5038136 ], [ 76.8993133, 28.5037211 ], [ 76.8993266, 28.5036384 ], [ 76.8993214, 28.5035537 ], [ 76.8993105, 28.5035101 ], [ 76.8992852, 28.5034088 ], [ 76.8991067, 28.5030951 ], [ 76.8989648, 28.5029132 ], [ 76.8989284, 28.5028878 ], [ 76.8988869, 28.5028678 ], [ 76.8988356, 28.5028545 ], [ 76.8984491, 28.5028597 ], [ 76.8977973, 28.5028744 ], [ 76.8975266, 28.5028512 ], [ 76.89739, 28.5028513 ], [ 76.8972023, 28.5028191 ], [ 76.8971098, 28.5027888 ], [ 76.8969691, 28.502717 ], [ 76.8968161, 28.5026178 ], [ 76.8967028, 28.5025053 ], [ 76.8965913, 28.5023318 ], [ 76.8965346, 28.5021866 ], [ 76.8964862, 28.5019885 ], [ 76.8964702, 28.5018354 ], [ 76.8964648, 28.5016728 ], [ 76.8964593, 28.5015831 ], [ 76.8964199, 28.5001091 ], [ 76.8964057, 28.4995983 ], [ 76.896363, 28.4979384 ], [ 76.8963422, 28.4963378 ], [ 76.8963142, 28.4957538 ], [ 76.8963025, 28.4955108 ], [ 76.8962984, 28.4951356 ], [ 76.896279, 28.4928334 ], [ 76.896272, 28.4926165 ], [ 76.8962493, 28.4919719 ], [ 76.8962353, 28.4913688 ], [ 76.8962253, 28.49094 ], [ 76.8961789, 28.489212 ], [ 76.8961755, 28.4891034 ], [ 76.8961633, 28.489023 ], [ 76.8961572, 28.4888738 ], [ 76.8961521, 28.4888113 ], [ 76.8961439, 28.4887068 ], [ 76.8961444, 28.4885902 ], [ 76.8961437, 28.4884863 ] ] } },
{ "type": "Feature", "properties": { "segment_id": "S303", "corridor_id": "segment_303", "highway": "primary", "ref": null, "name": null, "length": 42.566653315548216, "u": 7371574071, "v": 7371574069, "metapath_priority": "None", "is_metapath_hard": false, "metapath_pairs": "", "damage_type": "none", "initial_open": true, "disaster_hard": false }, "geometry": { "type": "LineString", "coordinates": [ [ 76.8973879, 28.5074155 ], [ 76.8971716, 28.5076385 ], [ 76.8971086, 28.5077092 ] ] } },
{ "type": "Feature", "properties": { "segment_id": "S304", "corridor_id": "segment_304", "highway": "primary", "ref": null, "name": null, "length": 47.95508343798064, "u": 7371574072, "v": 7371574065, "metapath_priority": "None", "is_metapath_hard": false, "metapath_pairs": "", "damage_type": "crack_pothole", "initial_open": true, "disaster_hard": false }, "geometry": { "type": "LineString", "coordinates": [ [ 76.8968967, 28.5080804 ], [ 76.8969879, 28.508005 ], [ 76.8970817, 28.507926 ], [ 76.8971354, 28.5078789 ], [ 76.8971689, 28.5078365 ], [ 76.8972165, 28.5077582 ] ] } },
{ "type": "Feature", "properties": { "segment_id": "S305", "corridor_id": "segment_305", "highway": "trunk_link", "ref": null, "name": null, "length": 14.775533874325278, "u": 7379073297, "v": 7379073298, "metapath_priority": "None", "is_metapath_hard": false, "metapath_pairs": "", "damage_type": "crack_pothole", "initial_open": true, "disaster_hard": false }, "geometry": { "type": "LineString", "coordinates": [ [ 76.9269893, 28.3370921 ], [ 76.9269779, 28.3372246 ] ] } },
{ "type": "Feature", "properties": { "segment_id": "S306", "corridor_id": "NH48", "highway": "trunk", "ref": "NH48", "name": "Amer Road", "length": 1266.7945876818201, "u": 7379073297, "v": 11818303106, "metapath_priority": "Medium", "is_metapath_hard": false, "metapath_pairs": "IMT Manesar <-> Bilaspur Logistics Hub; IMT Manesar <-> Farrukhnagar Logistics Hub; Udyog Vihar <-> Bilaspur Logistics Hub", "damage_type": "none", "initial_open": true, "disaster_hard": false }, "geometry": { "type": "LineString", "coordinates": [ [ 76.9269893, 28.3370921 ], [ 76.9271837, 28.3370609 ], [ 76.9286622, 28.3368152 ], [ 76.9292819, 28.3367255 ], [ 76.9295386, 28.3366819 ], [ 76.9326972, 28.3361881 ], [ 76.9332166, 28.3361062 ], [ 76.9335785, 28.3360724 ], [ 76.9339365, 28.3360591 ], [ 76.9342893, 28.3360677 ], [ 76.9346668, 28.3361041 ], [ 76.9349826, 28.3361553 ], [ 76.9353918, 28.3362564 ], [ 76.935676, 28.336358 ], [ 76.9359845, 28.3364737 ], [ 76.9362366, 28.3365965 ], [ 76.9364279, 28.3367039 ], [ 76.9366094, 28.3368231 ], [ 76.9367602, 28.3369343 ], [ 76.9370171, 28.3371607 ], [ 76.9372778, 28.3374216 ], [ 76.9374946, 28.3376824 ], [ 76.9376925, 28.3379545 ], [ 76.937854, 28.3382467 ], [ 76.9379727, 28.3385838 ], [ 76.9380705, 28.3388853 ], [ 76.9380992, 28.3390736 ] ] } },
{ "type": "Feature", "properties": { "segment_id": "S307", "corridor_id": "segment_307", "highway": "trunk_link", "ref": null, "name": null, "length": 14.775533874325278, "u": 7379073298, "v": 7379073297, "metapath_priority": "None", "is_metapath_hard": false, "metapath_pairs": "", "damage_type": "none", "initial_open": true, "disaster_hard": false }, "geometry": { "type": "LineString", "coordinates": [ [ 76.9269779, 28.3372246 ], [ 76.9269893, 28.3370921 ] ] } },
{ "type": "Feature", "properties": { "segment_id": "S308", "corridor_id": "NH48", "highway": "trunk", "ref": "NH48", "name": "Amer Road", "length": 556.55443083385023, "u": 7379073312, "v": 7379073297, "metapath_priority": "Medium", "is_metapath_hard": false, "metapath_pairs": "IMT Manesar <-> Bilaspur Logistics Hub; IMT Manesar <-> Farrukhnagar Logistics Hub; Udyog Vihar <-> Bilaspur Logistics Hub", "damage_type": "none", "initial_open": true, "disaster_hard": false }, "geometry": { "type": "LineString", "coordinates": [ [ 76.9215312, 28.3364048 ], [ 76.9215765, 28.3364312 ], [ 76.9218743, 28.3365768 ], [ 76.9223958, 28.3368318 ], [ 76.9234171, 28.3371378 ], [ 76.9244584, 28.3373237 ], [ 76.9256035, 28.3373141 ], [ 76.9269893, 28.3370921 ] ] } },
{ "type": "Feature", "properties": { "segment_id": "S309", "corridor_id": "segment_309", "highway": "trunk_link", "ref": null, "name": null, "length": 13.763224916773911, "u": 7379073312, "v": 11818396704, "metapath_priority": "None", "is_metapath_hard": false, "metapath_pairs": "", "damage_type": "none", "initial_open": true, "disaster_hard": false }, "geometry": { "type": "LineString", "coordinates": [ [ 76.9215312, 28.3364048 ], [ 76.9214818, 28.3364902 ], [ 76.9214648, 28.3365138 ] ] } },
{ "type": "Feature", "properties": { "segment_id": "S310", "corridor_id": "segment_310", "highway": "trunk_link", "ref": null, "name": null, "length": 7.3651203853009637, "u": 7379261272, "v": 11959724323, "metapath_priority": "None", "is_metapath_hard": false, "metapath_pairs": "", "damage_type": "none", "initial_open": true, "disaster_hard": false }, "geometry": { "type": "LineString", "coordinates": [ [ 76.9627772, 28.431049 ], [ 76.9628335, 28.431005 ] ] } },
{ "type": "Feature", "properties": { "segment_id": "S311", "corridor_id": "NH352W", "highway": "trunk", "ref": "NH352W", "name": "Gurgaon Rewari Narnaul Singhana Road", "length": 536.39467595044982, "u": 7379261272, "v": 9883043869, "metapath_priority": "None", "is_metapath_hard": false, "metapath_pairs": "", "damage_type": "none", "initial_open": true, "disaster_hard": false }, "geometry": { "type": "LineString", "coordinates": [ [ 76.9627772, 28.431049 ], [ 76.9643006, 28.4322512 ], [ 76.9647793, 28.4326097 ], [ 76.9649639, 28.4327306 ], [ 76.96501, 28.432763 ], [ 76.9651374, 28.4328421 ], [ 76.9652566, 28.4329086 ], [ 76.9654392, 28.4330154 ], [ 76.965985, 28.433302 ], [ 76.9669063, 28.4338162 ], [ 76.967142, 28.4339449 ] ] } },
{ "type": "Feature", "properties": { "segment_id": "S312", "corridor_id": "segment_312", "highway": "trunk_link", "ref": null, "name": null, "length": 8.5744213856603899, "u": 7379261281, "v": 4139980895, "metapath_priority": "None", "is_metapath_hard": false, "metapath_pairs": "", "damage_type": "none", "initial_open": true, "disaster_hard": false }, "geometry": { "type": "LineString", "coordinates": [ [ 76.9734201, 28.4373423 ], [ 76.9734643, 28.4372757 ] ] } },
{ "type": "Feature", "properties": { "segment_id": "S313", "corridor_id": "NH352W", "highway": "trunk", "ref": "NH352W", "name": "Gurgaon Rewari Narnaul Singhana Road", "length": 370.06318951541584, "u": 7379261281, "v": 11959752963, "metapath_priority": "None", "is_metapath_hard": false, "metapath_pairs": "", "damage_type": "none", "initial_open": true, "disaster_hard": false }, "geometry": { "type": "LineString", "coordinates": [ [ 76.9734201, 28.4373423 ], [ 76.9739015, 28.4376147 ], [ 76.9746177, 28.4380121 ], [ 76.9749784, 28.4382079 ], [ 76.9752775, 28.4383518 ], [ 76.9755913, 28.4384555 ], [ 76.9760111, 28.4385581 ], [ 76.9764268, 28.4386513 ], [ 76.9768162, 28.4387342 ] ] } },
{ "type": "Feature", "properties": { "segment_id": "S314", "corridor_id": "segment_314", "highway": "trunk_link", "ref": null, "name": null, "length": 6.29467255461301, "u": 7379262585, "v": 4210373145, "metapath_priority": "None", "is_metapath_hard": false, "metapath_pairs": "", "damage_type": "none", "initial_open": true, "disaster_hard": false }, "geometry": { "type": "LineString", "coordinates": [ [ 76.9774018, 28.4388589 ], [ 76.97742, 28.4388046 ] ] } },
{ "type": "Feature", "properties": { "segment_id": "S315", "corridor_id": "NH352W", "highway": "trunk", "ref": "NH352W", "name": "Gurgaon Rewari Narnaul Singhana Road", "length": 41.11425645303278, "u": 7379262585, "v": 7379262587, "metapath_priority": "None", "is_metapath_hard": false, "metapath_pairs": "", "damage_type": "none", "initial_open": true, "disaster_hard": false }, "geometry": { "type": "LineString", "coordinates": [ [ 76.9774018, 28.4388589 ], [ 76.977611, 28.4389048 ], [ 76.9776969, 28.4389155 ], [ 76.9777451, 28.4389178 ], [ 76.9778149, 28.4389155 ] ] } },
{ "type": "Feature", "properties": { "segment_id": "S316", "corridor_id": "NH352W", "highway": "trunk", "ref": "NH352W", "name": "Gurgaon Rewari Narnaul Singhana Road", "length": 41.307939017544371, "u": 7379262587, "v": 4210373145, "metapath_priority": "None", "is_metapath_hard": false, "metapath_pairs": "", "damage_type": "none", "initial_open": true, "disaster_hard": false }, "geometry": { "type": "LineString", "coordinates": [ [ 76.9778149, 28.4389155 ], [ 76.9777653, 28.4388765 ], [ 76.9777089, 28.4388553 ], [ 76.97742, 28.4388046 ] ] } },
{ "type": "Feature", "properties": { "segment_id": "S317", "corridor_id": "NH352W", "highway": "trunk", "ref": "NH352W", "name": "Gurgaon Rewari Narnaul Singhana Road", "length": 523.51364770949817, "u": 7379262587, "v": 4134895722, "metapath_priority": "None", "is_metapath_hard": false, "metapath_pairs": "", "damage_type": "none", "initial_open": true, "disaster_hard": false }, "geometry": { "type": "LineString", "coordinates": [ [ 76.9778149, 28.4389155 ], [ 76.9781297, 28.439 ], [ 76.9782183, 28.4390252 ], [ 76.9783526, 28.4390748 ], [ 76.9784173, 28.4390983 ], [ 76.978971, 28.4393457 ], [ 76.9793165, 28.4395 ], [ 76.9795544, 28.4396062 ], [ 76.9796938, 28.4396973 ], [ 76.9798381, 28.4398196 ], [ 76.9800253, 28.4400484 ], [ 76.9808941, 28.4412837 ], [ 76.9809703, 28.4413625 ], [ 76.9811207, 28.4414968 ], [ 76.9813225, 28.4416394 ], [ 76.9813822, 28.4416749 ], [ 76.981497, 28.4417433 ], [ 76.9816776, 28.4418408 ], [ 76.9817459, 28.441879 ] ] } },
{ "type": "Feature", "properties": { "segment_id": "S318", "corridor_id": "segment_318", "highway": "trunk_link", "ref": null, "name": null, "length": 62.723905850783304, "u": 7413302411, "v": 7413302408, "metapath_priority": "None", "is_metapath_hard": false, "metapath_pairs": "", "damage_type": "none", "initial_open": true, "disaster_hard": false }, "geometry": { "type": "LineString", "coordinates": [ [ 76.9360466, 28.4246171 ], [ 76.9359872, 28.4244883 ], [ 76.9359481, 28.4243863 ], [ 76.9359107, 28.4242679 ], [ 76.9358887, 28.424172 ], [ 76.9358751, 28.424076 ] ] } },
{ "type": "Feature", "properties": { "segment_id": "S319", "corridor_id": "NH352W", "highway": "trunk", "ref": "NH352W", "name": "Gurgaon Rewari Narnaul Singhana Road", "length": 75.103622117685902, "u": 7413302411, "v": 11932405229, "metapath_priority": "None", "is_metapath_hard": false, "metapath_pairs": "", "damage_type": "crack_pothole", "initial_open": true, "disaster_hard": false }, "geometry": { "type": "LineString", "coordinates": [ [ 76.9360466, 28.4246171 ], [ 76.9356729, 28.4245242 ], [ 76.935518, 28.4244863 ], [ 76.9353676, 28.4244627 ], [ 76.9353026, 28.4244521 ] ] } },
{ "type": "Feature", "properties": { "segment_id": "S320", "corridor_id": "segment_320", "highway": "trunk_link", "ref": null, "name": null, "length": 9.264615183562622, "u": 7413982044, "v": 4140053679, "metapath_priority": "None", "is_metapath_hard": false, "metapath_pairs": "", "damage_type": "crack_pothole", "initial_open": true, "disaster_hard": false }, "geometry": { "type": "LineString", "coordinates": [ [ 76.919363, 28.4221124 ], [ 76.919361, 28.4221957 ] ] } },
{ "type": "Feature", "properties": { "segment_id": "S321", "corridor_id": "NH352W", "highway": "trunk", "ref": "NH352W", "name": "Gurgaon Rewari Narnaul Singhana Road", "length": 213.49158990165856, "u": 7413982044, "v": 11959883307, "metapath_priority": "None", "is_metapath_hard": false, "metapath_pairs": "", "damage_type": "none", "initial_open": true, "disaster_hard": false }, "geometry": { "type": "LineString", "coordinates": [ [ 76.919363, 28.4221124 ], [ 76.9190697, 28.4220854 ], [ 76.9185521, 28.4220378 ], [ 76.9183878, 28.4220189 ], [ 76.9183635, 28.4220149 ], [ 76.9182212, 28.4219916 ], [ 76.9180284, 28.4219538 ], [ 76.9175517, 28.4218 ], [ 76.9174175, 28.4217509 ], [ 76.9172532, 28.4216821 ] ] } },
{ "type": "Feature", "properties": { "segment_id": "S322", "corridor_id": "segment_322", "highway": "primary_link", "ref": null, "name": null, "length": 10.303002413378167, "u": 7425090749, "v": 7425090750, "metapath_priority": "Medium", "is_metapath_hard": false, "metapath_pairs": "Sohna Industrial Area <-> Farrukhnagar Logistics Hub", "damage_type": "none", "initial_open": true, "disaster_hard": false }, "geometry": { "type": "LineString", "coordinates": [ [ 77.0291639, 28.4553558 ], [ 77.0290666, 28.4553202 ] ] } },
{ "type": "Feature", "properties": { "segment_id": "S323", "corridor_id": "NH248A", "highway": [ "primary", "trunk" ], "ref": "NH248A", "name": [ "Sohna Road", "Rajiv Chowk Underpass", "Shubhash Chowk Underpass" ], "length": 3546.1682728597971, "u": 7425090749, "v": 11909411852, "metapath_priority": "Medium", "is_metapath_hard": false, "metapath_pairs": "Sohna Industrial Area <-> Farrukhnagar Logistics Hub", "damage_type": "none", "initial_open": true, "disaster_hard": false }, "geometry": { "type": "LineString", "coordinates": [ [ 77.0291639, 28.4553558 ], [ 77.0293578, 28.4549401 ], [ 77.0294827, 28.4546722 ], [ 77.0296281, 28.4543606 ], [ 77.0297068, 28.4541919 ], [ 77.0298493, 28.453899 ], [ 77.0301487, 28.4533127 ], [ 77.0302344, 28.4531418 ], [ 77.0303641, 28.4528646 ], [ 77.0307614, 28.4520398 ], [ 77.0309283, 28.4516934 ], [ 77.0309726, 28.4516014 ], [ 77.0310443, 28.4514525 ], [ 77.0314133, 28.4506259 ], [ 77.0314523, 28.4505431 ], [ 77.0314659, 28.4505142 ], [ 77.0315228, 28.4503936 ], [ 77.0318647, 28.4496679 ], [ 77.0322117, 28.4489315 ], [ 77.0326924, 28.4477546 ], [ 77.0329996, 28.4471471 ], [ 77.0333699, 28.4466009 ], [ 77.0335869, 28.4463176 ], [ 77.0337264, 28.4461573 ], [ 77.0337933, 28.4459136 ], [ 77.0337952, 28.4457179 ], [ 77.0338066, 28.4454063 ], [ 77.0338422, 28.4450911 ], [ 77.0338487, 28.4448393 ], [ 77.0338851, 28.4443368 ], [ 77.0341652, 28.4420064 ], [ 77.0341857, 28.441848 ], [ 77.03423, 28.4415855 ], [ 77.0343095, 28.4409292 ], [ 77.0343771, 28.440327 ], [ 77.0345117, 28.439151 ], [ 77.0345935, 28.4386884 ], [ 77.0348307, 28.4374196 ], [ 77.0350074, 28.4367333 ], [ 77.0351872, 28.436024 ], [ 77.0353307, 28.435582 ], [ 77.0354597, 28.4352233 ], [ 77.0355094, 28.4350666 ], [ 77.0356728, 28.4345511 ], [ 77.0358168, 28.4340768 ], [ 77.035879, 28.4337991 ], [ 77.0359299, 28.4334471 ], [ 77.0360096, 28.4328762 ], [ 77.0360443, 28.4326277 ], [ 77.0360947, 28.4322672 ], [ 77.0361861, 28.4318239 ], [ 77.0362936, 28.4314185 ], [ 77.0364494, 28.4308312 ], [ 77.0368076, 28.4296061 ], [ 77.0369877, 28.4289814 ], [ 77.0371595, 28.4283308 ], [ 77.0375213, 28.4271368 ], [ 77.0381878, 28.4248625 ], [ 77.0382229, 28.4247436 ] ] } },
{ "type": "Feature", "properties": { "segment_id": "S324", "corridor_id": "segment_324", "highway": "primary_link", "ref": null, "name": null, "length": 10.303002413378167, "u": 7425090750, "v": 7425090749, "metapath_priority": "Medium", "is_metapath_hard": false, "metapath_pairs": "Sohna Industrial Area <-> Farrukhnagar Logistics Hub", "damage_type": "none", "initial_open": true, "disaster_hard": false }, "geometry": { "type": "LineString", "coordinates": [ [ 77.0290666, 28.4553202 ], [ 77.0291639, 28.4553558 ] ] } },
{ "type": "Feature", "properties": { "segment_id": "S325", "corridor_id": "Sohna Road", "highway": "primary", "ref": null, "name": "Sohna Road", "length": 240.44560539529789, "u": 7425090750, "v": 11909667841, "metapath_priority": "Medium", "is_metapath_hard": false, "metapath_pairs": "Sohna Industrial Area <-> Farrukhnagar Logistics Hub", "damage_type": "none", "initial_open": true, "disaster_hard": false }, "geometry": { "type": "LineString", "coordinates": [ [ 77.0290666, 28.4553202 ], [ 77.0287832, 28.4559478 ], [ 77.028467, 28.4565723 ], [ 77.0284473, 28.456614 ], [ 77.0284258, 28.4566473 ], [ 77.0282672, 28.4568866 ], [ 77.0279912, 28.4572574 ] ] } },
{ "type": "Feature", "properties": { "segment_id": "S326", "corridor_id": "segment_326", "highway": "primary_link", "ref": null, "name": null, "length": 9.4758384702327287, "u": 7437425052, "v": 9916328038, "metapath_priority": "None", "is_metapath_hard": false, "metapath_pairs": "", "damage_type": "none", "initial_open": true, "disaster_hard": false }, "geometry": { "type": "LineString", "coordinates": [ [ 76.9967022, 28.4572815 ], [ 76.9967002, 28.4571963 ] ] } },
{ "type": "Feature", "properties": { "segment_id": "S327", "corridor_id": "SH15A", "highway": "primary", "ref": "SH15A", "name": "Sub. Major Laxmi Chand Road", "length": 243.6822368741573, "u": 7437425052, "v": 7437688648, "metapath_priority": "Medium", "is_metapath_hard": false, "metapath_pairs": "Sohna Industrial Area <-> Farrukhnagar Logistics Hub", "damage_type": "none", "initial_open": true, "disaster_hard": false }, "geometry": { "type": "LineString", "coordinates": [ [ 76.9967022, 28.4572815 ], [ 76.9977525, 28.4572447 ], [ 76.9984445, 28.4572247 ], [ 76.9985261, 28.4572223 ], [ 76.9987823, 28.4572127 ], [ 76.9991051, 28.4571956 ], [ 76.9991924, 28.4571883 ] ] } },
{ "type": "Feature", "properties": { "segment_id": "S328", "corridor_id": "segment_328", "highway": "primary_link", "ref": null, "name": null, "length": 6.1064808420526262, "u": 7437688642, "v": 7437688648, "metapath_priority": "None", "is_metapath_hard": false, "metapath_pairs": "", "damage_type": "none", "initial_open": true, "disaster_hard": false }, "geometry": { "type": "LineString", "coordinates": [ [ 76.9991857, 28.4571337 ], [ 76.9991924, 28.4571883 ] ] } },
{ "type": "Feature", "properties": { "segment_id": "S329", "corridor_id": "SH15A", "highway": "primary", "ref": "SH15A", "name": "Sub. Major Laxmi Chand Road", "length": 243.12269535322031, "u": 7437688642, "v": 9916328038, "metapath_priority": "None", "is_metapath_hard": false, "metapath_pairs": "", "damage_type": "crack_pothole", "initial_open": true, "disaster_hard": false }, "geometry": { "type": "LineString", "coordinates": [ [ 76.9991857, 28.4571337 ], [ 76.9990192, 28.4571464 ], [ 76.9989805, 28.4571481 ], [ 76.9987593, 28.4571579 ], [ 76.9984324, 28.4571659 ], [ 76.9977598, 28.4571772 ], [ 76.9977061, 28.4571792 ], [ 76.9967002, 28.4571963 ] ] } },
{ "type": "Feature", "properties": { "segment_id": "S330", "corridor_id": "segment_330", "highway": "primary_link", "ref": null, "name": null, "length": 6.1064808420526262, "u": 7437688648, "v": 7437688642, "metapath_priority": "None", "is_metapath_hard": false, "metapath_pairs": "", "damage_type": "none", "initial_open": true, "disaster_hard": false }, "geometry": { "type": "LineString", "coordinates": [ [ 76.9991924, 28.4571883 ], [ 76.9991857, 28.4571337 ] ] } },
{ "type": "Feature", "properties": { "segment_id": "S331", "corridor_id": "SH15A", "highway": "primary", "ref": "SH15A", "name": "Sub. Major Laxmi Chand Road", "length": 1625.6860430892204, "u": 7437688648, "v": 6071404821, "metapath_priority": "Medium", "is_metapath_hard": false, "metapath_pairs": "Sohna Industrial Area <-> Farrukhnagar Logistics Hub", "damage_type": "none", "initial_open": true, "disaster_hard": false }, "geometry": { "type": "LineString", "coordinates": [ [ 76.9991924, 28.4571883 ], [ 76.9994918, 28.4571823 ], [ 77.0003624, 28.4571588 ], [ 77.0012324, 28.4571215 ], [ 77.0015055, 28.4571088 ], [ 77.001763, 28.4571041 ], [ 77.0019668, 28.4570947 ], [ 77.0023389, 28.4570773 ], [ 77.0026293, 28.4570732 ], [ 77.0028721, 28.4570687 ], [ 77.0032964, 28.4570558 ], [ 77.0036633, 28.4570487 ], [ 77.0039707, 28.4570362 ], [ 77.004012, 28.4570345 ], [ 77.0047161, 28.4570145 ], [ 77.0052217, 28.4570121 ], [ 77.0057286, 28.456998 ], [ 77.006081, 28.4569937 ], [ 77.0062025, 28.4569929 ], [ 77.0063669, 28.4569928 ], [ 77.0066531, 28.4569893 ], [ 77.0070978, 28.4569834 ], [ 77.0075528, 28.4569782 ], [ 77.007999, 28.4569731 ], [ 77.0081158, 28.456965 ], [ 77.0088454, 28.4569555 ], [ 77.0092554, 28.4569567 ], [ 77.0096862, 28.4569579 ], [ 77.0100567, 28.4569641 ], [ 77.0108322, 28.456965 ], [ 77.0112882, 28.4569673 ], [ 77.0116603, 28.4569762 ], [ 77.0123778, 28.4569685 ], [ 77.0131811, 28.456972 ], [ 77.0133783, 28.4569744 ], [ 77.0136438, 28.4569768 ], [ 77.0141146, 28.4569732 ], [ 77.0149809, 28.4569756 ], [ 77.0158166, 28.4569756 ] ] } },
{ "type": "Feature", "properties": { "segment_id": "S332", "corridor_id": "segment_332", "highway": "trunk_link", "ref": null, "name": null, "length": 15.144008432916962, "u": 7440839087, "v": 7440839091, "metapath_priority": "None", "is_metapath_hard": false, "metapath_pairs": "", "damage_type": "none", "initial_open": true, "disaster_hard": false }, "geometry": { "type": "LineString", "coordinates": [ [ 76.9164907, 28.3314917 ], [ 76.9163883, 28.3315938 ] ] } },
{ "type": "Feature", "properties": { "segment_id": "S333", "corridor_id": "NH48", "highway": "trunk", "ref": "NH48", "name": "Amer Road", "length": 172.19792141822583, "u": 7440839087, "v": 7440839088, "metapath_priority": "Medium", "is_metapath_hard": false, "metapath_pairs": "IMT Manesar <-> Bilaspur Logistics Hub; IMT Manesar <-> Farrukhnagar Logistics Hub; Udyog Vihar <-> Bilaspur Logistics Hub", "damage_type": "none", "initial_open": true, "disaster_hard": false }, "geometry": { "type": "LineString", "coordinates": [ [ 76.9164907, 28.3314917 ], [ 76.9176796, 28.332318 ], [ 76.9178602, 28.3324631 ] ] } },
{ "type": "Feature", "properties": { "segment_id": "S334", "corridor_id": "segment_334", "highway": "trunk_link", "ref": null, "name": null, "length": 10.973965532749343, "u": 7440839088, "v": 7440839089, "metapath_priority": "None", "is_metapath_hard": false, "metapath_pairs": "", "damage_type": "none", "initial_open": true, "disaster_hard": false }, "geometry": { "type": "LineString", "coordinates": [ [ 76.9178602, 28.3324631 ], [ 76.9177726, 28.3325247 ] ] } },
{ "type": "Feature", "properties": { "segment_id": "S335", "corridor_id": "NH48", "highway": "trunk", "ref": "NH48", "name": "Amer Road", "length": 571.99695875091641, "u": 7440839088, "v": 7379073312, "metapath_priority": "Medium", "is_metapath_hard": false, "metapath_pairs": "IMT Manesar <-> Bilaspur Logistics Hub; IMT Manesar <-> Farrukhnagar Logistics Hub; Udyog Vihar <-> Bilaspur Logistics Hub", "damage_type": "none", "initial_open": true, "disaster_hard": false }, "geometry": { "type": "LineString", "coordinates": [ [ 76.9178602, 28.3324631 ], [ 76.9180511, 28.3326109 ], [ 76.9183531, 28.3328918 ], [ 76.9186557, 28.3333301 ], [ 76.9197486, 28.3347866 ], [ 76.9201112, 28.3352569 ], [ 76.9205516, 28.3356989 ], [ 76.9210595, 28.3361299 ], [ 76.9215312, 28.3364048 ] ] } },
{ "type": "Feature", "properties": { "segment_id": "S336", "corridor_id": "segment_336", "highway": "trunk_link", "ref": null, "name": null, "length": 10.973965532749343, "u": 7440839089, "v": 7440839088, "metapath_priority": "None", "is_metapath_hard": false, "metapath_pairs": "", "damage_type": "none", "initial_open": true, "disaster_hard": false }, "geometry": { "type": "LineString", "coordinates": [ [ 76.9177726, 28.3325247 ], [ 76.9178602, 28.3324631 ] ] } },
{ "type": "Feature", "properties": { "segment_id": "S337", "corridor_id": "segment_337", "highway": "trunk_link", "ref": null, "name": null, "length": 15.144008432916962, "u": 7440839091, "v": 7440839087, "metapath_priority": "None", "is_metapath_hard": false, "metapath_pairs": "", "damage_type": "none", "initial_open": true, "disaster_hard": false }, "geometry": { "type": "LineString", "coordinates": [ [ 76.9163883, 28.3315938 ], [ 76.9164907, 28.3314917 ] ] } },
{ "type": "Feature", "properties": { "segment_id": "S338", "corridor_id": "segment_338", "highway": "trunk_link", "ref": null, "name": null, "length": 14.23925747076359, "u": 7440839199, "v": 11818381856, "metapath_priority": "None", "is_metapath_hard": false, "metapath_pairs": "", "damage_type": "none", "initial_open": true, "disaster_hard": false }, "geometry": { "type": "LineString", "coordinates": [ [ 76.8968379, 28.3208032 ], [ 76.8967319, 28.3208909 ] ] } },
{ "type": "Feature", "properties": { "segment_id": "S339", "corridor_id": "NH48", "highway": "trunk", "ref": "NH48", "name": "Amer Road", "length": 665.3591147549273, "u": 7440839199, "v": 9888876445, "metapath_priority": "Medium", "is_metapath_hard": false, "metapath_pairs": "IMT Manesar <-> Bilaspur Logistics Hub; IMT Manesar <-> Farrukhnagar Logistics Hub; Udyog Vihar <-> Bilaspur Logistics Hub", "damage_type": "none", "initial_open": true, "disaster_hard": false }, "geometry": { "type": "LineString", "coordinates": [ [ 76.8968379, 28.3208032 ], [ 76.8972908, 28.32117 ], [ 76.8982799, 28.3219802 ], [ 76.9018165, 28.3248772 ] ] } },
{ "type": "Feature", "properties": { "segment_id": "S340", "corridor_id": "NH48", "highway": "trunk", "ref": "NH48", "name": "Amer Road", "length": 1829.6049904012327, "u": 7466598581, "v": 11818396712, "metapath_priority": "None", "is_metapath_hard": false, "metapath_pairs": "", "damage_type": "none", "initial_open": true, "disaster_hard": false }, "geometry": { "type": "LineString", "coordinates": [ [ 76.927264, 28.3369018 ], [ 76.9255352, 28.337165 ], [ 76.9244277, 28.3371957 ], [ 76.9234268, 28.3369844 ], [ 76.9229464, 28.3368646 ], [ 76.9224515, 28.336685 ], [ 76.9216906, 28.3363213 ], [ 76.9211533, 28.3359899 ], [ 76.9206115, 28.3355545 ], [ 76.9201996, 28.3351491 ], [ 76.9198616, 28.3347193 ], [ 76.9188202, 28.3332888 ], [ 76.9184642, 28.3328091 ], [ 76.9181736, 28.3325357 ], [ 76.9177609, 28.3321943 ], [ 76.916008, 28.3309907 ], [ 76.9146118, 28.3300852 ], [ 76.9139892, 28.3297912 ], [ 76.9120881, 28.3290863 ] ] } },
{ "type": "Feature", "properties": { "segment_id": "S341", "corridor_id": "segment_341", "highway": "trunk_link", "ref": null, "name": null, "length": 14.984138292606156, "u": 7466598581, "v": 7466598582, "metapath_priority": "None", "is_metapath_hard": false, "metapath_pairs": "", "damage_type": "none", "initial_open": true, "disaster_hard": false }, "geometry": { "type": "LineString", "coordinates": [ [ 76.927264, 28.3369018 ], [ 76.9272496, 28.3368347 ], [ 76.9272355, 28.3367694 ] ] } },
{ "type": "Feature", "properties": { "segment_id": "S342", "corridor_id": "segment_342", "highway": "trunk_link", "ref": null, "name": null, "length": 14.984138292606156, "u": 7466598582, "v": 7466598581, "metapath_priority": "None", "is_metapath_hard": false, "metapath_pairs": "", "damage_type": "none", "initial_open": true, "disaster_hard": false }, "geometry": { "type": "LineString", "coordinates": [ [ 76.9272355, 28.3367694 ], [ 76.9272496, 28.3368347 ], [ 76.927264, 28.3369018 ] ] } },
{ "type": "Feature", "properties": { "segment_id": "S343", "corridor_id": "SH15A", "highway": "primary", "ref": "SH15A", "name": null, "length": 156.75425853223362, "u": 7488907018, "v": 11843077564, "metapath_priority": "None", "is_metapath_hard": false, "metapath_pairs": "", "damage_type": "crack_pothole", "initial_open": true, "disaster_hard": false }, "geometry": { "type": "LineString", "coordinates": [ [ 76.925079, 28.472207 ], [ 76.9251609, 28.4722391 ], [ 76.9253474, 28.4722352 ], [ 76.9262162, 28.4722491 ], [ 76.9266747, 28.4722532 ] ] } },
{ "type": "Feature", "properties": { "segment_id": "S344", "corridor_id": "SH15A", "highway": "primary", "ref": "SH15A", "name": null, "length": 69.146285681539183, "u": 7488907018, "v": 9912385793, "metapath_priority": "Medium", "is_metapath_hard": false, "metapath_pairs": "Sohna Industrial Area <-> Farrukhnagar Logistics Hub", "damage_type": "none", "initial_open": true, "disaster_hard": false }, "geometry": { "type": "LineString", "coordinates": [ [ 76.925079, 28.472207 ], [ 76.9249467, 28.4722004 ], [ 76.9248598, 28.472195 ], [ 76.9247428, 28.4721812 ], [ 76.9246576, 28.4721701 ], [ 76.9243779, 28.4721289 ] ] } },
{ "type": "Feature", "properties": { "segment_id": "S345", "corridor_id": "NH352W", "highway": "trunk", "ref": "NH352W", "name": null, "length": 8.247886581815445, "u": 7543673664, "v": 7543673665, "metapath_priority": "None", "is_metapath_hard": false, "metapath_pairs": "", "damage_type": "none", "initial_open": true, "disaster_hard": false }, "geometry": { "type": "LineString", "coordinates": [ [ 76.9972797, 28.4483158 ], [ 76.9972028, 28.4482853 ] ] } },
{ "type": "Feature", "properties": { "segment_id": "S346", "corridor_id": "segment_346", "highway": "trunk", "ref": null, "name": null, "length": 35.224298587466926, "u": 7543673664, "v": 7544058371, "metapath_priority": "None", "is_metapath_hard": false, "metapath_pairs": "", "damage_type": "none", "initial_open": true, "disaster_hard": false }, "geometry": { "type": "LineString", "coordinates": [ [ 76.9972797, 28.4483158 ], [ 76.9974547, 28.4480389 ] ] } },
{ "type": "Feature", "properties": { "segment_id": "S347", "corridor_id": "NH352W", "highway": "trunk", "ref": "NH352W", "name": null, "length": 20.166188958225913, "u": 7543673665, "v": 11843751359, "metapath_priority": "None", "is_metapath_hard": false, "metapath_pairs": "", "damage_type": "none", "initial_open": true, "disaster_hard": false }, "geometry": { "type": "LineString", "coordinates": [ [ 76.9972028, 28.4482853 ], [ 76.9970212, 28.4481993 ] ] } },
{ "type": "Feature", "properties": { "segment_id": "S348", "corridor_id": "segment_348", "highway": "trunk_link", "ref": null, "name": null, "length": 7.5110125925086582, "u": 7544058360, "v": 10081984364, "metapath_priority": "None", "is_metapath_hard": false, "metapath_pairs": "", "damage_type": "none", "initial_open": true, "disaster_hard": false }, "geometry": { "type": "LineString", "coordinates": [ [ 76.9966882, 28.4492281 ], [ 76.9967412, 28.449277 ] ] } },
{ "type": "Feature", "properties": { "segment_id": "S349", "corridor_id": "SH26", "highway": "primary", "ref": "SH26", "name": "Gurgaon Rewari Narnaul Singhana Road", "length": 41.750940636820957, "u": 7544058367, "v": 7543673664, "metapath_priority": "None", "is_metapath_hard": false, "metapath_pairs": "", "damage_type": "none", "initial_open": true, "disaster_hard": false }, "geometry": { "type": "LineString", "coordinates": [ [ 76.9976692, 28.4484697 ], [ 76.9975317, 28.4484135 ], [ 76.9972797, 28.4483158 ] ] } },
{ "type": "Feature", "properties": { "segment_id": "S350", "corridor_id": "segment_350", "highway": "primary_link", "ref": null, "name": null, "length": 52.689387867427186, "u": 7544058367, "v": 7544058371, "metapath_priority": "None", "is_metapath_hard": false, "metapath_pairs": "", "damage_type": "none", "initial_open": true, "disaster_hard": false }, "geometry": { "type": "LineString", "coordinates": [ [ 76.9976692, 28.4484697 ], [ 76.9975841, 28.4483598 ], [ 76.9975466, 28.4482796 ], [ 76.9975036, 28.4481853 ], [ 76.9974547, 28.4480389 ] ] } },
{ "type": "Feature", "properties": { "segment_id": "S351", "corridor_id": "segment_351", "highway": "trunk", "ref": null, "name": null, "length": 396.66101990515779, "u": 7544058371, "v": 13332872886, "metapath_priority": "None", "is_metapath_hard": false, "metapath_pairs": "", "damage_type": "none", "initial_open": true, "disaster_hard": false }, "geometry": { "type": "LineString", "coordinates": [ [ 76.9974547, 28.4480389 ], [ 76.9977679, 28.4474668 ], [ 76.9978034, 28.4473883 ], [ 76.9978627, 28.4472716 ], [ 76.9978965, 28.4472062 ], [ 76.9982764, 28.4464716 ], [ 76.9984125, 28.4462085 ], [ 76.9991309, 28.4448766 ], [ 76.9991671, 28.4448053 ] ] } },
{ "type": "Feature", "properties": { "segment_id": "S352", "corridor_id": "SH26", "highway": "primary", "ref": "SH26", "name": "Pataudi Road", "length": 974.3145737160894, "u": 7544058372, "v": 11843016072, "metapath_priority": "None", "is_metapath_hard": false, "metapath_pairs": "", "damage_type": "none", "initial_open": true, "disaster_hard": false }, "geometry": { "type": "LineString", "coordinates": [ [ 76.9974336, 28.4484509 ], [ 76.998543, 28.4489483 ], [ 76.9988525, 28.4490647 ], [ 76.9991273, 28.4491751 ], [ 76.999243, 28.4492241 ], [ 76.9992964, 28.4492467 ], [ 76.999583, 28.4493682 ], [ 76.9997658, 28.4494456 ], [ 77.0003507, 28.449701 ], [ 77.0009234, 28.4499465 ], [ 77.0011234, 28.4500209 ], [ 77.0012516, 28.4500738 ], [ 77.0016062, 28.4502205 ], [ 77.0024237, 28.4505587 ], [ 77.0024721, 28.4505785 ], [ 77.0030064, 28.4507968 ], [ 77.003058, 28.4508116 ], [ 77.0033059, 28.4508931 ], [ 77.0036756, 28.4509565 ], [ 77.0041781, 28.4510342 ], [ 77.0045655, 28.451094 ], [ 77.0051697, 28.4512367 ], [ 77.0057018, 28.4514244 ], [ 77.006321, 28.4516385 ], [ 77.006608, 28.451768 ] ] } },
{ "type": "Feature", "properties": { "segment_id": "S353", "corridor_id": "segment_353", "highway": "motorway", "ref": null, "name": null, "length": 365.43864675012799, "u": 7610574167, "v": 7610591432, "metapath_priority": "None", "is_metapath_hard": false, "metapath_pairs": "", "damage_type": "none", "initial_open": true, "disaster_hard": false }, "geometry": { "type": "LineString", "coordinates": [ [ 76.9909039, 28.4056094 ], [ 76.9928894, 28.4047894 ], [ 76.9942972, 28.4042342 ] ] } },
{ "type": "Feature", "properties": { "segment_id": "S354", "corridor_id": "segment_354", "highway": "motorway_link", "ref": null, "name": null, "length": 438.06237893352386, "u": 7610574167, "v": 320917733, "metapath_priority": "None", "is_metapath_hard": false, "metapath_pairs": "", "damage_type": "none", "initial_open": true, "disaster_hard": false }, "geometry": { "type": "LineString", "coordinates": [ [ 76.9909039, 28.4056094 ], [ 76.9912055, 28.4055419 ], [ 76.9914124, 28.4055086 ], [ 76.9916266, 28.4054881 ], [ 76.9917219, 28.4054904 ], [ 76.9918113, 28.4054981 ], [ 76.9919063, 28.4055208 ], [ 76.9920062, 28.4055556 ], [ 76.992096, 28.4056019 ], [ 76.9921723, 28.4056593 ], [ 76.9922418, 28.4057278 ], [ 76.9922931, 28.4057896 ], [ 76.9923353, 28.4058579 ], [ 76.992375, 28.405946 ], [ 76.9923958, 28.4060193 ], [ 76.9924055, 28.4060755 ], [ 76.9924089, 28.4061521 ], [ 76.9924027, 28.4062253 ], [ 76.9923864, 28.4063074 ], [ 76.9923505, 28.4064333 ], [ 76.9923114, 28.4065296 ], [ 76.9922593, 28.4066324 ], [ 76.9922031, 28.4067213 ], [ 76.9921364, 28.4068058 ], [ 76.992055, 28.4068886 ], [ 76.9919825, 28.4069472 ], [ 76.991919, 28.4069858 ], [ 76.9918222, 28.4070306 ], [ 76.9917062, 28.4070661 ], [ 76.9916208, 28.4070791 ], [ 76.9915328, 28.4070808 ], [ 76.9914425, 28.4070753 ], [ 76.9913436, 28.4070586 ], [ 76.9912127, 28.4070106 ], [ 76.9911222, 28.4069607 ], [ 76.9911089, 28.4069533 ], [ 76.9910047, 28.4068783 ], [ 76.9909291, 28.4068122 ], [ 76.9907335, 28.4065953 ] ] } },
{ "type": "Feature", "properties": { "segment_id": "S355", "corridor_id": "NH48", "highway": "motorway", "ref": "NH48", "name": "Delhi-Gurugram Expressway", "length": 208.39163869688568, "u": 7610591405, "v": 12278015322, "metapath_priority": "None", "is_metapath_hard": false, "metapath_pairs": "", "damage_type": "none", "initial_open": true, "disaster_hard": false }, "geometry": { "type": "LineString", "coordinates": [ [ 76.9898916, 28.4050424 ], [ 76.989618, 28.4045375 ], [ 76.9896117, 28.4045258 ], [ 76.9892862, 28.4039182 ], [ 76.988975, 28.4033506 ] ] } },
{ "type": "Feature", "properties": { "segment_id": "S356", "corridor_id": "segment_356", "highway": "motorway_link", "ref": null, "name": null, "length": 401.34888015198663, "u": 7610591405, "v": 2788849635, "metapath_priority": "None", "is_metapath_hard": false, "metapath_pairs": "", "damage_type": "none", "initial_open": true, "disaster_hard": false }, "geometry": { "type": "LineString", "coordinates": [ [ 76.9898916, 28.4050424 ], [ 76.9898648, 28.4047957 ], [ 76.9898851, 28.4046085 ], [ 76.9899324, 28.4044571 ], [ 76.9899722, 28.4043774 ], [ 76.990029, 28.4043026 ], [ 76.9900889, 28.4042373 ], [ 76.9901411, 28.4041935 ], [ 76.9902323, 28.4041343 ], [ 76.9903285, 28.4040917 ], [ 76.9904347, 28.404059 ], [ 76.9905418, 28.4040401 ], [ 76.9906711, 28.4040338 ], [ 76.9907939, 28.4040389 ], [ 76.9909302, 28.4040547 ], [ 76.991061, 28.4040843 ], [ 76.9911753, 28.4041255 ], [ 76.9912528, 28.4041672 ], [ 76.9913302, 28.4042292 ], [ 76.9914064, 28.4043061 ], [ 76.9914568, 28.4043806 ], [ 76.9914989, 28.4044754 ], [ 76.9915274, 28.4045512 ], [ 76.9915392, 28.4046123 ], [ 76.9915455, 28.4046802 ], [ 76.9915435, 28.4047513 ], [ 76.9915286, 28.404825 ], [ 76.9915095, 28.4048848 ], [ 76.9914821, 28.4049417 ], [ 76.9914499, 28.4049895 ], [ 76.9913945, 28.4050603 ], [ 76.9912705, 28.4051703 ], [ 76.9911195, 28.4052835 ], [ 76.9908323, 28.4054783 ] ] } },
{ "type": "Feature", "properties": { "segment_id": "S357", "corridor_id": "NH48", "highway": "motorway", "ref": "NH48", "name": "Delhi-Gurugram Expressway", "length": 190.69170669348642, "u": 7610591418, "v": 320917729, "metapath_priority": "Medium", "is_metapath_hard": false, "metapath_pairs": "Udyog Vihar <-> Bilaspur Logistics Hub", "damage_type": "none", "initial_open": true, "disaster_hard": false }, "geometry": { "type": "LineString", "coordinates": [ [ 76.9897712, 28.4050957 ], [ 76.9906131, 28.4066425 ] ] } },
{ "type": "Feature", "properties": { "segment_id": "S358", "corridor_id": "NH248BB", "highway": "motorway", "ref": "NH248BB", "name": "Dwarka Expressway", "length": 1601.6294210577992, "u": 7610591434, "v": 11285054888, "metapath_priority": "None", "is_metapath_hard": false, "metapath_pairs": "", "damage_type": "none", "initial_open": true, "disaster_hard": false }, "geometry": { "type": "LineString", "coordinates": [ [ 76.9866699, 28.4072042 ], [ 76.9862137, 28.4074401 ], [ 76.9858431, 28.4076586 ], [ 76.9853916, 28.4079763 ], [ 76.9844069, 28.4087456 ], [ 76.983442, 28.4095547 ], [ 76.9829672, 28.4099703 ], [ 76.9822189, 28.4104902 ], [ 76.9805125, 28.4115944 ], [ 76.9789174, 28.412715 ], [ 76.9780995, 28.4132722 ], [ 76.9772969, 28.413764 ], [ 76.9764183, 28.4142559 ], [ 76.974725, 28.415209 ], [ 76.973614, 28.4158434 ] ] } },
{ "type": "Feature", "properties": { "segment_id": "S359", "corridor_id": "SH15A", "highway": "primary", "ref": "SH15A", "name": null, "length": 93.901938004788377, "u": 7613824677, "v": 11843067841, "metapath_priority": "None", "is_metapath_hard": false, "metapath_pairs": "", "damage_type": "none", "initial_open": true, "disaster_hard": false }, "geometry": { "type": "LineString", "coordinates": [ [ 76.9622261, 28.4726793 ], [ 76.9621903, 28.4727276 ], [ 76.9621235, 28.4727868 ], [ 76.9620148, 28.4728508 ], [ 76.9614248, 28.4731288 ] ] } },
{ "type": "Feature", "properties": { "segment_id": "S360", "corridor_id": "segment_360", "highway": "primary", "ref": null, "name": null, "length": 23.073791931954503, "u": 7613824677, "v": 7613824678, "metapath_priority": "None", "is_metapath_hard": false, "metapath_pairs": "", "damage_type": "crack_pothole", "initial_open": true, "disaster_hard": false }, "geometry": { "type": "LineString", "coordinates": [ [ 76.9622261, 28.4726793 ], [ 76.96225, 28.4727488 ], [ 76.962295, 28.4728034 ], [ 76.9623574, 28.4728427 ] ] } },
{ "type": "Feature", "properties": { "segment_id": "S361", "corridor_id": "segment_361", "highway": "primary", "ref": null, "name": null, "length": 52.504383566923039, "u": 7613824678, "v": 7613862095, "metapath_priority": "Medium", "is_metapath_hard": false, "metapath_pairs": "Sohna Industrial Area <-> Farrukhnagar Logistics Hub", "damage_type": "none", "initial_open": true, "disaster_hard": false }, "geometry": { "type": "LineString", "coordinates": [ [ 76.9623574, 28.4728427 ], [ 76.9624307, 28.4728626 ], [ 76.9625074, 28.4728612 ], [ 76.9625797, 28.4728385 ], [ 76.9626401, 28.4727968 ], [ 76.9626824, 28.4727406 ], [ 76.9627023, 28.4726754 ], [ 76.9626978, 28.4726081 ] ] } },
{ "type": "Feature", "properties": { "segment_id": "S362", "corridor_id": "SH15A", "highway": "primary", "ref": "SH15A", "name": null, "length": 1020.2445860494342, "u": 7613862095, "v": 11843501863, "metapath_priority": "Medium", "is_metapath_hard": false, "metapath_pairs": "Sohna Industrial Area <-> Farrukhnagar Logistics Hub", "damage_type": "none", "initial_open": true, "disaster_hard": false }, "geometry": { "type": "LineString", "coordinates": [ [ 76.9626978, 28.4726081 ], [ 76.9627362, 28.4725543 ], [ 76.9628032, 28.4724875 ], [ 76.963756, 28.4720367 ], [ 76.9645041, 28.471678 ], [ 76.9645481, 28.4716569 ], [ 76.9646506, 28.4716078 ], [ 76.9647051, 28.4715817 ], [ 76.9647988, 28.4715368 ], [ 76.966027, 28.470934 ], [ 76.9669591, 28.4704765 ], [ 76.9672755, 28.4703053 ], [ 76.9674984, 28.4701907 ], [ 76.968407, 28.4697052 ], [ 76.9712156, 28.4679529 ], [ 76.9713817, 28.4679418 ], [ 76.9715834, 28.4678733 ] ] } },
{ "type": "Feature", "properties": { "segment_id": "S363", "corridor_id": "segment_363", "highway": "primary", "ref": null, "name": null, "length": 15.008409748537208, "u": 7613862095, "v": 7613862097, "metapath_priority": "None", "is_metapath_hard": false, "metapath_pairs": "", "damage_type": "none", "initial_open": true, "disaster_hard": false }, "geometry": { "type": "LineString", "coordinates": [ [ 76.9626978, 28.4726081 ], [ 76.9626692, 28.4725454 ], [ 76.9626197, 28.4724939 ] ] } },
{ "type": "Feature", "properties": { "segment_id": "S364", "corridor_id": "segment_364", "highway": "primary", "ref": null, "name": null, "length": 55.897403868392331, "u": 7613862097, "v": 7613824677, "metapath_priority": "None", "is_metapath_hard": false, "metapath_pairs": "", "damage_type": "none", "initial_open": true, "disaster_hard": false }, "geometry": { "type": "LineString", "coordinates": [ [ 76.9626197, 28.4724939 ], [ 76.9625541, 28.4724589 ], [ 76.9624734, 28.4724436 ], [ 76.9623916, 28.4724532 ], [ 76.9623184, 28.4724867 ], [ 76.9622625, 28.4725401 ], [ 76.9622304, 28.4726069 ], [ 76.9622261, 28.4726793 ] ] } },
{ "type": "Feature", "properties": { "segment_id": "S365", "corridor_id": "SH15A", "highway": "primary", "ref": "SH15A", "name": null, "length": 42.129871365206306, "u": 7877267461, "v": 7230262748, "metapath_priority": "Medium", "is_metapath_hard": false, "metapath_pairs": "IMT Manesar <-> Farrukhnagar Logistics Hub; Sohna Industrial Area <-> Farrukhnagar Logistics Hub", "damage_type": "none", "initial_open": true, "disaster_hard": false }, "geometry": { "type": "LineString", "coordinates": [ [ 76.8254984, 28.4658745 ], [ 76.825897, 28.4657304 ] ] } },
{ "type": "Feature", "properties": { "segment_id": "S366", "corridor_id": "NH248A", "highway": "trunk", "ref": "NH248A", "name": null, "length": 8469.0316423530494, "u": 8901672715, "v": 11927969970, "metapath_priority": "None", "is_metapath_hard": false, "metapath_pairs": "", "damage_type": "none", "initial_open": true, "disaster_hard": false }, "geometry": { "type": "LineString", "coordinates": [ [ 77.0664906, 28.2995423 ], [ 77.066493, 28.2996353 ], [ 77.0665354, 28.3012747 ], [ 77.0666578, 28.3064613 ], [ 77.0666742, 28.3069727 ], [ 77.066696, 28.3076502 ], [ 77.0667567, 28.3095381 ], [ 77.0668512, 28.3120099 ], [ 77.0669688, 28.3158978 ], [ 77.0671206, 28.32146 ], [ 77.0671294, 28.321731 ], [ 77.0671509, 28.3223951 ], [ 77.0674214, 28.3300394 ], [ 77.0674304, 28.3302927 ], [ 77.0674589, 28.3310994 ], [ 77.0675384, 28.3335484 ], [ 77.0675548, 28.3343187 ], [ 77.0675686, 28.3344808 ], [ 77.0675858, 28.33501 ], [ 77.0676303, 28.3363801 ], [ 77.0676774, 28.3378319 ], [ 77.0676957, 28.3383723 ], [ 77.0678106, 28.3421934 ], [ 77.0678883, 28.344665 ], [ 77.067902, 28.3449872 ], [ 77.067882, 28.3456324 ], [ 77.0678158, 28.3460325 ], [ 77.0676703, 28.3465442 ], [ 77.0674819, 28.3469581 ], [ 77.0666315, 28.348362 ], [ 77.0660481, 28.3493064 ], [ 77.0649683, 28.3509623 ], [ 77.0645684, 28.3515735 ], [ 77.0639974, 28.3523407 ], [ 77.0631049, 28.3535355 ], [ 77.0628885, 28.3538413 ], [ 77.0626027, 28.3543517 ], [ 77.0624362, 28.3548043 ], [ 77.0618978, 28.3566237 ], [ 77.0612351, 28.3588023 ], [ 77.0603723, 28.3619048 ], [ 77.0601533, 28.3626748 ], [ 77.0596412, 28.3643369 ], [ 77.0589343, 28.3665328 ], [ 77.0565411, 28.3737502 ] ] } },
{ "type": "Feature", "properties": { "segment_id": "S367", "corridor_id": "segment_367", "highway": "motorway_link", "ref": null, "name": null, "length": 1176.5931041348306, "u": 8901672716, "v": 8901678232, "metapath_priority": "None", "is_metapath_hard": false, "metapath_pairs": "", "damage_type": "none", "initial_open": true, "disaster_hard": false }, "geometry": { "type": "LineString", "coordinates": [ [ 77.0663439, 28.2939561 ], [ 77.0662917, 28.2941352 ], [ 77.066263, 28.2943134 ], [ 77.0662557, 28.2946064 ], [ 77.0662535, 28.2949351 ], [ 77.0662509, 28.2952996 ], [ 77.0662347, 28.2954461 ], [ 77.0661929, 28.2956212 ], [ 77.0661276, 28.2957768 ], [ 77.0660317, 28.295932 ], [ 77.0658766, 28.2961262 ], [ 77.0657836, 28.2962315 ], [ 77.0656938, 28.2963362 ], [ 77.0653362, 28.2967408 ], [ 77.0644714, 28.2977016 ], [ 77.0643754, 28.2978168 ], [ 77.0643001, 28.2979241 ], [ 77.0642292, 28.2980652 ], [ 77.064188, 28.2981774 ], [ 77.0641661, 28.2982636 ], [ 77.0641524, 28.2983573 ], [ 77.0641476, 28.2985057 ], [ 77.064164, 28.2986293 ], [ 77.064184, 28.2987216 ], [ 77.0642291, 28.2988479 ], [ 77.06429, 28.298969 ], [ 77.0644147, 28.299135 ], [ 77.0645667, 28.2992734 ], [ 77.0647441, 28.2993904 ], [ 77.0649111, 28.2994627 ], [ 77.0651671, 28.2995319 ], [ 77.0654202, 28.2995502 ], [ 77.0656859, 28.299541 ], [ 77.0671038, 28.2993518 ], [ 77.0687448, 28.299141 ], [ 77.0690425, 28.2991173 ], [ 77.0696499, 28.2991034 ] ] } },
{ "type": "Feature", "properties": { "segment_id": "S368", "corridor_id": "NH248A", "highway": "trunk", "ref": "NH248A", "name": null, "length": 190.49667320861019, "u": 8901672716, "v": 1812344837, "metapath_priority": "None", "is_metapath_hard": false, "metapath_pairs": "", "damage_type": "none", "initial_open": true, "disaster_hard": false }, "geometry": { "type": "LineString", "coordinates": [ [ 77.0663439, 28.2939561 ], [ 77.0663566, 28.2945801 ], [ 77.0663844, 28.2956689 ] ] } },
{ "type": "Feature", "properties": { "segment_id": "S369", "corridor_id": "NE-4", "highway": "motorway", "ref": "NE-4", "name": "Delhi - Vadodara Expressway", "length": 4686.9430722777042, "u": 8901678232, "v": 11928233468, "metapath_priority": "None", "is_metapath_hard": false, "metapath_pairs": "", "damage_type": "none", "initial_open": true, "disaster_hard": false }, "geometry": { "type": "LineString", "coordinates": [ [ 77.0696499, 28.2991034 ], [ 77.0740686, 28.2985362 ], [ 77.0744735, 28.2984819 ], [ 77.0827415, 28.2974 ], [ 77.0831496, 28.2973426 ], [ 77.0943824, 28.2958409 ], [ 77.0946765, 28.2958035 ], [ 77.0949687, 28.2957566 ], [ 77.0952589, 28.2957004 ], [ 77.0955465, 28.2956348 ], [ 77.0958311, 28.29556 ], [ 77.0961125, 28.295476 ], [ 77.0963902, 28.2953831 ], [ 77.0966638, 28.2952812 ], [ 77.0969055, 28.2951824 ], [ 77.0971435, 28.2950766 ], [ 77.0973773, 28.2949639 ], [ 77.0976068, 28.2948446 ], [ 77.0978318, 28.2947187 ], [ 77.0980519, 28.2945863 ], [ 77.0982669, 28.2944477 ], [ 77.0984767, 28.2943029 ], [ 77.098662, 28.2941625 ], [ 77.0988423, 28.2940173 ], [ 77.0990175, 28.2938672 ], [ 77.0991874, 28.2937125 ], [ 77.0993764, 28.2935287 ], [ 77.0995578, 28.2933392 ], [ 77.0997315, 28.2931441 ], [ 77.0998974, 28.2929438 ], [ 77.100055, 28.2927384 ], [ 77.1008178, 28.2917431 ], [ 77.1008773, 28.2916624 ], [ 77.1073241, 28.2828586 ], [ 77.107425, 28.2827326 ], [ 77.1087348, 28.2809378 ] ] } },
{ "type": "Feature", "properties": { "segment_id": "S370", "corridor_id": "NE-4", "highway": "motorway", "ref": "NE-4", "name": "Delhi - Vadodara Expressway", "length": 750.46421034905416, "u": 8901678233, "v": 8901678232, "metapath_priority": "None", "is_metapath_hard": false, "metapath_pairs": "", "damage_type": "none", "initial_open": true, "disaster_hard": false }, "geometry": { "type": "LineString", "coordinates": [ [ 77.0667322, 28.3041761 ], [ 77.0668584, 28.3029843 ], [ 77.0668735, 28.3026126 ], [ 77.0668219, 28.3012329 ], [ 77.0668237, 28.3007082 ], [ 77.0668515, 28.300517 ], [ 77.0668901, 28.3003716 ], [ 77.0669443, 28.300233 ], [ 77.0670084, 28.3001107 ], [ 77.0670985, 28.299975 ], [ 77.0671936, 28.2998607 ], [ 77.0673815, 28.2996873 ], [ 77.0676201, 28.2995277 ], [ 77.0679097, 28.2993942 ], [ 77.0682312, 28.2993098 ], [ 77.0696499, 28.2991034 ] ] } },
{ "type": "Feature", "properties": { "segment_id": "S371", "corridor_id": "NH248A", "highway": "trunk", "ref": "NH248A", "name": null, "length": 1137.2253630414775, "u": 8901678233, "v": 1812344838, "metapath_priority": "None", "is_metapath_hard": false, "metapath_pairs": "", "damage_type": "none", "initial_open": true, "disaster_hard": false }, "geometry": { "type": "LineString", "coordinates": [ [ 77.0667322, 28.3041761 ], [ 77.066697, 28.302183 ], [ 77.066662, 28.3010725 ], [ 77.0665479, 28.2967031 ], [ 77.0665358, 28.29602 ], [ 77.066475, 28.2939514 ] ] } },
{ "type": "Feature", "properties": { "segment_id": "S372", "corridor_id": "segment_372", "highway": "motorway_link", "ref": null, "name": null, "length": 789.16730666790852, "u": 8901678243, "v": 1812344838, "metapath_priority": "None", "is_metapath_hard": false, "metapath_pairs": "", "damage_type": "none", "initial_open": true, "disaster_hard": false }, "geometry": { "type": "LineString", "coordinates": [ [ 77.0696153, 28.2988398 ], [ 77.0691911, 28.2988302 ], [ 77.0687853, 28.2988523 ], [ 77.0684782, 28.298882 ], [ 77.068091, 28.2989034 ], [ 77.067833, 28.2989077 ], [ 77.0676544, 28.2988882 ], [ 77.0674598, 28.298844 ], [ 77.0672964, 28.298782 ], [ 77.0671732, 28.2987109 ], [ 77.0670429, 28.2986114 ], [ 77.0669417, 28.2985067 ], [ 77.0668753, 28.298423 ], [ 77.0668106, 28.2983195 ], [ 77.0667664, 28.2982139 ], [ 77.0667278, 28.2980852 ], [ 77.0667065, 28.2979482 ], [ 77.0666898, 28.2976228 ], [ 77.0666826, 28.2972127 ], [ 77.0666777, 28.2967322 ], [ 77.0666448, 28.295683 ], [ 77.0666251, 28.2951493 ], [ 77.0665867, 28.2945539 ], [ 77.0665642, 28.2943045 ], [ 77.0665349, 28.2941219 ], [ 77.066475, 28.2939514 ] ] } },
{ "type": "Feature", "properties": { "segment_id": "S373", "corridor_id": "NE-4", "highway": "motorway", "ref": "NE-4", "name": "Delhi - Vadodara Expressway", "length": 1102.3143305473159, "u": 8901678243, "v": 8901672715, "metapath_priority": "None", "is_metapath_hard": false, "metapath_pairs": "", "damage_type": "none", "initial_open": true, "disaster_hard": false }, "geometry": { "type": "LineString", "coordinates": [ [ 77.0696153, 28.2988398 ], [ 77.0670884, 28.2991819 ], [ 77.0656884, 28.2993763 ], [ 77.0654823, 28.2993904 ], [ 77.0652711, 28.2993828 ], [ 77.0650859, 28.2993477 ], [ 77.0649301, 28.2992959 ], [ 77.0647774, 28.299223 ], [ 77.0646429, 28.2991214 ], [ 77.0645223, 28.2989999 ], [ 77.0644352, 28.2988622 ], [ 77.0643638, 28.2986956 ], [ 77.0643345, 28.2985588 ], [ 77.0643355, 28.2983951 ], [ 77.0643555, 28.2982665 ], [ 77.0644092, 28.2981137 ], [ 77.0644572, 28.298028 ], [ 77.0645934, 28.2978327 ], [ 77.0650541, 28.2973324 ], [ 77.0652004, 28.2972125 ], [ 77.0653368, 28.2971406 ], [ 77.0654811, 28.2970971 ], [ 77.0656359, 28.297084 ], [ 77.0657759, 28.2970997 ], [ 77.0659288, 28.2971562 ], [ 77.0660506, 28.2972325 ], [ 77.066154, 28.2973459 ], [ 77.0662248, 28.2974788 ], [ 77.0662713, 28.2976483 ], [ 77.0662912, 28.2978361 ], [ 77.0663055, 28.2983122 ], [ 77.0663325, 28.2987828 ], [ 77.0663854, 28.2991664 ], [ 77.0664906, 28.2995423 ] ] } },
{ "type": "Feature", "properties": { "segment_id": "S374", "corridor_id": "segment_374", "highway": "trunk_link", "ref": null, "name": null, "length": 55.265536364361445, "u": 9545291283, "v": 9545291282, "metapath_priority": "None", "is_metapath_hard": false, "metapath_pairs": "", "damage_type": "none", "initial_open": true, "disaster_hard": false }, "geometry": { "type": "LineString", "coordinates": [ [ 76.9426269, 28.3665992 ], [ 76.9425891, 28.3661033 ] ] } },
{ "type": "Feature", "properties": { "segment_id": "S375", "corridor_id": "NH48", "highway": "trunk", "ref": "NH48", "name": "Amer Road", "length": 906.28631852432659, "u": 9545291283, "v": 1997036319, "metapath_priority": "None", "is_metapath_hard": false, "metapath_pairs": "", "damage_type": "none", "initial_open": true, "disaster_hard": false }, "geometry": { "type": "LineString", "coordinates": [ [ 76.9426269, 28.3665992 ], [ 76.9408326, 28.3622873 ], [ 76.9405228, 28.3615308 ], [ 76.9396292, 28.3594307 ], [ 76.939431, 28.3589494 ] ] } },
{ "type": "Feature", "properties": { "segment_id": "S376", "corridor_id": "NH48", "highway": "trunk", "ref": "NH48", "name": "Amer Road", "length": 662.02839800169443, "u": 9545291285, "v": 9910861882, "metapath_priority": "Medium", "is_metapath_hard": false, "metapath_pairs": "Udyog Vihar <-> Bilaspur Logistics Hub", "damage_type": "none", "initial_open": true, "disaster_hard": false }, "geometry": { "type": "LineString", "coordinates": [ [ 76.9426627, 28.3669907 ], [ 76.9435593, 28.3691102 ], [ 76.9439519, 28.3698549 ], [ 76.944229, 28.3702302 ], [ 76.9444657, 28.3705044 ], [ 76.9448843, 28.3708682 ], [ 76.9453426, 28.3711542 ], [ 76.9458483, 28.3714104 ], [ 76.9460361, 28.371493 ], [ 76.9464183, 28.3716452 ] ] } },
{ "type": "Feature", "properties": { "segment_id": "S377", "corridor_id": "segment_377", "highway": "motorway_link", "ref": null, "name": null, "length": 39.079120726783358, "u": 9791574385, "v": 9791574386, "metapath_priority": "None", "is_metapath_hard": false, "metapath_pairs": "", "damage_type": "none", "initial_open": true, "disaster_hard": false }, "geometry": { "type": "LineString", "coordinates": [ [ 77.0132282, 28.4394297 ], [ 77.0132217, 28.4390783 ] ] } },
{ "type": "Feature", "properties": { "segment_id": "S378", "corridor_id": "NH48", "highway": "motorway", "ref": "NH48", "name": "Delhi-Gurugram Expressway", "length": 979.96559496678344, "u": 9791574385, "v": 270624144, "metapath_priority": "None", "is_metapath_hard": false, "metapath_pairs": "", "damage_type": "none", "initial_open": true, "disaster_hard": false }, "geometry": { "type": "LineString", "coordinates": [ [ 77.0132282, 28.4394297 ], [ 77.0130131, 28.4391755 ], [ 77.012563, 28.4384437 ], [ 77.0117016, 28.4373731 ], [ 77.0107134, 28.4362515 ], [ 77.0100771, 28.4354639 ], [ 77.0096096, 28.4349257 ], [ 77.0091437, 28.4343327 ], [ 77.0081473, 28.433161 ], [ 77.0073195, 28.4323274 ] ] } },
{ "type": "Feature", "properties": { "segment_id": "S379", "corridor_id": "segment_379", "highway": "motorway_link", "ref": null, "name": null, "length": 69.783605778068321, "u": 9808318683, "v": 1397292609, "metapath_priority": "None", "is_metapath_hard": false, "metapath_pairs": "", "damage_type": "none", "initial_open": true, "disaster_hard": false }, "geometry": { "type": "LineString", "coordinates": [ [ 76.867808, 28.3946853 ], [ 76.8672811, 28.3951084 ] ] } },
{ "type": "Feature", "properties": { "segment_id": "S380", "corridor_id": "segment_380", "highway": "motorway_link", "ref": null, "name": null, "length": 78.008626161488309, "u": 9808318683, "v": 9808318692, "metapath_priority": "None", "is_metapath_hard": false, "metapath_pairs": "", "damage_type": "none", "initial_open": true, "disaster_hard": false }, "geometry": { "type": "LineString", "coordinates": [ [ 76.867808, 28.3946853 ], [ 76.8677893, 28.3948689 ], [ 76.8677209, 28.3953826 ] ] } },
{ "type": "Feature", "properties": { "segment_id": "S381", "corridor_id": "NH352W", "highway": "trunk", "ref": "NH352W", "name": "Gurgaon Rewari Narnaul Singhana Road", "length": 52.730441735533539, "u": 9808318692, "v": 1397292609, "metapath_priority": "None", "is_metapath_hard": false, "metapath_pairs": "", "damage_type": "none", "initial_open": true, "disaster_hard": false }, "geometry": { "type": "LineString", "coordinates": [ [ 76.8677209, 28.3953826 ], [ 76.8676011, 28.3953099 ], [ 76.8672811, 28.3951084 ] ] } },
{ "type": "Feature", "properties": { "segment_id": "S382", "corridor_id": "segment_382", "highway": "motorway_link", "ref": null, "name": null, "length": 1023.7411817889888, "u": 9808323746, "v": 9808318683, "metapath_priority": "None", "is_metapath_hard": false, "metapath_pairs": "", "damage_type": "none", "initial_open": true, "disaster_hard": false }, "geometry": { "type": "LineString", "coordinates": [ [ 76.8690915, 28.3861537 ], [ 76.8693209, 28.3862268 ], [ 76.8694402, 28.3862776 ], [ 76.869518, 28.3863271 ], [ 76.8696038, 28.3864156 ], [ 76.8696494, 28.3864711 ], [ 76.8696776, 28.3865525 ], [ 76.8697084, 28.3867035 ], [ 76.8697071, 28.3868168 ], [ 76.8696883, 28.3868817 ], [ 76.8696199, 28.3870162 ], [ 76.8694791, 28.3871459 ], [ 76.8692417, 28.3873288 ], [ 76.8690969, 28.3874527 ], [ 76.868999, 28.3875577 ], [ 76.8688354, 28.3877571 ], [ 76.8686865, 28.3880072 ], [ 76.8685403, 28.3883694 ], [ 76.8684787, 28.3886845 ], [ 76.8684411, 28.3890785 ], [ 76.8683606, 28.3897652 ], [ 76.8682668, 28.390381 ], [ 76.86813, 28.390919 ], [ 76.8680844, 28.3912446 ], [ 76.8680522, 28.3917425 ], [ 76.8680254, 28.392179 ], [ 76.8679985, 28.3927312 ], [ 76.8679744, 28.3933093 ], [ 76.8678403, 28.3943687 ], [ 76.867808, 28.3946853 ] ] } },
{ "type": "Feature", "properties": { "segment_id": "S383", "corridor_id": "Delhi Western Peripheral Expressway", "highway": "motorway", "ref": null, "name": "Delhi Western Peripheral Expressway", "length": 6380.5897638592996, "u": 9808368186, "v": 1815791355, "metapath_priority": "None", "is_metapath_hard": false, "metapath_pairs": "", "damage_type": "none", "initial_open": true, "disaster_hard": false }, "geometry": { "type": "LineString", "coordinates": [ [ 76.8880355, 28.3282403 ], [ 76.8875407, 28.3288874 ], [ 76.8864043, 28.3305937 ], [ 76.8855971, 28.3319388 ], [ 76.8850314, 28.3330605 ], [ 76.8849847, 28.3331531 ], [ 76.8849048, 28.3333116 ], [ 76.8841263, 28.3350776 ], [ 76.8836508, 28.3364963 ], [ 76.8831728, 28.3381564 ], [ 76.8830843, 28.3385772 ], [ 76.8828671, 28.3396096 ], [ 76.8826451, 28.3409822 ], [ 76.882618, 28.3412233 ], [ 76.8826048, 28.3413408 ], [ 76.8824413, 28.3427963 ], [ 76.8822271, 28.3447093 ], [ 76.8819841, 28.3459899 ], [ 76.8819224, 28.3462278 ], [ 76.8818924, 28.3463435 ], [ 76.8814904, 28.3478936 ], [ 76.8809967, 28.3493658 ], [ 76.8809502, 28.3495043 ], [ 76.8807772, 28.3500203 ], [ 76.8804073, 28.3509959 ], [ 76.8795694, 28.3532056 ], [ 76.8794813, 28.353438 ], [ 76.8781722, 28.3568763 ], [ 76.8781247, 28.3569901 ], [ 76.8780838, 28.3570996 ], [ 76.8776784, 28.358162 ], [ 76.8765988, 28.3609443 ], [ 76.8765673, 28.3610255 ], [ 76.8765467, 28.3610784 ], [ 76.8764888, 28.3612277 ], [ 76.8753546, 28.3642446 ], [ 76.8750777, 28.3649714 ], [ 76.8750349, 28.3650839 ], [ 76.8749433, 28.3653243 ], [ 76.8742351, 28.3671834 ], [ 76.8736588, 28.3690332 ], [ 76.8734604, 28.3699057 ], [ 76.8734084, 28.3701337 ], [ 76.8733758, 28.3702769 ], [ 76.8733168, 28.3705355 ], [ 76.8728962, 28.3730042 ], [ 76.8726583, 28.3743067 ], [ 76.872289, 28.3757433 ], [ 76.8719682, 28.3767416 ], [ 76.8716254, 28.3777729 ], [ 76.8708939, 28.3795197 ], [ 76.8704577, 28.3805496 ], [ 76.8704014, 28.3806826 ], [ 76.8694571, 28.3829137 ] ] } },
{ "type": "Feature", "properties": { "segment_id": "S384", "corridor_id": "segment_384", "highway": "motorway_link", "ref": null, "name": null, "length": 702.31044055356506, "u": 9808368194, "v": 9808368186, "metapath_priority": "None", "is_metapath_hard": false, "metapath_pairs": "", "damage_type": "none", "initial_open": true, "disaster_hard": false }, "geometry": { "type": "LineString", "coordinates": [ [ 76.891146, 28.3225771 ], [ 76.8906552, 28.3236278 ], [ 76.8903816, 28.3241779 ], [ 76.8900624, 28.3247752 ], [ 76.8894991, 28.3257858 ], [ 76.8893261, 28.3261104 ], [ 76.8891934, 28.3263371 ], [ 76.8890485, 28.3265708 ], [ 76.8886837, 28.3270843 ], [ 76.8882546, 28.3277289 ], [ 76.8880762, 28.3279839 ], [ 76.8880574, 28.3280217 ], [ 76.8880413, 28.3280807 ], [ 76.8880355, 28.3282403 ] ] } },
{ "type": "Feature", "properties": { "segment_id": "S385", "corridor_id": "Delhi Western Peripheral Expressway", "highway": "motorway", "ref": null, "name": "Delhi Western Peripheral Expressway", "length": 2591.6102606274235, "u": 9808456217, "v": 4335283868, "metapath_priority": "None", "is_metapath_hard": false, "metapath_pairs": "", "damage_type": "none", "initial_open": true, "disaster_hard": false }, "geometry": { "type": "LineString", "coordinates": [ [ 76.8870073, 28.3300441 ], [ 76.8877323, 28.328979 ], [ 76.8883482, 28.3281671 ], [ 76.8884021, 28.3280972 ], [ 76.8894267, 28.3266157 ], [ 76.8902743, 28.325199 ], [ 76.8904714, 28.324865 ], [ 76.8912576, 28.3232566 ], [ 76.8917455, 28.3221001 ], [ 76.8919922, 28.3214638 ], [ 76.8920808, 28.3212076 ], [ 76.8921465, 28.3209951 ], [ 76.8922028, 28.3208434 ], [ 76.8931704, 28.3184085 ], [ 76.8935447, 28.3173913 ], [ 76.8941501, 28.3157603 ], [ 76.8944532, 28.3149692 ], [ 76.8947187, 28.3142396 ], [ 76.8949574, 28.3134084 ], [ 76.8950674, 28.3129905 ], [ 76.895341, 28.3118334 ], [ 76.8957591, 28.3096542 ], [ 76.8960583, 28.3083364 ] ] } },
{ "type": "Feature", "properties": { "segment_id": "S386", "corridor_id": "segment_386", "highway": "motorway_link", "ref": null, "name": null, "length": 784.19629990079511, "u": 9808456217, "v": 9808456226, "metapath_priority": "Medium", "is_metapath_hard": false, "metapath_pairs": "IMT Manesar <-> Farrukhnagar Logistics Hub", "damage_type": "none", "initial_open": true, "disaster_hard": false }, "geometry": { "type": "LineString", "coordinates": [ [ 76.8870073, 28.3300441 ], [ 76.8873319, 28.3296838 ], [ 76.8874271, 28.3295622 ], [ 76.8876068, 28.3293438 ], [ 76.8879756, 28.3288598 ], [ 76.8883994, 28.3283097 ], [ 76.8886811, 28.327952 ], [ 76.8888594, 28.3277006 ], [ 76.8894133, 28.3269332 ], [ 76.8897673, 28.3264044 ], [ 76.8900999, 28.3258613 ], [ 76.8907946, 28.3245627 ], [ 76.8910642, 28.323989 ] ] } },
{ "type": "Feature", "properties": { "segment_id": "S387", "corridor_id": "segment_387", "highway": "motorway_link", "ref": null, "name": null, "length": 734.37728781477063, "u": 9808456226, "v": 11818381857, "metapath_priority": "Medium", "is_metapath_hard": false, "metapath_pairs": "IMT Manesar <-> Farrukhnagar Logistics Hub", "damage_type": "none", "initial_open": true, "disaster_hard": false }, "geometry": { "type": "LineString", "coordinates": [ [ 76.8910642, 28.323989 ], [ 76.8912882, 28.3237033 ], [ 76.8913713, 28.3235593 ], [ 76.8914625, 28.3233728 ], [ 76.8917897, 28.3226821 ], [ 76.8919829, 28.3223173 ], [ 76.8923302, 28.3216845 ], [ 76.8924294, 28.321524 ], [ 76.8926279, 28.3212442 ], [ 76.8927459, 28.3211131 ], [ 76.8928452, 28.3210222 ], [ 76.8929726, 28.3209219 ], [ 76.8932851, 28.3207472 ], [ 76.8934339, 28.320687 ], [ 76.8935747, 28.3206468 ], [ 76.8944626, 28.3204626 ], [ 76.8947978, 28.3204201 ], [ 76.8951076, 28.3203883 ], [ 76.8952846, 28.3203829 ], [ 76.8953998, 28.3203927 ], [ 76.8955891, 28.3204036 ], [ 76.8958117, 28.3204284 ], [ 76.8961081, 28.3204839 ], [ 76.8961485, 28.3204765 ], [ 76.8962115, 28.3204651 ], [ 76.8963176, 28.3203827 ] ] } },
{ "type": "Feature", "properties": { "segment_id": "S388", "corridor_id": "segment_388", "highway": "motorway_link", "ref": null, "name": null, "length": 534.18155534864468, "u": 9808456226, "v": 1815765305, "metapath_priority": "None", "is_metapath_hard": false, "metapath_pairs": "", "damage_type": "none", "initial_open": true, "disaster_hard": false }, "geometry": { "type": "LineString", "coordinates": [ [ 76.8910642, 28.323989 ], [ 76.8912032, 28.3236662 ], [ 76.8914303, 28.3231709 ], [ 76.8917602, 28.3224437 ], [ 76.8920057, 28.3218309 ], [ 76.892236, 28.321235 ], [ 76.8923275, 28.3209514 ], [ 76.8923691, 28.3208227 ], [ 76.8925369, 28.320361 ], [ 76.8928809, 28.3194616 ] ] } },
{ "type": "Feature", "properties": { "segment_id": "S389", "corridor_id": "segment_389", "highway": "motorway_link", "ref": null, "name": null, "length": 400.05146097003774, "u": 9808647848, "v": 1815784688, "metapath_priority": "None", "is_metapath_hard": false, "metapath_pairs": "", "damage_type": "none", "initial_open": true, "disaster_hard": false }, "geometry": { "type": "LineString", "coordinates": [ [ 76.8925078, 28.3168141 ], [ 76.8921465, 28.3163931 ], [ 76.8920553, 28.3162207 ], [ 76.8919936, 28.3159964 ], [ 76.8920231, 28.3157981 ], [ 76.8920982, 28.3156233 ], [ 76.8922242, 28.3154746 ], [ 76.8923396, 28.3153659 ], [ 76.892522, 28.315288 ], [ 76.8927178, 28.315229 ], [ 76.8928948, 28.3152313 ], [ 76.8932113, 28.3152927 ], [ 76.8934473, 28.315458 ], [ 76.893556, 28.3155985 ], [ 76.893619, 28.3157851 ], [ 76.8936364, 28.3159374 ], [ 76.8935975, 28.3162786 ] ] } },
{ "type": "Feature", "properties": { "segment_id": "S390", "corridor_id": "segment_390", "highway": "trunk_link", "ref": null, "name": null, "length": 131.81009369999174, "u": 9808647848, "v": 1815784686, "metapath_priority": "None", "is_metapath_hard": false, "metapath_pairs": "", "damage_type": "none", "initial_open": true, "disaster_hard": false }, "geometry": { "type": "LineString", "coordinates": [ [ 76.8925078, 28.3168141 ], [ 76.8920038, 28.3164837 ], [ 76.8918899, 28.3164091 ], [ 76.8913758, 28.3161801 ] ] } },
{ "type": "Feature", "properties": { "segment_id": "S391", "corridor_id": "segment_391", "highway": "trunk_link", "ref": null, "name": null, "length": 6.9861960519951483, "u": 9819196686, "v": 11818381854, "metapath_priority": "None", "is_metapath_hard": false, "metapath_pairs": "", "damage_type": "none", "initial_open": true, "disaster_hard": false }, "geometry": { "type": "LineString", "coordinates": [ [ 76.9004158, 28.3233879 ], [ 76.9004599, 28.3233385 ] ] } },
{ "type": "Feature", "properties": { "segment_id": "S392", "corridor_id": "segment_392", "highway": "trunk_link", "ref": null, "name": null, "length": 442.56057514910191, "u": 9819196686, "v": 9819196702, "metapath_priority": "None", "is_metapath_hard": false, "metapath_pairs": "", "damage_type": "none", "initial_open": true, "disaster_hard": false }, "geometry": { "type": "LineString", "coordinates": [ [ 76.9004158, 28.3233879 ], [ 76.9003257, 28.3233105 ], [ 76.9002548, 28.3232488 ], [ 76.8996567, 28.3227376 ], [ 76.8980688, 28.3214532 ], [ 76.8972018, 28.3207372 ], [ 76.8971166, 28.3206669 ] ] } },
{ "type": "Feature", "properties": { "segment_id": "S393", "corridor_id": "NH48", "highway": "trunk", "ref": "NH48", "name": "Amer Road", "length": 16.199200577442664, "u": 9819196693, "v": 4138336939, "metapath_priority": "None", "is_metapath_hard": false, "metapath_pairs": "", "damage_type": "none", "initial_open": true, "disaster_hard": false }, "geometry": { "type": "LineString", "coordinates": [ [ 76.8944987, 28.3187308 ], [ 76.8943774, 28.3186317 ] ] } },
{ "type": "Feature", "properties": { "segment_id": "S394", "corridor_id": "NH48", "highway": "trunk", "ref": "NH48", "name": "Amer Road", "length": 777.56242048875924, "u": 9819196700, "v": 9819196693, "metapath_priority": "None", "is_metapath_hard": false, "metapath_pairs": "", "damage_type": "landslide_block", "initial_open": false, "disaster_hard": true }, "geometry": { "type": "LineString", "coordinates": [ [ 76.900335, 28.3234745 ], [ 76.8995481, 28.3228368 ], [ 76.8982785, 28.3218078 ], [ 76.8973619, 28.3210651 ], [ 76.8968655, 28.3206628 ], [ 76.8967126, 28.3205389 ], [ 76.8959119, 28.3198846 ], [ 76.8958103, 28.3198018 ], [ 76.8954118, 28.3194765 ], [ 76.8944987, 28.3187308 ] ] } },
{ "type": "Feature", "properties": { "segment_id": "S395", "corridor_id": "segment_395", "highway": "trunk_link", "ref": null, "name": null, "length": 12.461986089151759, "u": 9819196700, "v": 9819196686, "metapath_priority": "None", "is_metapath_hard": false, "metapath_pairs": "", "damage_type": "none", "initial_open": true, "disaster_hard": false }, "geometry": { "type": "LineString", "coordinates": [ [ 76.900335, 28.3234745 ], [ 76.9003987, 28.3234071 ], [ 76.9004158, 28.3233879 ] ] } },
{ "type": "Feature", "properties": { "segment_id": "S396", "corridor_id": "segment_396", "highway": "trunk_link", "ref": null, "name": null, "length": 337.46027641571493, "u": 9819196702, "v": 9819196693, "metapath_priority": "None", "is_metapath_hard": false, "metapath_pairs": "", "damage_type": "none", "initial_open": true, "disaster_hard": false }, "geometry": { "type": "LineString", "coordinates": [ [ 76.8971166, 28.3206669 ], [ 76.8962972, 28.3200034 ], [ 76.8960276, 28.31979 ], [ 76.8959257, 28.3197094 ], [ 76.8953061, 28.3192124 ], [ 76.894893, 28.3188783 ], [ 76.894822, 28.3188334 ], [ 76.8947563, 28.3187933 ], [ 76.8946972, 28.3187709 ], [ 76.8946195, 28.3187555 ], [ 76.8944987, 28.3187308 ] ] } },
{ "type": "Feature", "properties": { "segment_id": "S397", "corridor_id": "segment_397", "highway": "motorway_link", "ref": null, "name": null, "length": 1067.3906994664605, "u": 9819196702, "v": 4335283880, "metapath_priority": "None", "is_metapath_hard": false, "metapath_pairs": "", "damage_type": "none", "initial_open": true, "disaster_hard": false }, "geometry": { "type": "LineString", "coordinates": [ [ 76.8971166, 28.3206669 ], [ 76.897063, 28.3205571 ], [ 76.8969932, 28.3204874 ], [ 76.8968725, 28.3203776 ], [ 76.8966633, 28.3202088 ], [ 76.8965104, 28.3200648 ], [ 76.896379, 28.319916 ], [ 76.8962878, 28.3197626 ], [ 76.8962181, 28.3196327 ], [ 76.8961671, 28.3194916 ], [ 76.8961161, 28.3192832 ], [ 76.8961027, 28.319177 ], [ 76.8960732, 28.3190353 ], [ 76.896031, 28.318798 ], [ 76.8958174, 28.3180047 ], [ 76.8953083, 28.3160306 ], [ 76.895198, 28.3156028 ], [ 76.8950237, 28.3149351 ], [ 76.8949773, 28.3147572 ], [ 76.8949623, 28.3146499 ], [ 76.8949606, 28.3145426 ], [ 76.8950486, 28.3140991 ], [ 76.8953651, 28.3129515 ], [ 76.8957138, 28.3115477 ] ] } },
{ "type": "Feature", "properties": { "segment_id": "S398", "corridor_id": "SH15A", "highway": "primary", "ref": "SH15A", "name": "Sub. Major Laxmi Chand Road", "length": 7.5334517388319151, "u": 9824975319, "v": 11841192743, "metapath_priority": "Medium", "is_metapath_hard": false, "metapath_pairs": "Sohna Industrial Area <-> Farrukhnagar Logistics Hub", "damage_type": "none", "initial_open": true, "disaster_hard": false }, "geometry": { "type": "LineString", "coordinates": [ [ 76.9897225, 28.4574517 ], [ 76.9897991, 28.4574443 ] ] } },
{ "type": "Feature", "properties": { "segment_id": "S399", "corridor_id": "SH15A", "highway": "primary", "ref": "SH15A", "name": [ "Sub. Major Laxmi Chand Road", "Sub. Major Laxmi Chand Road Flyover" ], "length": 1988.740579468614, "u": 9824975319, "v": 6345179751, "metapath_priority": "Medium", "is_metapath_hard": false, "metapath_pairs": "Sohna Industrial Area <-> Farrukhnagar Logistics Hub", "damage_type": "none", "initial_open": true, "disaster_hard": false }, "geometry": { "type": "LineString", "coordinates": [ [ 76.9897225, 28.4574517 ], [ 76.9886527, 28.4575046 ], [ 76.9886176, 28.4575063 ], [ 76.9884028, 28.4575111 ], [ 76.9876057, 28.4575047 ], [ 76.9860585, 28.4575552 ], [ 76.9859224, 28.4575606 ], [ 76.9853209, 28.4575828 ], [ 76.9847921, 28.4576023 ], [ 76.9847642, 28.4576046 ], [ 76.9846097, 28.4576102 ], [ 76.9838539, 28.4576369 ], [ 76.9837934, 28.4576409 ], [ 76.9834866, 28.4576613 ], [ 76.9831909, 28.4576763 ], [ 76.9827167, 28.457712 ], [ 76.9825723, 28.457722 ], [ 76.9823912, 28.457734 ], [ 76.9822945, 28.4577404 ], [ 76.9821166, 28.4577746 ], [ 76.9819208, 28.4578348 ], [ 76.9817788, 28.4578819 ], [ 76.9816591, 28.4579444 ], [ 76.9816149, 28.4579727 ], [ 76.9814381, 28.4580814 ], [ 76.9812674, 28.4582754 ], [ 76.9811542, 28.4585237 ], [ 76.981113, 28.4587138 ], [ 76.9811012, 28.4589686 ], [ 76.9811027, 28.4591523 ], [ 76.981136, 28.4594058 ], [ 76.9811671, 28.4595309 ], [ 76.9813418, 28.4602472 ], [ 76.9813794, 28.4604009 ], [ 76.9814036, 28.4606721 ], [ 76.9814031, 28.4607363 ], [ 76.9814038, 28.4608249 ], [ 76.9813962, 28.460934 ], [ 76.9813921, 28.460993 ], [ 76.9813368, 28.4611619 ], [ 76.9812363, 28.4613611 ], [ 76.9810942, 28.4615437 ], [ 76.9809886, 28.4616493 ], [ 76.9808428, 28.4617645 ], [ 76.9806537, 28.4618703 ], [ 76.9802885, 28.4620185 ], [ 76.9799671, 28.4621701 ], [ 76.9791859, 28.4625952 ], [ 76.9787236, 28.4628593 ], [ 76.9774704, 28.4637103 ], [ 76.9770986, 28.4639692 ], [ 76.976923, 28.4641049 ], [ 76.9767729, 28.4641989 ], [ 76.9754399, 28.4650912 ], [ 76.9752785, 28.4651978 ], [ 76.9750171, 28.4653727 ], [ 76.9749612, 28.4654101 ], [ 76.9747531, 28.4655494 ] ] } },
{ "type": "Feature", "properties": { "segment_id": "S400", "corridor_id": "segment_400", "highway": "primary_link", "ref": null, "name": null, "length": 51.228315427417151, "u": 9824975319, "v": 11841192742, "metapath_priority": "None", "is_metapath_hard": false, "metapath_pairs": "", "damage_type": "none", "initial_open": true, "disaster_hard": false }, "geometry": { "type": "LineString", "coordinates": [ [ 76.9897225, 28.4574517 ], [ 76.9898292, 28.4574832 ], [ 76.9899004, 28.4575089 ], [ 76.9899635, 28.4575376 ], [ 76.9900114, 28.4575674 ], [ 76.990051, 28.4575992 ], [ 76.9900954, 28.4576434 ], [ 76.9901401, 28.457706 ] ] } },
{ "type": "Feature", "properties": { "segment_id": "S401", "corridor_id": "NH148A", "highway": "trunk", "ref": "NH148A", "name": "Mehrauli Gurgaon Road", "length": 262.50083295101535, "u": 9865451046, "v": 4757946170, "metapath_priority": "None", "is_metapath_hard": false, "metapath_pairs": "", "damage_type": "none", "initial_open": true, "disaster_hard": false }, "geometry": { "type": "LineString", "coordinates": [ [ 77.1011729, 28.4817816 ], [ 77.1009739, 28.4817571 ], [ 77.1007685, 28.4817359 ], [ 77.100597, 28.4817626 ], [ 77.1004434, 28.4817864 ], [ 77.0997761, 28.4820324 ], [ 77.0995635, 28.4821705 ], [ 77.0987999, 28.4826818 ] ] } },
{ "type": "Feature", "properties": { "segment_id": "S402", "corridor_id": "segment_402", "highway": "primary_link", "ref": null, "name": null, "length": 11.294916153610288, "u": 9865553315, "v": 11873972342, "metapath_priority": "None", "is_metapath_hard": false, "metapath_pairs": "", "damage_type": "none", "initial_open": true, "disaster_hard": false }, "geometry": { "type": "LineString", "coordinates": [ [ 77.1108513, 28.4817933 ], [ 77.1108275, 28.4816939 ] ] } },
{ "type": "Feature", "properties": { "segment_id": "S403", "corridor_id": "segment_403", "highway": "trunk_link", "ref": null, "name": null, "length": 12.83261565819711, "u": 9880239361, "v": 9880239362, "metapath_priority": "None", "is_metapath_hard": false, "metapath_pairs": "", "damage_type": "none", "initial_open": true, "disaster_hard": false }, "geometry": { "type": "LineString", "coordinates": [ [ 76.825812, 28.2587947 ], [ 76.8259132, 28.2587214 ] ] } },
{ "type": "Feature", "properties": { "segment_id": "S404", "corridor_id": "NH48", "highway": "trunk", "ref": "NH48", "name": "Amer Road", "length": 652.94190882787234, "u": 9880239361, "v": 11890764057, "metapath_priority": "None", "is_metapath_hard": false, "metapath_pairs": "", "damage_type": "none", "initial_open": true, "disaster_hard": false }, "geometry": { "type": "LineString", "coordinates": [ [ 76.825812, 28.2587947 ], [ 76.8256009, 28.2585808 ], [ 76.8240184, 28.2570239 ], [ 76.8232754, 28.2562679 ], [ 76.823097, 28.2560942 ], [ 76.8225763, 28.2554615 ], [ 76.8218055, 28.2544183 ], [ 76.8216592, 28.2542175 ] ] } },
{ "type": "Feature", "properties": { "segment_id": "S405", "corridor_id": "segment_405", "highway": "trunk_link", "ref": null, "name": null, "length": 12.83261565819711, "u": 9880239362, "v": 9880239361, "metapath_priority": "None", "is_metapath_hard": false, "metapath_pairs": "", "damage_type": "none", "initial_open": true, "disaster_hard": false }, "geometry": { "type": "LineString", "coordinates": [ [ 76.8259132, 28.2587214 ], [ 76.825812, 28.2587947 ] ] } },
{ "type": "Feature", "properties": { "segment_id": "S406", "corridor_id": "segment_406", "highway": "trunk_link", "ref": null, "name": null, "length": 15.151908644057521, "u": 9880239363, "v": 9880239364, "metapath_priority": "None", "is_metapath_hard": false, "metapath_pairs": "", "damage_type": "none", "initial_open": true, "disaster_hard": false }, "geometry": { "type": "LineString", "coordinates": [ [ 76.8263503, 28.2595718 ], [ 76.8262303, 28.2596578 ] ] } },
{ "type": "Feature", "properties": { "segment_id": "S407", "corridor_id": "NH48", "highway": "trunk", "ref": "NH48", "name": "Amer Road", "length": 921.95597869802896, "u": 9880239363, "v": 541319051, "metapath_priority": "None", "is_metapath_hard": false, "metapath_pairs": "", "damage_type": "none", "initial_open": true, "disaster_hard": false }, "geometry": { "type": "LineString", "coordinates": [ [ 76.8263503, 28.2595718 ], [ 76.8263921, 28.2596156 ], [ 76.8282536, 28.26143 ], [ 76.8286693, 28.2618765 ], [ 76.8290609, 28.2623089 ], [ 76.8293586, 28.2627506 ], [ 76.8296215, 28.2632019 ], [ 76.8298683, 28.2637098 ], [ 76.8300104, 28.2639909 ], [ 76.8301673, 28.2643913 ], [ 76.830284, 28.2646453 ], [ 76.8303645, 28.2648343 ], [ 76.8304449, 28.2650209 ], [ 76.830512, 28.2651721 ], [ 76.8306085, 28.2653895 ], [ 76.8311435, 28.266582 ] ] } },
{ "type": "Feature", "properties": { "segment_id": "S408", "corridor_id": "segment_408", "highway": "trunk_link", "ref": null, "name": null, "length": 15.151908644057521, "u": 9880239364, "v": 9880239363, "metapath_priority": "None", "is_metapath_hard": false, "metapath_pairs": "", "damage_type": "crack_pothole", "initial_open": true, "disaster_hard": false }, "geometry": { "type": "LineString", "coordinates": [ [ 76.8262303, 28.2596578 ], [ 76.8263503, 28.2595718 ] ] } },
{ "type": "Feature", "properties": { "segment_id": "S409", "corridor_id": "segment_409", "highway": "trunk_link", "ref": null, "name": null, "length": 15.284505827462441, "u": 9880618225, "v": 9880618226, "metapath_priority": "None", "is_metapath_hard": false, "metapath_pairs": "", "damage_type": "none", "initial_open": true, "disaster_hard": false }, "geometry": { "type": "LineString", "coordinates": [ [ 76.8472028, 28.2777637 ], [ 76.8471083, 28.2778731 ] ] } },
{ "type": "Feature", "properties": { "segment_id": "S410", "corridor_id": "NH48", "highway": "trunk", "ref": "NH48", "name": "Amer Road", "length": 944.29411707259214, "u": 9880618225, "v": 11817844038, "metapath_priority": "High", "is_metapath_hard": true, "metapath_pairs": "IMT Manesar <-> Bilaspur Logistics Hub; Udyog Vihar <-> Bilaspur Logistics Hub", "damage_type": "none", "initial_open": true, "disaster_hard": false }, "geometry": { "type": "LineString", "coordinates": [ [ 76.8472028, 28.2777637 ], [ 76.8502953, 28.2795581 ], [ 76.8508978, 28.2799074 ], [ 76.8530304, 28.2811442 ], [ 76.853949, 28.2819577 ], [ 76.854814, 28.2828844 ] ] } },
{ "type": "Feature", "properties": { "segment_id": "S411", "corridor_id": "segment_411", "highway": "trunk_link", "ref": null, "name": null, "length": 15.284505827462441, "u": 9880618226, "v": 9880618225, "metapath_priority": "None", "is_metapath_hard": false, "metapath_pairs": "", "damage_type": "none", "initial_open": true, "disaster_hard": false }, "geometry": { "type": "LineString", "coordinates": [ [ 76.8471083, 28.2778731 ], [ 76.8472028, 28.2777637 ] ] } },
{ "type": "Feature", "properties": { "segment_id": "S412", "corridor_id": "segment_412", "highway": "motorway_link", "ref": null, "name": null, "length": 520.793607361299, "u": 9881059821, "v": 12088736372, "metapath_priority": "None", "is_metapath_hard": false, "metapath_pairs": "", "damage_type": "none", "initial_open": true, "disaster_hard": false }, "geometry": { "type": "LineString", "coordinates": [ [ 76.9868007, 28.40741 ], [ 76.9873455, 28.4072294 ], [ 76.987586, 28.4071858 ], [ 76.9877793, 28.4071768 ], [ 76.9879953, 28.4071905 ], [ 76.988174, 28.4072245 ], [ 76.9883665, 28.4072922 ], [ 76.9885605, 28.4073885 ], [ 76.9891204, 28.4077522 ], [ 76.9893044, 28.4078402 ], [ 76.9894821, 28.4079016 ], [ 76.9896777, 28.40794 ], [ 76.9898967, 28.4079624 ], [ 76.9904062, 28.4080021 ], [ 76.9905744, 28.4080228 ], [ 76.9907221, 28.4080483 ], [ 76.9908855, 28.408095 ], [ 76.9910789, 28.4081799 ], [ 76.9912298, 28.4082701 ], [ 76.9914701, 28.4084623 ], [ 76.9916667, 28.4085667 ] ] } },
{ "type": "Feature", "properties": { "segment_id": "S413", "corridor_id": "NH248BB", "highway": "motorway", "ref": "NH248BB", "name": "Dwarka Expressway", "length": 307.12933903178981, "u": 9881059821, "v": 11285021802, "metapath_priority": "None", "is_metapath_hard": false, "metapath_pairs": "", "damage_type": "crack_pothole", "initial_open": true, "disaster_hard": false }, "geometry": { "type": "LineString", "coordinates": [ [ 76.9868007, 28.40741 ], [ 76.987638, 28.406995 ], [ 76.9895989, 28.406159 ] ] } },
{ "type": "Feature", "properties": { "segment_id": "S414", "corridor_id": "SH15A", "highway": "primary", "ref": "SH15A", "name": null, "length": 17.541546510213767, "u": 9882506425, "v": 9883116659, "metapath_priority": "Medium", "is_metapath_hard": false, "metapath_pairs": "Sohna Industrial Area <-> Farrukhnagar Logistics Hub", "damage_type": "landslide_block", "initial_open": false, "disaster_hard": true }, "geometry": { "type": "LineString", "coordinates": [ [ 76.8561547, 28.459051 ], [ 76.8563207, 28.4591109 ] ] } },
{ "type": "Feature", "properties": { "segment_id": "S415", "corridor_id": "SH15A", "highway": "primary", "ref": "SH15A", "name": null, "length": 109.87459740382968, "u": 9882506425, "v": 4132346640, "metapath_priority": "Medium", "is_metapath_hard": false, "metapath_pairs": "Sohna Industrial Area <-> Farrukhnagar Logistics Hub", "damage_type": "none", "initial_open": true, "disaster_hard": false }, "geometry": { "type": "LineString", "coordinates": [ [ 76.8561547, 28.459051 ], [ 76.8560664, 28.4590191 ], [ 76.8551265, 28.458652 ] ] } },
{ "type": "Feature", "properties": { "segment_id": "S416", "corridor_id": "segment_416", "highway": "trunk_link", "ref": null, "name": null, "length": 7.683440840127334, "u": 9883043869, "v": 9883043870, "metapath_priority": "None", "is_metapath_hard": false, "metapath_pairs": "", "damage_type": "none", "initial_open": true, "disaster_hard": false }, "geometry": { "type": "LineString", "coordinates": [ [ 76.967142, 28.4339449 ], [ 76.967184, 28.4338865 ] ] } },
{ "type": "Feature", "properties": { "segment_id": "S417", "corridor_id": "NH352W", "highway": "trunk", "ref": "NH352W", "name": "Gurgaon Rewari Narnaul Singhana Road", "length": 592.80813355958787, "u": 9883043869, "v": 9898950516, "metapath_priority": "None", "is_metapath_hard": false, "metapath_pairs": "", "damage_type": "crack_pothole", "initial_open": true, "disaster_hard": false }, "geometry": { "type": "LineString", "coordinates": [ [ 76.967142, 28.4339449 ], [ 76.9690789, 28.4350026 ], [ 76.9694572, 28.4352078 ], [ 76.9695725, 28.4352703 ], [ 76.9699936, 28.4354991 ], [ 76.9702739, 28.4356559 ], [ 76.9708277, 28.4359531 ], [ 76.9720964, 28.4366241 ], [ 76.972306, 28.4367378 ] ] } },
{ "type": "Feature", "properties": { "segment_id": "S418", "corridor_id": "segment_418", "highway": "trunk_link", "ref": null, "name": null, "length": 7.683440840127334, "u": 9883043870, "v": 9883043869, "metapath_priority": "None", "is_metapath_hard": false, "metapath_pairs": "", "damage_type": "none", "initial_open": true, "disaster_hard": false }, "geometry": { "type": "LineString", "coordinates": [ [ 76.967184, 28.4338865 ], [ 76.967142, 28.4339449 ] ] } },
{ "type": "Feature", "properties": { "segment_id": "S419", "corridor_id": "NH352W", "highway": "trunk", "ref": "NH352W", "name": "Gurgaon Rewari Narnaul Singhana Road", "length": 534.19481725069591, "u": 9883043870, "v": 11959724323, "metapath_priority": "None", "is_metapath_hard": false, "metapath_pairs": "", "damage_type": "none", "initial_open": true, "disaster_hard": false }, "geometry": { "type": "LineString", "coordinates": [ [ 76.967184, 28.4338865 ], [ 76.9659957, 28.4332289 ], [ 76.9654056, 28.4329022 ], [ 76.9651709, 28.4327713 ], [ 76.9649953, 28.4326652 ], [ 76.9647861, 28.4325236 ], [ 76.9643073, 28.4321628 ], [ 76.9628335, 28.431005 ] ] } },
{ "type": "Feature", "properties": { "segment_id": "S420", "corridor_id": "Delhi Western Peripheral Expressway", "highway": "motorway", "ref": null, "name": "Delhi Western Peripheral Expressway", "length": 722.22603927550711, "u": 9883114798, "v": 9883116639, "metapath_priority": "None", "is_metapath_hard": false, "metapath_pairs": "", "damage_type": "none", "initial_open": true, "disaster_hard": false }, "geometry": { "type": "LineString", "coordinates": [ [ 76.8581099, 28.4536746 ], [ 76.8582407, 28.4530999 ], [ 76.8588509, 28.4503867 ], [ 76.8588951, 28.4501733 ], [ 76.8593296, 28.4482254 ], [ 76.8595407, 28.4473025 ] ] } },
{ "type": "Feature", "properties": { "segment_id": "S421", "corridor_id": "segment_421", "highway": "motorway_link", "ref": null, "name": null, "length": 375.24623002139691, "u": 9883114798, "v": 9883116617, "metapath_priority": "None", "is_metapath_hard": false, "metapath_pairs": "", "damage_type": "landslide_block", "initial_open": false, "disaster_hard": true }, "geometry": { "type": "LineString", "coordinates": [ [ 76.8581099, 28.4536746 ], [ 76.8582055, 28.4534617 ], [ 76.8582533, 28.4533605 ], [ 76.858287, 28.4532691 ], [ 76.8583123, 28.4531851 ], [ 76.8583909, 28.4528962 ], [ 76.8584162, 28.4528097 ], [ 76.8584359, 28.4527455 ], [ 76.8584639, 28.4526739 ], [ 76.8585538, 28.4524689 ], [ 76.858596, 28.4523948 ], [ 76.8586662, 28.4522837 ], [ 76.8587364, 28.4521799 ], [ 76.858787, 28.4521108 ], [ 76.8588488, 28.4520392 ], [ 76.8589808, 28.4518885 ], [ 76.8590538, 28.4518218 ], [ 76.8593263, 28.4515897 ], [ 76.8600679, 28.4509895 ], [ 76.8601466, 28.4509179 ] ] } },
{ "type": "Feature", "properties": { "segment_id": "S422", "corridor_id": "segment_422", "highway": "motorway_link", "ref": null, "name": null, "length": 84.494804495255821, "u": 9883116617, "v": 9883116624, "metapath_priority": "None", "is_metapath_hard": false, "metapath_pairs": "", "damage_type": "landslide_block", "initial_open": false, "disaster_hard": true }, "geometry": { "type": "LineString", "coordinates": [ [ 76.8601466, 28.4509179 ], [ 76.8601971, 28.4508586 ], [ 76.8602786, 28.4507425 ], [ 76.8603432, 28.4506067 ], [ 76.8603713, 28.450498 ], [ 76.8603741, 28.4503844 ], [ 76.8603573, 28.450293 ], [ 76.860332, 28.4502115 ] ] } },
{ "type": "Feature", "properties": { "segment_id": "S423", "corridor_id": "segment_423", "highway": "motorway_link", "ref": null, "name": null, "length": 338.53329030191145, "u": 9883116624, "v": 9883116639, "metapath_priority": "Medium", "is_metapath_hard": false, "metapath_pairs": "IMT Manesar <-> Farrukhnagar Logistics Hub", "damage_type": "none", "initial_open": true, "disaster_hard": false }, "geometry": { "type": "LineString", "coordinates": [ [ 76.860332, 28.4502115 ], [ 76.860268, 28.4500676 ], [ 76.8599703, 28.4495143 ], [ 76.8598357, 28.4492727 ], [ 76.8597879, 28.4491789 ], [ 76.8597514, 28.4490949 ], [ 76.8596632, 28.4488675 ], [ 76.8596323, 28.4487736 ], [ 76.8596014, 28.4486501 ], [ 76.8595709, 28.4485092 ], [ 76.8595568, 28.4484129 ], [ 76.8595484, 28.4482894 ], [ 76.8595287, 28.4479189 ], [ 76.8595277, 28.4478288 ], [ 76.8595333, 28.4476979 ], [ 76.8595407, 28.4473025 ] ] } },
{ "type": "Feature", "properties": { "segment_id": "S424", "corridor_id": "segment_424", "highway": "motorway_link", "ref": null, "name": null, "length": 286.6151308153959, "u": 9883116624, "v": 4132345416, "metapath_priority": "Medium", "is_metapath_hard": false, "metapath_pairs": "IMT Manesar <-> Farrukhnagar Logistics Hub", "damage_type": "none", "initial_open": true, "disaster_hard": false }, "geometry": { "type": "LineString", "coordinates": [ [ 76.860332, 28.4502115 ], [ 76.8601067, 28.450059 ], [ 76.8600393, 28.4500318 ], [ 76.8599494, 28.4500096 ], [ 76.8598455, 28.4499948 ], [ 76.8597696, 28.4499948 ], [ 76.8596797, 28.4500022 ], [ 76.8595926, 28.4500219 ], [ 76.8594999, 28.4500491 ], [ 76.8594213, 28.4500861 ], [ 76.8591376, 28.4502442 ], [ 76.8590617, 28.4502689 ], [ 76.8589887, 28.4502813 ], [ 76.8589185, 28.4502813 ], [ 76.8587893, 28.450259 ], [ 76.8585139, 28.4502053 ], [ 76.8583547, 28.4501729 ], [ 76.858118, 28.4501319 ], [ 76.8579724, 28.4501063 ], [ 76.8577854, 28.4500761 ], [ 76.8575751, 28.4500458 ] ] } },
{ "type": "Feature", "properties": { "segment_id": "S425", "corridor_id": "Delhi Western Peripheral Expressway", "highway": "motorway", "ref": null, "name": "Delhi Western Peripheral Expressway", "length": 6582.6432748482966, "u": 9883116639, "v": 1815791481, "metapath_priority": "Medium", "is_metapath_hard": false, "metapath_pairs": "IMT Manesar <-> Farrukhnagar Logistics Hub", "damage_type": "none", "initial_open": true, "disaster_hard": false }, "geometry": { "type": "LineString", "coordinates": [ [ 76.8595407, 28.4473025 ], [ 76.8603033, 28.4439685 ], [ 76.8603529, 28.4437798 ], [ 76.8614191, 28.4390817 ], [ 76.8617839, 28.4375322 ], [ 76.8618871, 28.4371465 ], [ 76.8636138, 28.4298442 ], [ 76.8637687, 28.4292291 ], [ 76.8637908, 28.4291418 ], [ 76.8650528, 28.42391 ], [ 76.8650937, 28.4237195 ], [ 76.8659667, 28.4201269 ], [ 76.8659903, 28.4200283 ], [ 76.866471, 28.4180239 ], [ 76.8668492, 28.4163879 ], [ 76.867104, 28.4150468 ], [ 76.867214, 28.4143261 ], [ 76.8673548, 28.4129791 ], [ 76.8673638, 28.4128334 ], [ 76.867368, 28.4127649 ], [ 76.8673776, 28.4122843 ], [ 76.8673615, 28.4070256 ], [ 76.8673521, 28.4058083 ], [ 76.8673334, 28.4051606 ], [ 76.8672693, 28.4030899 ], [ 76.8672648, 28.4028222 ], [ 76.8671456, 28.395316 ], [ 76.8671228, 28.3947279 ], [ 76.867102, 28.3939371 ], [ 76.8671515, 28.3921104 ], [ 76.8672707, 28.3907902 ], [ 76.8675179, 28.3893984 ], [ 76.8676431, 28.3888307 ] ] } },
{ "type": "Feature", "properties": { "segment_id": "S426", "corridor_id": "SH15A", "highway": "primary", "ref": "SH15A", "name": null, "length": 35.356201959139774, "u": 9883116659, "v": 9883124088, "metapath_priority": "Medium", "is_metapath_hard": false, "metapath_pairs": "Sohna Industrial Area <-> Farrukhnagar Logistics Hub", "damage_type": "none", "initial_open": true, "disaster_hard": false }, "geometry": { "type": "LineString", "coordinates": [ [ 76.8563207, 28.4591109 ], [ 76.8566553, 28.4592316 ] ] } },
{ "type": "Feature", "properties": { "segment_id": "S427", "corridor_id": "SH15A", "highway": "primary", "ref": "SH15A", "name": null, "length": 17.541546510213767, "u": 9883116659, "v": 9882506425, "metapath_priority": "Medium", "is_metapath_hard": false, "metapath_pairs": "Sohna Industrial Area <-> Farrukhnagar Logistics Hub", "damage_type": "none", "initial_open": true, "disaster_hard": false }, "geometry": { "type": "LineString", "coordinates": [ [ 76.8563207, 28.4591109 ], [ 76.8561547, 28.459051 ] ] } },
{ "type": "Feature", "properties": { "segment_id": "S428", "corridor_id": "segment_428", "highway": "motorway_link", "ref": null, "name": null, "length": 67.366357723492428, "u": 9883116659, "v": 9883124093, "metapath_priority": "None", "is_metapath_hard": false, "metapath_pairs": "", "damage_type": "none", "initial_open": true, "disaster_hard": false }, "geometry": { "type": "LineString", "coordinates": [ [ 76.8563207, 28.4591109 ], [ 76.8564232, 28.4585118 ] ] } },
{ "type": "Feature", "properties": { "segment_id": "S429", "corridor_id": "segment_429", "highway": "motorway_link", "ref": null, "name": null, "length": 248.98458542159523, "u": 9883116695, "v": 9883116617, "metapath_priority": "None", "is_metapath_hard": false, "metapath_pairs": "", "damage_type": "none", "initial_open": true, "disaster_hard": false }, "geometry": { "type": "LineString", "coordinates": [ [ 76.8578521, 28.4502023 ], [ 76.8579608, 28.4502074 ], [ 76.858054, 28.4502159 ], [ 76.8581375, 28.4502279 ], [ 76.8585725, 28.4503028 ], [ 76.8589412, 28.4503779 ], [ 76.8589839, 28.4503915 ], [ 76.8590247, 28.450412 ], [ 76.8590752, 28.4504496 ], [ 76.8594347, 28.4507737 ], [ 76.8595021, 28.4508207 ], [ 76.8595948, 28.450875 ], [ 76.8596875, 28.450912 ], [ 76.8597886, 28.4509367 ], [ 76.8598785, 28.4509442 ], [ 76.8599684, 28.4509392 ], [ 76.8601466, 28.4509179 ] ] } },
{ "type": "Feature", "properties": { "segment_id": "S430", "corridor_id": "segment_430", "highway": "motorway_link", "ref": null, "name": null, "length": 455.39772497295274, "u": 9883116695, "v": 9883124087, "metapath_priority": "None", "is_metapath_hard": false, "metapath_pairs": "", "damage_type": "none", "initial_open": true, "disaster_hard": false }, "geometry": { "type": "LineString", "coordinates": [ [ 76.8578521, 28.4502023 ], [ 76.8579948, 28.4502772 ], [ 76.8580598, 28.4503201 ], [ 76.8581127, 28.4503684 ], [ 76.8581615, 28.4504291 ], [ 76.858196, 28.4505042 ], [ 76.8582204, 28.4505775 ], [ 76.8582306, 28.4506543 ], [ 76.8582286, 28.4507437 ], [ 76.8582204, 28.4508581 ], [ 76.8580194, 28.4521734 ], [ 76.857837, 28.4533787 ], [ 76.8578223, 28.4534899 ], [ 76.8578085, 28.4536388 ], [ 76.8577922, 28.4538997 ], [ 76.8577909, 28.4541318 ] ] } },
{ "type": "Feature", "properties": { "segment_id": "S431", "corridor_id": "SH15A", "highway": "primary", "ref": "SH15A", "name": null, "length": 35.356201959139774, "u": 9883124088, "v": 9883116659, "metapath_priority": "Medium", "is_metapath_hard": false, "metapath_pairs": "Sohna Industrial Area <-> Farrukhnagar Logistics Hub", "damage_type": "none", "initial_open": true, "disaster_hard": false }, "geometry": { "type": "LineString", "coordinates": [ [ 76.8566553, 28.4592316 ], [ 76.8563207, 28.4591109 ] ] } },
{ "type": "Feature", "properties": { "segment_id": "S432", "corridor_id": "SH15A", "highway": "primary", "ref": "SH15A", "name": null, "length": 5341.0484108543487, "u": 9883124088, "v": 4135047549, "metapath_priority": "Medium", "is_metapath_hard": false, "metapath_pairs": "Sohna Industrial Area <-> Farrukhnagar Logistics Hub", "damage_type": "none", "initial_open": true, "disaster_hard": false }, "geometry": { "type": "LineString", "coordinates": [ [ 76.8566553, 28.4592316 ], [ 76.8568341, 28.4592961 ], [ 76.8571425, 28.4593844 ], [ 76.8574052, 28.4594771 ], [ 76.8579095, 28.4596851 ], [ 76.8580151, 28.4597347 ], [ 76.8580833, 28.4597802 ], [ 76.8582087, 28.4599017 ], [ 76.858302, 28.4600084 ], [ 76.8585881, 28.4604097 ], [ 76.8587949, 28.4607206 ], [ 76.8589241, 28.4609183 ], [ 76.8597983, 28.4621803 ], [ 76.8599196, 28.4623656 ], [ 76.8600222, 28.4624933 ], [ 76.8603736, 28.4628734 ], [ 76.8605899, 28.4630402 ], [ 76.8609035, 28.4632335 ], [ 76.8615307, 28.463519 ], [ 76.8620621, 28.4636412 ], [ 76.8623718, 28.4636726 ], [ 76.8629846, 28.4637126 ], [ 76.8635931, 28.4637161 ], [ 76.8659268, 28.46381 ], [ 76.8664008, 28.4638301 ], [ 76.8667663, 28.4638451 ], [ 76.8682482, 28.463917 ], [ 76.8683841, 28.4639317 ], [ 76.8687064, 28.4639401 ], [ 76.8699106, 28.4639919 ], [ 76.8701203, 28.4640179 ], [ 76.8704914, 28.4640661 ], [ 76.8714342, 28.4642455 ], [ 76.8723652, 28.4644302 ], [ 76.8724219, 28.4644414 ], [ 76.8724949, 28.4644541 ], [ 76.8727899, 28.4645085 ], [ 76.8732596, 28.4645909 ], [ 76.8756448, 28.4650296 ], [ 76.876233, 28.4651534 ], [ 76.877066, 28.4653189 ], [ 76.8775697, 28.4654189 ], [ 76.8798107, 28.4658727 ], [ 76.8801298, 28.465927 ], [ 76.8806972, 28.4660438 ], [ 76.8811005, 28.4661255 ], [ 76.8818412, 28.4662756 ], [ 76.8840325, 28.4667196 ], [ 76.8852306, 28.4669691 ], [ 76.8862792, 28.467177 ], [ 76.887143, 28.4673645 ], [ 76.8877615, 28.4674877 ], [ 76.8878321, 28.4675018 ], [ 76.8890346, 28.4677323 ], [ 76.8900014, 28.4678943 ], [ 76.8903417, 28.4679574 ], [ 76.8909831, 28.46808 ], [ 76.8910316, 28.4680888 ], [ 76.8918159, 28.4682311 ], [ 76.8927349, 28.4684121 ], [ 76.8931844, 28.4684912 ], [ 76.8942911, 28.4686203 ], [ 76.8957083, 28.4687681 ], [ 76.8961676, 28.468809 ], [ 76.8965656, 28.4688445 ], [ 76.8971025, 28.4688903 ], [ 76.8983119, 28.4689659 ], [ 76.8984202, 28.4689727 ], [ 76.8993289, 28.4690767 ], [ 76.9003244, 28.4691609 ], [ 76.9008865, 28.4692084 ], [ 76.9014161, 28.4692532 ], [ 76.9027121, 28.4693584 ], [ 76.9033853, 28.469413 ], [ 76.903879, 28.469453 ], [ 76.9043643, 28.4694924 ], [ 76.9045968, 28.469521 ], [ 76.9047531, 28.4695402 ], [ 76.9051153, 28.4695847 ], [ 76.9061054, 28.4698023 ], [ 76.9061491, 28.4698119 ], [ 76.9063484, 28.4698557 ], [ 76.9068744, 28.4699627 ], [ 76.9070907, 28.4700067 ], [ 76.9071847, 28.4700258 ], [ 76.9077684, 28.4700978 ], [ 76.9081789, 28.470113 ], [ 76.9083, 28.4701246 ] ] } },
{ "type": "Feature", "properties": { "segment_id": "S433", "corridor_id": "segment_433", "highway": "motorway_link", "ref": null, "name": null, "length": 83.279911251186775, "u": 9883124088, "v": 9883124093, "metapath_priority": "None", "is_metapath_hard": false, "metapath_pairs": "", "damage_type": "none", "initial_open": true, "disaster_hard": false }, "geometry": { "type": "LineString", "coordinates": [ [ 76.8566553, 28.4592316 ], [ 76.8566095, 28.459119 ], [ 76.8565654, 28.4590104 ], [ 76.8565389, 28.4589199 ], [ 76.8565124, 28.458819 ], [ 76.8564232, 28.4585118 ] ] } },
{ "type": "Feature", "properties": { "segment_id": "S434", "corridor_id": "segment_434", "highway": "motorway_link", "ref": null, "name": null, "length": 987.67241104485515, "u": 9883124093, "v": 9883116695, "metapath_priority": "None", "is_metapath_hard": false, "metapath_pairs": "", "damage_type": "none", "initial_open": true, "disaster_hard": false }, "geometry": { "type": "LineString", "coordinates": [ [ 76.8564232, 28.4585118 ], [ 76.8564265, 28.4584923 ], [ 76.8565037, 28.4580742 ], [ 76.8565241, 28.4579598 ], [ 76.8565485, 28.4578418 ], [ 76.8566135, 28.4575309 ], [ 76.8570241, 28.4558259 ], [ 76.8570677, 28.4556361 ], [ 76.8571994, 28.4548846 ], [ 76.8572238, 28.4547666 ], [ 76.8572523, 28.4546344 ], [ 76.8573835, 28.454107 ], [ 76.8576351, 28.4532233 ], [ 76.8576548, 28.4531369 ], [ 76.8576773, 28.4530258 ], [ 76.8577289, 28.4526446 ], [ 76.8577458, 28.4524791 ], [ 76.8577486, 28.4523803 ], [ 76.857743, 28.4522519 ], [ 76.8577208, 28.4520785 ], [ 76.8576927, 28.4519476 ], [ 76.8576562, 28.4518291 ], [ 76.8575944, 28.4516735 ], [ 76.857219, 28.4508151 ], [ 76.8571965, 28.4507484 ], [ 76.8571853, 28.4506768 ], [ 76.8571865, 28.4506119 ], [ 76.8571981, 28.4505522 ], [ 76.8572214, 28.4504993 ], [ 76.8572622, 28.4504429 ], [ 76.8573204, 28.4503849 ], [ 76.8574096, 28.4503115 ], [ 76.857464, 28.4502739 ], [ 76.8575338, 28.4502415 ], [ 76.8576115, 28.4502142 ], [ 76.8576872, 28.450204 ], [ 76.8578521, 28.4502023 ] ] } },
{ "type": "Feature", "properties": { "segment_id": "S435", "corridor_id": "segment_435", "highway": "trunk_link", "ref": null, "name": null, "length": 21.111997250084965, "u": 9883171783, "v": 9883171784, "metapath_priority": "None", "is_metapath_hard": false, "metapath_pairs": "", "damage_type": "none", "initial_open": true, "disaster_hard": false }, "geometry": { "type": "LineString", "coordinates": [ [ 76.821315, 28.2542213 ], [ 76.8215198, 28.2542805 ] ] } },
{ "type": "Feature", "properties": { "segment_id": "S436", "corridor_id": "NH48", "highway": "trunk", "ref": "NH48", "name": "Amer Road", "length": 756.41868203187153, "u": 9883171784, "v": 9880239363, "metapath_priority": "None", "is_metapath_hard": false, "metapath_pairs": "", "damage_type": "none", "initial_open": true, "disaster_hard": false }, "geometry": { "type": "LineString", "coordinates": [ [ 76.8215198, 28.2542805 ], [ 76.8224547, 28.2555315 ], [ 76.823004, 28.256213 ], [ 76.8231615, 28.2563799 ], [ 76.8235167, 28.2567304 ], [ 76.8235334, 28.2567454 ], [ 76.825452, 28.2586381 ], [ 76.8260086, 28.259214 ], [ 76.8263503, 28.2595718 ] ] } },
{ "type": "Feature", "properties": { "segment_id": "S437", "corridor_id": "segment_437", "highway": "trunk_link", "ref": null, "name": null, "length": 13.11031070937395, "u": 9884796845, "v": 9885041716, "metapath_priority": "None", "is_metapath_hard": false, "metapath_pairs": "", "damage_type": "none", "initial_open": true, "disaster_hard": false }, "geometry": { "type": "LineString", "coordinates": [ [ 76.8670329, 28.2962157 ], [ 76.8671345, 28.2961389 ] ] } },
{ "type": "Feature", "properties": { "segment_id": "S438", "corridor_id": "segment_438", "highway": "motorway_link", "ref": null, "name": null, "length": 262.71069610349861, "u": 9884796864, "v": 11806517362, "metapath_priority": "None", "is_metapath_hard": false, "metapath_pairs": "", "damage_type": "none", "initial_open": true, "disaster_hard": false }, "geometry": { "type": "LineString", "coordinates": [ [ 76.8882324, 28.313998 ], [ 76.8883134, 28.3141198 ], [ 76.8883865, 28.3142064 ], [ 76.8889146, 28.3146614 ], [ 76.889614, 28.3152401 ], [ 76.8898097, 28.3154293 ], [ 76.8899709, 28.315575 ], [ 76.8900087, 28.315641 ], [ 76.8900406, 28.3157211 ] ] } },
{ "type": "Feature", "properties": { "segment_id": "S439", "corridor_id": "segment_439", "highway": "trunk_link", "ref": null, "name": null, "length": 14.481235004383404, "u": 9885041710, "v": 9885041711, "metapath_priority": "None", "is_metapath_hard": false, "metapath_pairs": "", "damage_type": "none", "initial_open": true, "disaster_hard": false }, "geometry": { "type": "LineString", "coordinates": [ [ 76.868016, 28.2970444 ], [ 76.8679024, 28.2971278 ] ] } },
{ "type": "Feature", "properties": { "segment_id": "S440", "corridor_id": "NH48", "highway": "trunk", "ref": "NH48", "name": "Amer Road", "length": 74.305335263377927, "u": 9885041710, "v": 9885050817, "metapath_priority": "High", "is_metapath_hard": true, "metapath_pairs": "IMT Manesar <-> Bilaspur Logistics Hub; Udyog Vihar <-> Bilaspur Logistics Hub", "damage_type": "none", "initial_open": true, "disaster_hard": false }, "geometry": { "type": "LineString", "coordinates": [ [ 76.868016, 28.2970444 ], [ 76.8685064, 28.2975544 ] ] } },
{ "type": "Feature", "properties": { "segment_id": "S441", "corridor_id": "segment_441", "highway": "trunk_link", "ref": null, "name": null, "length": 14.481235004383404, "u": 9885041711, "v": 9885041710, "metapath_priority": "None", "is_metapath_hard": false, "metapath_pairs": "", "damage_type": "none", "initial_open": true, "disaster_hard": false }, "geometry": { "type": "LineString", "coordinates": [ [ 76.8679024, 28.2971278 ], [ 76.868016, 28.2970444 ] ] } },
{ "type": "Feature", "properties": { "segment_id": "S442", "corridor_id": "segment_442", "highway": "trunk_link", "ref": null, "name": null, "length": 12.510028308016285, "u": 9885041712, "v": 9885041713, "metapath_priority": "None", "is_metapath_hard": false, "metapath_pairs": "", "damage_type": "none", "initial_open": true, "disaster_hard": false }, "geometry": { "type": "LineString", "coordinates": [ [ 76.8665673, 28.2955411 ], [ 76.8664695, 28.2956135 ] ] } },
{ "type": "Feature", "properties": { "segment_id": "S443", "corridor_id": "NH48", "highway": "trunk", "ref": "NH48", "name": "Amer Road", "length": 86.617433505334006, "u": 9885041712, "v": 9885041716, "metapath_priority": "High", "is_metapath_hard": true, "metapath_pairs": "IMT Manesar <-> Bilaspur Logistics Hub; Udyog Vihar <-> Bilaspur Logistics Hub", "damage_type": "none", "initial_open": true, "disaster_hard": false }, "geometry": { "type": "LineString", "coordinates": [ [ 76.8665673, 28.2955411 ], [ 76.8671345, 28.2961389 ] ] } },
{ "type": "Feature", "properties": { "segment_id": "S444", "corridor_id": "segment_444", "highway": "trunk_link", "ref": null, "name": null, "length": 12.510028308016285, "u": 9885041713, "v": 9885041712, "metapath_priority": "None", "is_metapath_hard": false, "metapath_pairs": "", "damage_type": "none", "initial_open": true, "disaster_hard": false }, "geometry": { "type": "LineString", "coordinates": [ [ 76.8664695, 28.2956135 ], [ 76.8665673, 28.2955411 ] ] } },
{ "type": "Feature", "properties": { "segment_id": "S445", "corridor_id": "segment_445", "highway": "trunk_link", "ref": null, "name": null, "length": 10.233121338168608, "u": 9885041714, "v": 9885041715, "metapath_priority": "None", "is_metapath_hard": false, "metapath_pairs": "", "damage_type": "none", "initial_open": true, "disaster_hard": false }, "geometry": { "type": "LineString", "coordinates": [ [ 76.8659735, 28.2949252 ], [ 76.8658862, 28.2949758 ] ] } },
{ "type": "Feature", "properties": { "segment_id": "S446", "corridor_id": "NH48", "highway": "trunk", "ref": "NH48", "name": "Amer Road", "length": 89.834744472327984, "u": 9885041714, "v": 9885041712, "metapath_priority": "High", "is_metapath_hard": true, "metapath_pairs": "IMT Manesar <-> Bilaspur Logistics Hub; Udyog Vihar <-> Bilaspur Logistics Hub", "damage_type": "none", "initial_open": true, "disaster_hard": false }, "geometry": { "type": "LineString", "coordinates": [ [ 76.8659735, 28.2949252 ], [ 76.8665673, 28.2955411 ] ] } },
{ "type": "Feature", "properties": { "segment_id": "S447", "corridor_id": "segment_447", "highway": "trunk_link", "ref": null, "name": null, "length": 10.233121338168608, "u": 9885041715, "v": 9885041714, "metapath_priority": "None", "is_metapath_hard": false, "metapath_pairs": "", "damage_type": "none", "initial_open": true, "disaster_hard": false }, "geometry": { "type": "LineString", "coordinates": [ [ 76.8658862, 28.2949758 ], [ 76.8659735, 28.2949252 ] ] } },
{ "type": "Feature", "properties": { "segment_id": "S448", "corridor_id": "segment_448", "highway": "trunk_link", "ref": null, "name": null, "length": 13.11031070937395, "u": 9885041716, "v": 9884796845, "metapath_priority": "None", "is_metapath_hard": false, "metapath_pairs": "", "damage_type": "none", "initial_open": true, "disaster_hard": false }, "geometry": { "type": "LineString", "coordinates": [ [ 76.8671345, 28.2961389 ], [ 76.8670329, 28.2962157 ] ] } },
{ "type": "Feature", "properties": { "segment_id": "S449", "corridor_id": "NH48", "highway": "trunk", "ref": "NH48", "name": "Amer Road", "length": 132.61608919691923, "u": 9885041716, "v": 9885041710, "metapath_priority": "High", "is_metapath_hard": true, "metapath_pairs": "IMT Manesar <-> Bilaspur Logistics Hub; Udyog Vihar <-> Bilaspur Logistics Hub", "damage_type": "none", "initial_open": true, "disaster_hard": false }, "geometry": { "type": "LineString", "coordinates": [ [ 76.8671345, 28.2961389 ], [ 76.8676268, 28.2966401 ], [ 76.8677669, 28.2967854 ], [ 76.868016, 28.2970444 ] ] } },
{ "type": "Feature", "properties": { "segment_id": "S450", "corridor_id": "segment_450", "highway": "trunk_link", "ref": null, "name": null, "length": 15.210254285163815, "u": 9885050817, "v": 9885050818, "metapath_priority": "None", "is_metapath_hard": false, "metapath_pairs": "", "damage_type": "none", "initial_open": true, "disaster_hard": false }, "geometry": { "type": "LineString", "coordinates": [ [ 76.8685064, 28.2975544 ], [ 76.8683837, 28.2976383 ] ] } },
{ "type": "Feature", "properties": { "segment_id": "S451", "corridor_id": "NH48", "highway": "trunk", "ref": "NH48", "name": "Amer Road", "length": 295.56852462384319, "u": 9885050817, "v": 9885050819, "metapath_priority": "High", "is_metapath_hard": true, "metapath_pairs": "IMT Manesar <-> Bilaspur Logistics Hub; Udyog Vihar <-> Bilaspur Logistics Hub", "damage_type": "none", "initial_open": true, "disaster_hard": false }, "geometry": { "type": "LineString", "coordinates": [ [ 76.8685064, 28.2975544 ], [ 76.8695396, 28.2986289 ], [ 76.869645, 28.2987335 ], [ 76.8697953, 28.2988894 ], [ 76.8704136, 28.2994275 ], [ 76.8705324, 28.2995212 ] ] } },
{ "type": "Feature", "properties": { "segment_id": "S452", "corridor_id": "segment_452", "highway": "trunk_link", "ref": null, "name": null, "length": 15.210254285163815, "u": 9885050818, "v": 9885050817, "metapath_priority": "None", "is_metapath_hard": false, "metapath_pairs": "", "damage_type": "none", "initial_open": true, "disaster_hard": false }, "geometry": { "type": "LineString", "coordinates": [ [ 76.8683837, 28.2976383 ], [ 76.8685064, 28.2975544 ] ] } },
{ "type": "Feature", "properties": { "segment_id": "S453", "corridor_id": "segment_453", "highway": "trunk_link", "ref": null, "name": null, "length": 9.0342287827898211, "u": 9885050819, "v": 9885050820, "metapath_priority": "None", "is_metapath_hard": false, "metapath_pairs": "", "damage_type": "none", "initial_open": true, "disaster_hard": false }, "geometry": { "type": "LineString", "coordinates": [ [ 76.8705324, 28.2995212 ], [ 76.8704615, 28.2995732 ] ] } },
{ "type": "Feature", "properties": { "segment_id": "S454", "corridor_id": "NH48", "highway": "trunk", "ref": "NH48", "name": "Amer Road", "length": 741.3672432983376, "u": 9885050819, "v": 9891232554, "metapath_priority": "High", "is_metapath_hard": true, "metapath_pairs": "IMT Manesar <-> Bilaspur Logistics Hub; Udyog Vihar <-> Bilaspur Logistics Hub", "damage_type": "none", "initial_open": true, "disaster_hard": false }, "geometry": { "type": "LineString", "coordinates": [ [ 76.8705324, 28.2995212 ], [ 76.8726736, 28.3012096 ], [ 76.8739183, 28.3022274 ], [ 76.8739548, 28.3022572 ], [ 76.8741045, 28.3023798 ], [ 76.8741668, 28.3024308 ], [ 76.8754768, 28.3035003 ], [ 76.8761146, 28.3040259 ] ] } },
{ "type": "Feature", "properties": { "segment_id": "S455", "corridor_id": "segment_455", "highway": "trunk_link", "ref": null, "name": null, "length": 9.0342287827898211, "u": 9885050820, "v": 9885050819, "metapath_priority": "None", "is_metapath_hard": false, "metapath_pairs": "", "damage_type": "crack_pothole", "initial_open": true, "disaster_hard": false }, "geometry": { "type": "LineString", "coordinates": [ [ 76.8704615, 28.2995732 ], [ 76.8705324, 28.2995212 ] ] } },
{ "type": "Feature", "properties": { "segment_id": "S456", "corridor_id": "segment_456", "highway": "trunk_link", "ref": null, "name": null, "length": 11.421397536915837, "u": 9885050822, "v": 9885050823, "metapath_priority": "None", "is_metapath_hard": false, "metapath_pairs": "", "damage_type": "none", "initial_open": true, "disaster_hard": false }, "geometry": { "type": "LineString", "coordinates": [ [ 76.883308, 28.3098765 ], [ 76.8832238, 28.3099476 ] ] } },
{ "type": "Feature", "properties": { "segment_id": "S457", "corridor_id": "NH48", "highway": "trunk", "ref": "NH48", "name": "Amer Road", "length": 1102.9826669085355, "u": 9885050822, "v": 1815784690, "metapath_priority": "High", "is_metapath_hard": true, "metapath_pairs": "IMT Manesar <-> Bilaspur Logistics Hub; Udyog Vihar <-> Bilaspur Logistics Hub", "damage_type": "none", "initial_open": true, "disaster_hard": false }, "geometry": { "type": "LineString", "coordinates": [ [ 76.883308, 28.3098765 ], [ 76.8894233, 28.3147986 ], [ 76.8916175, 28.3165756 ] ] } },
{ "type": "Feature", "properties": { "segment_id": "S458", "corridor_id": "segment_458", "highway": "trunk_link", "ref": null, "name": null, "length": 11.421397536915837, "u": 9885050823, "v": 9885050822, "metapath_priority": "None", "is_metapath_hard": false, "metapath_pairs": "", "damage_type": "none", "initial_open": true, "disaster_hard": false }, "geometry": { "type": "LineString", "coordinates": [ [ 76.8832238, 28.3099476 ], [ 76.883308, 28.3098765 ] ] } },
{ "type": "Feature", "properties": { "segment_id": "S459", "corridor_id": "segment_459", "highway": "trunk_link", "ref": null, "name": null, "length": 14.386870013790157, "u": 9885050824, "v": 9885050825, "metapath_priority": "None", "is_metapath_hard": false, "metapath_pairs": "", "damage_type": "none", "initial_open": true, "disaster_hard": false }, "geometry": { "type": "LineString", "coordinates": [ [ 76.8833506, 28.3096687 ], [ 76.8834564, 28.3095789 ] ] } },
{ "type": "Feature", "properties": { "segment_id": "S460", "corridor_id": "NH48", "highway": "trunk", "ref": "NH48", "name": "Amer Road", "length": 181.80157137053021, "u": 9885050824, "v": 9885050826, "metapath_priority": "High", "is_metapath_hard": true, "metapath_pairs": "IMT Manesar <-> Bilaspur Logistics Hub", "damage_type": "none", "initial_open": true, "disaster_hard": false }, "geometry": { "type": "LineString", "coordinates": [ [ 76.8833506, 28.3096687 ], [ 76.8819829, 28.3085627 ] ] } },
{ "type": "Feature", "properties": { "segment_id": "S461", "corridor_id": "segment_461", "highway": "trunk_link", "ref": null, "name": null, "length": 14.386870013790157, "u": 9885050825, "v": 9885050824, "metapath_priority": "None", "is_metapath_hard": false, "metapath_pairs": "", "damage_type": "none", "initial_open": true, "disaster_hard": false }, "geometry": { "type": "LineString", "coordinates": [ [ 76.8834564, 28.3095789 ], [ 76.8833506, 28.3096687 ] ] } },
{ "type": "Feature", "properties": { "segment_id": "S462", "corridor_id": "segment_462", "highway": "trunk_link", "ref": null, "name": null, "length": 12.740821563790259, "u": 9885050826, "v": 9885050827, "metapath_priority": "None", "is_metapath_hard": false, "metapath_pairs": "", "damage_type": "none", "initial_open": true, "disaster_hard": false }, "geometry": { "type": "LineString", "coordinates": [ [ 76.8819829, 28.3085627 ], [ 76.8820689, 28.3084767 ] ] } },
{ "type": "Feature", "properties": { "segment_id": "S463", "corridor_id": "NH48", "highway": "trunk", "ref": "NH48", "name": "Amer Road", "length": 1839.9004565830048, "u": 9885050826, "v": 6026792795, "metapath_priority": "High", "is_metapath_hard": true, "metapath_pairs": "IMT Manesar <-> Bilaspur Logistics Hub; Udyog Vihar <-> Bilaspur Logistics Hub", "damage_type": "crack_pothole", "initial_open": true, "disaster_hard": false }, "geometry": { "type": "LineString", "coordinates": [ [ 76.8819829, 28.3085627 ], [ 76.8814123, 28.3081012 ], [ 76.8796152, 28.3066194 ], [ 76.8774292, 28.3048613 ], [ 76.8770134, 28.3045377 ], [ 76.8757716, 28.3035046 ], [ 76.8742975, 28.3023154 ], [ 76.87407, 28.3021318 ], [ 76.8740416, 28.3021089 ], [ 76.8699136, 28.2987365 ], [ 76.8683553, 28.2971825 ] ] } },
{ "type": "Feature", "properties": { "segment_id": "S464", "corridor_id": "segment_464", "highway": "trunk_link", "ref": null, "name": null, "length": 12.740821563790259, "u": 9885050827, "v": 9885050826, "metapath_priority": "None", "is_metapath_hard": false, "metapath_pairs": "", "damage_type": "none", "initial_open": true, "disaster_hard": false }, "geometry": { "type": "LineString", "coordinates": [ [ 76.8820689, 28.3084767 ], [ 76.8819829, 28.3085627 ] ] } },
{ "type": "Feature", "properties": { "segment_id": "S465", "corridor_id": "segment_465", "highway": "trunk_link", "ref": null, "name": null, "length": 17.222400826384757, "u": 9888876444, "v": 9888876445, "metapath_priority": "None", "is_metapath_hard": false, "metapath_pairs": "", "damage_type": "none", "initial_open": true, "disaster_hard": false }, "geometry": { "type": "LineString", "coordinates": [ [ 76.9016855, 28.3249806 ], [ 76.9018165, 28.3248772 ] ] } },
{ "type": "Feature", "properties": { "segment_id": "S466", "corridor_id": "segment_466", "highway": "trunk_link", "ref": null, "name": null, "length": 17.222400826384757, "u": 9888876445, "v": 9888876444, "metapath_priority": "None", "is_metapath_hard": false, "metapath_pairs": "", "damage_type": "none", "initial_open": true, "disaster_hard": false }, "geometry": { "type": "LineString", "coordinates": [ [ 76.9018165, 28.3248772 ], [ 76.9016855, 28.3249806 ] ] } },
{ "type": "Feature", "properties": { "segment_id": "S467", "corridor_id": "NH48", "highway": "trunk", "ref": "NH48", "name": "Amer Road", "length": 1070.8367676613534, "u": 9888876445, "v": 11818396711, "metapath_priority": "Medium", "is_metapath_hard": false, "metapath_pairs": "IMT Manesar <-> Bilaspur Logistics Hub; IMT Manesar <-> Farrukhnagar Logistics Hub; Udyog Vihar <-> Bilaspur Logistics Hub", "damage_type": "none", "initial_open": true, "disaster_hard": false }, "geometry": { "type": "LineString", "coordinates": [ [ 76.9018165, 28.3248772 ], [ 76.9024286, 28.3253786 ], [ 76.9025786, 28.3255015 ], [ 76.9032163, 28.3258992 ], [ 76.9039248, 28.3262104 ], [ 76.911595, 28.3290613 ] ] } },
{ "type": "Feature", "properties": { "segment_id": "S468", "corridor_id": "segment_468", "highway": "trunk_link", "ref": null, "name": null, "length": 12.744773067134554, "u": 9888876446, "v": 9888876447, "metapath_priority": "None", "is_metapath_hard": false, "metapath_pairs": "", "damage_type": "none", "initial_open": true, "disaster_hard": false }, "geometry": { "type": "LineString", "coordinates": [ [ 76.9019477, 28.3246273 ], [ 76.9018463, 28.3246992 ] ] } },
{ "type": "Feature", "properties": { "segment_id": "S469", "corridor_id": "segment_469", "highway": "trunk_link", "ref": null, "name": null, "length": 12.744773067134554, "u": 9888876447, "v": 9888876446, "metapath_priority": "None", "is_metapath_hard": false, "metapath_pairs": "", "damage_type": "none", "initial_open": true, "disaster_hard": false }, "geometry": { "type": "LineString", "coordinates": [ [ 76.9018463, 28.3246992 ], [ 76.9019477, 28.3246273 ] ] } },
{ "type": "Feature", "properties": { "segment_id": "S470", "corridor_id": "NH48", "highway": "trunk", "ref": "NH48", "name": "Amer Road", "length": 201.06822413708679, "u": 9888876447, "v": 9819196700, "metapath_priority": "None", "is_metapath_hard": false, "metapath_pairs": "", "damage_type": "none", "initial_open": true, "disaster_hard": false }, "geometry": { "type": "LineString", "coordinates": [ [ 76.9018463, 28.3246992 ], [ 76.90175, 28.3246211 ], [ 76.900335, 28.3234745 ] ] } },
{ "type": "Feature", "properties": { "segment_id": "S471", "corridor_id": "NH352W", "highway": "trunk", "ref": "NH352W", "name": "Gurgaon Rewari Narnaul Singhana Road", "length": 43.404257580960042, "u": 9891013000, "v": 11959861087, "metapath_priority": "None", "is_metapath_hard": false, "metapath_pairs": "", "damage_type": "none", "initial_open": true, "disaster_hard": false }, "geometry": { "type": "LineString", "coordinates": [ [ 76.9089411, 28.4198296 ], [ 76.9084976, 28.4198145 ] ] } },
{ "type": "Feature", "properties": { "segment_id": "S472", "corridor_id": "segment_472", "highway": "trunk_link", "ref": null, "name": null, "length": 8.9633694470737719, "u": 9891013000, "v": 9891013001, "metapath_priority": "None", "is_metapath_hard": false, "metapath_pairs": "", "damage_type": "none", "initial_open": true, "disaster_hard": false }, "geometry": { "type": "LineString", "coordinates": [ [ 76.9089411, 28.4198296 ], [ 76.9089425, 28.4199102 ] ] } },
{ "type": "Feature", "properties": { "segment_id": "S473", "corridor_id": "segment_473", "highway": "trunk_link", "ref": null, "name": null, "length": 8.9633694470737719, "u": 9891013001, "v": 9891013000, "metapath_priority": "None", "is_metapath_hard": false, "metapath_pairs": "", "damage_type": "none", "initial_open": true, "disaster_hard": false }, "geometry": { "type": "LineString", "coordinates": [ [ 76.9089425, 28.4199102 ], [ 76.9089411, 28.4198296 ] ] } },
{ "type": "Feature", "properties": { "segment_id": "S474", "corridor_id": "NH352W", "highway": "trunk", "ref": "NH352W", "name": "Gurgaon Rewari Narnaul Singhana Road", "length": 849.66016405475432, "u": 9891013001, "v": 11959883306, "metapath_priority": "None", "is_metapath_hard": false, "metapath_pairs": "", "damage_type": "none", "initial_open": true, "disaster_hard": false }, "geometry": { "type": "LineString", "coordinates": [ [ 76.9089425, 28.4199102 ], [ 76.9097133, 28.4199145 ], [ 76.9100485, 28.4199151 ], [ 76.9107182, 28.4199163 ], [ 76.9109283, 28.4199189 ], [ 76.9114262, 28.4199175 ], [ 76.91165, 28.4199179 ], [ 76.9123489, 28.419989 ], [ 76.9128164, 28.4200766 ], [ 76.9130655, 28.4201539 ], [ 76.9131649, 28.4201791 ], [ 76.9133081, 28.4202153 ], [ 76.9135455, 28.4202995 ], [ 76.9142724, 28.4205535 ], [ 76.9145133, 28.4206425 ], [ 76.9147615, 28.4207343 ], [ 76.9149839, 28.4208272 ], [ 76.9152134, 28.4209265 ], [ 76.9160412, 28.421268 ], [ 76.9161137, 28.4213032 ], [ 76.9167849, 28.4215767 ], [ 76.91695, 28.4216448 ], [ 76.9172135, 28.4217568 ] ] } },
{ "type": "Feature", "properties": { "segment_id": "S475", "corridor_id": "segment_475", "highway": "trunk_link", "ref": null, "name": null, "length": 10.35420742187979, "u": 9891232553, "v": 9891232554, "metapath_priority": "None", "is_metapath_hard": false, "metapath_pairs": "", "damage_type": "none", "initial_open": true, "disaster_hard": false }, "geometry": { "type": "LineString", "coordinates": [ [ 76.8760507, 28.3041001 ], [ 76.8761146, 28.3040259 ] ] } },
{ "type": "Feature", "properties": { "segment_id": "S476", "corridor_id": "segment_476", "highway": "trunk_link", "ref": null, "name": null, "length": 10.35420742187979, "u": 9891232554, "v": 9891232553, "metapath_priority": "None", "is_metapath_hard": false, "metapath_pairs": "", "damage_type": "none", "initial_open": true, "disaster_hard": false }, "geometry": { "type": "LineString", "coordinates": [ [ 76.8761146, 28.3040259 ], [ 76.8760507, 28.3041001 ] ] } },
{ "type": "Feature", "properties": { "segment_id": "S477", "corridor_id": "NH48", "highway": "trunk", "ref": "NH48", "name": "Amer Road", "length": 958.73370332139098, "u": 9891232554, "v": 9885050822, "metapath_priority": "High", "is_metapath_hard": true, "metapath_pairs": "IMT Manesar <-> Bilaspur Logistics Hub; Udyog Vihar <-> Bilaspur Logistics Hub", "damage_type": "none", "initial_open": true, "disaster_hard": false }, "geometry": { "type": "LineString", "coordinates": [ [ 76.8761146, 28.3040259 ], [ 76.8804519, 28.3075776 ], [ 76.883308, 28.3098765 ] ] } },
{ "type": "Feature", "properties": { "segment_id": "S478", "corridor_id": "segment_478", "highway": "trunk_link", "ref": null, "name": null, "length": 14.127322126595951, "u": 9891305837, "v": 9891305838, "metapath_priority": "None", "is_metapath_hard": false, "metapath_pairs": "", "damage_type": "none", "initial_open": true, "disaster_hard": false }, "geometry": { "type": "LineString", "coordinates": [ [ 76.8836826, 28.3099372 ], [ 76.8837758, 28.3098402 ] ] } },
{ "type": "Feature", "properties": { "segment_id": "S479", "corridor_id": "NH48", "highway": "trunk", "ref": "NH48", "name": "Amer Road", "length": 44.132906904050195, "u": 9891305837, "v": 9885050824, "metapath_priority": "High", "is_metapath_hard": true, "metapath_pairs": "IMT Manesar <-> Bilaspur Logistics Hub", "damage_type": "none", "initial_open": true, "disaster_hard": false }, "geometry": { "type": "LineString", "coordinates": [ [ 76.8836826, 28.3099372 ], [ 76.8833506, 28.3096687 ] ] } },
{ "type": "Feature", "properties": { "segment_id": "S480", "corridor_id": "segment_480", "highway": "trunk_link", "ref": null, "name": null, "length": 14.127322126595951, "u": 9891305838, "v": 9891305837, "metapath_priority": "None", "is_metapath_hard": false, "metapath_pairs": "", "damage_type": "none", "initial_open": true, "disaster_hard": false }, "geometry": { "type": "LineString", "coordinates": [ [ 76.8837758, 28.3098402 ], [ 76.8836826, 28.3099372 ] ] } },
{ "type": "Feature", "properties": { "segment_id": "S481", "corridor_id": "segment_481", "highway": "trunk_link", "ref": null, "name": null, "length": 11.862517780806423, "u": 9891305939, "v": 9891305940, "metapath_priority": "None", "is_metapath_hard": false, "metapath_pairs": "", "damage_type": "crack_pothole", "initial_open": true, "disaster_hard": false }, "geometry": { "type": "LineString", "coordinates": [ [ 76.8888963, 28.314159 ], [ 76.8889818, 28.3140834 ] ] } },
{ "type": "Feature", "properties": { "segment_id": "S482", "corridor_id": "NH48", "highway": "trunk", "ref": "NH48", "name": "Amer Road", "length": 693.45033828095325, "u": 9891305939, "v": 9891305837, "metapath_priority": "None", "is_metapath_hard": false, "metapath_pairs": "", "damage_type": "none", "initial_open": true, "disaster_hard": false }, "geometry": { "type": "LineString", "coordinates": [ [ 76.8888963, 28.314159 ], [ 76.8858135, 28.3116605 ], [ 76.8836826, 28.3099372 ] ] } },
{ "type": "Feature", "properties": { "segment_id": "S483", "corridor_id": "segment_483", "highway": "trunk_link", "ref": null, "name": null, "length": 11.862517780806423, "u": 9891305940, "v": 9891305939, "metapath_priority": "None", "is_metapath_hard": false, "metapath_pairs": "", "damage_type": "none", "initial_open": true, "disaster_hard": false }, "geometry": { "type": "LineString", "coordinates": [ [ 76.8889818, 28.3140834 ], [ 76.8888963, 28.314159 ] ] } },
{ "type": "Feature", "properties": { "segment_id": "S484", "corridor_id": "segment_484", "highway": "trunk_link", "ref": null, "name": null, "length": 30.485696737004684, "u": 9892914460, "v": 9892914463, "metapath_priority": "None", "is_metapath_hard": false, "metapath_pairs": "", "damage_type": "landslide_block", "initial_open": false, "disaster_hard": true }, "geometry": { "type": "LineString", "coordinates": [ [ 77.0551613, 28.3779351 ], [ 77.0549772, 28.3781563 ] ] } },
{ "type": "Feature", "properties": { "segment_id": "S485", "corridor_id": "NH248A", "highway": "trunk", "ref": "NH248A", "name": "Sohna Road", "length": 5400.0043468971317, "u": 9892914460, "v": 11909411847, "metapath_priority": "None", "is_metapath_hard": false, "metapath_pairs": "", "damage_type": "crack_pothole", "initial_open": true, "disaster_hard": false }, "geometry": { "type": "LineString", "coordinates": [ [ 77.0551613, 28.3779351 ], [ 77.0550997, 28.3781216 ], [ 77.0550818, 28.3781793 ], [ 77.0550256, 28.3783597 ], [ 77.0549746, 28.3785238 ], [ 77.0540445, 28.381353 ], [ 77.0539046, 28.3817638 ], [ 77.0530391, 28.3843844 ], [ 77.0528308, 28.3848738 ], [ 77.0525435, 28.3854119 ], [ 77.0524912, 28.3855098 ], [ 77.0524551, 28.3855774 ], [ 77.052131, 28.3861225 ], [ 77.0512361, 28.387517 ], [ 77.050614, 28.3885071 ], [ 77.0505001, 28.3886927 ], [ 77.0499263, 28.3896015 ], [ 77.0494038, 28.3903585 ], [ 77.0489266, 28.3909718 ], [ 77.0478299, 28.3923637 ], [ 77.0472786, 28.3931032 ], [ 77.0471344, 28.3933074 ], [ 77.0470695, 28.3933992 ], [ 77.0468519, 28.3937073 ], [ 77.0466617, 28.3940572 ], [ 77.0465235, 28.3944255 ], [ 77.0461557, 28.3959181 ], [ 77.0461181, 28.3960766 ], [ 77.0456572, 28.397966 ], [ 77.0454891, 28.3985859 ], [ 77.0454605, 28.3986913 ], [ 77.0450869, 28.4000689 ], [ 77.0450185, 28.4003996 ], [ 77.0449378, 28.4007427 ], [ 77.0448643, 28.4010319 ], [ 77.044834, 28.4011583 ], [ 77.0447459, 28.4015253 ], [ 77.0447158, 28.4016335 ], [ 77.0444625, 28.4025448 ], [ 77.0443969, 28.4027807 ], [ 77.0433578, 28.4065189 ], [ 77.0425625, 28.409271 ], [ 77.0425053, 28.4094404 ], [ 77.0424772, 28.4095367 ], [ 77.0418513, 28.4116816 ], [ 77.0413478, 28.413407 ], [ 77.0413302, 28.4134744 ], [ 77.0412616, 28.4136961 ], [ 77.0408076, 28.4152194 ], [ 77.0402731, 28.4170692 ], [ 77.0399341, 28.4182962 ], [ 77.0399005, 28.4184152 ], [ 77.0397785, 28.4188563 ], [ 77.0394604, 28.4199495 ], [ 77.0386605, 28.4226788 ], [ 77.0383942, 28.4235949 ], [ 77.0383322, 28.4238083 ] ] } },
{ "type": "Feature", "properties": { "segment_id": "S486", "corridor_id": "segment_486", "highway": "trunk_link", "ref": null, "name": null, "length": 7.4744652073333215, "u": 9897263368, "v": 11959752963, "metapath_priority": "None", "is_metapath_hard": false, "metapath_pairs": "", "damage_type": "none", "initial_open": true, "disaster_hard": false }, "geometry": { "type": "LineString", "coordinates": [ [ 76.9768288, 28.4386679 ], [ 76.9768162, 28.4387342 ] ] } },
{ "type": "Feature", "properties": { "segment_id": "S487", "corridor_id": "NH352W", "highway": "trunk", "ref": "NH352W", "name": "Gurgaon Rewari Narnaul Singhana Road", "length": 367.08840143768163, "u": 9897263368, "v": 4139980895, "metapath_priority": "None", "is_metapath_hard": false, "metapath_pairs": "", "damage_type": "none", "initial_open": true, "disaster_hard": false }, "geometry": { "type": "LineString", "coordinates": [ [ 76.9768288, 28.4386679 ], [ 76.9762458, 28.4385393 ], [ 76.9757898, 28.438439 ], [ 76.975476, 28.4383435 ], [ 76.9753084, 28.4382751 ], [ 76.9750817, 28.4381607 ], [ 76.9746619, 28.437926 ], [ 76.9734643, 28.4372757 ] ] } },
{ "type": "Feature", "properties": { "segment_id": "S488", "corridor_id": "SH15A", "highway": "primary", "ref": "SH15A", "name": null, "length": 12.972485202294761, "u": 9898705686, "v": 11890403312, "metapath_priority": "None", "is_metapath_hard": false, "metapath_pairs": "", "damage_type": "none", "initial_open": true, "disaster_hard": false }, "geometry": { "type": "LineString", "coordinates": [ [ 76.7704552, 28.4960442 ], [ 76.7703434, 28.4961071 ] ] } },
{ "type": "Feature", "properties": { "segment_id": "S489", "corridor_id": "segment_489", "highway": "primary_link", "ref": null, "name": null, "length": 8.0058997603606681, "u": 9898705686, "v": 1397292862, "metapath_priority": "None", "is_metapath_hard": false, "metapath_pairs": "", "damage_type": "crack_pothole", "initial_open": true, "disaster_hard": false }, "geometry": { "type": "LineString", "coordinates": [ [ 76.7704552, 28.4960442 ], [ 76.7704989, 28.4961051 ] ] } },
{ "type": "Feature", "properties": { "segment_id": "S490", "corridor_id": "segment_490", "highway": "trunk_link", "ref": null, "name": null, "length": 7.7779146518011233, "u": 9898950515, "v": 9898950516, "metapath_priority": "None", "is_metapath_hard": false, "metapath_pairs": "", "damage_type": "none", "initial_open": true, "disaster_hard": false }, "geometry": { "type": "LineString", "coordinates": [ [ 76.9723508, 28.43668 ], [ 76.972306, 28.4367378 ] ] } },
{ "type": "Feature", "properties": { "segment_id": "S491", "corridor_id": "NH352W", "highway": "trunk", "ref": "NH352W", "name": "Gurgaon Rewari Narnaul Singhana Road", "length": 593.14337492218169, "u": 9898950515, "v": 9883043870, "metapath_priority": "None", "is_metapath_hard": false, "metapath_pairs": "", "damage_type": "none", "initial_open": true, "disaster_hard": false }, "geometry": { "type": "LineString", "coordinates": [ [ 76.9723508, 28.43668 ], [ 76.9720361, 28.4365121 ], [ 76.9713923, 28.4361689 ], [ 76.9707365, 28.4358198 ], [ 76.9695845, 28.4352019 ], [ 76.9689703, 28.4348634 ], [ 76.9680852, 28.4343858 ], [ 76.9676863, 28.4341455 ], [ 76.9672295, 28.4339117 ], [ 76.967184, 28.4338865 ] ] } },
{ "type": "Feature", "properties": { "segment_id": "S492", "corridor_id": "segment_492", "highway": "trunk_link", "ref": null, "name": null, "length": 7.7779146518011233, "u": 9898950516, "v": 9898950515, "metapath_priority": "None", "is_metapath_hard": false, "metapath_pairs": "", "damage_type": "none", "initial_open": true, "disaster_hard": false }, "geometry": { "type": "LineString", "coordinates": [ [ 76.972306, 28.4367378 ], [ 76.9723508, 28.43668 ] ] } },
{ "type": "Feature", "properties": { "segment_id": "S493", "corridor_id": "NH352W", "highway": "trunk", "ref": "NH352W", "name": "Gurgaon Rewari Narnaul Singhana Road", "length": 128.00388955618013, "u": 9898950516, "v": 7379261281, "metapath_priority": "None", "is_metapath_hard": false, "metapath_pairs": "", "damage_type": "crack_pothole", "initial_open": true, "disaster_hard": false }, "geometry": { "type": "LineString", "coordinates": [ [ 76.972306, 28.4367378 ], [ 76.9725341, 28.4368615 ], [ 76.9731291, 28.4371843 ], [ 76.9734201, 28.4373423 ] ] } },
{ "type": "Feature", "properties": { "segment_id": "S494", "corridor_id": "NH352W", "highway": "trunk", "ref": "NH352W", "name": "Gurgaon Rewari Narnaul Singhana Road", "length": 35.758023032912305, "u": 9899356265, "v": 9899356269, "metapath_priority": "None", "is_metapath_hard": false, "metapath_pairs": "", "damage_type": "none", "initial_open": true, "disaster_hard": false }, "geometry": { "type": "LineString", "coordinates": [ [ 76.946492, 28.4273871 ], [ 76.9468509, 28.4274487 ] ] } },
{ "type": "Feature", "properties": { "segment_id": "S495", "corridor_id": "segment_495", "highway": "trunk_link", "ref": null, "name": null, "length": 7.2410182946526831, "u": 9899356265, "v": 9899356266, "metapath_priority": "None", "is_metapath_hard": false, "metapath_pairs": "", "damage_type": "none", "initial_open": true, "disaster_hard": false }, "geometry": { "type": "LineString", "coordinates": [ [ 76.946492, 28.4273871 ], [ 76.9465103, 28.427324 ] ] } },
{ "type": "Feature", "properties": { "segment_id": "S496", "corridor_id": "segment_496", "highway": "trunk_link", "ref": null, "name": null, "length": 7.2410182946526831, "u": 9899356266, "v": 9899356265, "metapath_priority": "None", "is_metapath_hard": false, "metapath_pairs": "", "damage_type": "none", "initial_open": true, "disaster_hard": false }, "geometry": { "type": "LineString", "coordinates": [ [ 76.9465103, 28.427324 ], [ 76.946492, 28.4273871 ] ] } },
{ "type": "Feature", "properties": { "segment_id": "S497", "corridor_id": "NH352W", "highway": "trunk", "ref": "NH352W", "name": "Gurgaon Rewari Narnaul Singhana Road", "length": 930.8340410194586, "u": 9899356266, "v": 9901067044, "metapath_priority": "None", "is_metapath_hard": false, "metapath_pairs": "", "damage_type": "none", "initial_open": true, "disaster_hard": false }, "geometry": { "type": "LineString", "coordinates": [ [ 76.9465103, 28.427324 ], [ 76.9458502, 28.4272281 ], [ 76.9447448, 28.4270037 ], [ 76.9434399, 28.4267624 ], [ 76.9425481, 28.4265885 ], [ 76.9420044, 28.4264825 ], [ 76.9416585, 28.4264042 ], [ 76.9415288, 28.4263779 ], [ 76.9414424, 28.4263588 ], [ 76.9413739, 28.4263466 ], [ 76.9413309, 28.426339 ], [ 76.9412705, 28.4263283 ], [ 76.9412001, 28.4263159 ], [ 76.9407954, 28.4262418 ], [ 76.9406066, 28.426213 ], [ 76.9405001, 28.4261888 ], [ 76.9403876, 28.4261504 ], [ 76.9401173, 28.4260418 ], [ 76.9395071, 28.4257677 ], [ 76.9393903, 28.4257128 ], [ 76.9392261, 28.4256352 ], [ 76.9390832, 28.4255695 ], [ 76.938915, 28.4254989 ], [ 76.9387846, 28.425448 ], [ 76.9384461, 28.4253374 ], [ 76.9380836, 28.42523 ], [ 76.937769, 28.4251371 ], [ 76.9374065, 28.4250301 ] ] } },
{ "type": "Feature", "properties": { "segment_id": "S498", "corridor_id": "segment_498", "highway": "trunk_link", "ref": null, "name": null, "length": 8.2510763664741162, "u": 9899356269, "v": 9899356270, "metapath_priority": "None", "is_metapath_hard": false, "metapath_pairs": "", "damage_type": "none", "initial_open": true, "disaster_hard": false }, "geometry": { "type": "LineString", "coordinates": [ [ 76.9468509, 28.4274487 ], [ 76.9468678, 28.427376 ] ] } },
{ "type": "Feature", "properties": { "segment_id": "S499", "corridor_id": "NH352W", "highway": "trunk", "ref": "NH352W", "name": "Gurgaon Rewari Narnaul Singhana Road", "length": 819.33535810199464, "u": 9899356269, "v": 11982614677, "metapath_priority": "None", "is_metapath_hard": false, "metapath_pairs": "", "damage_type": "none", "initial_open": true, "disaster_hard": false }, "geometry": { "type": "LineString", "coordinates": [ [ 76.9468509, 28.4274487 ], [ 76.946886, 28.4274547 ], [ 76.9476908, 28.4275724 ], [ 76.9490837, 28.4277761 ], [ 76.9492371, 28.4277961 ], [ 76.9494939, 28.4278296 ], [ 76.95, 28.4279037 ], [ 76.9502726, 28.4279465 ], [ 76.9509321, 28.4280436 ], [ 76.9510387, 28.4280625 ], [ 76.9523191, 28.4282461 ], [ 76.9530822, 28.4283381 ], [ 76.9534242, 28.4283805 ], [ 76.9537638, 28.4284024 ], [ 76.9540126, 28.4284 ], [ 76.954268, 28.4283769 ], [ 76.9545349, 28.4283276 ], [ 76.9551215, 28.4282112 ] ] } },
{ "type": "Feature", "properties": { "segment_id": "S500", "corridor_id": "segment_500", "highway": "trunk_link", "ref": null, "name": null, "length": 8.2510763664741162, "u": 9899356270, "v": 9899356269, "metapath_priority": "None", "is_metapath_hard": false, "metapath_pairs": "", "damage_type": "none", "initial_open": true, "disaster_hard": false }, "geometry": { "type": "LineString", "coordinates": [ [ 76.9468678, 28.427376 ], [ 76.9468509, 28.4274487 ] ] } },
{ "type": "Feature", "properties": { "segment_id": "S501", "corridor_id": "NH352W", "highway": "trunk", "ref": "NH352W", "name": "Gurgaon Rewari Narnaul Singhana Road", "length": 35.433927556803276, "u": 9899356270, "v": 9899356266, "metapath_priority": "None", "is_metapath_hard": false, "metapath_pairs": "", "damage_type": "crack_pothole", "initial_open": true, "disaster_hard": false }, "geometry": { "type": "LineString", "coordinates": [ [ 76.9468678, 28.427376 ], [ 76.9467854, 28.427364 ], [ 76.9465527, 28.4273302 ], [ 76.9465103, 28.427324 ] ] } },
{ "type": "Feature", "properties": { "segment_id": "S502", "corridor_id": "segment_502", "highway": "trunk_link", "ref": null, "name": null, "length": 8.7122262349374804, "u": 9901067044, "v": 9903383707, "metapath_priority": "None", "is_metapath_hard": false, "metapath_pairs": "", "damage_type": "none", "initial_open": true, "disaster_hard": false }, "geometry": { "type": "LineString", "coordinates": [ [ 76.9374065, 28.4250301 ], [ 76.9373831, 28.4251057 ] ] } },
{ "type": "Feature", "properties": { "segment_id": "S503", "corridor_id": "NH352W", "highway": "trunk", "ref": "NH352W", "name": "Gurgaon Rewari Narnaul Singhana Road", "length": 140.6937289077278, "u": 9901067044, "v": 7413302411, "metapath_priority": "None", "is_metapath_hard": false, "metapath_pairs": "", "damage_type": "none", "initial_open": true, "disaster_hard": false }, "geometry": { "type": "LineString", "coordinates": [ [ 76.9374065, 28.4250301 ], [ 76.9366041, 28.424791 ], [ 76.9360466, 28.4246171 ] ] } },
{ "type": "Feature", "properties": { "segment_id": "S504", "corridor_id": "segment_504", "highway": "primary_link", "ref": null, "name": null, "length": 45.370170109242451, "u": 9901520532, "v": 7230280487, "metapath_priority": "None", "is_metapath_hard": false, "metapath_pairs": "", "damage_type": "none", "initial_open": true, "disaster_hard": false }, "geometry": { "type": "LineString", "coordinates": [ [ 76.8415405, 28.4531982 ], [ 76.8416458, 28.4533369 ], [ 76.8416753, 28.4534029 ], [ 76.8416861, 28.4535102 ], [ 76.8416907, 28.4535727 ] ] } },
{ "type": "Feature", "properties": { "segment_id": "S505", "corridor_id": "SH15A", "highway": "primary", "ref": "SH15A", "name": null, "length": 114.46987039840054, "u": 9901520534, "v": 1732780405, "metapath_priority": "Medium", "is_metapath_hard": false, "metapath_pairs": "IMT Manesar <-> Farrukhnagar Logistics Hub; Sohna Industrial Area <-> Farrukhnagar Logistics Hub", "damage_type": "none", "initial_open": true, "disaster_hard": false }, "geometry": { "type": "LineString", "coordinates": [ [ 76.8422968, 28.4536278 ], [ 76.842578, 28.4537774 ], [ 76.8432659, 28.4540668 ], [ 76.8433455, 28.4540685 ] ] } },
{ "type": "Feature", "properties": { "segment_id": "S506", "corridor_id": "SH15A", "highway": "primary", "ref": "SH15A", "name": null, "length": 20.162036572348864, "u": 9901520542, "v": 1732780392, "metapath_priority": "None", "is_metapath_hard": false, "metapath_pairs": "", "damage_type": "none", "initial_open": true, "disaster_hard": false }, "geometry": { "type": "LineString", "coordinates": [ [ 76.8420017, 28.4533911 ], [ 76.8419493, 28.4533616 ], [ 76.8418965, 28.4533319 ], [ 76.841848, 28.4533893 ] ] } },
{ "type": "Feature", "properties": { "segment_id": "S507", "corridor_id": "segment_507", "highway": "trunk_link", "ref": null, "name": null, "length": 8.7122262349374804, "u": 9903383707, "v": 9901067044, "metapath_priority": "None", "is_metapath_hard": false, "metapath_pairs": "", "damage_type": "none", "initial_open": true, "disaster_hard": false }, "geometry": { "type": "LineString", "coordinates": [ [ 76.9373831, 28.4251057 ], [ 76.9374065, 28.4250301 ] ] } },
{ "type": "Feature", "properties": { "segment_id": "S508", "corridor_id": "NH352W", "highway": "trunk", "ref": "NH352W", "name": "Gurgaon Rewari Narnaul Singhana Road", "length": 931.23777451701756, "u": 9903383707, "v": 9899356265, "metapath_priority": "None", "is_metapath_hard": false, "metapath_pairs": "", "damage_type": "none", "initial_open": true, "disaster_hard": false }, "geometry": { "type": "LineString", "coordinates": [ [ 76.9373831, 28.4251057 ], [ 76.9374008, 28.4251117 ], [ 76.9375491, 28.4251568 ], [ 76.9377126, 28.4252057 ], [ 76.9380568, 28.4253024 ], [ 76.9381178, 28.4253202 ], [ 76.9383962, 28.4254047 ], [ 76.9385927, 28.4254641 ], [ 76.9386927, 28.425496 ], [ 76.938779, 28.4255241 ], [ 76.9388727, 28.42556 ], [ 76.9390217, 28.4256219 ], [ 76.9392243, 28.425715 ], [ 76.9394185, 28.4258079 ], [ 76.9400049, 28.4260863 ], [ 76.9402432, 28.4261863 ], [ 76.9403765, 28.4262354 ], [ 76.9405037, 28.4262738 ], [ 76.9406288, 28.426305 ], [ 76.9411241, 28.426399 ], [ 76.9412684, 28.4264206 ], [ 76.9413074, 28.4264273 ], [ 76.9413728, 28.4264378 ], [ 76.9415067, 28.4264545 ], [ 76.9416372, 28.42648 ], [ 76.9434239, 28.4268299 ], [ 76.9442183, 28.4269955 ], [ 76.9447334, 28.4270851 ], [ 76.946492, 28.4273871 ] ] } },
{ "type": "Feature", "properties": { "segment_id": "S509", "corridor_id": "NH48", "highway": "motorway", "ref": "NH48", "name": "Delhi-Gurugram Expressway", "length": 78.840908344701475, "u": 9903651820, "v": 268905722, "metapath_priority": "Medium", "is_metapath_hard": false, "metapath_pairs": "Udyog Vihar <-> Bilaspur Logistics Hub", "damage_type": "none", "initial_open": true, "disaster_hard": false }, "geometry": { "type": "LineString", "coordinates": [ [ 77.0541828, 28.4648737 ], [ 77.0547013, 28.4654168 ] ] } },
{ "type": "Feature", "properties": { "segment_id": "S510", "corridor_id": "segment_510", "highway": "motorway_link", "ref": null, "name": null, "length": 43.488521795680768, "u": 9903651820, "v": 6095224685, "metapath_priority": "None", "is_metapath_hard": false, "metapath_pairs": "", "damage_type": "none", "initial_open": true, "disaster_hard": false }, "geometry": { "type": "LineString", "coordinates": [ [ 77.0541828, 28.4648737 ], [ 77.0542935, 28.4652525 ] ] } },
{ "type": "Feature", "properties": { "segment_id": "S511", "corridor_id": "segment_511", "highway": "trunk_link", "ref": null, "name": null, "length": 13.606792607737138, "u": 9910861876, "v": 9910861899, "metapath_priority": "None", "is_metapath_hard": false, "metapath_pairs": "", "damage_type": "none", "initial_open": true, "disaster_hard": false }, "geometry": { "type": "LineString", "coordinates": [ [ 76.9513036, 28.3740239 ], [ 76.95126, 28.3741401 ] ] } },
{ "type": "Feature", "properties": { "segment_id": "S512", "corridor_id": "NH48", "highway": "trunk", "ref": "NH48", "name": "Amer Road", "length": 68.805842572399655, "u": 9910861876, "v": 9910861901, "metapath_priority": "Medium", "is_metapath_hard": false, "metapath_pairs": "Udyog Vihar <-> Bilaspur Logistics Hub", "damage_type": "none", "initial_open": true, "disaster_hard": false }, "geometry": { "type": "LineString", "coordinates": [ [ 76.9513036, 28.3740239 ], [ 76.9514925, 28.374121 ], [ 76.9519108, 28.3743361 ] ] } },
{ "type": "Feature", "properties": { "segment_id": "S513", "corridor_id": "segment_513", "highway": "trunk_link", "ref": null, "name": null, "length": 14.212398741911906, "u": 9910861881, "v": 9910861882, "metapath_priority": "None", "is_metapath_hard": false, "metapath_pairs": "", "damage_type": "none", "initial_open": true, "disaster_hard": false }, "geometry": { "type": "LineString", "coordinates": [ [ 76.9463715, 28.3717662 ], [ 76.9464183, 28.3716452 ] ] } },
{ "type": "Feature", "properties": { "segment_id": "S514", "corridor_id": "segment_514", "highway": "trunk_link", "ref": null, "name": null, "length": 14.212398741911906, "u": 9910861882, "v": 9910861881, "metapath_priority": "None", "is_metapath_hard": false, "metapath_pairs": "", "damage_type": "none", "initial_open": true, "disaster_hard": false }, "geometry": { "type": "LineString", "coordinates": [ [ 76.9464183, 28.3716452 ], [ 76.9463715, 28.3717662 ] ] } },
{ "type": "Feature", "properties": { "segment_id": "S515", "corridor_id": "NH48", "highway": "trunk", "ref": "NH48", "name": "Amer Road", "length": 201.17664991816835, "u": 9910861882, "v": 9910861884, "metapath_priority": "Medium", "is_metapath_hard": false, "metapath_pairs": "Udyog Vihar <-> Bilaspur Logistics Hub", "damage_type": "none", "initial_open": true, "disaster_hard": false }, "geometry": { "type": "LineString", "coordinates": [ [ 76.9464183, 28.3716452 ], [ 76.9472765, 28.3720099 ], [ 76.9482354, 28.3724898 ] ] } },
{ "type": "Feature", "properties": { "segment_id": "S516", "corridor_id": "segment_516", "highway": "trunk_link", "ref": null, "name": null, "length": 11.162583953527259, "u": 9910861883, "v": 9910861884, "metapath_priority": "None", "is_metapath_hard": false, "metapath_pairs": "", "damage_type": "none", "initial_open": true, "disaster_hard": false }, "geometry": { "type": "LineString", "coordinates": [ [ 76.9481775, 28.3725763 ], [ 76.9482354, 28.3724898 ] ] } },
{ "type": "Feature", "properties": { "segment_id": "S517", "corridor_id": "segment_517", "highway": "trunk_link", "ref": null, "name": null, "length": 11.162583953527259, "u": 9910861884, "v": 9910861883, "metapath_priority": "None", "is_metapath_hard": false, "metapath_pairs": "", "damage_type": "none", "initial_open": true, "disaster_hard": false }, "geometry": { "type": "LineString", "coordinates": [ [ 76.9482354, 28.3724898 ], [ 76.9481775, 28.3725763 ] ] } },
{ "type": "Feature", "properties": { "segment_id": "S518", "corridor_id": "NH48", "highway": "trunk", "ref": "NH48", "name": "Amer Road", "length": 211.65667616154511, "u": 9910861884, "v": 9910861898, "metapath_priority": "Medium", "is_metapath_hard": false, "metapath_pairs": "Udyog Vihar <-> Bilaspur Logistics Hub", "damage_type": "landslide_block", "initial_open": false, "disaster_hard": true }, "geometry": { "type": "LineString", "coordinates": [ [ 76.9482354, 28.3724898 ], [ 76.9494983, 28.3731218 ], [ 76.9497103, 28.3732277 ], [ 76.9501161, 28.3734305 ] ] } },
{ "type": "Feature", "properties": { "segment_id": "S519", "corridor_id": "segment_519", "highway": "trunk_link", "ref": null, "name": null, "length": 12.361634664370163, "u": 9910861897, "v": 9910861898, "metapath_priority": "None", "is_metapath_hard": false, "metapath_pairs": "", "damage_type": "none", "initial_open": true, "disaster_hard": false }, "geometry": { "type": "LineString", "coordinates": [ [ 76.9500609, 28.3735305 ], [ 76.9501161, 28.3734305 ] ] } },
{ "type": "Feature", "properties": { "segment_id": "S520", "corridor_id": "NH48", "highway": "trunk", "ref": "NH48", "name": "Amer Road", "length": 133.61085050477982, "u": 9910861898, "v": 9910861876, "metapath_priority": "Medium", "is_metapath_hard": false, "metapath_pairs": "Udyog Vihar <-> Bilaspur Logistics Hub", "damage_type": "none", "initial_open": true, "disaster_hard": false }, "geometry": { "type": "LineString", "coordinates": [ [ 76.9501161, 28.3734305 ], [ 76.9513036, 28.3740239 ] ] } },
{ "type": "Feature", "properties": { "segment_id": "S521", "corridor_id": "segment_521", "highway": "trunk_link", "ref": null, "name": null, "length": 12.361634664370163, "u": 9910861898, "v": 9910861897, "metapath_priority": "None", "is_metapath_hard": false, "metapath_pairs": "", "damage_type": "none", "initial_open": true, "disaster_hard": false }, "geometry": { "type": "LineString", "coordinates": [ [ 76.9501161, 28.3734305 ], [ 76.9500609, 28.3735305 ] ] } },
{ "type": "Feature", "properties": { "segment_id": "S522", "corridor_id": "segment_522", "highway": "trunk_link", "ref": null, "name": null, "length": 13.606792607737138, "u": 9910861899, "v": 9910861876, "metapath_priority": "None", "is_metapath_hard": false, "metapath_pairs": "", "damage_type": "none", "initial_open": true, "disaster_hard": false }, "geometry": { "type": "LineString", "coordinates": [ [ 76.95126, 28.3741401 ], [ 76.9513036, 28.3740239 ] ] } },
{ "type": "Feature", "properties": { "segment_id": "S523", "corridor_id": "segment_523", "highway": "trunk_link", "ref": null, "name": null, "length": 12.672823951212003, "u": 9910861900, "v": 9910861901, "metapath_priority": "None", "is_metapath_hard": false, "metapath_pairs": "", "damage_type": "none", "initial_open": true, "disaster_hard": false }, "geometry": { "type": "LineString", "coordinates": [ [ 76.9518618, 28.3744416 ], [ 76.9519108, 28.3743361 ] ] } },
{ "type": "Feature", "properties": { "segment_id": "S524", "corridor_id": "segment_524", "highway": "trunk_link", "ref": null, "name": null, "length": 12.672823951212003, "u": 9910861901, "v": 9910861900, "metapath_priority": "None", "is_metapath_hard": false, "metapath_pairs": "", "damage_type": "none", "initial_open": true, "disaster_hard": false }, "geometry": { "type": "LineString", "coordinates": [ [ 76.9519108, 28.3743361 ], [ 76.9518618, 28.3744416 ] ] } },
{ "type": "Feature", "properties": { "segment_id": "S525", "corridor_id": "NH48", "highway": "trunk", "ref": "NH48", "name": "Amer Road", "length": 589.47023665606582, "u": 9910861901, "v": 9910861905, "metapath_priority": "Medium", "is_metapath_hard": false, "metapath_pairs": "Udyog Vihar <-> Bilaspur Logistics Hub", "damage_type": "none", "initial_open": true, "disaster_hard": false }, "geometry": { "type": "LineString", "coordinates": [ [ 76.9519108, 28.3743361 ], [ 76.952954, 28.3748724 ], [ 76.9537169, 28.3752646 ], [ 76.9537738, 28.3752899 ], [ 76.9541045, 28.3754573 ], [ 76.9565225, 28.3766595 ], [ 76.9571331, 28.3769795 ] ] } },
{ "type": "Feature", "properties": { "segment_id": "S526", "corridor_id": "segment_526", "highway": "trunk_link", "ref": null, "name": null, "length": 33.30803248969756, "u": 9910861905, "v": 9910861904, "metapath_priority": "None", "is_metapath_hard": false, "metapath_pairs": "", "damage_type": "none", "initial_open": true, "disaster_hard": false }, "geometry": { "type": "LineString", "coordinates": [ [ 76.9571331, 28.3769795 ], [ 76.9573486, 28.3772114 ] ] } },
{ "type": "Feature", "properties": { "segment_id": "S527", "corridor_id": "NH48", "highway": "trunk", "ref": "NH48", "name": "Gurugram New Sector Road Flyover", "length": 1014.6278973516946, "u": 9910861905, "v": 6649059150, "metapath_priority": "Medium", "is_metapath_hard": false, "metapath_pairs": "Udyog Vihar <-> Bilaspur Logistics Hub", "damage_type": "crack_pothole", "initial_open": true, "disaster_hard": false }, "geometry": { "type": "LineString", "coordinates": [ [ 76.9571331, 28.3769795 ], [ 76.9582951, 28.3775557 ], [ 76.961132, 28.3790035 ], [ 76.9613235, 28.3791012 ], [ 76.9643668, 28.3806544 ], [ 76.9649889, 28.3809779 ], [ 76.9661097, 28.3815494 ] ] } },
{ "type": "Feature", "properties": { "segment_id": "S528", "corridor_id": "SH15A", "highway": "primary", "ref": "SH15A", "name": null, "length": 403.74719136147667, "u": 9911730089, "v": 11842964112, "metapath_priority": "Medium", "is_metapath_hard": false, "metapath_pairs": "Sohna Industrial Area <-> Farrukhnagar Logistics Hub", "damage_type": "none", "initial_open": true, "disaster_hard": false }, "geometry": { "type": "LineString", "coordinates": [ [ 76.9475198, 28.472261 ], [ 76.9475999, 28.472293 ], [ 76.9481431, 28.4722813 ], [ 76.9495615, 28.4722719 ], [ 76.9498009, 28.472269 ], [ 76.9508856, 28.4722454 ], [ 76.9515496, 28.4722344 ], [ 76.9516418, 28.4722326 ] ] } },
{ "type": "Feature", "properties": { "segment_id": "S529", "corridor_id": "SH15A", "highway": "primary", "ref": "SH15A", "name": null, "length": 426.08542832215375, "u": 9911730089, "v": 5150748931, "metapath_priority": "Medium", "is_metapath_hard": false, "metapath_pairs": "Sohna Industrial Area <-> Farrukhnagar Logistics Hub", "damage_type": "none", "initial_open": true, "disaster_hard": false }, "geometry": { "type": "LineString", "coordinates": [ [ 76.9475198, 28.472261 ], [ 76.947234, 28.4722527 ], [ 76.9465542, 28.4722662 ], [ 76.9431627, 28.4723603 ] ] } },
{ "type": "Feature", "properties": { "segment_id": "S530", "corridor_id": "SH15A", "highway": "primary", "ref": "SH15A", "name": null, "length": 69.146285681539183, "u": 9912385793, "v": 7488907018, "metapath_priority": "Medium", "is_metapath_hard": false, "metapath_pairs": "Sohna Industrial Area <-> Farrukhnagar Logistics Hub", "damage_type": "none", "initial_open": true, "disaster_hard": false }, "geometry": { "type": "LineString", "coordinates": [ [ 76.9243779, 28.4721289 ], [ 76.9246576, 28.4721701 ], [ 76.9247428, 28.4721812 ], [ 76.9248598, 28.472195 ], [ 76.9249467, 28.4722004 ], [ 76.925079, 28.472207 ] ] } },
{ "type": "Feature", "properties": { "segment_id": "S531", "corridor_id": "SH15A", "highway": "primary", "ref": "SH15A", "name": null, "length": 633.97805226879132, "u": 9912385793, "v": 4133264095, "metapath_priority": "Medium", "is_metapath_hard": false, "metapath_pairs": "Sohna Industrial Area <-> Farrukhnagar Logistics Hub", "damage_type": "none", "initial_open": true, "disaster_hard": false }, "geometry": { "type": "LineString", "coordinates": [ [ 76.9243779, 28.4721289 ], [ 76.9242137, 28.4721047 ], [ 76.9236628, 28.4719778 ], [ 76.9233797, 28.4719444 ], [ 76.9231219, 28.4719783 ], [ 76.9226822, 28.4720413 ], [ 76.9225227, 28.4720392 ], [ 76.9223313, 28.4720384 ], [ 76.9221772, 28.4720038 ], [ 76.9221511, 28.4719989 ], [ 76.921951, 28.471938 ], [ 76.9218745, 28.4719351 ], [ 76.9216492, 28.4719231 ], [ 76.920967, 28.4718481 ], [ 76.9204243, 28.4717149 ], [ 76.920083, 28.4716311 ], [ 76.920016, 28.4716146 ], [ 76.919433, 28.4714823 ], [ 76.9186873, 28.4712898 ], [ 76.9185922, 28.4712653 ], [ 76.9180556, 28.4711437 ] ] } },
{ "type": "Feature", "properties": { "segment_id": "S532", "corridor_id": "segment_532", "highway": "primary_link", "ref": null, "name": null, "length": 15.823596860108433, "u": 9912385793, "v": 9912385796, "metapath_priority": "None", "is_metapath_hard": false, "metapath_pairs": "", "damage_type": "crack_pothole", "initial_open": true, "disaster_hard": false }, "geometry": { "type": "LineString", "coordinates": [ [ 76.9243779, 28.4721289 ], [ 76.9243956, 28.4721738 ], [ 76.9243993, 28.472223 ], [ 76.9243904, 28.4722678 ] ] } },
{ "type": "Feature", "properties": { "segment_id": "S533", "corridor_id": "segment_533", "highway": "trunk_link", "ref": null, "name": null, "length": 11.801518454742103, "u": 9913715402, "v": 9913715403, "metapath_priority": "None", "is_metapath_hard": false, "metapath_pairs": "", "damage_type": "none", "initial_open": true, "disaster_hard": false }, "geometry": { "type": "LineString", "coordinates": [ [ 76.8337585, 28.2696429 ], [ 76.8336925, 28.2697317 ] ] } },
{ "type": "Feature", "properties": { "segment_id": "S534", "corridor_id": "segment_534", "highway": "trunk_link", "ref": null, "name": null, "length": 11.801518454742103, "u": 9913715403, "v": 9913715402, "metapath_priority": "None", "is_metapath_hard": false, "metapath_pairs": "", "damage_type": "landslide_block", "initial_open": false, "disaster_hard": true }, "geometry": { "type": "LineString", "coordinates": [ [ 76.8336925, 28.2697317 ], [ 76.8337585, 28.2696429 ] ] } },
{ "type": "Feature", "properties": { "segment_id": "S535", "corridor_id": "NH48", "highway": "trunk", "ref": "NH48", "name": "Amer Road", "length": 425.62583547113451, "u": 9913715403, "v": 11890787260, "metapath_priority": "None", "is_metapath_hard": false, "metapath_pairs": "", "damage_type": "none", "initial_open": true, "disaster_hard": false }, "geometry": { "type": "LineString", "coordinates": [ [ 76.8336925, 28.2697317 ], [ 76.8334624, 28.2695921 ], [ 76.8328777, 28.2692023 ], [ 76.8327443, 28.2690808 ], [ 76.8326417, 28.2689873 ], [ 76.8324378, 28.2687582 ], [ 76.8320945, 28.2682739 ], [ 76.8317753, 28.2676408 ], [ 76.8316289, 28.2672845 ], [ 76.8315044, 28.2669817 ], [ 76.8314542, 28.2668738 ], [ 76.8313649, 28.2666817 ], [ 76.8313412, 28.2666288 ] ] } },
{ "type": "Feature", "properties": { "segment_id": "S536", "corridor_id": "segment_536", "highway": "trunk_link", "ref": null, "name": null, "length": 13.601423240342642, "u": 9913715404, "v": 9913715405, "metapath_priority": "None", "is_metapath_hard": false, "metapath_pairs": "", "damage_type": "none", "initial_open": true, "disaster_hard": false }, "geometry": { "type": "LineString", "coordinates": [ [ 76.8343173, 28.2699428 ], [ 76.8342453, 28.2700474 ] ] } },
{ "type": "Feature", "properties": { "segment_id": "S537", "corridor_id": "segment_537", "highway": "trunk_link", "ref": null, "name": null, "length": 13.601423240342642, "u": 9913715405, "v": 9913715404, "metapath_priority": "None", "is_metapath_hard": false, "metapath_pairs": "", "damage_type": "none", "initial_open": true, "disaster_hard": false }, "geometry": { "type": "LineString", "coordinates": [ [ 76.8342453, 28.2700474 ], [ 76.8343173, 28.2699428 ] ] } },
{ "type": "Feature", "properties": { "segment_id": "S538", "corridor_id": "NH48", "highway": "trunk", "ref": "NH48", "name": "Amer Road", "length": 64.538266462225778, "u": 9913715405, "v": 9913715403, "metapath_priority": "None", "is_metapath_hard": false, "metapath_pairs": "", "damage_type": "none", "initial_open": true, "disaster_hard": false }, "geometry": { "type": "LineString", "coordinates": [ [ 76.8342453, 28.2700474 ], [ 76.8339023, 28.269859 ], [ 76.8336925, 28.2697317 ] ] } },
{ "type": "Feature", "properties": { "segment_id": "S539", "corridor_id": "segment_539", "highway": "trunk_link", "ref": null, "name": null, "length": 9.7499900872487917, "u": 9913745803, "v": 9913745804, "metapath_priority": "None", "is_metapath_hard": false, "metapath_pairs": "", "damage_type": "none", "initial_open": true, "disaster_hard": false }, "geometry": { "type": "LineString", "coordinates": [ [ 76.8444078, 28.2758138 ], [ 76.8443486, 28.2758843 ] ] } },
{ "type": "Feature", "properties": { "segment_id": "S540", "corridor_id": "segment_540", "highway": "trunk_link", "ref": null, "name": null, "length": 9.7499900872487917, "u": 9913745804, "v": 9913745803, "metapath_priority": "None", "is_metapath_hard": false, "metapath_pairs": "", "damage_type": "none", "initial_open": true, "disaster_hard": false }, "geometry": { "type": "LineString", "coordinates": [ [ 76.8443486, 28.2758843 ], [ 76.8444078, 28.2758138 ] ] } },
{ "type": "Feature", "properties": { "segment_id": "S541", "corridor_id": "NH48", "highway": "trunk", "ref": "NH48", "name": "Amer Road", "length": 365.58177589999116, "u": 9913745804, "v": 9913745808, "metapath_priority": "High", "is_metapath_hard": true, "metapath_pairs": "IMT Manesar <-> Bilaspur Logistics Hub", "damage_type": "crack_pothole", "initial_open": true, "disaster_hard": false }, "geometry": { "type": "LineString", "coordinates": [ [ 76.8443486, 28.2758843 ], [ 76.8439552, 28.2756583 ], [ 76.8435742, 28.2754421 ], [ 76.8433973, 28.2753417 ], [ 76.8412348, 28.2740708 ] ] } },
{ "type": "Feature", "properties": { "segment_id": "S542", "corridor_id": "segment_542", "highway": "trunk_link", "ref": null, "name": null, "length": 10.915517166780699, "u": 9913745807, "v": 9913745808, "metapath_priority": "None", "is_metapath_hard": false, "metapath_pairs": "", "damage_type": "none", "initial_open": true, "disaster_hard": false }, "geometry": { "type": "LineString", "coordinates": [ [ 76.8412981, 28.27399 ], [ 76.8412348, 28.2740708 ] ] } },
{ "type": "Feature", "properties": { "segment_id": "S543", "corridor_id": "segment_543", "highway": "trunk_link", "ref": null, "name": null, "length": 10.915517166780699, "u": 9913745808, "v": 9913745807, "metapath_priority": "None", "is_metapath_hard": false, "metapath_pairs": "", "damage_type": "crack_pothole", "initial_open": true, "disaster_hard": false }, "geometry": { "type": "LineString", "coordinates": [ [ 76.8412348, 28.2740708 ], [ 76.8412981, 28.27399 ] ] } },
{ "type": "Feature", "properties": { "segment_id": "S544", "corridor_id": "NH48", "highway": "trunk", "ref": "NH48", "name": "Amer Road", "length": 139.64097873952159, "u": 9913745808, "v": 9913745810, "metapath_priority": "High", "is_metapath_hard": true, "metapath_pairs": "IMT Manesar <-> Bilaspur Logistics Hub", "damage_type": "none", "initial_open": true, "disaster_hard": false }, "geometry": { "type": "LineString", "coordinates": [ [ 76.8412348, 28.2740708 ], [ 76.8408573, 28.273849 ], [ 76.8406722, 28.2737402 ], [ 76.8400418, 28.273383 ] ] } },
{ "type": "Feature", "properties": { "segment_id": "S545", "corridor_id": "segment_545", "highway": "trunk_link", "ref": null, "name": null, "length": 10.71087851958238, "u": 9913745809, "v": 9913745810, "metapath_priority": "None", "is_metapath_hard": false, "metapath_pairs": "", "damage_type": "none", "initial_open": true, "disaster_hard": false }, "geometry": { "type": "LineString", "coordinates": [ [ 76.8401001, 28.2733015 ], [ 76.8400418, 28.273383 ] ] } },
{ "type": "Feature", "properties": { "segment_id": "S546", "corridor_id": "segment_546", "highway": "trunk_link", "ref": null, "name": null, "length": 10.71087851958238, "u": 9913745810, "v": 9913745809, "metapath_priority": "None", "is_metapath_hard": false, "metapath_pairs": "", "damage_type": "none", "initial_open": true, "disaster_hard": false }, "geometry": { "type": "LineString", "coordinates": [ [ 76.8400418, 28.273383 ], [ 76.8401001, 28.2733015 ] ] } },
{ "type": "Feature", "properties": { "segment_id": "S547", "corridor_id": "NH48", "highway": "trunk", "ref": "NH48", "name": "Amer Road", "length": 678.20347517987932, "u": 9913745810, "v": 9913715405, "metapath_priority": "High", "is_metapath_hard": true, "metapath_pairs": "IMT Manesar <-> Bilaspur Logistics Hub", "damage_type": "none", "initial_open": true, "disaster_hard": false }, "geometry": { "type": "LineString", "coordinates": [ [ 76.8400418, 28.273383 ], [ 76.8377182, 28.2720607 ], [ 76.8370217, 28.2716496 ], [ 76.8369292, 28.2715809 ], [ 76.8368259, 28.271522 ], [ 76.8353696, 28.2706774 ], [ 76.8349645, 28.2704425 ], [ 76.8342453, 28.2700474 ] ] } },
{ "type": "Feature", "properties": { "segment_id": "S548", "corridor_id": "segment_548", "highway": "trunk_link", "ref": null, "name": null, "length": 8.5930601914994522, "u": 9914305526, "v": 9914305527, "metapath_priority": "None", "is_metapath_hard": false, "metapath_pairs": "", "damage_type": "none", "initial_open": true, "disaster_hard": false }, "geometry": { "type": "LineString", "coordinates": [ [ 76.987192, 28.4437766 ], [ 76.9872429, 28.4437136 ] ] } },
{ "type": "Feature", "properties": { "segment_id": "S549", "corridor_id": "NH352W", "highway": [ "trunk_link", "trunk" ], "ref": "NH352W", "name": "Gurgaon Rewari Narnaul Singhana Road", "length": 1109.348189305492, "u": 9914305526, "v": 10600614430, "metapath_priority": "None", "is_metapath_hard": false, "metapath_pairs": "", "damage_type": "none", "initial_open": true, "disaster_hard": false }, "geometry": { "type": "LineString", "coordinates": [ [ 76.987192, 28.4437766 ], [ 76.987299, 28.4438261 ], [ 76.9878935, 28.4441009 ], [ 76.9886098, 28.4444419 ], [ 76.98918, 28.4447175 ], [ 76.989665, 28.444985 ], [ 76.9900829, 28.4452123 ], [ 76.9906428, 28.4455241 ], [ 76.9916092, 28.4460093 ], [ 76.9918294, 28.4461202 ], [ 76.9923586, 28.4463483 ], [ 76.992565, 28.4464264 ], [ 76.9930071, 28.446609 ], [ 76.9934933, 28.4468095 ], [ 76.9940817, 28.4470503 ], [ 76.994373, 28.4471695 ], [ 76.9944798, 28.4472089 ], [ 76.9948755, 28.447381 ], [ 76.9951661, 28.4474958 ], [ 76.9951869, 28.4475054 ], [ 76.9952241, 28.4475225 ], [ 76.9955048, 28.4476399 ], [ 76.995675, 28.4477111 ], [ 76.9959298, 28.4478177 ], [ 76.9968189, 28.4481849 ], [ 76.9968571, 28.4482286 ], [ 76.9968717, 28.4482584 ], [ 76.9967888, 28.4485473 ], [ 76.996783, 28.4485839 ] ] } },
{ "type": "Feature", "properties": { "segment_id": "S550", "corridor_id": "segment_550", "highway": "trunk_link", "ref": null, "name": null, "length": 8.5930601914994522, "u": 9914305527, "v": 9914305526, "metapath_priority": "None", "is_metapath_hard": false, "metapath_pairs": "", "damage_type": "none", "initial_open": true, "disaster_hard": false }, "geometry": { "type": "LineString", "coordinates": [ [ 76.9872429, 28.4437136 ], [ 76.987192, 28.4437766 ] ] } },
{ "type": "Feature", "properties": { "segment_id": "S551", "corridor_id": "NH352W", "highway": "trunk", "ref": "NH352W", "name": null, "length": 578.36672090710283, "u": 9914305527, "v": 4134895722, "metapath_priority": "None", "is_metapath_hard": false, "metapath_pairs": "", "damage_type": "none", "initial_open": true, "disaster_hard": false }, "geometry": { "type": "LineString", "coordinates": [ [ 76.9872429, 28.4437136 ], [ 76.9871825, 28.4436855 ], [ 76.9867748, 28.4435121 ], [ 76.9858038, 28.4430747 ], [ 76.9851333, 28.4427964 ], [ 76.9849144, 28.4427111 ], [ 76.9846129, 28.4425935 ], [ 76.9843758, 28.442503 ], [ 76.9842669, 28.4424615 ], [ 76.9837519, 28.4423223 ], [ 76.9831538, 28.4421737 ], [ 76.9822459, 28.4419662 ], [ 76.9821534, 28.4419508 ], [ 76.9821058, 28.4419437 ], [ 76.9818615, 28.4418779 ], [ 76.9818115, 28.4418661 ], [ 76.9817459, 28.441879 ] ] } },
{ "type": "Feature", "properties": { "segment_id": "S552", "corridor_id": "segment_552", "highway": "primary_link", "ref": null, "name": null, "length": 9.4758384702327287, "u": 9916328038, "v": 7437425052, "metapath_priority": "None", "is_metapath_hard": false, "metapath_pairs": "", "damage_type": "none", "initial_open": true, "disaster_hard": false }, "geometry": { "type": "LineString", "coordinates": [ [ 76.9967002, 28.4571963 ], [ 76.9967022, 28.4572815 ] ] } },
{ "type": "Feature", "properties": { "segment_id": "S553", "corridor_id": "SH15A", "highway": "primary", "ref": "SH15A", "name": "Sub. Major Laxmi Chand Road", "length": 285.78894942256437, "u": 9916328038, "v": 9916328040, "metapath_priority": "None", "is_metapath_hard": false, "metapath_pairs": "", "damage_type": "none", "initial_open": true, "disaster_hard": false }, "geometry": { "type": "LineString", "coordinates": [ [ 76.9967002, 28.4571963 ], [ 76.9954868, 28.4572355 ], [ 76.9952855, 28.457242 ], [ 76.9948335, 28.4572515 ], [ 76.9943105, 28.4572656 ], [ 76.9937784, 28.45728 ] ] } },
{ "type": "Feature", "properties": { "segment_id": "S554", "corridor_id": "segment_554", "highway": "primary_link", "ref": null, "name": null, "length": 7.5724053938532281, "u": 9916328040, "v": 4146406989, "metapath_priority": "None", "is_metapath_hard": false, "metapath_pairs": "", "damage_type": "none", "initial_open": true, "disaster_hard": false }, "geometry": { "type": "LineString", "coordinates": [ [ 76.9937784, 28.45728 ], [ 76.9937826, 28.457348 ] ] } },
{ "type": "Feature", "properties": { "segment_id": "S555", "corridor_id": "SH15A", "highway": "primary", "ref": "SH15A", "name": "Sub. Major Laxmi Chand Road", "length": 379.49771394635883, "u": 9916328040, "v": 11841192706, "metapath_priority": "None", "is_metapath_hard": false, "metapath_pairs": "", "damage_type": "none", "initial_open": true, "disaster_hard": false }, "geometry": { "type": "LineString", "coordinates": [ [ 76.9937784, 28.45728 ], [ 76.9933067, 28.4572927 ], [ 76.9931786, 28.4572933 ], [ 76.9928084, 28.4573057 ], [ 76.992803, 28.4573059 ], [ 76.992465, 28.457316 ], [ 76.9921291, 28.4573248 ], [ 76.9920936, 28.4573258 ], [ 76.9918254, 28.4573352 ], [ 76.9913641, 28.4573458 ], [ 76.99111, 28.457349 ], [ 76.9910219, 28.4573538 ], [ 76.9907431, 28.4573688 ], [ 76.9905283, 28.457381 ], [ 76.9901598, 28.4573953 ], [ 76.9899722, 28.457407 ], [ 76.9899065, 28.457434 ] ] } },
{ "type": "Feature", "properties": { "segment_id": "S556", "corridor_id": "Mehrauli-Gurgaon Road Flyover", "highway": "primary", "ref": null, "name": [ "Mehrauli-Gurgaon Road Flyover", "Mehrauli-Gurgaon Road" ], "length": 2227.2156680029061, "u": 10031177141, "v": 11843702444, "metapath_priority": "None", "is_metapath_hard": false, "metapath_pairs": "", "damage_type": "none", "initial_open": true, "disaster_hard": false }, "geometry": { "type": "LineString", "coordinates": [ [ 77.0650215, 28.4767334 ], [ 77.0646579, 28.4766764 ], [ 77.0632048, 28.4764624 ], [ 77.0631102, 28.4764381 ], [ 77.0629162, 28.4763883 ], [ 77.0627624, 28.476345 ], [ 77.0625013, 28.4762402 ], [ 77.0622898, 28.4761379 ], [ 77.0621042, 28.4760303 ], [ 77.0620808, 28.4760154 ], [ 77.0618092, 28.4758408 ], [ 77.061604, 28.4757272 ], [ 77.0615499, 28.4756973 ], [ 77.0612686, 28.4755377 ], [ 77.061035, 28.4754561 ], [ 77.0608811, 28.4754126 ], [ 77.0606919, 28.475378 ], [ 77.0602062, 28.4753149 ], [ 77.0598196, 28.4752441 ], [ 77.0595871, 28.4751739 ], [ 77.0593172, 28.4750925 ], [ 77.0589109, 28.4749414 ], [ 77.0585189, 28.4747528 ], [ 77.0582346, 28.4746139 ], [ 77.0574967, 28.4742534 ], [ 77.0564174, 28.4738007 ], [ 77.0555513, 28.4734461 ], [ 77.0552204, 28.4733171 ], [ 77.0534405, 28.4726232 ], [ 77.0524784, 28.4722459 ], [ 77.0518996, 28.4720377 ], [ 77.0510698, 28.4717392 ], [ 77.0506585, 28.4715877 ], [ 77.0506446, 28.4715845 ], [ 77.05037, 28.471486 ], [ 77.050005, 28.471356 ], [ 77.0494198, 28.471131 ], [ 77.049314, 28.471092 ], [ 77.0492271, 28.4710561 ], [ 77.0485816, 28.4707667 ], [ 77.0485457, 28.4707466 ], [ 77.0485134, 28.4707286 ], [ 77.0476821, 28.4703613 ], [ 77.0471545, 28.4701046 ], [ 77.0469316, 28.4699959 ], [ 77.0466249, 28.4698368 ], [ 77.0459888, 28.4695035 ], [ 77.0454804, 28.4692147 ], [ 77.0450975, 28.4689857 ], [ 77.0447638, 28.4687663 ], [ 77.0444221, 28.4685349 ] ] } },
{ "type": "Feature", "properties": { "segment_id": "S557", "corridor_id": "segment_557", "highway": "primary_link", "ref": null, "name": null, "length": 10.276245498471591, "u": 10031177141, "v": 250871574, "metapath_priority": "None", "is_metapath_hard": false, "metapath_pairs": "", "damage_type": "none", "initial_open": true, "disaster_hard": false }, "geometry": { "type": "LineString", "coordinates": [ [ 77.0650215, 28.4767334 ], [ 77.0650045, 28.4767519 ], [ 77.0649961, 28.4767845 ], [ 77.0650041, 28.476819 ] ] } },
{ "type": "Feature", "properties": { "segment_id": "S558", "corridor_id": "segment_558", "highway": "trunk_link", "ref": null, "name": null, "length": 7.5110125925086582, "u": 10081984364, "v": 7544058360, "metapath_priority": "None", "is_metapath_hard": false, "metapath_pairs": "", "damage_type": "none", "initial_open": true, "disaster_hard": false }, "geometry": { "type": "LineString", "coordinates": [ [ 76.9967412, 28.449277 ], [ 76.9966882, 28.4492281 ] ] } },
{ "type": "Feature", "properties": { "segment_id": "S559", "corridor_id": "segment_559", "highway": "trunk_link", "ref": null, "name": null, "length": 12.360936922804735, "u": 10130280311, "v": 10130280312, "metapath_priority": "None", "is_metapath_hard": false, "metapath_pairs": "", "damage_type": "none", "initial_open": true, "disaster_hard": false }, "geometry": { "type": "LineString", "coordinates": [ [ 76.946844, 28.3716303 ], [ 76.9469051, 28.371533 ] ] } },
{ "type": "Feature", "properties": { "segment_id": "S560", "corridor_id": "NH48", "highway": "trunk", "ref": "NH48", "name": "Amer Road", "length": 728.97322495346509, "u": 10130280311, "v": 9545291283, "metapath_priority": "None", "is_metapath_hard": false, "metapath_pairs": "", "damage_type": "none", "initial_open": true, "disaster_hard": false }, "geometry": { "type": "LineString", "coordinates": [ [ 76.946844, 28.3716303 ], [ 76.945399, 28.3710092 ], [ 76.9449028, 28.3706882 ], [ 76.9445837, 28.3704097 ], [ 76.9443905, 28.3702044 ], [ 76.944066, 28.3697678 ], [ 76.9436859, 28.3690888 ], [ 76.942772, 28.3669367 ], [ 76.9426269, 28.3665992 ] ] } },
{ "type": "Feature", "properties": { "segment_id": "S561", "corridor_id": "segment_561", "highway": "trunk_link", "ref": null, "name": null, "length": 12.360936922804735, "u": 10130280312, "v": 10130280311, "metapath_priority": "None", "is_metapath_hard": false, "metapath_pairs": "", "damage_type": "none", "initial_open": true, "disaster_hard": false }, "geometry": { "type": "LineString", "coordinates": [ [ 76.9469051, 28.371533 ], [ 76.946844, 28.3716303 ] ] } },
{ "type": "Feature", "properties": { "segment_id": "S562", "corridor_id": "NH248A", "highway": [ "primary", "trunk" ], "ref": "NH248A", "name": [ "Sohna Road", "Rajiv Chowk Underpass", "Shubhash Chowk Underpass" ], "length": 3588.8795414171623, "u": 10154285762, "v": 7425090750, "metapath_priority": "None", "is_metapath_hard": false, "metapath_pairs": "", "damage_type": "none", "initial_open": true, "disaster_hard": false }, "geometry": { "type": "LineString", "coordinates": [ [ 77.0381893, 28.4242899 ], [ 77.0380709, 28.4246988 ], [ 77.0380318, 28.4248306 ], [ 77.0373899, 28.4270873 ], [ 77.0370266, 28.4282996 ], [ 77.0368461, 28.4289511 ], [ 77.0362939, 28.4308008 ], [ 77.0360299, 28.4317998 ], [ 77.0359067, 28.4324751 ], [ 77.0358892, 28.4326076 ], [ 77.0357773, 28.433455 ], [ 77.0357738, 28.4334793 ], [ 77.0357314, 28.4337732 ], [ 77.035668, 28.4340356 ], [ 77.0355399, 28.4344718 ], [ 77.0353681, 28.4350216 ], [ 77.0353159, 28.4351887 ], [ 77.0351848, 28.4355426 ], [ 77.0350416, 28.4359789 ], [ 77.0346925, 28.4373862 ], [ 77.0345689, 28.4380062 ], [ 77.0343967, 28.4389608 ], [ 77.0342313, 28.4403221 ], [ 77.0341568, 28.440935 ], [ 77.0340906, 28.4415754 ], [ 77.0340633, 28.441827 ], [ 77.0340459, 28.4419882 ], [ 77.0339531, 28.4429189 ], [ 77.0337493, 28.4442888 ], [ 77.0336949, 28.444664 ], [ 77.0336617, 28.4448382 ], [ 77.0336224, 28.4450792 ], [ 77.0335923, 28.4454065 ], [ 77.0335861, 28.4457089 ], [ 77.0335819, 28.445926 ], [ 77.0335143, 28.4461269 ], [ 77.033303, 28.4464955 ], [ 77.0329346, 28.4470532 ], [ 77.032607, 28.4477252 ], [ 77.0322569, 28.4484974 ], [ 77.0321077, 28.4488498 ], [ 77.0320999, 28.448867 ], [ 77.0313456, 28.4505119 ], [ 77.0313084, 28.4505892 ], [ 77.0308209, 28.4516102 ], [ 77.0302436, 28.4528296 ], [ 77.0300318, 28.4532784 ], [ 77.0297233, 28.4538776 ], [ 77.029605, 28.4541612 ], [ 77.029528, 28.4543244 ], [ 77.029256, 28.4549006 ], [ 77.0291025, 28.4552406 ], [ 77.0290666, 28.4553202 ] ] } },
{ "type": "Feature", "properties": { "segment_id": "S563", "corridor_id": "segment_563", "highway": "trunk_link", "ref": null, "name": null, "length": 29.518916340337796, "u": 10154285762, "v": 11909411850, "metapath_priority": "None", "is_metapath_hard": false, "metapath_pairs": "", "damage_type": "none", "initial_open": true, "disaster_hard": false }, "geometry": { "type": "LineString", "coordinates": [ [ 77.0381893, 28.4242899 ], [ 77.0380993, 28.4244032 ], [ 77.038014, 28.424506 ] ] } },
{ "type": "Feature", "properties": { "segment_id": "S564", "corridor_id": "segment_564", "highway": "trunk_link", "ref": null, "name": null, "length": 11.630055861142994, "u": 10267389246, "v": 10267389247, "metapath_priority": "None", "is_metapath_hard": false, "metapath_pairs": "", "damage_type": "none", "initial_open": true, "disaster_hard": false }, "geometry": { "type": "LineString", "coordinates": [ [ 76.9382186, 28.3513688 ], [ 76.9383261, 28.3514134 ] ] } },
{ "type": "Feature", "properties": { "segment_id": "S565", "corridor_id": "segment_565", "highway": "trunk_link", "ref": null, "name": null, "length": 11.630055861142994, "u": 10267389247, "v": 10267389246, "metapath_priority": "None", "is_metapath_hard": false, "metapath_pairs": "", "damage_type": "none", "initial_open": true, "disaster_hard": false }, "geometry": { "type": "LineString", "coordinates": [ [ 76.9383261, 28.3514134 ], [ 76.9382186, 28.3513688 ] ] } },
{ "type": "Feature", "properties": { "segment_id": "S566", "corridor_id": "NH48", "highway": "trunk", "ref": "NH48", "name": "Amer Road", "length": 856.01060553978152, "u": 10267389247, "v": 1997089480, "metapath_priority": "Medium", "is_metapath_hard": false, "metapath_pairs": "IMT Manesar <-> Bilaspur Logistics Hub; IMT Manesar <-> Farrukhnagar Logistics Hub; Udyog Vihar <-> Bilaspur Logistics Hub", "damage_type": "none", "initial_open": true, "disaster_hard": false }, "geometry": { "type": "LineString", "coordinates": [ [ 76.9383261, 28.3514134 ], [ 76.937993, 28.3522495 ], [ 76.9377202, 28.352979 ], [ 76.937598, 28.3534482 ], [ 76.9375601, 28.3536849 ], [ 76.9375493, 28.3538935 ], [ 76.9375649, 28.3541001 ], [ 76.9375829, 28.3543985 ], [ 76.9376475, 28.3546972 ], [ 76.9377722, 28.3551067 ], [ 76.9378064, 28.3551963 ], [ 76.9378342, 28.3552692 ], [ 76.9387093, 28.3575627 ], [ 76.9391788, 28.3587852 ] ] } },
{ "type": "Feature", "properties": { "segment_id": "S567", "corridor_id": "segment_567", "highway": "trunk_link", "ref": null, "name": null, "length": 74.205642029149118, "u": 10600614430, "v": 7544058360, "metapath_priority": "None", "is_metapath_hard": false, "metapath_pairs": "", "damage_type": "none", "initial_open": true, "disaster_hard": false }, "geometry": { "type": "LineString", "coordinates": [ [ 76.996783, 28.4485839 ], [ 76.9967057, 28.4487784 ], [ 76.996652, 28.448927 ], [ 76.9966413, 28.4489989 ], [ 76.9966882, 28.4492281 ] ] } },
{ "type": "Feature", "properties": { "segment_id": "S568", "corridor_id": "Mehrauli-Gurgaon Road", "highway": "primary", "ref": null, "name": "Mehrauli-Gurgaon Road", "length": 379.76095266012334, "u": 10682995433, "v": 6088634495, "metapath_priority": "None", "is_metapath_hard": false, "metapath_pairs": "", "damage_type": "none", "initial_open": true, "disaster_hard": false }, "geometry": { "type": "LineString", "coordinates": [ [ 77.0359882, 28.4646337 ], [ 77.0360804, 28.46447 ], [ 77.0362641, 28.4643583 ], [ 77.0367026, 28.4644649 ], [ 77.0372903, 28.4646711 ], [ 77.0373947, 28.4647198 ], [ 77.0375508, 28.4647926 ], [ 77.0376418, 28.464835 ], [ 77.0377866, 28.4649026 ], [ 77.0382468, 28.4651737 ], [ 77.0386696, 28.4653839 ], [ 77.0391902, 28.4656686 ], [ 77.0393176, 28.4657405 ] ] } },
{ "type": "Feature", "properties": { "segment_id": "S569", "corridor_id": "segment_569", "highway": "primary", "ref": null, "name": null, "length": 52.714609450614738, "u": 10682995433, "v": 6487088148, "metapath_priority": "None", "is_metapath_hard": false, "metapath_pairs": "", "damage_type": "none", "initial_open": true, "disaster_hard": false }, "geometry": { "type": "LineString", "coordinates": [ [ 77.0359882, 28.4646337 ], [ 77.0359739, 28.4643263 ], [ 77.0358666, 28.4641892 ] ] } },
{ "type": "Feature", "properties": { "segment_id": "S570", "corridor_id": "segment_570", "highway": "trunk", "ref": null, "name": null, "length": 94.896674499504215, "u": 10698543080, "v": 12797454590, "metapath_priority": "None", "is_metapath_hard": false, "metapath_pairs": "", "damage_type": "none", "initial_open": true, "disaster_hard": false }, "geometry": { "type": "LineString", "coordinates": [ [ 77.0024167, 28.4409009 ], [ 77.0020935, 28.441159 ], [ 77.0019374, 28.4413012 ], [ 77.0017424, 28.4415122 ] ] } },
{ "type": "Feature", "properties": { "segment_id": "S571", "corridor_id": "segment_571", "highway": "trunk_link", "ref": null, "name": null, "length": 18.363859678669787, "u": 11155676397, "v": 11155676398, "metapath_priority": "None", "is_metapath_hard": false, "metapath_pairs": "", "damage_type": "none", "initial_open": true, "disaster_hard": false }, "geometry": { "type": "LineString", "coordinates": [ [ 76.8567886, 28.2852921 ], [ 76.8569428, 28.2851981 ] ] } },
{ "type": "Feature", "properties": { "segment_id": "S572", "corridor_id": "segment_572", "highway": "trunk_link", "ref": null, "name": null, "length": 18.363859678669787, "u": 11155676398, "v": 11155676397, "metapath_priority": "None", "is_metapath_hard": false, "metapath_pairs": "", "damage_type": "none", "initial_open": true, "disaster_hard": false }, "geometry": { "type": "LineString", "coordinates": [ [ 76.8569428, 28.2851981 ], [ 76.8567886, 28.2852921 ] ] } },
{ "type": "Feature", "properties": { "segment_id": "S573", "corridor_id": "NH48", "highway": "trunk", "ref": "NH48", "name": "Amer Road", "length": 304.40254927875071, "u": 11155676398, "v": 11597845851, "metapath_priority": "High", "is_metapath_hard": true, "metapath_pairs": "IMT Manesar <-> Bilaspur Logistics Hub; Udyog Vihar <-> Bilaspur Logistics Hub", "damage_type": "none", "initial_open": true, "disaster_hard": false }, "geometry": { "type": "LineString", "coordinates": [ [ 76.8569428, 28.2851981 ], [ 76.8574962, 28.2858187 ], [ 76.8586093, 28.2870601 ], [ 76.8588716, 28.287345 ] ] } },
{ "type": "Feature", "properties": { "segment_id": "S574", "corridor_id": "NH248BB", "highway": "motorway", "ref": "NH248BB", "name": "Dwarka Expressway", "length": 141.51439827546582, "u": 11285021802, "v": 7610574167, "metapath_priority": "None", "is_metapath_hard": false, "metapath_pairs": "", "damage_type": "none", "initial_open": true, "disaster_hard": false }, "geometry": { "type": "LineString", "coordinates": [ [ 76.9895989, 28.406159 ], [ 76.9909039, 28.4056094 ] ] } },
{ "type": "Feature", "properties": { "segment_id": "S575", "corridor_id": "segment_575", "highway": "motorway_link", "ref": null, "name": null, "length": 247.87800805096123, "u": 11285054881, "v": 11285054888, "metapath_priority": "None", "is_metapath_hard": false, "metapath_pairs": "", "damage_type": "none", "initial_open": true, "disaster_hard": false }, "geometry": { "type": "LineString", "coordinates": [ [ 76.9756265, 28.4145132 ], [ 76.9754444, 28.4146837 ], [ 76.9746565, 28.4151232 ], [ 76.9737543, 28.4156775 ], [ 76.973614, 28.4158434 ] ] } },
{ "type": "Feature", "properties": { "segment_id": "S576", "corridor_id": "NH248BB", "highway": "motorway", "ref": "NH248BB", "name": "Dwarka Expressway", "length": 76.112263515183727, "u": 11285054888, "v": 11409068749, "metapath_priority": "None", "is_metapath_hard": false, "metapath_pairs": "", "damage_type": "none", "initial_open": true, "disaster_hard": false }, "geometry": { "type": "LineString", "coordinates": [ [ 76.973614, 28.4158434 ], [ 76.9729716, 28.4162298 ] ] } },
{ "type": "Feature", "properties": { "segment_id": "S577", "corridor_id": "NH248BB", "highway": "motorway", "ref": "NH248BB", "name": "Dwarka Expressway", "length": 1598.3536016051683, "u": 11285054892, "v": 9881059821, "metapath_priority": "None", "is_metapath_hard": false, "metapath_pairs": "", "damage_type": "none", "initial_open": true, "disaster_hard": false }, "geometry": { "type": "LineString", "coordinates": [ [ 76.9737698, 28.415993 ], [ 76.9748619, 28.4153572 ], [ 76.976564, 28.4144046 ], [ 76.9777551, 28.4137192 ], [ 76.9784216, 28.4132961 ], [ 76.9808459, 28.4116085 ], [ 76.9815208, 28.4111812 ], [ 76.9823626, 28.4106879 ], [ 76.983179, 28.4102418 ], [ 76.9838013, 28.4098764 ], [ 76.9842059, 28.4095621 ], [ 76.9844513, 28.4093398 ], [ 76.9852746, 28.4084956 ], [ 76.9858221, 28.4080265 ], [ 76.9862767, 28.4077073 ], [ 76.9868007, 28.40741 ] ] } },
{ "type": "Feature", "properties": { "segment_id": "S578", "corridor_id": "segment_578", "highway": "motorway_link", "ref": null, "name": null, "length": 181.34487668884316, "u": 11285054892, "v": 11285054865, "metapath_priority": "None", "is_metapath_hard": false, "metapath_pairs": "", "damage_type": "none", "initial_open": true, "disaster_hard": false }, "geometry": { "type": "LineString", "coordinates": [ [ 76.9737698, 28.415993 ], [ 76.9740323, 28.415917 ], [ 76.974926, 28.415455 ], [ 76.9754206, 28.4152616 ] ] } },
{ "type": "Feature", "properties": { "segment_id": "S579", "corridor_id": "NH248BB", "highway": "motorway", "ref": "NH248BB", "name": "Dwarka Expressway", "length": 1562.3430229220639, "u": 11285054984, "v": 11409068745, "metapath_priority": "None", "is_metapath_hard": false, "metapath_pairs": "", "damage_type": "none", "initial_open": true, "disaster_hard": false }, "geometry": { "type": "LineString", "coordinates": [ [ 76.9624394, 28.4240903 ], [ 76.9628308, 28.422036 ], [ 76.9630057, 28.4213108 ], [ 76.9633363, 28.4202985 ], [ 76.9636097, 28.4196196 ], [ 76.9637704, 28.4192957 ], [ 76.963962, 28.4189902 ], [ 76.9641876, 28.4187018 ], [ 76.9647363, 28.4181922 ], [ 76.9650625, 28.4179709 ], [ 76.9653872, 28.4177839 ], [ 76.9657573, 28.4176282 ], [ 76.9661014, 28.4175126 ], [ 76.9664585, 28.4174227 ], [ 76.966853, 28.417367 ], [ 76.9672474, 28.4173341 ], [ 76.9676533, 28.4173399 ], [ 76.9680461, 28.4173813 ], [ 76.9688593, 28.4174736 ], [ 76.9692736, 28.4175008 ], [ 76.9696837, 28.4175108 ], [ 76.9700868, 28.4174971 ], [ 76.9704586, 28.4174539 ], [ 76.9707081, 28.4174128 ], [ 76.9709209, 28.4173611 ], [ 76.9712328, 28.4172687 ], [ 76.9715759, 28.4171396 ], [ 76.9718481, 28.417016 ], [ 76.9722424, 28.4168133 ], [ 76.9729557, 28.4164201 ] ] } },
{ "type": "Feature", "properties": { "segment_id": "S580", "corridor_id": "segment_580", "highway": "motorway_link", "ref": null, "name": null, "length": 1925.2321560040828, "u": 11285054984, "v": 4139920413, "metapath_priority": "None", "is_metapath_hard": false, "metapath_pairs": "", "damage_type": "none", "initial_open": true, "disaster_hard": false }, "geometry": { "type": "LineString", "coordinates": [ [ 76.9624394, 28.4240903 ], [ 76.9625624, 28.4238844 ], [ 76.9626285, 28.4237645 ], [ 76.9626773, 28.4236294 ], [ 76.9628366, 28.4227668 ], [ 76.9629155, 28.4224173 ], [ 76.9629944, 28.4221162 ], [ 76.9630984, 28.421796 ], [ 76.9633354, 28.4211682 ], [ 76.9636359, 28.4203836 ], [ 76.9645678, 28.4178675 ], [ 76.9646568, 28.4176455 ], [ 76.9647879, 28.4173722 ], [ 76.9655388, 28.4159952 ], [ 76.9656082, 28.4158728 ], [ 76.9656963, 28.4157412 ], [ 76.965795, 28.4156282 ], [ 76.965863, 28.415564 ], [ 76.9659439, 28.4155082 ], [ 76.9660377, 28.4154567 ], [ 76.9661399, 28.4154155 ], [ 76.9662426, 28.4153896 ], [ 76.966357, 28.415374 ], [ 76.9664628, 28.4153712 ], [ 76.9665651, 28.4153783 ], [ 76.9666583, 28.4153964 ], [ 76.9667467, 28.4154232 ], [ 76.9668325, 28.4154577 ], [ 76.9669183, 28.4155044 ], [ 76.9670302, 28.4155868 ], [ 76.9671092, 28.4156636 ], [ 76.9671798, 28.4157515 ], [ 76.9672538, 28.4159269 ], [ 76.9672731, 28.4160081 ], [ 76.9672839, 28.4160986 ], [ 76.967278, 28.4161919 ], [ 76.9672636, 28.4162797 ], [ 76.9672351, 28.4163612 ], [ 76.9671939, 28.4164522 ], [ 76.9671488, 28.4165216 ], [ 76.9670867, 28.4165966 ], [ 76.9669803, 28.4166929 ], [ 76.9668675, 28.4167649 ], [ 76.9667328, 28.4168209 ], [ 76.966612, 28.4168535 ], [ 76.9664966, 28.4168661 ], [ 76.9663673, 28.4168671 ], [ 76.9662069, 28.416852 ], [ 76.9659523, 28.4168002 ], [ 76.9648136, 28.4165237 ], [ 76.9640209, 28.4163073 ], [ 76.962943, 28.4159963 ], [ 76.962551, 28.4158676 ], [ 76.9622907, 28.4157682 ], [ 76.9607462, 28.4151173 ] ] } },
{ "type": "Feature", "properties": { "segment_id": "S581", "corridor_id": "NH248BB", "highway": "motorway", "ref": "NH248BB", "name": null, "length": 282.31099247447639, "u": 11287178317, "v": 11287226420, "metapath_priority": "None", "is_metapath_hard": false, "metapath_pairs": "", "damage_type": "crack_pothole", "initial_open": true, "disaster_hard": false }, "geometry": { "type": "LineString", "coordinates": [ [ 76.9604651, 28.4438237 ], [ 76.9603102, 28.4426256 ], [ 76.9602434, 28.4419018 ], [ 76.9602306, 28.4414177 ], [ 76.9602265, 28.4412951 ] ] } },
{ "type": "Feature", "properties": { "segment_id": "S582", "corridor_id": "segment_582", "highway": "motorway_link", "ref": null, "name": null, "length": 89.891367452501513, "u": 11287178317, "v": 11287226423, "metapath_priority": "None", "is_metapath_hard": false, "metapath_pairs": "", "damage_type": "none", "initial_open": true, "disaster_hard": false }, "geometry": { "type": "LineString", "coordinates": [ [ 76.9604651, 28.4438237 ], [ 76.9605115, 28.4436503 ], [ 76.9605195, 28.4435912 ], [ 76.9605158, 28.4432748 ], [ 76.960529, 28.4431868 ], [ 76.9605831, 28.4430282 ] ] } },
{ "type": "Feature", "properties": { "segment_id": "S583", "corridor_id": "NH248BB", "highway": "motorway", "ref": "NH248BB", "name": "Dwarka Expressway", "length": 307.26005135897094, "u": 11287178321, "v": 11287178317, "metapath_priority": "None", "is_metapath_hard": false, "metapath_pairs": "", "damage_type": "none", "initial_open": true, "disaster_hard": false }, "geometry": { "type": "LineString", "coordinates": [ [ 76.9608188, 28.4465692 ], [ 76.9607125, 28.4458398 ], [ 76.9606273, 28.4452009 ], [ 76.9605764, 28.4447163 ], [ 76.9604651, 28.4438237 ] ] } },
{ "type": "Feature", "properties": { "segment_id": "S584", "corridor_id": "NH248BB", "highway": "motorway", "ref": "NH248BB", "name": "Dwarka Expressway", "length": 164.8559504405271, "u": 11287178336, "v": 13148751031, "metapath_priority": "None", "is_metapath_hard": false, "metapath_pairs": "", "damage_type": "none", "initial_open": true, "disaster_hard": false }, "geometry": { "type": "LineString", "coordinates": [ [ 76.9655125, 28.4592585 ], [ 76.965846, 28.459836 ], [ 76.9663069, 28.460566 ] ] } },
{ "type": "Feature", "properties": { "segment_id": "S585", "corridor_id": "segment_585", "highway": "motorway_link", "ref": null, "name": null, "length": 163.48525823441935, "u": 11287178345, "v": 11287178298, "metapath_priority": "None", "is_metapath_hard": false, "metapath_pairs": "", "damage_type": "crack_pothole", "initial_open": true, "disaster_hard": false }, "geometry": { "type": "LineString", "coordinates": [ [ 76.960244, 28.4361059 ], [ 76.9601277, 28.4364463 ], [ 76.9600823, 28.4367216 ], [ 76.9600601, 28.4368844 ], [ 76.9600211, 28.4371749 ], [ 76.9600072, 28.4372472 ], [ 76.9599047, 28.4375405 ] ] } },
{ "type": "Feature", "properties": { "segment_id": "S586", "corridor_id": "NH248BB", "highway": "motorway", "ref": "NH248BB", "name": "Dwarka Expressway", "length": 335.58041465028475, "u": 11287178345, "v": 11287178351, "metapath_priority": "None", "is_metapath_hard": false, "metapath_pairs": "", "damage_type": "none", "initial_open": true, "disaster_hard": false }, "geometry": { "type": "LineString", "coordinates": [ [ 76.960244, 28.4361059 ], [ 76.9601867, 28.4368749 ], [ 76.9600616, 28.4391195 ] ] } },
{ "type": "Feature", "properties": { "segment_id": "S587", "corridor_id": "NH248BB", "highway": "motorway", "ref": "NH248BB", "name": "Dwarka Expressway", "length": 834.36900487623075, "u": 11287178351, "v": 11287178367, "metapath_priority": "None", "is_metapath_hard": false, "metapath_pairs": "", "damage_type": "none", "initial_open": true, "disaster_hard": false }, "geometry": { "type": "LineString", "coordinates": [ [ 76.9600616, 28.4391195 ], [ 76.9600452, 28.4394142 ], [ 76.9600127, 28.4407736 ], [ 76.9600245, 28.4411597 ], [ 76.9600506, 28.441695 ], [ 76.9600796, 28.442104 ], [ 76.9601419, 28.4426679 ], [ 76.9602277, 28.4433658 ], [ 76.9603733, 28.4445099 ], [ 76.9605271, 28.4458523 ], [ 76.9606293, 28.446595 ] ] } },
{ "type": "Feature", "properties": { "segment_id": "S588", "corridor_id": "NH248BB", "highway": "motorway", "ref": "NH248BB", "name": "Dwarka Expressway", "length": 1500.9296224688599, "u": 11287178367, "v": 11287178336, "metapath_priority": "None", "is_metapath_hard": false, "metapath_pairs": "", "damage_type": "none", "initial_open": true, "disaster_hard": false }, "geometry": { "type": "LineString", "coordinates": [ [ 76.9606293, 28.446595 ], [ 76.9605713, 28.4469282 ], [ 76.9605744, 28.4471067 ], [ 76.9607186, 28.447827 ], [ 76.960857, 28.4484293 ], [ 76.9609725, 28.4489141 ], [ 76.9610795, 28.4493197 ], [ 76.9611511, 28.4495762 ], [ 76.9612978, 28.4500786 ], [ 76.9614929, 28.4506957 ], [ 76.9616925, 28.4513123 ], [ 76.9618848, 28.4518718 ], [ 76.9620783, 28.4523547 ], [ 76.962201, 28.4526481 ], [ 76.9627401, 28.4538192 ], [ 76.9632523, 28.4549424 ], [ 76.9639539, 28.4564959 ], [ 76.9643618, 28.4573992 ], [ 76.9646553, 28.4580131 ], [ 76.9649728, 28.4585905 ], [ 76.9652322, 28.4590025 ], [ 76.9652929, 28.4590763 ], [ 76.9655125, 28.4592585 ] ] } },
{ "type": "Feature", "properties": { "segment_id": "S589", "corridor_id": "NH248BB", "highway": "motorway", "ref": "NH248BB", "name": "Dwarka Expressway", "length": 1492.6556714051928, "u": 11287178367, "v": 11287178336, "metapath_priority": "None", "is_metapath_hard": false, "metapath_pairs": "", "damage_type": "landslide_block", "initial_open": false, "disaster_hard": true }, "geometry": { "type": "LineString", "coordinates": [ [ 76.9606293, 28.446595 ], [ 76.960759, 28.4473203 ], [ 76.9610011, 28.4484468 ], [ 76.9612571, 28.4494539 ], [ 76.961494, 28.4502608 ], [ 76.9617144, 28.4509396 ], [ 76.9619509, 28.4516078 ], [ 76.9622929, 28.4525116 ], [ 76.9632859, 28.4547038 ], [ 76.9637966, 28.4558142 ], [ 76.9646072, 28.4575813 ], [ 76.9650997, 28.4585339 ], [ 76.9655125, 28.4592585 ] ] } },
{ "type": "Feature", "properties": { "segment_id": "S590", "corridor_id": "segment_590", "highway": "motorway_link", "ref": null, "name": null, "length": 83.555246633121499, "u": 11287226415, "v": 11287226420, "metapath_priority": "None", "is_metapath_hard": false, "metapath_pairs": "", "damage_type": "crack_pothole", "initial_open": true, "disaster_hard": false }, "geometry": { "type": "LineString", "coordinates": [ [ 76.9604624, 28.4420082 ], [ 76.9603653, 28.4418405 ], [ 76.9603462, 28.4417794 ], [ 76.9603108, 28.4415095 ], [ 76.9602822, 28.441399 ], [ 76.9602265, 28.4412951 ] ] } },
{ "type": "Feature", "properties": { "segment_id": "S591", "corridor_id": "NH248BB", "highway": "motorway", "ref": "NH248BB", "name": "Dwarka Expressway", "length": 1928.3597514548151, "u": 11287226420, "v": 11285054984, "metapath_priority": "None", "is_metapath_hard": false, "metapath_pairs": "", "damage_type": "none", "initial_open": true, "disaster_hard": false }, "geometry": { "type": "LineString", "coordinates": [ [ 76.9602265, 28.4412951 ], [ 76.9602141, 28.4409341 ], [ 76.9602205, 28.4402943 ], [ 76.9602625, 28.4387537 ], [ 76.960269, 28.438513 ], [ 76.9604028, 28.4361739 ], [ 76.9604587, 28.4356245 ], [ 76.9605226, 28.4351582 ], [ 76.9607531, 28.4337484 ], [ 76.9617179, 28.4279518 ], [ 76.9620374, 28.4261733 ], [ 76.9624394, 28.4240903 ] ] } },
{ "type": "Feature", "properties": { "segment_id": "S592", "corridor_id": "NH248BB", "highway": "motorway", "ref": "NH248BB", "name": "Dwarka Expressway", "length": 1487.976043874344, "u": 11287226453, "v": 11287178321, "metapath_priority": "None", "is_metapath_hard": false, "metapath_pairs": "", "damage_type": "none", "initial_open": true, "disaster_hard": false }, "geometry": { "type": "LineString", "coordinates": [ [ 76.9656486, 28.4592101 ], [ 76.9651184, 28.4581873 ], [ 76.9647255, 28.4573982 ], [ 76.9639773, 28.4557541 ], [ 76.9630556, 28.4537448 ], [ 76.9625703, 28.4526565 ], [ 76.9622144, 28.4517678 ], [ 76.9619831, 28.4511139 ], [ 76.9616879, 28.4502144 ], [ 76.9614762, 28.4495077 ], [ 76.9612864, 28.4488027 ], [ 76.9610787, 28.4479006 ], [ 76.9609257, 28.4471903 ], [ 76.9608188, 28.4465692 ] ] } },
{ "type": "Feature", "properties": { "segment_id": "S593", "corridor_id": "NH248BB", "highway": "motorway", "ref": "NH248BB", "name": "Dwarka Expressway", "length": 1488.3807381270115, "u": 11287226453, "v": 11287178321, "metapath_priority": "None", "is_metapath_hard": false, "metapath_pairs": "", "damage_type": "none", "initial_open": true, "disaster_hard": false }, "geometry": { "type": "LineString", "coordinates": [ [ 76.9656486, 28.4592101 ], [ 76.9656427, 28.4589705 ], [ 76.9656253, 28.4588672 ], [ 76.9648672, 28.4573669 ], [ 76.9644217, 28.4563903 ], [ 76.9639682, 28.4554044 ], [ 76.9632935, 28.4539235 ], [ 76.9625424, 28.4522283 ], [ 76.9620985, 28.4510182 ], [ 76.9618719, 28.4503517 ], [ 76.9616173, 28.4494846 ], [ 76.9613811, 28.4486059 ], [ 76.9610409, 28.4470549 ], [ 76.9609948, 28.446923 ], [ 76.9609068, 28.4467461 ], [ 76.9608188, 28.4465692 ] ] } },
{ "type": "Feature", "properties": { "segment_id": "S594", "corridor_id": "segment_594", "highway": "motorway_link", "ref": null, "name": null, "length": 158.81163225867846, "u": 11287226463, "v": 13148751031, "metapath_priority": "None", "is_metapath_hard": false, "metapath_pairs": "", "damage_type": "landslide_block", "initial_open": false, "disaster_hard": true }, "geometry": { "type": "LineString", "coordinates": [ [ 76.9653449, 28.4594617 ], [ 76.9655451, 28.4595542 ], [ 76.9657602, 28.4598737 ], [ 76.9660413, 28.4603653 ], [ 76.9663069, 28.460566 ] ] } },
{ "type": "Feature", "properties": { "segment_id": "S595", "corridor_id": "NH248A", "highway": "trunk", "ref": "NH248A", "name": null, "length": 245.45702799573763, "u": 11289872380, "v": 8901672715, "metapath_priority": "None", "is_metapath_hard": false, "metapath_pairs": "", "damage_type": "none", "initial_open": true, "disaster_hard": false }, "geometry": { "type": "LineString", "coordinates": [ [ 77.06643, 28.2973355 ], [ 77.0664906, 28.2995423 ] ] } },
{ "type": "Feature", "properties": { "segment_id": "S596", "corridor_id": "segment_596", "highway": "motorway_link", "ref": null, "name": null, "length": 32.588745001112848, "u": 11409068742, "v": 11409068745, "metapath_priority": "None", "is_metapath_hard": false, "metapath_pairs": "", "damage_type": "none", "initial_open": true, "disaster_hard": false }, "geometry": { "type": "LineString", "coordinates": [ [ 76.9728156, 28.4166817 ], [ 76.9728858, 28.4166026 ], [ 76.972921, 28.4165228 ], [ 76.9729557, 28.4164201 ] ] } },
{ "type": "Feature", "properties": { "segment_id": "S597", "corridor_id": "NH248BB", "highway": "motorway", "ref": "NH248BB", "name": "Dwarka Expressway", "length": 92.705502355363663, "u": 11409068745, "v": 11285054892, "metapath_priority": "None", "is_metapath_hard": false, "metapath_pairs": "", "damage_type": "none", "initial_open": true, "disaster_hard": false }, "geometry": { "type": "LineString", "coordinates": [ [ 76.9729557, 28.4164201 ], [ 76.9737698, 28.415993 ] ] } },
{ "type": "Feature", "properties": { "segment_id": "S598", "corridor_id": "NH248BB", "highway": "motorway", "ref": "NH248BB", "name": "Dwarka Expressway", "length": 2942.7782979471067, "u": 11409068749, "v": 11287178345, "metapath_priority": "None", "is_metapath_hard": false, "metapath_pairs": "", "damage_type": "none", "initial_open": true, "disaster_hard": false }, "geometry": { "type": "LineString", "coordinates": [ [ 76.9729716, 28.4162298 ], [ 76.9728434, 28.4163049 ], [ 76.9723775, 28.4165698 ], [ 76.9719141, 28.4168175 ], [ 76.9716515, 28.4169453 ], [ 76.9713301, 28.4170774 ], [ 76.9709925, 28.4171878 ], [ 76.9707103, 28.4172607 ], [ 76.9704642, 28.4173094 ], [ 76.9700847, 28.4173524 ], [ 76.9697036, 28.4173587 ], [ 76.9692807, 28.4173515 ], [ 76.9688814, 28.4173219 ], [ 76.9680736, 28.4172314 ], [ 76.9676581, 28.4171937 ], [ 76.9672434, 28.4171897 ], [ 76.9668284, 28.4172134 ], [ 76.9664192, 28.4172834 ], [ 76.9660514, 28.41737 ], [ 76.9656947, 28.4174881 ], [ 76.965339, 28.4176357 ], [ 76.9649637, 28.4178417 ], [ 76.9646197, 28.4180811 ], [ 76.9643482, 28.4183152 ], [ 76.9640549, 28.4186134 ], [ 76.9638251, 28.4189078 ], [ 76.9636193, 28.4192342 ], [ 76.9634494, 28.4195671 ], [ 76.9631806, 28.4202512 ], [ 76.9629588, 28.420865 ], [ 76.9627977, 28.4214272 ], [ 76.962662, 28.4220093 ], [ 76.962267, 28.4240672 ], [ 76.9618764, 28.4261471 ], [ 76.9615574, 28.4279292 ], [ 76.9612596, 28.4296961 ], [ 76.9605926, 28.4337314 ], [ 76.9604325, 28.4346807 ], [ 76.9603695, 28.4350737 ], [ 76.9602942, 28.4356268 ], [ 76.960244, 28.4361059 ] ] } },
{ "type": "Feature", "properties": { "segment_id": "S599", "corridor_id": "segment_599", "highway": "motorway_link", "ref": null, "name": null, "length": 41.317801046156312, "u": 11409068749, "v": 11409068746, "metapath_priority": "None", "is_metapath_hard": false, "metapath_pairs": "", "damage_type": "none", "initial_open": true, "disaster_hard": false }, "geometry": { "type": "LineString", "coordinates": [ [ 76.9729716, 28.4162298 ], [ 76.9728158, 28.4162251 ], [ 76.9726919, 28.4162448 ], [ 76.972555, 28.4162733 ] ] } },
{ "type": "Feature", "properties": { "segment_id": "S600", "corridor_id": "segment_600", "highway": "trunk_link", "ref": null, "name": null, "length": 14.308929925506492, "u": 11597845850, "v": 11597845851, "metapath_priority": "None", "is_metapath_hard": false, "metapath_pairs": "", "damage_type": "none", "initial_open": true, "disaster_hard": false }, "geometry": { "type": "LineString", "coordinates": [ [ 76.8587566, 28.2874244 ], [ 76.8588716, 28.287345 ] ] } },
{ "type": "Feature", "properties": { "segment_id": "S601", "corridor_id": "segment_601", "highway": "trunk_link", "ref": null, "name": null, "length": 14.308929925506492, "u": 11597845851, "v": 11597845850, "metapath_priority": "None", "is_metapath_hard": false, "metapath_pairs": "", "damage_type": "none", "initial_open": true, "disaster_hard": false }, "geometry": { "type": "LineString", "coordinates": [ [ 76.8588716, 28.287345 ], [ 76.8587566, 28.2874244 ] ] } },
{ "type": "Feature", "properties": { "segment_id": "S602", "corridor_id": "NH48", "highway": [ "trunk_link", "trunk" ], "ref": "NH48", "name": "Amer Road", "length": 103.29365036908963, "u": 11597845851, "v": 11962370632, "metapath_priority": "High", "is_metapath_hard": true, "metapath_pairs": "IMT Manesar <-> Bilaspur Logistics Hub; Udyog Vihar <-> Bilaspur Logistics Hub", "damage_type": "none", "initial_open": true, "disaster_hard": false }, "geometry": { "type": "LineString", "coordinates": [ [ 76.8588716, 28.287345 ], [ 76.8594382, 28.2879603 ], [ 76.8593797, 28.288087 ] ] } },
{ "type": "Feature", "properties": { "segment_id": "S603", "corridor_id": "segment_603", "highway": "motorway_link", "ref": null, "name": null, "length": 22.707477459926672, "u": 11806517359, "v": 11806517362, "metapath_priority": "None", "is_metapath_hard": false, "metapath_pairs": "", "damage_type": "none", "initial_open": true, "disaster_hard": false }, "geometry": { "type": "LineString", "coordinates": [ [ 76.8902472, 28.3156365 ], [ 76.8901748, 28.3156471 ], [ 76.8901118, 28.3156775 ], [ 76.8900406, 28.3157211 ] ] } },
{ "type": "Feature", "properties": { "segment_id": "S604", "corridor_id": "segment_604", "highway": "motorway_link", "ref": null, "name": null, "length": 786.8592860326371, "u": 11806517362, "v": 9808368194, "metapath_priority": "None", "is_metapath_hard": false, "metapath_pairs": "", "damage_type": "none", "initial_open": true, "disaster_hard": false }, "geometry": { "type": "LineString", "coordinates": [ [ 76.8900406, 28.3157211 ], [ 76.8900537, 28.3157542 ], [ 76.8901318, 28.3159422 ], [ 76.8902152, 28.3162099 ], [ 76.8908429, 28.3182514 ], [ 76.8913874, 28.3200884 ], [ 76.8915135, 28.3205536 ], [ 76.8915403, 28.3206645 ], [ 76.891551, 28.3207613 ], [ 76.891543, 28.3209986 ], [ 76.8915229, 28.3211415 ], [ 76.891382, 28.3216397 ], [ 76.8912077, 28.3221639 ], [ 76.8911634, 28.322302 ], [ 76.8911433, 28.3224 ], [ 76.891146, 28.3225771 ] ] } },
{ "type": "Feature", "properties": { "segment_id": "S605", "corridor_id": "segment_605", "highway": "trunk_link", "ref": null, "name": null, "length": 16.064816456444571, "u": 11817839279, "v": 11817839280, "metapath_priority": "None", "is_metapath_hard": false, "metapath_pairs": "", "damage_type": "none", "initial_open": true, "disaster_hard": false }, "geometry": { "type": "LineString", "coordinates": [ [ 76.8544431, 28.2822792 ], [ 76.8545655, 28.282183 ] ] } },
{ "type": "Feature", "properties": { "segment_id": "S606", "corridor_id": "NH48", "highway": "trunk", "ref": "NH48", "name": "Amer Road", "length": 1222.3463756666854, "u": 11817839279, "v": 9913745804, "metapath_priority": "High", "is_metapath_hard": true, "metapath_pairs": "IMT Manesar <-> Bilaspur Logistics Hub; Udyog Vihar <-> Bilaspur Logistics Hub", "damage_type": "none", "initial_open": true, "disaster_hard": false }, "geometry": { "type": "LineString", "coordinates": [ [ 76.8544431, 28.2822792 ], [ 76.8540591, 28.2818706 ], [ 76.8534905, 28.2813226 ], [ 76.8531686, 28.2810651 ], [ 76.8510443, 28.2797849 ], [ 76.8489763, 28.2785897 ], [ 76.8469137, 28.277359 ], [ 76.8466294, 28.277189 ], [ 76.8463397, 28.2770283 ], [ 76.8446225, 28.2760417 ], [ 76.8443486, 28.2758843 ] ] } },
{ "type": "Feature", "properties": { "segment_id": "S607", "corridor_id": "segment_607", "highway": "trunk_link", "ref": null, "name": null, "length": 16.064816456444571, "u": 11817839280, "v": 11817839279, "metapath_priority": "None", "is_metapath_hard": false, "metapath_pairs": "", "damage_type": "none", "initial_open": true, "disaster_hard": false }, "geometry": { "type": "LineString", "coordinates": [ [ 76.8545655, 28.282183 ], [ 76.8544431, 28.2822792 ] ] } },
{ "type": "Feature", "properties": { "segment_id": "S608", "corridor_id": "segment_608", "highway": "trunk_link", "ref": null, "name": null, "length": 14.132055498012832, "u": 11817844037, "v": 11817844038, "metapath_priority": "None", "is_metapath_hard": false, "metapath_pairs": "", "damage_type": "none", "initial_open": true, "disaster_hard": false }, "geometry": { "type": "LineString", "coordinates": [ [ 76.8547014, 28.2829639 ], [ 76.854814, 28.2828844 ] ] } },
{ "type": "Feature", "properties": { "segment_id": "S609", "corridor_id": "segment_609", "highway": "trunk_link", "ref": null, "name": null, "length": 14.132055498012832, "u": 11817844038, "v": 11817844037, "metapath_priority": "None", "is_metapath_hard": false, "metapath_pairs": "", "damage_type": "none", "initial_open": true, "disaster_hard": false }, "geometry": { "type": "LineString", "coordinates": [ [ 76.854814, 28.2828844 ], [ 76.8547014, 28.2829639 ] ] } },
{ "type": "Feature", "properties": { "segment_id": "S610", "corridor_id": "NH48", "highway": "trunk", "ref": "NH48", "name": "Amer Road", "length": 331.13812080551531, "u": 11817844038, "v": 11155676398, "metapath_priority": "High", "is_metapath_hard": true, "metapath_pairs": "IMT Manesar <-> Bilaspur Logistics Hub; Udyog Vihar <-> Bilaspur Logistics Hub", "damage_type": "none", "initial_open": true, "disaster_hard": false }, "geometry": { "type": "LineString", "coordinates": [ [ 76.854814, 28.2828844 ], [ 76.8562796, 28.2844545 ], [ 76.8569428, 28.2851981 ] ] } },
{ "type": "Feature", "properties": { "segment_id": "S611", "corridor_id": "segment_611", "highway": "motorway_link", "ref": null, "name": null, "length": 19.192667777980159, "u": 11817876525, "v": 11817876526, "metapath_priority": "None", "is_metapath_hard": false, "metapath_pairs": "", "damage_type": "none", "initial_open": true, "disaster_hard": false }, "geometry": { "type": "LineString", "coordinates": [ [ 77.0071257, 28.4321291 ], [ 77.0071093, 28.4319571 ] ] } },
{ "type": "Feature", "properties": { "segment_id": "S612", "corridor_id": "NH48", "highway": "motorway", "ref": "NH48", "name": "Delhi-Gurugram Expressway", "length": 2481.1262893149242, "u": 11817876525, "v": 11817953059, "metapath_priority": "None", "is_metapath_hard": false, "metapath_pairs": "", "damage_type": "none", "initial_open": true, "disaster_hard": false }, "geometry": { "type": "LineString", "coordinates": [ [ 77.0071257, 28.4321291 ], [ 77.0065759, 28.4315665 ], [ 77.0003581, 28.4241155 ], [ 76.9987947, 28.4214371 ], [ 76.9975153, 28.4190264 ], [ 76.9958919, 28.4161257 ], [ 76.9954734, 28.4153747 ], [ 76.995182, 28.4148312 ], [ 76.9950654, 28.4146148 ], [ 76.9942144, 28.4130346 ] ] } },
{ "type": "Feature", "properties": { "segment_id": "S613", "corridor_id": "segment_613", "highway": "motorway_link", "ref": null, "name": null, "length": 11.86954459449005, "u": 11817953057, "v": 11817953058, "metapath_priority": "None", "is_metapath_hard": false, "metapath_pairs": "", "damage_type": "none", "initial_open": true, "disaster_hard": false }, "geometry": { "type": "LineString", "coordinates": [ [ 76.9949824, 28.4149032 ], [ 76.9950904, 28.4148545 ] ] } },
{ "type": "Feature", "properties": { "segment_id": "S614", "corridor_id": "segment_614", "highway": "motorway_link", "ref": null, "name": null, "length": 11.86954459449005, "u": 11817953058, "v": 11817953057, "metapath_priority": "None", "is_metapath_hard": false, "metapath_pairs": "", "damage_type": "none", "initial_open": true, "disaster_hard": false }, "geometry": { "type": "LineString", "coordinates": [ [ 76.9950904, 28.4148545 ], [ 76.9949824, 28.4149032 ] ] } },
{ "type": "Feature", "properties": { "segment_id": "S615", "corridor_id": "NH48", "highway": "motorway", "ref": "NH48", "name": "Delhi-Gurugram Expressway", "length": 2335.6735885403264, "u": 11817953058, "v": 278166509, "metapath_priority": "Medium", "is_metapath_hard": false, "metapath_pairs": "Udyog Vihar <-> Bilaspur Logistics Hub", "damage_type": "none", "initial_open": true, "disaster_hard": false }, "geometry": { "type": "LineString", "coordinates": [ [ 76.9950904, 28.4148545 ], [ 76.995101, 28.4148735 ], [ 76.9957876, 28.416165 ], [ 76.9974354, 28.4190939 ], [ 76.9986878, 28.4215269 ], [ 77.0002767, 28.4242405 ], [ 77.0054315, 28.4303846 ], [ 77.0064716, 28.4316165 ], [ 77.0071977, 28.432442 ], [ 77.0074808, 28.4326938 ] ] } },
{ "type": "Feature", "properties": { "segment_id": "S616", "corridor_id": "segment_616", "highway": "motorway_link", "ref": null, "name": null, "length": 11.801918415410498, "u": 11817953059, "v": 11817953060, "metapath_priority": "None", "is_metapath_hard": false, "metapath_pairs": "", "damage_type": "none", "initial_open": true, "disaster_hard": false }, "geometry": { "type": "LineString", "coordinates": [ [ 76.9942144, 28.4130346 ], [ 76.9943222, 28.4129869 ] ] } },
{ "type": "Feature", "properties": { "segment_id": "S617", "corridor_id": "NH48", "highway": "motorway", "ref": "NH48", "name": "Delhi-Gurugram Expressway", "length": 560.55494172425767, "u": 11817953059, "v": 12738628046, "metapath_priority": "None", "is_metapath_hard": false, "metapath_pairs": "", "damage_type": "none", "initial_open": true, "disaster_hard": false }, "geometry": { "type": "LineString", "coordinates": [ [ 76.9942144, 28.4130346 ], [ 76.9938931, 28.412438 ], [ 76.9927473, 28.4102943 ], [ 76.9917592, 28.4084794 ] ] } },
{ "type": "Feature", "properties": { "segment_id": "S618", "corridor_id": "segment_618", "highway": "motorway_link", "ref": null, "name": null, "length": 11.801918415410498, "u": 11817953060, "v": 11817953059, "metapath_priority": "None", "is_metapath_hard": false, "metapath_pairs": "", "damage_type": "none", "initial_open": true, "disaster_hard": false }, "geometry": { "type": "LineString", "coordinates": [ [ 76.9943222, 28.4129869 ], [ 76.9942144, 28.4130346 ] ] } },
{ "type": "Feature", "properties": { "segment_id": "S619", "corridor_id": "NH48", "highway": "trunk", "ref": "NH48", "name": "Amer Road", "length": 130.35318357738814, "u": 11818151829, "v": 11818151831, "metapath_priority": "None", "is_metapath_hard": false, "metapath_pairs": "", "damage_type": "none", "initial_open": true, "disaster_hard": false }, "geometry": { "type": "LineString", "coordinates": [ [ 76.9568049, 28.3766338 ], [ 76.9556585, 28.3760364 ] ] } },
{ "type": "Feature", "properties": { "segment_id": "S620", "corridor_id": "segment_620", "highway": "trunk_link", "ref": null, "name": null, "length": 14.970126289485442, "u": 11818151829, "v": 11818151830, "metapath_priority": "None", "is_metapath_hard": false, "metapath_pairs": "", "damage_type": "none", "initial_open": true, "disaster_hard": false }, "geometry": { "type": "LineString", "coordinates": [ [ 76.9568049, 28.3766338 ], [ 76.9568771, 28.3765151 ] ] } },
{ "type": "Feature", "properties": { "segment_id": "S621", "corridor_id": "segment_621", "highway": "trunk_link", "ref": null, "name": null, "length": 14.970126289485442, "u": 11818151830, "v": 11818151829, "metapath_priority": "None", "is_metapath_hard": false, "metapath_pairs": "", "damage_type": "none", "initial_open": true, "disaster_hard": false }, "geometry": { "type": "LineString", "coordinates": [ [ 76.9568771, 28.3765151 ], [ 76.9568049, 28.3766338 ] ] } },
{ "type": "Feature", "properties": { "segment_id": "S622", "corridor_id": "NH48", "highway": "trunk", "ref": "NH48", "name": "Amer Road", "length": 102.42360901030236, "u": 11818151831, "v": 11818151833, "metapath_priority": "None", "is_metapath_hard": false, "metapath_pairs": "", "damage_type": "none", "initial_open": true, "disaster_hard": false }, "geometry": { "type": "LineString", "coordinates": [ [ 76.9556585, 28.3760364 ], [ 76.9547578, 28.3755669 ] ] } },
{ "type": "Feature", "properties": { "segment_id": "S623", "corridor_id": "segment_623", "highway": "trunk_link", "ref": null, "name": null, "length": 12.620898507894552, "u": 11818151831, "v": 11818151832, "metapath_priority": "None", "is_metapath_hard": false, "metapath_pairs": "", "damage_type": "none", "initial_open": true, "disaster_hard": false }, "geometry": { "type": "LineString", "coordinates": [ [ 76.9556585, 28.3760364 ], [ 76.9557253, 28.3759393 ] ] } },
{ "type": "Feature", "properties": { "segment_id": "S624", "corridor_id": "segment_624", "highway": "trunk_link", "ref": null, "name": null, "length": 12.620898507894552, "u": 11818151832, "v": 11818151831, "metapath_priority": "None", "is_metapath_hard": false, "metapath_pairs": "", "damage_type": "none", "initial_open": true, "disaster_hard": false }, "geometry": { "type": "LineString", "coordinates": [ [ 76.9557253, 28.3759393 ], [ 76.9556585, 28.3760364 ] ] } },
{ "type": "Feature", "properties": { "segment_id": "S625", "corridor_id": "segment_625", "highway": "trunk_link", "ref": null, "name": null, "length": 10.709816604470818, "u": 11818151833, "v": 6728792726, "metapath_priority": "None", "is_metapath_hard": false, "metapath_pairs": "", "damage_type": "none", "initial_open": true, "disaster_hard": false }, "geometry": { "type": "LineString", "coordinates": [ [ 76.9547578, 28.3755669 ], [ 76.9548082, 28.3754814 ] ] } },
{ "type": "Feature", "properties": { "segment_id": "S626", "corridor_id": "NH48", "highway": "trunk", "ref": "NH48", "name": "Amer Road", "length": 889.57431017509793, "u": 11818151833, "v": 10130280311, "metapath_priority": "None", "is_metapath_hard": false, "metapath_pairs": "", "damage_type": "none", "initial_open": true, "disaster_hard": false }, "geometry": { "type": "LineString", "coordinates": [ [ 76.9547578, 28.3755669 ], [ 76.9536066, 28.3749669 ], [ 76.9523379, 28.3743415 ], [ 76.9516057, 28.3739663 ], [ 76.9473866, 28.3718635 ], [ 76.946844, 28.3716303 ] ] } },
{ "type": "Feature", "properties": { "segment_id": "S627", "corridor_id": "segment_627", "highway": "trunk_link", "ref": null, "name": null, "length": 14.927022218567654, "u": 11818161118, "v": 11818161119, "metapath_priority": "None", "is_metapath_hard": false, "metapath_pairs": "", "damage_type": "none", "initial_open": true, "disaster_hard": false }, "geometry": { "type": "LineString", "coordinates": [ [ 76.9673137, 28.3819992 ], [ 76.9673966, 28.3818865 ] ] } },
{ "type": "Feature", "properties": { "segment_id": "S628", "corridor_id": "NH48", "highway": "trunk", "ref": "NH48", "name": null, "length": 171.41183615234598, "u": 11818161118, "v": 6660142832, "metapath_priority": "None", "is_metapath_hard": false, "metapath_pairs": "", "damage_type": "none", "initial_open": true, "disaster_hard": false }, "geometry": { "type": "LineString", "coordinates": [ [ 76.9673137, 28.3819992 ], [ 76.9668246, 28.381762 ], [ 76.9659464, 28.381293 ], [ 76.9658029, 28.381219 ] ] } },
{ "type": "Feature", "properties": { "segment_id": "S629", "corridor_id": "segment_629", "highway": "trunk_link", "ref": null, "name": null, "length": 14.927022218567654, "u": 11818161119, "v": 11818161118, "metapath_priority": "None", "is_metapath_hard": false, "metapath_pairs": "", "damage_type": "none", "initial_open": true, "disaster_hard": false }, "geometry": { "type": "LineString", "coordinates": [ [ 76.9673966, 28.3818865 ], [ 76.9673137, 28.3819992 ] ] } },
{ "type": "Feature", "properties": { "segment_id": "S630", "corridor_id": "segment_630", "highway": "trunk_link", "ref": null, "name": null, "length": 11.214190483492604, "u": 11818256791, "v": 11818256792, "metapath_priority": "None", "is_metapath_hard": false, "metapath_pairs": "", "damage_type": "none", "initial_open": true, "disaster_hard": false }, "geometry": { "type": "LineString", "coordinates": [ [ 76.9391268, 28.3579754 ], [ 76.9390161, 28.3580015 ] ] } },
{ "type": "Feature", "properties": { "segment_id": "S631", "corridor_id": "segment_631", "highway": "trunk_link", "ref": null, "name": null, "length": 11.214190483492604, "u": 11818256792, "v": 11818256791, "metapath_priority": "None", "is_metapath_hard": false, "metapath_pairs": "", "damage_type": "none", "initial_open": true, "disaster_hard": false }, "geometry": { "type": "LineString", "coordinates": [ [ 76.9390161, 28.3580015 ], [ 76.9391268, 28.3579754 ] ] } },
{ "type": "Feature", "properties": { "segment_id": "S632", "corridor_id": "NH48", "highway": "trunk", "ref": "NH48", "name": "Amer Road", "length": 477.07599786932593, "u": 11818256792, "v": 11818256796, "metapath_priority": "None", "is_metapath_hard": false, "metapath_pairs": "", "damage_type": "landslide_block", "initial_open": false, "disaster_hard": true }, "geometry": { "type": "LineString", "coordinates": [ [ 76.9390161, 28.3580015 ], [ 76.9388131, 28.3575377 ], [ 76.9380984, 28.3557061 ], [ 76.9378548, 28.3550817 ], [ 76.937731, 28.3546556 ], [ 76.9376775, 28.3543708 ], [ 76.9376615, 28.3540894 ], [ 76.9376587, 28.3539846 ], [ 76.9376565, 28.353903 ] ] } },
{ "type": "Feature", "properties": { "segment_id": "S633", "corridor_id": "segment_633", "highway": "trunk_link", "ref": null, "name": null, "length": 14.718014258003885, "u": 11818256795, "v": 11818256796, "metapath_priority": "None", "is_metapath_hard": false, "metapath_pairs": "", "damage_type": "none", "initial_open": true, "disaster_hard": false }, "geometry": { "type": "LineString", "coordinates": [ [ 76.9378069, 28.3539018 ], [ 76.9376565, 28.353903 ] ] } },
{ "type": "Feature", "properties": { "segment_id": "S634", "corridor_id": "segment_634", "highway": "trunk_link", "ref": null, "name": null, "length": 14.718014258003885, "u": 11818256796, "v": 11818256795, "metapath_priority": "None", "is_metapath_hard": false, "metapath_pairs": "", "damage_type": "crack_pothole", "initial_open": true, "disaster_hard": false }, "geometry": { "type": "LineString", "coordinates": [ [ 76.9376565, 28.353903 ], [ 76.9378069, 28.3539018 ] ] } },
{ "type": "Feature", "properties": { "segment_id": "S635", "corridor_id": "NH48", "highway": "trunk", "ref": "NH48", "name": "Amer Road", "length": 656.37656569320029, "u": 11818256796, "v": 11818256798, "metapath_priority": "None", "is_metapath_hard": false, "metapath_pairs": "", "damage_type": "none", "initial_open": true, "disaster_hard": false }, "geometry": { "type": "LineString", "coordinates": [ [ 76.9376565, 28.353903 ], [ 76.9376558, 28.3538778 ], [ 76.9376748, 28.3536695 ], [ 76.9377025, 28.3534752 ], [ 76.9378188, 28.3530071 ], [ 76.9380838, 28.3522772 ], [ 76.938504, 28.3512007 ], [ 76.9386474, 28.3508227 ], [ 76.9387719, 28.3503892 ], [ 76.9388788, 28.3498216 ], [ 76.938921, 28.3494663 ], [ 76.9389, 28.3489572 ], [ 76.9388251, 28.3481583 ] ] } },
{ "type": "Feature", "properties": { "segment_id": "S636", "corridor_id": "segment_636", "highway": "trunk_link", "ref": null, "name": null, "length": 11.422568811586428, "u": 11818256797, "v": 11818256798, "metapath_priority": "None", "is_metapath_hard": false, "metapath_pairs": "", "damage_type": "none", "initial_open": true, "disaster_hard": false }, "geometry": { "type": "LineString", "coordinates": [ [ 76.9389412, 28.3481477 ], [ 76.9388251, 28.3481583 ] ] } },
{ "type": "Feature", "properties": { "segment_id": "S637", "corridor_id": "segment_637", "highway": "trunk_link", "ref": null, "name": null, "length": 11.422568811586428, "u": 11818256798, "v": 11818256797, "metapath_priority": "None", "is_metapath_hard": false, "metapath_pairs": "", "damage_type": "none", "initial_open": true, "disaster_hard": false }, "geometry": { "type": "LineString", "coordinates": [ [ 76.9388251, 28.3481583 ], [ 76.9389412, 28.3481477 ] ] } },
{ "type": "Feature", "properties": { "segment_id": "S638", "corridor_id": "NH48", "highway": "trunk", "ref": "NH48", "name": "Amer Road", "length": 1195.5897597480805, "u": 11818256798, "v": 11818303107, "metapath_priority": "None", "is_metapath_hard": false, "metapath_pairs": "", "damage_type": "none", "initial_open": true, "disaster_hard": false }, "geometry": { "type": "LineString", "coordinates": [ [ 76.9388251, 28.3481583 ], [ 76.9388225, 28.3481305 ], [ 76.9385544, 28.3459949 ], [ 76.9383983, 28.3447563 ], [ 76.9383106, 28.3438609 ], [ 76.9383089, 28.3430385 ], [ 76.9383298, 28.3426571 ], [ 76.9383755, 28.3418274 ], [ 76.9383385, 28.3401836 ], [ 76.9383226, 28.339588 ], [ 76.9382731, 28.3389294 ], [ 76.9381718, 28.3385938 ], [ 76.9379387, 28.3379756 ], [ 76.9378391, 28.3378491 ], [ 76.9376169, 28.3375668 ] ] } },
{ "type": "Feature", "properties": { "segment_id": "S639", "corridor_id": "segment_639", "highway": "trunk_link", "ref": null, "name": null, "length": 11.491807642121289, "u": 11818303097, "v": 11818303098, "metapath_priority": "None", "is_metapath_hard": false, "metapath_pairs": "", "damage_type": "none", "initial_open": true, "disaster_hard": false }, "geometry": { "type": "LineString", "coordinates": [ [ 76.9383323, 28.3459854 ], [ 76.9384484, 28.3459699 ] ] } },
{ "type": "Feature", "properties": { "segment_id": "S640", "corridor_id": "segment_640", "highway": "trunk_link", "ref": null, "name": null, "length": 11.491807642121289, "u": 11818303098, "v": 11818303097, "metapath_priority": "None", "is_metapath_hard": false, "metapath_pairs": "", "damage_type": "none", "initial_open": true, "disaster_hard": false }, "geometry": { "type": "LineString", "coordinates": [ [ 76.9384484, 28.3459699 ], [ 76.9383323, 28.3459854 ] ] } },
{ "type": "Feature", "properties": { "segment_id": "S641", "corridor_id": "NH48", "highway": "trunk", "ref": "NH48", "name": "Amer Road", "length": 613.29470342090087, "u": 11818303098, "v": 10267389247, "metapath_priority": "Medium", "is_metapath_hard": false, "metapath_pairs": "IMT Manesar <-> Bilaspur Logistics Hub; IMT Manesar <-> Farrukhnagar Logistics Hub; Udyog Vihar <-> Bilaspur Logistics Hub", "damage_type": "none", "initial_open": true, "disaster_hard": false }, "geometry": { "type": "LineString", "coordinates": [ [ 76.9384484, 28.3459699 ], [ 76.9384528, 28.3460071 ], [ 76.9385258, 28.346588 ], [ 76.9385816, 28.3470321 ], [ 76.9387228, 28.3481552 ], [ 76.9388022, 28.3489518 ], [ 76.9388103, 28.3494596 ], [ 76.9387895, 28.3498013 ], [ 76.9386885, 28.3503623 ], [ 76.9385563, 28.3508143 ], [ 76.9384153, 28.3511895 ], [ 76.9383261, 28.3514134 ] ] } },
{ "type": "Feature", "properties": { "segment_id": "S642", "corridor_id": "segment_642", "highway": "trunk_link", "ref": null, "name": null, "length": 11.87330571963181, "u": 11818303099, "v": 11818303100, "metapath_priority": "None", "is_metapath_hard": false, "metapath_pairs": "", "damage_type": "none", "initial_open": true, "disaster_hard": false }, "geometry": { "type": "LineString", "coordinates": [ [ 76.9382494, 28.3453169 ], [ 76.9383707, 28.3453147 ] ] } },
{ "type": "Feature", "properties": { "segment_id": "S643", "corridor_id": "NH48", "highway": "trunk", "ref": "NH48", "name": "Amer Road", "length": 73.250758248428227, "u": 11818303100, "v": 11818303098, "metapath_priority": "Medium", "is_metapath_hard": false, "metapath_pairs": "IMT Manesar <-> Bilaspur Logistics Hub; IMT Manesar <-> Farrukhnagar Logistics Hub; Udyog Vihar <-> Bilaspur Logistics Hub", "damage_type": "none", "initial_open": true, "disaster_hard": false }, "geometry": { "type": "LineString", "coordinates": [ [ 76.9383707, 28.3453147 ], [ 76.9384484, 28.3459699 ] ] } },
{ "type": "Feature", "properties": { "segment_id": "S644", "corridor_id": "segment_644", "highway": "trunk_link", "ref": null, "name": null, "length": 11.87330571963181, "u": 11818303100, "v": 11818303099, "metapath_priority": "None", "is_metapath_hard": false, "metapath_pairs": "", "damage_type": "none", "initial_open": true, "disaster_hard": false }, "geometry": { "type": "LineString", "coordinates": [ [ 76.9383707, 28.3453147 ], [ 76.9382494, 28.3453169 ] ] } },
{ "type": "Feature", "properties": { "segment_id": "S645", "corridor_id": "segment_645", "highway": "trunk_link", "ref": null, "name": null, "length": 12.28254725050722, "u": 11818303105, "v": 11818303106, "metapath_priority": "None", "is_metapath_hard": false, "metapath_pairs": "", "damage_type": "none", "initial_open": true, "disaster_hard": false }, "geometry": { "type": "LineString", "coordinates": [ [ 76.9379768, 28.339098 ], [ 76.9380992, 28.3390736 ] ] } },
{ "type": "Feature", "properties": { "segment_id": "S646", "corridor_id": "segment_646", "highway": "trunk_link", "ref": null, "name": null, "length": 12.28254725050722, "u": 11818303106, "v": 11818303105, "metapath_priority": "None", "is_metapath_hard": false, "metapath_pairs": "", "damage_type": "landslide_block", "initial_open": false, "disaster_hard": true }, "geometry": { "type": "LineString", "coordinates": [ [ 76.9380992, 28.3390736 ], [ 76.9379768, 28.339098 ] ] } },
{ "type": "Feature", "properties": { "segment_id": "S647", "corridor_id": "NH48", "highway": "trunk", "ref": "NH48", "name": "Amer Road", "length": 695.33985778108615, "u": 11818303106, "v": 11818303100, "metapath_priority": "Medium", "is_metapath_hard": false, "metapath_pairs": "IMT Manesar <-> Bilaspur Logistics Hub; IMT Manesar <-> Farrukhnagar Logistics Hub; Udyog Vihar <-> Bilaspur Logistics Hub", "damage_type": "none", "initial_open": true, "disaster_hard": false }, "geometry": { "type": "LineString", "coordinates": [ [ 76.9380992, 28.3390736 ], [ 76.9381754, 28.3395741 ], [ 76.9382434, 28.341824 ], [ 76.9382384, 28.3419798 ], [ 76.9382381, 28.3419885 ], [ 76.9382167, 28.3426574 ], [ 76.9382097, 28.3428765 ], [ 76.9382047, 28.3430317 ], [ 76.938216, 28.3438643 ], [ 76.9383067, 28.3447753 ], [ 76.9383707, 28.3453147 ] ] } },
{ "type": "Feature", "properties": { "segment_id": "S648", "corridor_id": "segment_648", "highway": "trunk_link", "ref": null, "name": null, "length": 12.113075630834306, "u": 11818303107, "v": 11818303108, "metapath_priority": "None", "is_metapath_hard": false, "metapath_pairs": "", "damage_type": "none", "initial_open": true, "disaster_hard": false }, "geometry": { "type": "LineString", "coordinates": [ [ 76.9376169, 28.3375668 ], [ 76.9377205, 28.3375072 ] ] } },
{ "type": "Feature", "properties": { "segment_id": "S649", "corridor_id": "NH48", "highway": "trunk", "ref": "NH48", "name": "Amer Road", "length": 1084.9125141070144, "u": 11818303107, "v": 7466598581, "metapath_priority": "None", "is_metapath_hard": false, "metapath_pairs": "", "damage_type": "landslide_block", "initial_open": false, "disaster_hard": true }, "geometry": { "type": "LineString", "coordinates": [ [ 76.9376169, 28.3375668 ], [ 76.9374076, 28.3373009 ], [ 76.9372317, 28.3371182 ], [ 76.9370507, 28.3369569 ], [ 76.9367757, 28.3367547 ], [ 76.9364991, 28.3365685 ], [ 76.9362232, 28.3364265 ], [ 76.93589, 28.3362657 ], [ 76.9354735, 28.3361075 ], [ 76.9352576, 28.3360511 ], [ 76.9349921, 28.3359874 ], [ 76.9345744, 28.3359376 ], [ 76.9344192, 28.3359335 ], [ 76.9339269, 28.3359203 ], [ 76.9332562, 28.3359698 ], [ 76.9327298, 28.3360527 ], [ 76.9309075, 28.3363395 ], [ 76.929507, 28.3365402 ], [ 76.9292843, 28.3365788 ], [ 76.9285889, 28.3367001 ], [ 76.927264, 28.3369018 ] ] } },
{ "type": "Feature", "properties": { "segment_id": "S650", "corridor_id": "segment_650", "highway": "trunk_link", "ref": null, "name": null, "length": 12.113075630834306, "u": 11818303108, "v": 11818303107, "metapath_priority": "None", "is_metapath_hard": false, "metapath_pairs": "", "damage_type": "none", "initial_open": true, "disaster_hard": false }, "geometry": { "type": "LineString", "coordinates": [ [ 76.9377205, 28.3375072 ], [ 76.9376169, 28.3375668 ] ] } },
{ "type": "Feature", "properties": { "segment_id": "S651", "corridor_id": "segment_651", "highway": "trunk_link", "ref": null, "name": null, "length": 14.23925747076359, "u": 11818381856, "v": 7440839199, "metapath_priority": "None", "is_metapath_hard": false, "metapath_pairs": "", "damage_type": "none", "initial_open": true, "disaster_hard": false }, "geometry": { "type": "LineString", "coordinates": [ [ 76.8967319, 28.3208909 ], [ 76.8968379, 28.3208032 ] ] } },
{ "type": "Feature", "properties": { "segment_id": "S652", "corridor_id": "NH48", "highway": "trunk", "ref": "NH48", "name": "Amer Road", "length": 69.138483416752038, "u": 11818381857, "v": 7440839199, "metapath_priority": "Medium", "is_metapath_hard": false, "metapath_pairs": "IMT Manesar <-> Bilaspur Logistics Hub; IMT Manesar <-> Farrukhnagar Logistics Hub; Udyog Vihar <-> Bilaspur Logistics Hub", "damage_type": "none", "initial_open": true, "disaster_hard": false }, "geometry": { "type": "LineString", "coordinates": [ [ 76.8963176, 28.3203827 ], [ 76.8968379, 28.3208032 ] ] } },
{ "type": "Feature", "properties": { "segment_id": "S653", "corridor_id": "segment_653", "highway": "trunk_link", "ref": null, "name": null, "length": 13.763224916773911, "u": 11818396704, "v": 7379073312, "metapath_priority": "None", "is_metapath_hard": false, "metapath_pairs": "", "damage_type": "none", "initial_open": true, "disaster_hard": false }, "geometry": { "type": "LineString", "coordinates": [ [ 76.9214648, 28.3365138 ], [ 76.9214818, 28.3364902 ], [ 76.9215312, 28.3364048 ] ] } },
{ "type": "Feature", "properties": { "segment_id": "S654", "corridor_id": "segment_654", "highway": "trunk_link", "ref": null, "name": null, "length": 14.683963046957116, "u": 11818396705, "v": 541319075, "metapath_priority": "None", "is_metapath_hard": false, "metapath_pairs": "", "damage_type": "none", "initial_open": true, "disaster_hard": false }, "geometry": { "type": "LineString", "coordinates": [ [ 76.9138856, 28.3300542 ], [ 76.9139649, 28.3299421 ] ] } },
{ "type": "Feature", "properties": { "segment_id": "S655", "corridor_id": "segment_655", "highway": "trunk_link", "ref": null, "name": null, "length": 14.216428078329676, "u": 11818396706, "v": 11818396707, "metapath_priority": "None", "is_metapath_hard": false, "metapath_pairs": "", "damage_type": "none", "initial_open": true, "disaster_hard": false }, "geometry": { "type": "LineString", "coordinates": [ [ 76.9131788, 28.3297885 ], [ 76.9132425, 28.3296736 ] ] } },
{ "type": "Feature", "properties": { "segment_id": "S656", "corridor_id": "NH48", "highway": "trunk", "ref": "NH48", "name": "Amer Road", "length": 76.751500851427807, "u": 11818396707, "v": 541319075, "metapath_priority": "Medium", "is_metapath_hard": false, "metapath_pairs": "IMT Manesar <-> Bilaspur Logistics Hub; IMT Manesar <-> Farrukhnagar Logistics Hub; Udyog Vihar <-> Bilaspur Logistics Hub", "damage_type": "none", "initial_open": true, "disaster_hard": false }, "geometry": { "type": "LineString", "coordinates": [ [ 76.9132425, 28.3296736 ], [ 76.9139649, 28.3299421 ] ] } },
{ "type": "Feature", "properties": { "segment_id": "S657", "corridor_id": "segment_657", "highway": "trunk_link", "ref": null, "name": null, "length": 14.216428078329676, "u": 11818396707, "v": 11818396706, "metapath_priority": "None", "is_metapath_hard": false, "metapath_pairs": "", "damage_type": "none", "initial_open": true, "disaster_hard": false }, "geometry": { "type": "LineString", "coordinates": [ [ 76.9132425, 28.3296736 ], [ 76.9131788, 28.3297885 ] ] } },
{ "type": "Feature", "properties": { "segment_id": "S658", "corridor_id": "segment_658", "highway": "trunk_link", "ref": null, "name": null, "length": 14.620719539982659, "u": 11818396708, "v": 11818396709, "metapath_priority": "None", "is_metapath_hard": false, "metapath_pairs": "", "damage_type": "none", "initial_open": true, "disaster_hard": false }, "geometry": { "type": "LineString", "coordinates": [ [ 76.9123707, 28.3294921 ], [ 76.9124366, 28.3293741 ] ] } },
{ "type": "Feature", "properties": { "segment_id": "S659", "corridor_id": "NH48", "highway": "trunk", "ref": "NH48", "name": "Amer Road", "length": 85.621647806817563, "u": 11818396709, "v": 11818396707, "metapath_priority": "Medium", "is_metapath_hard": false, "metapath_pairs": "IMT Manesar <-> Bilaspur Logistics Hub; IMT Manesar <-> Farrukhnagar Logistics Hub; Udyog Vihar <-> Bilaspur Logistics Hub", "damage_type": "none", "initial_open": true, "disaster_hard": false }, "geometry": { "type": "LineString", "coordinates": [ [ 76.9124366, 28.3293741 ], [ 76.9132425, 28.3296736 ] ] } },
{ "type": "Feature", "properties": { "segment_id": "S660", "corridor_id": "segment_660", "highway": "trunk_link", "ref": null, "name": null, "length": 14.620719539982659, "u": 11818396709, "v": 11818396708, "metapath_priority": "None", "is_metapath_hard": false, "metapath_pairs": "", "damage_type": "none", "initial_open": true, "disaster_hard": false }, "geometry": { "type": "LineString", "coordinates": [ [ 76.9124366, 28.3293741 ], [ 76.9123707, 28.3294921 ] ] } },
{ "type": "Feature", "properties": { "segment_id": "S661", "corridor_id": "segment_661", "highway": "trunk_link", "ref": null, "name": null, "length": 15.027018668149331, "u": 11818396710, "v": 11818396711, "metapath_priority": "None", "is_metapath_hard": false, "metapath_pairs": "", "damage_type": "none", "initial_open": true, "disaster_hard": false }, "geometry": { "type": "LineString", "coordinates": [ [ 76.9115314, 28.3291843 ], [ 76.911595, 28.3290613 ] ] } },
{ "type": "Feature", "properties": { "segment_id": "S662", "corridor_id": "NH48", "highway": "trunk", "ref": "NH48", "name": "Amer Road", "length": 89.416172417458952, "u": 11818396711, "v": 11818396709, "metapath_priority": "Medium", "is_metapath_hard": false, "metapath_pairs": "IMT Manesar <-> Bilaspur Logistics Hub; IMT Manesar <-> Farrukhnagar Logistics Hub; Udyog Vihar <-> Bilaspur Logistics Hub", "damage_type": "none", "initial_open": true, "disaster_hard": false }, "geometry": { "type": "LineString", "coordinates": [ [ 76.911595, 28.3290613 ], [ 76.9124366, 28.3293741 ] ] } },
{ "type": "Feature", "properties": { "segment_id": "S663", "corridor_id": "segment_663", "highway": "trunk_link", "ref": null, "name": null, "length": 15.027018668149331, "u": 11818396711, "v": 11818396710, "metapath_priority": "None", "is_metapath_hard": false, "metapath_pairs": "", "damage_type": "none", "initial_open": true, "disaster_hard": false }, "geometry": { "type": "LineString", "coordinates": [ [ 76.911595, 28.3290613 ], [ 76.9115314, 28.3291843 ] ] } },
{ "type": "Feature", "properties": { "segment_id": "S664", "corridor_id": "NH48", "highway": "trunk", "ref": "NH48", "name": "Amer Road", "length": 44.148832725928465, "u": 11818396712, "v": 11818396713, "metapath_priority": "None", "is_metapath_hard": false, "metapath_pairs": "", "damage_type": "none", "initial_open": true, "disaster_hard": false }, "geometry": { "type": "LineString", "coordinates": [ [ 76.9120881, 28.3290863 ], [ 76.9116724, 28.3289322 ] ] } },
{ "type": "Feature", "properties": { "segment_id": "S665", "corridor_id": "segment_665", "highway": "trunk_link", "ref": null, "name": null, "length": 8.3517449811334519, "u": 11818396712, "v": 6211813729, "metapath_priority": "None", "is_metapath_hard": false, "metapath_pairs": "", "damage_type": "none", "initial_open": true, "disaster_hard": false }, "geometry": { "type": "LineString", "coordinates": [ [ 76.9120881, 28.3290863 ], [ 76.9121236, 28.329018 ] ] } },
{ "type": "Feature", "properties": { "segment_id": "S666", "corridor_id": "NH48", "highway": "trunk", "ref": "NH48", "name": "Amer Road", "length": 61.857565279833779, "u": 11818396713, "v": 11818396715, "metapath_priority": "None", "is_metapath_hard": false, "metapath_pairs": "", "damage_type": "none", "initial_open": true, "disaster_hard": false }, "geometry": { "type": "LineString", "coordinates": [ [ 76.9116724, 28.3289322 ], [ 76.91109, 28.3287162 ] ] } },
{ "type": "Feature", "properties": { "segment_id": "S667", "corridor_id": "segment_667", "highway": "trunk_link", "ref": null, "name": null, "length": 8.9882190320161168, "u": 11818396713, "v": 11818396714, "metapath_priority": "None", "is_metapath_hard": false, "metapath_pairs": "", "damage_type": "crack_pothole", "initial_open": true, "disaster_hard": false }, "geometry": { "type": "LineString", "coordinates": [ [ 76.9116724, 28.3289322 ], [ 76.9117083, 28.3288578 ] ] } },
{ "type": "Feature", "properties": { "segment_id": "S668", "corridor_id": "segment_668", "highway": "trunk_link", "ref": null, "name": null, "length": 8.9882190320161168, "u": 11818396714, "v": 11818396713, "metapath_priority": "None", "is_metapath_hard": false, "metapath_pairs": "", "damage_type": "none", "initial_open": true, "disaster_hard": false }, "geometry": { "type": "LineString", "coordinates": [ [ 76.9117083, 28.3288578 ], [ 76.9116724, 28.3289322 ] ] } },
{ "type": "Feature", "properties": { "segment_id": "S669", "corridor_id": "NH48", "highway": "trunk", "ref": "NH48", "name": "Amer Road", "length": 73.801147974881474, "u": 11818396715, "v": 11818396717, "metapath_priority": "None", "is_metapath_hard": false, "metapath_pairs": "", "damage_type": "none", "initial_open": true, "disaster_hard": false }, "geometry": { "type": "LineString", "coordinates": [ [ 76.91109, 28.3287162 ], [ 76.9103951, 28.3284586 ] ] } },
{ "type": "Feature", "properties": { "segment_id": "S670", "corridor_id": "segment_670", "highway": "trunk_link", "ref": null, "name": null, "length": 9.8877314087091062, "u": 11818396715, "v": 11818396716, "metapath_priority": "None", "is_metapath_hard": false, "metapath_pairs": "", "damage_type": "none", "initial_open": true, "disaster_hard": false }, "geometry": { "type": "LineString", "coordinates": [ [ 76.91109, 28.3287162 ], [ 76.9111348, 28.3286365 ] ] } },
{ "type": "Feature", "properties": { "segment_id": "S671", "corridor_id": "segment_671", "highway": "trunk_link", "ref": null, "name": null, "length": 9.8877314087091062, "u": 11818396716, "v": 11818396715, "metapath_priority": "None", "is_metapath_hard": false, "metapath_pairs": "", "damage_type": "none", "initial_open": true, "disaster_hard": false }, "geometry": { "type": "LineString", "coordinates": [ [ 76.9111348, 28.3286365 ], [ 76.91109, 28.3287162 ] ] } },
{ "type": "Feature", "properties": { "segment_id": "S672", "corridor_id": "segment_672", "highway": "trunk_link", "ref": null, "name": null, "length": 10.949442417412127, "u": 11818396717, "v": 11818396718, "metapath_priority": "None", "is_metapath_hard": false, "metapath_pairs": "", "damage_type": "none", "initial_open": true, "disaster_hard": false }, "geometry": { "type": "LineString", "coordinates": [ [ 76.9103951, 28.3284586 ], [ 76.910441, 28.3283688 ] ] } },
{ "type": "Feature", "properties": { "segment_id": "S673", "corridor_id": "NH48", "highway": "trunk", "ref": "NH48", "name": "Amer Road", "length": 942.22203337678809, "u": 11818396717, "v": 9888876447, "metapath_priority": "None", "is_metapath_hard": false, "metapath_pairs": "", "damage_type": "none", "initial_open": true, "disaster_hard": false }, "geometry": { "type": "LineString", "coordinates": [ [ 76.9103951, 28.3284586 ], [ 76.9086632, 28.3278164 ], [ 76.9039964, 28.326086 ], [ 76.903313, 28.3257822 ], [ 76.9026959, 28.3253876 ], [ 76.9018463, 28.3246992 ] ] } },
{ "type": "Feature", "properties": { "segment_id": "S674", "corridor_id": "segment_674", "highway": "trunk_link", "ref": null, "name": null, "length": 10.949442417412127, "u": 11818396718, "v": 11818396717, "metapath_priority": "None", "is_metapath_hard": false, "metapath_pairs": "", "damage_type": "none", "initial_open": true, "disaster_hard": false }, "geometry": { "type": "LineString", "coordinates": [ [ 76.910441, 28.3283688 ], [ 76.9103951, 28.3284586 ] ] } },
{ "type": "Feature", "properties": { "segment_id": "S675", "corridor_id": "Delhi Western Peripheral Expressway", "highway": "motorway", "ref": null, "name": "Delhi Western Peripheral Expressway", "length": 130.54818066626254, "u": 11818442410, "v": 11818442415, "metapath_priority": "None", "is_metapath_hard": false, "metapath_pairs": "", "damage_type": "none", "initial_open": true, "disaster_hard": false }, "geometry": { "type": "LineString", "coordinates": [ [ 76.8967825, 28.3057916 ], [ 76.8968532, 28.3055634 ], [ 76.8972244, 28.3046847 ] ] } },
{ "type": "Feature", "properties": { "segment_id": "S676", "corridor_id": "segment_676", "highway": "motorway_link", "ref": null, "name": null, "length": 133.72288765345473, "u": 11818442410, "v": 11818442415, "metapath_priority": "None", "is_metapath_hard": false, "metapath_pairs": "", "damage_type": "none", "initial_open": true, "disaster_hard": false }, "geometry": { "type": "LineString", "coordinates": [ [ 76.8967825, 28.3057916 ], [ 76.8969915, 28.3055166 ], [ 76.8970988, 28.3053561 ], [ 76.8971632, 28.3051734 ], [ 76.8972204, 28.3049436 ], [ 76.8972244, 28.3046847 ] ] } },
{ "type": "Feature", "properties": { "segment_id": "S677", "corridor_id": "Delhi Western Peripheral Expressway", "highway": "motorway", "ref": null, "name": "Delhi Western Peripheral Expressway", "length": 293.98453607434578, "u": 11818442416, "v": 4335283813, "metapath_priority": "None", "is_metapath_hard": false, "metapath_pairs": "", "damage_type": "none", "initial_open": true, "disaster_hard": false }, "geometry": { "type": "LineString", "coordinates": [ [ 76.8966071, 28.3057542 ], [ 76.8960277, 28.3075118 ], [ 76.895994, 28.3076517 ], [ 76.8958358, 28.3083078 ] ] } },
{ "type": "Feature", "properties": { "segment_id": "S678", "corridor_id": "Delhi Western Peripheral Expressway", "highway": "motorway", "ref": null, "name": "Delhi Western Peripheral Expressway", "length": 127.7658332648562, "u": 11818442423, "v": 11818442416, "metapath_priority": "None", "is_metapath_hard": false, "metapath_pairs": "", "damage_type": "none", "initial_open": true, "disaster_hard": false }, "geometry": { "type": "LineString", "coordinates": [ [ 76.8970168, 28.3046635 ], [ 76.8966877, 28.3055096 ], [ 76.8966071, 28.3057542 ] ] } },
{ "type": "Feature", "properties": { "segment_id": "S679", "corridor_id": "segment_679", "highway": "motorway_link", "ref": null, "name": null, "length": 132.92714328942193, "u": 11818442423, "v": 11818442416, "metapath_priority": "None", "is_metapath_hard": false, "metapath_pairs": "", "damage_type": "none", "initial_open": true, "disaster_hard": false }, "geometry": { "type": "LineString", "coordinates": [ [ 76.8970168, 28.3046635 ], [ 76.8968592, 28.3047925 ], [ 76.8967519, 28.304931 ], [ 76.8966875, 28.3050884 ], [ 76.8966554, 28.3052238 ], [ 76.8966339, 28.3053718 ], [ 76.8966089, 28.3055918 ], [ 76.8966071, 28.3057542 ] ] } },
{ "type": "Feature", "properties": { "segment_id": "S680", "corridor_id": "SH15A", "highway": "primary", "ref": "SH15A", "name": "Sub. Major Laxmi Chand Road", "length": 10.561655823730295, "u": 11841192706, "v": 11841192743, "metapath_priority": "Medium", "is_metapath_hard": false, "metapath_pairs": "Sohna Industrial Area <-> Farrukhnagar Logistics Hub", "damage_type": "none", "initial_open": true, "disaster_hard": false }, "geometry": { "type": "LineString", "coordinates": [ [ 76.9899065, 28.457434 ], [ 76.9897991, 28.4574443 ] ] } },
{ "type": "Feature", "properties": { "segment_id": "S681", "corridor_id": "SH15A", "highway": "primary", "ref": "SH15A", "name": "Sub. Major Laxmi Chand Road", "length": 379.59369107643232, "u": 11841192706, "v": 4146406989, "metapath_priority": "Medium", "is_metapath_hard": false, "metapath_pairs": "Sohna Industrial Area <-> Farrukhnagar Logistics Hub", "damage_type": "none", "initial_open": true, "disaster_hard": false }, "geometry": { "type": "LineString", "coordinates": [ [ 76.9899065, 28.457434 ], [ 76.9899727, 28.4574564 ], [ 76.9901492, 28.4574503 ], [ 76.9905107, 28.4574354 ], [ 76.9907485, 28.4574283 ], [ 76.9910284, 28.4574185 ], [ 76.9911326, 28.4574158 ], [ 76.9914034, 28.4574107 ], [ 76.9918039, 28.4574012 ], [ 76.9921263, 28.4573958 ], [ 76.9924162, 28.4573881 ], [ 76.9928104, 28.4573761 ], [ 76.9933077, 28.4573619 ], [ 76.9937826, 28.457348 ] ] } },
{ "type": "Feature", "properties": { "segment_id": "S682", "corridor_id": "SH15A", "highway": "primary", "ref": "SH15A", "name": "Sub. Major Laxmi Chand Road", "length": 7.5334517388319151, "u": 11841192743, "v": 9824975319, "metapath_priority": "Medium", "is_metapath_hard": false, "metapath_pairs": "Sohna Industrial Area <-> Farrukhnagar Logistics Hub", "damage_type": "landslide_block", "initial_open": false, "disaster_hard": true }, "geometry": { "type": "LineString", "coordinates": [ [ 76.9897991, 28.4574443 ], [ 76.9897225, 28.4574517 ] ] } },
{ "type": "Feature", "properties": { "segment_id": "S683", "corridor_id": "SH15A", "highway": "primary", "ref": "SH15A", "name": "Sub. Major Laxmi Chand Road", "length": 10.561655823730295, "u": 11841192743, "v": 11841192706, "metapath_priority": "Medium", "is_metapath_hard": false, "metapath_pairs": "Sohna Industrial Area <-> Farrukhnagar Logistics Hub", "damage_type": "none", "initial_open": true, "disaster_hard": false }, "geometry": { "type": "LineString", "coordinates": [ [ 76.9897991, 28.4574443 ], [ 76.9899065, 28.457434 ] ] } },
{ "type": "Feature", "properties": { "segment_id": "S684", "corridor_id": "segment_684", "highway": "primary_link", "ref": null, "name": null, "length": 7.1738669556884869, "u": 11842964112, "v": 11842964113, "metapath_priority": "None", "is_metapath_hard": false, "metapath_pairs": "", "damage_type": "none", "initial_open": true, "disaster_hard": false }, "geometry": { "type": "LineString", "coordinates": [ [ 76.9516418, 28.4722326 ], [ 76.9516462, 28.4721682 ] ] } },
{ "type": "Feature", "properties": { "segment_id": "S685", "corridor_id": "SH15A", "highway": "primary", "ref": "SH15A", "name": null, "length": 432.08764350986814, "u": 11842964112, "v": 11909093796, "metapath_priority": "Medium", "is_metapath_hard": false, "metapath_pairs": "Sohna Industrial Area <-> Farrukhnagar Logistics Hub", "damage_type": "none", "initial_open": true, "disaster_hard": false }, "geometry": { "type": "LineString", "coordinates": [ [ 76.9516418, 28.4722326 ], [ 76.9522905, 28.4722202 ], [ 76.9529516, 28.4722116 ], [ 76.9532653, 28.472203 ], [ 76.9545053, 28.4721927 ], [ 76.954686, 28.4721973 ], [ 76.9549115, 28.4722115 ], [ 76.9549735, 28.4722191 ], [ 76.955455, 28.4723081 ], [ 76.9555615, 28.4723241 ], [ 76.9559268, 28.4724001 ], [ 76.9560369, 28.4724165 ] ] } },
{ "type": "Feature", "properties": { "segment_id": "S686", "corridor_id": "segment_686", "highway": "primary_link", "ref": null, "name": null, "length": 7.1738669556884869, "u": 11842964113, "v": 11842964112, "metapath_priority": "None", "is_metapath_hard": false, "metapath_pairs": "", "damage_type": "none", "initial_open": true, "disaster_hard": false }, "geometry": { "type": "LineString", "coordinates": [ [ 76.9516462, 28.4721682 ], [ 76.9516418, 28.4722326 ] ] } },
{ "type": "Feature", "properties": { "segment_id": "S687", "corridor_id": "SH15A", "highway": "primary", "ref": "SH15A", "name": null, "length": 404.08806959199342, "u": 11842964113, "v": 9911730089, "metapath_priority": "None", "is_metapath_hard": false, "metapath_pairs": "", "damage_type": "none", "initial_open": true, "disaster_hard": false }, "geometry": { "type": "LineString", "coordinates": [ [ 76.9516462, 28.4721682 ], [ 76.9515492, 28.4721698 ], [ 76.9509013, 28.4721852 ], [ 76.949716, 28.4722018 ], [ 76.9488802, 28.4722154 ], [ 76.9476006, 28.4722308 ], [ 76.9475198, 28.472261 ] ] } },
{ "type": "Feature", "properties": { "segment_id": "S688", "corridor_id": "segment_688", "highway": "primary_link", "ref": null, "name": null, "length": 8.1549354868548161, "u": 11843016072, "v": 11843016073, "metapath_priority": "None", "is_metapath_hard": false, "metapath_pairs": "", "damage_type": "none", "initial_open": true, "disaster_hard": false }, "geometry": { "type": "LineString", "coordinates": [ [ 77.006608, 28.451768 ], [ 77.0066477, 28.4517035 ] ] } },
{ "type": "Feature", "properties": { "segment_id": "S689", "corridor_id": "SH26", "highway": "primary", "ref": "SH26", "name": "Pataudi Road", "length": 1115.2673128209196, "u": 11843016072, "v": 2006201555, "metapath_priority": "None", "is_metapath_hard": false, "metapath_pairs": "", "damage_type": "none", "initial_open": true, "disaster_hard": false }, "geometry": { "type": "LineString", "coordinates": [ [ 77.006608, 28.451768 ], [ 77.0068772, 28.4518895 ], [ 77.0069895, 28.4519369 ], [ 77.0073778, 28.4521161 ], [ 77.0077186, 28.4522733 ], [ 77.0081064, 28.4524523 ], [ 77.0084186, 28.4525702 ], [ 77.0087921, 28.4527142 ], [ 77.0091945, 28.4528528 ], [ 77.0094764, 28.4529256 ], [ 77.0101047, 28.4530427 ], [ 77.0108342, 28.4531115 ], [ 77.0109535, 28.4531228 ], [ 77.0117483, 28.4533142 ], [ 77.0119186, 28.4533696 ], [ 77.0121959, 28.4534854 ], [ 77.0129554, 28.4538024 ], [ 77.0134103, 28.4540136 ], [ 77.0137351, 28.4542314 ], [ 77.013862, 28.4543301 ], [ 77.0139693, 28.4544135 ], [ 77.0142776, 28.4547854 ], [ 77.0146296, 28.4553536 ], [ 77.014855, 28.4557088 ], [ 77.0151811, 28.4562145 ], [ 77.015396, 28.4564809 ], [ 77.0157505, 28.4569132 ] ] } },
{ "type": "Feature", "properties": { "segment_id": "S690", "corridor_id": "segment_690", "highway": "primary_link", "ref": null, "name": null, "length": 8.1549354868548161, "u": 11843016073, "v": 11843016072, "metapath_priority": "None", "is_metapath_hard": false, "metapath_pairs": "", "damage_type": "none", "initial_open": true, "disaster_hard": false }, "geometry": { "type": "LineString", "coordinates": [ [ 77.0066477, 28.4517035 ], [ 77.006608, 28.451768 ] ] } },
{ "type": "Feature", "properties": { "segment_id": "S691", "corridor_id": "SH26", "highway": "primary", "ref": "SH26", "name": "Gurgaon Rewari Narnaul Singhana Road", "length": 952.89058420903109, "u": 11843016073, "v": 7544058367, "metapath_priority": "None", "is_metapath_hard": false, "metapath_pairs": "", "damage_type": "crack_pothole", "initial_open": true, "disaster_hard": false }, "geometry": { "type": "LineString", "coordinates": [ [ 77.0066477, 28.4517035 ], [ 77.0065619, 28.4516656 ], [ 77.0063659, 28.4515872 ], [ 77.0061064, 28.4514833 ], [ 77.0054132, 28.4512461 ], [ 77.0050705, 28.4511457 ], [ 77.0045866, 28.4510241 ], [ 77.0041745, 28.4509571 ], [ 77.0041236, 28.4509488 ], [ 77.0034788, 28.4508576 ], [ 77.0032368, 28.4507981 ], [ 77.0031278, 28.4507579 ], [ 77.0030347, 28.4507256 ], [ 77.0028535, 28.4506607 ], [ 77.0025012, 28.4505136 ], [ 77.0017794, 28.4502171 ], [ 77.0016459, 28.450162 ], [ 77.0011798, 28.4499525 ], [ 77.0010698, 28.449912 ], [ 77.0009737, 28.4498748 ], [ 77.0004133, 28.4496333 ], [ 76.9997122, 28.4493414 ], [ 76.9996058, 28.4492971 ], [ 76.9992773, 28.4491603 ], [ 76.9991634, 28.4491117 ], [ 76.9976692, 28.4484697 ] ] } },
{ "type": "Feature", "properties": { "segment_id": "S692", "corridor_id": "segment_692", "highway": "primary_link", "ref": null, "name": null, "length": 6.8514969444711493, "u": 11843037983, "v": 11843037984, "metapath_priority": "None", "is_metapath_hard": false, "metapath_pairs": "", "damage_type": "none", "initial_open": true, "disaster_hard": false }, "geometry": { "type": "LineString", "coordinates": [ [ 76.9338922, 28.4723847 ], [ 76.9338993, 28.4723234 ] ] } },
{ "type": "Feature", "properties": { "segment_id": "S693", "corridor_id": "SH15A", "highway": "primary", "ref": "SH15A", "name": null, "length": 545.91569679668169, "u": 11843037983, "v": 11843079374, "metapath_priority": "None", "is_metapath_hard": false, "metapath_pairs": "", "damage_type": "none", "initial_open": true, "disaster_hard": false }, "geometry": { "type": "LineString", "coordinates": [ [ 76.9338922, 28.4723847 ], [ 76.9351172, 28.4724404 ], [ 76.9361119, 28.4724613 ], [ 76.9365314, 28.4724595 ], [ 76.9394753, 28.4724465 ] ] } },
{ "type": "Feature", "properties": { "segment_id": "S694", "corridor_id": "segment_694", "highway": "primary_link", "ref": null, "name": null, "length": 6.8514969444711493, "u": 11843037984, "v": 11843037983, "metapath_priority": "None", "is_metapath_hard": false, "metapath_pairs": "", "damage_type": "none", "initial_open": true, "disaster_hard": false }, "geometry": { "type": "LineString", "coordinates": [ [ 76.9338993, 28.4723234 ], [ 76.9338922, 28.4723847 ] ] } },
{ "type": "Feature", "properties": { "segment_id": "S695", "corridor_id": "SH15A", "highway": "primary", "ref": "SH15A", "name": null, "length": 706.52702839961955, "u": 11843037984, "v": 11843077565, "metapath_priority": "Medium", "is_metapath_hard": false, "metapath_pairs": "Sohna Industrial Area <-> Farrukhnagar Logistics Hub", "damage_type": "none", "initial_open": true, "disaster_hard": false }, "geometry": { "type": "LineString", "coordinates": [ [ 76.9338993, 28.4723234 ], [ 76.9336722, 28.4723114 ], [ 76.9330336, 28.4722776 ], [ 76.9321865, 28.4722327 ], [ 76.9309956, 28.4721902 ], [ 76.9295297, 28.4722008 ], [ 76.9272928, 28.472189 ], [ 76.9266753, 28.4721838 ] ] } },
{ "type": "Feature", "properties": { "segment_id": "S696", "corridor_id": "segment_696", "highway": "primary_link", "ref": null, "name": null, "length": 5.4613738444416482, "u": 11843067840, "v": 11843067841, "metapath_priority": "None", "is_metapath_hard": false, "metapath_pairs": "", "damage_type": "none", "initial_open": true, "disaster_hard": false }, "geometry": { "type": "LineString", "coordinates": [ [ 76.9614518, 28.4731718 ], [ 76.9614248, 28.4731288 ] ] } },
{ "type": "Feature", "properties": { "segment_id": "S697", "corridor_id": "SH15A", "highway": "primary", "ref": "SH15A", "name": null, "length": 97.605425082942375, "u": 11843067840, "v": 7613824678, "metapath_priority": "Medium", "is_metapath_hard": false, "metapath_pairs": "Sohna Industrial Area <-> Farrukhnagar Logistics Hub", "damage_type": "none", "initial_open": true, "disaster_hard": false }, "geometry": { "type": "LineString", "coordinates": [ [ 76.9614518, 28.4731718 ], [ 76.9620294, 28.4728907 ], [ 76.962147, 28.4728531 ], [ 76.9622398, 28.4728343 ], [ 76.9623574, 28.4728427 ] ] } },
{ "type": "Feature", "properties": { "segment_id": "S698", "corridor_id": "segment_698", "highway": "primary_link", "ref": null, "name": null, "length": 5.4613738444416482, "u": 11843067841, "v": 11843067840, "metapath_priority": "None", "is_metapath_hard": false, "metapath_pairs": "", "damage_type": "none", "initial_open": true, "disaster_hard": false }, "geometry": { "type": "LineString", "coordinates": [ [ 76.9614248, 28.4731288 ], [ 76.9614518, 28.4731718 ] ] } },
{ "type": "Feature", "properties": { "segment_id": "S699", "corridor_id": "SH15A", "highway": "primary", "ref": "SH15A", "name": null, "length": 580.68630623207525, "u": 11843067841, "v": 11909093797, "metapath_priority": "None", "is_metapath_hard": false, "metapath_pairs": "", "damage_type": "none", "initial_open": true, "disaster_hard": false }, "geometry": { "type": "LineString", "coordinates": [ [ 76.9614248, 28.4731288 ], [ 76.9611106, 28.4732768 ], [ 76.960867, 28.4733919 ], [ 76.9606532, 28.473487 ], [ 76.9604856, 28.4735504 ], [ 76.9603509, 28.4735875 ], [ 76.9602413, 28.4736041 ], [ 76.9601254, 28.4736082 ], [ 76.9599984, 28.4735976 ], [ 76.9598739, 28.4735679 ], [ 76.9597592, 28.4735252 ], [ 76.9596541, 28.4734672 ], [ 76.9595465, 28.4733877 ], [ 76.9594683, 28.4733147 ], [ 76.9593028, 28.4731218 ], [ 76.9592728, 28.4730869 ], [ 76.9591697, 28.4729635 ], [ 76.959043, 28.4728119 ], [ 76.9589278, 28.4727031 ], [ 76.9586933, 28.4724964 ], [ 76.9584794, 28.4723412 ], [ 76.9583415, 28.4722747 ], [ 76.9581443, 28.4722068 ], [ 76.9580596, 28.4721917 ], [ 76.957953, 28.472178 ], [ 76.9578488, 28.4721728 ], [ 76.9577451, 28.4721737 ], [ 76.9576401, 28.4721764 ], [ 76.9575552, 28.4721917 ], [ 76.9574549, 28.4722148 ], [ 76.957353, 28.4722451 ], [ 76.9570528, 28.4723605 ], [ 76.9569195, 28.4724031 ], [ 76.9568595, 28.4724173 ], [ 76.9567848, 28.4724256 ], [ 76.9566147, 28.4724278 ], [ 76.9564224, 28.4724197 ], [ 76.9563016, 28.4724027 ] ] } },
{ "type": "Feature", "properties": { "segment_id": "S700", "corridor_id": "segment_700", "highway": "primary_link", "ref": null, "name": null, "length": 7.7171616635296472, "u": 11843077564, "v": 11843077565, "metapath_priority": "None", "is_metapath_hard": false, "metapath_pairs": "", "damage_type": "none", "initial_open": true, "disaster_hard": false }, "geometry": { "type": "LineString", "coordinates": [ [ 76.9266747, 28.4722532 ], [ 76.9266753, 28.4721838 ] ] } },
{ "type": "Feature", "properties": { "segment_id": "S701", "corridor_id": "SH15A", "highway": "primary", "ref": "SH15A", "name": null, "length": 705.7760413594782, "u": 11843077564, "v": 11843037983, "metapath_priority": "None", "is_metapath_hard": false, "metapath_pairs": "", "damage_type": "none", "initial_open": true, "disaster_hard": false }, "geometry": { "type": "LineString", "coordinates": [ [ 76.9266747, 28.4722532 ], [ 76.9282299, 28.472267 ], [ 76.9310303, 28.4722716 ], [ 76.9320593, 28.4723057 ], [ 76.9321715, 28.4723094 ], [ 76.932471, 28.4723223 ], [ 76.9334372, 28.472364 ], [ 76.9338922, 28.4723847 ] ] } },
{ "type": "Feature", "properties": { "segment_id": "S702", "corridor_id": "segment_702", "highway": "primary_link", "ref": null, "name": null, "length": 7.7171616635296472, "u": 11843077565, "v": 11843077564, "metapath_priority": "None", "is_metapath_hard": false, "metapath_pairs": "", "damage_type": "none", "initial_open": true, "disaster_hard": false }, "geometry": { "type": "LineString", "coordinates": [ [ 76.9266753, 28.4721838 ], [ 76.9266747, 28.4722532 ] ] } },
{ "type": "Feature", "properties": { "segment_id": "S703", "corridor_id": "SH15A", "highway": "primary", "ref": "SH15A", "name": null, "length": 156.60424840996404, "u": 11843077565, "v": 7488907018, "metapath_priority": "Medium", "is_metapath_hard": false, "metapath_pairs": "Sohna Industrial Area <-> Farrukhnagar Logistics Hub", "damage_type": "none", "initial_open": true, "disaster_hard": false }, "geometry": { "type": "LineString", "coordinates": [ [ 76.9266753, 28.4721838 ], [ 76.9253407, 28.4721726 ], [ 76.9251483, 28.4721823 ], [ 76.925079, 28.472207 ] ] } },
{ "type": "Feature", "properties": { "segment_id": "S704", "corridor_id": "segment_704", "highway": "primary_link", "ref": null, "name": null, "length": 8.5799641614784559, "u": 11843079374, "v": 11843079375, "metapath_priority": "None", "is_metapath_hard": false, "metapath_pairs": "", "damage_type": "none", "initial_open": true, "disaster_hard": false }, "geometry": { "type": "LineString", "coordinates": [ [ 76.9394753, 28.4724465 ], [ 76.9394788, 28.4723694 ] ] } },
{ "type": "Feature", "properties": { "segment_id": "S705", "corridor_id": "SH15A", "highway": "primary", "ref": "SH15A", "name": null, "length": 360.83133692938458, "u": 11843079374, "v": 5150748931, "metapath_priority": "None", "is_metapath_hard": false, "metapath_pairs": "", "damage_type": "none", "initial_open": true, "disaster_hard": false }, "geometry": { "type": "LineString", "coordinates": [ [ 76.9394753, 28.4724465 ], [ 76.939675, 28.4724456 ], [ 76.9410628, 28.4724303 ], [ 76.9427993, 28.4724067 ], [ 76.9431627, 28.4723603 ] ] } },
{ "type": "Feature", "properties": { "segment_id": "S706", "corridor_id": "segment_706", "highway": "primary_link", "ref": null, "name": null, "length": 8.5799641614784559, "u": 11843079375, "v": 11843079374, "metapath_priority": "None", "is_metapath_hard": false, "metapath_pairs": "", "damage_type": "none", "initial_open": true, "disaster_hard": false }, "geometry": { "type": "LineString", "coordinates": [ [ 76.9394788, 28.4723694 ], [ 76.9394753, 28.4724465 ] ] } },
{ "type": "Feature", "properties": { "segment_id": "S707", "corridor_id": "SH15A", "highway": "primary", "ref": "SH15A", "name": null, "length": 545.50700224244076, "u": 11843079375, "v": 11843037984, "metapath_priority": "Medium", "is_metapath_hard": false, "metapath_pairs": "Sohna Industrial Area <-> Farrukhnagar Logistics Hub", "damage_type": "none", "initial_open": true, "disaster_hard": false }, "geometry": { "type": "LineString", "coordinates": [ [ 76.9394788, 28.4723694 ], [ 76.9378124, 28.4723682 ], [ 76.9365102, 28.47238 ], [ 76.9361105, 28.4723836 ], [ 76.9352844, 28.4723718 ], [ 76.9342102, 28.4723399 ], [ 76.9340291, 28.4723303 ], [ 76.9338993, 28.4723234 ] ] } },
{ "type": "Feature", "properties": { "segment_id": "S708", "corridor_id": "NH48", "highway": "motorway", "ref": "NH48", "name": "Delhi-Gurugram Expressway", "length": 526.98344013339477, "u": 11843401740, "v": 7142088001, "metapath_priority": "Medium", "is_metapath_hard": false, "metapath_pairs": "Udyog Vihar <-> Bilaspur Logistics Hub", "damage_type": "none", "initial_open": true, "disaster_hard": false }, "geometry": { "type": "LineString", "coordinates": [ [ 77.0618761, 28.4723846 ], [ 77.063036, 28.4733172 ], [ 77.0633411, 28.4735542 ], [ 77.0636238, 28.4737738 ], [ 77.0646449, 28.4745718 ], [ 77.0655178, 28.4752587 ], [ 77.0658883, 28.4755502 ] ] } },
{ "type": "Feature", "properties": { "segment_id": "S709", "corridor_id": "segment_709", "highway": "motorway_link", "ref": null, "name": null, "length": 200.76982802679524, "u": 11843401740, "v": 13602373803, "metapath_priority": "None", "is_metapath_hard": false, "metapath_pairs": "", "damage_type": "none", "initial_open": true, "disaster_hard": false }, "geometry": { "type": "LineString", "coordinates": [ [ 77.0618761, 28.4723846 ], [ 77.0619584, 28.472608 ], [ 77.0629845, 28.4734213 ], [ 77.0630322, 28.4735239 ], [ 77.0630207, 28.473677 ], [ 77.0630269, 28.4737688 ] ] } },
{ "type": "Feature", "properties": { "segment_id": "S710", "corridor_id": "segment_710", "highway": "primary_link", "ref": null, "name": null, "length": 30.43599026584392, "u": 11843420746, "v": 11843420750, "metapath_priority": "None", "is_metapath_hard": false, "metapath_pairs": "", "damage_type": "none", "initial_open": true, "disaster_hard": false }, "geometry": { "type": "LineString", "coordinates": [ [ 77.0685964, 28.4778568 ], [ 77.0685946, 28.4777894 ], [ 77.0686015, 28.4777458 ], [ 77.0686288, 28.4776858 ], [ 77.0686964, 28.4776083 ] ] } },
{ "type": "Feature", "properties": { "segment_id": "S711", "corridor_id": "NH148A", "highway": [ "primary", "trunk" ], "ref": "NH148A", "name": "Mehrauli Gurgaon Road", "length": 226.46054255405869, "u": 11843420750, "v": 271335311, "metapath_priority": "None", "is_metapath_hard": false, "metapath_pairs": "", "damage_type": "none", "initial_open": true, "disaster_hard": false }, "geometry": { "type": "LineString", "coordinates": [ [ 77.0686964, 28.4776083 ], [ 77.0690215, 28.4776553 ], [ 77.0696905, 28.4777839 ], [ 77.0699072, 28.4778255 ], [ 77.0704796, 28.4779355 ], [ 77.0707388, 28.4779853 ], [ 77.0709641, 28.4780243 ] ] } },
{ "type": "Feature", "properties": { "segment_id": "S712", "corridor_id": "segment_712", "highway": "primary_link", "ref": null, "name": null, "length": 30.435990265843916, "u": 11843420750, "v": 11843420746, "metapath_priority": "None", "is_metapath_hard": false, "metapath_pairs": "", "damage_type": "none", "initial_open": true, "disaster_hard": false }, "geometry": { "type": "LineString", "coordinates": [ [ 77.0686964, 28.4776083 ], [ 77.0686288, 28.4776858 ], [ 77.0686015, 28.4777458 ], [ 77.0685946, 28.4777894 ], [ 77.0685964, 28.4778568 ] ] } },
{ "type": "Feature", "properties": { "segment_id": "S713", "corridor_id": "NH248BB", "highway": "motorway", "ref": "NH248BB", "name": "Dwarka Expressway", "length": 478.25647882545155, "u": 11843438958, "v": 4130541795, "metapath_priority": "None", "is_metapath_hard": false, "metapath_pairs": "", "damage_type": "none", "initial_open": true, "disaster_hard": false }, "geometry": { "type": "LineString", "coordinates": [ [ 76.9999469, 28.4935548 ], [ 76.9997085, 28.4933422 ], [ 76.9983946, 28.4920491 ], [ 76.9977792, 28.4914438 ], [ 76.9966744, 28.4903573 ] ] } },
{ "type": "Feature", "properties": { "segment_id": "S714", "corridor_id": "segment_714", "highway": "motorway_link", "ref": null, "name": null, "length": 179.61481872925742, "u": 11843438958, "v": 12234337620, "metapath_priority": "None", "is_metapath_hard": false, "metapath_pairs": "", "damage_type": "none", "initial_open": true, "disaster_hard": false }, "geometry": { "type": "LineString", "coordinates": [ [ 76.9999469, 28.4935548 ], [ 76.999832, 28.4933379 ], [ 76.9988542, 28.4924171 ], [ 76.9988349, 28.4923018 ] ] } },
{ "type": "Feature", "properties": { "segment_id": "S715", "corridor_id": "Entry 14", "highway": "motorway_link", "ref": null, "name": "Entry 14", "length": 163.99748117068646, "u": 11843465242, "v": 11843465243, "metapath_priority": "None", "is_metapath_hard": false, "metapath_pairs": "", "damage_type": "none", "initial_open": true, "disaster_hard": false }, "geometry": { "type": "LineString", "coordinates": [ [ 77.0505517, 28.4613966 ], [ 77.0507053, 28.4614771 ], [ 77.0507535, 28.4615113 ], [ 77.0508179, 28.4615585 ], [ 77.0511438, 28.4618391 ], [ 77.0512377, 28.4619216 ], [ 77.0513651, 28.4620501 ], [ 77.0515743, 28.4622577 ], [ 77.051634, 28.4622999 ], [ 77.0516847, 28.4623239 ], [ 77.0517316, 28.4623435 ], [ 77.0517929, 28.4623706 ] ] } },
{ "type": "Feature", "properties": { "segment_id": "S716", "corridor_id": "NH48", "highway": "motorway", "ref": "NH48", "name": "Delhi-Gurugram Expressway", "length": 363.38422108930689, "u": 11843465243, "v": 9903651820, "metapath_priority": "Medium", "is_metapath_hard": false, "metapath_pairs": "Udyog Vihar <-> Bilaspur Logistics Hub", "damage_type": "crack_pothole", "initial_open": true, "disaster_hard": false }, "geometry": { "type": "LineString", "coordinates": [ [ 77.0517929, 28.4623706 ], [ 77.0541828, 28.4648737 ] ] } },
{ "type": "Feature", "properties": { "segment_id": "S717", "corridor_id": "segment_717", "highway": "primary", "ref": null, "name": null, "length": 90.747170814987527, "u": 11843501863, "v": 11843501865, "metapath_priority": "Medium", "is_metapath_hard": false, "metapath_pairs": "Sohna Industrial Area <-> Farrukhnagar Logistics Hub", "damage_type": "none", "initial_open": true, "disaster_hard": false }, "geometry": { "type": "LineString", "coordinates": [ [ 76.9715834, 28.4678733 ], [ 76.9716491, 28.4678879 ], [ 76.9717166, 28.4678931 ], [ 76.9718271, 28.4678807 ], [ 76.9719299, 28.467843 ], [ 76.9720179, 28.4677829 ], [ 76.9720846, 28.4677045 ], [ 76.9721255, 28.4676134 ], [ 76.9721376, 28.467516 ], [ 76.9721315, 28.4674616 ], [ 76.9721162, 28.4674086 ] ] } },
{ "type": "Feature", "properties": { "segment_id": "S718", "corridor_id": "SH15A", "highway": "primary", "ref": "SH15A", "name": null, "length": 1012.3341211266165, "u": 11843501864, "v": 7613862097, "metapath_priority": "None", "is_metapath_hard": false, "metapath_pairs": "", "damage_type": "none", "initial_open": true, "disaster_hard": false }, "geometry": { "type": "LineString", "coordinates": [ [ 76.9713184, 28.4676318 ], [ 76.9712235, 28.467762 ], [ 76.9711424, 28.4678777 ], [ 76.9701116, 28.4685321 ], [ 76.9700706, 28.4685582 ], [ 76.970023, 28.4685886 ], [ 76.9689011, 28.4693042 ], [ 76.9687289, 28.469414 ], [ 76.9681509, 28.4697547 ], [ 76.9671358, 28.4703084 ], [ 76.9667975, 28.4704756 ], [ 76.9651213, 28.4712991 ], [ 76.9630896, 28.472287 ], [ 76.9627702, 28.472426 ], [ 76.9626841, 28.4724671 ], [ 76.9626197, 28.4724939 ] ] } },
{ "type": "Feature", "properties": { "segment_id": "S719", "corridor_id": "segment_719", "highway": "primary", "ref": null, "name": null, "length": 38.700296606048056, "u": 11843501864, "v": 11843501863, "metapath_priority": "None", "is_metapath_hard": false, "metapath_pairs": "", "damage_type": "crack_pothole", "initial_open": true, "disaster_hard": false }, "geometry": { "type": "LineString", "coordinates": [ [ 76.9713184, 28.4676318 ], [ 76.9713424, 28.4676858 ], [ 76.9713758, 28.4677358 ], [ 76.9714178, 28.4677806 ], [ 76.9714672, 28.4678191 ], [ 76.9715229, 28.4678502 ], [ 76.9715834, 28.4678733 ] ] } },
{ "type": "Feature", "properties": { "segment_id": "S720", "corridor_id": "SH15A", "highway": "primary", "ref": "SH15A", "name": null, "length": 331.46854217234545, "u": 11843501865, "v": 6345179751, "metapath_priority": "Medium", "is_metapath_hard": false, "metapath_pairs": "Sohna Industrial Area <-> Farrukhnagar Logistics Hub", "damage_type": "none", "initial_open": true, "disaster_hard": false }, "geometry": { "type": "LineString", "coordinates": [ [ 76.9721162, 28.4674086 ], [ 76.9722778, 28.4672554 ], [ 76.9730557, 28.4667588 ], [ 76.9736326, 28.4663695 ], [ 76.9740862, 28.4660713 ], [ 76.9746968, 28.4656307 ], [ 76.9747531, 28.4655494 ] ] } },
{ "type": "Feature", "properties": { "segment_id": "S721", "corridor_id": "segment_721", "highway": "primary", "ref": null, "name": null, "length": 24.647425101304435, "u": 11843501865, "v": 11843501866, "metapath_priority": "None", "is_metapath_hard": false, "metapath_pairs": "", "damage_type": "none", "initial_open": true, "disaster_hard": false }, "geometry": { "type": "LineString", "coordinates": [ [ 76.9721162, 28.4674086 ], [ 76.9720817, 28.4673412 ], [ 76.9720326, 28.4672812 ], [ 76.9719709, 28.4672311 ] ] } },
{ "type": "Feature", "properties": { "segment_id": "S722", "corridor_id": "segment_722", "highway": "primary", "ref": null, "name": null, "length": 102.37374126857816, "u": 11843501866, "v": 11843501864, "metapath_priority": "None", "is_metapath_hard": false, "metapath_pairs": "", "damage_type": "landslide_block", "initial_open": false, "disaster_hard": true }, "geometry": { "type": "LineString", "coordinates": [ [ 76.9719709, 28.4672311 ], [ 76.9719158, 28.4672002 ], [ 76.971856, 28.4671773 ], [ 76.9717242, 28.4671571 ], [ 76.9715918, 28.4671745 ], [ 76.9714724, 28.4672277 ], [ 76.9713783, 28.4673113 ], [ 76.971319, 28.4674168 ], [ 76.9713005, 28.4675333 ], [ 76.9713056, 28.4675831 ], [ 76.9713184, 28.4676318 ] ] } },
{ "type": "Feature", "properties": { "segment_id": "S723", "corridor_id": "Mehrauli-Gurgaon Road", "highway": "primary", "ref": null, "name": "Mehrauli-Gurgaon Road", "length": 343.89543885151011, "u": 11843702444, "v": 6486082455, "metapath_priority": "None", "is_metapath_hard": false, "metapath_pairs": "", "damage_type": "none", "initial_open": true, "disaster_hard": false }, "geometry": { "type": "LineString", "coordinates": [ [ 77.0444221, 28.4685349 ], [ 77.0441887, 28.4683769 ], [ 77.0440548, 28.4683 ], [ 77.0438079, 28.4681553 ], [ 77.0424866, 28.467381 ], [ 77.0423797, 28.4673212 ], [ 77.0414812, 28.4668399 ] ] } },
{ "type": "Feature", "properties": { "segment_id": "S724", "corridor_id": "segment_724", "highway": "primary_link", "ref": null, "name": null, "length": 30.769145384214966, "u": 11843702444, "v": 11843702447, "metapath_priority": "None", "is_metapath_hard": false, "metapath_pairs": "", "damage_type": "none", "initial_open": true, "disaster_hard": false }, "geometry": { "type": "LineString", "coordinates": [ [ 77.0444221, 28.4685349 ], [ 77.0444047, 28.4684256 ], [ 77.0444133, 28.4683626 ], [ 77.0444448, 28.4682635 ] ] } },
{ "type": "Feature", "properties": { "segment_id": "S725", "corridor_id": "segment_725", "highway": "trunk", "ref": null, "name": null, "length": 9.2986377184036293, "u": 11843751359, "v": 2794104940, "metapath_priority": "None", "is_metapath_hard": false, "metapath_pairs": "", "damage_type": "none", "initial_open": true, "disaster_hard": false }, "geometry": { "type": "LineString", "coordinates": [ [ 76.9970212, 28.4481993 ], [ 76.9969744, 28.4482721 ] ] } },
{ "type": "Feature", "properties": { "segment_id": "S726", "corridor_id": "NH352W", "highway": "trunk", "ref": "NH352W", "name": null, "length": 1079.3559951801913, "u": 11843751359, "v": 9914305527, "metapath_priority": "None", "is_metapath_hard": false, "metapath_pairs": "", "damage_type": "none", "initial_open": true, "disaster_hard": false }, "geometry": { "type": "LineString", "coordinates": [ [ 76.9970212, 28.4481993 ], [ 76.9957401, 28.4476511 ], [ 76.9952332, 28.4474415 ], [ 76.9949017, 28.447306 ], [ 76.9946873, 28.4472184 ], [ 76.9946646, 28.4472076 ], [ 76.9943819, 28.4470737 ], [ 76.9935125, 28.4467231 ], [ 76.9930278, 28.446526 ], [ 76.9925684, 28.4463293 ], [ 76.9924053, 28.4462597 ], [ 76.992209, 28.446176 ], [ 76.9918524, 28.44602 ], [ 76.9916564, 28.4459342 ], [ 76.991289, 28.4457491 ], [ 76.9912504, 28.4457293 ], [ 76.9909859, 28.4455934 ], [ 76.9906533, 28.4454331 ], [ 76.9901446, 28.4451503 ], [ 76.9897064, 28.4449068 ], [ 76.989691, 28.4448983 ], [ 76.9896317, 28.4448653 ], [ 76.9894651, 28.4447727 ], [ 76.9888937, 28.4444756 ], [ 76.9886653, 28.4443709 ], [ 76.9880649, 28.4440959 ], [ 76.9879367, 28.4440363 ], [ 76.9872429, 28.4437136 ] ] } },
{ "type": "Feature", "properties": { "segment_id": "S727", "corridor_id": "segment_727", "highway": "primary_link", "ref": null, "name": null, "length": 11.294916153610288, "u": 11873972342, "v": 9865553315, "metapath_priority": "None", "is_metapath_hard": false, "metapath_pairs": "", "damage_type": "none", "initial_open": true, "disaster_hard": false }, "geometry": { "type": "LineString", "coordinates": [ [ 77.1108275, 28.4816939 ], [ 77.1108513, 28.4817933 ] ] } },
{ "type": "Feature", "properties": { "segment_id": "S728", "corridor_id": "NH148A", "highway": "trunk", "ref": "NH148A", "name": "Mehrauli Gurgaon Road", "length": 387.20968956551644, "u": 11873972342, "v": 271336002, "metapath_priority": "None", "is_metapath_hard": false, "metapath_pairs": "", "damage_type": "none", "initial_open": true, "disaster_hard": false }, "geometry": { "type": "LineString", "coordinates": [ [ 77.1108275, 28.4816939 ], [ 77.1108555, 28.4816859 ], [ 77.1112856, 28.4816423 ], [ 77.1117209, 28.4816285 ], [ 77.1118501, 28.4816395 ], [ 77.113364, 28.481718 ], [ 77.1137828, 28.4816753 ], [ 77.1143107, 28.4815618 ], [ 77.1147514, 28.4814721 ] ] } },
{ "type": "Feature", "properties": { "segment_id": "S729", "corridor_id": "NH148A", "highway": "trunk", "ref": "NH148A", "name": "Acharya Shri Tulsi Marg", "length": 89.397207346802219, "u": 11888519916, "v": 11888519914, "metapath_priority": "None", "is_metapath_hard": false, "metapath_pairs": "", "damage_type": "none", "initial_open": true, "disaster_hard": false }, "geometry": { "type": "LineString", "coordinates": [ [ 77.1162958, 28.4811923 ], [ 77.1168157, 28.4810988 ], [ 77.1171877, 28.4810151 ] ] } },
{ "type": "Feature", "properties": { "segment_id": "S730", "corridor_id": "NH148A", "highway": "trunk", "ref": "NH148A", "name": "Acharya Shri Tulsi Marg", "length": 90.887579717458337, "u": 11888519916, "v": 11888519914, "metapath_priority": "None", "is_metapath_hard": false, "metapath_pairs": "", "damage_type": "none", "initial_open": true, "disaster_hard": false }, "geometry": { "type": "LineString", "coordinates": [ [ 77.1162958, 28.4811923 ], [ 77.1165615, 28.4810812 ], [ 77.1169263, 28.4810081 ], [ 77.1171877, 28.4810151 ] ] } },
{ "type": "Feature", "properties": { "segment_id": "S731", "corridor_id": "segment_731", "highway": "primary_link", "ref": null, "name": null, "length": 8.0197568327943802, "u": 11890386316, "v": 11890386317, "metapath_priority": "None", "is_metapath_hard": false, "metapath_pairs": "", "damage_type": "none", "initial_open": true, "disaster_hard": false }, "geometry": { "type": "LineString", "coordinates": [ [ 76.7526046, 28.5049413 ], [ 76.7526498, 28.5050015 ] ] } },
{ "type": "Feature", "properties": { "segment_id": "S732", "corridor_id": "SH15A", "highway": "primary", "ref": "SH15A", "name": null, "length": 307.6552253992046, "u": 11890386316, "v": 11928358834, "metapath_priority": "None", "is_metapath_hard": false, "metapath_pairs": "", "damage_type": "none", "initial_open": true, "disaster_hard": false }, "geometry": { "type": "LineString", "coordinates": [ [ 76.7526046, 28.5049413 ], [ 76.7516817, 28.505375 ], [ 76.7509026, 28.5057528 ], [ 76.7504898, 28.5059633 ], [ 76.7499168, 28.506316 ], [ 76.7498889, 28.5063349 ] ] } },
{ "type": "Feature", "properties": { "segment_id": "S733", "corridor_id": "segment_733", "highway": "primary_link", "ref": null, "name": null, "length": 8.0197568327943802, "u": 11890386317, "v": 11890386316, "metapath_priority": "None", "is_metapath_hard": false, "metapath_pairs": "", "damage_type": "none", "initial_open": true, "disaster_hard": false }, "geometry": { "type": "LineString", "coordinates": [ [ 76.7526498, 28.5050015 ], [ 76.7526046, 28.5049413 ] ] } },
{ "type": "Feature", "properties": { "segment_id": "S734", "corridor_id": "SH15A", "highway": "primary", "ref": "SH15A", "name": null, "length": 1993.0757205654666, "u": 11890386317, "v": 11890403313, "metapath_priority": "None", "is_metapath_hard": false, "metapath_pairs": "", "damage_type": "none", "initial_open": true, "disaster_hard": false }, "geometry": { "type": "LineString", "coordinates": [ [ 76.7526498, 28.5050015 ], [ 76.7535111, 28.5045967 ], [ 76.7538799, 28.5044247 ], [ 76.7549032, 28.503945 ], [ 76.7559412, 28.5034441 ], [ 76.756574, 28.503135 ], [ 76.7572153, 28.5028218 ], [ 76.7572519, 28.5028042 ], [ 76.7579289, 28.502479 ], [ 76.7581916, 28.5023528 ], [ 76.7593114, 28.5018154 ], [ 76.7607571, 28.5011094 ], [ 76.7616731, 28.5006545 ], [ 76.7622229, 28.5003893 ], [ 76.7624557, 28.5002793 ], [ 76.7625424, 28.5002383 ], [ 76.7631952, 28.4999296 ], [ 76.7647952, 28.4991529 ], [ 76.7658587, 28.4986238 ], [ 76.7663696, 28.4983762 ], [ 76.7670657, 28.4980321 ], [ 76.7678569, 28.4975925 ], [ 76.7702945, 28.4962202 ], [ 76.7703881, 28.4961675 ] ] } },
{ "type": "Feature", "properties": { "segment_id": "S735", "corridor_id": "segment_735", "highway": "primary_link", "ref": null, "name": null, "length": 8.0117866342181969, "u": 11890403312, "v": 11890403313, "metapath_priority": "None", "is_metapath_hard": false, "metapath_pairs": "", "damage_type": "none", "initial_open": true, "disaster_hard": false }, "geometry": { "type": "LineString", "coordinates": [ [ 76.7703434, 28.4961071 ], [ 76.7703881, 28.4961675 ] ] } },
{ "type": "Feature", "properties": { "segment_id": "S736", "corridor_id": "SH15A", "highway": "primary", "ref": "SH15A", "name": null, "length": 1993.1306745922236, "u": 11890403312, "v": 11890386316, "metapath_priority": "None", "is_metapath_hard": false, "metapath_pairs": "", "damage_type": "none", "initial_open": true, "disaster_hard": false }, "geometry": { "type": "LineString", "coordinates": [ [ 76.7703434, 28.4961071 ], [ 76.767813, 28.4975318 ], [ 76.7670237, 28.4979703 ], [ 76.7663298, 28.4983134 ], [ 76.7658188, 28.498561 ], [ 76.7647552, 28.4990902 ], [ 76.7631561, 28.4998665 ], [ 76.7627399, 28.5000622 ], [ 76.7625107, 28.5001716 ], [ 76.762422, 28.5002135 ], [ 76.7621839, 28.5003261 ], [ 76.7616333, 28.5005916 ], [ 76.7607171, 28.5010467 ], [ 76.7592719, 28.5017524 ], [ 76.7581523, 28.5022897 ], [ 76.7571758, 28.5027589 ], [ 76.7559016, 28.5033812 ], [ 76.7548642, 28.5038818 ], [ 76.7538415, 28.5043612 ], [ 76.7534727, 28.5045333 ], [ 76.7526046, 28.5049413 ] ] } },
{ "type": "Feature", "properties": { "segment_id": "S737", "corridor_id": "segment_737", "highway": "primary_link", "ref": null, "name": null, "length": 8.0117866342181969, "u": 11890403313, "v": 11890403312, "metapath_priority": "None", "is_metapath_hard": false, "metapath_pairs": "", "damage_type": "none", "initial_open": true, "disaster_hard": false }, "geometry": { "type": "LineString", "coordinates": [ [ 76.7703881, 28.4961675 ], [ 76.7703434, 28.4961071 ] ] } },
{ "type": "Feature", "properties": { "segment_id": "S738", "corridor_id": "SH15A", "highway": "primary", "ref": "SH15A", "name": null, "length": 12.860203741951594, "u": 11890403313, "v": 1397292862, "metapath_priority": "None", "is_metapath_hard": false, "metapath_pairs": "", "damage_type": "none", "initial_open": true, "disaster_hard": false }, "geometry": { "type": "LineString", "coordinates": [ [ 76.7703881, 28.4961675 ], [ 76.7704409, 28.4961378 ], [ 76.7704989, 28.4961051 ] ] } },
{ "type": "Feature", "properties": { "segment_id": "S739", "corridor_id": "segment_739", "highway": "primary_link", "ref": null, "name": null, "length": 8.0237314107317204, "u": 11890420769, "v": 11890420770, "metapath_priority": "None", "is_metapath_hard": false, "metapath_pairs": "", "damage_type": "none", "initial_open": true, "disaster_hard": false }, "geometry": { "type": "LineString", "coordinates": [ [ 76.7752625, 28.493463 ], [ 76.7752123, 28.4934059 ] ] } },
{ "type": "Feature", "properties": { "segment_id": "S740", "corridor_id": "SH15A", "highway": "primary", "ref": "SH15A", "name": null, "length": 4963.5753590943623, "u": 11890420769, "v": 11928388321, "metapath_priority": "None", "is_metapath_hard": false, "metapath_pairs": "", "damage_type": "landslide_block", "initial_open": false, "disaster_hard": true }, "geometry": { "type": "LineString", "coordinates": [ [ 76.7752625, 28.493463 ], [ 76.7754932, 28.4933317 ], [ 76.7767511, 28.4926339 ], [ 76.7813095, 28.4900868 ], [ 76.7827754, 28.4892782 ], [ 76.783944, 28.4886233 ], [ 76.7845014, 28.4883117 ], [ 76.7853034, 28.4878661 ], [ 76.7858089, 28.4875762 ], [ 76.7869878, 28.4869137 ], [ 76.7883262, 28.4861711 ], [ 76.7913008, 28.4845079 ], [ 76.7928497, 28.4836462 ], [ 76.7937322, 28.4831464 ], [ 76.7949855, 28.4824545 ], [ 76.795363, 28.4822411 ], [ 76.7966343, 28.4815338 ], [ 76.798064, 28.4807535 ], [ 76.7983805, 28.4805672 ], [ 76.7996867, 28.4798588 ], [ 76.8006738, 28.4792953 ], [ 76.8026398, 28.4781872 ], [ 76.8030368, 28.477955 ], [ 76.8043819, 28.4772182 ], [ 76.8047319, 28.4770225 ], [ 76.8058799, 28.4763659 ], [ 76.8065692, 28.4759957 ], [ 76.8068334, 28.4758472 ], [ 76.8069729, 28.4757588 ], [ 76.8077494, 28.4752919 ], [ 76.8086573, 28.4747084 ], [ 76.8105027, 28.4735696 ], [ 76.8131212, 28.4721225 ], [ 76.8132292, 28.4720536 ], [ 76.8145032, 28.4713427 ], [ 76.8156619, 28.4706849 ], [ 76.8168367, 28.4700323 ], [ 76.8180065, 28.469369 ] ] } },
{ "type": "Feature", "properties": { "segment_id": "S741", "corridor_id": "segment_741", "highway": "primary_link", "ref": null, "name": null, "length": 8.0237314107317204, "u": 11890420770, "v": 11890420769, "metapath_priority": "None", "is_metapath_hard": false, "metapath_pairs": "", "damage_type": "none", "initial_open": true, "disaster_hard": false }, "geometry": { "type": "LineString", "coordinates": [ [ 76.7752123, 28.4934059 ], [ 76.7752625, 28.493463 ] ] } },
{ "type": "Feature", "properties": { "segment_id": "S742", "corridor_id": "SH15A", "highway": "primary", "ref": "SH15A", "name": null, "length": 549.71787008120384, "u": 11890420770, "v": 9898705686, "metapath_priority": "None", "is_metapath_hard": false, "metapath_pairs": "", "damage_type": "none", "initial_open": true, "disaster_hard": false }, "geometry": { "type": "LineString", "coordinates": [ [ 76.7752123, 28.4934059 ], [ 76.7750494, 28.4934986 ], [ 76.774508, 28.493799 ], [ 76.7724748, 28.4949282 ], [ 76.7715912, 28.4954231 ], [ 76.7704552, 28.4960442 ] ] } },
{ "type": "Feature", "properties": { "segment_id": "S743", "corridor_id": "segment_743", "highway": "trunk_link", "ref": null, "name": null, "length": 16.954945092044454, "u": 11890764057, "v": 11890764058, "metapath_priority": "None", "is_metapath_hard": false, "metapath_pairs": "", "damage_type": "landslide_block", "initial_open": false, "disaster_hard": true }, "geometry": { "type": "LineString", "coordinates": [ [ 76.8216592, 28.2542175 ], [ 76.8217095, 28.2540716 ] ] } },
{ "type": "Feature", "properties": { "segment_id": "S744", "corridor_id": "segment_744", "highway": "trunk_link", "ref": null, "name": null, "length": 38.234722040886091, "u": 11890787260, "v": 11890787259, "metapath_priority": "None", "is_metapath_hard": false, "metapath_pairs": "", "damage_type": "none", "initial_open": true, "disaster_hard": false }, "geometry": { "type": "LineString", "coordinates": [ [ 76.8313412, 28.2666288 ], [ 76.8312928, 28.2662876 ] ] } },
{ "type": "Feature", "properties": { "segment_id": "S745", "corridor_id": "NH48", "highway": "trunk", "ref": "NH48", "name": "Amer Road", "length": 1039.8276087347122, "u": 11890787260, "v": 9880239361, "metapath_priority": "None", "is_metapath_hard": false, "metapath_pairs": "", "damage_type": "none", "initial_open": true, "disaster_hard": false }, "geometry": { "type": "LineString", "coordinates": [ [ 76.8313412, 28.2666288 ], [ 76.8311495, 28.2662014 ], [ 76.8306836, 28.2651627 ], [ 76.8302411, 28.2641657 ], [ 76.8302116, 28.2640925 ], [ 76.8301499, 28.2639519 ], [ 76.8300962, 28.2638314 ], [ 76.8300131, 28.2636389 ], [ 76.8296778, 28.2629302 ], [ 76.8295088, 28.2626278 ], [ 76.8293372, 28.2623868 ], [ 76.8291441, 28.2621269 ], [ 76.8288276, 28.2617867 ], [ 76.8284199, 28.2613828 ], [ 76.8265182, 28.259514 ], [ 76.8261373, 28.2591242 ], [ 76.825812, 28.2587947 ] ] } },
{ "type": "Feature", "properties": { "segment_id": "S746", "corridor_id": "segment_746", "highway": "trunk_link", "ref": null, "name": null, "length": 42.23720547995665, "u": 11890787261, "v": 541319051, "metapath_priority": "None", "is_metapath_hard": false, "metapath_pairs": "", "damage_type": "none", "initial_open": true, "disaster_hard": false }, "geometry": { "type": "LineString", "coordinates": [ [ 76.8308413, 28.266311 ], [ 76.8311435, 28.266582 ] ] } },
{ "type": "Feature", "properties": { "segment_id": "S747", "corridor_id": "segment_747", "highway": "primary_link", "ref": null, "name": null, "length": 10.444764697222316, "u": 11906821430, "v": 11906821431, "metapath_priority": "None", "is_metapath_hard": false, "metapath_pairs": "", "damage_type": "none", "initial_open": true, "disaster_hard": false }, "geometry": { "type": "LineString", "coordinates": [ [ 77.117383, 28.4621403 ], [ 77.1174766, 28.4621856 ] ] } },
{ "type": "Feature", "properties": { "segment_id": "S748", "corridor_id": "MDR137", "highway": "primary", "ref": "MDR137", "name": "Faridabad-Gurgaon Road", "length": 178.80503251982282, "u": 11906821430, "v": 11906821432, "metapath_priority": "None", "is_metapath_hard": false, "metapath_pairs": "", "damage_type": "none", "initial_open": true, "disaster_hard": false }, "geometry": { "type": "LineString", "coordinates": [ [ 77.117383, 28.4621403 ], [ 77.117236, 28.4623694 ], [ 77.1171704, 28.462471 ], [ 77.1170616, 28.4626802 ], [ 77.1169015, 28.4629802 ], [ 77.1165689, 28.4635245 ], [ 77.1165418, 28.4635672 ] ] } },
{ "type": "Feature", "properties": { "segment_id": "S749", "corridor_id": "segment_749", "highway": "primary_link", "ref": null, "name": null, "length": 10.444764697222316, "u": 11906821431, "v": 11906821430, "metapath_priority": "None", "is_metapath_hard": false, "metapath_pairs": "", "damage_type": "none", "initial_open": true, "disaster_hard": false }, "geometry": { "type": "LineString", "coordinates": [ [ 77.1174766, 28.4621856 ], [ 77.117383, 28.4621403 ] ] } },
{ "type": "Feature", "properties": { "segment_id": "S750", "corridor_id": "segment_750", "highway": "primary_link", "ref": null, "name": null, "length": 12.623017913540838, "u": 11906821432, "v": 11906821433, "metapath_priority": "None", "is_metapath_hard": false, "metapath_pairs": "", "damage_type": "none", "initial_open": true, "disaster_hard": false }, "geometry": { "type": "LineString", "coordinates": [ [ 77.1165418, 28.4635672 ], [ 77.1166547, 28.4636223 ] ] } },
{ "type": "Feature", "properties": { "segment_id": "S751", "corridor_id": "MDR137", "highway": "primary", "ref": "MDR137", "name": "Faridabad-Gurgaon Road", "length": 1019.4850748998986, "u": 11906821432, "v": 3953762669, "metapath_priority": "None", "is_metapath_hard": false, "metapath_pairs": "", "damage_type": "none", "initial_open": true, "disaster_hard": false }, "geometry": { "type": "LineString", "coordinates": [ [ 77.1165418, 28.4635672 ], [ 77.1162119, 28.4640867 ], [ 77.115478, 28.4652165 ], [ 77.1152427, 28.4655818 ], [ 77.1150318, 28.4659095 ], [ 77.1148995, 28.4660816 ], [ 77.1148577, 28.4661372 ], [ 77.1147957, 28.4662036 ], [ 77.114709, 28.4662894 ], [ 77.1145818, 28.4663894 ], [ 77.1143203, 28.4665508 ], [ 77.1141724, 28.4666209 ], [ 77.1140042, 28.4666837 ], [ 77.1136857, 28.4667368 ], [ 77.1133525, 28.4667504 ], [ 77.1128611, 28.4667338 ], [ 77.1117733, 28.4666699 ], [ 77.1106529, 28.4666042 ], [ 77.1102644, 28.466599 ], [ 77.1101645, 28.4666081 ], [ 77.1100401, 28.4666304 ], [ 77.1098974, 28.4666706 ], [ 77.1096116, 28.4667761 ], [ 77.1094951, 28.4668368 ], [ 77.1093461, 28.4669261 ], [ 77.1083819, 28.4675994 ] ] } },
{ "type": "Feature", "properties": { "segment_id": "S752", "corridor_id": "segment_752", "highway": "primary_link", "ref": null, "name": null, "length": 12.623017913540838, "u": 11906821433, "v": 11906821432, "metapath_priority": "None", "is_metapath_hard": false, "metapath_pairs": "", "damage_type": "none", "initial_open": true, "disaster_hard": false }, "geometry": { "type": "LineString", "coordinates": [ [ 77.1166547, 28.4636223 ], [ 77.1165418, 28.4635672 ] ] } },
{ "type": "Feature", "properties": { "segment_id": "S753", "corridor_id": "MDR137", "highway": "primary", "ref": "MDR137", "name": "Faridabad-Gurgaon Road", "length": 178.93980085297144, "u": 11906821433, "v": 11906821431, "metapath_priority": "None", "is_metapath_hard": false, "metapath_pairs": "", "damage_type": "none", "initial_open": true, "disaster_hard": false }, "geometry": { "type": "LineString", "coordinates": [ [ 77.1166547, 28.4636223 ], [ 77.1166628, 28.46361 ], [ 77.1168657, 28.4633017 ], [ 77.1169974, 28.4630631 ], [ 77.1170945, 28.46289 ], [ 77.1173784, 28.4623476 ], [ 77.1174766, 28.4621856 ] ] } },
{ "type": "Feature", "properties": { "segment_id": "S754", "corridor_id": "segment_754", "highway": "primary_link", "ref": null, "name": null, "length": 9.0982353877129594, "u": 11908871365, "v": 11908871366, "metapath_priority": "None", "is_metapath_hard": false, "metapath_pairs": "", "damage_type": "none", "initial_open": true, "disaster_hard": false }, "geometry": { "type": "LineString", "coordinates": [ [ 76.914396, 28.4705508 ], [ 76.9143855, 28.4706321 ] ] } },
{ "type": "Feature", "properties": { "segment_id": "S755", "corridor_id": "SH15A", "highway": "primary", "ref": "SH15A", "name": null, "length": 598.52352950157228, "u": 11908871365, "v": 4135047549, "metapath_priority": "None", "is_metapath_hard": false, "metapath_pairs": "", "damage_type": "none", "initial_open": true, "disaster_hard": false }, "geometry": { "type": "LineString", "coordinates": [ [ 76.914396, 28.4705508 ], [ 76.9143499, 28.4705464 ], [ 76.9141819, 28.4705316 ], [ 76.9124115, 28.4703935 ], [ 76.9118692, 28.4703534 ], [ 76.9109083, 28.4702781 ], [ 76.9098464, 28.4701926 ], [ 76.9085353, 28.4700953 ], [ 76.908436, 28.4700945 ], [ 76.9083, 28.4701246 ] ] } },
{ "type": "Feature", "properties": { "segment_id": "S756", "corridor_id": "SH15A", "highway": "primary", "ref": "SH15A", "name": null, "length": 102.99551645418344, "u": 11908871366, "v": 11908871368, "metapath_priority": "Medium", "is_metapath_hard": false, "metapath_pairs": "Sohna Industrial Area <-> Farrukhnagar Logistics Hub", "damage_type": "none", "initial_open": true, "disaster_hard": false }, "geometry": { "type": "LineString", "coordinates": [ [ 76.9143855, 28.4706321 ], [ 76.9154336, 28.4707274 ] ] } },
{ "type": "Feature", "properties": { "segment_id": "S757", "corridor_id": "segment_757", "highway": "primary_link", "ref": null, "name": null, "length": 9.0982353877129594, "u": 11908871366, "v": 11908871365, "metapath_priority": "None", "is_metapath_hard": false, "metapath_pairs": "", "damage_type": "none", "initial_open": true, "disaster_hard": false }, "geometry": { "type": "LineString", "coordinates": [ [ 76.9143855, 28.4706321 ], [ 76.914396, 28.4705508 ] ] } },
{ "type": "Feature", "properties": { "segment_id": "S758", "corridor_id": "SH15A", "highway": "primary", "ref": "SH15A", "name": null, "length": 103.18904710755366, "u": 11908871367, "v": 11908871365, "metapath_priority": "None", "is_metapath_hard": false, "metapath_pairs": "", "damage_type": "none", "initial_open": true, "disaster_hard": false }, "geometry": { "type": "LineString", "coordinates": [ [ 76.9154454, 28.4706518 ], [ 76.914396, 28.4705508 ] ] } },
{ "type": "Feature", "properties": { "segment_id": "S759", "corridor_id": "segment_759", "highway": "primary_link", "ref": null, "name": null, "length": 8.4851084188377932, "u": 11908871367, "v": 11908871368, "metapath_priority": "None", "is_metapath_hard": false, "metapath_pairs": "", "damage_type": "crack_pothole", "initial_open": true, "disaster_hard": false }, "geometry": { "type": "LineString", "coordinates": [ [ 76.9154454, 28.4706518 ], [ 76.9154336, 28.4707274 ] ] } },
{ "type": "Feature", "properties": { "segment_id": "S760", "corridor_id": "SH15A", "highway": "primary", "ref": "SH15A", "name": null, "length": 54.92217302192072, "u": 11908871368, "v": 11908997970, "metapath_priority": "Medium", "is_metapath_hard": false, "metapath_pairs": "Sohna Industrial Area <-> Farrukhnagar Logistics Hub", "damage_type": "none", "initial_open": true, "disaster_hard": false }, "geometry": { "type": "LineString", "coordinates": [ [ 76.9154336, 28.4707274 ], [ 76.9159925, 28.4707782 ] ] } },
{ "type": "Feature", "properties": { "segment_id": "S761", "corridor_id": "segment_761", "highway": "primary_link", "ref": null, "name": null, "length": 8.4851084188377932, "u": 11908871368, "v": 11908871367, "metapath_priority": "None", "is_metapath_hard": false, "metapath_pairs": "", "damage_type": "none", "initial_open": true, "disaster_hard": false }, "geometry": { "type": "LineString", "coordinates": [ [ 76.9154336, 28.4707274 ], [ 76.9154454, 28.4706518 ] ] } },
{ "type": "Feature", "properties": { "segment_id": "S762", "corridor_id": "SH15A", "highway": "primary", "ref": "SH15A", "name": null, "length": 55.04618204417217, "u": 11908997969, "v": 11908871367, "metapath_priority": "None", "is_metapath_hard": false, "metapath_pairs": "", "damage_type": "none", "initial_open": true, "disaster_hard": false }, "geometry": { "type": "LineString", "coordinates": [ [ 76.9160052, 28.4707057 ], [ 76.9154454, 28.4706518 ] ] } },
{ "type": "Feature", "properties": { "segment_id": "S763", "corridor_id": "segment_763", "highway": "primary_link", "ref": null, "name": null, "length": 8.1566626471535546, "u": 11908997969, "v": 11908997970, "metapath_priority": "None", "is_metapath_hard": false, "metapath_pairs": "", "damage_type": "none", "initial_open": true, "disaster_hard": false }, "geometry": { "type": "LineString", "coordinates": [ [ 76.9160052, 28.4707057 ], [ 76.9159925, 28.4707782 ] ] } },
{ "type": "Feature", "properties": { "segment_id": "S764", "corridor_id": "segment_764", "highway": "primary_link", "ref": null, "name": null, "length": 8.1566626471535546, "u": 11908997970, "v": 11908997969, "metapath_priority": "None", "is_metapath_hard": false, "metapath_pairs": "", "damage_type": "none", "initial_open": true, "disaster_hard": false }, "geometry": { "type": "LineString", "coordinates": [ [ 76.9159925, 28.4707782 ], [ 76.9160052, 28.4707057 ] ] } },
{ "type": "Feature", "properties": { "segment_id": "S765", "corridor_id": "SH15A", "highway": "primary", "ref": "SH15A", "name": null, "length": 206.05756649857591, "u": 11908997970, "v": 4133264095, "metapath_priority": "Medium", "is_metapath_hard": false, "metapath_pairs": "Sohna Industrial Area <-> Farrukhnagar Logistics Hub", "damage_type": "landslide_block", "initial_open": false, "disaster_hard": true }, "geometry": { "type": "LineString", "coordinates": [ [ 76.9159925, 28.4707782 ], [ 76.9163119, 28.4708073 ], [ 76.916413, 28.4708222 ], [ 76.9168152, 28.4708882 ], [ 76.9171724, 28.4709693 ], [ 76.9173506, 28.4710144 ], [ 76.9177672, 28.4711021 ], [ 76.9179231, 28.4711305 ], [ 76.9179893, 28.4711371 ], [ 76.9180556, 28.4711437 ] ] } },
{ "type": "Feature", "properties": { "segment_id": "S766", "corridor_id": "segment_766", "highway": "primary_link", "ref": null, "name": null, "length": 5.6900383276285833, "u": 11909093795, "v": 11909093796, "metapath_priority": "None", "is_metapath_hard": false, "metapath_pairs": "", "damage_type": "none", "initial_open": true, "disaster_hard": false }, "geometry": { "type": "LineString", "coordinates": [ [ 76.9560525, 28.4723672 ], [ 76.9560369, 28.4724165 ] ] } },
{ "type": "Feature", "properties": { "segment_id": "S767", "corridor_id": "SH15A", "highway": "primary", "ref": "SH15A", "name": null, "length": 433.00760206153882, "u": 11909093795, "v": 11842964113, "metapath_priority": "None", "is_metapath_hard": false, "metapath_pairs": "", "damage_type": "landslide_block", "initial_open": false, "disaster_hard": true }, "geometry": { "type": "LineString", "coordinates": [ [ 76.9560525, 28.4723672 ], [ 76.9559268, 28.472348 ], [ 76.9557355, 28.4723036 ], [ 76.9554564, 28.4722486 ], [ 76.9553705, 28.4722332 ], [ 76.9550328, 28.4721848 ], [ 76.9549394, 28.4721746 ], [ 76.9546987, 28.4721547 ], [ 76.9544808, 28.472153 ], [ 76.9534201, 28.472145 ], [ 76.9532658, 28.4721464 ], [ 76.9526456, 28.4721521 ], [ 76.9516462, 28.4721682 ] ] } },
{ "type": "Feature", "properties": { "segment_id": "S768", "corridor_id": "segment_768", "highway": "primary_link", "ref": null, "name": null, "length": 5.6900383276285833, "u": 11909093796, "v": 11909093795, "metapath_priority": "None", "is_metapath_hard": false, "metapath_pairs": "", "damage_type": "crack_pothole", "initial_open": true, "disaster_hard": false }, "geometry": { "type": "LineString", "coordinates": [ [ 76.9560369, 28.4724165 ], [ 76.9560525, 28.4723672 ] ] } },
{ "type": "Feature", "properties": { "segment_id": "S769", "corridor_id": "SH15A", "highway": "primary", "ref": "SH15A", "name": null, "length": 25.094972959256623, "u": 11909093796, "v": 11909093798, "metapath_priority": "Medium", "is_metapath_hard": false, "metapath_pairs": "Sohna Industrial Area <-> Farrukhnagar Logistics Hub", "damage_type": "none", "initial_open": true, "disaster_hard": false }, "geometry": { "type": "LineString", "coordinates": [ [ 76.9560369, 28.4724165 ], [ 76.9561813, 28.472438 ], [ 76.9562906, 28.4724509 ] ] } },
{ "type": "Feature", "properties": { "segment_id": "S770", "corridor_id": "segment_770", "highway": "primary_link", "ref": null, "name": null, "length": 5.4663886347948019, "u": 11909093797, "v": 11909093798, "metapath_priority": "None", "is_metapath_hard": false, "metapath_pairs": "", "damage_type": "none", "initial_open": true, "disaster_hard": false }, "geometry": { "type": "LineString", "coordinates": [ [ 76.9563016, 28.4724027 ], [ 76.9562906, 28.4724509 ] ] } },
{ "type": "Feature", "properties": { "segment_id": "S771", "corridor_id": "SH15A", "highway": "primary", "ref": "SH15A", "name": null, "length": 24.666686392770782, "u": 11909093797, "v": 11909093795, "metapath_priority": "None", "is_metapath_hard": false, "metapath_pairs": "", "damage_type": "none", "initial_open": true, "disaster_hard": false }, "geometry": { "type": "LineString", "coordinates": [ [ 76.9563016, 28.4724027 ], [ 76.9561019, 28.4723747 ], [ 76.9560525, 28.4723672 ] ] } },
{ "type": "Feature", "properties": { "segment_id": "S772", "corridor_id": "segment_772", "highway": "primary_link", "ref": null, "name": null, "length": 5.4663886347948019, "u": 11909093798, "v": 11909093797, "metapath_priority": "None", "is_metapath_hard": false, "metapath_pairs": "", "damage_type": "none", "initial_open": true, "disaster_hard": false }, "geometry": { "type": "LineString", "coordinates": [ [ 76.9562906, 28.4724509 ], [ 76.9563016, 28.4724027 ] ] } },
{ "type": "Feature", "properties": { "segment_id": "S773", "corridor_id": "SH15A", "highway": "primary", "ref": "SH15A", "name": null, "length": 584.63374265194557, "u": 11909093798, "v": 11843067840, "metapath_priority": "Medium", "is_metapath_hard": false, "metapath_pairs": "Sohna Industrial Area <-> Farrukhnagar Logistics Hub", "damage_type": "none", "initial_open": true, "disaster_hard": false }, "geometry": { "type": "LineString", "coordinates": [ [ 76.9562906, 28.4724509 ], [ 76.9563968, 28.4724635 ], [ 76.9566312, 28.472473 ], [ 76.9568696, 28.4724621 ], [ 76.9569599, 28.4724398 ], [ 76.9570761, 28.472395 ], [ 76.9573683, 28.4722856 ], [ 76.9574607, 28.4722573 ], [ 76.9575637, 28.4722315 ], [ 76.9576529, 28.472216 ], [ 76.9577452, 28.4722098 ], [ 76.9578583, 28.4722101 ], [ 76.957968, 28.4722204 ], [ 76.9580644, 28.4722356 ], [ 76.9581578, 28.4722606 ], [ 76.9583068, 28.4723208 ], [ 76.9584421, 28.4723782 ], [ 76.9586473, 28.4725213 ], [ 76.9588873, 28.4727273 ], [ 76.9590142, 28.4728424 ], [ 76.9592364, 28.4731057 ], [ 76.9594386, 28.4733566 ], [ 76.9595813, 28.4734799 ], [ 76.9597166, 28.4735709 ], [ 76.9599528, 28.4736328 ], [ 76.9602892, 28.473641 ], [ 76.9605095, 28.4735913 ], [ 76.9608863, 28.473447 ], [ 76.9614518, 28.4731718 ] ] } },
{ "type": "Feature", "properties": { "segment_id": "S774", "corridor_id": "segment_774", "highway": "trunk_link", "ref": null, "name": null, "length": 114.71628777898819, "u": 11909112454, "v": 11909112463, "metapath_priority": "None", "is_metapath_hard": false, "metapath_pairs": "", "damage_type": "landslide_block", "initial_open": false, "disaster_hard": true }, "geometry": { "type": "LineString", "coordinates": [ [ 76.9803321, 28.39422 ], [ 76.9803988, 28.3942183 ], [ 76.9805488, 28.3943611 ], [ 76.9808528, 28.3946742 ], [ 76.9809213, 28.3947345 ], [ 76.9809727, 28.3947591 ], [ 76.9810147, 28.3947578 ], [ 76.9810428, 28.3947331 ], [ 76.9810614, 28.394677 ], [ 76.9810816, 28.3945789 ] ] } },
{ "type": "Feature", "properties": { "segment_id": "S775", "corridor_id": "NH48", "highway": [ "motorway", "trunk" ], "ref": "NH48", "name": [ "Amer Road", "Delhi-Gurugram Expressway" ], "length": 361.88621275719981, "u": 11909112454, "v": 278166434, "metapath_priority": "Medium", "is_metapath_hard": false, "metapath_pairs": "Udyog Vihar <-> Bilaspur Logistics Hub", "damage_type": "none", "initial_open": true, "disaster_hard": false }, "geometry": { "type": "LineString", "coordinates": [ [ 76.9803321, 28.39422 ], [ 76.9805831, 28.3945051 ], [ 76.9808862, 28.3948494 ], [ 76.9812416, 28.3952531 ], [ 76.9816985, 28.3957384 ], [ 76.982639, 28.3966201 ], [ 76.9827235, 28.3966993 ] ] } },
{ "type": "Feature", "properties": { "segment_id": "S776", "corridor_id": "NH48", "highway": "trunk", "ref": "NH48", "name": null, "length": 42.656243416696427, "u": 11909112463, "v": 12250202278, "metapath_priority": "None", "is_metapath_hard": false, "metapath_pairs": "", "damage_type": "none", "initial_open": true, "disaster_hard": false }, "geometry": { "type": "LineString", "coordinates": [ [ 76.9810816, 28.3945789 ], [ 76.9809555, 28.3944748 ], [ 76.9807741, 28.3943071 ] ] } },
{ "type": "Feature", "properties": { "segment_id": "S777", "corridor_id": "segment_777", "highway": "trunk_link", "ref": null, "name": null, "length": 25.111789794214484, "u": 11909411845, "v": 11909411847, "metapath_priority": "None", "is_metapath_hard": false, "metapath_pairs": "", "damage_type": "none", "initial_open": true, "disaster_hard": false }, "geometry": { "type": "LineString", "coordinates": [ [ 77.0382833, 28.4235866 ], [ 77.0382971, 28.4236519 ], [ 77.0383322, 28.4238083 ] ] } },
{ "type": "Feature", "properties": { "segment_id": "S778", "corridor_id": "NH248A", "highway": "trunk", "ref": "NH248A", "name": "Sohna Road", "length": 55.361185502569739, "u": 11909411847, "v": 10154285762, "metapath_priority": "None", "is_metapath_hard": false, "metapath_pairs": "", "damage_type": "none", "initial_open": true, "disaster_hard": false }, "geometry": { "type": "LineString", "coordinates": [ [ 77.0383322, 28.4238083 ], [ 77.0382806, 28.4239856 ], [ 77.0382683, 28.424028 ], [ 77.0381979, 28.4242705 ], [ 77.0381893, 28.4242899 ] ] } },
{ "type": "Feature", "properties": { "segment_id": "S779", "corridor_id": "segment_779", "highway": "trunk_link", "ref": null, "name": null, "length": 25.540472928695038, "u": 11909411848, "v": 11909411849, "metapath_priority": "None", "is_metapath_hard": false, "metapath_pairs": "", "damage_type": "none", "initial_open": true, "disaster_hard": false }, "geometry": { "type": "LineString", "coordinates": [ [ 77.038451, 28.4239703 ], [ 77.0386169, 28.4237929 ] ] } },
{ "type": "Feature", "properties": { "segment_id": "S780", "corridor_id": "NH248A", "highway": "trunk", "ref": "NH248A", "name": "Sohna Road", "length": 5479.855884169292, "u": 11909411848, "v": 11927984481, "metapath_priority": "Medium", "is_metapath_hard": false, "metapath_pairs": "Sohna Industrial Area <-> Farrukhnagar Logistics Hub", "damage_type": "none", "initial_open": true, "disaster_hard": false }, "geometry": { "type": "LineString", "coordinates": [ [ 77.038451, 28.4239703 ], [ 77.0385471, 28.423632 ], [ 77.0387997, 28.422743 ], [ 77.0395954, 28.4199707 ], [ 77.0399088, 28.4188808 ], [ 77.040038, 28.4184439 ], [ 77.0400698, 28.4183285 ], [ 77.0404059, 28.4170828 ], [ 77.0406568, 28.4162614 ], [ 77.0409459, 28.4152657 ], [ 77.0414087, 28.4137291 ], [ 77.0414729, 28.4135301 ], [ 77.041499, 28.4134294 ], [ 77.0419919, 28.4117004 ], [ 77.0426518, 28.4095614 ], [ 77.042678, 28.4094679 ], [ 77.0427212, 28.4093052 ], [ 77.0428849, 28.4086481 ], [ 77.043504, 28.4065274 ], [ 77.0445297, 28.4028154 ], [ 77.0445993, 28.4025635 ], [ 77.0448495, 28.401658 ], [ 77.0448821, 28.4015401 ], [ 77.0449736, 28.4011764 ], [ 77.0450221, 28.4010091 ], [ 77.0450828, 28.4007428 ], [ 77.0451607, 28.4003785 ], [ 77.0452249, 28.400091 ], [ 77.0455898, 28.3987097 ], [ 77.0456177, 28.3986043 ], [ 77.0457897, 28.397953 ], [ 77.0462689, 28.3960987 ], [ 77.0463112, 28.3959382 ], [ 77.0466805, 28.3945112 ], [ 77.0468399, 28.3940994 ], [ 77.0469951, 28.3937866 ], [ 77.047208, 28.3934666 ], [ 77.04727, 28.3933733 ], [ 77.0474024, 28.3931743 ], [ 77.0479586, 28.3924417 ], [ 77.0490664, 28.3910205 ], [ 77.0495142, 28.390431 ], [ 77.0500439, 28.3896685 ], [ 77.0506222, 28.3887484 ], [ 77.0507409, 28.3885525 ], [ 77.0512757, 28.3876961 ], [ 77.0522479, 28.3861813 ], [ 77.0525911, 28.3856251 ], [ 77.0526244, 28.3855593 ], [ 77.0526743, 28.3854605 ], [ 77.0529479, 28.3849195 ], [ 77.0531787, 28.3844089 ], [ 77.0540435, 28.3817944 ], [ 77.0541779, 28.3813775 ], [ 77.0551152, 28.3785546 ], [ 77.0552, 28.378258 ], [ 77.0552243, 28.3781663 ], [ 77.0554707, 28.3773881 ] ] } },
{ "type": "Feature", "properties": { "segment_id": "S781", "corridor_id": "segment_781", "highway": "trunk_link", "ref": null, "name": null, "length": 12.425392078774781, "u": 11909411851, "v": 11909411852, "metapath_priority": "None", "is_metapath_hard": false, "metapath_pairs": "", "damage_type": "none", "initial_open": true, "disaster_hard": false }, "geometry": { "type": "LineString", "coordinates": [ [ 77.0383457, 28.4247723 ], [ 77.0382229, 28.4247436 ] ] } },
{ "type": "Feature", "properties": { "segment_id": "S782", "corridor_id": "segment_782", "highway": "trunk_link", "ref": null, "name": null, "length": 12.425392078774781, "u": 11909411852, "v": 11909411851, "metapath_priority": "None", "is_metapath_hard": false, "metapath_pairs": "", "damage_type": "none", "initial_open": true, "disaster_hard": false }, "geometry": { "type": "LineString", "coordinates": [ [ 77.0382229, 28.4247436 ], [ 77.0383457, 28.4247723 ] ] } },
{ "type": "Feature", "properties": { "segment_id": "S783", "corridor_id": "NH248A", "highway": "trunk", "ref": "NH248A", "name": "Sohna Road", "length": 88.833443466704011, "u": 11909411852, "v": 11909411848, "metapath_priority": "Medium", "is_metapath_hard": false, "metapath_pairs": "Sohna Industrial Area <-> Farrukhnagar Logistics Hub", "damage_type": "none", "initial_open": true, "disaster_hard": false }, "geometry": { "type": "LineString", "coordinates": [ [ 77.0382229, 28.4247436 ], [ 77.0382733, 28.4245733 ], [ 77.0383471, 28.4243234 ], [ 77.0383639, 28.4242666 ], [ 77.0384257, 28.4240576 ], [ 77.0384381, 28.4240156 ], [ 77.038451, 28.4239703 ] ] } },
{ "type": "Feature", "properties": { "segment_id": "S784", "corridor_id": "segment_784", "highway": "trunk", "ref": null, "name": null, "length": 56.114442746424118, "u": 11909541800, "v": 10698543080, "metapath_priority": "None", "is_metapath_hard": false, "metapath_pairs": "", "damage_type": "none", "initial_open": true, "disaster_hard": false }, "geometry": { "type": "LineString", "coordinates": [ [ 77.0028633, 28.440584 ], [ 77.0026572, 28.4407335 ], [ 77.0026216, 28.4407575 ], [ 77.0024167, 28.4409009 ] ] } },
{ "type": "Feature", "properties": { "segment_id": "S785", "corridor_id": "segment_785", "highway": "trunk_link", "ref": null, "name": null, "length": 70.588692807539559, "u": 11909541800, "v": 10698543080, "metapath_priority": "None", "is_metapath_hard": false, "metapath_pairs": "", "damage_type": "none", "initial_open": true, "disaster_hard": false }, "geometry": { "type": "LineString", "coordinates": [ [ 77.0028633, 28.440584 ], [ 77.0027455, 28.4406147 ], [ 77.0026567, 28.4406296 ], [ 77.0026025, 28.4406344 ], [ 77.0025192, 28.440632 ], [ 77.0024781, 28.4406207 ], [ 77.0024792, 28.4406964 ], [ 77.0024744, 28.4407333 ], [ 77.0024602, 28.4407833 ], [ 77.002446, 28.4408316 ], [ 77.0024346, 28.4408618 ], [ 77.0024167, 28.4409009 ] ] } },
{ "type": "Feature", "properties": { "segment_id": "S786", "corridor_id": "segment_786", "highway": "primary_link", "ref": null, "name": null, "length": 9.5686012118135686, "u": 11909667840, "v": 11909667841, "metapath_priority": "None", "is_metapath_hard": false, "metapath_pairs": "", "damage_type": "none", "initial_open": true, "disaster_hard": false }, "geometry": { "type": "LineString", "coordinates": [ [ 77.0280775, 28.457298 ], [ 77.0279912, 28.4572574 ] ] } },
{ "type": "Feature", "properties": { "segment_id": "S787", "corridor_id": "Sohna Road", "highway": "primary", "ref": null, "name": "Sohna Road", "length": 241.66959473320622, "u": 11909667840, "v": 7425090749, "metapath_priority": "None", "is_metapath_hard": false, "metapath_pairs": "", "damage_type": "none", "initial_open": true, "disaster_hard": false }, "geometry": { "type": "LineString", "coordinates": [ [ 77.0280775, 28.457298 ], [ 77.0281278, 28.4572317 ], [ 77.0285331, 28.456683 ], [ 77.0285613, 28.4566476 ], [ 77.0285757, 28.4566171 ], [ 77.0291639, 28.4553558 ] ] } },
{ "type": "Feature", "properties": { "segment_id": "S788", "corridor_id": "Sohna Road", "highway": "primary", "ref": null, "name": "Sohna Road", "length": 17.852732615887426, "u": 11909667841, "v": 11909667843, "metapath_priority": "Medium", "is_metapath_hard": false, "metapath_pairs": "Sohna Industrial Area <-> Farrukhnagar Logistics Hub", "damage_type": "none", "initial_open": true, "disaster_hard": false }, "geometry": { "type": "LineString", "coordinates": [ [ 77.0279912, 28.4572574 ], [ 77.0278913, 28.4573918 ] ] } },
{ "type": "Feature", "properties": { "segment_id": "S789", "corridor_id": "segment_789", "highway": "primary_link", "ref": null, "name": null, "length": 9.5686012118135686, "u": 11909667841, "v": 11909667840, "metapath_priority": "None", "is_metapath_hard": false, "metapath_pairs": "", "damage_type": "none", "initial_open": true, "disaster_hard": false }, "geometry": { "type": "LineString", "coordinates": [ [ 77.0279912, 28.4572574 ], [ 77.0280775, 28.457298 ] ] } },
{ "type": "Feature", "properties": { "segment_id": "S790", "corridor_id": "Sohna Road", "highway": "primary", "ref": null, "name": "Sohna Road", "length": 18.392065798089632, "u": 11909667842, "v": 11909667840, "metapath_priority": "None", "is_metapath_hard": false, "metapath_pairs": "", "damage_type": "none", "initial_open": true, "disaster_hard": false }, "geometry": { "type": "LineString", "coordinates": [ [ 77.0279731, 28.4574356 ], [ 77.0280775, 28.457298 ] ] } },
{ "type": "Feature", "properties": { "segment_id": "S791", "corridor_id": "segment_791", "highway": "primary_link", "ref": null, "name": null, "length": 9.3631174897440577, "u": 11909667842, "v": 11909667843, "metapath_priority": "None", "is_metapath_hard": false, "metapath_pairs": "", "damage_type": "none", "initial_open": true, "disaster_hard": false }, "geometry": { "type": "LineString", "coordinates": [ [ 77.0279731, 28.4574356 ], [ 77.0278913, 28.4573918 ] ] } },
{ "type": "Feature", "properties": { "segment_id": "S792", "corridor_id": "segment_792", "highway": "primary_link", "ref": null, "name": null, "length": 9.3631174897440577, "u": 11909667843, "v": 11909667842, "metapath_priority": "None", "is_metapath_hard": false, "metapath_pairs": "", "damage_type": "none", "initial_open": true, "disaster_hard": false }, "geometry": { "type": "LineString", "coordinates": [ [ 77.0278913, 28.4573918 ], [ 77.0279731, 28.4574356 ] ] } },
{ "type": "Feature", "properties": { "segment_id": "S793", "corridor_id": "Sohna Road", "highway": "primary", "ref": null, "name": "Sohna Road", "length": 51.006555719472004, "u": 11909667843, "v": 2006383516, "metapath_priority": "Medium", "is_metapath_hard": false, "metapath_pairs": "Sohna Industrial Area <-> Farrukhnagar Logistics Hub", "damage_type": "none", "initial_open": true, "disaster_hard": false }, "geometry": { "type": "LineString", "coordinates": [ [ 77.0278913, 28.4573918 ], [ 77.0276904, 28.4576617 ], [ 77.0276052, 28.4577754 ] ] } },
{ "type": "Feature", "properties": { "segment_id": "S794", "corridor_id": "segment_794", "highway": "motorway_link", "ref": null, "name": null, "length": 30.579897588244396, "u": 11911322663, "v": 11911322664, "metapath_priority": "None", "is_metapath_hard": false, "metapath_pairs": "", "damage_type": "landslide_block", "initial_open": false, "disaster_hard": true }, "geometry": { "type": "LineString", "coordinates": [ [ 77.0954015, 28.5172692 ], [ 77.0954437, 28.5169967 ] ] } },
{ "type": "Feature", "properties": { "segment_id": "S795", "corridor_id": "NH48", "highway": "motorway", "ref": "NH48", "name": "Delhi-Gurugram Expressway", "length": 1016.7273447949615, "u": 11911322663, "v": 1359090798, "metapath_priority": "None", "is_metapath_hard": false, "metapath_pairs": "", "damage_type": "none", "initial_open": true, "disaster_hard": false }, "geometry": { "type": "LineString", "coordinates": [ [ 77.0954015, 28.5172692 ], [ 77.0952382, 28.5170002 ], [ 77.0949369, 28.5165529 ], [ 77.0945801, 28.5160338 ], [ 77.0940437, 28.5151935 ], [ 77.0933672, 28.5140133 ], [ 77.0932013, 28.5134639 ], [ 77.0931331, 28.5128083 ], [ 77.093151, 28.5125312 ], [ 77.09318, 28.5120805 ], [ 77.0933576, 28.5114929 ], [ 77.0937323, 28.5106374 ], [ 77.094039, 28.5099978 ], [ 77.0943803, 28.5093291 ], [ 77.0946281, 28.5088565 ] ] } },
{ "type": "Feature", "properties": { "segment_id": "S796", "corridor_id": "segment_796", "highway": "motorway_link", "ref": null, "name": null, "length": 30.579897588244396, "u": 11911322664, "v": 11911322663, "metapath_priority": "None", "is_metapath_hard": false, "metapath_pairs": "", "damage_type": "landslide_block", "initial_open": false, "disaster_hard": true }, "geometry": { "type": "LineString", "coordinates": [ [ 77.0954437, 28.5169967 ], [ 77.0954015, 28.5172692 ] ] } },
{ "type": "Feature", "properties": { "segment_id": "S797", "corridor_id": "segment_797", "highway": "trunk_link", "ref": null, "name": null, "length": 19.012923212162672, "u": 11920062954, "v": 11920062955, "metapath_priority": "None", "is_metapath_hard": false, "metapath_pairs": "", "damage_type": "none", "initial_open": true, "disaster_hard": false }, "geometry": { "type": "LineString", "coordinates": [ [ 77.0859391, 28.4807062 ], [ 77.0859647, 28.4805367 ] ] } },
{ "type": "Feature", "properties": { "segment_id": "S798", "corridor_id": "segment_798", "highway": "trunk_link", "ref": null, "name": null, "length": 19.012923212162672, "u": 11920062955, "v": 11920062954, "metapath_priority": "None", "is_metapath_hard": false, "metapath_pairs": "", "damage_type": "none", "initial_open": true, "disaster_hard": false }, "geometry": { "type": "LineString", "coordinates": [ [ 77.0859647, 28.4805367 ], [ 77.0859391, 28.4807062 ] ] } },
{ "type": "Feature", "properties": { "segment_id": "S799", "corridor_id": "NH148A", "highway": "trunk", "ref": "NH148A", "name": "Mehrauli Gurgaon Road", "length": 780.94312495815893, "u": 11920062955, "v": 537994230, "metapath_priority": "None", "is_metapath_hard": false, "metapath_pairs": "", "damage_type": "none", "initial_open": true, "disaster_hard": false }, "geometry": { "type": "LineString", "coordinates": [ [ 77.0859647, 28.4805367 ], [ 77.0861507, 28.4805572 ], [ 77.0862136, 28.4805595 ], [ 77.0866148, 28.4805901 ], [ 77.0871248, 28.4806732 ], [ 77.0878147, 28.4807131 ], [ 77.0889805, 28.4806379 ], [ 77.0896137, 28.4807232 ], [ 77.0909176, 28.4809252 ], [ 77.0915954, 28.4810764 ], [ 77.0917302, 28.4811089 ], [ 77.0938077, 28.4816103 ] ] } },
{ "type": "Feature", "properties": { "segment_id": "S800", "corridor_id": "segment_800", "highway": "trunk_link", "ref": null, "name": null, "length": 25.071677059896345, "u": 11927954368, "v": 11927969969, "metapath_priority": "None", "is_metapath_hard": false, "metapath_pairs": "", "damage_type": "none", "initial_open": true, "disaster_hard": false }, "geometry": { "type": "LineString", "coordinates": [ [ 77.0566724, 28.3737685 ], [ 77.0567232, 28.3739895 ] ] } },
{ "type": "Feature", "properties": { "segment_id": "S801", "corridor_id": "NH248A", "highway": "trunk", "ref": "NH248A", "name": null, "length": 7955.5133871926018, "u": 11927954368, "v": 8901678233, "metapath_priority": "None", "is_metapath_hard": false, "metapath_pairs": "", "damage_type": "none", "initial_open": true, "disaster_hard": false }, "geometry": { "type": "LineString", "coordinates": [ [ 77.0566724, 28.3737685 ], [ 77.0590623, 28.3665717 ], [ 77.05976, 28.3643721 ], [ 77.0602725, 28.3627191 ], [ 77.0604998, 28.3619091 ], [ 77.0607152, 28.3611429 ], [ 77.061361, 28.3588331 ], [ 77.0620322, 28.3566422 ], [ 77.0625241, 28.3549224 ], [ 77.0627191, 28.3543932 ], [ 77.0629871, 28.353911 ], [ 77.0632123, 28.3535963 ], [ 77.0640995, 28.3524129 ], [ 77.0646699, 28.3516288 ], [ 77.0650938, 28.351002 ], [ 77.066134, 28.3493795 ], [ 77.0667343, 28.348429 ], [ 77.0675888, 28.3469928 ], [ 77.0677947, 28.3465573 ], [ 77.0679436, 28.3460709 ], [ 77.068013, 28.3456087 ], [ 77.0680304, 28.3449747 ], [ 77.0680206, 28.3446697 ], [ 77.067937, 28.3421863 ], [ 77.0678321, 28.3383612 ], [ 77.0678162, 28.3378375 ], [ 77.0677792, 28.3366222 ], [ 77.0677716, 28.3363719 ], [ 77.06773, 28.3350046 ], [ 77.067723, 28.3347762 ], [ 77.0677112, 28.3344817 ], [ 77.0677058, 28.3343778 ], [ 77.0676736, 28.3335461 ], [ 77.0675749, 28.3310871 ], [ 77.0675686, 28.3303497 ], [ 77.0675681, 28.3302903 ], [ 77.0675616, 28.3300662 ], [ 77.0674184, 28.3261567 ], [ 77.0673815, 28.3253904 ], [ 77.0672757, 28.32244 ], [ 77.0672534, 28.3217271 ], [ 77.0672463, 28.3214543 ], [ 77.0671863, 28.3195264 ], [ 77.0670971, 28.315885 ], [ 77.066976, 28.311994 ], [ 77.0668798, 28.3095402 ], [ 77.0668257, 28.3076472 ], [ 77.0668064, 28.3069709 ], [ 77.0667831, 28.3062834 ], [ 77.0667322, 28.3041761 ] ] } },
{ "type": "Feature", "properties": { "segment_id": "S802", "corridor_id": "segment_802", "highway": "trunk_link", "ref": null, "name": null, "length": 25.071677059896345, "u": 11927969969, "v": 11927954368, "metapath_priority": "None", "is_metapath_hard": false, "metapath_pairs": "", "damage_type": "none", "initial_open": true, "disaster_hard": false }, "geometry": { "type": "LineString", "coordinates": [ [ 77.0567232, 28.3739895 ], [ 77.0566724, 28.3737685 ] ] } },
{ "type": "Feature", "properties": { "segment_id": "S803", "corridor_id": "segment_803", "highway": "trunk_link", "ref": null, "name": null, "length": 21.280575960109424, "u": 11927969970, "v": 11927969971, "metapath_priority": "None", "is_metapath_hard": false, "metapath_pairs": "", "damage_type": "none", "initial_open": true, "disaster_hard": false }, "geometry": { "type": "LineString", "coordinates": [ [ 77.0565411, 28.3737502 ], [ 77.056382, 28.3738807 ] ] } },
{ "type": "Feature", "properties": { "segment_id": "S804", "corridor_id": "NH248A", "highway": "trunk", "ref": "NH248A", "name": null, "length": 484.52572118026939, "u": 11927969970, "v": 9892914460, "metapath_priority": "None", "is_metapath_hard": false, "metapath_pairs": "", "damage_type": "none", "initial_open": true, "disaster_hard": false }, "geometry": { "type": "LineString", "coordinates": [ [ 77.0565411, 28.3737502 ], [ 77.0559486, 28.3755369 ], [ 77.0554678, 28.3770062 ], [ 77.0551613, 28.3779351 ] ] } },
{ "type": "Feature", "properties": { "segment_id": "S805", "corridor_id": "NH248A", "highway": "trunk", "ref": "NH248A", "name": null, "length": 419.30430152319411, "u": 11927984481, "v": 11927954368, "metapath_priority": "Medium", "is_metapath_hard": false, "metapath_pairs": "Sohna Industrial Area <-> Farrukhnagar Logistics Hub", "damage_type": "none", "initial_open": true, "disaster_hard": false }, "geometry": { "type": "LineString", "coordinates": [ [ 77.0554707, 28.3773881 ], [ 77.0555532, 28.3771277 ], [ 77.0560776, 28.3755595 ], [ 77.0566724, 28.3737685 ] ] } },
{ "type": "Feature", "properties": { "segment_id": "S806", "corridor_id": "segment_806", "highway": "trunk_link", "ref": null, "name": null, "length": 33.255989356036913, "u": 11927984482, "v": 11927984481, "metapath_priority": "None", "is_metapath_hard": false, "metapath_pairs": "", "damage_type": "none", "initial_open": true, "disaster_hard": false }, "geometry": { "type": "LineString", "coordinates": [ [ 77.0555107, 28.3776851 ], [ 77.0554707, 28.3773881 ] ] } },
{ "type": "Feature", "properties": { "segment_id": "S807", "corridor_id": "segment_807", "highway": "motorway_link", "ref": null, "name": null, "length": 38.78841601780303, "u": 11928233467, "v": 11928233468, "metapath_priority": "None", "is_metapath_hard": false, "metapath_pairs": "", "damage_type": "none", "initial_open": true, "disaster_hard": false }, "geometry": { "type": "LineString", "coordinates": [ [ 77.1084015, 28.2807493 ], [ 77.1087348, 28.2809378 ] ] } },
{ "type": "Feature", "properties": { "segment_id": "S808", "corridor_id": "NE-4", "highway": "motorway", "ref": "NE-4", "name": "Delhi - Vadodara Expressway", "length": 4654.014186831655, "u": 11928233467, "v": 8901678243, "metapath_priority": "None", "is_metapath_hard": false, "metapath_pairs": "", "damage_type": "none", "initial_open": true, "disaster_hard": false }, "geometry": { "type": "LineString", "coordinates": [ [ 77.1084015, 28.2807493 ], [ 77.1071314, 28.2824944 ], [ 77.1070298, 28.2826294 ], [ 77.1005479, 28.29147 ], [ 77.100487, 28.2915499 ], [ 77.0998649, 28.2923943 ], [ 77.0994145, 28.2929535 ], [ 77.0992444, 28.2931472 ], [ 77.0990658, 28.2933349 ], [ 77.098879, 28.2935164 ], [ 77.0986842, 28.2936912 ], [ 77.0984819, 28.2938592 ], [ 77.0982723, 28.2940202 ], [ 77.0980556, 28.2941737 ], [ 77.0978323, 28.2943197 ], [ 77.0976199, 28.294448 ], [ 77.0974024, 28.2945694 ], [ 77.0971799, 28.2946838 ], [ 77.096953, 28.294791 ], [ 77.0967217, 28.2948909 ], [ 77.0964865, 28.2949834 ], [ 77.0962477, 28.2950683 ], [ 77.0960055, 28.2951455 ], [ 77.0957613, 28.2952148 ], [ 77.0955145, 28.2952764 ], [ 77.0952654, 28.2953303 ], [ 77.0948933, 28.2954032 ], [ 77.0945192, 28.2954677 ], [ 77.0941433, 28.2955236 ], [ 77.093766, 28.295571 ], [ 77.0830837, 28.2969849 ], [ 77.0826748, 28.2970379 ], [ 77.0744237, 28.2981864 ], [ 77.0740188, 28.2982406 ], [ 77.0703475, 28.2987442 ], [ 77.0696153, 28.2988398 ] ] } },
{ "type": "Feature", "properties": { "segment_id": "S809", "corridor_id": "segment_809", "highway": "motorway_link", "ref": null, "name": null, "length": 38.78841601780303, "u": 11928233468, "v": 11928233467, "metapath_priority": "None", "is_metapath_hard": false, "metapath_pairs": "", "damage_type": "none", "initial_open": true, "disaster_hard": false }, "geometry": { "type": "LineString", "coordinates": [ [ 77.1087348, 28.2809378 ], [ 77.1084015, 28.2807493 ] ] } },
{ "type": "Feature", "properties": { "segment_id": "S810", "corridor_id": "segment_810", "highway": "primary_link", "ref": null, "name": null, "length": 7.8508255626519778, "u": 11928358831, "v": 11928358832, "metapath_priority": "None", "is_metapath_hard": false, "metapath_pairs": "", "damage_type": "landslide_block", "initial_open": false, "disaster_hard": true }, "geometry": { "type": "LineString", "coordinates": [ [ 76.7476543, 28.5078552 ], [ 76.7477084, 28.5079074 ] ] } },
{ "type": "Feature", "properties": { "segment_id": "S811", "corridor_id": "segment_811", "highway": "primary_link", "ref": null, "name": null, "length": 7.8508255626519778, "u": 11928358832, "v": 11928358831, "metapath_priority": "None", "is_metapath_hard": false, "metapath_pairs": "", "damage_type": "landslide_block", "initial_open": false, "disaster_hard": true }, "geometry": { "type": "LineString", "coordinates": [ [ 76.7477084, 28.5079074 ], [ 76.7476543, 28.5078552 ] ] } },
{ "type": "Feature", "properties": { "segment_id": "S812", "corridor_id": "SH15A", "highway": "primary", "ref": "SH15A", "name": null, "length": 275.42212677264268, "u": 11928358832, "v": 11928358835, "metapath_priority": "None", "is_metapath_hard": false, "metapath_pairs": "", "damage_type": "none", "initial_open": true, "disaster_hard": false }, "geometry": { "type": "LineString", "coordinates": [ [ 76.7477084, 28.5079074 ], [ 76.7483841, 28.5074476 ], [ 76.7484659, 28.50739 ], [ 76.7485692, 28.5073173 ], [ 76.7493658, 28.5067794 ], [ 76.7499382, 28.5063923 ] ] } },
{ "type": "Feature", "properties": { "segment_id": "S813", "corridor_id": "segment_813", "highway": "primary_link", "ref": null, "name": null, "length": 7.9965026232655987, "u": 11928358834, "v": 11928358835, "metapath_priority": "None", "is_metapath_hard": false, "metapath_pairs": "", "damage_type": "none", "initial_open": true, "disaster_hard": false }, "geometry": { "type": "LineString", "coordinates": [ [ 76.7498889, 28.5063349 ], [ 76.7499382, 28.5063923 ] ] } },
{ "type": "Feature", "properties": { "segment_id": "S814", "corridor_id": "SH15A", "highway": "primary", "ref": "SH15A", "name": null, "length": 276.15043036431155, "u": 11928358834, "v": 11928358831, "metapath_priority": "None", "is_metapath_hard": false, "metapath_pairs": "", "damage_type": "none", "initial_open": true, "disaster_hard": false }, "geometry": { "type": "LineString", "coordinates": [ [ 76.7498889, 28.5063349 ], [ 76.7493159, 28.5067223 ], [ 76.7485187, 28.5072608 ], [ 76.74842, 28.507331 ], [ 76.7482999, 28.5074165 ], [ 76.7476981, 28.5078254 ], [ 76.7476543, 28.5078552 ] ] } },
{ "type": "Feature", "properties": { "segment_id": "S815", "corridor_id": "segment_815", "highway": "primary_link", "ref": null, "name": null, "length": 7.9965026232655987, "u": 11928358835, "v": 11928358834, "metapath_priority": "None", "is_metapath_hard": false, "metapath_pairs": "", "damage_type": "none", "initial_open": true, "disaster_hard": false }, "geometry": { "type": "LineString", "coordinates": [ [ 76.7499382, 28.5063923 ], [ 76.7498889, 28.5063349 ] ] } },
{ "type": "Feature", "properties": { "segment_id": "S816", "corridor_id": "SH15A", "highway": "primary", "ref": "SH15A", "name": null, "length": 307.15016887649563, "u": 11928358835, "v": 11890386317, "metapath_priority": "None", "is_metapath_hard": false, "metapath_pairs": "", "damage_type": "none", "initial_open": true, "disaster_hard": false }, "geometry": { "type": "LineString", "coordinates": [ [ 76.7499382, 28.5063923 ], [ 76.7499652, 28.506374 ], [ 76.7505339, 28.5060239 ], [ 76.7509429, 28.5058153 ], [ 76.7517208, 28.5054382 ], [ 76.7526498, 28.5050015 ] ] } },
{ "type": "Feature", "properties": { "segment_id": "S817", "corridor_id": "segment_817", "highway": "primary_link", "ref": null, "name": null, "length": 8.0123998900151037, "u": 11928388320, "v": 11928388321, "metapath_priority": "Medium", "is_metapath_hard": false, "metapath_pairs": "IMT Manesar <-> Farrukhnagar Logistics Hub; Sohna Industrial Area <-> Farrukhnagar Logistics Hub", "damage_type": "none", "initial_open": true, "disaster_hard": false }, "geometry": { "type": "LineString", "coordinates": [ [ 76.8179588, 28.4693104 ], [ 76.8180065, 28.469369 ] ] } },
{ "type": "Feature", "properties": { "segment_id": "S818", "corridor_id": "SH15A", "highway": "primary", "ref": "SH15A", "name": null, "length": 4963.8074798783591, "u": 11928388320, "v": 11890420770, "metapath_priority": "None", "is_metapath_hard": false, "metapath_pairs": "", "damage_type": "none", "initial_open": true, "disaster_hard": false }, "geometry": { "type": "LineString", "coordinates": [ [ 76.8179588, 28.4693104 ], [ 76.8167927, 28.4699717 ], [ 76.8156179, 28.4706242 ], [ 76.8144591, 28.4712821 ], [ 76.8131847, 28.4719932 ], [ 76.813052, 28.4720633 ], [ 76.8104574, 28.4735097 ], [ 76.8086097, 28.4746499 ], [ 76.8077022, 28.4752332 ], [ 76.8069259, 28.4756999 ], [ 76.8067754, 28.4757794 ], [ 76.8065601, 28.4758964 ], [ 76.8058343, 28.4763052 ], [ 76.8046877, 28.476962 ], [ 76.8043383, 28.4771573 ], [ 76.8029925, 28.4778945 ], [ 76.8025951, 28.478127 ], [ 76.8006294, 28.4792349 ], [ 76.7995558, 28.4798375 ], [ 76.7983362, 28.4805067 ], [ 76.7980277, 28.480673 ], [ 76.7966478, 28.481423 ], [ 76.7953193, 28.4821803 ], [ 76.7949411, 28.4823901 ], [ 76.7936882, 28.4830858 ], [ 76.7928057, 28.4835856 ], [ 76.791275, 28.484436 ], [ 76.7882824, 28.4861104 ], [ 76.7869439, 28.486853 ], [ 76.7857646, 28.4875157 ], [ 76.7852591, 28.4878056 ], [ 76.7844887, 28.4882312 ], [ 76.7839048, 28.4885622 ], [ 76.7827317, 28.4892174 ], [ 76.7812658, 28.490026 ], [ 76.7767073, 28.4925732 ], [ 76.7754491, 28.4932711 ], [ 76.7752123, 28.4934059 ] ] } },
{ "type": "Feature", "properties": { "segment_id": "S819", "corridor_id": "segment_819", "highway": "primary_link", "ref": null, "name": null, "length": 8.0123998900151037, "u": 11928388321, "v": 11928388320, "metapath_priority": "Medium", "is_metapath_hard": false, "metapath_pairs": "IMT Manesar <-> Farrukhnagar Logistics Hub; Sohna Industrial Area <-> Farrukhnagar Logistics Hub", "damage_type": "none", "initial_open": true, "disaster_hard": false }, "geometry": { "type": "LineString", "coordinates": [ [ 76.8180065, 28.469369 ], [ 76.8179588, 28.4693104 ] ] } },
{ "type": "Feature", "properties": { "segment_id": "S820", "corridor_id": "SH15A", "highway": "primary", "ref": "SH15A", "name": null, "length": 829.64658726604625, "u": 11928388321, "v": 7877267461, "metapath_priority": "Medium", "is_metapath_hard": false, "metapath_pairs": "IMT Manesar <-> Farrukhnagar Logistics Hub; Sohna Industrial Area <-> Farrukhnagar Logistics Hub", "damage_type": "crack_pothole", "initial_open": true, "disaster_hard": false }, "geometry": { "type": "LineString", "coordinates": [ [ 76.8180065, 28.469369 ], [ 76.8187733, 28.4689342 ], [ 76.8190067, 28.4688186 ], [ 76.8191059, 28.4687561 ], [ 76.8194023, 28.4685993 ], [ 76.8196852, 28.4684708 ], [ 76.822342, 28.4673025 ], [ 76.8235919, 28.4667484 ], [ 76.8241484, 28.4664985 ], [ 76.8254984, 28.4658745 ] ] } },
{ "type": "Feature", "properties": { "segment_id": "S821", "corridor_id": "segment_821", "highway": "primary_link", "ref": null, "name": null, "length": 13.621030231784278, "u": 11928397575, "v": 11928397576, "metapath_priority": "None", "is_metapath_hard": false, "metapath_pairs": "", "damage_type": "none", "initial_open": true, "disaster_hard": false }, "geometry": { "type": "LineString", "coordinates": [ [ 76.8275292, 28.464901 ], [ 76.8276055, 28.4650035 ] ] } },
{ "type": "Feature", "properties": { "segment_id": "S822", "corridor_id": "SH15A", "highway": "primary", "ref": "SH15A", "name": null, "length": 171.57342439043575, "u": 11928397575, "v": 7230262745, "metapath_priority": "None", "is_metapath_hard": false, "metapath_pairs": "", "damage_type": "none", "initial_open": true, "disaster_hard": false }, "geometry": { "type": "LineString", "coordinates": [ [ 76.8275292, 28.464901 ], [ 76.8274623, 28.4649328 ], [ 76.8265316, 28.4653761 ], [ 76.8263425, 28.465435 ], [ 76.8262473, 28.4654315 ], [ 76.8261534, 28.4653879 ], [ 76.8260944, 28.4653254 ], [ 76.8260327, 28.4652287 ] ] } },
{ "type": "Feature", "properties": { "segment_id": "S823", "corridor_id": "segment_823", "highway": "primary_link", "ref": null, "name": null, "length": 13.621030231784278, "u": 11928397576, "v": 11928397575, "metapath_priority": "None", "is_metapath_hard": false, "metapath_pairs": "", "damage_type": "none", "initial_open": true, "disaster_hard": false }, "geometry": { "type": "LineString", "coordinates": [ [ 76.8276055, 28.4650035 ], [ 76.8275292, 28.464901 ] ] } },
{ "type": "Feature", "properties": { "segment_id": "S824", "corridor_id": "SH15A", "highway": "primary", "ref": "SH15A", "name": null, "length": 1873.8572488136019, "u": 11928397576, "v": 7230262775, "metapath_priority": "Medium", "is_metapath_hard": false, "metapath_pairs": "IMT Manesar <-> Farrukhnagar Logistics Hub; Sohna Industrial Area <-> Farrukhnagar Logistics Hub", "damage_type": "none", "initial_open": true, "disaster_hard": false }, "geometry": { "type": "LineString", "coordinates": [ [ 76.8276055, 28.4650035 ], [ 76.828836, 28.4643912 ], [ 76.8292053, 28.4641614 ], [ 76.8295653, 28.4638864 ], [ 76.830513, 28.4631476 ], [ 76.8310634, 28.4627557 ], [ 76.832147, 28.4619048 ], [ 76.832832, 28.4613026 ], [ 76.8331811, 28.4609957 ], [ 76.8332621, 28.4609245 ], [ 76.8341164, 28.4603018 ], [ 76.8350597, 28.459657 ], [ 76.8361258, 28.4588028 ], [ 76.8361786, 28.4587605 ], [ 76.8377358, 28.4575614 ], [ 76.8391223, 28.4564567 ], [ 76.8404028, 28.4551432 ], [ 76.8413456, 28.4541011 ], [ 76.8417265, 28.4537184 ] ] } },
{ "type": "Feature", "properties": { "segment_id": "S825", "corridor_id": "NH352W", "highway": "trunk", "ref": "NH352W", "name": "Gurgaon Rewari Narnaul Singhana Road", "length": 1585.209144239966, "u": 11932405229, "v": 7413982044, "metapath_priority": "None", "is_metapath_hard": false, "metapath_pairs": "", "damage_type": "landslide_block", "initial_open": false, "disaster_hard": true }, "geometry": { "type": "LineString", "coordinates": [ [ 76.9353026, 28.4244521 ], [ 76.9349558, 28.4243897 ], [ 76.9347693, 28.4243525 ], [ 76.9342333, 28.4242478 ], [ 76.9340739, 28.4242155 ], [ 76.9339422, 28.424193 ], [ 76.9317031, 28.4238662 ], [ 76.9312513, 28.4238062 ], [ 76.9308834, 28.4237657 ], [ 76.9305967, 28.4237307 ], [ 76.9302951, 28.4236939 ], [ 76.929667, 28.4236073 ], [ 76.9295643, 28.4235929 ], [ 76.9293402, 28.42356 ], [ 76.9289307, 28.4234737 ], [ 76.9284906, 28.4233632 ], [ 76.9280876, 28.4232616 ], [ 76.9259213, 28.4227103 ], [ 76.9251674, 28.4225564 ], [ 76.92492, 28.4225077 ], [ 76.9247644, 28.4224781 ], [ 76.9244386, 28.4224408 ], [ 76.9240574, 28.4224263 ], [ 76.923667, 28.422413 ], [ 76.9233792, 28.4223982 ], [ 76.9221178, 28.422343 ], [ 76.921269, 28.4222938 ], [ 76.9210565, 28.4222793 ], [ 76.9209293, 28.4222654 ], [ 76.919363, 28.4221124 ] ] } },
{ "type": "Feature", "properties": { "segment_id": "S826", "corridor_id": "segment_826", "highway": "trunk_link", "ref": null, "name": null, "length": 48.008152296256746, "u": 11932405232, "v": 11932405229, "metapath_priority": "None", "is_metapath_hard": false, "metapath_pairs": "", "damage_type": "none", "initial_open": true, "disaster_hard": false }, "geometry": { "type": "LineString", "coordinates": [ [ 76.9356666, 28.4241746 ], [ 76.9355519, 28.424298 ], [ 76.9354862, 28.4243615 ], [ 76.9354089, 28.4244125 ], [ 76.9353026, 28.4244521 ] ] } },
{ "type": "Feature", "properties": { "segment_id": "S827", "corridor_id": "segment_827", "highway": "trunk_link", "ref": null, "name": null, "length": 7.3651203853009637, "u": 11959724323, "v": 7379261272, "metapath_priority": "None", "is_metapath_hard": false, "metapath_pairs": "", "damage_type": "none", "initial_open": true, "disaster_hard": false }, "geometry": { "type": "LineString", "coordinates": [ [ 76.9628335, 28.431005 ], [ 76.9627772, 28.431049 ] ] } },
{ "type": "Feature", "properties": { "segment_id": "S828", "corridor_id": "NH352W", "highway": "trunk", "ref": "NH352W", "name": "Gurgaon Rewari Narnaul Singhana Road", "length": 872.11340610280627, "u": 11959724323, "v": 11982614676, "metapath_priority": "None", "is_metapath_hard": false, "metapath_pairs": "", "damage_type": "crack_pothole", "initial_open": true, "disaster_hard": false }, "geometry": { "type": "LineString", "coordinates": [ [ 76.9628335, 28.431005 ], [ 76.9627865, 28.4309681 ], [ 76.9624378, 28.4307063 ], [ 76.9616043, 28.4301436 ], [ 76.9609974, 28.4297826 ], [ 76.9608553, 28.4297097 ], [ 76.9607805, 28.4296753 ], [ 76.9603041, 28.4294561 ], [ 76.9598266, 28.4292474 ], [ 76.9594564, 28.429077 ], [ 76.9593143, 28.4290044 ], [ 76.9589294, 28.4287461 ], [ 76.9587323, 28.428561 ], [ 76.9585352, 28.4283723 ], [ 76.958441, 28.4282908 ], [ 76.9582629, 28.4281541 ], [ 76.9580188, 28.428022 ], [ 76.9578839, 28.4279524 ], [ 76.9577667, 28.4279194 ], [ 76.9577243, 28.4279103 ], [ 76.9574985, 28.4278616 ], [ 76.9571927, 28.4278392 ], [ 76.9569272, 28.4278357 ], [ 76.9565785, 28.4278593 ], [ 76.9562647, 28.4279052 ], [ 76.9558814, 28.4279842 ], [ 76.9557725, 28.4280067 ], [ 76.9551931, 28.4281093 ], [ 76.9550962, 28.4281316 ] ] } },
{ "type": "Feature", "properties": { "segment_id": "S829", "corridor_id": "segment_829", "highway": "trunk_link", "ref": null, "name": null, "length": 7.4744652073333215, "u": 11959752963, "v": 9897263368, "metapath_priority": "None", "is_metapath_hard": false, "metapath_pairs": "", "damage_type": "none", "initial_open": true, "disaster_hard": false }, "geometry": { "type": "LineString", "coordinates": [ [ 76.9768162, 28.4387342 ], [ 76.9768288, 28.4386679 ] ] } },
{ "type": "Feature", "properties": { "segment_id": "S830", "corridor_id": "NH352W", "highway": "trunk", "ref": "NH352W", "name": "Gurgaon Rewari Narnaul Singhana Road", "length": 58.913103686420094, "u": 11959752963, "v": 7379262585, "metapath_priority": "None", "is_metapath_hard": false, "metapath_pairs": "", "damage_type": "none", "initial_open": true, "disaster_hard": false }, "geometry": { "type": "LineString", "coordinates": [ [ 76.9768162, 28.4387342 ], [ 76.9768318, 28.4387375 ], [ 76.9769173, 28.4387557 ], [ 76.9774018, 28.4388589 ] ] } },
{ "type": "Feature", "properties": { "segment_id": "S831", "corridor_id": "NH352W", "highway": "trunk", "ref": "NH352W", "name": "Gurgaon Rewari Narnaul Singhana Road", "length": 43.441079214689147, "u": 11959861086, "v": 9891013001, "metapath_priority": "None", "is_metapath_hard": false, "metapath_pairs": "", "damage_type": "crack_pothole", "initial_open": true, "disaster_hard": false }, "geometry": { "type": "LineString", "coordinates": [ [ 76.9084983, 28.4199077 ], [ 76.9089425, 28.4199102 ] ] } },
{ "type": "Feature", "properties": { "segment_id": "S832", "corridor_id": "segment_832", "highway": "trunk_link", "ref": null, "name": null, "length": 10.363607895543291, "u": 11959861086, "v": 11959861087, "metapath_priority": "None", "is_metapath_hard": false, "metapath_pairs": "", "damage_type": "none", "initial_open": true, "disaster_hard": false }, "geometry": { "type": "LineString", "coordinates": [ [ 76.9084983, 28.4199077 ], [ 76.9084976, 28.4198145 ] ] } },
{ "type": "Feature", "properties": { "segment_id": "S833", "corridor_id": "segment_833", "highway": "trunk_link", "ref": null, "name": null, "length": 10.363607895543291, "u": 11959861087, "v": 11959861086, "metapath_priority": "None", "is_metapath_hard": false, "metapath_pairs": "", "damage_type": "none", "initial_open": true, "disaster_hard": false }, "geometry": { "type": "LineString", "coordinates": [ [ 76.9084976, 28.4198145 ], [ 76.9084983, 28.4199077 ] ] } },
{ "type": "Feature", "properties": { "segment_id": "S834", "corridor_id": "NH352W", "highway": "trunk", "ref": "NH352W", "name": "Gurgaon Rewari Narnaul Singhana Road", "length": 205.28813540069831, "u": 11959861087, "v": 1397292677, "metapath_priority": "None", "is_metapath_hard": false, "metapath_pairs": "", "damage_type": "none", "initial_open": true, "disaster_hard": false }, "geometry": { "type": "LineString", "coordinates": [ [ 76.9084976, 28.4198145 ], [ 76.9074418, 28.4197784 ], [ 76.9071128, 28.4197493 ], [ 76.9069169, 28.4196718 ], [ 76.9068928, 28.4196619 ], [ 76.9066001, 28.4195296 ], [ 76.9064654, 28.4194917 ] ] } },
{ "type": "Feature", "properties": { "segment_id": "S835", "corridor_id": "segment_835", "highway": "trunk_link", "ref": null, "name": null, "length": 9.1688012575169164, "u": 11959883306, "v": 11959883307, "metapath_priority": "None", "is_metapath_hard": false, "metapath_pairs": "", "damage_type": "none", "initial_open": true, "disaster_hard": false }, "geometry": { "type": "LineString", "coordinates": [ [ 76.9172135, 28.4217568 ], [ 76.9172532, 28.4216821 ] ] } },
{ "type": "Feature", "properties": { "segment_id": "S836", "corridor_id": "NH352W", "highway": "trunk", "ref": "NH352W", "name": "Gurgaon Rewari Narnaul Singhana Road", "length": 217.10202511923109, "u": 11959883306, "v": 4140053679, "metapath_priority": "None", "is_metapath_hard": false, "metapath_pairs": "", "damage_type": "none", "initial_open": true, "disaster_hard": false }, "geometry": { "type": "LineString", "coordinates": [ [ 76.9172135, 28.4217568 ], [ 76.9173629, 28.4218203 ], [ 76.9174656, 28.4218491 ], [ 76.9178617, 28.4219833 ], [ 76.9180792, 28.4220387 ], [ 76.9183436, 28.4220896 ], [ 76.9186334, 28.422128 ], [ 76.919115, 28.4221728 ], [ 76.919361, 28.4221957 ] ] } },
{ "type": "Feature", "properties": { "segment_id": "S837", "corridor_id": "segment_837", "highway": "trunk_link", "ref": null, "name": null, "length": 9.1688012575169164, "u": 11959883307, "v": 11959883306, "metapath_priority": "None", "is_metapath_hard": false, "metapath_pairs": "", "damage_type": "none", "initial_open": true, "disaster_hard": false }, "geometry": { "type": "LineString", "coordinates": [ [ 76.9172532, 28.4216821 ], [ 76.9172135, 28.4217568 ] ] } },
{ "type": "Feature", "properties": { "segment_id": "S838", "corridor_id": "NH352W", "highway": "trunk", "ref": "NH352W", "name": "Gurgaon Rewari Narnaul Singhana Road", "length": 854.07249897470183, "u": 11959883307, "v": 9891013000, "metapath_priority": "None", "is_metapath_hard": false, "metapath_pairs": "", "damage_type": "none", "initial_open": true, "disaster_hard": false }, "geometry": { "type": "LineString", "coordinates": [ [ 76.9172532, 28.4216821 ], [ 76.9170075, 28.4215792 ], [ 76.9167947, 28.4214889 ], [ 76.9161843, 28.4212585 ], [ 76.9160251, 28.4211776 ], [ 76.915296, 28.4208726 ], [ 76.9150259, 28.4207596 ], [ 76.9148076, 28.4206676 ], [ 76.9143536, 28.4204921 ], [ 76.913986, 28.4203524 ], [ 76.9135467, 28.4202036 ], [ 76.9133551, 28.4201535 ], [ 76.9131051, 28.4200802 ], [ 76.9128408, 28.4199962 ], [ 76.9124547, 28.4199116 ], [ 76.9121802, 28.4198746 ], [ 76.9118783, 28.419847 ], [ 76.9114446, 28.4198357 ], [ 76.9109267, 28.4198393 ], [ 76.9108051, 28.419839 ], [ 76.9102044, 28.4198288 ], [ 76.9096166, 28.4198346 ], [ 76.909561, 28.4198362 ], [ 76.9089411, 28.4198296 ] ] } },
{ "type": "Feature", "properties": { "segment_id": "S839", "corridor_id": "segment_839", "highway": "trunk_link", "ref": null, "name": null, "length": 14.746184181209038, "u": 11962368059, "v": 11962368060, "metapath_priority": "None", "is_metapath_hard": false, "metapath_pairs": "", "damage_type": "none", "initial_open": true, "disaster_hard": false }, "geometry": { "type": "LineString", "coordinates": [ [ 76.8609434, 28.2897604 ], [ 76.8610933, 28.2897476 ] ] } },
{ "type": "Feature", "properties": { "segment_id": "S840", "corridor_id": "NH48", "highway": [ "trunk_link", "trunk" ], "ref": "NH48", "name": "Amer Road", "length": 816.98974027017653, "u": 11968274406, "v": 11817839279, "metapath_priority": "High", "is_metapath_hard": true, "metapath_pairs": "IMT Manesar <-> Bilaspur Logistics Hub; Udyog Vihar <-> Bilaspur Logistics Hub", "damage_type": "landslide_block", "initial_open": false, "disaster_hard": true }, "geometry": { "type": "LineString", "coordinates": [ [ 76.8597538, 28.2879002 ], [ 76.8595888, 28.2878735 ], [ 76.8587664, 28.2869866 ], [ 76.8576372, 28.2857513 ], [ 76.8564141, 28.2843767 ], [ 76.8544431, 28.2822792 ] ] } },
{ "type": "Feature", "properties": { "segment_id": "S841", "corridor_id": "segment_841", "highway": "trunk_link", "ref": null, "name": null, "length": 9.1903839486316112, "u": 11982614676, "v": 11982614677, "metapath_priority": "None", "is_metapath_hard": false, "metapath_pairs": "", "damage_type": "none", "initial_open": true, "disaster_hard": false }, "geometry": { "type": "LineString", "coordinates": [ [ 76.9550962, 28.4281316 ], [ 76.9551215, 28.4282112 ] ] } },
{ "type": "Feature", "properties": { "segment_id": "S842", "corridor_id": "NH352W", "highway": "trunk", "ref": "NH352W", "name": "Gurgaon Rewari Narnaul Singhana Road", "length": 815.52350002843298, "u": 11982614676, "v": 9899356270, "metapath_priority": "None", "is_metapath_hard": false, "metapath_pairs": "", "damage_type": "crack_pothole", "initial_open": true, "disaster_hard": false }, "geometry": { "type": "LineString", "coordinates": [ [ 76.9550962, 28.4281316 ], [ 76.9547988, 28.4282001 ], [ 76.9544314, 28.4282732 ], [ 76.9542613, 28.4283054 ], [ 76.9539607, 28.4283286 ], [ 76.953612, 28.4283263 ], [ 76.9533049, 28.4282956 ], [ 76.9521824, 28.4281458 ], [ 76.9510286, 28.4279882 ], [ 76.9509915, 28.4279819 ], [ 76.9500347, 28.4278197 ], [ 76.9491162, 28.4277027 ], [ 76.9468678, 28.427376 ] ] } },
{ "type": "Feature", "properties": { "segment_id": "S843", "corridor_id": "segment_843", "highway": "trunk_link", "ref": null, "name": null, "length": 9.1903839486316112, "u": 11982614677, "v": 11982614676, "metapath_priority": "None", "is_metapath_hard": false, "metapath_pairs": "", "damage_type": "none", "initial_open": true, "disaster_hard": false }, "geometry": { "type": "LineString", "coordinates": [ [ 76.9551215, 28.4282112 ], [ 76.9550962, 28.4281316 ] ] } },
{ "type": "Feature", "properties": { "segment_id": "S844", "corridor_id": "NH352W", "highway": "trunk", "ref": "NH352W", "name": "Gurgaon Rewari Narnaul Singhana Road", "length": 865.67564479237092, "u": 11982614677, "v": 7379261272, "metapath_priority": "None", "is_metapath_hard": false, "metapath_pairs": "", "damage_type": "none", "initial_open": true, "disaster_hard": false }, "geometry": { "type": "LineString", "coordinates": [ [ 76.9551215, 28.4282112 ], [ 76.9552389, 28.4281879 ], [ 76.9557875, 28.4280596 ], [ 76.9558936, 28.4280363 ], [ 76.9563854, 28.427943 ], [ 76.9565671, 28.4279117 ], [ 76.9568548, 28.4278852 ], [ 76.9570841, 28.4278828 ], [ 76.9575199, 28.4279159 ], [ 76.957695, 28.4279431 ], [ 76.9577157, 28.4279488 ], [ 76.9578623, 28.427989 ], [ 76.9581476, 28.4281435 ], [ 76.9583917, 28.4283369 ], [ 76.9586881, 28.4286247 ], [ 76.9590022, 28.4289041 ], [ 76.9592191, 28.4290339 ], [ 76.9594305, 28.4291345 ], [ 76.9599876, 28.4294137 ], [ 76.9605079, 28.4296472 ], [ 76.960982, 28.429887 ], [ 76.9615897, 28.4302394 ], [ 76.9618845, 28.4304254 ], [ 76.9624554, 28.4308098 ], [ 76.9627772, 28.431049 ] ] } },
{ "type": "Feature", "properties": { "segment_id": "S845", "corridor_id": "NH48", "highway": "motorway", "ref": "NH48", "name": "Delhi-Gurugram Expressway", "length": 215.94656976962989, "u": 12088691764, "v": 7610591418, "metapath_priority": "Medium", "is_metapath_hard": false, "metapath_pairs": "Udyog Vihar <-> Bilaspur Logistics Hub", "damage_type": "none", "initial_open": true, "disaster_hard": false }, "geometry": { "type": "LineString", "coordinates": [ [ 76.9888203, 28.403343 ], [ 76.9895198, 28.404633 ], [ 76.9897712, 28.4050957 ] ] } },
{ "type": "Feature", "properties": { "segment_id": "S846", "corridor_id": "segment_846", "highway": "motorway_link", "ref": null, "name": null, "length": 501.8448020102108, "u": 12088691764, "v": 7610591434, "metapath_priority": "None", "is_metapath_hard": false, "metapath_pairs": "", "damage_type": "none", "initial_open": true, "disaster_hard": false }, "geometry": { "type": "LineString", "coordinates": [ [ 76.9888203, 28.403343 ], [ 76.9888105, 28.4035679 ], [ 76.988809, 28.4037776 ], [ 76.9888013, 28.4038944 ], [ 76.98877, 28.4040402 ], [ 76.9887123, 28.4041807 ], [ 76.9886188, 28.4043336 ], [ 76.9882167, 28.4048568 ], [ 76.9881266, 28.4050142 ], [ 76.9880621, 28.4051451 ], [ 76.9880005, 28.4053058 ], [ 76.9879541, 28.4054911 ], [ 76.9878877, 28.405878 ], [ 76.9878339, 28.4061227 ], [ 76.9877769, 28.4062944 ], [ 76.9876945, 28.4064495 ], [ 76.9876051, 28.4065725 ], [ 76.9874902, 28.406688 ], [ 76.9873338, 28.40682 ], [ 76.9870311, 28.4070121 ], [ 76.9866699, 28.4072042 ] ] } },
{ "type": "Feature", "properties": { "segment_id": "S847", "corridor_id": "NH48", "highway": "motorway", "ref": "NH48", "name": "Delhi-Gurugram Expressway", "length": 775.24759875777409, "u": 12088736372, "v": 11817953058, "metapath_priority": "Medium", "is_metapath_hard": false, "metapath_pairs": "Udyog Vihar <-> Bilaspur Logistics Hub", "damage_type": "none", "initial_open": true, "disaster_hard": false }, "geometry": { "type": "LineString", "coordinates": [ [ 76.9916667, 28.4085667 ], [ 76.9926526, 28.4103672 ], [ 76.9937878, 28.4125159 ], [ 76.9950904, 28.4148545 ] ] } },
{ "type": "Feature", "properties": { "segment_id": "S848", "corridor_id": "segment_848", "highway": "motorway_link", "ref": null, "name": null, "length": 134.83028831957151, "u": 12234337623, "v": 4130541795, "metapath_priority": "None", "is_metapath_hard": false, "metapath_pairs": "", "damage_type": "none", "initial_open": true, "disaster_hard": false }, "geometry": { "type": "LineString", "coordinates": [ [ 76.9976807, 28.4911742 ], [ 76.9975598, 28.4911169 ], [ 76.9968519, 28.4904584 ], [ 76.9966744, 28.4903573 ] ] } },
{ "type": "Feature", "properties": { "segment_id": "S849", "corridor_id": "NH248BB", "highway": "motorway", "ref": "NH248BB", "name": "Dwarka Expressway", "length": 471.63626609509396, "u": 12234369974, "v": 12234369979, "metapath_priority": "None", "is_metapath_hard": false, "metapath_pairs": "", "damage_type": "none", "initial_open": true, "disaster_hard": false }, "geometry": { "type": "LineString", "coordinates": [ [ 76.9965534, 28.4904841 ], [ 76.9980531, 28.4919567 ], [ 76.9984137, 28.4923172 ], [ 76.9989425, 28.4928368 ], [ 76.9995887, 28.4934274 ], [ 76.9998033, 28.4936188 ] ] } },
{ "type": "Feature", "properties": { "segment_id": "S850", "corridor_id": "segment_850", "highway": "motorway_link", "ref": null, "name": null, "length": 116.89393897627832, "u": 12234369974, "v": 12234369975, "metapath_priority": "None", "is_metapath_hard": false, "metapath_pairs": "", "damage_type": "none", "initial_open": true, "disaster_hard": false }, "geometry": { "type": "LineString", "coordinates": [ [ 76.9965534, 28.4904841 ], [ 76.9965597, 28.4905794 ], [ 76.9966169, 28.4906456 ], [ 76.9971673, 28.4911676 ], [ 76.9972372, 28.4913164 ] ] } },
{ "type": "Feature", "properties": { "segment_id": "S851", "corridor_id": "segment_851", "highway": "motorway_link", "ref": null, "name": null, "length": 170.6099621865115, "u": 12234369978, "v": 12234369979, "metapath_priority": "None", "is_metapath_hard": false, "metapath_pairs": "", "damage_type": "none", "initial_open": true, "disaster_hard": false }, "geometry": { "type": "LineString", "coordinates": [ [ 76.9985321, 28.4926008 ], [ 76.9986799, 28.4926482 ], [ 76.9995411, 28.4934901 ], [ 76.9998033, 28.4936188 ] ] } },
{ "type": "Feature", "properties": { "segment_id": "S852", "corridor_id": "segment_852", "highway": "trunk_link", "ref": null, "name": null, "length": 26.583489548729272, "u": 12250202278, "v": 12250202279, "metapath_priority": "None", "is_metapath_hard": false, "metapath_pairs": "", "damage_type": "none", "initial_open": true, "disaster_hard": false }, "geometry": { "type": "LineString", "coordinates": [ [ 76.9807741, 28.3943071 ], [ 76.9809689, 28.3941404 ] ] } },
{ "type": "Feature", "properties": { "segment_id": "S853", "corridor_id": "NH48", "highway": "trunk", "ref": "NH48", "name": "Vatika Flyover", "length": 1858.8975108138493, "u": 12250202278, "v": 6660142825, "metapath_priority": "None", "is_metapath_hard": false, "metapath_pairs": "", "damage_type": "none", "initial_open": true, "disaster_hard": false }, "geometry": { "type": "LineString", "coordinates": [ [ 76.9807741, 28.3943071 ], [ 76.9806747, 28.3942152 ], [ 76.9795262, 28.3929931 ], [ 76.9794354, 28.3928946 ], [ 76.9792889, 28.3927465 ], [ 76.9787341, 28.392134 ], [ 76.9761777, 28.3895462 ], [ 76.9755403, 28.388901 ], [ 76.975006, 28.3883935 ], [ 76.9731217, 28.3864278 ], [ 76.9729184, 28.3862077 ], [ 76.972703, 28.3859735 ], [ 76.9718392, 28.3850834 ], [ 76.9716055, 28.3848622 ], [ 76.9709256, 28.3841527 ], [ 76.9708317, 28.3840547 ], [ 76.970416, 28.3836819 ], [ 76.9699185, 28.383354 ], [ 76.9698845, 28.3833335 ], [ 76.9691696, 28.3829412 ], [ 76.9678064, 28.3822344 ] ] } },
{ "type": "Feature", "properties": { "segment_id": "S854", "corridor_id": "segment_854", "highway": "trunk_link", "ref": null, "name": null, "length": 26.583489548729272, "u": 12250202279, "v": 12250202278, "metapath_priority": "None", "is_metapath_hard": false, "metapath_pairs": "", "damage_type": "none", "initial_open": true, "disaster_hard": false }, "geometry": { "type": "LineString", "coordinates": [ [ 76.9809689, 28.3941404 ], [ 76.9807741, 28.3943071 ] ] } },
{ "type": "Feature", "properties": { "segment_id": "S855", "corridor_id": "NH48", "highway": "motorway", "ref": "NH48", "name": "Delhi-Gurugram Expressway", "length": 967.01479202716632, "u": 12278015322, "v": 278166436, "metapath_priority": "None", "is_metapath_hard": false, "metapath_pairs": "", "damage_type": "none", "initial_open": true, "disaster_hard": false }, "geometry": { "type": "LineString", "coordinates": [ [ 76.988975, 28.4033506 ], [ 76.9887801, 28.4029952 ], [ 76.9884861, 28.4024666 ], [ 76.9882762, 28.4021435 ], [ 76.9878082, 28.4015566 ], [ 76.986357, 28.4000436 ], [ 76.9843002, 28.3979149 ], [ 76.9835342, 28.3971001 ], [ 76.9832566, 28.3967987 ], [ 76.9830417, 28.3965607 ], [ 76.9829696, 28.3964808 ] ] } },
{ "type": "Feature", "properties": { "segment_id": "S856", "corridor_id": "NH352W", "highway": "trunk", "ref": "NH352W", "name": "Gurgaon Rewari Narnaul Singhana Road", "length": 7219.7299385835495, "u": 12520537914, "v": 12520587478, "metapath_priority": "None", "is_metapath_hard": false, "metapath_pairs": "", "damage_type": "none", "initial_open": true, "disaster_hard": false }, "geometry": { "type": "LineString", "coordinates": [ [ 76.7958433, 28.3458349 ], [ 76.7958, 28.3455042 ], [ 76.7953977, 28.3449848 ], [ 76.7948934, 28.3443333 ], [ 76.7945823, 28.3438706 ], [ 76.7943945, 28.3435307 ], [ 76.7942014, 28.343035 ], [ 76.7941701, 28.342925 ], [ 76.7940887, 28.3426384 ], [ 76.794019, 28.3421237 ], [ 76.7940297, 28.3416327 ], [ 76.79405, 28.3412835 ], [ 76.7940565, 28.34117 ], [ 76.7941907, 28.340509 ], [ 76.7944535, 28.3398102 ], [ 76.7947305, 28.3391344 ], [ 76.7948773, 28.3387762 ], [ 76.7954513, 28.3373267 ], [ 76.7956117, 28.3368985 ], [ 76.7956701, 28.3366337 ], [ 76.7958697, 28.3360424 ], [ 76.7959666, 28.3357531 ], [ 76.7962375, 28.3348251 ], [ 76.7964778, 28.333762 ], [ 76.7965702, 28.333263 ], [ 76.7966627, 28.3322108 ], [ 76.7966829, 28.3317554 ], [ 76.7966935, 28.3315165 ], [ 76.7966319, 28.3303395 ], [ 76.7965876, 28.329785 ], [ 76.7964779, 28.3285503 ], [ 76.7963994, 28.3277354 ], [ 76.7963803, 28.3275376 ], [ 76.7962299, 28.325963 ], [ 76.7960998, 28.3243418 ], [ 76.7960673, 28.3240269 ], [ 76.7959656, 28.3232002 ], [ 76.7958396, 28.3225954 ], [ 76.7956648, 28.321919 ], [ 76.7954574, 28.3212211 ], [ 76.7949696, 28.3200831 ], [ 76.7946891, 28.3195319 ], [ 76.7942907, 28.318834 ], [ 76.7937825, 28.3180932 ], [ 76.7931645, 28.3172843 ], [ 76.7922579, 28.3163216 ], [ 76.7917253, 28.3157847 ], [ 76.7910907, 28.3152668 ], [ 76.7910017, 28.3151942 ], [ 76.7908283, 28.3150643 ], [ 76.7904003, 28.3147245 ], [ 76.7894715, 28.3141489 ], [ 76.7885614, 28.3136474 ], [ 76.7877638, 28.3132707 ], [ 76.7851966, 28.3122651 ], [ 76.7839517, 28.3117644 ], [ 76.7827914, 28.3113289 ], [ 76.7821772, 28.3111366 ], [ 76.7814565, 28.3109586 ], [ 76.7809948, 28.310858 ], [ 76.780253, 28.3107315 ], [ 76.7798355, 28.310675 ], [ 76.7790386, 28.3106258 ], [ 76.7783033, 28.3106134 ], [ 76.7777601, 28.3106238 ], [ 76.7769595, 28.3106797 ], [ 76.7763732, 28.3107658 ], [ 76.775649, 28.3108942 ], [ 76.775575, 28.3109081 ], [ 76.7752709, 28.3109531 ], [ 76.7751189, 28.310991 ], [ 76.7743939, 28.3112098 ], [ 76.7738238, 28.3113513 ], [ 76.7733361, 28.311483 ], [ 76.7725928, 28.3117001 ], [ 76.7705056, 28.3122795 ], [ 76.7702742, 28.3123413 ], [ 76.7687306, 28.31276 ], [ 76.7668916, 28.3132519 ], [ 76.7665223, 28.3133218 ], [ 76.765964, 28.3134407 ], [ 76.7640125, 28.3139891 ], [ 76.7622894, 28.3144073 ], [ 76.7607906, 28.3148168 ], [ 76.7603418, 28.3149257 ], [ 76.7600145, 28.3150016 ], [ 76.7595519, 28.3150499 ], [ 76.7590448, 28.3150846 ], [ 76.7587219, 28.3150816 ], [ 76.7582854, 28.3150346 ], [ 76.7576584, 28.3149192 ], [ 76.7564279, 28.3145896 ] ] } },
{ "type": "Feature", "properties": { "segment_id": "S857", "corridor_id": "NH352W", "highway": "trunk", "ref": "NH352W", "name": "Gurgaon Rewari Narnaul Singhana Road", "length": 346.95246763345619, "u": 12520537914, "v": 13417514316, "metapath_priority": "None", "is_metapath_hard": false, "metapath_pairs": "", "damage_type": "none", "initial_open": true, "disaster_hard": false }, "geometry": { "type": "LineString", "coordinates": [ [ 76.7958433, 28.3458349 ], [ 76.7960634, 28.3461595 ], [ 76.7965977, 28.3468813 ], [ 76.7968446, 28.3472148 ], [ 76.7968589, 28.3472338 ], [ 76.7969366, 28.3473368 ], [ 76.7977, 28.348349 ], [ 76.7978082, 28.3484243 ] ] } },
{ "type": "Feature", "properties": { "segment_id": "S858", "corridor_id": "NH352W", "highway": "trunk", "ref": "NH352W", "name": "Gurgaon Rewari Narnaul Singhana Road", "length": 4816.9982996317549, "u": 12520558787, "v": 12520587461, "metapath_priority": "None", "is_metapath_hard": false, "metapath_pairs": "", "damage_type": "none", "initial_open": true, "disaster_hard": false }, "geometry": { "type": "LineString", "coordinates": [ [ 76.7126202, 28.3010122 ], [ 76.7127542, 28.3010595 ], [ 76.7144914, 28.300747 ], [ 76.7167237, 28.3003317 ], [ 76.7182087, 28.3000768 ], [ 76.7186244, 28.3000603 ], [ 76.719507, 28.2999246 ], [ 76.7215805, 28.2994764 ], [ 76.7235251, 28.2991246 ], [ 76.7241256, 28.2990159 ], [ 76.7262785, 28.2986088 ], [ 76.7266661, 28.2985595 ], [ 76.7270911, 28.2985184 ], [ 76.72746, 28.2985143 ], [ 76.7279177, 28.2985513 ], [ 76.7284314, 28.2986335 ], [ 76.7288703, 28.2987034 ], [ 76.7298791, 28.2992092 ], [ 76.7310818, 28.2999079 ], [ 76.7314575, 28.3001261 ], [ 76.7345444, 28.3018818 ], [ 76.7357243, 28.3026099 ], [ 76.7358658, 28.3027841 ], [ 76.7360994, 28.3029899 ], [ 76.7366464, 28.3031789 ], [ 76.7367626, 28.3032099 ], [ 76.7392004, 28.3046284 ], [ 76.7392419, 28.3046534 ], [ 76.7418249, 28.3062032 ], [ 76.7471394, 28.3093814 ], [ 76.7507913, 28.3115276 ], [ 76.7521634, 28.3124242 ], [ 76.7542379, 28.3137091 ], [ 76.7554641, 28.3144344 ], [ 76.7559141, 28.314699 ] ] } },
{ "type": "Feature", "properties": { "segment_id": "S859", "corridor_id": "NH352W", "highway": "trunk", "ref": "NH352W", "name": "Gurgaon Rewari Narnaul Singhana Road", "length": 44.854677170241501, "u": 12520587460, "v": 12520587480, "metapath_priority": "None", "is_metapath_hard": false, "metapath_pairs": "", "damage_type": "none", "initial_open": true, "disaster_hard": false }, "geometry": { "type": "LineString", "coordinates": [ [ 76.7568197, 28.3151403 ], [ 76.7572763, 28.3151741 ] ] } },
{ "type": "Feature", "properties": { "segment_id": "S860", "corridor_id": "NH352W", "highway": "trunk", "ref": "NH352W", "name": "Gurgaon Rewari Narnaul Singhana Road", "length": 131.78001653319552, "u": 12520587460, "v": 12520587480, "metapath_priority": "None", "is_metapath_hard": false, "metapath_pairs": "", "damage_type": "none", "initial_open": true, "disaster_hard": false }, "geometry": { "type": "LineString", "coordinates": [ [ 76.7568197, 28.3151403 ], [ 76.7571488, 28.3153116 ], [ 76.7576098, 28.3154663 ], [ 76.7572763, 28.3151741 ] ] } },
{ "type": "Feature", "properties": { "segment_id": "S861", "corridor_id": "NH352W", "highway": "trunk", "ref": "NH352W", "name": "Gurgaon Rewari Narnaul Singhana Road", "length": 101.32494868996929, "u": 12520587461, "v": 12520587460, "metapath_priority": "None", "is_metapath_hard": false, "metapath_pairs": "", "damage_type": "none", "initial_open": true, "disaster_hard": false }, "geometry": { "type": "LineString", "coordinates": [ [ 76.7559141, 28.314699 ], [ 76.7568197, 28.3151403 ] ] } },
{ "type": "Feature", "properties": { "segment_id": "S862", "corridor_id": "NH352W", "highway": "trunk", "ref": "NH352W", "name": "Gurgaon Rewari Narnaul Singhana Road", "length": 51.746716307217767, "u": 12520587478, "v": 12520587461, "metapath_priority": "None", "is_metapath_hard": false, "metapath_pairs": "", "damage_type": "none", "initial_open": true, "disaster_hard": false }, "geometry": { "type": "LineString", "coordinates": [ [ 76.7564279, 28.3145896 ], [ 76.7559141, 28.314699 ] ] } },
{ "type": "Feature", "properties": { "segment_id": "S863", "corridor_id": "NH352W", "highway": "trunk", "ref": "NH352W", "name": "Gurgaon Rewari Narnaul Singhana Road", "length": 4869.2187140339629, "u": 12520587478, "v": 12520558787, "metapath_priority": "None", "is_metapath_hard": false, "metapath_pairs": "", "damage_type": "none", "initial_open": true, "disaster_hard": false }, "geometry": { "type": "LineString", "coordinates": [ [ 76.7564279, 28.3145896 ], [ 76.7561794, 28.3144539 ], [ 76.7554322, 28.3140551 ], [ 76.7546184, 28.3135905 ], [ 76.7545403, 28.3135439 ], [ 76.7531886, 28.3127368 ], [ 76.7523392, 28.3122756 ], [ 76.7520795, 28.3121594 ], [ 76.7512431, 28.311655 ], [ 76.7486517, 28.3101535 ], [ 76.7454721, 28.3082568 ], [ 76.7427404, 28.3066203 ], [ 76.740692, 28.3053865 ], [ 76.7393388, 28.3045981 ], [ 76.7390494, 28.3044208 ], [ 76.7366464, 28.3029048 ], [ 76.7364153, 28.3026778 ], [ 76.7359322, 28.3024958 ], [ 76.7349549, 28.3020083 ], [ 76.7328489, 28.3007817 ], [ 76.7326347, 28.3006665 ], [ 76.7312997, 28.2998623 ], [ 76.7301478, 28.2991952 ], [ 76.7294073, 28.2987734 ], [ 76.728984, 28.2985692 ], [ 76.7284802, 28.2984007 ], [ 76.7281715, 28.2982904 ], [ 76.727629, 28.2982338 ], [ 76.7265505, 28.2982977 ], [ 76.7253162, 28.298495 ], [ 76.7239453, 28.2987504 ], [ 76.7233462, 28.2988437 ], [ 76.7208157, 28.2993507 ], [ 76.7198847, 28.2995299 ], [ 76.7181111, 28.299965 ], [ 76.7166402, 28.30023 ], [ 76.7150607, 28.3005357 ], [ 76.7135088, 28.3008209 ], [ 76.7127835, 28.3009409 ], [ 76.7126202, 28.3010122 ] ] } },
{ "type": "Feature", "properties": { "segment_id": "S864", "corridor_id": "NH352W", "highway": "trunk", "ref": "NH352W", "name": "Gurgaon Rewari Narnaul Singhana Road", "length": 105.45894644104122, "u": 12520587480, "v": 12520587478, "metapath_priority": "None", "is_metapath_hard": false, "metapath_pairs": "", "damage_type": "none", "initial_open": true, "disaster_hard": false }, "geometry": { "type": "LineString", "coordinates": [ [ 76.7572763, 28.3151741 ], [ 76.7564279, 28.3145896 ] ] } },
{ "type": "Feature", "properties": { "segment_id": "S865", "corridor_id": "NH352W", "highway": "trunk", "ref": "NH352W", "name": "Gurgaon Rewari Narnaul Singhana Road", "length": 7147.5332894050307, "u": 12520587480, "v": 12520537914, "metapath_priority": "None", "is_metapath_hard": false, "metapath_pairs": "", "damage_type": "crack_pothole", "initial_open": true, "disaster_hard": false }, "geometry": { "type": "LineString", "coordinates": [ [ 76.7572763, 28.3151741 ], [ 76.7583275, 28.3153727 ], [ 76.759552, 28.3153665 ], [ 76.7607624, 28.3151608 ], [ 76.7640327, 28.3142448 ], [ 76.7662765, 28.3136279 ], [ 76.7667083, 28.313497 ], [ 76.7683929, 28.3129736 ], [ 76.7703652, 28.3124381 ], [ 76.7714225, 28.312151 ], [ 76.7744521, 28.3113088 ], [ 76.7751218, 28.3111249 ], [ 76.7752254, 28.3110965 ], [ 76.7755862, 28.3110248 ], [ 76.7760449, 28.3109338 ], [ 76.7766673, 28.3108388 ], [ 76.7772743, 28.3107683 ], [ 76.778092, 28.3107125 ], [ 76.7787439, 28.310714 ], [ 76.7796251, 28.3107737 ], [ 76.7803152, 28.3108632 ], [ 76.780799, 28.3109338 ], [ 76.7812611, 28.3110341 ], [ 76.7818157, 28.3111508 ], [ 76.7823487, 28.3113162 ], [ 76.7834733, 28.3117014 ], [ 76.7851343, 28.3123714 ], [ 76.7853158, 28.3124446 ], [ 76.7871151, 28.3131444 ], [ 76.7886187, 28.3137981 ], [ 76.7894475, 28.3142674 ], [ 76.7901438, 28.3147339 ], [ 76.7905339, 28.3149819 ], [ 76.7907814, 28.3151579 ], [ 76.7910072, 28.3153368 ], [ 76.7912212, 28.3155124 ], [ 76.7915491, 28.3158138 ], [ 76.7925079, 28.3167334 ], [ 76.7934816, 28.3178556 ], [ 76.7938556, 28.3183976 ], [ 76.7940313, 28.3186516 ], [ 76.7948361, 28.3200583 ], [ 76.795303, 28.3211749 ], [ 76.795523, 28.321834 ], [ 76.7957105, 28.322561 ], [ 76.7958399, 28.3232522 ], [ 76.7958961, 28.323605 ], [ 76.7959646, 28.3242237 ], [ 76.7960678, 28.3252742 ], [ 76.7962917, 28.3277619 ], [ 76.7963892, 28.3287704 ], [ 76.7964916, 28.3299161 ], [ 76.796575, 28.3309267 ], [ 76.7965759, 28.3316408 ], [ 76.7965747, 28.3316645 ], [ 76.7965157, 28.3327902 ], [ 76.7964542, 28.3333483 ], [ 76.7963363, 28.3340185 ], [ 76.796188, 28.334612 ], [ 76.7959579, 28.3353918 ], [ 76.7958429, 28.3357705 ], [ 76.7953944, 28.3367181 ], [ 76.7952532, 28.3369238 ], [ 76.7951187, 28.3372559 ], [ 76.7947003, 28.3383277 ], [ 76.7943696, 28.3391419 ], [ 76.7942228, 28.3395033 ], [ 76.7939761, 28.3401171 ], [ 76.7938205, 28.3406034 ], [ 76.7936455, 28.34131 ], [ 76.7936381, 28.34134 ], [ 76.7936059, 28.3419065 ], [ 76.7936328, 28.3422937 ], [ 76.793724, 28.3426289 ], [ 76.7938044, 28.3429547 ], [ 76.7938723, 28.3431223 ], [ 76.793972, 28.3433684 ], [ 76.7939975, 28.3434315 ], [ 76.794196, 28.3438848 ], [ 76.7942683, 28.344 ], [ 76.7943677, 28.3441586 ], [ 76.7947056, 28.3446119 ], [ 76.7954888, 28.3456128 ], [ 76.7958433, 28.3458349 ] ] } },
{ "type": "Feature", "properties": { "segment_id": "S866", "corridor_id": "NH48", "highway": "motorway", "ref": "NH48", "name": "Delhi-Gurugram Expressway", "length": 232.28283188053149, "u": 12738628046, "v": 320917733, "metapath_priority": "None", "is_metapath_hard": false, "metapath_pairs": "", "damage_type": "none", "initial_open": true, "disaster_hard": false }, "geometry": { "type": "LineString", "coordinates": [ [ 76.9917592, 28.4084794 ], [ 76.9910524, 28.4071811 ], [ 76.9907335, 28.4065953 ] ] } },
{ "type": "Feature", "properties": { "segment_id": "S867", "corridor_id": "segment_867", "highway": "motorway_link", "ref": null, "name": null, "length": 569.35629758913467, "u": 12738628046, "v": 7610591432, "metapath_priority": "None", "is_metapath_hard": false, "metapath_pairs": "", "damage_type": "crack_pothole", "initial_open": true, "disaster_hard": false }, "geometry": { "type": "LineString", "coordinates": [ [ 76.9917592, 28.4084794 ], [ 76.9917503, 28.4079689 ], [ 76.9917537, 28.4078657 ], [ 76.9917648, 28.4078083 ], [ 76.991776, 28.4077503 ], [ 76.9918277, 28.4076154 ], [ 76.9919194, 28.4074681 ], [ 76.9921966, 28.4071053 ], [ 76.9924291, 28.4067918 ], [ 76.9924878, 28.4066759 ], [ 76.9925291, 28.4065623 ], [ 76.9925667, 28.4063916 ], [ 76.9926466, 28.4057498 ], [ 76.9926819, 28.4055818 ], [ 76.9927291, 28.4054324 ], [ 76.992782, 28.4053137 ], [ 76.992835, 28.4052049 ], [ 76.9929123, 28.4050991 ], [ 76.9930327, 28.404965 ], [ 76.9932585, 28.4048124 ], [ 76.9938911, 28.4044984 ], [ 76.9942972, 28.4042342 ] ] } },
{ "type": "Feature", "properties": { "segment_id": "S868", "corridor_id": "SH15A", "highway": "primary", "ref": "SH15A", "name": "Gurugram Road", "length": 676.45670686540689, "u": 12774281558, "v": 1549870600, "metapath_priority": "None", "is_metapath_hard": false, "metapath_pairs": "", "damage_type": "none", "initial_open": true, "disaster_hard": false }, "geometry": { "type": "LineString", "coordinates": [ [ 77.0227264, 28.4571289 ], [ 77.0226214, 28.457043 ], [ 77.0223128, 28.4569715 ], [ 77.0222724, 28.4569622 ], [ 77.0215699, 28.4568939 ], [ 77.0209265, 28.4568712 ], [ 77.0207615, 28.4568667 ], [ 77.0206723, 28.4568643 ], [ 77.0197113, 28.4568911 ], [ 77.0189227, 28.4569053 ], [ 77.0180228, 28.4568917 ], [ 77.0178182, 28.4568944 ], [ 77.0169059, 28.4569062 ], [ 77.0163141, 28.4569053 ], [ 77.015863, 28.4569083 ] ] } },
{ "type": "Feature", "properties": { "segment_id": "S869", "corridor_id": "SH15A", "highway": "primary", "ref": "SH15A", "name": "Gurugram Road", "length": 58.851706219103015, "u": 12774281558, "v": 12774281560, "metapath_priority": "Medium", "is_metapath_hard": false, "metapath_pairs": "Sohna Industrial Area <-> Farrukhnagar Logistics Hub", "damage_type": "none", "initial_open": true, "disaster_hard": false }, "geometry": { "type": "LineString", "coordinates": [ [ 77.0227264, 28.4571289 ], [ 77.0228004, 28.4571436 ], [ 77.0232974, 28.4572954 ] ] } },
{ "type": "Feature", "properties": { "segment_id": "S870", "corridor_id": "segment_870", "highway": "primary_link", "ref": null, "name": null, "length": 44.549497739043858, "u": 12774281560, "v": 9918551091, "metapath_priority": "None", "is_metapath_hard": false, "metapath_pairs": "", "damage_type": "none", "initial_open": true, "disaster_hard": false }, "geometry": { "type": "LineString", "coordinates": [ [ 77.0232974, 28.4572954 ], [ 77.0234071, 28.4572866 ], [ 77.0235047, 28.4572741 ], [ 77.0236205, 28.457242 ], [ 77.0236714, 28.4572152 ], [ 77.023718, 28.4571739 ] ] } },
{ "type": "Feature", "properties": { "segment_id": "S871", "corridor_id": "SH15A", "highway": "primary", "ref": "SH15A", "name": "Gurugram Road", "length": 33.000890765047998, "u": 12774281560, "v": 1774430915, "metapath_priority": "Medium", "is_metapath_hard": false, "metapath_pairs": "Sohna Industrial Area <-> Farrukhnagar Logistics Hub", "damage_type": "landslide_block", "initial_open": false, "disaster_hard": true }, "geometry": { "type": "LineString", "coordinates": [ [ 77.0232974, 28.4572954 ], [ 77.0235115, 28.4573607 ], [ 77.0236197, 28.4573823 ] ] } },
{ "type": "Feature", "properties": { "segment_id": "S872", "corridor_id": "segment_872", "highway": "trunk_link", "ref": null, "name": null, "length": 9.7601728843508653, "u": 12797454590, "v": 1864557585, "metapath_priority": "None", "is_metapath_hard": false, "metapath_pairs": "", "damage_type": "none", "initial_open": true, "disaster_hard": false }, "geometry": { "type": "LineString", "coordinates": [ [ 77.0017424, 28.4415122 ], [ 77.0018234, 28.4415635 ] ] } },
{ "type": "Feature", "properties": { "segment_id": "S873", "corridor_id": "segment_873", "highway": "trunk", "ref": null, "name": null, "length": 447.65897398386949, "u": 12797454590, "v": 13332872885, "metapath_priority": "None", "is_metapath_hard": false, "metapath_pairs": "", "damage_type": "none", "initial_open": true, "disaster_hard": false }, "geometry": { "type": "LineString", "coordinates": [ [ 77.0017424, 28.4415122 ], [ 77.0015423, 28.4417438 ], [ 77.0012134, 28.4421334 ], [ 77.0009347, 28.4424353 ], [ 77.00084, 28.4425379 ], [ 77.0006444, 28.4427704 ], [ 77.0004472, 28.4430047 ], [ 77.0002541, 28.4432295 ], [ 77.0001677, 28.4433192 ], [ 76.9999745, 28.4435046 ], [ 76.9996807, 28.4438302 ], [ 76.9995401, 28.4440067 ], [ 76.9994563, 28.4441208 ], [ 76.9993808, 28.4442308 ], [ 76.9992729, 28.4444424 ], [ 76.9991316, 28.4447196 ], [ 76.9990994, 28.4447796 ] ] } },
{ "type": "Feature", "properties": { "segment_id": "S874", "corridor_id": "segment_874", "highway": "primary_link", "ref": null, "name": null, "length": 55.881096413166361, "u": 13020900349, "v": 11841192743, "metapath_priority": "None", "is_metapath_hard": false, "metapath_pairs": "", "damage_type": "none", "initial_open": true, "disaster_hard": false }, "geometry": { "type": "LineString", "coordinates": [ [ 76.9902357, 28.4571222 ], [ 76.9901409, 28.4572116 ], [ 76.9900924, 28.4572498 ], [ 76.9900222, 28.4573001 ], [ 76.9899611, 28.4573409 ], [ 76.9899086, 28.4573747 ], [ 76.9897991, 28.4574443 ] ] } },
{ "type": "Feature", "properties": { "segment_id": "S875", "corridor_id": "segment_875", "highway": "motorway_link", "ref": null, "name": null, "length": 124.29016919905882, "u": 13148751028, "v": 11287226461, "metapath_priority": "None", "is_metapath_hard": false, "metapath_pairs": "", "damage_type": "none", "initial_open": true, "disaster_hard": false }, "geometry": { "type": "LineString", "coordinates": [ [ 76.9665323, 28.4605995 ], [ 76.9664732, 28.4603606 ], [ 76.9661559, 28.4597656 ], [ 76.9661248, 28.4595512 ] ] } },
{ "type": "Feature", "properties": { "segment_id": "S876", "corridor_id": "NH248BB", "highway": "motorway", "ref": "NH248BB", "name": "Dwarka Expressway", "length": 177.00708021235363, "u": 13148751028, "v": 11287226453, "metapath_priority": "None", "is_metapath_hard": false, "metapath_pairs": "", "damage_type": "none", "initial_open": true, "disaster_hard": false }, "geometry": { "type": "LineString", "coordinates": [ [ 76.9665323, 28.4605995 ], [ 76.9664793, 28.460515 ], [ 76.9661988, 28.4600745 ], [ 76.9656486, 28.4592101 ] ] } },
{ "type": "Feature", "properties": { "segment_id": "S877", "corridor_id": "NH248BB", "highway": "motorway", "ref": "NH248BB", "name": "Dwarka Expressway", "length": 4464.0627238165116, "u": 13148751031, "v": 12234369974, "metapath_priority": "None", "is_metapath_hard": false, "metapath_pairs": "", "damage_type": "none", "initial_open": true, "disaster_hard": false }, "geometry": { "type": "LineString", "coordinates": [ [ 76.9663069, 28.460566 ], [ 76.967013, 28.4616844 ], [ 76.9678733, 28.4629875 ], [ 76.9687793, 28.4642879 ], [ 76.9699488, 28.4656644 ], [ 76.9710192, 28.4668475 ], [ 76.972147, 28.4679703 ], [ 76.97362, 28.4693409 ], [ 76.9764435, 28.4719673 ], [ 76.9781902, 28.4734783 ], [ 76.9787256, 28.4739574 ], [ 76.9797422, 28.4748186 ], [ 76.9807998, 28.475741 ], [ 76.9822327, 28.4769569 ], [ 76.9840734, 28.4786025 ], [ 76.9875771, 28.481793 ], [ 76.9896589, 28.4837515 ], [ 76.9919242, 28.4860178 ], [ 76.9934011, 28.4873834 ], [ 76.9944251, 28.4883785 ], [ 76.9952518, 28.4891897 ], [ 76.9956723, 28.4896091 ], [ 76.9963004, 28.4902356 ], [ 76.9965534, 28.4904841 ] ] } },
{ "type": "Feature", "properties": { "segment_id": "S878", "corridor_id": "segment_878", "highway": "motorway_link", "ref": null, "name": null, "length": 27.81981719635499, "u": 13236388684, "v": 13236388685, "metapath_priority": "None", "is_metapath_hard": false, "metapath_pairs": "", "damage_type": "none", "initial_open": true, "disaster_hard": false }, "geometry": { "type": "LineString", "coordinates": [ [ 77.0940167, 28.5091554 ], [ 77.0937327, 28.5091731 ] ] } },
{ "type": "Feature", "properties": { "segment_id": "S879", "corridor_id": "segment_879", "highway": "trunk_link", "ref": null, "name": null, "length": 7.2096578611910074, "u": 13332872885, "v": 13332872886, "metapath_priority": "None", "is_metapath_hard": false, "metapath_pairs": "", "damage_type": "none", "initial_open": true, "disaster_hard": false }, "geometry": { "type": "LineString", "coordinates": [ [ 76.9990994, 28.4447796 ], [ 76.9991671, 28.4448053 ] ] } },
{ "type": "Feature", "properties": { "segment_id": "S880", "corridor_id": "segment_880", "highway": "trunk", "ref": null, "name": null, "length": 431.70972834905785, "u": 13332872885, "v": 7543673665, "metapath_priority": "None", "is_metapath_hard": false, "metapath_pairs": "", "damage_type": "none", "initial_open": true, "disaster_hard": false }, "geometry": { "type": "LineString", "coordinates": [ [ 76.9990994, 28.4447796 ], [ 76.9988182, 28.4453039 ], [ 76.9986843, 28.4455706 ], [ 76.9981977, 28.4464399 ], [ 76.9978102, 28.447171 ], [ 76.9977096, 28.447361 ], [ 76.9976748, 28.447432 ], [ 76.9972701, 28.4481608 ], [ 76.9972028, 28.4482853 ] ] } },
{ "type": "Feature", "properties": { "segment_id": "S881", "corridor_id": "segment_881", "highway": "trunk_link", "ref": null, "name": null, "length": 7.2096578611910074, "u": 13332872886, "v": 13332872885, "metapath_priority": "None", "is_metapath_hard": false, "metapath_pairs": "", "damage_type": "none", "initial_open": true, "disaster_hard": false }, "geometry": { "type": "LineString", "coordinates": [ [ 76.9991671, 28.4448053 ], [ 76.9990994, 28.4447796 ] ] } },
{ "type": "Feature", "properties": { "segment_id": "S882", "corridor_id": "segment_882", "highway": "trunk", "ref": null, "name": null, "length": 446.25051679858097, "u": 13332872886, "v": 1864557585, "metapath_priority": "None", "is_metapath_hard": false, "metapath_pairs": "", "damage_type": "none", "initial_open": true, "disaster_hard": false }, "geometry": { "type": "LineString", "coordinates": [ [ 76.9991671, 28.4448053 ], [ 76.9994495, 28.4442495 ], [ 76.9995929, 28.444042 ], [ 76.9996388, 28.4439757 ], [ 77.0000386, 28.443562 ], [ 77.000337, 28.4432159 ], [ 77.000676, 28.4428475 ], [ 77.0010119, 28.4424701 ], [ 77.0016141, 28.4417998 ], [ 77.0018234, 28.4415635 ] ] } },
{ "type": "Feature", "properties": { "segment_id": "S883", "corridor_id": "NH352W", "highway": "trunk", "ref": "NH352W", "name": "Gurgaon Rewari Narnaul Singhana Road", "length": 770.28319746924308, "u": 13417514316, "v": 13417514352, "metapath_priority": "None", "is_metapath_hard": false, "metapath_pairs": "", "damage_type": "none", "initial_open": true, "disaster_hard": false }, "geometry": { "type": "LineString", "coordinates": [ [ 76.7978082, 28.3484243 ], [ 76.7980855, 28.348886 ], [ 76.7985258, 28.349444 ], [ 76.7990223, 28.3501023 ], [ 76.7997093, 28.3509936 ], [ 76.8003209, 28.3517959 ], [ 76.8006317, 28.3522013 ], [ 76.8009308, 28.3525835 ], [ 76.8017206, 28.35362 ], [ 76.8018684, 28.3538359 ], [ 76.8021, 28.3541756 ], [ 76.8021266, 28.3542119 ] ] } },
{ "type": "Feature", "properties": { "segment_id": "S884", "corridor_id": "NH352W", "highway": "trunk", "ref": "NH352W", "name": "Gurgaon Rewari Narnaul Singhana Road", "length": 346.95246763345619, "u": 13417514316, "v": 12520537914, "metapath_priority": "None", "is_metapath_hard": false, "metapath_pairs": "", "damage_type": "none", "initial_open": true, "disaster_hard": false }, "geometry": { "type": "LineString", "coordinates": [ [ 76.7978082, 28.3484243 ], [ 76.7977, 28.348349 ], [ 76.7969366, 28.3473368 ], [ 76.7968589, 28.3472338 ], [ 76.7968446, 28.3472148 ], [ 76.7965977, 28.3468813 ], [ 76.7960634, 28.3461595 ], [ 76.7958433, 28.3458349 ] ] } },
{ "type": "Feature", "properties": { "segment_id": "S885", "corridor_id": "segment_885", "highway": "trunk_link", "ref": null, "name": null, "length": 8.7854006154255622, "u": 13417514321, "v": 13417514352, "metapath_priority": "None", "is_metapath_hard": false, "metapath_pairs": "", "damage_type": "none", "initial_open": true, "disaster_hard": false }, "geometry": { "type": "LineString", "coordinates": [ [ 76.8022055, 28.3541742 ], [ 76.8021266, 28.3542119 ] ] } },
{ "type": "Feature", "properties": { "segment_id": "S886", "corridor_id": "segment_886", "highway": "trunk", "ref": null, "name": null, "length": 771.35017401405901, "u": 13417514321, "v": 13417514316, "metapath_priority": "None", "is_metapath_hard": false, "metapath_pairs": "", "damage_type": "none", "initial_open": true, "disaster_hard": false }, "geometry": { "type": "LineString", "coordinates": [ [ 76.8022055, 28.3541742 ], [ 76.8010699, 28.3526552 ], [ 76.8004324, 28.3518013 ], [ 76.8002671, 28.3515798 ], [ 76.7998796, 28.3510084 ], [ 76.7986733, 28.349403 ], [ 76.7981728, 28.3487827 ], [ 76.7978082, 28.3484243 ] ] } },
{ "type": "Feature", "properties": { "segment_id": "S887", "corridor_id": "segment_887", "highway": "trunk_link", "ref": null, "name": null, "length": 8.7854006154255622, "u": 13417514352, "v": 13417514321, "metapath_priority": "None", "is_metapath_hard": false, "metapath_pairs": "", "damage_type": "none", "initial_open": true, "disaster_hard": false }, "geometry": { "type": "LineString", "coordinates": [ [ 76.8021266, 28.3542119 ], [ 76.8022055, 28.3541742 ] ] } },
{ "type": "Feature", "properties": { "segment_id": "S888", "corridor_id": "NH352W", "highway": "trunk", "ref": "NH352W", "name": "Gurgaon Rewari Narnaul Singhana Road", "length": 7647.8889637388147, "u": 13417514352, "v": 13418051040, "metapath_priority": "None", "is_metapath_hard": false, "metapath_pairs": "", "damage_type": "none", "initial_open": true, "disaster_hard": false }, "geometry": { "type": "LineString", "coordinates": [ [ 76.8021266, 28.3542119 ], [ 76.8022488, 28.3544331 ], [ 76.8022962, 28.3545109 ], [ 76.8025543, 28.3549657 ], [ 76.8027515, 28.3552732 ], [ 76.802971, 28.3556497 ], [ 76.8032327, 28.356097 ], [ 76.8039151, 28.357211 ], [ 76.8040917, 28.3574986 ], [ 76.8044536, 28.3580712 ], [ 76.8048451, 28.3586186 ], [ 76.8049955, 28.3588209 ], [ 76.8051779, 28.3590201 ], [ 76.8054226, 28.3592573 ], [ 76.8058997, 28.3596963 ], [ 76.8063019, 28.3600302 ], [ 76.8067049, 28.3603674 ], [ 76.8071133, 28.3606781 ], [ 76.8072261, 28.3607665 ], [ 76.8075942, 28.3610337 ], [ 76.8079104, 28.3613097 ], [ 76.8079234, 28.3613211 ], [ 76.8079459, 28.3613406 ], [ 76.8086567, 28.3619611 ], [ 76.8086829, 28.3619839 ], [ 76.8090698, 28.3623209 ], [ 76.809365, 28.3625757 ], [ 76.8095769, 28.3627683 ], [ 76.8100426, 28.3631887 ], [ 76.8106377, 28.3637259 ], [ 76.8108027, 28.3638625 ], [ 76.8111278, 28.3641738 ], [ 76.8112938, 28.3643054 ], [ 76.811684, 28.364652 ], [ 76.8124311, 28.3652082 ], [ 76.812824, 28.3655029 ], [ 76.8133618, 28.3658529 ], [ 76.816279, 28.3674167 ], [ 76.8169626, 28.3677721 ], [ 76.8173458, 28.3679793 ], [ 76.8175563, 28.3680806 ], [ 76.8184395, 28.368476 ], [ 76.819336, 28.3688677 ], [ 76.8206851, 28.3694621 ], [ 76.8221009, 28.3700914 ], [ 76.8224641, 28.3702573 ], [ 76.8234248, 28.3707619 ], [ 76.8240113, 28.3711005 ], [ 76.8245825, 28.3714517 ], [ 76.8258555, 28.3723605 ], [ 76.8259938, 28.3724757 ], [ 76.8261749, 28.3726266 ], [ 76.8271128, 28.3734078 ], [ 76.827411, 28.3736561 ], [ 76.8275054, 28.3737355 ], [ 76.8284175, 28.3745048 ], [ 76.8289104, 28.3749356 ], [ 76.8290693, 28.3750798 ], [ 76.829822, 28.3757113 ], [ 76.8301495, 28.3759493 ], [ 76.8302689, 28.3760212 ], [ 76.8314662, 28.3767652 ], [ 76.8333243, 28.3779732 ], [ 76.8338418, 28.378302 ], [ 76.8343525, 28.378575 ], [ 76.8347124, 28.3787459 ], [ 76.8348644, 28.3788205 ], [ 76.8359012, 28.3793001 ], [ 76.8369468, 28.3797785 ], [ 76.837561, 28.3800484 ], [ 76.8383493, 28.3803596 ], [ 76.8395509, 28.3808169 ], [ 76.8401782, 28.3810558 ], [ 76.8415585, 28.3816495 ], [ 76.8424185, 28.381991 ], [ 76.843064, 28.3822992 ], [ 76.8442115, 28.3828503 ], [ 76.8454331, 28.3834426 ], [ 76.845707, 28.38358 ], [ 76.8458154, 28.3836307 ], [ 76.8462879, 28.3838929 ], [ 76.8465811, 28.3840842 ], [ 76.8468782, 28.3842668 ], [ 76.8471946, 28.3844754 ], [ 76.8474772, 28.3846802 ], [ 76.8480141, 28.3850578 ], [ 76.8481943, 28.3852003 ], [ 76.8483073, 28.3852797 ], [ 76.8485027, 28.385426 ], [ 76.8487491, 28.3856245 ], [ 76.8492266, 28.385991 ], [ 76.8494947, 28.3861843 ], [ 76.8507191, 28.387113 ], [ 76.8508039, 28.387175 ], [ 76.8511384, 28.3874156 ], [ 76.8514348, 28.3875887 ], [ 76.8519209, 28.3878074 ], [ 76.8528185, 28.3881609 ], [ 76.8531505, 28.388295 ], [ 76.8532671, 28.3883421 ], [ 76.8539523, 28.388619 ], [ 76.8543062, 28.388776 ], [ 76.8546331, 28.3889211 ], [ 76.8548079, 28.3889986 ], [ 76.8548787, 28.3890261 ], [ 76.8559626, 28.3895476 ], [ 76.8566953, 28.3898694 ], [ 76.8568776, 28.3899623 ], [ 76.8574224, 28.3902111 ], [ 76.8599042, 28.3916023 ], [ 76.8608323, 28.39198 ], [ 76.8615965, 28.392277 ], [ 76.8620732, 28.3924648 ], [ 76.8646105, 28.3937427 ] ] } },
{ "type": "Feature", "properties": { "segment_id": "S889", "corridor_id": "segment_889", "highway": "trunk_link", "ref": null, "name": null, "length": 18.170559395747382, "u": 13418051039, "v": 13418051040, "metapath_priority": "None", "is_metapath_hard": false, "metapath_pairs": "", "damage_type": "crack_pothole", "initial_open": true, "disaster_hard": false }, "geometry": { "type": "LineString", "coordinates": [ [ 76.8646955, 28.3935974 ], [ 76.8646105, 28.3937427 ] ] } },
{ "type": "Feature", "properties": { "segment_id": "S890", "corridor_id": "NH352W", "highway": "trunk", "ref": "NH352W", "name": "Gurgaon Rewari Narnaul Singhana Road", "length": 7647.6506786429563, "u": 13418051039, "v": 13417514321, "metapath_priority": "None", "is_metapath_hard": false, "metapath_pairs": "", "damage_type": "none", "initial_open": true, "disaster_hard": false }, "geometry": { "type": "LineString", "coordinates": [ [ 76.8646955, 28.3935974 ], [ 76.8633132, 28.3928827 ], [ 76.8624305, 28.39245 ], [ 76.8623743, 28.3924225 ], [ 76.8621511, 28.3923131 ], [ 76.8615705, 28.3920679 ], [ 76.8612053, 28.3919136 ], [ 76.8599819, 28.3913546 ], [ 76.8582811, 28.3903285 ], [ 76.8569639, 28.3896456 ], [ 76.8568223, 28.3895874 ], [ 76.8558254, 28.3891775 ], [ 76.8550119, 28.3889573 ], [ 76.8547285, 28.3888546 ], [ 76.8543519, 28.3887182 ], [ 76.8542448, 28.3886795 ], [ 76.8529681, 28.3881482 ], [ 76.8528404, 28.3880954 ], [ 76.8520494, 28.3877682 ], [ 76.8513305, 28.3874227 ], [ 76.8511931, 28.3873369 ], [ 76.8510914, 28.3872735 ], [ 76.8508913, 28.3871184 ], [ 76.8507605, 28.3870171 ], [ 76.8494284, 28.3860331 ], [ 76.8492311, 28.3858854 ], [ 76.8486449, 28.3854466 ], [ 76.8485666, 28.3853871 ], [ 76.8476905, 28.3846136 ], [ 76.8474707, 28.3844572 ], [ 76.8467707, 28.3839613 ], [ 76.8459465, 28.3836227 ], [ 76.8457135, 28.3835061 ], [ 76.8449655, 28.3831318 ], [ 76.8440056, 28.3826604 ], [ 76.8426661, 28.3820225 ], [ 76.8424611, 28.3819333 ], [ 76.8408326, 28.3812247 ], [ 76.8401753, 28.3809746 ], [ 76.8384189, 28.3803063 ], [ 76.837659, 28.3800037 ], [ 76.8360901, 28.3793083 ], [ 76.8349363, 28.3787774 ], [ 76.8347528, 28.378693 ], [ 76.8343813, 28.378522 ], [ 76.8338627, 28.3782425 ], [ 76.8336836, 28.3781191 ], [ 76.8330542, 28.3777027 ], [ 76.8321872, 28.3771491 ], [ 76.8316601, 28.3768079 ], [ 76.8308956, 28.3763415 ], [ 76.8302812, 28.3759574 ], [ 76.8301645, 28.375886 ], [ 76.8299, 28.375676 ], [ 76.8291229, 28.3750284 ], [ 76.8289579, 28.374888 ], [ 76.8284627, 28.3744661 ], [ 76.8281855, 28.3742301 ], [ 76.8275618, 28.3737064 ], [ 76.8272772, 28.3734674 ], [ 76.8271512, 28.373362 ], [ 76.8264532, 28.3727783 ], [ 76.8260521, 28.3724487 ], [ 76.8254978, 28.3720246 ], [ 76.824538, 28.3713364 ], [ 76.8236226, 28.3708002 ], [ 76.8226103, 28.3702621 ], [ 76.8221183, 28.3700336 ], [ 76.8212924, 28.3696502 ], [ 76.8193633, 28.3688157 ], [ 76.8184962, 28.3684277 ], [ 76.8176359, 28.3680381 ], [ 76.817393, 28.3679213 ], [ 76.8163304, 28.3673714 ], [ 76.8144743, 28.3663873 ], [ 76.8133477, 28.3657737 ], [ 76.8128982, 28.365477 ], [ 76.8125409, 28.3652068 ], [ 76.8124248, 28.3651155 ], [ 76.8117608, 28.3646223 ], [ 76.8113663, 28.3642807 ], [ 76.8111964, 28.3641418 ], [ 76.8107523, 28.3637497 ], [ 76.8107045, 28.3637075 ], [ 76.810137, 28.3632067 ], [ 76.8100869, 28.3631614 ], [ 76.8094058, 28.3625454 ], [ 76.809334, 28.3624805 ], [ 76.8087071, 28.361928 ], [ 76.8084095, 28.3616656 ], [ 76.807924, 28.3612554 ], [ 76.8075741, 28.3609597 ], [ 76.8072956, 28.3607544 ], [ 76.8067526, 28.360327 ], [ 76.8063874, 28.360018 ], [ 76.8059578, 28.3596629 ], [ 76.8054758, 28.3592232 ], [ 76.805059, 28.3587869 ], [ 76.8048976, 28.3585951 ], [ 76.8045269, 28.3580555 ], [ 76.80415, 28.3574791 ], [ 76.8039738, 28.3571838 ], [ 76.803278, 28.3560409 ], [ 76.8028319, 28.3552353 ], [ 76.8027122, 28.3550343 ], [ 76.8024431, 28.3545825 ], [ 76.8023874, 28.3544868 ], [ 76.8022055, 28.3541742 ] ] } },
{ "type": "Feature", "properties": { "segment_id": "S891", "corridor_id": "segment_891", "highway": "trunk_link", "ref": null, "name": null, "length": 18.170559395747382, "u": 13418051040, "v": 13418051039, "metapath_priority": "None", "is_metapath_hard": false, "metapath_pairs": "", "damage_type": "none", "initial_open": true, "disaster_hard": false }, "geometry": { "type": "LineString", "coordinates": [ [ 76.8646105, 28.3937427 ], [ 76.8646955, 28.3935974 ] ] } },
{ "type": "Feature", "properties": { "segment_id": "S892", "corridor_id": "NH352W", "highway": "trunk", "ref": "NH352W", "name": "Gurgaon Rewari Narnaul Singhana Road", "length": 309.25971016835103, "u": 13418051040, "v": 13571936006, "metapath_priority": "None", "is_metapath_hard": false, "metapath_pairs": "", "damage_type": "none", "initial_open": true, "disaster_hard": false }, "geometry": { "type": "LineString", "coordinates": [ [ 76.8646105, 28.3937427 ], [ 76.8659141, 28.3945377 ], [ 76.866364, 28.3947834 ], [ 76.8667692, 28.3950047 ], [ 76.86725, 28.3952722 ] ] } },
{ "type": "Feature", "properties": { "segment_id": "S893", "corridor_id": "segment_893", "highway": "motorway_link", "ref": null, "name": null, "length": 18.466057861143167, "u": 13571936006, "v": 1397292609, "metapath_priority": "None", "is_metapath_hard": false, "metapath_pairs": "", "damage_type": "none", "initial_open": true, "disaster_hard": false }, "geometry": { "type": "LineString", "coordinates": [ [ 76.86725, 28.3952722 ], [ 76.8672811, 28.3951084 ] ] } },
{ "type": "Feature", "properties": { "segment_id": "S894", "corridor_id": "NH352W", "highway": "trunk", "ref": "NH352W", "name": "Gurgaon Rewari Narnaul Singhana Road", "length": 1235.8407281204975, "u": 13571936006, "v": 4134884217, "metapath_priority": "None", "is_metapath_hard": false, "metapath_pairs": "", "damage_type": "none", "initial_open": true, "disaster_hard": false }, "geometry": { "type": "LineString", "coordinates": [ [ 76.86725, 28.3952722 ], [ 76.8675092, 28.3954164 ], [ 76.867612, 28.3954713 ], [ 76.8682762, 28.395826 ], [ 76.8689951, 28.3962445 ], [ 76.86951, 28.3966291 ], [ 76.8702879, 28.3972142 ], [ 76.8705455, 28.3974215 ], [ 76.8706465, 28.3975028 ], [ 76.8712964, 28.3980259 ], [ 76.8722352, 28.3988399 ], [ 76.8725319, 28.3990877 ], [ 76.8730291, 28.3995029 ], [ 76.873265, 28.3996628 ], [ 76.873579, 28.3998757 ], [ 76.8742307, 28.4003877 ], [ 76.8745909, 28.4006536 ], [ 76.8746813, 28.4007203 ], [ 76.8750273, 28.4009799 ], [ 76.8760788, 28.4016145 ], [ 76.8767118, 28.4019826 ], [ 76.8769184, 28.4020642 ], [ 76.8771356, 28.4020836 ] ] } },
{ "type": "Feature", "properties": { "segment_id": "S895", "corridor_id": "NH48", "highway": [ "trunk_link", "trunk" ], "ref": "NH48", "name": "Amer Road", "length": 429.43046596027835, "u": 13792853600, "v": 9885041714, "metapath_priority": "High", "is_metapath_hard": true, "metapath_pairs": "IMT Manesar <-> Bilaspur Logistics Hub; Udyog Vihar <-> Bilaspur Logistics Hub", "damage_type": "none", "initial_open": true, "disaster_hard": false }, "geometry": { "type": "LineString", "coordinates": [ [ 76.8630968, 28.2920774 ], [ 76.8632932, 28.2920906 ], [ 76.8656543, 28.2945941 ], [ 76.8659735, 28.2949252 ] ] } },
{ "type": "Feature", "properties": { "segment_id": "S896", "corridor_id": "segment_896", "highway": "trunk_link", "ref": null, "name": null, "length": 24.249908848643617, "u": 13876230436, "v": 13876230437, "metapath_priority": "None", "is_metapath_hard": false, "metapath_pairs": "", "damage_type": "none", "initial_open": true, "disaster_hard": false }, "geometry": { "type": "LineString", "coordinates": [ [ 77.0756271, 28.4787391 ], [ 77.0755231, 28.4785411 ] ] } },
{ "type": "Feature", "properties": { "segment_id": "S897", "corridor_id": "NH148A", "highway": "trunk", "ref": "NH148A", "name": "Mehrauli Gurgaon Road", "length": 89.912874673392551, "u": 13876230436, "v": 13876230439, "metapath_priority": "None", "is_metapath_hard": false, "metapath_pairs": "", "damage_type": "none", "initial_open": true, "disaster_hard": false }, "geometry": { "type": "LineString", "coordinates": [ [ 77.0756271, 28.4787391 ], [ 77.0753527, 28.4786944 ], [ 77.074992, 28.4786356 ], [ 77.0747235, 28.4785876 ] ] } },
{ "type": "Feature", "properties": { "segment_id": "S898", "corridor_id": "segment_898", "highway": "trunk_link", "ref": null, "name": null, "length": 25.913014293226201, "u": 13876230439, "v": 13876230438, "metapath_priority": "None", "is_metapath_hard": false, "metapath_pairs": "", "damage_type": "none", "initial_open": true, "disaster_hard": false }, "geometry": { "type": "LineString", "coordinates": [ [ 77.0747235, 28.4785876 ], [ 77.0746196, 28.4783732 ] ] } },
{ "type": "Feature", "properties": { "segment_id": "S899", "corridor_id": "NH148A", "highway": "trunk", "ref": "NH148A", "name": "Mehrauli Gurgaon Road", "length": 553.9802342148987, "u": 13876230439, "v": 6458403504, "metapath_priority": "None", "is_metapath_hard": false, "metapath_pairs": "", "damage_type": "none", "initial_open": true, "disaster_hard": false }, "geometry": { "type": "LineString", "coordinates": [ [ 77.0747235, 28.4785876 ], [ 77.0744253, 28.4785343 ], [ 77.0741658, 28.4784799 ], [ 77.0733916, 28.4783346 ], [ 77.0728533, 28.4782336 ], [ 77.0725908, 28.4781843 ], [ 77.070929, 28.4778776 ], [ 77.0707688, 28.477853 ], [ 77.0705423, 28.4778083 ], [ 77.0696958, 28.477637 ], [ 77.069267, 28.4774735 ], [ 77.0692136, 28.4774549 ] ] } }
]
}
