{
"type": "FeatureCollection",
"name": "industrial_polygons",
"crs": { "type": "name", "properties": { "name": "urn:ogc:def:crs:OGC:1.3:CRS84" } },
"features": [
{ "type": "Feature", "properties": { "element": "node", "id": 5317450066, "name": "Franz Hof", "landuse": "industrial" }, "geometry": { "type": "Point", "coordinates": [ 9.1813045, 48.7725188 ] } },
{ "type": "Feature", "properties": { "element": "relation", "id": 31264, "name": null, "landuse": "industrial" }, "geometry": { "type": "Polygon", "coordinates": [ [ [ 9.1650435, 48.8150139 ], [ 9.1651127, 48.8150004 ], [ 9.165218, 48.8150832 ], [ 9.1651692, 48.8151118 ], [ 9.1653122, 48.8152206 ], [ 9.1653626, 48.815192 ], [ 9.1655084, 48.8153023 ], [ 9.1655187, 48.8152964 ], [ 9.1655444, 48.8153152 ], [ 9.1654852, 48.8153493 ], [ 9.1655145, 48.8153723 ], [ 9.1655749, 48.8153385 ], [ 9.1656018, 48.8153579 ], [ 9.1654989, 48.8154212 ], [ 9.1655034, 48.8154246 ], [ 9.1655054, 48.8154237 ], [ 9.1657313, 48.8155803 ], [ 9.1657352, 48.8155777 ], [ 9.1657425, 48.8155829 ], [ 9.1657551, 48.8155758 ], [ 9.1657468, 48.8155701 ], [ 9.1658134, 48.8155311 ], [ 9.1659859, 48.8156649 ], [ 9.1659563, 48.8157069 ], [ 9.1661217, 48.8157573 ], [ 9.1663488, 48.8154289 ], [ 9.1664606, 48.8152658 ], [ 9.166806, 48.8147663 ], [ 9.1667878, 48.8147654 ], [ 9.1667688, 48.8147636 ], [ 9.1667457, 48.8147591 ], [ 9.1667222, 48.8147532 ], [ 9.1666969, 48.8147454 ], [ 9.1666778, 48.8147379 ], [ 9.1666583, 48.8147288 ], [ 9.1666418, 48.8147189 ], [ 9.1666567, 48.8146965 ], [ 9.1666207, 48.8147012 ], [ 9.1666102, 48.8146905 ], [ 9.1666004, 48.8146804 ], [ 9.1665895, 48.8146652 ], [ 9.1665786, 48.8146453 ], [ 9.166573, 48.8146249 ], [ 9.1665708, 48.8146079 ], [ 9.1665707, 48.8145893 ], [ 9.1649907, 48.8148989 ], [ 9.1650435, 48.8150139 ] ], [ [ 9.1659103, 48.814845 ], [ 9.1662829, 48.8147713 ], [ 9.1663021, 48.8147867 ], [ 9.1663059, 48.8147979 ], [ 9.1663148, 48.8148134 ], [ 9.1663253, 48.8148282 ], [ 9.1663372, 48.8148405 ], [ 9.166352, 48.8148534 ], [ 9.1663337, 48.8148635 ], [ 9.1663621, 48.8148842 ], [ 9.166379, 48.8148744 ], [ 9.1663986, 48.8148861 ], [ 9.1664195, 48.8148971 ], [ 9.1664395, 48.814906 ], [ 9.1664548, 48.8149114 ], [ 9.1664755, 48.8149173 ], [ 9.1664936, 48.81493 ], [ 9.1663301, 48.8151638 ], [ 9.1659103, 48.814845 ] ], [ [ 9.1653211, 48.8149598 ], [ 9.1656975, 48.8148856 ], [ 9.1662366, 48.8152977 ], [ 9.1661808, 48.8153803 ], [ 9.1660752, 48.8155327 ], [ 9.1659558, 48.8154416 ], [ 9.1658298, 48.8155137 ], [ 9.1657151, 48.8154365 ], [ 9.1658688, 48.8153429 ], [ 9.1658817, 48.8153219 ], [ 9.1658249, 48.8153046 ], [ 9.1657968, 48.815286 ], [ 9.1657819, 48.8152964 ], [ 9.1657409, 48.8152686 ], [ 9.165733, 48.8152727 ], [ 9.1653211, 48.8149598 ] ] ] } },
{ "type": "Feature", "properties": { "element": "relation", "id": 1794559, "name": null, "landuse": "industrial" }, "geometry": { "type": "Polygon", "coordinates": [ [ [ 9.186922, 48.8835615 ], [ 9.1869301, 48.8839531 ], [ 9.1868818, 48.884396 ], [ 9.1867922, 48.8846378 ], [ 9.1866899, 48.884875 ], [ 9.186297, 48.8856168 ], [ 9.1862101, 48.8858105 ], [ 9.1861027, 48.8859715 ], [ 9.1859391, 48.8861556 ], [ 9.1858096, 48.8862679 ], [ 9.1855868, 48.8864279 ], [ 9.1850736, 48.8867528 ], [ 9.1841436, 48.8860698 ], [ 9.1840184, 48.8858372 ], [ 9.1836499, 48.8855513 ], [ 9.1843536, 48.8852363 ], [ 9.1826367, 48.8835234 ], [ 9.1825814, 48.883504 ], [ 9.182528, 48.8835004 ], [ 9.1817672, 48.8836566 ], [ 9.1812458, 48.8837589 ], [ 9.1806214, 48.8838088 ], [ 9.1800872, 48.8838649 ], [ 9.1800908, 48.8841388 ], [ 9.180197, 48.8842893 ], [ 9.1804852, 48.8848177 ], [ 9.1805226, 48.8849185 ], [ 9.1797282, 48.8847629 ], [ 9.1792068, 48.884858 ], [ 9.1783341, 48.8852811 ], [ 9.1774241, 48.8854231 ], [ 9.1771486, 48.8854212 ], [ 9.1764058, 48.8854652 ], [ 9.1756206, 48.885484 ], [ 9.1756672, 48.8859475 ], [ 9.1752532, 48.8867179 ], [ 9.1750579, 48.8870942 ], [ 9.1750437, 48.8871423 ], [ 9.1751902, 48.8871907 ], [ 9.1756855, 48.8873989 ], [ 9.1767812, 48.8878556 ], [ 9.176352, 48.8882542 ], [ 9.1763976, 48.8882771 ], [ 9.176996, 48.888569 ], [ 9.1777211, 48.8888811 ], [ 9.1785003, 48.8891647 ], [ 9.1796433, 48.8895806 ], [ 9.1801453, 48.8896392 ], [ 9.1815234, 48.8887869 ], [ 9.1813845, 48.888694 ], [ 9.1812818, 48.88858 ], [ 9.182014, 48.8881507 ], [ 9.1820053, 48.8880399 ], [ 9.1824369, 48.887961 ], [ 9.1826216, 48.8879339 ], [ 9.1828101, 48.8880524 ], [ 9.1835911, 48.8888225 ], [ 9.1836278, 48.8891092 ], [ 9.1840424, 48.8891166 ], [ 9.1840426, 48.8890854 ], [ 9.1840428, 48.8890602 ], [ 9.1840436, 48.8889983 ], [ 9.1840442, 48.8889144 ], [ 9.1841449, 48.8888594 ], [ 9.1842104, 48.888913 ], [ 9.1842827, 48.8888748 ], [ 9.1843055, 48.8888934 ], [ 9.1843803, 48.8888539 ], [ 9.1844853, 48.8889398 ], [ 9.1845732, 48.8890117 ], [ 9.1845968, 48.8890304 ], [ 9.1848087, 48.8891982 ], [ 9.1850529, 48.8893062 ], [ 9.185811, 48.8889924 ], [ 9.1857033, 48.8888856 ], [ 9.1858873, 48.8888054 ], [ 9.1859718, 48.8886762 ], [ 9.187135, 48.8881954 ], [ 9.1870048, 48.8880621 ], [ 9.187189, 48.8879876 ], [ 9.1872738, 48.887959 ], [ 9.1878858, 48.8885485 ], [ 9.1879599, 48.8885245 ], [ 9.1881728, 48.8884218 ], [ 9.1882703, 48.8883169 ], [ 9.1885488, 48.8877388 ], [ 9.1885857, 48.8875417 ], [ 9.1885389, 48.8874813 ], [ 9.1884501, 48.8874262 ], [ 9.1884997, 48.8871667 ], [ 9.1885448, 48.8860355 ], [ 9.18847, 48.8853537 ], [ 9.1883836, 48.8852784 ], [ 9.1883026, 48.8848445 ], [ 9.1881913, 48.8845375 ], [ 9.1879066, 48.883975 ], [ 9.1873074, 48.8830314 ], [ 9.1868261, 48.8828174 ], [ 9.186922, 48.8835615 ] ], [ [ 9.1869335, 48.8841223 ], [ 9.1878871, 48.8840772 ], [ 9.1879025, 48.8842181 ], [ 9.1875616, 48.8842342 ], [ 9.1875747, 48.8843541 ], [ 9.186962, 48.884383 ], [ 9.1869335, 48.8841223 ] ] ] } },
{ "type": "Feature", "properties": { "element": "relation", "id": 5521340, "name": "Mercedes-Benz Werk Untertürkheim", "landuse": "industrial" }, "geometry": { "type": "Polygon", "coordinates": [ [ [ 9.2233936, 48.7899734 ], [ 9.2240284, 48.7904453 ], [ 9.2246398, 48.7908995 ], [ 9.2247159, 48.7908829 ], [ 9.2254199, 48.7907294 ], [ 9.225488, 48.7907089 ], [ 9.2255412, 48.7906783 ], [ 9.2255845, 48.7906472 ], [ 9.2257624, 48.7904892 ], [ 9.2258854, 48.7898809 ], [ 9.2260709, 48.7895533 ], [ 9.2262101, 48.789467 ], [ 9.2281988, 48.788235 ], [ 9.229296, 48.7875747 ], [ 9.2304077, 48.7869554 ], [ 9.2305856, 48.7871307 ], [ 9.233231, 48.7894962 ], [ 9.2347957, 48.7886526 ], [ 9.2348449, 48.7885962 ], [ 9.2348711, 48.7885096 ], [ 9.2349078, 48.7884578 ], [ 9.2349597, 48.7884108 ], [ 9.2350363, 48.7883654 ], [ 9.2351274, 48.7883321 ], [ 9.2352432, 48.7883117 ], [ 9.235375, 48.788313 ], [ 9.2355149, 48.7883435 ], [ 9.2355845, 48.788373 ], [ 9.2356449, 48.7884103 ], [ 9.2357066, 48.7884685 ], [ 9.2357385, 48.7885179 ], [ 9.2359552, 48.7885208 ], [ 9.2367281, 48.7887472 ], [ 9.2383075, 48.7892746 ], [ 9.2399053, 48.7896944 ], [ 9.2396576, 48.7898423 ], [ 9.239716, 48.7898902 ], [ 9.2397265, 48.790016 ], [ 9.2397651, 48.7900816 ], [ 9.2399909, 48.7902452 ], [ 9.2403815, 48.7905404 ], [ 9.2406707, 48.7903323 ], [ 9.2407662, 48.7902135 ], [ 9.2412453, 48.7897757 ], [ 9.2417413, 48.7893668 ], [ 9.2417911, 48.7891819 ], [ 9.2421409, 48.7888106 ], [ 9.2421769, 48.7888192 ], [ 9.2422475, 48.7887776 ], [ 9.2422113, 48.7887563 ], [ 9.2422914, 48.7887093 ], [ 9.2423524, 48.7886648 ], [ 9.2423716, 48.7886754 ], [ 9.2424711, 48.7885958 ], [ 9.2425452, 48.7885298 ], [ 9.2426893, 48.7886078 ], [ 9.2431901, 48.7882673 ], [ 9.2432761, 48.7881826 ], [ 9.243548, 48.787915 ], [ 9.2438232, 48.7875666 ], [ 9.2446149, 48.7864855 ], [ 9.244779, 48.7862535 ], [ 9.2448372, 48.7862702 ], [ 9.2473171, 48.7830123 ], [ 9.2472314, 48.7829828 ], [ 9.2471606, 48.7830716 ], [ 9.2470416, 48.7830358 ], [ 9.2469666, 48.7831413 ], [ 9.2467185, 48.7829953 ], [ 9.2468473, 48.7828269 ], [ 9.2465082, 48.7827263 ], [ 9.2474479, 48.7819137 ], [ 9.2478986, 48.7821464 ], [ 9.2479204, 48.7821168 ], [ 9.2479736, 48.782048 ], [ 9.2480866, 48.7819017 ], [ 9.2481977, 48.7817607 ], [ 9.2482677, 48.7816732 ], [ 9.2483084, 48.7816198 ], [ 9.248421, 48.7814807 ], [ 9.248531, 48.7813372 ], [ 9.2485789, 48.7812745 ], [ 9.2485596, 48.7811313 ], [ 9.2481955, 48.7808893 ], [ 9.2481698, 48.7809055 ], [ 9.2480979, 48.7809531 ], [ 9.2478606, 48.7807794 ], [ 9.2480615, 48.7806642 ], [ 9.2481219, 48.7806634 ], [ 9.2482866, 48.7805722 ], [ 9.2485465, 48.7804656 ], [ 9.2484844, 48.7800768 ], [ 9.2485096, 48.7797794 ], [ 9.2484235, 48.7796816 ], [ 9.248257, 48.7795261 ], [ 9.2464803, 48.7799963 ], [ 9.2461553, 48.7801305 ], [ 9.2438805, 48.7807546 ], [ 9.2438774, 48.7807496 ], [ 9.2438744, 48.7807445 ], [ 9.2438011, 48.7806297 ], [ 9.2437868, 48.7806072 ], [ 9.2437142, 48.7806273 ], [ 9.2403846, 48.7815475 ], [ 9.2404095, 48.7815858 ], [ 9.2403903, 48.7815907 ], [ 9.2403538, 48.7815907 ], [ 9.2403319, 48.7815913 ], [ 9.2403107, 48.7815952 ], [ 9.2402915, 48.7816022 ], [ 9.2402752, 48.7816119 ], [ 9.2402628, 48.7816238 ], [ 9.2402547, 48.7816375 ], [ 9.2402516, 48.7816521 ], [ 9.2402538, 48.7816667 ], [ 9.2402459, 48.7817277 ], [ 9.2402294, 48.781732 ], [ 9.2402288, 48.7817576 ], [ 9.2398449, 48.7818757 ], [ 9.2377472, 48.7825547 ], [ 9.2369129, 48.782987 ], [ 9.2368389, 48.7830361 ], [ 9.2356725, 48.783628 ], [ 9.2353948, 48.7837822 ], [ 9.2350145, 48.7840182 ], [ 9.2346095, 48.7842691 ], [ 9.2346197, 48.7842761 ], [ 9.2345846, 48.7842982 ], [ 9.2345533, 48.7843179 ], [ 9.2345324, 48.7843035 ], [ 9.2338282, 48.7846809 ], [ 9.2338471, 48.7846963 ], [ 9.2331267, 48.7851049 ], [ 9.232223, 48.7855591 ], [ 9.2321715, 48.7855633 ], [ 9.2320081, 48.785646 ], [ 9.2319793, 48.7856751 ], [ 9.2298277, 48.7867628 ], [ 9.2253588, 48.7889757 ], [ 9.2252097, 48.7890253 ], [ 9.2248868, 48.7891939 ], [ 9.2241349, 48.7895864 ], [ 9.2233936, 48.7899734 ] ] ] } },
{ "type": "Feature", "properties": { "element": "relation", "id": 6747754, "name": "Industriegebiet Feuerbach-Ost", "landuse": "industrial" }, "geometry": { "type": "Polygon", "coordinates": [ [ [ 9.1712721, 48.821001 ], [ 9.1714652, 48.8208994 ], [ 9.1716898, 48.820746 ], [ 9.1720744, 48.8205187 ], [ 9.1722905, 48.820345 ], [ 9.1726049, 48.8200825 ], [ 9.172969, 48.8197907 ], [ 9.1731786, 48.8196256 ], [ 9.1735409, 48.8192705 ], [ 9.1735921, 48.8192188 ], [ 9.1737254, 48.8192523 ], [ 9.1739281, 48.8193133 ], [ 9.174029, 48.8193529 ], [ 9.1741206, 48.8193986 ], [ 9.1742132, 48.8194559 ], [ 9.1743419, 48.8195345 ], [ 9.174577, 48.8197507 ], [ 9.1746921, 48.8198581 ], [ 9.1747848, 48.8199478 ], [ 9.1748108, 48.8199797 ], [ 9.1748126, 48.8200033 ], [ 9.1743901, 48.8204837 ], [ 9.174112, 48.8208174 ], [ 9.1741607, 48.8208469 ], [ 9.1739289, 48.8211221 ], [ 9.1737805, 48.8212179 ], [ 9.1736276, 48.8214126 ], [ 9.1736004, 48.8214116 ], [ 9.1732639, 48.82181 ], [ 9.1732735, 48.8218231 ], [ 9.1730296, 48.8221096 ], [ 9.1744105, 48.8226953 ], [ 9.1748907, 48.8225361 ], [ 9.1752182, 48.8224276 ], [ 9.1754583, 48.822348 ], [ 9.1756802, 48.822021 ], [ 9.1764492, 48.8216734 ], [ 9.176829, 48.8214419 ], [ 9.1768947, 48.8213425 ], [ 9.1770064, 48.8213767 ], [ 9.1775689, 48.820573 ], [ 9.1774851, 48.8204162 ], [ 9.1774505, 48.8202145 ], [ 9.1774337, 48.8200894 ], [ 9.1774082, 48.8200795 ], [ 9.1773751, 48.8200668 ], [ 9.1774498, 48.8198761 ], [ 9.1773885, 48.8198218 ], [ 9.177723, 48.8195057 ], [ 9.1784784, 48.8188954 ], [ 9.1792251, 48.8180816 ], [ 9.1793624, 48.8179783 ], [ 9.1797895, 48.8177657 ], [ 9.1796334, 48.8175678 ], [ 9.1795963, 48.8172815 ], [ 9.1795528, 48.8172511 ], [ 9.1795485, 48.8172338 ], [ 9.1795321, 48.8171672 ], [ 9.1795338, 48.8170571 ], [ 9.1794931, 48.8170485 ], [ 9.1794878, 48.8169961 ], [ 9.1793446, 48.8170131 ], [ 9.179301, 48.8168924 ], [ 9.179244, 48.8167401 ], [ 9.1791153, 48.8165503 ], [ 9.1789574, 48.8163959 ], [ 9.1789395, 48.8160592 ], [ 9.1789916, 48.8160153 ], [ 9.1790535, 48.8157333 ], [ 9.1791528, 48.8157086 ], [ 9.1794964, 48.8152127 ], [ 9.1795501, 48.8152193 ], [ 9.1793165, 48.8148717 ], [ 9.1791373, 48.8146052 ], [ 9.1788226, 48.8145222 ], [ 9.178394, 48.8142799 ], [ 9.1786586, 48.8139954 ], [ 9.1804782, 48.8120341 ], [ 9.1807177, 48.8117754 ], [ 9.1810077, 48.8113853 ], [ 9.181317, 48.8110204 ], [ 9.1813674, 48.8109069 ], [ 9.1813741, 48.8108468 ], [ 9.1813061, 48.8107935 ], [ 9.1802366, 48.8108425 ], [ 9.1801354, 48.8108471 ], [ 9.1791128, 48.8108736 ], [ 9.1771566, 48.8110732 ], [ 9.1752623, 48.8113258 ], [ 9.1754934, 48.8119047 ], [ 9.1761903, 48.812594 ], [ 9.175635, 48.8128558 ], [ 9.1761087, 48.8133111 ], [ 9.1757952, 48.8134419 ], [ 9.1756993, 48.8133573 ], [ 9.1753903, 48.8135307 ], [ 9.1753733, 48.8135403 ], [ 9.1748744, 48.8130546 ], [ 9.1742167, 48.8124029 ], [ 9.1746459, 48.8122048 ], [ 9.174319, 48.8118819 ], [ 9.174172, 48.8114628 ], [ 9.1739862, 48.8114536 ], [ 9.1737172, 48.8115069 ], [ 9.1734439, 48.8116156 ], [ 9.1723259, 48.8121229 ], [ 9.1711227, 48.8128141 ], [ 9.1701356, 48.8135601 ], [ 9.1699253, 48.813817 ], [ 9.1695559, 48.8143651 ], [ 9.1693006, 48.814817 ], [ 9.1690971, 48.8153292 ], [ 9.1688437, 48.8160233 ], [ 9.1688653, 48.8163013 ], [ 9.1688401, 48.8165355 ], [ 9.1688434, 48.8167257 ], [ 9.1688793, 48.8169377 ], [ 9.168939, 48.8171339 ], [ 9.1689537, 48.8171821 ], [ 9.1691299, 48.8173504 ], [ 9.1690535, 48.8173856 ], [ 9.1690814, 48.8174727 ], [ 9.169301, 48.8179629 ], [ 9.1693241, 48.8180016 ], [ 9.1693499, 48.8180447 ], [ 9.1693959, 48.818135 ], [ 9.1692626, 48.8181854 ], [ 9.1693461, 48.8183396 ], [ 9.1695358, 48.8186695 ], [ 9.1698352, 48.8191384 ], [ 9.1700297, 48.8194888 ], [ 9.1707466, 48.820295 ], [ 9.1710377, 48.8206529 ], [ 9.1712475, 48.8209564 ], [ 9.1712721, 48.821001 ] ] ] } },
{ "type": "Feature", "properties": { "element": "relation", "id": 12253185, "name": "Amt für Abfallwirtschaft und Stadtreinigung Stützpunkt im Vogelsang 7", "landuse": "industrial" }, "geometry": { "type": "Polygon", "coordinates": [ [ [ 9.1383198, 48.7685851 ], [ 9.138737, 48.7688274 ], [ 9.1388424, 48.7688829 ], [ 9.1390571, 48.7685354 ], [ 9.1391312, 48.768414 ], [ 9.1389987, 48.7683756 ], [ 9.1387528, 48.7683079 ], [ 9.1387276, 48.7683478 ], [ 9.1386629, 48.7684541 ], [ 9.1385496, 48.7684821 ], [ 9.1383198, 48.7685851 ] ] ] } },
{ "type": "Feature", "properties": { "element": "relation", "id": 13384899, "name": "Wilhelma Betriebshof", "landuse": "industrial" }, "geometry": { "type": "Polygon", "coordinates": [ [ [ 9.205205, 48.804671 ], [ 9.204935, 48.8050736 ], [ 9.2052082, 48.8052625 ], [ 9.2053871, 48.8053862 ], [ 9.205458, 48.8053434 ], [ 9.2055289, 48.8053005 ], [ 9.2061513, 48.8049245 ], [ 9.2067725, 48.8045492 ], [ 9.2074698, 48.804128 ], [ 9.2073887, 48.804071 ], [ 9.2070673, 48.8042683 ], [ 9.206971, 48.8041999 ], [ 9.2066527, 48.8043956 ], [ 9.2063319, 48.8041679 ], [ 9.2059597, 48.8044036 ], [ 9.2057615, 48.8042607 ], [ 9.2055211, 48.8044074 ], [ 9.2056189, 48.8044779 ], [ 9.2055018, 48.8045532 ], [ 9.2053798, 48.804631 ], [ 9.2052578, 48.8047087 ], [ 9.205205, 48.804671 ] ] ] } },
{ "type": "Feature", "properties": { "element": "relation", "id": 13890636, "name": "Osterholz", "landuse": "industrial" }, "geometry": { "type": "Polygon", "coordinates": [ [ [ 9.1475273, 48.8995286 ], [ 9.14764, 48.8995525 ], [ 9.14901, 48.8998554 ], [ 9.1494609, 48.8999465 ], [ 9.1496293, 48.8999826 ], [ 9.1497338, 48.900005 ], [ 9.149798, 48.9000188 ], [ 9.1498668, 48.9000576 ], [ 9.1498835, 48.900067 ], [ 9.1499681, 48.9001146 ], [ 9.150127, 48.9002623 ], [ 9.1501409, 48.9002753 ], [ 9.1501777, 48.900314 ], [ 9.1503082, 48.9004514 ], [ 9.1505499, 48.9003391 ], [ 9.150825, 48.9001792 ], [ 9.1510004, 48.8999988 ], [ 9.1510381, 48.8998467 ], [ 9.1511417, 48.8994292 ], [ 9.1526207, 48.8994793 ], [ 9.1514193, 48.8973113 ], [ 9.1513937, 48.8972651 ], [ 9.1513799, 48.8972141 ], [ 9.1513776, 48.8972056 ], [ 9.1512916, 48.8972145 ], [ 9.1512466, 48.8971204 ], [ 9.1512701, 48.8971164 ], [ 9.1512484, 48.8970711 ], [ 9.151192, 48.8968423 ], [ 9.1511336, 48.8968086 ], [ 9.1507418, 48.8968046 ], [ 9.1502383, 48.8965833 ], [ 9.1494488, 48.8965598 ], [ 9.149447, 48.8965912 ], [ 9.1480975, 48.8965609 ], [ 9.1480002, 48.8965595 ], [ 9.1477684, 48.8967118 ], [ 9.1476357, 48.8967425 ], [ 9.1476953, 48.896797 ], [ 9.1476945, 48.8968319 ], [ 9.1476905, 48.8970281 ], [ 9.1476727, 48.8974238 ], [ 9.1476741, 48.8974391 ], [ 9.1476984, 48.8975152 ], [ 9.1477026, 48.8975252 ], [ 9.1477419, 48.8976066 ], [ 9.1477812, 48.897688 ], [ 9.1477344, 48.897727 ], [ 9.1477106, 48.897756 ], [ 9.1477014, 48.897769 ], [ 9.1476809, 48.8978102 ], [ 9.1476665, 48.8978617 ], [ 9.1476535, 48.8979281 ], [ 9.147636, 48.8980791 ], [ 9.1476208, 48.8983969 ], [ 9.147586, 48.8989408 ], [ 9.1475713, 48.8990764 ], [ 9.1475607, 48.8991733 ], [ 9.1475397, 48.8993886 ], [ 9.1475315, 48.8994694 ], [ 9.1475273, 48.8995286 ] ] ] } },
{ "type": "Feature", "properties": { "element": "relation", "id": 14338451, "name": null, "landuse": "industrial" }, "geometry": { "type": "Polygon", "coordinates": [ [ [ 9.2523917, 48.7737615 ], [ 9.2541647, 48.7732711 ], [ 9.2542091, 48.7733451 ], [ 9.2545529, 48.7738979 ], [ 9.2529963, 48.7743243 ], [ 9.2525383, 48.7744521 ], [ 9.2520211, 48.7745916 ], [ 9.2518223, 48.7746498 ], [ 9.251754, 48.7746709 ], [ 9.2512057, 48.7748612 ], [ 9.2507177, 48.7750535 ], [ 9.2502056, 48.7752771 ], [ 9.2498775, 48.7754383 ], [ 9.2501996, 48.775686 ], [ 9.2509684, 48.7756802 ], [ 9.2515488, 48.7756905 ], [ 9.2526528, 48.7755813 ], [ 9.2530284, 48.7755265 ], [ 9.2534414, 48.7754469 ], [ 9.2537123, 48.7753886 ], [ 9.2539081, 48.775332 ], [ 9.2541361, 48.7752613 ], [ 9.2542189, 48.7752304 ], [ 9.2544392, 48.7751482 ], [ 9.2545644, 48.7751005 ], [ 9.2552975, 48.7748212 ], [ 9.2558392, 48.7746237 ], [ 9.2559741, 48.7745745 ], [ 9.2561633, 48.7745035 ], [ 9.2568478, 48.7742467 ], [ 9.2571321, 48.7741247 ], [ 9.2573734, 48.7739904 ], [ 9.2575504, 48.7738737 ], [ 9.2577918, 48.7736704 ], [ 9.2579233, 48.773529 ], [ 9.258044, 48.7733452 ], [ 9.2581271, 48.7731879 ], [ 9.2581834, 48.773073 ], [ 9.2582178, 48.7725358 ], [ 9.258177, 48.7724254 ], [ 9.2579511, 48.7721833 ], [ 9.2579526, 48.7720652 ], [ 9.2580488, 48.7719835 ], [ 9.2581347, 48.7719461 ], [ 9.2579018, 48.771703 ], [ 9.2581325, 48.7715457 ], [ 9.2582424, 48.7714573 ], [ 9.2584047, 48.7713173 ], [ 9.2585345, 48.7711431 ], [ 9.258791, 48.7707681 ], [ 9.2592903, 48.7700179 ], [ 9.2599114, 48.7690907 ], [ 9.2638543, 48.763219 ], [ 9.262659, 48.7627778 ], [ 9.2605651, 48.7620409 ], [ 9.259287, 48.761581 ], [ 9.259182, 48.761738 ], [ 9.259198, 48.761757 ], [ 9.259184, 48.76178 ], [ 9.259153, 48.76178 ], [ 9.258682, 48.762489 ], [ 9.258137, 48.763313 ], [ 9.257273, 48.764618 ], [ 9.256627, 48.765598 ], [ 9.256168, 48.766296 ], [ 9.255904, 48.766697 ], [ 9.255267, 48.767662 ], [ 9.254981, 48.768097 ], [ 9.254574, 48.768711 ], [ 9.253826, 48.76984 ], [ 9.253589, 48.770199 ], [ 9.253544, 48.770267 ], [ 9.253514, 48.770313 ], [ 9.252341, 48.7721157 ], [ 9.2523081, 48.7721644 ], [ 9.2523864, 48.7721866 ], [ 9.252379, 48.7721992 ], [ 9.2523953, 48.772203 ], [ 9.2524136, 48.7722052 ], [ 9.252426, 48.7722056 ], [ 9.2524403, 48.7722052 ], [ 9.2524527, 48.7722034 ], [ 9.2524666, 48.7722009 ], [ 9.2524998, 48.7721926 ], [ 9.2542319, 48.7717183 ], [ 9.2544331, 48.7716508 ], [ 9.2553253, 48.7710648 ], [ 9.2555103, 48.7709833 ], [ 9.2599321, 48.7642708 ], [ 9.2600591, 48.7641781 ], [ 9.2608872, 48.764411 ], [ 9.2560188, 48.7717944 ], [ 9.2529913, 48.7726324 ], [ 9.2527808, 48.7726978 ], [ 9.2525836, 48.7727694 ], [ 9.2523985, 48.7728472 ], [ 9.252243, 48.7729188 ], [ 9.2521062, 48.7729895 ], [ 9.2519815, 48.7730584 ], [ 9.2518862, 48.7731194 ], [ 9.2517843, 48.7731927 ], [ 9.2516891, 48.7732723 ], [ 9.2516006, 48.7733624 ], [ 9.2515537, 48.7734181 ], [ 9.2515241, 48.7734592 ], [ 9.2515047, 48.7734933 ], [ 9.2514899, 48.7735286 ], [ 9.2514819, 48.7735631 ], [ 9.2514799, 48.7735967 ], [ 9.2514832, 48.7736307 ], [ 9.2514926, 48.7736616 ], [ 9.2515087, 48.7736957 ], [ 9.2515322, 48.7737314 ], [ 9.251555, 48.7737575 ], [ 9.2515872, 48.7737858 ], [ 9.2516247, 48.7738114 ], [ 9.251665, 48.7738304 ], [ 9.2517112, 48.773849 ], [ 9.2517582, 48.7738627 ], [ 9.2518091, 48.7738715 ], [ 9.2518634, 48.7738755 ], [ 9.2519198, 48.7738746 ], [ 9.2519774, 48.7738698 ], [ 9.2520351, 48.7738592 ], [ 9.2523917, 48.7737615 ] ] ] } },
{ "type": "Feature", "properties": { "element": "relation", "id": 15602823, "name": "Franck-Areal", "landuse": "industrial" }, "geometry": { "type": "Polygon", "coordinates": [ [ [ 9.1836905, 48.8918738 ], [ 9.1837089, 48.8919345 ], [ 9.1838037, 48.8919548 ], [ 9.1841872, 48.8919507 ], [ 9.1841736, 48.892023 ], [ 9.1841736, 48.8922039 ], [ 9.1847676, 48.8922041 ], [ 9.1848737, 48.8920891 ], [ 9.1854996, 48.8913995 ], [ 9.1856059, 48.8913719 ], [ 9.1857404, 48.8912291 ], [ 9.1857455, 48.8912038 ], [ 9.1859952, 48.890919 ], [ 9.186135, 48.8907784 ], [ 9.1861388, 48.8907664 ], [ 9.1859257, 48.89069 ], [ 9.1857735, 48.8906887 ], [ 9.1855639, 48.8906899 ], [ 9.1855257, 48.8906977 ], [ 9.1837189, 48.8906453 ], [ 9.183704, 48.8908684 ], [ 9.1836942, 48.8914901 ], [ 9.1836939, 48.8916297 ], [ 9.1836912, 48.8918237 ], [ 9.1836905, 48.8918738 ] ] ] } },
{ "type": "Feature", "properties": { "element": "relation", "id": 18243682, "name": "Wasserwerk Berg - EnBW Betriebsstätte Berg", "landuse": "industrial" }, "geometry": { "type": "Polygon", "coordinates": [ [ [ 9.212051, 48.7967669 ], [ 9.2123029, 48.7968426 ], [ 9.212151, 48.7971881 ], [ 9.2123495, 48.7971892 ], [ 9.2124686, 48.7971848 ], [ 9.2125956, 48.7971735 ], [ 9.2127201, 48.7971551 ], [ 9.2128107, 48.7971359 ], [ 9.2128731, 48.7971187 ], [ 9.2129399, 48.7970951 ], [ 9.2130024, 48.7970688 ], [ 9.2130562, 48.7970433 ], [ 9.2131083, 48.7970173 ], [ 9.2131544, 48.7969908 ], [ 9.2132103, 48.7969564 ], [ 9.2132716, 48.7969109 ], [ 9.2133369, 48.7968545 ], [ 9.2134296, 48.7967606 ], [ 9.2135407, 48.7966336 ], [ 9.213722, 48.7964256 ], [ 9.2138012, 48.7963424 ], [ 9.2145345, 48.7955715 ], [ 9.2152571, 48.7948119 ], [ 9.2153298, 48.7947254 ], [ 9.2153885, 48.7946447 ], [ 9.2154396, 48.7945791 ], [ 9.2155027, 48.794502 ], [ 9.2156606, 48.794327 ], [ 9.2156719, 48.7943097 ], [ 9.2156805, 48.7942914 ], [ 9.2156874, 48.7942593 ], [ 9.2156879, 48.7942285 ], [ 9.2156834, 48.7942049 ], [ 9.2156751, 48.7941822 ], [ 9.2156692, 48.7941693 ], [ 9.2156574, 48.7941564 ], [ 9.2156433, 48.7941469 ], [ 9.2156232, 48.7941407 ], [ 9.2155988, 48.7941365 ], [ 9.2155747, 48.794137 ], [ 9.2155587, 48.7941431 ], [ 9.2155443, 48.7941525 ], [ 9.2155132, 48.7941333 ], [ 9.215482, 48.794114 ], [ 9.215498, 48.7941023 ], [ 9.2155051, 48.7940928 ], [ 9.2155087, 48.7940814 ], [ 9.2155087, 48.7940703 ], [ 9.215505, 48.7940597 ], [ 9.2154944, 48.794049 ], [ 9.2154779, 48.7940389 ], [ 9.2154041, 48.7940168 ], [ 9.2153136, 48.7939946 ], [ 9.2152268, 48.79398 ], [ 9.2150318, 48.7939522 ], [ 9.214942, 48.7939353 ], [ 9.214862, 48.7939172 ], [ 9.2147698, 48.7938956 ], [ 9.2144006, 48.793797 ], [ 9.2139985, 48.7936897 ], [ 9.2139578, 48.7936802 ], [ 9.2139181, 48.7936738 ], [ 9.2138749, 48.7936705 ], [ 9.2138305, 48.7936726 ], [ 9.2137827, 48.7936818 ], [ 9.2137433, 48.7936968 ], [ 9.2137055, 48.7937151 ], [ 9.2133487, 48.7939702 ], [ 9.212875, 48.7943296 ], [ 9.2128534, 48.7943487 ], [ 9.2128396, 48.7943656 ], [ 9.2128292, 48.7943795 ], [ 9.2128197, 48.7943995 ], [ 9.2128159, 48.7944168 ], [ 9.2127962, 48.7946399 ], [ 9.2127902, 48.7946586 ], [ 9.21278, 48.7946742 ], [ 9.2127647, 48.794688 ], [ 9.2127487, 48.7946984 ], [ 9.2127278, 48.7947061 ], [ 9.2127027, 48.7947124 ], [ 9.2126747, 48.7947175 ], [ 9.2126457, 48.7947241 ], [ 9.2126249, 48.7947329 ], [ 9.2126055, 48.7947451 ], [ 9.2125933, 48.7947561 ], [ 9.2125833, 48.7947703 ], [ 9.21258, 48.7947848 ], [ 9.2124901, 48.7960632 ], [ 9.2124593, 48.7961777 ], [ 9.2123192, 48.7963505 ], [ 9.2120374, 48.7967627 ], [ 9.212051, 48.7967669 ] ] ] } },
{ "type": "Feature", "properties": { "element": "way", "id": 4678167, "name": "Ameisenbühl", "landuse": "industrial" }, "geometry": { "type": "Polygon", "coordinates": [ [ [ 9.2949161, 48.8295145 ], [ 9.2949499, 48.830224 ], [ 9.2950907, 48.8311999 ], [ 9.2952172, 48.8321131 ], [ 9.2978768, 48.8322997 ], [ 9.2997144, 48.832089 ], [ 9.2998916, 48.8320594 ], [ 9.3013505, 48.8318639 ], [ 9.3025681, 48.8316955 ], [ 9.3028001, 48.8316655 ], [ 9.3028551, 48.8316178 ], [ 9.3028256, 48.8315172 ], [ 9.3024474, 48.8310647 ], [ 9.3021383, 48.8306935 ], [ 9.3019519, 48.8304092 ], [ 9.3018837, 48.830267 ], [ 9.3018868, 48.8300429 ], [ 9.3019418, 48.8297798 ], [ 9.3017547, 48.8297554 ], [ 9.3017778, 48.8296785 ], [ 9.3015813, 48.829529 ], [ 9.3013979, 48.829023 ], [ 9.2993173, 48.8280391 ], [ 9.29765, 48.827628 ], [ 9.2975824, 48.827772 ], [ 9.2967844, 48.8281116 ], [ 9.2958346, 48.8276898 ], [ 9.2955132, 48.8273457 ], [ 9.2953558, 48.827208 ], [ 9.2954025, 48.826876 ], [ 9.2964044, 48.8271586 ], [ 9.2968114, 48.8265728 ], [ 9.2972666, 48.8267054 ], [ 9.2974102, 48.8265019 ], [ 9.2980688, 48.8266825 ], [ 9.2984368, 48.826225 ], [ 9.2976046, 48.8260367 ], [ 9.2967848, 48.8258671 ], [ 9.2964318, 48.825754 ], [ 9.2961375, 48.8256944 ], [ 9.2957224, 48.8256573 ], [ 9.2956975, 48.8257244 ], [ 9.2951621, 48.8256338 ], [ 9.2951, 48.8256154 ], [ 9.2945067, 48.8255257 ], [ 9.2927608, 48.8252391 ], [ 9.292603, 48.8252132 ], [ 9.2917259, 48.8251584 ], [ 9.2912773, 48.8251174 ], [ 9.2912718, 48.8253368 ], [ 9.2912515, 48.8261405 ], [ 9.2910661, 48.827444 ], [ 9.2910891, 48.8274456 ], [ 9.2911833, 48.8274506 ], [ 9.2954291, 48.8276754 ], [ 9.2955735, 48.8277886 ], [ 9.2956352, 48.8290599 ], [ 9.294968, 48.8290639 ], [ 9.2949161, 48.8295145 ] ] ] } },
{ "type": "Feature", "properties": { "element": "way", "id": 4678807, "name": null, "landuse": "industrial" }, "geometry": { "type": "Polygon", "coordinates": [ [ [ 9.2572361, 48.8436652 ], [ 9.2567057, 48.8438587 ], [ 9.2559961, 48.8440771 ], [ 9.2559071, 48.8437818 ], [ 9.2542277, 48.8440759 ], [ 9.2529, 48.8439801 ], [ 9.2522921, 48.8450831 ], [ 9.2521772, 48.8448857 ], [ 9.2519729, 48.8444978 ], [ 9.2517857, 48.8440386 ], [ 9.2516661, 48.8436793 ], [ 9.2515986, 48.8433564 ], [ 9.251524, 48.8430178 ], [ 9.2514985, 48.8426398 ], [ 9.2516211, 48.8421412 ], [ 9.2516032, 48.8410725 ], [ 9.2531429, 48.8412089 ], [ 9.2532684, 48.8396504 ], [ 9.2532652, 48.8382795 ], [ 9.2548278, 48.8382518 ], [ 9.2566544, 48.8382592 ], [ 9.2566513, 48.8385084 ], [ 9.256646, 48.8395891 ], [ 9.2581568, 48.8396904 ], [ 9.2582137, 48.8403874 ], [ 9.2581735, 48.8419109 ], [ 9.2581633, 48.8429759 ], [ 9.2581348, 48.8432361 ], [ 9.2580028, 48.8433987 ], [ 9.2573562, 48.8436849 ], [ 9.2572361, 48.8436652 ] ] ] } },
{ "type": "Feature", "properties": { "element": "way", "id": 4693845, "name": "Eisental", "landuse": "industrial" }, "geometry": { "type": "Polygon", "coordinates": [ [ [ 9.3141824, 48.8192606 ], [ 9.3131795, 48.8214874 ], [ 9.31439, 48.8217443 ], [ 9.3143421, 48.821835 ], [ 9.3153384, 48.8220733 ], [ 9.3168946, 48.8225799 ], [ 9.3177754, 48.8225739 ], [ 9.3186717, 48.8229708 ], [ 9.3183055, 48.823313 ], [ 9.3210139, 48.8246467 ], [ 9.3213341, 48.824451 ], [ 9.3214224, 48.8243971 ], [ 9.3214587, 48.8243749 ], [ 9.3223224, 48.8247917 ], [ 9.3230784, 48.8248241 ], [ 9.3231309, 48.8248263 ], [ 9.3231564, 48.8248274 ], [ 9.3238617, 48.8248544 ], [ 9.3248218, 48.8245513 ], [ 9.3255715, 48.8241652 ], [ 9.3258481, 48.8239487 ], [ 9.3262138, 48.8235623 ], [ 9.3264532, 48.8233092 ], [ 9.3266375, 48.8230375 ], [ 9.3271901, 48.8221132 ], [ 9.3272627, 48.821992 ], [ 9.3277839, 48.8211221 ], [ 9.3285322, 48.8208299 ], [ 9.3286975, 48.8202223 ], [ 9.3280565, 48.8201365 ], [ 9.3266681, 48.8199598 ], [ 9.3265803, 48.8199486 ], [ 9.3261562, 48.8198111 ], [ 9.3258717, 48.8197702 ], [ 9.3257576, 48.819769 ], [ 9.3248751, 48.8197775 ], [ 9.3236149, 48.8198621 ], [ 9.3222224, 48.819969 ], [ 9.3211311, 48.8200695 ], [ 9.3197839, 48.8202272 ], [ 9.3186227, 48.8202696 ], [ 9.3177808, 48.8202334 ], [ 9.3170177, 48.8201375 ], [ 9.3157915, 48.8199101 ], [ 9.31554, 48.8198503 ], [ 9.3156217, 48.8193683 ], [ 9.3141824, 48.8192606 ] ] ] } },
{ "type": "Feature", "properties": { "element": "way", "id": 10714125, "name": "Klärwerk Stuttgart-Möhringen", "landuse": "industrial" }, "geometry": { "type": "Polygon", "coordinates": [ [ [ 9.1681507, 48.7160969 ], [ 9.1663562, 48.7163197 ], [ 9.1649393, 48.716488 ], [ 9.1645506, 48.7164709 ], [ 9.1645625, 48.7167214 ], [ 9.1644694, 48.7167247 ], [ 9.1644136, 48.7172936 ], [ 9.1644366, 48.7173055 ], [ 9.164466, 48.7173237 ], [ 9.1646891, 48.7173422 ], [ 9.1646935, 48.7172092 ], [ 9.1647958, 48.7171899 ], [ 9.164797, 48.7170752 ], [ 9.165318, 48.7170785 ], [ 9.165344, 48.7173529 ], [ 9.1655649, 48.7173498 ], [ 9.1657253, 48.7173519 ], [ 9.1664452, 48.7172607 ], [ 9.1664579, 48.7172324 ], [ 9.1665103, 48.7172256 ], [ 9.1665628, 48.7172188 ], [ 9.166585, 48.7172429 ], [ 9.1666141, 48.7172384 ], [ 9.1667506, 48.7172173 ], [ 9.1670264, 48.7171695 ], [ 9.1670741, 48.7171559 ], [ 9.1671173, 48.7171244 ], [ 9.1671339, 48.7170844 ], [ 9.1671681, 48.7170795 ], [ 9.1672116, 48.7170725 ], [ 9.1672331, 48.7171139 ], [ 9.1681502, 48.7169504 ], [ 9.1681979, 48.7169284 ], [ 9.1696203, 48.7166938 ], [ 9.1696124, 48.7166322 ], [ 9.1696714, 48.7166204 ], [ 9.1697304, 48.7166085 ], [ 9.1697053, 48.7164918 ], [ 9.1696012, 48.7163823 ], [ 9.169268, 48.7161599 ], [ 9.1693196, 48.7161265 ], [ 9.1692072, 48.7160716 ], [ 9.1691877, 48.7160328 ], [ 9.1690788, 48.71604 ], [ 9.1682925, 48.7160629 ], [ 9.1681507, 48.7160969 ] ] ] } },
{ "type": "Feature", "properties": { "element": "way", "id": 11770505, "name": null, "landuse": "industrial" }, "geometry": { "type": "Polygon", "coordinates": [ [ [ 9.3614517, 48.8692292 ], [ 9.3615352, 48.868535 ], [ 9.3614868, 48.8681144 ], [ 9.3613928, 48.867869 ], [ 9.3612325, 48.867653 ], [ 9.3608672, 48.8672668 ], [ 9.3597862, 48.8665618 ], [ 9.3585864, 48.8657793 ], [ 9.3570015, 48.8658137 ], [ 9.3564334, 48.8660148 ], [ 9.3528942, 48.8654804 ], [ 9.3528135, 48.864918 ], [ 9.3520539, 48.8649149 ], [ 9.3502755, 48.8649431 ], [ 9.3502346, 48.8653491 ], [ 9.3501739, 48.8654874 ], [ 9.3501248, 48.8654798 ], [ 9.3499869, 48.8657672 ], [ 9.3496317, 48.8657165 ], [ 9.349511, 48.8658744 ], [ 9.3506385, 48.8667453 ], [ 9.3515328, 48.8671956 ], [ 9.3521121, 48.8674675 ], [ 9.3527071, 48.8676971 ], [ 9.3530974, 48.8677991 ], [ 9.3532255, 48.8678079 ], [ 9.353367, 48.8677663 ], [ 9.3535039, 48.8678219 ], [ 9.354974, 48.8681984 ], [ 9.3555513, 48.8683507 ], [ 9.3578038, 48.8689435 ], [ 9.3610715, 48.869612 ], [ 9.3612256, 48.8695285 ], [ 9.3614517, 48.8692292 ] ] ] } },
{ "type": "Feature", "properties": { "element": "way", "id": 13859525, "name": "Gewerbegebiet Auf der Höhe", "landuse": "industrial" }, "geometry": { "type": "Polygon", "coordinates": [ [ [ 9.3212563, 48.8162804 ], [ 9.3226361, 48.8162787 ], [ 9.3246174, 48.8162111 ], [ 9.324632, 48.8153404 ], [ 9.324336, 48.8153301 ], [ 9.3240023, 48.8151135 ], [ 9.3212043, 48.8152804 ], [ 9.320478, 48.8153725 ], [ 9.3198403, 48.8154877 ], [ 9.3188202, 48.8157538 ], [ 9.3178808, 48.8160723 ], [ 9.3178917, 48.8161365 ], [ 9.3190416, 48.8162009 ], [ 9.3212563, 48.8162804 ] ] ] } },
{ "type": "Feature", "properties": { "element": "way", "id": 13859534, "name": "Gewerbegebiet Max-Eyth-Straße", "landuse": "industrial" }, "geometry": { "type": "Polygon", "coordinates": [ [ [ 9.3189069, 48.8148482 ], [ 9.3193825, 48.8148907 ], [ 9.319511, 48.8148999 ], [ 9.3195596, 48.8149041 ], [ 9.3197883, 48.8149236 ], [ 9.320469, 48.8149819 ], [ 9.3206492, 48.8149973 ], [ 9.3207348, 48.815003 ], [ 9.3213793, 48.8150576 ], [ 9.3216218, 48.8150532 ], [ 9.321825, 48.815043 ], [ 9.3222856, 48.8149991 ], [ 9.32238, 48.8150146 ], [ 9.3232714, 48.8149256 ], [ 9.3230836, 48.8134062 ], [ 9.3222502, 48.8133485 ], [ 9.3221824, 48.8123454 ], [ 9.3212133, 48.8122727 ], [ 9.3209587, 48.8132422 ], [ 9.3187827, 48.813037 ], [ 9.3187866, 48.8130936 ], [ 9.3188501, 48.8140196 ], [ 9.3189069, 48.8148482 ] ] ] } },
{ "type": "Feature", "properties": { "element": "way", "id": 14296911, "name": "Mercedes-Benz Werksteil Bad Cannstatt", "landuse": "industrial" }, "geometry": { "type": "Polygon", "coordinates": [ [ [ 9.2282744, 48.7990148 ], [ 9.2303323, 48.7986133 ], [ 9.2317548, 48.7982853 ], [ 9.2318667, 48.7983163 ], [ 9.2327336, 48.798032 ], [ 9.2334389, 48.7977662 ], [ 9.2348512, 48.7970673 ], [ 9.2348118, 48.796977 ], [ 9.2352044, 48.7967426 ], [ 9.2353498, 48.7967349 ], [ 9.2363456, 48.7962378 ], [ 9.2364196, 48.7961579 ], [ 9.2365302, 48.7960169 ], [ 9.2380485, 48.795052 ], [ 9.2380858, 48.7947508 ], [ 9.2382315, 48.7946072 ], [ 9.2382939, 48.794481 ], [ 9.2380111, 48.7944214 ], [ 9.2379233, 48.7943868 ], [ 9.237861, 48.7943583 ], [ 9.2377988, 48.7943529 ], [ 9.2377813, 48.7943157 ], [ 9.2377649, 48.7942807 ], [ 9.2378394, 48.7942513 ], [ 9.2378075, 48.7942105 ], [ 9.2377473, 48.7941335 ], [ 9.2367801, 48.7944437 ], [ 9.2341048, 48.7952277 ], [ 9.2333802, 48.7954802 ], [ 9.2321871, 48.7960456 ], [ 9.2314146, 48.796447 ], [ 9.230831, 48.7967749 ], [ 9.2301186, 48.7972273 ], [ 9.2281445, 48.7987425 ], [ 9.2282652, 48.7989951 ], [ 9.2282744, 48.7990148 ] ] ] } },
{ "type": "Feature", "properties": { "element": "way", "id": 14326913, "name": "Im Tal", "landuse": "industrial" }, "geometry": { "type": "Polygon", "coordinates": [ [ [ 9.1284534, 48.8301714 ], [ 9.1294539, 48.8312364 ], [ 9.1302229, 48.8315918 ], [ 9.1307144, 48.8317571 ], [ 9.1310358, 48.8318251 ], [ 9.1325533, 48.8318878 ], [ 9.1359868, 48.832105 ], [ 9.1361432, 48.8312223 ], [ 9.1362811, 48.8311664 ], [ 9.1360259, 48.8310531 ], [ 9.1356516, 48.8308904 ], [ 9.1352904, 48.8307619 ], [ 9.1343081, 48.8305261 ], [ 9.1343422, 48.8303289 ], [ 9.1330218, 48.8299516 ], [ 9.1319546, 48.8296467 ], [ 9.1311546, 48.8294181 ], [ 9.1311558, 48.8296051 ], [ 9.1311474, 48.8296433 ], [ 9.1310394, 48.8301717 ], [ 9.1284006, 48.8299708 ], [ 9.1284121, 48.8301126 ], [ 9.1284534, 48.8301714 ] ] ] } },
{ "type": "Feature", "properties": { "element": "way", "id": 14472299, "name": "Gewerbegebiet Lange Furchäcker", "landuse": "industrial" }, "geometry": { "type": "Polygon", "coordinates": [ [ [ 9.313556, 48.8158818 ], [ 9.3161437, 48.8160687 ], [ 9.3170276, 48.8160943 ], [ 9.3174692, 48.8159107 ], [ 9.3175831, 48.8158084 ], [ 9.3176823, 48.8156606 ], [ 9.3175689, 48.8148086 ], [ 9.3163245, 48.8146817 ], [ 9.316336, 48.8146384 ], [ 9.3165918, 48.8134877 ], [ 9.3165971, 48.8134486 ], [ 9.3158295, 48.8133919 ], [ 9.3159775, 48.8123998 ], [ 9.316015, 48.8121268 ], [ 9.3161009, 48.8116564 ], [ 9.3141021, 48.8115207 ], [ 9.3125365, 48.8113967 ], [ 9.3122225, 48.8131342 ], [ 9.3103656, 48.8130062 ], [ 9.3101534, 48.8141477 ], [ 9.3102735, 48.8151596 ], [ 9.3116968, 48.8152594 ], [ 9.3118538, 48.8148857 ], [ 9.3136841, 48.8150209 ], [ 9.313556, 48.8158818 ] ] ] } },
{ "type": "Feature", "properties": { "element": "way", "id": 14506389, "name": "Krieger", "landuse": "industrial" }, "geometry": { "type": "Polygon", "coordinates": [ [ [ 9.2687849, 48.8720809 ], [ 9.269415, 48.8710323 ], [ 9.2702644, 48.8712425 ], [ 9.2707087, 48.8709146 ], [ 9.2707435, 48.8708889 ], [ 9.2712472, 48.8711716 ], [ 9.2718434, 48.8714838 ], [ 9.2722205, 48.8716628 ], [ 9.2726383, 48.8718576 ], [ 9.2729453, 48.871996 ], [ 9.2723452, 48.8728879 ], [ 9.2687849, 48.8720809 ] ] ] } },
{ "type": "Feature", "properties": { "element": "way", "id": 14508625, "name": "Gewerbegebiet Aldingen", "landuse": "industrial" }, "geometry": { "type": "Polygon", "coordinates": [ [ [ 9.2547852, 48.8608165 ], [ 9.2549863, 48.860749 ], [ 9.2552237, 48.8606952 ], [ 9.2556837, 48.8605266 ], [ 9.2558406, 48.8604278 ], [ 9.2561799, 48.8602902 ], [ 9.2560445, 48.8601181 ], [ 9.2560257, 48.8600581 ], [ 9.2560391, 48.859992 ], [ 9.2561585, 48.8598455 ], [ 9.2561343, 48.859684 ], [ 9.2561571, 48.8594749 ], [ 9.2564522, 48.859782 ], [ 9.2571767, 48.8603294 ], [ 9.2577079, 48.8607494 ], [ 9.2577799, 48.8607896 ], [ 9.2579127, 48.8609079 ], [ 9.2597581, 48.8627463 ], [ 9.2598549, 48.8627039 ], [ 9.2605971, 48.8623173 ], [ 9.2612761, 48.8620885 ], [ 9.2629703, 48.863986 ], [ 9.2623991, 48.8642352 ], [ 9.2622565, 48.8643534 ], [ 9.2622198, 48.8644017 ], [ 9.2626585, 48.8647782 ], [ 9.2629954, 48.8651241 ], [ 9.263674, 48.86481 ], [ 9.2639838, 48.8651074 ], [ 9.2638855, 48.8652052 ], [ 9.2638323, 48.8652582 ], [ 9.2643177, 48.8656464 ], [ 9.2631885, 48.8662163 ], [ 9.262754, 48.8658599 ], [ 9.2626556, 48.8657887 ], [ 9.2616519, 48.8663974 ], [ 9.261023, 48.8658067 ], [ 9.2604792, 48.8660704 ], [ 9.2583309, 48.8643351 ], [ 9.25745, 48.8635985 ], [ 9.2554127, 48.8616228 ], [ 9.2547852, 48.8608165 ] ] ] } },
{ "type": "Feature", "properties": { "element": "way", "id": 19802928, "name": "Gewerbegebiet Schießtal", "landuse": "industrial" }, "geometry": { "type": "Polygon", "coordinates": [ [ [ 9.2605459, 48.8943973 ], [ 9.2598366, 48.8946704 ], [ 9.2592019, 48.8941617 ], [ 9.2592613, 48.8940984 ], [ 9.2592698, 48.8939394 ], [ 9.2590625, 48.893775 ], [ 9.2587389, 48.8938483 ], [ 9.2585166, 48.8938219 ], [ 9.2581978, 48.8935533 ], [ 9.2588805, 48.8931815 ], [ 9.2589975, 48.8932356 ], [ 9.259764, 48.8928242 ], [ 9.2596595, 48.8927162 ], [ 9.2591897, 48.8923754 ], [ 9.2637559, 48.8898189 ], [ 9.2641206, 48.8895276 ], [ 9.2652638, 48.8886081 ], [ 9.2669821, 48.8881352 ], [ 9.2673784, 48.8887852 ], [ 9.2677794, 48.8896036 ], [ 9.2676217, 48.8899335 ], [ 9.2679846, 48.8901 ], [ 9.268147, 48.8902441 ], [ 9.2665583, 48.8922406 ], [ 9.2663155, 48.8925179 ], [ 9.2660662, 48.89269 ], [ 9.265989, 48.8926579 ], [ 9.2659565, 48.89268 ], [ 9.2659964, 48.8927304 ], [ 9.2652466, 48.8931608 ], [ 9.2645236, 48.8935401 ], [ 9.2636887, 48.893926 ], [ 9.2621905, 48.8945999 ], [ 9.2616666, 48.8939925 ], [ 9.2608662, 48.894272 ], [ 9.2605459, 48.8943973 ] ] ] } },
{ "type": "Feature", "properties": { "element": "way", "id": 19855154, "name": "Gewerbegebiet Hohenacker", "landuse": "industrial" }, "geometry": { "type": "Polygon", "coordinates": [ [ [ 9.3289121, 48.8649362 ], [ 9.3290435, 48.8647068 ], [ 9.3291789, 48.8644651 ], [ 9.3293622, 48.8641085 ], [ 9.3294592, 48.8639322 ], [ 9.329468, 48.8639162 ], [ 9.3296243, 48.8636323 ], [ 9.3297747, 48.8633564 ], [ 9.3298257, 48.8632661 ], [ 9.3298448, 48.8632323 ], [ 9.3283562, 48.8629856 ], [ 9.3268754, 48.8627496 ], [ 9.3270881, 48.8621512 ], [ 9.3268261, 48.8621119 ], [ 9.3250343, 48.8618359 ], [ 9.3250347, 48.8617155 ], [ 9.3240396, 48.8616579 ], [ 9.3229456, 48.8616233 ], [ 9.3218989, 48.8617286 ], [ 9.3219193, 48.8621605 ], [ 9.3220075, 48.8628313 ], [ 9.3219745, 48.8639949 ], [ 9.3220203, 48.8640247 ], [ 9.3230962, 48.8641153 ], [ 9.3241862, 48.8642018 ], [ 9.3289121, 48.8649362 ] ] ] } },
{ "type": "Feature", "properties": { "element": "way", "id": 20466593, "name": "Müllerheim", "landuse": "industrial" }, "geometry": { "type": "Polygon", "coordinates": [ [ [ 9.1188585, 48.853585 ], [ 9.1177072, 48.8546451 ], [ 9.1174672, 48.8548661 ], [ 9.1174971, 48.8549092 ], [ 9.1180209, 48.8549446 ], [ 9.1180093, 48.8549693 ], [ 9.1182829, 48.8549943 ], [ 9.1193464, 48.8551117 ], [ 9.119584, 48.8551429 ], [ 9.1196704, 48.8551512 ], [ 9.1202603, 48.8546157 ], [ 9.1205274, 48.8543795 ], [ 9.1206483, 48.8544775 ], [ 9.1209567, 48.8547159 ], [ 9.1210322, 48.8547721 ], [ 9.1212953, 48.8549529 ], [ 9.121562, 48.8551137 ], [ 9.1219851, 48.8553622 ], [ 9.1220465, 48.8553551 ], [ 9.1222991, 48.8554736 ], [ 9.122549, 48.8555613 ], [ 9.1227926, 48.8556319 ], [ 9.1231324, 48.855505 ], [ 9.1227043, 48.8549101 ], [ 9.1228626, 48.8548478 ], [ 9.1226804, 48.8545954 ], [ 9.1224852, 48.8543095 ], [ 9.1223277, 48.8540701 ], [ 9.1221924, 48.8538831 ], [ 9.1218168, 48.8539481 ], [ 9.1216038, 48.8538836 ], [ 9.1214075, 48.8537956 ], [ 9.1211872, 48.8535039 ], [ 9.1209756, 48.8533048 ], [ 9.120651, 48.8531434 ], [ 9.1204133, 48.8530955 ], [ 9.1201609, 48.8530643 ], [ 9.1196698, 48.8531748 ], [ 9.1194427, 48.8532476 ], [ 9.1192675, 48.8533378 ], [ 9.1189694, 48.8534895 ], [ 9.1188585, 48.853585 ] ] ] } },
{ "type": "Feature", "properties": { "element": "way", "id": 20467812, "name": null, "landuse": "industrial" }, "geometry": { "type": "Polygon", "coordinates": [ [ [ 9.1254815, 48.8483927 ], [ 9.1256668, 48.848537 ], [ 9.1259831, 48.8483394 ], [ 9.1260969, 48.8483161 ], [ 9.126162, 48.8483589 ], [ 9.1264944, 48.8486592 ], [ 9.1267487, 48.8485166 ], [ 9.126928, 48.8484173 ], [ 9.1272198, 48.8485313 ], [ 9.1276482, 48.8486206 ], [ 9.1283624, 48.8487387 ], [ 9.1285353, 48.8487109 ], [ 9.1288728, 48.8485619 ], [ 9.1302922, 48.8477696 ], [ 9.1309266, 48.8474155 ], [ 9.1316923, 48.8479496 ], [ 9.1315709, 48.8480451 ], [ 9.1312662, 48.8483529 ], [ 9.1312798, 48.8487554 ], [ 9.131956, 48.8483914 ], [ 9.1324876, 48.8481317 ], [ 9.1339796, 48.8474124 ], [ 9.1343899, 48.8472206 ], [ 9.1353884, 48.8466368 ], [ 9.1357161, 48.8468841 ], [ 9.1377374, 48.8457648 ], [ 9.1369404, 48.8451483 ], [ 9.1374011, 48.8448907 ], [ 9.1363292, 48.844062 ], [ 9.1370073, 48.8439253 ], [ 9.1376053, 48.8438839 ], [ 9.1383842, 48.843828 ], [ 9.1381796, 48.8436742 ], [ 9.1391142, 48.8433813 ], [ 9.1403507, 48.8429719 ], [ 9.141301, 48.8426437 ], [ 9.1410968, 48.842111 ], [ 9.1420015, 48.8419898 ], [ 9.1424467, 48.8419559 ], [ 9.1430192, 48.8419385 ], [ 9.1434078, 48.8419097 ], [ 9.1440049, 48.8418297 ], [ 9.1444789, 48.8417768 ], [ 9.1433956, 48.8413851 ], [ 9.1428811, 48.841166 ], [ 9.1424269, 48.8408657 ], [ 9.1421519, 48.840615 ], [ 9.1416618, 48.8403434 ], [ 9.1407304, 48.8407774 ], [ 9.1396566, 48.841345 ], [ 9.1385249, 48.841981 ], [ 9.1378547, 48.8423411 ], [ 9.135146, 48.8438343 ], [ 9.1339258, 48.8445083 ], [ 9.133708, 48.8440289 ], [ 9.1324531, 48.8447992 ], [ 9.1324624, 48.8448316 ], [ 9.1312061, 48.8455256 ], [ 9.129663, 48.8463734 ], [ 9.1293003, 48.8464906 ], [ 9.129289, 48.846496 ], [ 9.1281263, 48.8470582 ], [ 9.1271529, 48.8475378 ], [ 9.1270565, 48.8475468 ], [ 9.1254815, 48.8483927 ] ] ] } },
{ "type": "Feature", "properties": { "element": "way", "id": 20574749, "name": null, "landuse": "industrial" }, "geometry": { "type": "Polygon", "coordinates": [ [ [ 9.1568521, 48.835893 ], [ 9.1622577, 48.8369499 ], [ 9.1622697, 48.8369911 ], [ 9.1614443, 48.8379834 ], [ 9.1610456, 48.838147 ], [ 9.1579984, 48.8382537 ], [ 9.1566576, 48.8385904 ], [ 9.1554373, 48.8383431 ], [ 9.1556612, 48.8378807 ], [ 9.1558471, 48.8375914 ], [ 9.1562352, 48.8369875 ], [ 9.1565195, 48.8365921 ], [ 9.1567837, 48.8360782 ], [ 9.1568521, 48.835893 ] ] ] } },
{ "type": "Feature", "properties": { "element": "way", "id": 22604018, "name": "Bauhof + Recyclinghof Rommelshausen", "landuse": "industrial" }, "geometry": { "type": "Polygon", "coordinates": [ [ [ 9.3154029, 48.8034263 ], [ 9.315706, 48.8030878 ], [ 9.3155504, 48.8029377 ], [ 9.3153787, 48.8028105 ], [ 9.3148718, 48.8026126 ], [ 9.3144359, 48.8030446 ], [ 9.3141417, 48.8029345 ], [ 9.3137202, 48.8034165 ], [ 9.3142255, 48.8036292 ], [ 9.3147022, 48.8031472 ], [ 9.3154029, 48.8034263 ] ] ] } },
{ "type": "Feature", "properties": { "element": "way", "id": 22604023, "name": "Zweckverband Landeswasserversorgung", "landuse": "industrial" }, "geometry": { "type": "Polygon", "coordinates": [ [ [ 9.3123428, 48.8028292 ], [ 9.3129118, 48.8019327 ], [ 9.3124999, 48.8017406 ], [ 9.3122228, 48.8015587 ], [ 9.3120867, 48.8016908 ], [ 9.3120418, 48.8016675 ], [ 9.3117227, 48.8014804 ], [ 9.3114846, 48.8017982 ], [ 9.3111998, 48.802207 ], [ 9.3123428, 48.8028292 ] ] ] } },
{ "type": "Feature", "properties": { "element": "way", "id": 22719840, "name": "Klärwerk Plieningen", "landuse": "industrial" }, "geometry": { "type": "Polygon", "coordinates": [ [ [ 9.229558, 48.7112872 ], [ 9.2297057, 48.711011 ], [ 9.2299847, 48.7105518 ], [ 9.2301376, 48.7103791 ], [ 9.230227, 48.7103629 ], [ 9.2302471, 48.7103238 ], [ 9.2302945, 48.7102359 ], [ 9.2302387, 48.7101565 ], [ 9.2303228, 48.7100321 ], [ 9.2304684, 48.7099094 ], [ 9.2306003, 48.7098608 ], [ 9.2307614, 48.7098649 ], [ 9.2310022, 48.7099054 ], [ 9.2313534, 48.7100438 ], [ 9.2316305, 48.7102094 ], [ 9.2318175, 48.710313 ], [ 9.2320604, 48.7103957 ], [ 9.2326305, 48.7105357 ], [ 9.2327963, 48.7106941 ], [ 9.2328099, 48.7107913 ], [ 9.2327882, 48.7109335 ], [ 9.2327073, 48.7109801 ], [ 9.2326928, 48.7110072 ], [ 9.2326803, 48.7110308 ], [ 9.232537, 48.7110157 ], [ 9.2324217, 48.7109922 ], [ 9.2323981, 48.7110558 ], [ 9.2323852, 48.7112615 ], [ 9.23237, 48.7114053 ], [ 9.2323138, 48.71147 ], [ 9.2322806, 48.711497 ], [ 9.2322356, 48.7115162 ], [ 9.2319352, 48.7114135 ], [ 9.2317657, 48.7116316 ], [ 9.2315879, 48.7115679 ], [ 9.2314664, 48.7117474 ], [ 9.2313999, 48.7117597 ], [ 9.230618, 48.7115249 ], [ 9.230598, 48.7115662 ], [ 9.2304143, 48.7116136 ], [ 9.2300678, 48.7116882 ], [ 9.2295459, 48.7117865 ], [ 9.229551, 48.711469 ], [ 9.229646, 48.7114161 ], [ 9.2296156, 48.7113798 ], [ 9.229558, 48.7112872 ] ] ] } },
{ "type": "Feature", "properties": { "element": "way", "id": 22802786, "name": null, "landuse": "industrial" }, "geometry": { "type": "Polygon", "coordinates": [ [ [ 9.2448596, 48.7070565 ], [ 9.2447936, 48.707055 ], [ 9.2446698, 48.7070494 ], [ 9.2445605, 48.7070426 ], [ 9.2443399, 48.7070226 ], [ 9.2440352, 48.7069972 ], [ 9.2438767, 48.7069828 ], [ 9.2437971, 48.7069727 ], [ 9.2437667, 48.7069695 ], [ 9.2437459, 48.7069686 ], [ 9.2437268, 48.7069701 ], [ 9.2436797, 48.7069758 ], [ 9.2436522, 48.7069767 ], [ 9.2436253, 48.7069739 ], [ 9.2434263, 48.7069382 ], [ 9.2433985, 48.706932 ], [ 9.243378, 48.7069246 ], [ 9.2433588, 48.7069151 ], [ 9.2433272, 48.7068949 ], [ 9.2433122, 48.7068888 ], [ 9.2432957, 48.7068842 ], [ 9.2432826, 48.7068564 ], [ 9.2428294, 48.7067466 ], [ 9.2424666, 48.7066765 ], [ 9.2422412, 48.7066344 ], [ 9.2420368, 48.706591 ], [ 9.2417162, 48.7065166 ], [ 9.2414637, 48.7064658 ], [ 9.2412319, 48.7064294 ], [ 9.2408564, 48.7063772 ], [ 9.2408474, 48.7064191 ], [ 9.2408202, 48.706552 ], [ 9.2407324, 48.7070247 ], [ 9.2406857, 48.7072863 ], [ 9.2406143, 48.7076688 ], [ 9.2406811, 48.7077102 ], [ 9.2407648, 48.7078034 ], [ 9.2408838, 48.7079373 ], [ 9.2410925, 48.7081856 ], [ 9.2411974, 48.7082906 ], [ 9.241224, 48.708311 ], [ 9.2412578, 48.7083277 ], [ 9.2412894, 48.7083377 ], [ 9.2415212, 48.7083698 ], [ 9.2419026, 48.7084235 ], [ 9.2425507, 48.7085134 ], [ 9.2425691, 48.7084181 ], [ 9.2426368, 48.7084168 ], [ 9.2427903, 48.7084156 ], [ 9.2427908, 48.708538 ], [ 9.2429266, 48.7085374 ], [ 9.242928, 48.7086667 ], [ 9.2448802, 48.7086597 ], [ 9.2448848, 48.7085685 ], [ 9.2451198, 48.7085684 ], [ 9.2451278, 48.70864 ], [ 9.2451264, 48.7087204 ], [ 9.2451239, 48.7088677 ], [ 9.2451175, 48.7091606 ], [ 9.2454978, 48.7092236 ], [ 9.2455562, 48.709161 ], [ 9.2455556, 48.7088733 ], [ 9.2455862, 48.7088701 ], [ 9.24565, 48.7088554 ], [ 9.2456541, 48.7090698 ], [ 9.2458927, 48.7090685 ], [ 9.2459876, 48.7090759 ], [ 9.2460472, 48.7090943 ], [ 9.2461069, 48.7091226 ], [ 9.2461506, 48.7091494 ], [ 9.2461728, 48.7091705 ], [ 9.2462059, 48.7092124 ], [ 9.2462658, 48.7092522 ], [ 9.2463085, 48.7092746 ], [ 9.2463644, 48.7092892 ], [ 9.2465364, 48.7093146 ], [ 9.2467104, 48.7093334 ], [ 9.246995, 48.7093588 ], [ 9.2476758, 48.709422 ], [ 9.2485531, 48.7095036 ], [ 9.2489295, 48.7095298 ], [ 9.2489221, 48.7094187 ], [ 9.2489683, 48.7093798 ], [ 9.2490709, 48.7092991 ], [ 9.249112, 48.7092997 ], [ 9.249158, 48.7092999 ], [ 9.2491559, 48.709344 ], [ 9.2501693, 48.7093465 ], [ 9.2503906, 48.709346 ], [ 9.2504691, 48.7093458 ], [ 9.2516303, 48.7093434 ], [ 9.2519279, 48.7093428 ], [ 9.2525498, 48.7093404 ], [ 9.2530416, 48.7093173 ], [ 9.2531353, 48.7093129 ], [ 9.2531407, 48.7090174 ], [ 9.25369, 48.7090148 ], [ 9.2536794, 48.7086514 ], [ 9.2536712, 48.7086169 ], [ 9.2536616, 48.7085835 ], [ 9.2537089, 48.708574 ], [ 9.253731, 48.7085696 ], [ 9.2544288, 48.7084419 ], [ 9.2550583, 48.7083258 ], [ 9.2549339, 48.7080394 ], [ 9.2549271, 48.7080242 ], [ 9.2548971, 48.7079514 ], [ 9.2548915, 48.707952 ], [ 9.2548767, 48.7079152 ], [ 9.2548655, 48.7078889 ], [ 9.2547886, 48.707903 ], [ 9.2547737, 48.7079035 ], [ 9.2547588, 48.7079015 ], [ 9.254746, 48.7078979 ], [ 9.2547357, 48.7078927 ], [ 9.2547261, 48.7078852 ], [ 9.2547206, 48.7078778 ], [ 9.2546272, 48.7076424 ], [ 9.2542511, 48.7077145 ], [ 9.2537278, 48.7078017 ], [ 9.2536214, 48.7077467 ], [ 9.253623, 48.7077049 ], [ 9.2536219, 48.7075759 ], [ 9.2536235, 48.7074053 ], [ 9.253621, 48.7072242 ], [ 9.2536231, 48.7070346 ], [ 9.2536234, 48.7068728 ], [ 9.2536219, 48.7068587 ], [ 9.2536168, 48.706847 ], [ 9.2536067, 48.7068353 ], [ 9.2535907, 48.706823 ], [ 9.2535573, 48.7066305 ], [ 9.2535539, 48.7066114 ], [ 9.253545, 48.7065912 ], [ 9.2535337, 48.7065781 ], [ 9.2535154, 48.7065653 ], [ 9.2534949, 48.7065545 ], [ 9.2534723, 48.7065474 ], [ 9.2534482, 48.7065429 ], [ 9.2534275, 48.7065409 ], [ 9.253405, 48.7065407 ], [ 9.2534006, 48.7065265 ], [ 9.2531675, 48.7065537 ], [ 9.2529588, 48.7065748 ], [ 9.2525978, 48.706607 ], [ 9.2522422, 48.7066332 ], [ 9.2518362, 48.706659 ], [ 9.2513499, 48.7066904 ], [ 9.2509417, 48.7067189 ], [ 9.2505786, 48.7067437 ], [ 9.2504875, 48.706752 ], [ 9.2503114, 48.7067745 ], [ 9.2501032, 48.7067944 ], [ 9.2497067, 48.7068203 ], [ 9.2494342, 48.7068376 ], [ 9.2493409, 48.7068443 ], [ 9.2492513, 48.7068485 ], [ 9.2492329, 48.706851 ], [ 9.2492174, 48.7068558 ], [ 9.2492037, 48.7068636 ], [ 9.2491929, 48.7068726 ], [ 9.2491857, 48.7068825 ], [ 9.2491823, 48.7068933 ], [ 9.2491822, 48.7069023 ], [ 9.2489614, 48.7069244 ], [ 9.2489597, 48.7069198 ], [ 9.2489547, 48.7069159 ], [ 9.2489473, 48.7069132 ], [ 9.2489276, 48.7069093 ], [ 9.2489012, 48.7069059 ], [ 9.2487805, 48.7068996 ], [ 9.2487093, 48.7068983 ], [ 9.2486268, 48.7068999 ], [ 9.248548, 48.706904 ], [ 9.2482365, 48.706924 ], [ 9.2478183, 48.7069529 ], [ 9.2474005, 48.7069795 ], [ 9.2470131, 48.7070041 ], [ 9.2466891, 48.707025 ], [ 9.2464437, 48.70704 ], [ 9.2462222, 48.7070536 ], [ 9.2460701, 48.7070606 ], [ 9.2459251, 48.7070651 ], [ 9.2457669, 48.7070703 ], [ 9.2455585, 48.7070744 ], [ 9.2454095, 48.7070735 ], [ 9.2452341, 48.7070702 ], [ 9.2450738, 48.707065 ], [ 9.2448596, 48.7070565 ] ] ] } },
{ "type": "Feature", "properties": { "element": "way", "id": 22803375, "name": null, "landuse": "industrial" }, "geometry": { "type": "Polygon", "coordinates": [ [ [ 9.3079813, 48.7034826 ], [ 9.3096465, 48.7039231 ], [ 9.3098196, 48.7039698 ], [ 9.310463, 48.7041503 ], [ 9.3121583, 48.7047417 ], [ 9.3124421, 48.7048454 ], [ 9.3127168, 48.7049509 ], [ 9.3134933, 48.7037689 ], [ 9.3135516, 48.7037064 ], [ 9.3137989, 48.7037714 ], [ 9.3142459, 48.7038908 ], [ 9.3146628, 48.704005 ], [ 9.314919, 48.7040731 ], [ 9.3149585, 48.7040804 ], [ 9.3149958, 48.7040822 ], [ 9.3150317, 48.7040797 ], [ 9.3150686, 48.7040743 ], [ 9.315102, 48.7040659 ], [ 9.3151302, 48.7040545 ], [ 9.3152533, 48.7041903 ], [ 9.3152612, 48.7041966 ], [ 9.3154395, 48.704251 ], [ 9.3164108, 48.7045187 ], [ 9.3174596, 48.7047944 ], [ 9.3177811, 48.7043462 ], [ 9.3178947, 48.7040774 ], [ 9.3176336, 48.704015 ], [ 9.3177113, 48.7038455 ], [ 9.3179649, 48.7039057 ], [ 9.318088, 48.7036043 ], [ 9.3182355, 48.7030732 ], [ 9.3183106, 48.7027812 ], [ 9.3184528, 48.7024749 ], [ 9.317455, 48.7022138 ], [ 9.3166704, 48.7020156 ], [ 9.3165565, 48.7019926 ], [ 9.3161313, 48.7020678 ], [ 9.3160281, 48.7020758 ], [ 9.3159141, 48.7020802 ], [ 9.3157679, 48.7020634 ], [ 9.3146682, 48.7017722 ], [ 9.3139641, 48.7028511 ], [ 9.3139319, 48.7028945 ], [ 9.3125036, 48.7025298 ], [ 9.3118291, 48.7023439 ], [ 9.3113315, 48.7021767 ], [ 9.310317, 48.7018186 ], [ 9.3102546, 48.701808 ], [ 9.3102063, 48.7018116 ], [ 9.3101741, 48.7018164 ], [ 9.3101453, 48.7018257 ], [ 9.3101078, 48.701847 ], [ 9.3100206, 48.7019076 ], [ 9.3098376, 48.7020256 ], [ 9.3090412, 48.7026358 ], [ 9.3088622, 48.702773 ], [ 9.3088592, 48.7027835 ], [ 9.3088083, 48.7028237 ], [ 9.3088121, 48.7028397 ], [ 9.3088313, 48.7028775 ], [ 9.3088317, 48.7029123 ], [ 9.3088317, 48.7029473 ], [ 9.3088121, 48.7029801 ], [ 9.3087909, 48.7030005 ], [ 9.3087603, 48.7030269 ], [ 9.3087187, 48.7030512 ], [ 9.3086678, 48.7030664 ], [ 9.3085998, 48.7030742 ], [ 9.308551, 48.7030731 ], [ 9.3084905, 48.7030615 ], [ 9.3079704, 48.7034438 ], [ 9.3079813, 48.7034826 ] ] ] } },
{ "type": "Feature", "properties": { "element": "way", "id": 22888504, "name": "Umspannwerk Echterdingen Nord", "landuse": "industrial" }, "geometry": { "type": "Polygon", "coordinates": [ [ [ 9.1711298, 48.7035138 ], [ 9.1711733, 48.7031883 ], [ 9.1711861, 48.7030746 ], [ 9.1712535, 48.7030786 ], [ 9.171291, 48.7031337 ], [ 9.171342, 48.703139 ], [ 9.1717546, 48.7031661 ], [ 9.1718439, 48.7031717 ], [ 9.1719344, 48.7031516 ], [ 9.172722, 48.7032255 ], [ 9.172898, 48.7032681 ], [ 9.1729173, 48.703289 ], [ 9.1728152, 48.703737 ], [ 9.1717027, 48.7036412 ], [ 9.1713393, 48.703574 ], [ 9.1713455, 48.7035552 ], [ 9.1711298, 48.7035138 ] ] ] } },
{ "type": "Feature", "properties": { "element": "way", "id": 22960899, "name": "Umspannwerk Mühlhausen", "landuse": "industrial" }, "geometry": { "type": "Polygon", "coordinates": [ [ [ 9.2139841, 48.852172 ], [ 9.214875, 48.8534145 ], [ 9.2163153, 48.852914 ], [ 9.2178543, 48.8523811 ], [ 9.2170021, 48.8514424 ], [ 9.21645, 48.8516175 ], [ 9.2161088, 48.8511941 ], [ 9.2151207, 48.8515513 ], [ 9.2139841, 48.852172 ] ] ] } },
{ "type": "Feature", "properties": { "element": "way", "id": 22994072, "name": null, "landuse": "industrial" }, "geometry": { "type": "Polygon", "coordinates": [ [ [ 9.1292686, 48.7050227 ], [ 9.1291951, 48.7050227 ], [ 9.1279573, 48.7050293 ], [ 9.1278953, 48.7050673 ], [ 9.1278721, 48.7051786 ], [ 9.1278702, 48.7052645 ], [ 9.1278694, 48.7053711 ], [ 9.127873, 48.7054811 ], [ 9.1278763, 48.7055462 ], [ 9.1278795, 48.7056428 ], [ 9.1278822, 48.7057158 ], [ 9.1278869, 48.7058048 ], [ 9.1278975, 48.7059004 ], [ 9.1277495, 48.7059101 ], [ 9.1275963, 48.7059201 ], [ 9.1274732, 48.7059281 ], [ 9.127352, 48.705936 ], [ 9.1272202, 48.7059446 ], [ 9.1270499, 48.7059558 ], [ 9.1269086, 48.705965 ], [ 9.1267963, 48.7059804 ], [ 9.1267366, 48.7059887 ], [ 9.1266787, 48.7060119 ], [ 9.1266454, 48.7060437 ], [ 9.1266239, 48.7060884 ], [ 9.1266155, 48.7061249 ], [ 9.1266123, 48.706149 ], [ 9.1264707, 48.7061205 ], [ 9.1263419, 48.7061908 ], [ 9.1261783, 48.7063272 ], [ 9.1259872, 48.7064475 ], [ 9.125798, 48.7065607 ], [ 9.1257131, 48.7070924 ], [ 9.1264729, 48.7070311 ], [ 9.1264195, 48.7076114 ], [ 9.1269837, 48.7076359 ], [ 9.1287636, 48.7078703 ], [ 9.1288197, 48.7072661 ], [ 9.1290227, 48.7072751 ], [ 9.1290561, 48.7071984 ], [ 9.1290917, 48.7071675 ], [ 9.1291171, 48.7071185 ], [ 9.1291361, 48.7070522 ], [ 9.1291777, 48.7067181 ], [ 9.1292, 48.7065138 ], [ 9.1292194, 48.7061808 ], [ 9.1292286, 48.7059937 ], [ 9.1292479, 48.7058122 ], [ 9.1292622, 48.7057645 ], [ 9.1292736, 48.705722 ], [ 9.1292817, 48.7056748 ], [ 9.1292819, 48.7055222 ], [ 9.1292799, 48.7053625 ], [ 9.1292746, 48.7051983 ], [ 9.1292686, 48.7050227 ] ] ] } },
{ "type": "Feature", "properties": { "element": "way", "id": 23030959, "name": "SSB Stadtbahnbetriebshof Möhringen BF2", "landuse": "industrial" }, "geometry": { "type": "Polygon", "coordinates": [ [ [ 9.1321908, 48.7233782 ], [ 9.1319033, 48.7211217 ], [ 9.1319388, 48.7211197 ], [ 9.1319923, 48.7211168 ], [ 9.1320438, 48.7211139 ], [ 9.1321092, 48.7211102 ], [ 9.1321653, 48.7211071 ], [ 9.1322171, 48.7211043 ], [ 9.1322715, 48.7211012 ], [ 9.1323382, 48.7210976 ], [ 9.132392, 48.7210946 ], [ 9.1324468, 48.7210915 ], [ 9.1325201, 48.7210875 ], [ 9.1325256, 48.7211305 ], [ 9.1325021, 48.7211318 ], [ 9.1325913, 48.7218325 ], [ 9.1326145, 48.7218313 ], [ 9.1326201, 48.7218751 ], [ 9.1325981, 48.7218764 ], [ 9.1326848, 48.7225571 ], [ 9.1327066, 48.7225559 ], [ 9.1327117, 48.7225958 ], [ 9.1326851, 48.7225972 ], [ 9.1327757, 48.7233085 ], [ 9.1328021, 48.7233071 ], [ 9.1328068, 48.7233441 ], [ 9.1327293, 48.7233484 ], [ 9.1326792, 48.7233511 ], [ 9.1326226, 48.7233543 ], [ 9.1325606, 48.7233577 ], [ 9.132505, 48.7233608 ], [ 9.1324485, 48.7233639 ], [ 9.1323958, 48.7233669 ], [ 9.1323321, 48.7233704 ], [ 9.1322789, 48.7233733 ], [ 9.1322255, 48.7233763 ], [ 9.1321908, 48.7233782 ] ] ] } },
{ "type": "Feature", "properties": { "element": "way", "id": 23030984, "name": "SSB-Zentrum", "landuse": "industrial" }, "geometry": { "type": "Polygon", "coordinates": [ [ [ 9.1345778, 48.724616 ], [ 9.1318364, 48.7250419 ], [ 9.1319873, 48.7247204 ], [ 9.1320643, 48.7241586 ], [ 9.1316847, 48.7231838 ], [ 9.1316549, 48.7222073 ], [ 9.131844, 48.7211653 ], [ 9.1318447, 48.7210849 ], [ 9.1318962, 48.7209774 ], [ 9.1317846, 48.7201733 ], [ 9.131789, 48.7201024 ], [ 9.1318312, 48.7199918 ], [ 9.1319543, 48.719857 ], [ 9.132097, 48.7197631 ], [ 9.1321952, 48.719696 ], [ 9.1323596, 48.719624 ], [ 9.1325174, 48.7195728 ], [ 9.1327105, 48.7195316 ], [ 9.1329558, 48.7195071 ], [ 9.1331546, 48.7195119 ], [ 9.1333847, 48.7195705 ], [ 9.133562, 48.7196634 ], [ 9.1336745, 48.7197739 ], [ 9.1337587, 48.7199015 ], [ 9.133823, 48.7201413 ], [ 9.1338347, 48.7202939 ], [ 9.1338561, 48.7203615 ], [ 9.1338513, 48.7215068 ], [ 9.1338477, 48.7215281 ], [ 9.1338463, 48.7215352 ], [ 9.1338596, 48.7217785 ], [ 9.1339292, 48.7217796 ], [ 9.1340136, 48.7224699 ], [ 9.1339363, 48.7227254 ], [ 9.1339938, 48.7233257 ], [ 9.1340329, 48.723601 ], [ 9.1340012, 48.7237031 ], [ 9.134047, 48.7241968 ], [ 9.1340655, 48.7242923 ], [ 9.134161, 48.7243855 ], [ 9.1342319, 48.7244333 ], [ 9.1342906, 48.7244629 ], [ 9.1343341, 48.7244799 ], [ 9.1343853, 48.7244942 ], [ 9.1344502, 48.7245068 ], [ 9.134531, 48.7245197 ], [ 9.1345967, 48.7245418 ], [ 9.1345778, 48.724616 ] ] ] } },
{ "type": "Feature", "properties": { "element": "way", "id": 23039873, "name": "Wasserwerk Gallenklinge", "landuse": "industrial" }, "geometry": { "type": "Polygon", "coordinates": [ [ [ 9.1285351, 48.7702724 ], [ 9.1281417, 48.7706086 ], [ 9.1286065, 48.7708638 ], [ 9.1293918, 48.7710075 ], [ 9.1299854, 48.7711003 ], [ 9.1301651, 48.7710871 ], [ 9.1302574, 48.7710646 ], [ 9.1301851, 48.7706728 ], [ 9.1301638, 48.7705719 ], [ 9.130209, 48.7703646 ], [ 9.1305757, 48.7704098 ], [ 9.1306018, 48.7701203 ], [ 9.1305094, 48.769871 ], [ 9.1302399, 48.7699016 ], [ 9.1300398, 48.76988 ], [ 9.1298325, 48.7698252 ], [ 9.1296083, 48.7697351 ], [ 9.1293631, 48.7698184 ], [ 9.1289293, 48.7697332 ], [ 9.1287024, 48.769833 ], [ 9.1283974, 48.7698728 ], [ 9.1283981, 48.7698956 ], [ 9.1283546, 48.7700749 ], [ 9.1284574, 48.770233 ], [ 9.1285351, 48.7702724 ] ] ] } },
{ "type": "Feature", "properties": { "element": "way", "id": 23039938, "name": "Robert Bosch GmbH", "landuse": "industrial" }, "geometry": { "type": "Polygon", "coordinates": [ [ [ 9.0593401, 48.7869047 ], [ 9.0594963, 48.7846577 ], [ 9.060695, 48.7844379 ], [ 9.0635011, 48.7839938 ], [ 9.0636641, 48.7840502 ], [ 9.0639302, 48.7842651 ], [ 9.0644061, 48.784766 ], [ 9.0645482, 48.7849155 ], [ 9.0649259, 48.7857921 ], [ 9.0648915, 48.7866177 ], [ 9.0636362, 48.786773 ], [ 9.063501, 48.7870852 ], [ 9.0628892, 48.7870784 ], [ 9.0620486, 48.7870817 ], [ 9.0610031, 48.7870279 ], [ 9.0601131, 48.7869895 ], [ 9.0593401, 48.7869047 ] ] ] } },
{ "type": "Feature", "properties": { "element": "way", "id": 23095370, "name": null, "landuse": "industrial" }, "geometry": { "type": "Polygon", "coordinates": [ [ [ 9.1089518, 48.8211591 ], [ 9.1089291, 48.8210285 ], [ 9.1093542, 48.8210599 ], [ 9.109697, 48.8211382 ], [ 9.110022, 48.8210157 ], [ 9.1104962, 48.8210218 ], [ 9.1117734, 48.8214872 ], [ 9.1126271, 48.8219479 ], [ 9.1124997, 48.822046 ], [ 9.1123831, 48.8222938 ], [ 9.1123631, 48.8223489 ], [ 9.1126724, 48.8225771 ], [ 9.1126038, 48.8227637 ], [ 9.1131338, 48.8230499 ], [ 9.1130739, 48.8231528 ], [ 9.112893, 48.8233492 ], [ 9.1129379, 48.8233882 ], [ 9.1127344, 48.8237274 ], [ 9.1126932, 48.8237976 ], [ 9.1123774, 48.8237128 ], [ 9.1116506, 48.8234688 ], [ 9.1114507, 48.8234742 ], [ 9.1111614, 48.8233798 ], [ 9.1111016, 48.8233565 ], [ 9.1110465, 48.8233372 ], [ 9.1109202, 48.823293 ], [ 9.1106979, 48.8231565 ], [ 9.1098462, 48.8227204 ], [ 9.1089226, 48.8222303 ], [ 9.1085802, 48.8220512 ], [ 9.1083735, 48.8218996 ], [ 9.1081617, 48.8215842 ], [ 9.108175, 48.8215011 ], [ 9.1089518, 48.8211591 ] ] ] } },
{ "type": "Feature", "properties": { "element": "way", "id": 23619287, "name": null, "landuse": "industrial" }, "geometry": { "type": "Polygon", "coordinates": [ [ [ 9.1464212, 48.8382459 ], [ 9.1465112, 48.838325 ], [ 9.1471379, 48.8385355 ], [ 9.1484474, 48.8379759 ], [ 9.1484503, 48.8378026 ], [ 9.1496395, 48.8374202 ], [ 9.1500256, 48.8372057 ], [ 9.1489489, 48.8367512 ], [ 9.1479333, 48.8372737 ], [ 9.147943, 48.8373298 ], [ 9.1479337, 48.8373643 ], [ 9.1479046, 48.8373927 ], [ 9.147612, 48.8375484 ], [ 9.1474809, 48.8375979 ], [ 9.1472254, 48.8376943 ], [ 9.1467869, 48.8378989 ], [ 9.1468065, 48.837924 ], [ 9.1468097, 48.8379577 ], [ 9.1467884, 48.8379905 ], [ 9.1467351, 48.8380165 ], [ 9.1466888, 48.8380208 ], [ 9.1466396, 48.838011 ], [ 9.1466082, 48.8379937 ], [ 9.14658, 48.8380251 ], [ 9.1465012, 48.8381371 ], [ 9.1464212, 48.8382459 ] ] ] } },
{ "type": "Feature", "properties": { "element": "way", "id": 23782989, "name": null, "landuse": "industrial" }, "geometry": { "type": "Polygon", "coordinates": [ [ [ 9.2059619, 48.763111 ], [ 9.2062615, 48.7632577 ], [ 9.2063121, 48.7632865 ], [ 9.2065054, 48.7633909 ], [ 9.2066623, 48.7635256 ], [ 9.2065442, 48.7635733 ], [ 9.206517, 48.7635423 ], [ 9.2063353, 48.7636973 ], [ 9.2063122, 48.7637124 ], [ 9.2061038, 48.7636125 ], [ 9.2061646, 48.7635259 ], [ 9.2058338, 48.763412 ], [ 9.2056542, 48.7634064 ], [ 9.2056636, 48.7633916 ], [ 9.2057691, 48.7632845 ], [ 9.2059619, 48.763111 ] ] ] } },
{ "type": "Feature", "properties": { "element": "way", "id": 24020027, "name": null, "landuse": "industrial" }, "geometry": { "type": "Polygon", "coordinates": [ [ [ 9.1246911, 48.7776671 ], [ 9.1255846, 48.7774597 ], [ 9.1255436, 48.7773746 ], [ 9.1255148, 48.7773201 ], [ 9.125487, 48.7772645 ], [ 9.1251118, 48.7767684 ], [ 9.1248381, 48.7764196 ], [ 9.1247112, 48.7762697 ], [ 9.124621, 48.7762632 ], [ 9.1245279, 48.7763913 ], [ 9.124404, 48.7765138 ], [ 9.1244028, 48.7766408 ], [ 9.1244203, 48.7766808 ], [ 9.1244554, 48.7767663 ], [ 9.1245191, 48.7771309 ], [ 9.1246111, 48.7774176 ], [ 9.1246183, 48.7774402 ], [ 9.1246911, 48.7776671 ] ] ] } },
{ "type": "Feature", "properties": { "element": "way", "id": 24020057, "name": null, "landuse": "industrial" }, "geometry": { "type": "Polygon", "coordinates": [ [ [ 9.1308531, 48.7731071 ], [ 9.1324128, 48.7730886 ], [ 9.132397, 48.7727909 ], [ 9.1308389, 48.7726717 ], [ 9.1308531, 48.7731071 ] ] ] } },
{ "type": "Feature", "properties": { "element": "way", "id": 24024845, "name": null, "landuse": "industrial" }, "geometry": { "type": "Polygon", "coordinates": [ [ [ 9.1237941, 48.7767489 ], [ 9.1240407, 48.7769299 ], [ 9.123912, 48.7769978 ], [ 9.1241609, 48.7772183 ], [ 9.1245191, 48.7771309 ], [ 9.1244554, 48.7767663 ], [ 9.1244203, 48.7766808 ], [ 9.1244028, 48.7766408 ], [ 9.1243504, 48.7765067 ], [ 9.1237941, 48.7767489 ] ] ] } },
{ "type": "Feature", "properties": { "element": "way", "id": 24497540, "name": "Netze BW Umspannwerk Degerloch", "landuse": "industrial" }, "geometry": { "type": "Polygon", "coordinates": [ [ [ 9.1768345, 48.7555297 ], [ 9.1767158, 48.7557346 ], [ 9.1766698, 48.755723 ], [ 9.1766263, 48.755712 ], [ 9.1764136, 48.7556585 ], [ 9.1758924, 48.7555273 ], [ 9.1754626, 48.7554191 ], [ 9.1755323, 48.7552987 ], [ 9.1757598, 48.7549057 ], [ 9.1770131, 48.7552212 ], [ 9.1768345, 48.7555297 ] ] ] } },
{ "type": "Feature", "properties": { "element": "way", "id": 24522852, "name": "Im Vogelsang", "landuse": "industrial" }, "geometry": { "type": "Polygon", "coordinates": [ [ [ 9.1387674, 48.7696143 ], [ 9.1388929, 48.7697578 ], [ 9.1390422, 48.7699285 ], [ 9.1395126, 48.7699801 ], [ 9.1397478, 48.7699105 ], [ 9.1404704, 48.7705665 ], [ 9.1400354, 48.7709607 ], [ 9.1407193, 48.7712437 ], [ 9.145136, 48.7684659 ], [ 9.1457719, 48.7680278 ], [ 9.145591, 48.7678532 ], [ 9.1445761, 48.7683326 ], [ 9.1438637, 48.768491 ], [ 9.1432543, 48.7685419 ], [ 9.1426878, 48.7685079 ], [ 9.142087, 48.7683778 ], [ 9.1417179, 48.7682364 ], [ 9.1405935, 48.7675066 ], [ 9.1397352, 48.7672407 ], [ 9.1383104, 48.7669579 ], [ 9.1379757, 48.7670088 ], [ 9.1374779, 48.7671615 ], [ 9.1373836, 48.7672939 ], [ 9.1373663, 48.7674161 ], [ 9.1373855, 48.7675567 ], [ 9.1374864, 48.7676933 ], [ 9.1375509, 48.7678754 ], [ 9.1373148, 48.7682816 ], [ 9.1370497, 48.7683772 ], [ 9.1371743, 48.7689018 ], [ 9.1376924, 48.7688996 ], [ 9.1379447, 48.7689652 ], [ 9.1387674, 48.7696143 ] ] ] } },
{ "type": "Feature", "properties": { "element": "way", "id": 24551970, "name": "Gaswerk Stuttgart-Gaisburg", "landuse": "industrial" }, "geometry": { "type": "Polygon", "coordinates": [ [ [ 9.2141072, 48.793516 ], [ 9.2158409, 48.7939514 ], [ 9.2183472, 48.7915313 ], [ 9.2199365, 48.7902186 ], [ 9.2207519, 48.7895796 ], [ 9.2215562, 48.7890738 ], [ 9.2205618, 48.7882961 ], [ 9.2198878, 48.7878529 ], [ 9.2194243, 48.7876313 ], [ 9.2193196, 48.787595 ], [ 9.2192835, 48.7876247 ], [ 9.219253, 48.7876946 ], [ 9.2191934, 48.7876833 ], [ 9.2191341, 48.7876708 ], [ 9.2191564, 48.7876127 ], [ 9.2191839, 48.7875414 ], [ 9.2186738, 48.7873028 ], [ 9.2185383, 48.7872682 ], [ 9.2181344, 48.7870774 ], [ 9.218045, 48.7870504 ], [ 9.2179663, 48.7870694 ], [ 9.2178739, 48.7871132 ], [ 9.2176753, 48.7872796 ], [ 9.2174458, 48.7874429 ], [ 9.2172247, 48.7875999 ], [ 9.2168756, 48.7877802 ], [ 9.2164683, 48.7879123 ], [ 9.2156263, 48.7881163 ], [ 9.2152177, 48.7882536 ], [ 9.2148975, 48.788404 ], [ 9.2144588, 48.7886823 ], [ 9.2145799, 48.7896029 ], [ 9.2148322, 48.7899522 ], [ 9.214904, 48.7905261 ], [ 9.2151622, 48.7906314 ], [ 9.2153448, 48.7912137 ], [ 9.2156523, 48.7916457 ], [ 9.2149147, 48.7924598 ], [ 9.2151675, 48.7926002 ], [ 9.2152513, 48.7926335 ], [ 9.2141072, 48.793516 ] ] ] } },
{ "type": "Feature", "properties": { "element": "way", "id": 24833234, "name": null, "landuse": "industrial" }, "geometry": { "type": "Polygon", "coordinates": [ [ [ 9.1796672, 48.8337724 ], [ 9.1797091, 48.8338847 ], [ 9.1795296, 48.8339526 ], [ 9.179232, 48.8340723 ], [ 9.1789232, 48.8341969 ], [ 9.1788099, 48.8340782 ], [ 9.1787278, 48.8341059 ], [ 9.1784627, 48.8338945 ], [ 9.1796672, 48.8337724 ] ] ] } },
{ "type": "Feature", "properties": { "element": "way", "id": 24839093, "name": null, "landuse": "industrial" }, "geometry": { "type": "Polygon", "coordinates": [ [ [ 9.1870756, 48.8374494 ], [ 9.1873257, 48.8371275 ], [ 9.1914097, 48.8379083 ], [ 9.1911518, 48.8382828 ], [ 9.1907875, 48.8387776 ], [ 9.1877339, 48.8382295 ], [ 9.1880461, 48.8377741 ], [ 9.1876347, 48.8376777 ], [ 9.1875932, 48.83772 ], [ 9.1869989, 48.8375369 ], [ 9.1870756, 48.8374494 ] ] ] } },
{ "type": "Feature", "properties": { "element": "way", "id": 24956116, "name": null, "landuse": "industrial" }, "geometry": { "type": "Polygon", "coordinates": [ [ [ 9.1005814, 48.8218893 ], [ 9.1029574, 48.8220164 ], [ 9.1029465, 48.8221685 ], [ 9.1035424, 48.8222206 ], [ 9.1040113, 48.8222616 ], [ 9.1040883, 48.8222673 ], [ 9.1042039, 48.8218954 ], [ 9.1042822, 48.8217559 ], [ 9.1043947, 48.8216657 ], [ 9.1046181, 48.8215191 ], [ 9.1053805, 48.8210025 ], [ 9.1060737, 48.8205104 ], [ 9.1061919, 48.820417 ], [ 9.1060887, 48.8203446 ], [ 9.1060504, 48.8202543 ], [ 9.1057583, 48.8202012 ], [ 9.1049849, 48.8201334 ], [ 9.1046691, 48.820121 ], [ 9.1045653, 48.8201132 ], [ 9.1040941, 48.8200741 ], [ 9.1027952, 48.8199659 ], [ 9.1018141, 48.81984 ], [ 9.10175, 48.8198317 ], [ 9.1008434, 48.8197153 ], [ 9.1005229, 48.8196742 ], [ 9.0992811, 48.8196042 ], [ 9.0991267, 48.8195839 ], [ 9.0988375, 48.8195749 ], [ 9.0984409, 48.819527 ], [ 9.0980735, 48.820376 ], [ 9.0976524, 48.8208797 ], [ 9.0973499, 48.821185 ], [ 9.097098, 48.8218299 ], [ 9.0987796, 48.8218569 ], [ 9.098845, 48.8217714 ], [ 9.1005814, 48.8218893 ] ] ] } },
{ "type": "Feature", "properties": { "element": "way", "id": 24996000, "name": "Mercedes-Benz Werkteil Hedelfingen", "landuse": "industrial" }, "geometry": { "type": "Polygon", "coordinates": [ [ [ 9.2670789, 48.7563643 ], [ 9.267071, 48.7566384 ], [ 9.2670389, 48.756815 ], [ 9.2669984, 48.7570026 ], [ 9.2668876, 48.7574221 ], [ 9.2667161, 48.7577772 ], [ 9.2665545, 48.7577588 ], [ 9.2664824, 48.7579765 ], [ 9.2661305, 48.7587857 ], [ 9.2658221, 48.7592882 ], [ 9.2656966, 48.7595399 ], [ 9.2654827, 48.7601408 ], [ 9.2653657, 48.7605297 ], [ 9.2654053, 48.7605466 ], [ 9.2653024, 48.7608549 ], [ 9.2651531, 48.7610916 ], [ 9.2651047, 48.7611574 ], [ 9.2649184, 48.7614424 ], [ 9.264859, 48.7615285 ], [ 9.2647187, 48.7617337 ], [ 9.2645674, 48.7619431 ], [ 9.2642931, 48.7621671 ], [ 9.2641922, 48.7622009 ], [ 9.2639383, 48.7623911 ], [ 9.2637826, 48.7624331 ], [ 9.2636729, 48.7624097 ], [ 9.2641925, 48.7613597 ], [ 9.2644676, 48.7609569 ], [ 9.2642396, 48.7608858 ], [ 9.263097, 48.7625626 ], [ 9.2630142, 48.7626044 ], [ 9.2628971, 48.7626101 ], [ 9.2613046, 48.7620269 ], [ 9.2612884, 48.762046 ], [ 9.2606981, 48.761825 ], [ 9.2606833, 48.7618055 ], [ 9.26051, 48.7617404 ], [ 9.2605455, 48.7616765 ], [ 9.2605853, 48.761605 ], [ 9.2605682, 48.7615994 ], [ 9.260554, 48.7615947 ], [ 9.2616201, 48.7599964 ], [ 9.2617055, 48.7599411 ], [ 9.2619617, 48.759565 ], [ 9.2622441, 48.7592388 ], [ 9.262416, 48.7590003 ], [ 9.2624409, 48.7589693 ], [ 9.2634883, 48.7578986 ], [ 9.2643128, 48.7566633 ], [ 9.2651881, 48.7553519 ], [ 9.2657449, 48.7545008 ], [ 9.2657958, 48.7543677 ], [ 9.2658064, 48.754324 ], [ 9.2658153, 48.7542432 ], [ 9.2658131, 48.7541428 ], [ 9.2659854, 48.7541218 ], [ 9.2661567, 48.7540829 ], [ 9.2661876, 48.7542023 ], [ 9.2662095, 48.7542788 ], [ 9.2662499, 48.7543798 ], [ 9.2662942, 48.7544782 ], [ 9.2663873, 48.7547016 ], [ 9.2665712, 48.7550458 ], [ 9.2668868, 48.7555303 ], [ 9.2669717, 48.7557197 ], [ 9.2670153, 48.7559288 ], [ 9.2670789, 48.7563643 ] ] ] } },
{ "type": "Feature", "properties": { "element": "way", "id": 25306869, "name": "Mercedes-Benz Werkteil Mettingen (4)", "landuse": "industrial" }, "geometry": { "type": "Polygon", "coordinates": [ [ [ 9.2736717, 48.7465634 ], [ 9.2734586, 48.7463971 ], [ 9.2733062, 48.7462791 ], [ 9.2731728, 48.7461747 ], [ 9.2730762, 48.7461004 ], [ 9.272877, 48.7459442 ], [ 9.2727381, 48.7458374 ], [ 9.27271, 48.7458033 ], [ 9.2725812, 48.7456907 ], [ 9.2723679, 48.7455022 ], [ 9.2721828, 48.7453412 ], [ 9.2720211, 48.7452039 ], [ 9.272, 48.7451835 ], [ 9.2719916, 48.7451724 ], [ 9.2719813, 48.7451563 ], [ 9.271974, 48.7451504 ], [ 9.2719629, 48.7451469 ], [ 9.2719542, 48.7451479 ], [ 9.2718834, 48.7451827 ], [ 9.2718417, 48.7451737 ], [ 9.271771, 48.7451265 ], [ 9.2714308, 48.7453665 ], [ 9.2712376, 48.7455051 ], [ 9.2710132, 48.7456633 ], [ 9.2706872, 48.7458977 ], [ 9.2706666, 48.7458868 ], [ 9.270612, 48.7459265 ], [ 9.2705903, 48.7459869 ], [ 9.2705927, 48.745995 ], [ 9.2705884, 48.7460023 ], [ 9.2702637, 48.746236 ], [ 9.2700402, 48.7463883 ], [ 9.2699076, 48.7465228 ], [ 9.2696876, 48.7467718 ], [ 9.2695082, 48.7469749 ], [ 9.2693839, 48.7470759 ], [ 9.2691566, 48.7473533 ], [ 9.2690088, 48.7473323 ], [ 9.2687526, 48.7476053 ], [ 9.2686869, 48.7476628 ], [ 9.2687055, 48.7476721 ], [ 9.2687427, 48.7476906 ], [ 9.2687023, 48.7477314 ], [ 9.2688117, 48.7477832 ], [ 9.2685739, 48.7480727 ], [ 9.2684076, 48.7482639 ], [ 9.2683685, 48.7483148 ], [ 9.2683299, 48.7483734 ], [ 9.2681622, 48.7483423 ], [ 9.2680192, 48.7486014 ], [ 9.2678059, 48.748997 ], [ 9.2676748, 48.7492346 ], [ 9.2675639, 48.7494443 ], [ 9.2674315, 48.7496739 ], [ 9.267308, 48.7498701 ], [ 9.2671572, 48.7501032 ], [ 9.2670305, 48.7502965 ], [ 9.2668793, 48.7505247 ], [ 9.2667667, 48.7506906 ], [ 9.2666196, 48.7509055 ], [ 9.2664484, 48.751145 ], [ 9.2666181, 48.7511977 ], [ 9.2667026, 48.7512171 ], [ 9.2667017, 48.7512307 ], [ 9.2667067, 48.751244 ], [ 9.2667155, 48.7512534 ], [ 9.2667282, 48.751262 ], [ 9.2667555, 48.7512753 ], [ 9.2667746, 48.7513672 ], [ 9.2667392, 48.7513735 ], [ 9.2667135, 48.7513838 ], [ 9.266694, 48.7513954 ], [ 9.266677, 48.7514097 ], [ 9.2666691, 48.7514262 ], [ 9.2666667, 48.7514463 ], [ 9.2666696, 48.7515044 ], [ 9.266543, 48.7517068 ], [ 9.2665243, 48.7517034 ], [ 9.2665038, 48.7517033 ], [ 9.2664836, 48.7517084 ], [ 9.2664614, 48.7517178 ], [ 9.2664405, 48.7517302 ], [ 9.2664229, 48.7517437 ], [ 9.2664079, 48.7517601 ], [ 9.2663551, 48.7518485 ], [ 9.2663031, 48.7519473 ], [ 9.2662658, 48.7520359 ], [ 9.266246, 48.7520961 ], [ 9.2662334, 48.7521452 ], [ 9.2662236, 48.7521997 ], [ 9.2662174, 48.7522396 ], [ 9.2662131, 48.7523656 ], [ 9.2662111, 48.7523931 ], [ 9.2662099, 48.7525967 ], [ 9.2662142, 48.7526656 ], [ 9.2662277, 48.752763 ], [ 9.2662368, 48.7528208 ], [ 9.266248, 48.7528753 ], [ 9.266273, 48.7529665 ], [ 9.2663269, 48.7531395 ], [ 9.2663845, 48.7533109 ], [ 9.2664283, 48.7534451 ], [ 9.2664494, 48.753498 ], [ 9.2664631, 48.7535206 ], [ 9.2664762, 48.753529 ], [ 9.2664951, 48.7535359 ], [ 9.2665167, 48.753541 ], [ 9.2665532, 48.753547 ], [ 9.2665787, 48.7535489 ], [ 9.2666028, 48.7535483 ], [ 9.2670101, 48.7535098 ], [ 9.2670328, 48.7535049 ], [ 9.26705, 48.7534988 ], [ 9.2671076, 48.7534584 ], [ 9.2671401, 48.7534413 ], [ 9.2671341, 48.75342 ], [ 9.2671043, 48.7533142 ], [ 9.2671005, 48.7533148 ], [ 9.2670762, 48.7533189 ], [ 9.2670117, 48.7531958 ], [ 9.2669062, 48.7530038 ], [ 9.2668335, 48.7528239 ], [ 9.2667526, 48.7525972 ], [ 9.2667386, 48.7525686 ], [ 9.2667154, 48.7525367 ], [ 9.2666882, 48.7525086 ], [ 9.2666337, 48.7524032 ], [ 9.2666014, 48.7523532 ], [ 9.2664972, 48.7522252 ], [ 9.2664426, 48.7521646 ], [ 9.2663772, 48.7520792 ], [ 9.2663766, 48.7520709 ], [ 9.2663814, 48.752061 ], [ 9.2664093, 48.7520241 ], [ 9.2667181, 48.7518965 ], [ 9.2667948, 48.7520128 ], [ 9.2668864, 48.7521234 ], [ 9.266996, 48.7522459 ], [ 9.267076, 48.7523465 ], [ 9.2671672, 48.7526092 ], [ 9.2672531, 48.7528508 ], [ 9.2673789, 48.7531752 ], [ 9.2673477, 48.7532749 ], [ 9.2673965, 48.7533778 ], [ 9.2674242, 48.7534457 ], [ 9.2674466, 48.7534922 ], [ 9.2675368, 48.7536342 ], [ 9.2675679, 48.753681 ], [ 9.2675868, 48.7537131 ], [ 9.2676196, 48.7537613 ], [ 9.2676734, 48.7538351 ], [ 9.2679597, 48.7542002 ], [ 9.268309, 48.754658 ], [ 9.2686069, 48.7550588 ], [ 9.2692134, 48.7548585 ], [ 9.2700983, 48.7560314 ], [ 9.2700212, 48.7560441 ], [ 9.2696145, 48.7561153 ], [ 9.2693736, 48.756158 ], [ 9.2693966, 48.7562424 ], [ 9.269401, 48.7563013 ], [ 9.2694142, 48.756432 ], [ 9.2694214, 48.7565557 ], [ 9.2694273, 48.756586 ], [ 9.2694361, 48.7566136 ], [ 9.2694611, 48.756659 ], [ 9.2697146, 48.7566587 ], [ 9.2699701, 48.7566563 ], [ 9.2699706, 48.7566932 ], [ 9.2702321, 48.7567181 ], [ 9.2706009, 48.7567337 ], [ 9.2706295, 48.7567194 ], [ 9.2707788, 48.7567124 ], [ 9.2711461, 48.7567328 ], [ 9.2712843, 48.7565928 ], [ 9.2714292, 48.7564459 ], [ 9.2714722, 48.7563949 ], [ 9.2716619, 48.7562051 ], [ 9.2716512, 48.7561999 ], [ 9.2718934, 48.7559596 ], [ 9.2719317, 48.7559216 ], [ 9.2719001, 48.7559075 ], [ 9.2720734, 48.7557295 ], [ 9.2721131, 48.7556822 ], [ 9.2721536, 48.7556431 ], [ 9.2721841, 48.7556145 ], [ 9.2722457, 48.7556226 ], [ 9.2723034, 48.7556431 ], [ 9.2724232, 48.7556614 ], [ 9.2725145, 48.755459 ], [ 9.2727186, 48.7550565 ], [ 9.2728016, 48.755054 ], [ 9.272957, 48.7547161 ], [ 9.2731177, 48.7544188 ], [ 9.2732923, 48.7540658 ], [ 9.2734631, 48.7537047 ], [ 9.2736395, 48.7533519 ], [ 9.2737868, 48.7530478 ], [ 9.2739341, 48.7527524 ], [ 9.2740359, 48.7525069 ], [ 9.2741328, 48.7522261 ], [ 9.2742375, 48.7519574 ], [ 9.2743447, 48.7516778 ], [ 9.274422, 48.7514441 ], [ 9.2744962, 48.7512031 ], [ 9.2745854, 48.7509288 ], [ 9.2746551, 48.750702 ], [ 9.2747211, 48.7504505 ], [ 9.2747743, 48.7502164 ], [ 9.2748397, 48.7499492 ], [ 9.2748843, 48.7497489 ], [ 9.2749311, 48.7495319 ], [ 9.2749712, 48.7493663 ], [ 9.2750216, 48.7491513 ], [ 9.2751145, 48.7488976 ], [ 9.2751188, 48.7488763 ], [ 9.2750119, 48.7488572 ], [ 9.2750047, 48.7488298 ], [ 9.2749045, 48.7488112 ], [ 9.2748265, 48.7487928 ], [ 9.2747747, 48.7487749 ], [ 9.2747298, 48.7487553 ], [ 9.2746932, 48.7487345 ], [ 9.2746588, 48.7487118 ], [ 9.2745819, 48.7486517 ], [ 9.2745542, 48.7486371 ], [ 9.2745246, 48.7486248 ], [ 9.2744944, 48.7486155 ], [ 9.2744634, 48.7486087 ], [ 9.2745184, 48.7485141 ], [ 9.2747853, 48.7480723 ], [ 9.2749482, 48.7477646 ], [ 9.2750238, 48.7476192 ], [ 9.2750504, 48.7475621 ], [ 9.2750845, 48.747484 ], [ 9.2750982, 48.7474524 ], [ 9.2751088, 48.7474178 ], [ 9.275115, 48.7473855 ], [ 9.2751138, 48.7473685 ], [ 9.2751091, 48.7473555 ], [ 9.2750967, 48.7473409 ], [ 9.275076, 48.7473262 ], [ 9.2750404, 48.7473079 ], [ 9.274901, 48.7472499 ], [ 9.2749015, 48.7472403 ], [ 9.2746999, 48.7471533 ], [ 9.2744127, 48.7470359 ], [ 9.2743141, 48.7469915 ], [ 9.2742238, 48.7469476 ], [ 9.2741567, 48.7469125 ], [ 9.2740929, 48.7468743 ], [ 9.2740336, 48.7468373 ], [ 9.2736717, 48.7465634 ] ] ] } },
{ "type": "Feature", "properties": { "element": "way", "id": 25582822, "name": "Ditzingen-Ost", "landuse": "industrial" }, "geometry": { "type": "Polygon", "coordinates": [ [ [ 9.0798285, 48.8183496 ], [ 9.0787569, 48.8186486 ], [ 9.0787477, 48.8187927 ], [ 9.0781537, 48.819019 ], [ 9.0780829, 48.8187598 ], [ 9.077405, 48.8191025 ], [ 9.0769158, 48.8193184 ], [ 9.0765374, 48.8195288 ], [ 9.0763091, 48.8196647 ], [ 9.0762853, 48.8196962 ], [ 9.0760982, 48.8197693 ], [ 9.0762913, 48.8199836 ], [ 9.0771782, 48.8209432 ], [ 9.0776056, 48.8211604 ], [ 9.0778544, 48.8212648 ], [ 9.0778893, 48.8212491 ], [ 9.0783046, 48.821222 ], [ 9.0783315, 48.8213879 ], [ 9.0783886, 48.8213806 ], [ 9.0783904, 48.8214259 ], [ 9.0785718, 48.8214082 ], [ 9.0785983, 48.8215116 ], [ 9.0788484, 48.8215069 ], [ 9.0791146, 48.821525 ], [ 9.0792985, 48.8215747 ], [ 9.0795004, 48.82164 ], [ 9.0796322, 48.8217173 ], [ 9.0797145, 48.8217193 ], [ 9.0798199, 48.8217678 ], [ 9.0800402, 48.8218502 ], [ 9.0803239, 48.8219296 ], [ 9.0805201, 48.8219264 ], [ 9.0806062, 48.8222149 ], [ 9.0810403, 48.8222957 ], [ 9.0811602, 48.8223048 ], [ 9.0813359, 48.8223135 ], [ 9.0815192, 48.8223059 ], [ 9.0818813, 48.8222678 ], [ 9.082417, 48.8221673 ], [ 9.0824025, 48.8221298 ], [ 9.0823925, 48.8221038 ], [ 9.0830652, 48.8219784 ], [ 9.0831197, 48.8219584 ], [ 9.0831604, 48.82193 ], [ 9.0831948, 48.8219032 ], [ 9.0832326, 48.8218562 ], [ 9.0832592, 48.8218231 ], [ 9.083299, 48.8217843 ], [ 9.0833448, 48.8217575 ], [ 9.0834249, 48.8217324 ], [ 9.0834974, 48.8217165 ], [ 9.0835452, 48.8216913 ], [ 9.0835885, 48.8216637 ], [ 9.0836082, 48.8216264 ], [ 9.0836082, 48.8215816 ], [ 9.0833769, 48.8202407 ], [ 9.0834182, 48.8200754 ], [ 9.0834792, 48.8200277 ], [ 9.0834872, 48.8196266 ], [ 9.0824293, 48.8194093 ], [ 9.0825596, 48.819092 ], [ 9.0817668, 48.8189188 ], [ 9.081819, 48.8187739 ], [ 9.0799111, 48.8183802 ], [ 9.0798285, 48.8183496 ] ] ] } },
{ "type": "Feature", "properties": { "element": "way", "id": 25786404, "name": "Transnet BW Umspannwerk Hoheneck", "landuse": "industrial" }, "geometry": { "type": "Polygon", "coordinates": [ [ [ 9.2000547, 48.9135806 ], [ 9.1999213, 48.9135877 ], [ 9.1988873, 48.9136579 ], [ 9.1989116, 48.9137907 ], [ 9.1983448, 48.9138254 ], [ 9.197766, 48.9138611 ], [ 9.1975179, 48.9138739 ], [ 9.1974121, 48.9138792 ], [ 9.197407, 48.9138422 ], [ 9.1970767, 48.9138637 ], [ 9.1965556, 48.9138974 ], [ 9.196589, 48.9141025 ], [ 9.1961065, 48.9141346 ], [ 9.1961253, 48.9143644 ], [ 9.1959911, 48.9145544 ], [ 9.1954536, 48.9146125 ], [ 9.1951662, 48.9146427 ], [ 9.1947408, 48.9146696 ], [ 9.1942222, 48.9146999 ], [ 9.1941373, 48.9141619 ], [ 9.1940088, 48.9141675 ], [ 9.1939512, 48.91417 ], [ 9.1939122, 48.9138751 ], [ 9.1931422, 48.9139139 ], [ 9.1931657, 48.9137533 ], [ 9.1931752, 48.9136045 ], [ 9.1931457, 48.9134104 ], [ 9.1931281, 48.9133571 ], [ 9.1931189, 48.9132859 ], [ 9.1931093, 48.9132229 ], [ 9.1931054, 48.9131913 ], [ 9.1930898, 48.9130836 ], [ 9.1930881, 48.9130235 ], [ 9.1930846, 48.9124508 ], [ 9.1936853, 48.9124207 ], [ 9.193588, 48.9117335 ], [ 9.1943799, 48.9116799 ], [ 9.1944097, 48.911842 ], [ 9.1965786, 48.9116963 ], [ 9.1966232, 48.9119865 ], [ 9.2007702, 48.9116973 ], [ 9.2007615, 48.9125397 ], [ 9.2007648, 48.9130249 ], [ 9.2000869, 48.9130575 ], [ 9.1999907, 48.9130919 ], [ 9.1999937, 48.9131147 ], [ 9.2000547, 48.9135806 ] ] ] } },
{ "type": "Feature", "properties": { "element": "way", "id": 25802269, "name": "Amprion Umspannwerk Hoheneck", "landuse": "industrial" }, "geometry": { "type": "Polygon", "coordinates": [ [ [ 9.1885451, 48.9137803 ], [ 9.1887526, 48.9148768 ], [ 9.1888782, 48.9154833 ], [ 9.1920276, 48.9152953 ], [ 9.1927776, 48.9152258 ], [ 9.1928801, 48.9147209 ], [ 9.1928506, 48.9134318 ], [ 9.1914917, 48.9133826 ], [ 9.190007, 48.9135063 ], [ 9.1892143, 48.9136221 ], [ 9.1892295, 48.9136981 ], [ 9.1885451, 48.9137803 ] ] ] } },
{ "type": "Feature", "properties": { "element": "way", "id": 25889392, "name": null, "landuse": "industrial" }, "geometry": { "type": "Polygon", "coordinates": [ [ [ 9.0855995, 48.809601 ], [ 9.0867012, 48.8096617 ], [ 9.0871132, 48.8096109 ], [ 9.0864867, 48.8082825 ], [ 9.0853352, 48.8083166 ], [ 9.0853108, 48.8087178 ], [ 9.085499, 48.8093001 ], [ 9.0856529, 48.8093322 ], [ 9.0855995, 48.809601 ] ] ] } },
{ "type": "Feature", "properties": { "element": "way", "id": 25913365, "name": "Kreuzwegäcker", "landuse": "industrial" }, "geometry": { "type": "Polygon", "coordinates": [ [ [ 9.2604499, 48.9772792 ], [ 9.2618401, 48.9764269 ], [ 9.2631023, 48.9759001 ], [ 9.2632291, 48.9758581 ], [ 9.2635884, 48.975864 ], [ 9.2638223, 48.9757754 ], [ 9.2638621, 48.9756439 ], [ 9.2647317, 48.9753554 ], [ 9.2656348, 48.9775865 ], [ 9.2656513, 48.9777232 ], [ 9.2656438, 48.9784642 ], [ 9.2622172, 48.978483 ], [ 9.2601786, 48.9785078 ], [ 9.2603134, 48.9778977 ], [ 9.2604499, 48.9772792 ] ] ] } },
{ "type": "Feature", "properties": { "element": "way", "id": 26095919, "name": "Lichtäcker", "landuse": "industrial" }, "geometry": { "type": "Polygon", "coordinates": [ [ [ 9.3096997, 48.7084348 ], [ 9.3094975, 48.7083619 ], [ 9.3095053, 48.7083089 ], [ 9.3095665, 48.7082338 ], [ 9.3095766, 48.708186 ], [ 9.3092412, 48.70779 ], [ 9.3090072, 48.7075501 ], [ 9.3086764, 48.7072687 ], [ 9.3082621, 48.7069557 ], [ 9.3080295, 48.7068029 ], [ 9.3076864, 48.7066161 ], [ 9.3072061, 48.706398 ], [ 9.3070186, 48.7063192 ], [ 9.3066583, 48.7061534 ], [ 9.3060569, 48.7058861 ], [ 9.3060003, 48.705888 ], [ 9.305923, 48.7059132 ], [ 9.3059028, 48.706014 ], [ 9.3058976, 48.706037 ], [ 9.3057477, 48.70628 ], [ 9.3056606, 48.7064989 ], [ 9.3056171, 48.7066013 ], [ 9.305546, 48.7065919 ], [ 9.3054155, 48.7068288 ], [ 9.3053002, 48.7069953 ], [ 9.3054498, 48.7070397 ], [ 9.3052868, 48.7072533 ], [ 9.305171, 48.7073875 ], [ 9.3051781, 48.7074364 ], [ 9.305198, 48.7074532 ], [ 9.3052239, 48.7074687 ], [ 9.3052554, 48.7074834 ], [ 9.3051841, 48.7075685 ], [ 9.3052283, 48.707582 ], [ 9.3055098, 48.7076612 ], [ 9.3054758, 48.7077136 ], [ 9.3062265, 48.707923 ], [ 9.3079052, 48.7085065 ], [ 9.3080219, 48.7083658 ], [ 9.3083413, 48.7084746 ], [ 9.3083106, 48.7085113 ], [ 9.3088092, 48.7086645 ], [ 9.3089406, 48.7085022 ], [ 9.3091945, 48.7085774 ], [ 9.3090458, 48.7087597 ], [ 9.309178, 48.7088025 ], [ 9.3092035, 48.7087691 ], [ 9.3093863, 48.7088323 ], [ 9.3096002, 48.7085645 ], [ 9.3096486, 48.7085013 ], [ 9.3096997, 48.7084348 ] ] ] } },
{ "type": "Feature", "properties": { "element": "way", "id": 26162446, "name": null, "landuse": "industrial" }, "geometry": { "type": "Polygon", "coordinates": [ [ [ 9.0780374, 48.9001545 ], [ 9.0766331, 48.9001259 ], [ 9.0750771, 48.9000941 ], [ 9.074337, 48.900079 ], [ 9.0739441, 48.900071 ], [ 9.0739038, 48.9007055 ], [ 9.0744066, 48.9009057 ], [ 9.0746401, 48.9010322 ], [ 9.0748018, 48.9011817 ], [ 9.0746321, 48.9012839 ], [ 9.074571, 48.9014058 ], [ 9.0745869, 48.9014684 ], [ 9.0746089, 48.9015406 ], [ 9.0746535, 48.9015904 ], [ 9.0747204, 48.9016432 ], [ 9.0748872, 48.9017486 ], [ 9.0749806, 48.9017838 ], [ 9.0753047, 48.9015509 ], [ 9.0754542, 48.9016626 ], [ 9.0753561, 48.9018749 ], [ 9.0758345, 48.9020543 ], [ 9.0764622, 48.9021942 ], [ 9.0766896, 48.9022098 ], [ 9.0766569, 48.9024286 ], [ 9.0770881, 48.9024693 ], [ 9.0771117, 48.9023927 ], [ 9.0774388, 48.9024744 ], [ 9.0777675, 48.9020891 ], [ 9.078372, 48.9023424 ], [ 9.0785134, 48.9022008 ], [ 9.0784184, 48.9021618 ], [ 9.0784775, 48.9020957 ], [ 9.0782357, 48.901611 ], [ 9.0777913, 48.9015418 ], [ 9.0776422, 48.9009079 ], [ 9.0782073, 48.9007354 ], [ 9.0780374, 48.9001545 ] ] ] } },
{ "type": "Feature", "properties": { "element": "way", "id": 26327920, "name": null, "landuse": "industrial" }, "geometry": { "type": "Polygon", "coordinates": [ [ [ 9.2682951, 48.9630563 ], [ 9.2691829, 48.963491 ], [ 9.2700038, 48.9643374 ], [ 9.2700828, 48.9644343 ], [ 9.2704206, 48.9646897 ], [ 9.2705261, 48.9648506 ], [ 9.2709437, 48.9649809 ], [ 9.2714548, 48.9650918 ], [ 9.2720879, 48.9651977 ], [ 9.2727249, 48.9653121 ], [ 9.2728148, 48.9653292 ], [ 9.2722809, 48.9666084 ], [ 9.2720202, 48.966563 ], [ 9.2717602, 48.9665158 ], [ 9.2699422, 48.9661781 ], [ 9.2698584, 48.9661638 ], [ 9.2699573, 48.9659386 ], [ 9.2696832, 48.9658822 ], [ 9.2692974, 48.9658015 ], [ 9.269103, 48.9663033 ], [ 9.2684413, 48.9661213 ], [ 9.2671721, 48.9656798 ], [ 9.2670058, 48.9655609 ], [ 9.2671717, 48.9649771 ], [ 9.2672769, 48.9650001 ], [ 9.2683012, 48.9640049 ], [ 9.267959, 48.9638629 ], [ 9.2680207, 48.9638065 ], [ 9.2677259, 48.9636774 ], [ 9.2682951, 48.9630563 ] ] ] } },
{ "type": "Feature", "properties": { "element": "way", "id": 26464550, "name": "Maulbronner Weg", "landuse": "industrial" }, "geometry": { "type": "Polygon", "coordinates": [ [ [ 9.0965523, 48.9046675 ], [ 9.0969293, 48.9046502 ], [ 9.0979973, 48.9046224 ], [ 9.0986459, 48.9045611 ], [ 9.0986949, 48.904548 ], [ 9.098729, 48.9045328 ], [ 9.0987914, 48.9044964 ], [ 9.098812, 48.9044607 ], [ 9.0988555, 48.9043766 ], [ 9.0988601, 48.9042994 ], [ 9.0988527, 48.9041566 ], [ 9.0988546, 48.9039734 ], [ 9.0986359, 48.9029088 ], [ 9.0997554, 48.9027173 ], [ 9.0998757, 48.903186 ], [ 9.1012432, 48.9028927 ], [ 9.1012874, 48.9029877 ], [ 9.1017398, 48.9028864 ], [ 9.1023302, 48.9026259 ], [ 9.1021877, 48.9024645 ], [ 9.1019289, 48.9022647 ], [ 9.1017675, 48.9022753 ], [ 9.1017148, 48.9022749 ], [ 9.1014294, 48.9015141 ], [ 9.101374, 48.901427 ], [ 9.1010896, 48.9011833 ], [ 9.1009503, 48.9011007 ], [ 9.1007494, 48.9009992 ], [ 9.1002909, 48.9007849 ], [ 9.1003494, 48.9007431 ], [ 9.1004922, 48.9006444 ], [ 9.1002776, 48.9005228 ], [ 9.0997533, 48.9008899 ], [ 9.0982531, 48.9018022 ], [ 9.0956737, 48.9029338 ], [ 9.0961257, 48.9033263 ], [ 9.0962299, 48.9036324 ], [ 9.0965523, 48.9046675 ] ] ] } },
{ "type": "Feature", "properties": { "element": "way", "id": 26464604, "name": "Mahle", "landuse": "industrial" }, "geometry": { "type": "Polygon", "coordinates": [ [ [ 9.0866763, 48.9077943 ], [ 9.0868907, 48.9078012 ], [ 9.086896, 48.9077505 ], [ 9.0875265, 48.9077712 ], [ 9.0884505, 48.9077971 ], [ 9.0889256, 48.9079347 ], [ 9.0896263, 48.9081225 ], [ 9.0905454, 48.9082788 ], [ 9.0912355, 48.908217 ], [ 9.0912214, 48.9074999 ], [ 9.091571, 48.9074057 ], [ 9.0915645, 48.9071694 ], [ 9.0918626, 48.9071583 ], [ 9.0918407, 48.9069203 ], [ 9.0916537, 48.9069181 ], [ 9.0915505, 48.9067097 ], [ 9.0906966, 48.9066577 ], [ 9.0907045, 48.9063558 ], [ 9.0893554, 48.906337 ], [ 9.0893454, 48.9065463 ], [ 9.0885752, 48.906548 ], [ 9.0866536, 48.9065587 ], [ 9.0866645, 48.9071502 ], [ 9.0866763, 48.9077943 ] ] ] } },
{ "type": "Feature", "properties": { "element": "way", "id": 26520950, "name": null, "landuse": "industrial" }, "geometry": { "type": "Polygon", "coordinates": [ [ [ 9.063133, 48.9367032 ], [ 9.0634302, 48.9365379 ], [ 9.0643437, 48.9360208 ], [ 9.0647598, 48.9357823 ], [ 9.0654975, 48.9351586 ], [ 9.0658404, 48.934819 ], [ 9.0660213, 48.9345822 ], [ 9.0662503, 48.9342866 ], [ 9.0647995, 48.9321918 ], [ 9.0630269, 48.9320159 ], [ 9.0628035, 48.9324804 ], [ 9.0627931, 48.9325627 ], [ 9.062852, 48.9327083 ], [ 9.0626687, 48.9328893 ], [ 9.0625204, 48.9328837 ], [ 9.0619546, 48.9336931 ], [ 9.061458, 48.9345807 ], [ 9.0613081, 48.9349262 ], [ 9.0612813, 48.9350262 ], [ 9.0610867, 48.9357512 ], [ 9.0610812, 48.9357717 ], [ 9.0611648, 48.9358727 ], [ 9.0610508, 48.936221 ], [ 9.0630512, 48.9361873 ], [ 9.063133, 48.9367032 ] ] ] } },
{ "type": "Feature", "properties": { "element": "way", "id": 26521198, "name": null, "landuse": "industrial" }, "geometry": { "type": "Polygon", "coordinates": [ [ [ 9.0768116, 48.911824 ], [ 9.0769716, 48.911873 ], [ 9.0779639, 48.9118892 ], [ 9.0789051, 48.911882 ], [ 9.0789206, 48.9120506 ], [ 9.078983, 48.9122165 ], [ 9.0802967, 48.9122014 ], [ 9.0813616, 48.9121735 ], [ 9.0815078, 48.9121412 ], [ 9.0815857, 48.9120881 ], [ 9.0817256, 48.9118577 ], [ 9.081775, 48.9117845 ], [ 9.0816292, 48.9112356 ], [ 9.0817359, 48.9106333 ], [ 9.0816894, 48.9106348 ], [ 9.0802606, 48.9107221 ], [ 9.0796977, 48.9106975 ], [ 9.0781994, 48.9106184 ], [ 9.0775328, 48.9106157 ], [ 9.0774033, 48.9109016 ], [ 9.0772499, 48.9110398 ], [ 9.0768116, 48.911824 ] ] ] } },
{ "type": "Feature", "properties": { "element": "way", "id": 26521199, "name": "Mall", "landuse": "industrial" }, "geometry": { "type": "Polygon", "coordinates": [ [ [ 9.0840997, 48.9104409 ], [ 9.0848984, 48.9103506 ], [ 9.0850997, 48.9107307 ], [ 9.0851932, 48.9112799 ], [ 9.0842586, 48.9113451 ], [ 9.0840997, 48.9104409 ] ] ] } },
{ "type": "Feature", "properties": { "element": "way", "id": 26724246, "name": "Kraftwerk Stuttgart-Münster", "landuse": "industrial" }, "geometry": { "type": "Polygon", "coordinates": [ [ [ 9.21705, 48.8127225 ], [ 9.2173214, 48.8132538 ], [ 9.2173793, 48.8133725 ], [ 9.2178155, 48.8135759 ], [ 9.2181277, 48.8137327 ], [ 9.2179964, 48.8138724 ], [ 9.2177815, 48.8140674 ], [ 9.2177417, 48.8140978 ], [ 9.2179429, 48.8144643 ], [ 9.2180599, 48.8145359 ], [ 9.2183043, 48.8148199 ], [ 9.2185054, 48.8148965 ], [ 9.218509, 48.8149366 ], [ 9.2185032, 48.8149715 ], [ 9.2184873, 48.8150206 ], [ 9.2184631, 48.8150618 ], [ 9.2184243, 48.8150878 ], [ 9.2183923, 48.8151052 ], [ 9.21837, 48.8151137 ], [ 9.2183177, 48.8151259 ], [ 9.2182598, 48.8151259 ], [ 9.2182089, 48.8151152 ], [ 9.2181509, 48.8150859 ], [ 9.2177875, 48.8153957 ], [ 9.2173284, 48.8154579 ], [ 9.2177001, 48.8157257 ], [ 9.2179312, 48.8155977 ], [ 9.2180244, 48.8155945 ], [ 9.2181882, 48.815661 ], [ 9.2185579, 48.815775 ], [ 9.2188503, 48.8156061 ], [ 9.2189589, 48.8155083 ], [ 9.2191994, 48.8152917 ], [ 9.2204542, 48.8158055 ], [ 9.220289, 48.8160317 ], [ 9.2201545, 48.8162158 ], [ 9.2202172, 48.8163819 ], [ 9.2200755, 48.8165382 ], [ 9.2199297, 48.8166852 ], [ 9.2199895, 48.8168062 ], [ 9.2201394, 48.8168653 ], [ 9.2202345, 48.816906 ], [ 9.2205054, 48.8166297 ], [ 9.2208749, 48.8162529 ], [ 9.2210426, 48.8163177 ], [ 9.2211888, 48.816376 ], [ 9.2213683, 48.8161704 ], [ 9.2216133, 48.8162505 ], [ 9.2216343, 48.8162216 ], [ 9.2223979, 48.8163774 ], [ 9.222522, 48.8164234 ], [ 9.2224694, 48.8164823 ], [ 9.2223801, 48.8164983 ], [ 9.2227916, 48.8166632 ], [ 9.2227999, 48.8165914 ], [ 9.222883, 48.8165167 ], [ 9.22307, 48.8166039 ], [ 9.2230375, 48.8166376 ], [ 9.2235763, 48.8170412 ], [ 9.2237721, 48.8171582 ], [ 9.2242831, 48.8174329 ], [ 9.2245741, 48.8176307 ], [ 9.2249237, 48.8177973 ], [ 9.2250359, 48.8176942 ], [ 9.2252347, 48.8175117 ], [ 9.2257779, 48.8170128 ], [ 9.2257914, 48.8170004 ], [ 9.2258031, 48.81699 ], [ 9.2258227, 48.8169724 ], [ 9.2259648, 48.8170713 ], [ 9.226056, 48.8169928 ], [ 9.2259082, 48.8169115 ], [ 9.2252813, 48.8166114 ], [ 9.2245276, 48.8162475 ], [ 9.2244429, 48.8163286 ], [ 9.2244327, 48.8163377 ], [ 9.2244189, 48.8163514 ], [ 9.2243925, 48.8163778 ], [ 9.2242321, 48.8163039 ], [ 9.2239995, 48.8161985 ], [ 9.2238908, 48.8162571 ], [ 9.2231954, 48.8159431 ], [ 9.2232659, 48.8158674 ], [ 9.2231132, 48.8157427 ], [ 9.2222793, 48.8152968 ], [ 9.2219372, 48.8151279 ], [ 9.2212236, 48.814422 ], [ 9.2206373, 48.8136399 ], [ 9.2205071, 48.8136793 ], [ 9.2194321, 48.812166 ], [ 9.2190533, 48.8123075 ], [ 9.2189331, 48.8124432 ], [ 9.2185898, 48.8126241 ], [ 9.2183673, 48.8124797 ], [ 9.2182609, 48.8123031 ], [ 9.218169, 48.812239 ], [ 9.2181084, 48.8121967 ], [ 9.2179203, 48.8123166 ], [ 9.2176477, 48.8121625 ], [ 9.2171475, 48.8125394 ], [ 9.2170723, 48.8124973 ], [ 9.2169769, 48.8125712 ], [ 9.2171269, 48.812667 ], [ 9.2170877, 48.8126957 ], [ 9.21705, 48.8127225 ] ] ] } },
{ "type": "Feature", "properties": { "element": "way", "id": 26810569, "name": "Bosch - Standort Feuerbach", "landuse": "industrial" }, "geometry": { "type": "Polygon", "coordinates": [ [ [ 9.1598322, 48.8164857 ], [ 9.1601048, 48.8168558 ], [ 9.1598736, 48.8169269 ], [ 9.1600398, 48.8171573 ], [ 9.1601834, 48.8173753 ], [ 9.1597214, 48.8176649 ], [ 9.1593602, 48.8177616 ], [ 9.1595286, 48.8185155 ], [ 9.1595359, 48.8186378 ], [ 9.1592362, 48.8195239 ], [ 9.1593012, 48.8195576 ], [ 9.1601349, 48.8196688 ], [ 9.1600937, 48.8197864 ], [ 9.1600059, 48.8200373 ], [ 9.1602646, 48.8200795 ], [ 9.1602782, 48.8200875 ], [ 9.1600938, 48.8204275 ], [ 9.1600375, 48.820627 ], [ 9.1600201, 48.8209615 ], [ 9.1603495, 48.8209886 ], [ 9.160112, 48.8220259 ], [ 9.1599874, 48.8224142 ], [ 9.1590594, 48.8231304 ], [ 9.1588623, 48.8232071 ], [ 9.1583775, 48.8233994 ], [ 9.1581927, 48.823564 ], [ 9.1582768, 48.823665 ], [ 9.1583468, 48.823756 ], [ 9.1587643, 48.8237653 ], [ 9.1595099, 48.8236256 ], [ 9.1603425, 48.8234736 ], [ 9.1604016, 48.8235618 ], [ 9.1610806, 48.8234166 ], [ 9.1618179, 48.823252 ], [ 9.1617771, 48.8231603 ], [ 9.1624613, 48.8230481 ], [ 9.1629721, 48.8228614 ], [ 9.1634145, 48.822668 ], [ 9.1640193, 48.8222862 ], [ 9.1644874, 48.8218295 ], [ 9.1648556, 48.8213773 ], [ 9.165252, 48.8209464 ], [ 9.1656758, 48.8205128 ], [ 9.1660983, 48.8200639 ], [ 9.1666869, 48.8194168 ], [ 9.1668576, 48.8192132 ], [ 9.1670516, 48.8189173 ], [ 9.1670273, 48.818752 ], [ 9.1666024, 48.8175933 ], [ 9.1661398, 48.817651 ], [ 9.1660639, 48.817607 ], [ 9.1660787, 48.8173625 ], [ 9.1663629, 48.8173318 ], [ 9.1658783, 48.8159352 ], [ 9.1652273, 48.8155042 ], [ 9.1649235, 48.8152879 ], [ 9.1648069, 48.8152089 ], [ 9.1643458, 48.8150643 ], [ 9.1639147, 48.8150367 ], [ 9.1630343, 48.8150821 ], [ 9.1624949, 48.8150828 ], [ 9.1620992, 48.8150083 ], [ 9.1611128, 48.8146591 ], [ 9.1607645, 48.8149508 ], [ 9.1609054, 48.8153079 ], [ 9.1610953, 48.8156935 ], [ 9.1609992, 48.8158421 ], [ 9.1610955, 48.8161544 ], [ 9.1609354, 48.8161929 ], [ 9.1598322, 48.8164857 ] ] ] } },
{ "type": "Feature", "properties": { "element": "way", "id": 27223392, "name": "Gewerbegebiet Zinsser", "landuse": "industrial" }, "geometry": { "type": "Polygon", "coordinates": [ [ [ 9.2586839, 48.9588188 ], [ 9.2586543, 48.9586943 ], [ 9.2588802, 48.9584749 ], [ 9.2593002, 48.9581587 ], [ 9.2597413, 48.9587379 ], [ 9.259849, 48.959262 ], [ 9.2602038, 48.9596551 ], [ 9.2607751, 48.95943 ], [ 9.2608562, 48.9596503 ], [ 9.2609098, 48.9600009 ], [ 9.2609204, 48.9600147 ], [ 9.2609466, 48.9600297 ], [ 9.2609521, 48.9600511 ], [ 9.2609524, 48.9600535 ], [ 9.2609751, 48.9602388 ], [ 9.2609301, 48.9605522 ], [ 9.2605352, 48.9607315 ], [ 9.2598899, 48.9600832 ], [ 9.2592332, 48.9594218 ], [ 9.2586839, 48.9588188 ] ] ] } },
{ "type": "Feature", "properties": { "element": "way", "id": 28638311, "name": "SSB Busbetriebshof Zentrum BF7", "landuse": "industrial" }, "geometry": { "type": "Polygon", "coordinates": [ [ [ 9.130972, 48.7236731 ], [ 9.1315064, 48.7236105 ], [ 9.1312822, 48.7227778 ], [ 9.1313154, 48.7227739 ], [ 9.1312558, 48.7225526 ], [ 9.1304884, 48.7226425 ], [ 9.130546, 48.7228563 ], [ 9.1304117, 48.722872 ], [ 9.1306011, 48.7235753 ], [ 9.1309351, 48.7235362 ], [ 9.130972, 48.7236731 ] ] ] } },
{ "type": "Feature", "properties": { "element": "way", "id": 28672727, "name": null, "landuse": "industrial" }, "geometry": { "type": "Polygon", "coordinates": [ [ [ 9.112157, 49.001386 ], [ 9.1121509, 49.0011537 ], [ 9.1123249, 49.0011326 ], [ 9.1122511, 49.0006931 ], [ 9.1124902, 48.9994153 ], [ 9.1126663, 48.9984767 ], [ 9.1123988, 48.9984521 ], [ 9.1124265, 48.9981985 ], [ 9.1124305, 48.9981826 ], [ 9.1124794, 48.9978516 ], [ 9.112484, 48.997825 ], [ 9.1123133, 48.997807 ], [ 9.1123419, 48.9976289 ], [ 9.1117203, 48.997597 ], [ 9.1105717, 48.9975381 ], [ 9.1106473, 48.9970945 ], [ 9.1107011, 48.9961756 ], [ 9.1107331, 48.9956286 ], [ 9.1109745, 48.9954842 ], [ 9.1126137, 48.9955453 ], [ 9.1139564, 48.9955278 ], [ 9.1151819, 48.9955175 ], [ 9.1156183, 48.995535 ], [ 9.1160649, 48.9956348 ], [ 9.116406, 48.9957828 ], [ 9.1167889, 48.9961031 ], [ 9.1171008, 48.9966071 ], [ 9.1173688, 48.9971384 ], [ 9.1177923, 48.9974897 ], [ 9.1179135, 48.9975903 ], [ 9.1185392, 48.9979667 ], [ 9.1185751, 48.9985903 ], [ 9.1177307, 48.9988542 ], [ 9.1176113, 48.9990193 ], [ 9.1175711, 48.9990748 ], [ 9.1162711, 48.9993918 ], [ 9.1163583, 48.9996685 ], [ 9.1163886, 48.9997648 ], [ 9.116438, 48.9999215 ], [ 9.1140602, 49.0010275 ], [ 9.1136008, 49.001214 ], [ 9.1130101, 49.0013415 ], [ 9.112157, 49.001386 ] ] ] } },
{ "type": "Feature", "properties": { "element": "way", "id": 29175180, "name": "Gewerbegebiet Ruit", "landuse": "industrial" }, "geometry": { "type": "Polygon", "coordinates": [ [ [ 9.2436642, 48.7326956 ], [ 9.2428323, 48.7317128 ], [ 9.2425654, 48.7318114 ], [ 9.2424923, 48.7318169 ], [ 9.2423425, 48.7314569 ], [ 9.2412166, 48.731862 ], [ 9.2411721, 48.7314562 ], [ 9.241121, 48.7312958 ], [ 9.2411148, 48.7312763 ], [ 9.2412017, 48.73113 ], [ 9.2411633, 48.7309418 ], [ 9.2411055, 48.7305766 ], [ 9.2408599, 48.7291353 ], [ 9.2407357, 48.72877 ], [ 9.2408716, 48.7285341 ], [ 9.2409125, 48.728493 ], [ 9.2410002, 48.7284405 ], [ 9.2410575, 48.7284135 ], [ 9.241157, 48.7283851 ], [ 9.2413489, 48.7283303 ], [ 9.2414604, 48.7283059 ], [ 9.2417747, 48.7282336 ], [ 9.2421003, 48.728161 ], [ 9.2421553, 48.7281482 ], [ 9.2421816, 48.7280939 ], [ 9.2423064, 48.7281137 ], [ 9.243008, 48.7279693 ], [ 9.2431569, 48.7279536 ], [ 9.2463506, 48.728185 ], [ 9.2463913, 48.728514 ], [ 9.2464031, 48.7290029 ], [ 9.2463901, 48.7291124 ], [ 9.2463553, 48.7296784 ], [ 9.2463549, 48.7296859 ], [ 9.2463467, 48.7298582 ], [ 9.246335, 48.7301665 ], [ 9.2463136, 48.7302198 ], [ 9.2462279, 48.730256 ], [ 9.2456986, 48.7302369 ], [ 9.2457132, 48.7303014 ], [ 9.2461014, 48.7311459 ], [ 9.2465726, 48.7310573 ], [ 9.2436642, 48.7326956 ] ] ] } },
{ "type": "Feature", "properties": { "element": "way", "id": 29435364, "name": "Kläranlage Nesselwörth", "landuse": "industrial" }, "geometry": { "type": "Polygon", "coordinates": [ [ [ 9.1488848, 48.978421 ], [ 9.1496522, 48.9782944 ], [ 9.1500894, 48.9782427 ], [ 9.1504274, 48.9782479 ], [ 9.150399, 48.9781763 ], [ 9.1503344, 48.9771566 ], [ 9.1501884, 48.9761922 ], [ 9.1498272, 48.9754991 ], [ 9.1494148, 48.9747899 ], [ 9.1491411, 48.9747864 ], [ 9.1490332, 48.9747857 ], [ 9.1491502, 48.9753449 ], [ 9.1491385, 48.9754124 ], [ 9.1488452, 48.9760204 ], [ 9.1489892, 48.9764816 ], [ 9.1484183, 48.9765849 ], [ 9.1480714, 48.9767219 ], [ 9.1479979, 48.976757 ], [ 9.1479481, 48.9768057 ], [ 9.1479213, 48.9768661 ], [ 9.1479093, 48.9769304 ], [ 9.1478971, 48.9772233 ], [ 9.1479662, 48.9775515 ], [ 9.1480413, 48.9777958 ], [ 9.1482031, 48.9780613 ], [ 9.1484342, 48.9783154 ], [ 9.1485614, 48.9783831 ], [ 9.1487145, 48.9784205 ], [ 9.1488848, 48.978421 ] ] ] } },
{ "type": "Feature", "properties": { "element": "way", "id": 29549823, "name": null, "landuse": "industrial" }, "geometry": { "type": "Polygon", "coordinates": [ [ [ 9.1596552, 48.8165327 ], [ 9.1595997, 48.8164663 ], [ 9.1591804, 48.8159464 ], [ 9.158988, 48.8156734 ], [ 9.1596806, 48.8152749 ], [ 9.1603324, 48.8147132 ], [ 9.1604546, 48.8147697 ], [ 9.1605377, 48.8148677 ], [ 9.1607952, 48.8153658 ], [ 9.1607522, 48.8156386 ], [ 9.1607121, 48.815787 ], [ 9.1607857, 48.8158612 ], [ 9.1608943, 48.8158913 ], [ 9.1609354, 48.8161929 ], [ 9.1598322, 48.8164857 ], [ 9.1596552, 48.8165327 ] ] ] } },
{ "type": "Feature", "properties": { "element": "way", "id": 29549827, "name": null, "landuse": "industrial" }, "geometry": { "type": "Polygon", "coordinates": [ [ [ 9.1579144, 48.8161351 ], [ 9.1574907, 48.8160131 ], [ 9.156289, 48.8156174 ], [ 9.1571902, 48.8141339 ], [ 9.1576087, 48.813505 ], [ 9.1589176, 48.8138936 ], [ 9.1603445, 48.8143811 ], [ 9.1599046, 48.8148757 ], [ 9.1594969, 48.8152006 ], [ 9.1588798, 48.8155806 ], [ 9.1586708, 48.8157093 ], [ 9.1586172, 48.8157658 ], [ 9.1584677, 48.8158768 ], [ 9.1583268, 48.815841 ], [ 9.1581988, 48.8159993 ], [ 9.1579144, 48.8161351 ] ] ] } },
{ "type": "Feature", "properties": { "element": "way", "id": 30098128, "name": "Stuttgarter Verlagskontor", "landuse": "industrial" }, "geometry": { "type": "Polygon", "coordinates": [ [ [ 9.3459628, 48.8435016 ], [ 9.3457816, 48.8424262 ], [ 9.3460418, 48.8423628 ], [ 9.3462309, 48.8421378 ], [ 9.3464434, 48.8421407 ], [ 9.346981, 48.8414578 ], [ 9.3507632, 48.8419247 ], [ 9.3507151, 48.8422131 ], [ 9.350345, 48.8422412 ], [ 9.350054, 48.8431838 ], [ 9.3498621, 48.8432698 ], [ 9.3495128, 48.8433103 ], [ 9.3494764, 48.8433158 ], [ 9.348617, 48.8434466 ], [ 9.3483491, 48.8434167 ], [ 9.3479546, 48.8433556 ], [ 9.3473325, 48.8433044 ], [ 9.3472359, 48.8433113 ], [ 9.3466853, 48.8434213 ], [ 9.3466097, 48.8434711 ], [ 9.3465655, 48.8435098 ], [ 9.346514, 48.8435271 ], [ 9.3461515, 48.8434973 ], [ 9.3459628, 48.8435016 ] ] ] } },
{ "type": "Feature", "properties": { "element": "way", "id": 30138042, "name": null, "landuse": "industrial" }, "geometry": { "type": "Polygon", "coordinates": [ [ [ 9.166272, 48.8119886 ], [ 9.1664434, 48.8117477 ], [ 9.1667401, 48.8113337 ], [ 9.167615, 48.811592 ], [ 9.1675915, 48.8118231 ], [ 9.1687636, 48.8126921 ], [ 9.1693339, 48.8129936 ], [ 9.1683219, 48.8136852 ], [ 9.1673231, 48.8142292 ], [ 9.1642927, 48.8146778 ], [ 9.1642176, 48.8145648 ], [ 9.1615622, 48.8127624 ], [ 9.1615538, 48.8127342 ], [ 9.1617302, 48.8124816 ], [ 9.1617842, 48.8124466 ], [ 9.1618211, 48.8124427 ], [ 9.1618812, 48.8124527 ], [ 9.1631385, 48.8128326 ], [ 9.1636485, 48.812075 ], [ 9.1635724, 48.812054 ], [ 9.163678, 48.811892 ], [ 9.1647362, 48.8122012 ], [ 9.165032, 48.8117634 ], [ 9.165105, 48.8116554 ], [ 9.166272, 48.8119886 ] ] ] } },
{ "type": "Feature", "properties": { "element": "way", "id": 30138052, "name": null, "landuse": "industrial" }, "geometry": { "type": "Polygon", "coordinates": [ [ [ 9.1583275, 48.8124559 ], [ 9.1576999, 48.8133532 ], [ 9.158939, 48.8137947 ], [ 9.1603982, 48.8142716 ], [ 9.1610687, 48.813279 ], [ 9.1616473, 48.8124103 ], [ 9.1603237, 48.8120448 ], [ 9.1597866, 48.8128197 ], [ 9.1597276, 48.8128868 ], [ 9.1583275, 48.8124559 ] ] ] } },
{ "type": "Feature", "properties": { "element": "way", "id": 31047840, "name": null, "landuse": "industrial" }, "geometry": { "type": "Polygon", "coordinates": [ [ [ 9.0532067, 48.8584523 ], [ 9.053252, 48.8582979 ], [ 9.0533851, 48.8582157 ], [ 9.0532626, 48.8580761 ], [ 9.0528391, 48.8579514 ], [ 9.0527015, 48.8578938 ], [ 9.0525664, 48.8578478 ], [ 9.05144, 48.8577513 ], [ 9.0512363, 48.8577887 ], [ 9.0506876, 48.8580735 ], [ 9.0506907, 48.8583745 ], [ 9.0516776, 48.8584964 ], [ 9.0522811, 48.8585229 ], [ 9.0523562, 48.8583429 ], [ 9.0524473, 48.8583473 ], [ 9.0532067, 48.8584523 ] ] ] } },
{ "type": "Feature", "properties": { "element": "way", "id": 31182148, "name": null, "landuse": "industrial" }, "geometry": { "type": "Polygon", "coordinates": [ [ [ 9.3055394, 48.709121 ], [ 9.305586, 48.7090427 ], [ 9.3056791, 48.7088787 ], [ 9.3052821, 48.7087747 ], [ 9.3051718, 48.7087441 ], [ 9.3049795, 48.708694 ], [ 9.3047115, 48.7086206 ], [ 9.3046049, 48.7085944 ], [ 9.3044985, 48.7085631 ], [ 9.3046414, 48.7084356 ], [ 9.3045439, 48.7083948 ], [ 9.3044569, 48.7083715 ], [ 9.304267, 48.7083192 ], [ 9.3040643, 48.7082594 ], [ 9.3042921, 48.7080659 ], [ 9.3043073, 48.7080556 ], [ 9.3043232, 48.7080492 ], [ 9.3043379, 48.7080449 ], [ 9.304352, 48.7080429 ], [ 9.304371, 48.7080425 ], [ 9.3044235, 48.7080438 ], [ 9.3045381, 48.7079437 ], [ 9.3045974, 48.7078589 ], [ 9.3046938, 48.7077417 ], [ 9.3047713, 48.7076468 ], [ 9.3048563, 48.7075797 ], [ 9.3048662, 48.7075719 ], [ 9.3048734, 48.7075697 ], [ 9.3048909, 48.7075669 ], [ 9.3049091, 48.707565 ], [ 9.3049249, 48.7075648 ], [ 9.3049344, 48.7075656 ], [ 9.3049413, 48.7075667 ], [ 9.3050415, 48.7075947 ], [ 9.3050892, 48.7075406 ], [ 9.3051841, 48.7075685 ], [ 9.3052283, 48.707582 ], [ 9.3055098, 48.7076612 ], [ 9.3054758, 48.7077136 ], [ 9.3062265, 48.707923 ], [ 9.3079052, 48.7085065 ], [ 9.3080219, 48.7083658 ], [ 9.3083413, 48.7084746 ], [ 9.3083106, 48.7085113 ], [ 9.3088092, 48.7086645 ], [ 9.3089406, 48.7085022 ], [ 9.3091945, 48.7085774 ], [ 9.3090458, 48.7087597 ], [ 9.309178, 48.7088025 ], [ 9.3092035, 48.7087691 ], [ 9.3093863, 48.7088323 ], [ 9.3096002, 48.7085645 ], [ 9.3096486, 48.7085013 ], [ 9.3096997, 48.7084348 ], [ 9.3097234, 48.7084186 ], [ 9.3097762, 48.7084558 ], [ 9.3099277, 48.7086238 ], [ 9.3100468, 48.7088914 ], [ 9.3102199, 48.7092485 ], [ 9.3100293, 48.709289 ], [ 9.3101636, 48.7096603 ], [ 9.3102095, 48.7098655 ], [ 9.3102513, 48.7100831 ], [ 9.3102802, 48.7103292 ], [ 9.3102943, 48.7107276 ], [ 9.3103, 48.7108523 ], [ 9.3103017, 48.7108889 ], [ 9.3103054, 48.7109701 ], [ 9.3102336, 48.7113671 ], [ 9.3101339, 48.7117038 ], [ 9.3099906, 48.7120567 ], [ 9.3099894, 48.7120596 ], [ 9.3099146, 48.7120883 ], [ 9.3098806, 48.7121879 ], [ 9.3097588, 48.7123543 ], [ 9.3098301, 48.7123769 ], [ 9.3097755, 48.7124523 ], [ 9.3097947, 48.7124863 ], [ 9.3097661, 48.7125467 ], [ 9.3097155, 48.7126031 ], [ 9.3095909, 48.7127056 ], [ 9.3095111, 48.7128338 ], [ 9.3095827, 48.7128614 ], [ 9.3093712, 48.7131007 ], [ 9.309329, 48.7131043 ], [ 9.3091195, 48.7133414 ], [ 9.3089429, 48.713491 ], [ 9.3084951, 48.7137571 ], [ 9.3084808, 48.7137719 ], [ 9.3083691, 48.7138876 ], [ 9.3083166, 48.713942 ], [ 9.3081126, 48.714089 ], [ 9.3081189, 48.7141188 ], [ 9.3079613, 48.7143016 ], [ 9.3076852, 48.7145785 ], [ 9.3074229, 48.7147913 ], [ 9.3067863, 48.7152856 ], [ 9.3059805, 48.7149445 ], [ 9.3059191, 48.7149087 ], [ 9.30569, 48.7147757 ], [ 9.3056557, 48.7147554 ], [ 9.3055232, 48.7146834 ], [ 9.3058987, 48.7142996 ], [ 9.306049, 48.7141463 ], [ 9.3056874, 48.7139909 ], [ 9.3054133, 48.7138752 ], [ 9.3059636, 48.7133213 ], [ 9.3060133, 48.7133329 ], [ 9.3060234, 48.7133165 ], [ 9.3060308, 48.7133012 ], [ 9.3062397, 48.7133482 ], [ 9.306274, 48.7133303 ], [ 9.3062858, 48.7132438 ], [ 9.3063043, 48.7130924 ], [ 9.306333, 48.712904 ], [ 9.3063995, 48.712906 ], [ 9.3064869, 48.7129084 ], [ 9.3064989, 48.7129089 ], [ 9.3065259, 48.7127331 ], [ 9.3065462, 48.7125898 ], [ 9.3065878, 48.7123148 ], [ 9.3066207, 48.7120706 ], [ 9.3066391, 48.7119347 ], [ 9.3066734, 48.7116735 ], [ 9.3064996, 48.7116633 ], [ 9.3062568, 48.7116487 ], [ 9.305819, 48.7114622 ], [ 9.3058054, 48.7114564 ], [ 9.3056385, 48.711398 ], [ 9.3056338, 48.7113964 ], [ 9.3055601, 48.7113695 ], [ 9.3054751, 48.7113387 ], [ 9.3055552, 48.7111705 ], [ 9.3056537, 48.7109505 ], [ 9.3058214, 48.7105833 ], [ 9.3058628, 48.7104821 ], [ 9.3059178, 48.71036 ], [ 9.3057497, 48.7103284 ], [ 9.3058832, 48.7101685 ], [ 9.3059482, 48.710081 ], [ 9.3059675, 48.7100579 ], [ 9.3055979, 48.7099292 ], [ 9.3052766, 48.7098213 ], [ 9.3050837, 48.7097514 ], [ 9.3049555, 48.7097195 ], [ 9.3049388, 48.7097526 ], [ 9.3048858, 48.7098565 ], [ 9.304922, 48.7098662 ], [ 9.3048065, 48.710104 ], [ 9.3048017, 48.7101097 ], [ 9.304794, 48.7101146 ], [ 9.3047626, 48.7101078 ], [ 9.3042724, 48.7099978 ], [ 9.3039312, 48.7099225 ], [ 9.3037564, 48.7098802 ], [ 9.3035486, 48.7098321 ], [ 9.3035307, 48.7098101 ], [ 9.3036891, 48.709504 ], [ 9.303784, 48.709349 ], [ 9.3038309, 48.7092762 ], [ 9.3039334, 48.7091452 ], [ 9.3044597, 48.7092626 ], [ 9.3044949, 48.7091994 ], [ 9.3047402, 48.7092568 ], [ 9.3051724, 48.7093549 ], [ 9.3052581, 48.7093731 ], [ 9.3053062, 48.7092716 ], [ 9.3053815, 48.709113 ], [ 9.3053877, 48.709106 ], [ 9.3053979, 48.7091003 ], [ 9.305407, 48.7090971 ], [ 9.3054212, 48.7090951 ], [ 9.3054372, 48.709096 ], [ 9.3055394, 48.709121 ] ] ] } },
{ "type": "Feature", "properties": { "element": "way", "id": 32201073, "name": null, "landuse": "industrial" }, "geometry": { "type": "Polygon", "coordinates": [ [ [ 9.3260199, 48.9153849 ], [ 9.3276181, 48.9156042 ], [ 9.3276485, 48.9155587 ], [ 9.3288618, 48.9157269 ], [ 9.3288463, 48.9157672 ], [ 9.328967, 48.9157602 ], [ 9.3291508, 48.9156994 ], [ 9.3292446, 48.9156077 ], [ 9.3293385, 48.9154138 ], [ 9.3292996, 48.9154032 ], [ 9.3294176, 48.9152746 ], [ 9.3293694, 48.9151503 ], [ 9.3294096, 48.9148621 ], [ 9.3297979, 48.9137147 ], [ 9.3314959, 48.914134 ], [ 9.3318678, 48.9141777 ], [ 9.3319932, 48.9141323 ], [ 9.3322638, 48.9134477 ], [ 9.3341423, 48.9139159 ], [ 9.3340941, 48.913971 ], [ 9.3337622, 48.9145554 ], [ 9.3337709, 48.9146334 ], [ 9.3320864, 48.9142328 ], [ 9.3319926, 48.9142486 ], [ 9.3313876, 48.916054 ], [ 9.3322784, 48.9161236 ], [ 9.3322179, 48.9162335 ], [ 9.3324566, 48.916311 ], [ 9.3326228, 48.9163851 ], [ 9.332529, 48.9167605 ], [ 9.3324217, 48.9167658 ], [ 9.3323332, 48.9171676 ], [ 9.3321608, 48.9174285 ], [ 9.3318437, 48.9180066 ], [ 9.331712, 48.9183056 ], [ 9.331778, 48.9183257 ], [ 9.3320062, 48.9183567 ], [ 9.3330453, 48.9185082 ], [ 9.3316301, 48.9203961 ], [ 9.3320133, 48.9204213 ], [ 9.3318671, 48.9208692 ], [ 9.3314555, 48.9208507 ], [ 9.3313946, 48.9211328 ], [ 9.3299777, 48.9210047 ], [ 9.3298944, 48.9207301 ], [ 9.3298752, 48.9206669 ], [ 9.3289375, 48.9205892 ], [ 9.3272754, 48.9204548 ], [ 9.3271712, 48.9209209 ], [ 9.3259301, 48.9207751 ], [ 9.325105, 48.9205303 ], [ 9.3249424, 48.9205083 ], [ 9.3249626, 48.9204528 ], [ 9.324972, 48.9204274 ], [ 9.325246, 48.9196899 ], [ 9.3236779, 48.9194843 ], [ 9.3242367, 48.9164757 ], [ 9.3256883, 48.9165858 ], [ 9.3257564, 48.9163366 ], [ 9.3260199, 48.9153849 ] ] ] } },
{ "type": "Feature", "properties": { "element": "way", "id": 32297990, "name": null, "landuse": "industrial" }, "geometry": { "type": "Polygon", "coordinates": [ [ [ 9.3166152, 48.7480795 ], [ 9.3165157, 48.7480057 ], [ 9.3166874, 48.7479055 ], [ 9.3167864, 48.7479809 ], [ 9.3166152, 48.7480795 ] ] ] } },
{ "type": "Feature", "properties": { "element": "way", "id": 32731624, "name": "Industriegebiet Neckar I", "landuse": "industrial" }, "geometry": { "type": "Polygon", "coordinates": [ [ [ 9.2152733, 48.941974 ], [ 9.2149576, 48.9418173 ], [ 9.2124484, 48.940741 ], [ 9.2108878, 48.9402067 ], [ 9.2100422, 48.940007 ], [ 9.2094997, 48.9399207 ], [ 9.2091981, 48.9399988 ], [ 9.2089516, 48.9404091 ], [ 9.208829, 48.9404799 ], [ 9.2087255, 48.9405017 ], [ 9.2086968, 48.9405837 ], [ 9.2080866, 48.9406216 ], [ 9.2083387, 48.9410489 ], [ 9.2086445, 48.941329 ], [ 9.2088386, 48.9415572 ], [ 9.2091836, 48.9419732 ], [ 9.2093322, 48.942134 ], [ 9.2098042, 48.9423359 ], [ 9.210854, 48.9428348 ], [ 9.2116922, 48.9435655 ], [ 9.2117975, 48.9437602 ], [ 9.2122295, 48.9441261 ], [ 9.2125008, 48.9444737 ], [ 9.214468, 48.9440806 ], [ 9.2141407, 48.9435647 ], [ 9.2154096, 48.9432739 ], [ 9.2151717, 48.9427271 ], [ 9.2146247, 48.9424572 ], [ 9.2150412, 48.9420989 ], [ 9.2152733, 48.941974 ] ] ] } },
{ "type": "Feature", "properties": { "element": "way", "id": 34961511, "name": "Hofschwärze-Gehrn", "landuse": "industrial" }, "geometry": { "type": "Polygon", "coordinates": [ [ [ 9.351953, 48.9420436 ], [ 9.3512402, 48.9417587 ], [ 9.351127, 48.9417505 ], [ 9.3510166, 48.9417635 ], [ 9.3506197, 48.9418425 ], [ 9.3505035, 48.9418649 ], [ 9.3504113, 48.9418645 ], [ 9.3503335, 48.9418249 ], [ 9.3502612, 48.9416966 ], [ 9.3500472, 48.9417656 ], [ 9.3500348, 48.9418264 ], [ 9.3498578, 48.9418973 ], [ 9.3496511, 48.9419873 ], [ 9.3496452, 48.9418985 ], [ 9.3495412, 48.9418287 ], [ 9.3491721, 48.9417659 ], [ 9.3486088, 48.941728 ], [ 9.3481072, 48.9416835 ], [ 9.3480725, 48.941896 ], [ 9.3480644, 48.9419411 ], [ 9.3480381, 48.9420888 ], [ 9.3485069, 48.9421208 ], [ 9.3484936, 48.94219 ], [ 9.3484743, 48.9423383 ], [ 9.3484457, 48.9425819 ], [ 9.3485047, 48.942601 ], [ 9.3485731, 48.9426289 ], [ 9.3486483, 48.9426643 ], [ 9.3487169, 48.9427069 ], [ 9.3487966, 48.9427832 ], [ 9.3489727, 48.9429282 ], [ 9.3490109, 48.9429651 ], [ 9.349013, 48.9429873 ], [ 9.3490065, 48.9430101 ], [ 9.3489855, 48.9430332 ], [ 9.3489632, 48.9430481 ], [ 9.34869, 48.9430564 ], [ 9.348694, 48.9431296 ], [ 9.3487235, 48.9436672 ], [ 9.3487249, 48.943693 ], [ 9.3494656, 48.9437305 ], [ 9.349382, 48.9438264 ], [ 9.3502575, 48.9438841 ], [ 9.3501914, 48.9442111 ], [ 9.3526724, 48.9442904 ], [ 9.3533874, 48.9444874 ], [ 9.3537882, 48.9441037 ], [ 9.354236, 48.9435426 ], [ 9.354073, 48.9432467 ], [ 9.3540593, 48.943091 ], [ 9.3544039, 48.9429377 ], [ 9.3556372, 48.9430275 ], [ 9.3558201, 48.941944 ], [ 9.3553129, 48.942048 ], [ 9.3551841, 48.9419758 ], [ 9.354814, 48.9414578 ], [ 9.353054, 48.940804 ], [ 9.351953, 48.9420436 ] ] ] } },
{ "type": "Feature", "properties": { "element": "way", "id": 35135128, "name": "Steinbruch", "landuse": "industrial" }, "geometry": { "type": "Polygon", "coordinates": [ [ [ 9.3235083, 48.7747626 ], [ 9.3231025, 48.7750798 ], [ 9.3232132, 48.7751798 ], [ 9.3233521, 48.7753085 ], [ 9.3234903, 48.7753815 ], [ 9.3237494, 48.7754985 ], [ 9.3242858, 48.7756583 ], [ 9.32462, 48.7757267 ], [ 9.3246811, 48.7757155 ], [ 9.3247573, 48.7757249 ], [ 9.3248399, 48.7757602 ], [ 9.3248821, 48.7757971 ], [ 9.325007, 48.7757406 ], [ 9.3249958, 48.7756684 ], [ 9.3248741, 48.7755947 ], [ 9.3248437, 48.7755658 ], [ 9.3248151, 48.7755409 ], [ 9.3248047, 48.7755165 ], [ 9.3248242, 48.7754744 ], [ 9.3248513, 48.7754465 ], [ 9.3248852, 48.7754263 ], [ 9.3250231, 48.7753783 ], [ 9.3252424, 48.7751697 ], [ 9.3254217, 48.7750116 ], [ 9.3253029, 48.7747115 ], [ 9.3254492, 48.7745493 ], [ 9.3255878, 48.774515 ], [ 9.3255663, 48.7744171 ], [ 9.3254347, 48.7742883 ], [ 9.3252676, 48.7741963 ], [ 9.3252281, 48.7742015 ], [ 9.3251388, 48.7741519 ], [ 9.3251631, 48.7740732 ], [ 9.3252107, 48.773893 ], [ 9.3251853, 48.7736232 ], [ 9.3252057, 48.7734963 ], [ 9.3252171, 48.7734724 ], [ 9.32508, 48.7733591 ], [ 9.3248898, 48.7732621 ], [ 9.3247792, 48.7732067 ], [ 9.324734, 48.773187 ], [ 9.3245739, 48.7731351 ], [ 9.324533, 48.7731101 ], [ 9.3244393, 48.7730267 ], [ 9.3242965, 48.7730529 ], [ 9.3241984, 48.7730115 ], [ 9.3240211, 48.7731884 ], [ 9.3240886, 48.7732192 ], [ 9.3240085, 48.7733063 ], [ 9.3240662, 48.7733449 ], [ 9.3240317, 48.7733903 ], [ 9.3241891, 48.7734335 ], [ 9.3245567, 48.7735969 ], [ 9.3243387, 48.7737937 ], [ 9.324272, 48.7738641 ], [ 9.3239034, 48.7742047 ], [ 9.3235567, 48.7745323 ], [ 9.3235275, 48.7745753 ], [ 9.3233901, 48.7746595 ], [ 9.3235083, 48.7747626 ] ] ] } },
{ "type": "Feature", "properties": { "element": "way", "id": 35321265, "name": "Schaltanlage Birkach", "landuse": "industrial" }, "geometry": { "type": "Polygon", "coordinates": [ [ [ 9.2020737, 48.7283048 ], [ 9.2014296, 48.7281722 ], [ 9.2015377, 48.7279604 ], [ 9.2017099, 48.7277761 ], [ 9.2018682, 48.7278442 ], [ 9.201972, 48.7278723 ], [ 9.2020879, 48.7278937 ], [ 9.2022055, 48.7279048 ], [ 9.2023363, 48.7279104 ], [ 9.2024655, 48.7279142 ], [ 9.2025088, 48.7279963 ], [ 9.2025314, 48.7280569 ], [ 9.2023846, 48.7280759 ], [ 9.2022519, 48.7281497 ], [ 9.2020737, 48.7283048 ] ] ] } },
{ "type": "Feature", "properties": { "element": "way", "id": 37100887, "name": null, "landuse": "industrial" }, "geometry": { "type": "Polygon", "coordinates": [ [ [ 9.1694982, 48.8640172 ], [ 9.1695255, 48.8655145 ], [ 9.1691084, 48.8655019 ], [ 9.1690806, 48.8663016 ], [ 9.1690538, 48.8668629 ], [ 9.1693122, 48.8668678 ], [ 9.1698715, 48.8668806 ], [ 9.1699318, 48.866882 ], [ 9.1709276, 48.8669362 ], [ 9.1713228, 48.866773 ], [ 9.172489, 48.8663486 ], [ 9.1730456, 48.8661183 ], [ 9.1729249, 48.8659724 ], [ 9.1726085, 48.8655899 ], [ 9.1718271, 48.8645679 ], [ 9.1716044, 48.8643705 ], [ 9.1714087, 48.864224 ], [ 9.1709811, 48.8642229 ], [ 9.1694982, 48.8640172 ] ] ] } },
{ "type": "Feature", "properties": { "element": "way", "id": 37877595, "name": "Trinkwasserbehälter Hasenberg", "landuse": "industrial" }, "geometry": { "type": "Polygon", "coordinates": [ [ [ 9.1544542, 48.7659922 ], [ 9.1545238, 48.7660075 ], [ 9.1551117, 48.7661365 ], [ 9.1551885, 48.7661533 ], [ 9.1552654, 48.7661702 ], [ 9.1558743, 48.7663037 ], [ 9.1560815, 48.7660059 ], [ 9.1561948, 48.7658783 ], [ 9.1561165, 48.7657557 ], [ 9.1559306, 48.765596 ], [ 9.1554699, 48.7654039 ], [ 9.1551857, 48.7653394 ], [ 9.1552269, 48.765288 ], [ 9.1545511, 48.7650809 ], [ 9.1544566, 48.7650841 ], [ 9.1542262, 48.7651841 ], [ 9.1544708, 48.7652564 ], [ 9.154366, 48.7654192 ], [ 9.1542868, 48.7654526 ], [ 9.1542968, 48.7654858 ], [ 9.154165, 48.7656617 ], [ 9.1541081, 48.7657449 ], [ 9.1545231, 48.765819 ], [ 9.1544542, 48.7659922 ] ] ] } },
{ "type": "Feature", "properties": { "element": "way", "id": 38448495, "name": "Gewerbepark Eichwald", "landuse": "industrial" }, "geometry": { "type": "Polygon", "coordinates": [ [ [ 9.0520196, 48.9521342 ], [ 9.0518577, 48.9522247 ], [ 9.0512599, 48.9521812 ], [ 9.0501916, 48.9520802 ], [ 9.0494154, 48.9520068 ], [ 9.0494044, 48.9526491 ], [ 9.0493939, 48.9532564 ], [ 9.0493929, 48.953621 ], [ 9.0493863, 48.9541681 ], [ 9.0493974, 48.9542454 ], [ 9.0493944, 48.9545469 ], [ 9.0493855, 48.9554388 ], [ 9.0493783, 48.9556742 ], [ 9.0493376, 48.9557079 ], [ 9.0488286, 48.9557046 ], [ 9.0483726, 48.9556992 ], [ 9.0463179, 48.9556746 ], [ 9.0463125, 48.9556364 ], [ 9.0447747, 48.9556313 ], [ 9.0447739, 48.9556789 ], [ 9.0443351, 48.9556759 ], [ 9.0438616, 48.9559688 ], [ 9.0425624, 48.9558402 ], [ 9.0418406, 48.9557077 ], [ 9.0415315, 48.9556522 ], [ 9.0388104, 48.9554233 ], [ 9.0384074, 48.955388 ], [ 9.0383758, 48.9553568 ], [ 9.0383827, 48.9553094 ], [ 9.0376811, 48.955313 ], [ 9.0376778, 48.9552817 ], [ 9.0377221, 48.9531626 ], [ 9.0377804, 48.953163 ], [ 9.0383797, 48.9531664 ], [ 9.0383864, 48.9527483 ], [ 9.0383966, 48.9521222 ], [ 9.038408, 48.9502518 ], [ 9.0384114, 48.9501956 ], [ 9.0412948, 48.9501661 ], [ 9.0422878, 48.95017 ], [ 9.0431025, 48.9501735 ], [ 9.0440663, 48.9501695 ], [ 9.0455979, 48.9502626 ], [ 9.047098, 48.9503983 ], [ 9.0476992, 48.950464 ], [ 9.0482764, 48.9505369 ], [ 9.0528262, 48.9510406 ], [ 9.0527722, 48.9513475 ], [ 9.0527142, 48.9517307 ], [ 9.0527344, 48.9520393 ], [ 9.0520196, 48.9521342 ] ] ] } },
{ "type": "Feature", "properties": { "element": "way", "id": 38549046, "name": "Alte Ziegelei", "landuse": "industrial" }, "geometry": { "type": "Polygon", "coordinates": [ [ [ 9.0854658, 48.899812 ], [ 9.0851208, 48.8997847 ], [ 9.0841963, 48.899723 ], [ 9.0838808, 48.899311 ], [ 9.0838041, 48.8989016 ], [ 9.0837663, 48.8987247 ], [ 9.0841252, 48.8986953 ], [ 9.0842055, 48.8985513 ], [ 9.084607, 48.8984217 ], [ 9.0846155, 48.8981575 ], [ 9.0851053, 48.8980841 ], [ 9.0857984, 48.8982955 ], [ 9.0857387, 48.8987432 ], [ 9.0856029, 48.8993279 ], [ 9.0854658, 48.899812 ] ] ] } },
{ "type": "Feature", "properties": { "element": "way", "id": 38891552, "name": "Waldplätze", "landuse": "industrial" }, "geometry": { "type": "Polygon", "coordinates": [ [ [ 9.0806052, 48.7295235 ], [ 9.0814058, 48.7295531 ], [ 9.082499, 48.7295908 ], [ 9.0825552, 48.7295557 ], [ 9.0828989, 48.7295806 ], [ 9.083445, 48.729734 ], [ 9.0850815, 48.7297997 ], [ 9.0854271, 48.7298989 ], [ 9.0865241, 48.7301792 ], [ 9.0870492, 48.7303324 ], [ 9.087588, 48.7305417 ], [ 9.0880632, 48.7307627 ], [ 9.0880788, 48.7307675 ], [ 9.088456, 48.7308835 ], [ 9.0889735, 48.7311897 ], [ 9.0895665, 48.7315104 ], [ 9.0895296, 48.7315553 ], [ 9.0899218, 48.7318235 ], [ 9.0893627, 48.7320623 ], [ 9.0892721, 48.7321122 ], [ 9.0891427, 48.7322369 ], [ 9.0889752, 48.7323082 ], [ 9.0888997, 48.7322769 ], [ 9.0885517, 48.7320805 ], [ 9.088328, 48.7319822 ], [ 9.0883026, 48.7319999 ], [ 9.0878868, 48.73183 ], [ 9.0873935, 48.731668 ], [ 9.0854623, 48.7313001 ], [ 9.0840976, 48.7310679 ], [ 9.0837655, 48.7310408 ], [ 9.0831019, 48.7309264 ], [ 9.082544, 48.7308132 ], [ 9.0820977, 48.7307 ], [ 9.0816171, 48.7305131 ], [ 9.0813853, 48.7303773 ], [ 9.0810713, 48.7302211 ], [ 9.0808145, 48.7299598 ], [ 9.0806812, 48.729714 ], [ 9.0806052, 48.7295235 ] ] ] } },
{ "type": "Feature", "properties": { "element": "way", "id": 38927690, "name": "Syntegon Technology GmbH", "landuse": "industrial" }, "geometry": { "type": "Polygon", "coordinates": [ [ [ 9.2904982, 48.8242323 ], [ 9.2935585, 48.8247064 ], [ 9.2943426, 48.8249797 ], [ 9.2956554, 48.8251793 ], [ 9.2960858, 48.8251734 ], [ 9.2963943, 48.8250904 ], [ 9.2965842, 48.8247517 ], [ 9.2967822, 48.8242256 ], [ 9.2970209, 48.8237656 ], [ 9.2970917, 48.8235897 ], [ 9.2972627, 48.8230823 ], [ 9.2974739, 48.822315 ], [ 9.2974362, 48.822261 ], [ 9.2973486, 48.8222207 ], [ 9.2970278, 48.8221777 ], [ 9.2969561, 48.8221854 ], [ 9.2969047, 48.8221926 ], [ 9.2968123, 48.8224454 ], [ 9.2965331, 48.8224052 ], [ 9.2946173, 48.8221056 ], [ 9.292998, 48.8218427 ], [ 9.292905, 48.8218667 ], [ 9.2928498, 48.8219237 ], [ 9.2926735, 48.8223916 ], [ 9.2924514, 48.8229934 ], [ 9.2910151, 48.8227673 ], [ 9.2906802, 48.8235978 ], [ 9.2904982, 48.8242323 ] ] ] } },
{ "type": "Feature", "properties": { "element": "way", "id": 38927691, "name": null, "landuse": "industrial" }, "geometry": { "type": "Polygon", "coordinates": [ [ [ 9.296789, 48.8251401 ], [ 9.2969708, 48.8251687 ], [ 9.3009065, 48.8257873 ], [ 9.3011053, 48.8251439 ], [ 9.3011711, 48.8248765 ], [ 9.3011622, 48.8247186 ], [ 9.3013943, 48.8240099 ], [ 9.2999338, 48.8237803 ], [ 9.2973771, 48.8234649 ], [ 9.296789, 48.8251401 ] ] ] } },
{ "type": "Feature", "properties": { "element": "way", "id": 39353343, "name": "Hof Mauer", "landuse": "industrial" }, "geometry": { "type": "Polygon", "coordinates": [ [ [ 9.0648194, 48.8482552 ], [ 9.0657598, 48.8481466 ], [ 9.0661055, 48.8481565 ], [ 9.0663305, 48.8484291 ], [ 9.0664531, 48.8485538 ], [ 9.0665898, 48.8487748 ], [ 9.0667045, 48.8494752 ], [ 9.065433, 48.8495232 ], [ 9.0652532, 48.8497056 ], [ 9.065153, 48.8499087 ], [ 9.0651691, 48.8500835 ], [ 9.0652161, 48.8501836 ], [ 9.0650698, 48.850183 ], [ 9.0645908, 48.8501706 ], [ 9.0641012, 48.8501208 ], [ 9.0636121, 48.8500354 ], [ 9.063105, 48.8499052 ], [ 9.0629611, 48.8498594 ], [ 9.0630357, 48.8494966 ], [ 9.0629782, 48.8493032 ], [ 9.0630682, 48.8492045 ], [ 9.0636776, 48.8491362 ], [ 9.0640056, 48.8491393 ], [ 9.0643514, 48.8491582 ], [ 9.0644978, 48.8490265 ], [ 9.0646516, 48.8488987 ], [ 9.0645688, 48.8483474 ], [ 9.0648194, 48.8482552 ] ] ] } },
{ "type": "Feature", "properties": { "element": "way", "id": 39353357, "name": "Kläranlage", "landuse": "industrial" }, "geometry": { "type": "Polygon", "coordinates": [ [ [ 9.0582413, 48.8417931 ], [ 9.0574875, 48.8424487 ], [ 9.0572351, 48.8425598 ], [ 9.056929, 48.8423471 ], [ 9.0568941, 48.842305 ], [ 9.056502, 48.8417326 ], [ 9.0560342, 48.8413678 ], [ 9.056007, 48.8404752 ], [ 9.0561303, 48.8397371 ], [ 9.0562971, 48.8394817 ], [ 9.0565894, 48.839265 ], [ 9.0584464, 48.8389124 ], [ 9.0586499, 48.8390348 ], [ 9.0584951, 48.8397386 ], [ 9.058207, 48.8399484 ], [ 9.0578326, 48.840106 ], [ 9.0573993, 48.8402737 ], [ 9.0571886, 48.8403995 ], [ 9.0574461, 48.8407554 ], [ 9.0579353, 48.8411677 ], [ 9.0582413, 48.8417931 ] ] ] } },
{ "type": "Feature", "properties": { "element": "way", "id": 39445501, "name": "Kläranlage Leudelsbach", "landuse": "industrial" }, "geometry": { "type": "Polygon", "coordinates": [ [ [ 9.0839151, 48.9132737 ], [ 9.0842992, 48.9131226 ], [ 9.0848266, 48.9130299 ], [ 9.0858009, 48.9131854 ], [ 9.0859397, 48.9135396 ], [ 9.0860419, 48.9136003 ], [ 9.0860892, 48.9138296 ], [ 9.086049, 48.9139005 ], [ 9.0853433, 48.9140856 ], [ 9.0850542, 48.9143141 ], [ 9.0849663, 48.914337 ], [ 9.0849056, 48.9143807 ], [ 9.0847599, 48.9143408 ], [ 9.0840145, 48.9142844 ], [ 9.0836309, 48.9139651 ], [ 9.0836837, 48.9135487 ], [ 9.0839151, 48.9132737 ] ] ] } },
{ "type": "Feature", "properties": { "element": "way", "id": 39550759, "name": "Gruppenklärwerk Talhausen", "landuse": "industrial" }, "geometry": { "type": "Polygon", "coordinates": [ [ [ 9.0654263, 48.9177139 ], [ 9.0653039, 48.9178232 ], [ 9.0650241, 48.9178528 ], [ 9.0649148, 48.9179123 ], [ 9.0648968, 48.9180134 ], [ 9.0649799, 48.9181035 ], [ 9.0650685, 48.9181207 ], [ 9.0652527, 48.9180916 ], [ 9.0654154, 48.9180967 ], [ 9.0657367, 48.9184081 ], [ 9.0667124, 48.9187563 ], [ 9.0674021, 48.9185931 ], [ 9.0677663, 48.9184202 ], [ 9.0678941, 48.9183465 ], [ 9.0678759, 48.9182418 ], [ 9.0678522, 48.9181508 ], [ 9.0675264, 48.9176972 ], [ 9.0673104, 48.9175027 ], [ 9.0672853, 48.9174681 ], [ 9.066944, 48.917092 ], [ 9.0668779, 48.9170491 ], [ 9.0666847, 48.9170219 ], [ 9.0662823, 48.9170868 ], [ 9.0665179, 48.9173354 ], [ 9.0666037, 48.9175272 ], [ 9.0664566, 48.9176466 ], [ 9.0659444, 48.9176555 ], [ 9.065557, 48.9176758 ], [ 9.0654263, 48.9177139 ] ] ] } },
{ "type": "Feature", "properties": { "element": "way", "id": 42367851, "name": null, "landuse": "industrial" }, "geometry": { "type": "Polygon", "coordinates": [ [ [ 9.2229492, 48.9079663 ], [ 9.2239313, 48.9079512 ], [ 9.2250728, 48.9078463 ], [ 9.2274074, 48.9074232 ], [ 9.2270391, 48.9066366 ], [ 9.2235507, 48.9072597 ], [ 9.2227474, 48.9074488 ], [ 9.2229492, 48.9079663 ] ] ] } },
{ "type": "Feature", "properties": { "element": "way", "id": 42413682, "name": null, "landuse": "industrial" }, "geometry": { "type": "Polygon", "coordinates": [ [ [ 9.292509, 48.7415653 ], [ 9.2926376, 48.7416256 ], [ 9.2927278, 48.7416663 ], [ 9.2927912, 48.7416106 ], [ 9.2928696, 48.7416105 ], [ 9.2927863, 48.7416827 ], [ 9.2928916, 48.7417255 ], [ 9.2930924, 48.741848 ], [ 9.2930738, 48.7418681 ], [ 9.2934712, 48.7420917 ], [ 9.2935994, 48.7421587 ], [ 9.2939075, 48.7421197 ], [ 9.2938954, 48.7420379 ], [ 9.294262, 48.7419956 ], [ 9.2945711, 48.7419593 ], [ 9.2947009, 48.7419428 ], [ 9.2952957, 48.7418747 ], [ 9.2954339, 48.741858 ], [ 9.2954801, 48.7418531 ], [ 9.2955053, 48.7418433 ], [ 9.2953116, 48.7413692 ], [ 9.2952256, 48.7412587 ], [ 9.2950657, 48.7412937 ], [ 9.2949434, 48.7413401 ], [ 9.2947949, 48.7413653 ], [ 9.2947886, 48.7413424 ], [ 9.2947733, 48.7413029 ], [ 9.2946864, 48.741317 ], [ 9.2945519, 48.7413406 ], [ 9.2935281, 48.7414755 ], [ 9.2930115, 48.7415428 ], [ 9.2929756, 48.7415455 ], [ 9.2929404, 48.7415412 ], [ 9.2929088, 48.741533 ], [ 9.2928826, 48.7415239 ], [ 9.292864, 48.7415127 ], [ 9.292509, 48.7415653 ] ] ] } },
{ "type": "Feature", "properties": { "element": "way", "id": 42501646, "name": "Citizen Machinery & Boley GmbH", "landuse": "industrial" }, "geometry": { "type": "Polygon", "coordinates": [ [ [ 9.302599, 48.7427378 ], [ 9.3021196, 48.7428672 ], [ 9.3021237, 48.7428735 ], [ 9.3020415, 48.7428976 ], [ 9.3018198, 48.7429587 ], [ 9.301898, 48.743104 ], [ 9.3018965, 48.7433457 ], [ 9.3019222, 48.7433776 ], [ 9.3019749, 48.7433936 ], [ 9.3020235, 48.7433978 ], [ 9.3020819, 48.7434141 ], [ 9.3020664, 48.7434954 ], [ 9.3023428, 48.7435189 ], [ 9.3028774, 48.7435473 ], [ 9.3031809, 48.7435563 ], [ 9.3031485, 48.7432494 ], [ 9.3030614, 48.7432492 ], [ 9.3030535, 48.7432794 ], [ 9.3030329, 48.7432866 ], [ 9.3027145, 48.742995 ], [ 9.302694, 48.7429809 ], [ 9.3026676, 48.7429699 ], [ 9.3026346, 48.7429625 ], [ 9.3026666, 48.7428445 ], [ 9.302599, 48.7427378 ] ] ] } },
{ "type": "Feature", "properties": { "element": "way", "id": 43765307, "name": "Wittumäcker", "landuse": "industrial" }, "geometry": { "type": "Polygon", "coordinates": [ [ [ 9.2523978, 48.7051387 ], [ 9.2524297, 48.7047372 ], [ 9.2520484, 48.7047149 ], [ 9.2513605, 48.7046766 ], [ 9.2513394, 48.704614 ], [ 9.2507301, 48.7045736 ], [ 9.2507281, 48.7046153 ], [ 9.2500958, 48.7045889 ], [ 9.2488078, 48.7045205 ], [ 9.2483851, 48.7044995 ], [ 9.248379, 48.7046085 ], [ 9.2483622, 48.7047583 ], [ 9.2483646, 48.7047723 ], [ 9.2483719, 48.7047887 ], [ 9.2483871, 48.7048104 ], [ 9.2484124, 48.7048446 ], [ 9.2484231, 48.7048594 ], [ 9.2484288, 48.7048717 ], [ 9.248429, 48.7048852 ], [ 9.2484285, 48.7049799 ], [ 9.2485211, 48.7049712 ], [ 9.2485886, 48.7049668 ], [ 9.2486651, 48.7049657 ], [ 9.2487298, 48.7049683 ], [ 9.2488382, 48.7049746 ], [ 9.2488993, 48.7050801 ], [ 9.2489003, 48.7054477 ], [ 9.2490012, 48.7055287 ], [ 9.2489978, 48.7058026 ], [ 9.2491654, 48.7060435 ], [ 9.2491761, 48.7060609 ], [ 9.2491819, 48.7060803 ], [ 9.2491854, 48.7061249 ], [ 9.2491918, 48.706145 ], [ 9.249212, 48.706193 ], [ 9.2492388, 48.7062685 ], [ 9.2493138, 48.7065297 ], [ 9.2493144, 48.706532 ], [ 9.2493403, 48.7065748 ], [ 9.2493742, 48.7066033 ], [ 9.2494117, 48.7066239 ], [ 9.249414, 48.7066252 ], [ 9.2494639, 48.706641 ], [ 9.2494716, 48.7067133 ], [ 9.2495352, 48.7067113 ], [ 9.2496257, 48.7067064 ], [ 9.2498646, 48.7066908 ], [ 9.2501747, 48.7066712 ], [ 9.2504067, 48.7066575 ], [ 9.2505527, 48.7066121 ], [ 9.2505675, 48.7066172 ], [ 9.2505845, 48.7066217 ], [ 9.2506008, 48.7066249 ], [ 9.2506156, 48.706626 ], [ 9.2506297, 48.7066257 ], [ 9.250987, 48.7066065 ], [ 9.251192, 48.7065883 ], [ 9.2512722, 48.7065786 ], [ 9.2516631, 48.7065331 ], [ 9.2520374, 48.7065171 ], [ 9.2521797, 48.7065093 ], [ 9.252294, 48.706502 ], [ 9.2523911, 48.706495 ], [ 9.2523962, 48.7060877 ], [ 9.2524028, 48.7058599 ], [ 9.2524025, 48.7056302 ], [ 9.2523978, 48.7051387 ] ] ] } },
{ "type": "Feature", "properties": { "element": "way", "id": 44457222, "name": "Seewiesen", "landuse": "industrial" }, "geometry": { "type": "Polygon", "coordinates": [ [ [ 9.3461813, 48.8192344 ], [ 9.3461987, 48.819587 ], [ 9.3466962, 48.8195932 ], [ 9.3466735, 48.8207018 ], [ 9.3452739, 48.8209223 ], [ 9.3440496, 48.8214695 ], [ 9.3396888, 48.8198578 ], [ 9.3403738, 48.8195387 ], [ 9.3407912, 48.8193618 ], [ 9.341843, 48.8189582 ], [ 9.3425866, 48.8186811 ], [ 9.3436635, 48.8182862 ], [ 9.3442064, 48.8181708 ], [ 9.3447255, 48.8180604 ], [ 9.3460601, 48.8178622 ], [ 9.3461813, 48.8192344 ] ] ] } },
{ "type": "Feature", "properties": { "element": "way", "id": 48087661, "name": "Industriegebiet Murr", "landuse": "industrial" }, "geometry": { "type": "Polygon", "coordinates": [ [ [ 9.2448035, 48.9542548 ], [ 9.2448091, 48.9541617 ], [ 9.2449317, 48.9541877 ], [ 9.2452395, 48.954333 ], [ 9.2452389, 48.9544433 ], [ 9.245231, 48.954475 ], [ 9.2453838, 48.9545329 ], [ 9.245649, 48.9546392 ], [ 9.2458213, 48.9546884 ], [ 9.246104, 48.9547283 ], [ 9.2467235, 48.9547641 ], [ 9.2468675, 48.9547548 ], [ 9.246935, 48.9553342 ], [ 9.2469725, 48.9557083 ], [ 9.246848, 48.9558923 ], [ 9.2467045, 48.9563401 ], [ 9.2475819, 48.9563834 ], [ 9.247658, 48.9564764 ], [ 9.2476442, 48.9565653 ], [ 9.2475684, 48.9566663 ], [ 9.2473085, 48.9568251 ], [ 9.2473265, 48.9569404 ], [ 9.247153, 48.9569974 ], [ 9.2469357, 48.9570555 ], [ 9.246709, 48.9570942 ], [ 9.2464418, 48.9571211 ], [ 9.2461431, 48.9571259 ], [ 9.2459406, 48.9571198 ], [ 9.2454593, 48.9570541 ], [ 9.2441097, 48.9568356 ], [ 9.2436537, 48.9568006 ], [ 9.2427031, 48.9567786 ], [ 9.241623, 48.956762 ], [ 9.2393996, 48.9570463 ], [ 9.2379747, 48.9572317 ], [ 9.2358059, 48.957514 ], [ 9.2357484, 48.9573718 ], [ 9.2351167, 48.9573457 ], [ 9.235125, 48.9572526 ], [ 9.2351653, 48.9568032 ], [ 9.2358501, 48.9568264 ], [ 9.2360798, 48.9567829 ], [ 9.2361284, 48.9566349 ], [ 9.2351564, 48.9565914 ], [ 9.2351918, 48.9564232 ], [ 9.2349399, 48.9563739 ], [ 9.2352149, 48.9548252 ], [ 9.2355089, 48.9548423 ], [ 9.2356028, 48.9541713 ], [ 9.235694, 48.953539 ], [ 9.2368151, 48.9535583 ], [ 9.2368312, 48.9534579 ], [ 9.2377079, 48.9535142 ], [ 9.2377236, 48.9534627 ], [ 9.2380476, 48.9534868 ], [ 9.2380842, 48.9534318 ], [ 9.2397396, 48.9534588 ], [ 9.2398094, 48.95336 ], [ 9.2402414, 48.953386 ], [ 9.2412513, 48.9534468 ], [ 9.2418152, 48.9534808 ], [ 9.2418119, 48.9536491 ], [ 9.2422198, 48.9536845 ], [ 9.2421743, 48.953979 ], [ 9.2428582, 48.9540912 ], [ 9.2439659, 48.9541801 ], [ 9.2448035, 48.9542548 ] ] ] } },
{ "type": "Feature", "properties": { "element": "way", "id": 48139645, "name": null, "landuse": "industrial" }, "geometry": { "type": "Polygon", "coordinates": [ [ [ 9.1976479, 48.9502854 ], [ 9.1957009, 48.950659 ], [ 9.1952293, 48.9496634 ], [ 9.1938095, 48.9498908 ], [ 9.1938935, 48.950126 ], [ 9.1937957, 48.950142 ], [ 9.1923745, 48.950375 ], [ 9.192562, 48.952248 ], [ 9.1927901, 48.9522066 ], [ 9.192857, 48.9523757 ], [ 9.1929938, 48.9523502 ], [ 9.1930423, 48.9528436 ], [ 9.1930959, 48.9533881 ], [ 9.193112, 48.9534268 ], [ 9.1931365, 48.9534857 ], [ 9.1930836, 48.9534977 ], [ 9.1932607, 48.9539284 ], [ 9.193671, 48.9538597 ], [ 9.1938213, 48.9542859 ], [ 9.193954, 48.9545202 ], [ 9.1940613, 48.9545985 ], [ 9.1941807, 48.9546567 ], [ 9.194249, 48.9546677 ], [ 9.1954845, 48.9544221 ], [ 9.1973357, 48.9541509 ], [ 9.1975388, 48.9541507 ], [ 9.1996549, 48.9538993 ], [ 9.1997201, 48.9538951 ], [ 9.2015434, 48.9537767 ], [ 9.2029765, 48.9536836 ], [ 9.2030877, 48.953588 ], [ 9.2030194, 48.9532071 ], [ 9.2029883, 48.9528955 ], [ 9.2028451, 48.9514612 ], [ 9.2027983, 48.9509915 ], [ 9.2027892, 48.9509006 ], [ 9.2027898, 48.9503836 ], [ 9.2027901, 48.950093 ], [ 9.2028006, 48.9500391 ], [ 9.2005648, 48.9486106 ], [ 9.2001281, 48.9482689 ], [ 9.1982726, 48.9485644 ], [ 9.1980275, 48.9483002 ], [ 9.1979314, 48.9481947 ], [ 9.1978652, 48.9482185 ], [ 9.1963656, 48.9487585 ], [ 9.1976479, 48.9502854 ] ] ] } },
{ "type": "Feature", "properties": { "element": "way", "id": 48151568, "name": "Heizkraftwerk Stuttgart-Gaisburg", "landuse": "industrial" }, "geometry": { "type": "Polygon", "coordinates": [ [ [ 9.2274042, 48.7861809 ], [ 9.2272926, 48.7861028 ], [ 9.2270646, 48.7862388 ], [ 9.2271559, 48.7863101 ], [ 9.2255304, 48.7871014 ], [ 9.2239088, 48.7879288 ], [ 9.2232412, 48.7873635 ], [ 9.2232188, 48.7873446 ], [ 9.2236449, 48.7870518 ], [ 9.2272675, 48.7845066 ], [ 9.2273552, 48.7844628 ], [ 9.2279146, 48.784071 ], [ 9.2279644, 48.7841026 ], [ 9.2280717, 48.7841564 ], [ 9.228378, 48.783942 ], [ 9.2286088, 48.7837226 ], [ 9.2290532, 48.783269 ], [ 9.2297397, 48.782707 ], [ 9.2301573, 48.7823953 ], [ 9.2318383, 48.7812503 ], [ 9.2319108, 48.7812909 ], [ 9.2319513, 48.7813165 ], [ 9.2321123, 48.7812481 ], [ 9.2322938, 48.7812435 ], [ 9.2323565, 48.781318 ], [ 9.2323705, 48.781396 ], [ 9.2323568, 48.781898 ], [ 9.2324178, 48.7821589 ], [ 9.2327138, 48.7827776 ], [ 9.2331059, 48.783129 ], [ 9.2331645, 48.783253 ], [ 9.2330952, 48.7833392 ], [ 9.2329824, 48.7834008 ], [ 9.2316135, 48.7839318 ], [ 9.2305415, 48.7843815 ], [ 9.2302667, 48.7844971 ], [ 9.2301299, 48.7847557 ], [ 9.2274042, 48.7861809 ] ] ] } },
{ "type": "Feature", "properties": { "element": "way", "id": 48560690, "name": "Pumpstation Pleidelsheim", "landuse": "industrial" }, "geometry": { "type": "Polygon", "coordinates": [ [ [ 9.1991316, 48.9626207 ], [ 9.199148, 48.9625702 ], [ 9.199158, 48.9622887 ], [ 9.199125, 48.9618984 ], [ 9.1989556, 48.9615979 ], [ 9.1989055, 48.9614691 ], [ 9.1988775, 48.9614755 ], [ 9.1988418, 48.9614819 ], [ 9.1987941, 48.9614361 ], [ 9.1984333, 48.961499 ], [ 9.1982947, 48.9615249 ], [ 9.1981575, 48.9615828 ], [ 9.198151, 48.9616771 ], [ 9.1981919, 48.9617924 ], [ 9.1983103, 48.9621295 ], [ 9.1985274, 48.9626662 ], [ 9.1985606, 48.9626972 ], [ 9.1986489, 48.9627145 ], [ 9.1990089, 48.9626447 ], [ 9.1991316, 48.9626207 ] ] ] } },
{ "type": "Feature", "properties": { "element": "way", "id": 48733977, "name": null, "landuse": "industrial" }, "geometry": { "type": "Polygon", "coordinates": [ [ [ 9.3418809, 48.7963309 ], [ 9.3418678, 48.7966541 ], [ 9.3417411, 48.79669 ], [ 9.3410888, 48.7966413 ], [ 9.3401101, 48.7965323 ], [ 9.3393995, 48.7965544 ], [ 9.3390426, 48.7966057 ], [ 9.3386259, 48.7967536 ], [ 9.3385458, 48.7967108 ], [ 9.3385393, 48.7965481 ], [ 9.3387746, 48.796043 ], [ 9.3391868, 48.7956712 ], [ 9.3401042, 48.7957308 ], [ 9.3401558, 48.7952777 ], [ 9.3408106, 48.7953519 ], [ 9.3409186, 48.7951292 ], [ 9.3411326, 48.7950214 ], [ 9.3416866, 48.7951333 ], [ 9.3417955, 48.7954598 ], [ 9.3413943, 48.7954451 ], [ 9.3413043, 48.7957708 ], [ 9.3418358, 48.7958434 ], [ 9.3418809, 48.7963309 ] ] ] } },
{ "type": "Feature", "properties": { "element": "way", "id": 48870513, "name": null, "landuse": "industrial" }, "geometry": { "type": "Polygon", "coordinates": [ [ [ 9.1969965, 48.9618048 ], [ 9.1969372, 48.9618248 ], [ 9.1963305, 48.961041 ], [ 9.1961948, 48.9606467 ], [ 9.1961325, 48.9605152 ], [ 9.19519, 48.9593655 ], [ 9.1948547, 48.9591369 ], [ 9.1946007, 48.9587481 ], [ 9.1939986, 48.9580234 ], [ 9.1934313, 48.9572761 ], [ 9.1930835, 48.95681 ], [ 9.1928089, 48.9563761 ], [ 9.1926625, 48.9560989 ], [ 9.1927115, 48.9560876 ], [ 9.1928554, 48.9563719 ], [ 9.1931228, 48.9568122 ], [ 9.1934762, 48.9572714 ], [ 9.1937818, 48.9576487 ], [ 9.1940301, 48.9579757 ], [ 9.1945867, 48.9586604 ], [ 9.1949148, 48.9590898 ], [ 9.1952678, 48.9593263 ], [ 9.1953641, 48.9594142 ], [ 9.1957598, 48.959931 ], [ 9.1960749, 48.9603292 ], [ 9.1960853, 48.9603674 ], [ 9.1962936, 48.9606481 ], [ 9.1964023, 48.9610191 ], [ 9.1967105, 48.961431 ], [ 9.1969965, 48.9618048 ] ] ] } },
{ "type": "Feature", "properties": { "element": "way", "id": 48870517, "name": null, "landuse": "industrial" }, "geometry": { "type": "Polygon", "coordinates": [ [ [ 9.1976049, 48.9616055 ], [ 9.1976954, 48.9615779 ], [ 9.1968717, 48.9604184 ], [ 9.1968071, 48.9603434 ], [ 9.1967418, 48.9602675 ], [ 9.1959188, 48.9591843 ], [ 9.1955224, 48.9587871 ], [ 9.1950967, 48.9582491 ], [ 9.194459, 48.9573286 ], [ 9.1946222, 48.9572422 ], [ 9.1941359, 48.9568732 ], [ 9.1940558, 48.9568442 ], [ 9.1939758, 48.95688 ], [ 9.19452, 48.9575958 ], [ 9.1950519, 48.958289 ], [ 9.1954707, 48.9588274 ], [ 9.1956326, 48.959233 ], [ 9.1956904, 48.9592922 ], [ 9.1958221, 48.9594527 ], [ 9.1963104, 48.9600853 ], [ 9.1964236, 48.9602354 ], [ 9.1965826, 48.9604148 ], [ 9.1966465, 48.9604921 ], [ 9.1970003, 48.9608139 ], [ 9.197328, 48.961228 ], [ 9.1976049, 48.9616055 ] ] ] } },
{ "type": "Feature", "properties": { "element": "way", "id": 48870526, "name": "Schleuse Pleidelsheim", "landuse": "industrial" }, "geometry": { "type": "Polygon", "coordinates": [ [ [ 9.1964559, 48.9605558 ], [ 9.1964671, 48.9605317 ], [ 9.1962768, 48.960293 ], [ 9.1955358, 48.9593484 ], [ 9.195503, 48.9593077 ], [ 9.1954629, 48.9592885 ], [ 9.1954592, 48.9593245 ], [ 9.1954919, 48.9593646 ], [ 9.1962173, 48.9603177 ], [ 9.1964149, 48.9605491 ], [ 9.1964559, 48.9605558 ] ] ] } },
{ "type": "Feature", "properties": { "element": "way", "id": 49288961, "name": "Straßenmeisterei Deizisau - Stützpunkt Möhringen", "landuse": "industrial" }, "geometry": { "type": "Polygon", "coordinates": [ [ [ 9.1668759, 48.7259454 ], [ 9.1660562, 48.7260844 ], [ 9.1662373, 48.7265351 ], [ 9.1667922, 48.7264443 ], [ 9.1669635, 48.7262011 ], [ 9.1669117, 48.7260482 ], [ 9.1668759, 48.7259454 ] ] ] } },
{ "type": "Feature", "properties": { "element": "way", "id": 49899550, "name": "Hochbehälter Hohenheim", "landuse": "industrial" }, "geometry": { "type": "Polygon", "coordinates": [ [ [ 9.1825744, 48.7242374 ], [ 9.1830051, 48.7242499 ], [ 9.1829805, 48.7246755 ], [ 9.1826016, 48.7246888 ], [ 9.1825311, 48.7244875 ], [ 9.1825472, 48.7242561 ], [ 9.1825744, 48.7242374 ] ] ] } },
{ "type": "Feature", "properties": { "element": "way", "id": 52072056, "name": "Bessey", "landuse": "industrial" }, "geometry": { "type": "Polygon", "coordinates": [ [ [ 9.1349518, 48.9656691 ], [ 9.1337789, 48.9651455 ], [ 9.1330492, 48.9648366 ], [ 9.1327042, 48.9645748 ], [ 9.1324098, 48.9642439 ], [ 9.1320875, 48.9636875 ], [ 9.1318258, 48.9627866 ], [ 9.1334793, 48.9625074 ], [ 9.1335016, 48.9625906 ], [ 9.1337921, 48.9635634 ], [ 9.1338206, 48.9636587 ], [ 9.1345589, 48.9641524 ], [ 9.1356405, 48.9645041 ], [ 9.1357635, 48.9645695 ], [ 9.1357368, 48.9647261 ], [ 9.1353703, 48.9651306 ], [ 9.1349518, 48.9656691 ] ] ] } },
{ "type": "Feature", "properties": { "element": "way", "id": 52073112, "name": "Kienle + Spiess", "landuse": "industrial" }, "geometry": { "type": "Polygon", "coordinates": [ [ [ 9.0670725, 48.9624817 ], [ 9.0678911, 48.9627324 ], [ 9.0687159, 48.9629639 ], [ 9.0706922, 48.96353 ], [ 9.070683, 48.9635694 ], [ 9.0712673, 48.9637048 ], [ 9.0716625, 48.9630453 ], [ 9.0698417, 48.9625846 ], [ 9.0681511, 48.9620563 ], [ 9.0674804, 48.9619399 ], [ 9.0670725, 48.9624817 ] ] ] } },
{ "type": "Feature", "properties": { "element": "way", "id": 52135304, "name": "Gewerbegebiet Hohenstange", "landuse": "industrial" }, "geometry": { "type": "Polygon", "coordinates": [ [ [ 9.1505981, 48.924342 ], [ 9.1506897, 48.9244012 ], [ 9.1507044, 48.9243941 ], [ 9.1511269, 48.9241023 ], [ 9.1512502, 48.9241269 ], [ 9.151361, 48.9240263 ], [ 9.1514322, 48.9239626 ], [ 9.1514868, 48.9239828 ], [ 9.1515004, 48.9239059 ], [ 9.1519092, 48.9236068 ], [ 9.1520123, 48.9235821 ], [ 9.15208, 48.9236076 ], [ 9.152122, 48.9236573 ], [ 9.1521004, 48.9237022 ], [ 9.1521688, 48.9237014 ], [ 9.1522565, 48.9237131 ], [ 9.1523064, 48.9237881 ], [ 9.1522841, 48.9238316 ], [ 9.1523789, 48.9238182 ], [ 9.1524669, 48.9238355 ], [ 9.1524989, 48.9239089 ], [ 9.1524795, 48.923947 ], [ 9.1525073, 48.9239672 ], [ 9.152559, 48.9239554 ], [ 9.1526282, 48.9239513 ], [ 9.1527198, 48.9239964 ], [ 9.1527102, 48.9240769 ], [ 9.152835, 48.9240611 ], [ 9.1529569, 48.9241181 ], [ 9.1529474, 48.9241886 ], [ 9.1528784, 48.92425 ], [ 9.1527546, 48.9243575 ], [ 9.1526248, 48.9244701 ], [ 9.1523394, 48.9247138 ], [ 9.1522637, 48.9246755 ], [ 9.1522476, 48.9247617 ], [ 9.1517907, 48.9250365 ], [ 9.1511523, 48.9246629 ], [ 9.1507072, 48.9243957 ], [ 9.1506923, 48.9244028 ], [ 9.1513736, 48.9248189 ], [ 9.1515909, 48.9249493 ], [ 9.1516512, 48.9250347 ], [ 9.1516566, 48.925092 ], [ 9.1515623, 48.9251592 ], [ 9.1515881, 48.9251759 ], [ 9.1511421, 48.9254655 ], [ 9.1508907, 48.925637 ], [ 9.1508152, 48.9256941 ], [ 9.1506508, 48.9258185 ], [ 9.1500865, 48.9262394 ], [ 9.1498593, 48.9264027 ], [ 9.1496081, 48.9265743 ], [ 9.1494271, 48.9268248 ], [ 9.1493588, 48.9268126 ], [ 9.1493188, 48.9269322 ], [ 9.1491542, 48.9269156 ], [ 9.149039, 48.9269316 ], [ 9.148929, 48.9269727 ], [ 9.148759, 48.9270613 ], [ 9.1486215, 48.9271376 ], [ 9.1485096, 48.9271511 ], [ 9.148445, 48.9271221 ], [ 9.1482949, 48.9270469 ], [ 9.1481822, 48.9270261 ], [ 9.1480745, 48.9270055 ], [ 9.1478942, 48.9274131 ], [ 9.1478034, 48.9274586 ], [ 9.1477576, 48.927909 ], [ 9.1476542, 48.9279044 ], [ 9.1476455, 48.9279902 ], [ 9.1475092, 48.9279842 ], [ 9.1474002, 48.9279794 ], [ 9.1474009, 48.9279728 ], [ 9.1473531, 48.9279707 ], [ 9.1473694, 48.928005 ], [ 9.147376, 48.9280178 ], [ 9.1473723, 48.928026 ], [ 9.1473474, 48.928032 ], [ 9.1473133, 48.9280294 ], [ 9.1471884, 48.9280191 ], [ 9.1471825, 48.9280186 ], [ 9.1470535, 48.9280097 ], [ 9.1469908, 48.9280049 ], [ 9.1469187, 48.9279991 ], [ 9.1468642, 48.9279946 ], [ 9.1468175, 48.9279834 ], [ 9.1467499, 48.9280377 ], [ 9.1466053, 48.9279685 ], [ 9.146559, 48.9279299 ], [ 9.1465063, 48.9278794 ], [ 9.1464366, 48.9277989 ], [ 9.1463907, 48.9277157 ], [ 9.1463633, 48.9276041 ], [ 9.1463565, 48.9274853 ], [ 9.1463581, 48.9274224 ], [ 9.1463458, 48.9273401 ], [ 9.1463395, 48.9273146 ], [ 9.1463313, 48.9272844 ], [ 9.1463165, 48.9272343 ], [ 9.1463064, 48.9272024 ], [ 9.1462818, 48.9271729 ], [ 9.1462972, 48.9271543 ], [ 9.1463345, 48.9271083 ], [ 9.1463395, 48.9270692 ], [ 9.1463209, 48.927029 ], [ 9.1462599, 48.9269865 ], [ 9.1463237, 48.926947 ], [ 9.1463429, 48.9268686 ], [ 9.1463623, 48.9267858 ], [ 9.1464072, 48.9265936 ], [ 9.1464578, 48.9263222 ], [ 9.148888, 48.9254755 ], [ 9.1490058, 48.9254316 ], [ 9.1492615, 48.9253785 ], [ 9.1493737, 48.9252569 ], [ 9.1494931, 48.9251455 ], [ 9.149583, 48.9250785 ], [ 9.1497375, 48.9249637 ], [ 9.1499309, 48.9248265 ], [ 9.1501403, 48.9246697 ], [ 9.1502187, 48.924606 ], [ 9.1504822, 48.9244231 ], [ 9.1505466, 48.9243778 ], [ 9.1505981, 48.924342 ] ] ] } },
{ "type": "Feature", "properties": { "element": "way", "id": 53378378, "name": null, "landuse": "industrial" }, "geometry": { "type": "Polygon", "coordinates": [ [ [ 9.2587749, 48.8173848 ], [ 9.2586215, 48.8178279 ], [ 9.2578475, 48.8198056 ], [ 9.2583065, 48.8198536 ], [ 9.2600451, 48.8199439 ], [ 9.2620142, 48.8202027 ], [ 9.2619129, 48.8204575 ], [ 9.262172, 48.8204928 ], [ 9.2622814, 48.8205079 ], [ 9.2626878, 48.8205641 ], [ 9.2636318, 48.8206806 ], [ 9.2636096, 48.8207316 ], [ 9.2632156, 48.8216348 ], [ 9.2633634, 48.8216596 ], [ 9.2648827, 48.8219147 ], [ 9.2649373, 48.8219239 ], [ 9.2652305, 48.8212597 ], [ 9.2655449, 48.8213113 ], [ 9.2655723, 48.8212565 ], [ 9.2657631, 48.8207309 ], [ 9.2677998, 48.8210515 ], [ 9.2682314, 48.819943 ], [ 9.2682881, 48.8197974 ], [ 9.2678419, 48.819638 ], [ 9.2671793, 48.8194079 ], [ 9.2665026, 48.8191842 ], [ 9.2659421, 48.8189908 ], [ 9.2655168, 48.8187992 ], [ 9.2648843, 48.8186052 ], [ 9.2643733, 48.8184588 ], [ 9.264303, 48.8184708 ], [ 9.2628801, 48.8181585 ], [ 9.2617982, 48.8179649 ], [ 9.261087, 48.8178181 ], [ 9.2603706, 48.8176785 ], [ 9.2597285, 48.8175664 ], [ 9.2587749, 48.8173848 ] ] ] } },
{ "type": "Feature", "properties": { "element": "way", "id": 53395680, "name": null, "landuse": "industrial" }, "geometry": { "type": "Polygon", "coordinates": [ [ [ 9.0944325, 48.8269439 ], [ 9.0937893, 48.8269355 ], [ 9.0937846, 48.8274674 ], [ 9.0943884, 48.827475 ], [ 9.0944325, 48.8269439 ] ] ] } },
{ "type": "Feature", "properties": { "element": "way", "id": 55008034, "name": null, "landuse": "industrial" }, "geometry": { "type": "Polygon", "coordinates": [ [ [ 9.1473109, 48.8534502 ], [ 9.1482191, 48.85343 ], [ 9.1488289, 48.8534178 ], [ 9.1492805, 48.8534087 ], [ 9.1500158, 48.8534072 ], [ 9.1501854, 48.8534031 ], [ 9.1503437, 48.8534084 ], [ 9.1507814, 48.8534692 ], [ 9.1509417, 48.8535603 ], [ 9.1510662, 48.8535749 ], [ 9.1512562, 48.8535911 ], [ 9.1513193, 48.8535954 ], [ 9.1513794, 48.8536335 ], [ 9.1514017, 48.8536923 ], [ 9.1513676, 48.8537494 ], [ 9.151319, 48.8538074 ], [ 9.151025, 48.8541173 ], [ 9.1505721, 48.8544651 ], [ 9.1497314, 48.8553352 ], [ 9.1493234, 48.8554053 ], [ 9.1466972, 48.8555379 ], [ 9.145796, 48.8555887 ], [ 9.1448658, 48.8556826 ], [ 9.1447108, 48.8548274 ], [ 9.1445796, 48.8535625 ], [ 9.1454478, 48.8535178 ], [ 9.1456485, 48.8535048 ], [ 9.1464761, 48.8534648 ], [ 9.1473109, 48.8534502 ] ] ] } },
{ "type": "Feature", "properties": { "element": "way", "id": 55008690, "name": null, "landuse": "industrial" }, "geometry": { "type": "Polygon", "coordinates": [ [ [ 9.1643107, 48.8519082 ], [ 9.1646547, 48.8517816 ], [ 9.1655291, 48.8525105 ], [ 9.1661994, 48.8521941 ], [ 9.1664619, 48.8519907 ], [ 9.1665137, 48.8517302 ], [ 9.1661601, 48.8512672 ], [ 9.1661245, 48.8511626 ], [ 9.1661008, 48.8508602 ], [ 9.1662557, 48.8508604 ], [ 9.1666203, 48.8509116 ], [ 9.1667866, 48.8508266 ], [ 9.1662408, 48.8504595 ], [ 9.1662426, 48.8502872 ], [ 9.168072, 48.8493893 ], [ 9.1688293, 48.8490864 ], [ 9.1693784, 48.8495498 ], [ 9.1694363, 48.8495986 ], [ 9.1708749, 48.849028 ], [ 9.1711634, 48.8492675 ], [ 9.1704863, 48.8502196 ], [ 9.1700598, 48.851036 ], [ 9.1698734, 48.8516563 ], [ 9.1698152, 48.8522644 ], [ 9.1697097, 48.8533675 ], [ 9.1696134, 48.8537744 ], [ 9.1695637, 48.8541235 ], [ 9.1694468, 48.8541398 ], [ 9.1694012, 48.8550991 ], [ 9.1693593, 48.8553367 ], [ 9.1690221, 48.8554769 ], [ 9.1688412, 48.8555228 ], [ 9.1689515, 48.855681 ], [ 9.1690214, 48.855897 ], [ 9.169051, 48.8562031 ], [ 9.1691158, 48.8567185 ], [ 9.1688696, 48.8567309 ], [ 9.1688099, 48.8565068 ], [ 9.16875, 48.8562572 ], [ 9.1687065, 48.8560143 ], [ 9.1686386, 48.8557889 ], [ 9.1685117, 48.8555555 ], [ 9.1681602, 48.8550888 ], [ 9.1679172, 48.8548153 ], [ 9.1670038, 48.8551592 ], [ 9.1642263, 48.8519812 ], [ 9.1643107, 48.8519082 ] ] ] } },
{ "type": "Feature", "properties": { "element": "way", "id": 55008694, "name": "Kreidler", "landuse": "industrial" }, "geometry": { "type": "Polygon", "coordinates": [ [ [ 9.1713728, 48.8517083 ], [ 9.1713612, 48.8511304 ], [ 9.171443, 48.8508134 ], [ 9.1715913, 48.8504008 ], [ 9.1718037, 48.8500184 ], [ 9.1718383, 48.8499639 ], [ 9.1720813, 48.8496497 ], [ 9.1722014, 48.8495774 ], [ 9.1724693, 48.8494821 ], [ 9.1725608, 48.8493991 ], [ 9.1729984, 48.8489402 ], [ 9.1731402, 48.8488176 ], [ 9.1733628, 48.8486808 ], [ 9.1735854, 48.8484928 ], [ 9.1738111, 48.848318 ], [ 9.1744414, 48.8480003 ], [ 9.1754327, 48.847812 ], [ 9.1758634, 48.8489637 ], [ 9.1763072, 48.8507228 ], [ 9.1765645, 48.8516097 ], [ 9.1773759, 48.8544066 ], [ 9.1771875, 48.8544721 ], [ 9.1767353, 48.8545215 ], [ 9.1763797, 48.8545603 ], [ 9.1761537, 48.8545813 ], [ 9.1759842, 48.8545572 ], [ 9.17579, 48.8544656 ], [ 9.1755699, 48.8543058 ], [ 9.1753967, 48.8541769 ], [ 9.1753078, 48.8542183 ], [ 9.1747532, 48.8545677 ], [ 9.1740334, 48.854861 ], [ 9.172943, 48.8543454 ], [ 9.1727762, 48.854188 ], [ 9.1723552, 48.8535835 ], [ 9.1717957, 48.852725 ], [ 9.1715225, 48.8524307 ], [ 9.1713728, 48.8517083 ] ] ] } },
{ "type": "Feature", "properties": { "element": "way", "id": 56042337, "name": null, "landuse": "industrial" }, "geometry": { "type": "Polygon", "coordinates": [ [ [ 9.1132544, 48.7260295 ], [ 9.1139013, 48.7264035 ], [ 9.1142706, 48.7265621 ], [ 9.1145136, 48.726715 ], [ 9.1148314, 48.7269102 ], [ 9.1151013, 48.727085 ], [ 9.1150579, 48.7271544 ], [ 9.1154073, 48.7272954 ], [ 9.115306, 48.7268989 ], [ 9.1152113, 48.7267873 ], [ 9.1145634, 48.7263736 ], [ 9.1135463, 48.7258135 ], [ 9.1134218, 48.7257375 ], [ 9.1132325, 48.7257821 ], [ 9.1131283, 48.7258138 ], [ 9.1130145, 48.7258908 ], [ 9.1132544, 48.7260295 ] ] ] } },
{ "type": "Feature", "properties": { "element": "way", "id": 57738096, "name": null, "landuse": "industrial" }, "geometry": { "type": "Polygon", "coordinates": [ [ [ 9.2024298, 48.9698375 ], [ 9.2015012, 48.9687304 ], [ 9.2032288, 48.9676807 ], [ 9.2032663, 48.9676694 ], [ 9.2033055, 48.9676698 ], [ 9.2033364, 48.9676808 ], [ 9.2033599, 48.9677042 ], [ 9.2038193, 48.9682922 ], [ 9.2038313, 48.9683075 ], [ 9.2032524, 48.9686463 ], [ 9.2032627, 48.9687791 ], [ 9.203859, 48.9694636 ], [ 9.2027235, 48.9698864 ], [ 9.2026414, 48.9697822 ], [ 9.2024298, 48.9698375 ] ] ] } },
{ "type": "Feature", "properties": { "element": "way", "id": 60142946, "name": null, "landuse": "industrial" }, "geometry": { "type": "Polygon", "coordinates": [ [ [ 9.2602783, 48.9693894 ], [ 9.2605017, 48.9694035 ], [ 9.2605046, 48.9694479 ], [ 9.2613186, 48.9695129 ], [ 9.261548, 48.9697011 ], [ 9.2621012, 48.9697381 ], [ 9.2638742, 48.9698567 ], [ 9.2639593, 48.969884 ], [ 9.2640224, 48.9699358 ], [ 9.2640418, 48.9700633 ], [ 9.2641189, 48.970154 ], [ 9.2642134, 48.9701938 ], [ 9.2643202, 48.9702078 ], [ 9.2646133, 48.9702465 ], [ 9.2647116, 48.9699382 ], [ 9.2654485, 48.9672648 ], [ 9.2652361, 48.9671961 ], [ 9.2645968, 48.9671557 ], [ 9.2644937, 48.9670869 ], [ 9.2641858, 48.9670375 ], [ 9.2640072, 48.9670224 ], [ 9.2626309, 48.9669595 ], [ 9.2626252, 48.9668815 ], [ 9.2622665, 48.9668001 ], [ 9.2621117, 48.9668058 ], [ 9.2618391, 48.9670986 ], [ 9.2608676, 48.967031 ], [ 9.2610084, 48.9669084 ], [ 9.2617629, 48.9669577 ], [ 9.261957, 48.9666984 ], [ 9.2621988, 48.966476 ], [ 9.2622507, 48.9663334 ], [ 9.2598147, 48.965773 ], [ 9.2598017, 48.9656426 ], [ 9.2594076, 48.9656191 ], [ 9.2592774, 48.9655143 ], [ 9.2590168, 48.9656448 ], [ 9.2589126, 48.9663931 ], [ 9.2596584, 48.9664358 ], [ 9.2596519, 48.9665016 ], [ 9.25999, 48.9665171 ], [ 9.2600707, 48.9665609 ], [ 9.2599836, 48.9671437 ], [ 9.2604116, 48.9671138 ], [ 9.2602535, 48.968201 ], [ 9.2603098, 48.9682747 ], [ 9.2603186, 48.9684271 ], [ 9.2602717, 48.9684837 ], [ 9.2600838, 48.9686341 ], [ 9.2600043, 48.9691235 ], [ 9.2600256, 48.9692206 ], [ 9.2601283, 48.9693275 ], [ 9.2602783, 48.9693894 ] ] ] } },
{ "type": "Feature", "properties": { "element": "way", "id": 67976711, "name": null, "landuse": "industrial" }, "geometry": { "type": "Polygon", "coordinates": [ [ [ 9.313714, 48.8034105 ], [ 9.3124018, 48.8028636 ], [ 9.3129886, 48.8019605 ], [ 9.3137245, 48.8022042 ], [ 9.3145602, 48.8024978 ], [ 9.3148611, 48.8026108 ], [ 9.3144366, 48.8030406 ], [ 9.3141403, 48.8029283 ], [ 9.313714, 48.8034105 ] ] ] } },
{ "type": "Feature", "properties": { "element": "way", "id": 72401353, "name": "ANDREAS STIHL AG & Co. KG - Werk 2", "landuse": "industrial" }, "geometry": { "type": "Polygon", "coordinates": [ [ [ 9.3290992, 48.855625 ], [ 9.3273218, 48.8553482 ], [ 9.3267873, 48.8552731 ], [ 9.326766, 48.8553166 ], [ 9.3267611, 48.8553316 ], [ 9.3266214, 48.8553464 ], [ 9.3265192, 48.8555401 ], [ 9.3264498, 48.8556716 ], [ 9.3264011, 48.8557703 ], [ 9.3263452, 48.8558837 ], [ 9.32614, 48.8563073 ], [ 9.3261943, 48.8563216 ], [ 9.326252, 48.8563311 ], [ 9.3263009, 48.8563406 ], [ 9.326269, 48.8564214 ], [ 9.3263013, 48.8564266 ], [ 9.3263338, 48.8564482 ], [ 9.3263881, 48.8564608 ], [ 9.3267393, 48.8565157 ], [ 9.3268649, 48.8565358 ], [ 9.3270741, 48.8565707 ], [ 9.3271114, 48.8564591 ], [ 9.3280846, 48.8566046 ], [ 9.3281331, 48.8566122 ], [ 9.3285648, 48.8566801 ], [ 9.3286148, 48.8566891 ], [ 9.3290568, 48.8567586 ], [ 9.3290193, 48.8568716 ], [ 9.3292118, 48.8569033 ], [ 9.3293083, 48.8569053 ], [ 9.3294042, 48.8569073 ], [ 9.3296225, 48.8569408 ], [ 9.3296443, 48.8569441 ], [ 9.3298562, 48.856977 ], [ 9.3298789, 48.8569828 ], [ 9.3300031, 48.8570225 ], [ 9.330064, 48.8570326 ], [ 9.3301492, 48.8570467 ], [ 9.3301847, 48.8569456 ], [ 9.3302641, 48.8569764 ], [ 9.3303283, 48.8570013 ], [ 9.3303211, 48.8570189 ], [ 9.3303509, 48.8570235 ], [ 9.3304438, 48.8570378 ], [ 9.3305361, 48.857052 ], [ 9.3305442, 48.8570498 ], [ 9.3306267, 48.8570763 ], [ 9.3306153, 48.8571191 ], [ 9.3310712, 48.857187 ], [ 9.332018, 48.8573379 ], [ 9.3328601, 48.8574608 ], [ 9.3329019, 48.857476 ], [ 9.3338862, 48.8576275 ], [ 9.3339251, 48.8576335 ], [ 9.3339499, 48.8576529 ], [ 9.3340441, 48.8576164 ], [ 9.3340441, 48.8576018 ], [ 9.3341347, 48.8575691 ], [ 9.3342446, 48.8575285 ], [ 9.3342698, 48.8575298 ], [ 9.334361, 48.8574967 ], [ 9.3343644, 48.8575003 ], [ 9.3343921, 48.8575302 ], [ 9.3344706, 48.8575162 ], [ 9.3344871, 48.8574706 ], [ 9.3344954, 48.8574494 ], [ 9.3346317, 48.8570712 ], [ 9.3347183, 48.8569991 ], [ 9.3348018, 48.8567793 ], [ 9.3348485, 48.8567855 ], [ 9.3349256, 48.8567926 ], [ 9.3349561, 48.8567 ], [ 9.3351277, 48.8561966 ], [ 9.3352005, 48.8562065 ], [ 9.3353235, 48.8562252 ], [ 9.3353681, 48.85611 ], [ 9.3353051, 48.8560986 ], [ 9.3353319, 48.8560245 ], [ 9.3352025, 48.8559993 ], [ 9.3352159, 48.8559566 ], [ 9.3348773, 48.855897 ], [ 9.3345458, 48.8558419 ], [ 9.3343489, 48.8558042 ], [ 9.3339969, 48.8557368 ], [ 9.3336864, 48.8556773 ], [ 9.3328716, 48.8554978 ], [ 9.3326964, 48.8554449 ], [ 9.3322611, 48.8552868 ], [ 9.331831, 48.8550975 ], [ 9.3314966, 48.8549063 ], [ 9.3313535, 48.8547969 ], [ 9.3312481, 48.8547344 ], [ 9.3304942, 48.8545318 ], [ 9.3304206, 48.8545061 ], [ 9.3299567, 48.8544216 ], [ 9.3293814, 48.8543443 ], [ 9.3292393, 48.8548107 ], [ 9.3286452, 48.8547278 ], [ 9.3285996, 48.8547481 ], [ 9.3289214, 48.8553269 ], [ 9.3290992, 48.855625 ] ] ] } },
{ "type": "Feature", "properties": { "element": "way", "id": 72514593, "name": "Kappel-Halden", "landuse": "industrial" }, "geometry": { "type": "Polygon", "coordinates": [ [ [ 9.3110202, 48.8876149 ], [ 9.3115087, 48.8876134 ], [ 9.3115413, 48.8881245 ], [ 9.311672, 48.8881211 ], [ 9.3116802, 48.8882802 ], [ 9.3102854, 48.8882948 ], [ 9.3092013, 48.8883645 ], [ 9.3092406, 48.888285 ], [ 9.3096768, 48.8875753 ], [ 9.3103815, 48.8875961 ], [ 9.3106684, 48.8876046 ], [ 9.3110202, 48.8876149 ] ] ] } },
{ "type": "Feature", "properties": { "element": "way", "id": 78021462, "name": null, "landuse": "industrial" }, "geometry": { "type": "Polygon", "coordinates": [ [ [ 9.0693053, 48.9351865 ], [ 9.0692818, 48.9351524 ], [ 9.0692253, 48.9350702 ], [ 9.0694396, 48.9348742 ], [ 9.0695589, 48.9349176 ], [ 9.0695833, 48.9349265 ], [ 9.0696134, 48.9349354 ], [ 9.0693283, 48.9351949 ], [ 9.0693053, 48.9351865 ] ] ] } },
{ "type": "Feature", "properties": { "element": "way", "id": 78591312, "name": "Gruppenklärwerk Häldenmühle", "landuse": "industrial" }, "geometry": { "type": "Polygon", "coordinates": [ [ [ 9.2521143, 48.9492613 ], [ 9.2527526, 48.9492981 ], [ 9.252572, 48.9502262 ], [ 9.2524069, 48.9511137 ], [ 9.2522188, 48.9512185 ], [ 9.2522805, 48.9512661 ], [ 9.2523918, 48.9512062 ], [ 9.2523621, 48.9513924 ], [ 9.2523634, 48.9519983 ], [ 9.2524277, 48.9523972 ], [ 9.251323, 48.9526636 ], [ 9.251093, 48.952215 ], [ 9.2509815, 48.9519594 ], [ 9.2509196, 48.9517235 ], [ 9.2509921, 48.9513934 ], [ 9.2511443, 48.9510692 ], [ 9.2514168, 48.9504161 ], [ 9.2515584, 48.9501163 ], [ 9.2517409, 48.9498233 ], [ 9.2521143, 48.9492613 ] ] ] } },
{ "type": "Feature", "properties": { "element": "way", "id": 86832069, "name": null, "landuse": "industrial" }, "geometry": { "type": "Polygon", "coordinates": [ [ [ 9.2388975, 48.9503411 ], [ 9.2358101, 48.9510645 ], [ 9.235527, 48.9512096 ], [ 9.2352126, 48.9514063 ], [ 9.2351212, 48.9515623 ], [ 9.2351366, 48.9517767 ], [ 9.2357371, 48.95175 ], [ 9.2371031, 48.9516891 ], [ 9.2378903, 48.9515251 ], [ 9.2391031, 48.9512707 ], [ 9.2396079, 48.9512195 ], [ 9.2400563, 48.9511528 ], [ 9.2404657, 48.9510604 ], [ 9.2407959, 48.9510339 ], [ 9.2409288, 48.9509381 ], [ 9.2404738, 48.950008 ], [ 9.2403005, 48.9498682 ], [ 9.2401749, 48.9496445 ], [ 9.2403867, 48.9495144 ], [ 9.2401293, 48.9491698 ], [ 9.2396245, 48.9492187 ], [ 9.2392951, 48.9493234 ], [ 9.2391118, 48.9494368 ], [ 9.2363363, 48.9500497 ], [ 9.2358414, 48.950153 ], [ 9.2343199, 48.950838 ], [ 9.2344192, 48.9509939 ], [ 9.2351556, 48.9509239 ], [ 9.2355334, 48.950945 ], [ 9.2358575, 48.9509324 ], [ 9.236877, 48.9506949 ], [ 9.2388568, 48.9502487 ], [ 9.2388975, 48.9503411 ] ] ] } },
{ "type": "Feature", "properties": { "element": "way", "id": 92113717, "name": null, "landuse": "industrial" }, "geometry": { "type": "Polygon", "coordinates": [ [ [ 9.2494787, 48.7789228 ], [ 9.2493993, 48.7788195 ], [ 9.2493563, 48.7787378 ], [ 9.2493616, 48.7786342 ], [ 9.2493725, 48.7785668 ], [ 9.2493698, 48.7784908 ], [ 9.2493349, 48.7784024 ], [ 9.2491042, 48.7780949 ], [ 9.2504668, 48.7776548 ], [ 9.2506551, 48.7779164 ], [ 9.2506814, 48.7779552 ], [ 9.2508062, 48.777909 ], [ 9.2510063, 48.778144 ], [ 9.2508105, 48.7782211 ], [ 9.2502978, 48.7784696 ], [ 9.2504319, 48.7786057 ], [ 9.2494787, 48.7789228 ] ] ] } },
{ "type": "Feature", "properties": { "element": "way", "id": 93355474, "name": null, "landuse": "industrial" }, "geometry": { "type": "Polygon", "coordinates": [ [ [ 9.252501, 48.769958 ], [ 9.252462, 48.770016 ], [ 9.252314, 48.770245 ], [ 9.252192, 48.770428 ], [ 9.251948, 48.770798 ], [ 9.251705, 48.771168 ], [ 9.251554, 48.771393 ], [ 9.251257, 48.771839 ], [ 9.251024, 48.77219 ], [ 9.250561, 48.772892 ], [ 9.250504, 48.772976 ], [ 9.250422, 48.773094 ], [ 9.250369, 48.773167 ], [ 9.250293, 48.773266 ], [ 9.2501527, 48.7734266 ], [ 9.2498894, 48.7736856 ], [ 9.2496466, 48.773887 ], [ 9.249547, 48.773956 ], [ 9.249309, 48.774117 ], [ 9.249025, 48.774303 ], [ 9.248422, 48.774708 ], [ 9.248075, 48.774933 ], [ 9.2479975, 48.7749839 ], [ 9.247402, 48.775375 ], [ 9.2473282, 48.7754239 ], [ 9.2467433, 48.775214 ], [ 9.2471632, 48.7747942 ], [ 9.2476123, 48.7742786 ], [ 9.2481446, 48.7735824 ], [ 9.2489763, 48.7725403 ], [ 9.2496915, 48.7724108 ], [ 9.2508558, 48.7706087 ], [ 9.2513198, 48.7698433 ], [ 9.251546, 48.7695257 ], [ 9.2521738, 48.7686912 ], [ 9.2524774, 48.7682682 ], [ 9.2535897, 48.7666087 ], [ 9.2556415, 48.7634837 ], [ 9.2572042, 48.761124 ], [ 9.2576133, 48.7605945 ], [ 9.257896, 48.7601718 ], [ 9.2579003, 48.7600646 ], [ 9.2582128, 48.7595949 ], [ 9.2589886, 48.7584168 ], [ 9.2590771, 48.758368 ], [ 9.2592053, 48.7583228 ], [ 9.2593228, 48.7582301 ], [ 9.2593743, 48.7581395 ], [ 9.2593845, 48.7579871 ], [ 9.2594162, 48.7578499 ], [ 9.2595288, 48.7576076 ], [ 9.2618895, 48.7540732 ], [ 9.2625655, 48.7541349 ], [ 9.2621913, 48.7552262 ], [ 9.2621481, 48.7553072 ], [ 9.2620386, 48.7555154 ], [ 9.2618384, 48.7558278 ], [ 9.2618586, 48.75586 ], [ 9.2618621, 48.7559017 ], [ 9.2586791, 48.7607231 ], [ 9.2586043, 48.760817 ], [ 9.2584697, 48.7609245 ], [ 9.25832, 48.761162 ], [ 9.258167, 48.761395 ], [ 9.2580648, 48.7615501 ], [ 9.25793, 48.761757 ], [ 9.257642, 48.762188 ], [ 9.257362, 48.762611 ], [ 9.257045, 48.763088 ], [ 9.256714, 48.763588 ], [ 9.256178, 48.7644 ], [ 9.25581, 48.764954 ], [ 9.255459, 48.765484 ], [ 9.255349, 48.765652 ], [ 9.254974, 48.766216 ], [ 9.254655, 48.766701 ], [ 9.25429, 48.767258 ], [ 9.254028, 48.767647 ], [ 9.253615, 48.768272 ], [ 9.253351, 48.768669 ], [ 9.253042, 48.769135 ], [ 9.252752, 48.769577 ], [ 9.252501, 48.769958 ] ] ] } },
{ "type": "Feature", "properties": { "element": "way", "id": 93366107, "name": null, "landuse": "industrial" }, "geometry": { "type": "Polygon", "coordinates": [ [ [ 9.2643, 48.7543495 ], [ 9.2654068, 48.7546652 ], [ 9.263302, 48.7578722 ], [ 9.2618684, 48.7592827 ], [ 9.2604246, 48.7614705 ], [ 9.2603053, 48.761589 ], [ 9.2602021, 48.7616234 ], [ 9.2600364, 48.7616223 ], [ 9.2594164, 48.7613872 ], [ 9.259688, 48.760979 ], [ 9.25995, 48.760586 ], [ 9.260448, 48.759827 ], [ 9.261136, 48.758789 ], [ 9.261646, 48.758015 ], [ 9.262214, 48.757156 ], [ 9.262757, 48.756332 ], [ 9.2630716, 48.7558455 ], [ 9.2633626, 48.7556084 ], [ 9.2635636, 48.7554554 ], [ 9.2637361, 48.7551899 ], [ 9.2639209, 48.7549158 ], [ 9.2641012, 48.7546364 ], [ 9.2643, 48.7543495 ] ] ] } },
{ "type": "Feature", "properties": { "element": "way", "id": 93766061, "name": null, "landuse": "industrial" }, "geometry": { "type": "Polygon", "coordinates": [ [ [ 9.1449749, 49.0030339 ], [ 9.1455973, 49.0030377 ], [ 9.146651, 49.0031436 ], [ 9.1466544, 49.0031266 ], [ 9.1466625, 49.0030856 ], [ 9.1466891, 49.0029522 ], [ 9.1468539, 49.002124 ], [ 9.1468062, 49.0019865 ], [ 9.1469123, 49.0017885 ], [ 9.1471918, 49.0014393 ], [ 9.1473894, 49.0011923 ], [ 9.1473255, 49.0011635 ], [ 9.1463458, 49.0007207 ], [ 9.1444491, 48.9998416 ], [ 9.1439349, 49.0003041 ], [ 9.1432225, 49.0010954 ], [ 9.142692, 49.0018995 ], [ 9.1426201, 49.0020579 ], [ 9.1426276, 49.0021811 ], [ 9.1426692, 49.0022595 ], [ 9.1427439, 49.0023403 ], [ 9.1428832, 49.0024089 ], [ 9.1433375, 49.002562 ], [ 9.1436119, 49.0026302 ], [ 9.1439192, 49.0027009 ], [ 9.1443382, 49.0029039 ], [ 9.1446251, 49.0029833 ], [ 9.1449749, 49.0030339 ] ] ] } },
{ "type": "Feature", "properties": { "element": "way", "id": 93766126, "name": null, "landuse": "industrial" }, "geometry": { "type": "Polygon", "coordinates": [ [ [ 9.1358706, 48.9993229 ], [ 9.1356398, 48.9997443 ], [ 9.1355066, 48.9999874 ], [ 9.1354075, 49.0001819 ], [ 9.1353552, 49.0002666 ], [ 9.1353323, 49.0003036 ], [ 9.1351612, 49.0005994 ], [ 9.1352276, 49.0006179 ], [ 9.1352217, 49.0006278 ], [ 9.1351143, 49.0008081 ], [ 9.1350203, 49.000976 ], [ 9.1349741, 49.0010764 ], [ 9.1349502, 49.0011473 ], [ 9.1349049, 49.0013008 ], [ 9.1348721, 49.0014818 ], [ 9.1348547, 49.0015883 ], [ 9.1348733, 49.0017875 ], [ 9.1349004, 49.0019262 ], [ 9.1349069, 49.0019504 ], [ 9.1349626, 49.0021576 ], [ 9.1351033, 49.0021366 ], [ 9.1351724, 49.0023144 ], [ 9.1353923, 49.0027855 ], [ 9.1355558, 49.0030088 ], [ 9.1356305, 49.0029836 ], [ 9.1356233, 49.0027421 ], [ 9.1356599, 49.0025062 ], [ 9.1358324, 49.0020093 ], [ 9.1360345, 49.0015245 ], [ 9.1360392, 49.0015132 ], [ 9.1362749, 49.0010578 ], [ 9.1364879, 49.0007916 ], [ 9.1367586, 49.0005215 ], [ 9.1371477, 49.0002956 ], [ 9.1373661, 49.0001657 ], [ 9.1375848, 49.0000112 ], [ 9.1377093, 48.9999075 ], [ 9.1378279, 48.9998087 ], [ 9.1386346, 48.9992116 ], [ 9.1384737, 48.999113 ], [ 9.1383671, 48.9990576 ], [ 9.1382716, 48.9990349 ], [ 9.137907, 48.9988613 ], [ 9.1376699, 48.9990608 ], [ 9.1373325, 48.9989015 ], [ 9.1370758, 48.9989176 ], [ 9.1369831, 48.9989843 ], [ 9.1363413, 48.9986966 ], [ 9.1358706, 48.9993229 ] ] ] } },
{ "type": "Feature", "properties": { "element": "way", "id": 95524143, "name": "Kläranlage Höpfigheim", "landuse": "industrial" }, "geometry": { "type": "Polygon", "coordinates": [ [ [ 9.2237472, 48.9777722 ], [ 9.2232756, 48.9777201 ], [ 9.2229072, 48.9776659 ], [ 9.2229459, 48.9770034 ], [ 9.223537, 48.977111 ], [ 9.2239462, 48.9772035 ], [ 9.2237472, 48.9777722 ] ] ] } },
{ "type": "Feature", "properties": { "element": "way", "id": 95836467, "name": null, "landuse": "industrial" }, "geometry": { "type": "Polygon", "coordinates": [ [ [ 9.3304109, 48.9602365 ], [ 9.3307076, 48.9598416 ], [ 9.3310226, 48.9594192 ], [ 9.3314438, 48.9586234 ], [ 9.3317485, 48.9586925 ], [ 9.3320824, 48.9587568 ], [ 9.3323514, 48.9587878 ], [ 9.3326783, 48.958375 ], [ 9.333382, 48.9585941 ], [ 9.3335796, 48.9583575 ], [ 9.3343178, 48.9586337 ], [ 9.3347418, 48.958755 ], [ 9.3345343, 48.9590349 ], [ 9.3341604, 48.9589651 ], [ 9.333916, 48.9593416 ], [ 9.333685, 48.9596937 ], [ 9.3335475, 48.9598912 ], [ 9.3329889, 48.9611031 ], [ 9.3326809, 48.9616287 ], [ 9.3326785, 48.9619209 ], [ 9.3325055, 48.9618996 ], [ 9.3310308, 48.9615224 ], [ 9.3298702, 48.9612363 ], [ 9.3301186, 48.9607465 ], [ 9.3302604, 48.9604469 ], [ 9.3304109, 48.9602365 ] ] ] } },
{ "type": "Feature", "properties": { "element": "way", "id": 97611158, "name": null, "landuse": "industrial" }, "geometry": { "type": "Polygon", "coordinates": [ [ [ 9.2590768, 48.9048301 ], [ 9.2589652, 48.9045587 ], [ 9.2594294, 48.9044005 ], [ 9.2601019, 48.904413 ], [ 9.2604573, 48.9037018 ], [ 9.2605544, 48.903469 ], [ 9.2606001, 48.9031648 ], [ 9.2605373, 48.902932 ], [ 9.260415, 48.9026897 ], [ 9.2607258, 48.9026015 ], [ 9.2611829, 48.9026879 ], [ 9.2611315, 48.9032774 ], [ 9.2615199, 48.9032774 ], [ 9.2622341, 48.9031873 ], [ 9.2623598, 48.9031235 ], [ 9.2623203, 48.9025654 ], [ 9.2629857, 48.9026549 ], [ 9.2631219, 48.9024933 ], [ 9.2626597, 48.9023902 ], [ 9.2616245, 48.9023646 ], [ 9.2617098, 48.9016643 ], [ 9.2617856, 48.9013846 ], [ 9.2621179, 48.9003096 ], [ 9.2625634, 48.9003782 ], [ 9.2633208, 48.90104 ], [ 9.2633829, 48.9013615 ], [ 9.2633689, 48.9015969 ], [ 9.2633653, 48.9023852 ], [ 9.2631653, 48.903216 ], [ 9.2633536, 48.9036825 ], [ 9.2634255, 48.9038622 ], [ 9.2634115, 48.9049509 ], [ 9.2634173, 48.9051761 ], [ 9.2633497, 48.905258 ], [ 9.2626088, 48.9052765 ], [ 9.2626566, 48.9059193 ], [ 9.2605703, 48.9061391 ], [ 9.2603942, 48.9065756 ], [ 9.2599215, 48.9066143 ], [ 9.2598954, 48.9063022 ], [ 9.259961, 48.9062983 ], [ 9.2597983, 48.9055297 ], [ 9.2597918, 48.9054968 ], [ 9.260175, 48.9054641 ], [ 9.2601482, 48.9044468 ], [ 9.25966, 48.9044239 ], [ 9.25966, 48.904542 ], [ 9.2594911, 48.9045438 ], [ 9.2595447, 48.9046989 ], [ 9.2590768, 48.9048301 ] ] ] } },
{ "type": "Feature", "properties": { "element": "way", "id": 97825264, "name": null, "landuse": "industrial" }, "geometry": { "type": "Polygon", "coordinates": [ [ [ 9.228714, 48.928107 ], [ 9.228832, 48.9268663 ], [ 9.2295384, 48.9269846 ], [ 9.2298942, 48.9270434 ], [ 9.2298726, 48.9270985 ], [ 9.2298255, 48.9272184 ], [ 9.2301527, 48.9272714 ], [ 9.2301464, 48.9272884 ], [ 9.2302064, 48.9272981 ], [ 9.2301938, 48.9273317 ], [ 9.2307407, 48.9274203 ], [ 9.2308076, 48.9272755 ], [ 9.2309687, 48.9273059 ], [ 9.2310049, 48.9273264 ], [ 9.2310252, 48.9273569 ], [ 9.231024, 48.9273934 ], [ 9.2309789, 48.9275389 ], [ 9.2309318, 48.9275699 ], [ 9.2308785, 48.9275766 ], [ 9.2307363, 48.9275437 ], [ 9.2306838, 48.9276507 ], [ 9.2310835, 48.927722 ], [ 9.2311716, 48.9276587 ], [ 9.2317333, 48.9277773 ], [ 9.2320047, 48.9278468 ], [ 9.2319928, 48.927962 ], [ 9.2322609, 48.9279874 ], [ 9.2332595, 48.9280108 ], [ 9.2337117, 48.9279965 ], [ 9.2349407, 48.9279353 ], [ 9.2349479, 48.9279948 ], [ 9.2350113, 48.9285161 ], [ 9.2333758, 48.9286304 ], [ 9.2315236, 48.9285368 ], [ 9.2315258, 48.9284693 ], [ 9.2304306, 48.9283396 ], [ 9.228714, 48.928107 ] ] ] } },
{ "type": "Feature", "properties": { "element": "way", "id": 100012077, "name": null, "landuse": "industrial" }, "geometry": { "type": "Polygon", "coordinates": [ [ [ 9.3530515, 48.7251397 ], [ 9.3533164, 48.7251038 ], [ 9.3533079, 48.7250749 ], [ 9.3533603, 48.7250689 ], [ 9.3533734, 48.7250644 ], [ 9.3533853, 48.7250577 ], [ 9.3533931, 48.7250498 ], [ 9.3533971, 48.7250416 ], [ 9.3533994, 48.7250319 ], [ 9.3533979, 48.7250221 ], [ 9.3533836, 48.7249777 ], [ 9.353418, 48.7249556 ], [ 9.3533702, 48.7248607 ], [ 9.3540754, 48.724716 ], [ 9.3549722, 48.724546 ], [ 9.3554601, 48.7244473 ], [ 9.3554927, 48.7245196 ], [ 9.35615, 48.7243953 ], [ 9.3568432, 48.7242619 ], [ 9.35804, 48.7240331 ], [ 9.3584076, 48.723954 ], [ 9.3584092, 48.7237923 ], [ 9.3584301, 48.7235837 ], [ 9.3584322, 48.723554 ], [ 9.3584367, 48.7234853 ], [ 9.3584377, 48.7234637 ], [ 9.3582778, 48.7233836 ], [ 9.3582626, 48.723379 ], [ 9.3582451, 48.7233768 ], [ 9.3582247, 48.7233759 ], [ 9.3581738, 48.7233766 ], [ 9.3581422, 48.7232995 ], [ 9.3580014, 48.7230111 ], [ 9.3578002, 48.7230513 ], [ 9.3575726, 48.723095 ], [ 9.3573457, 48.7231426 ], [ 9.35715, 48.7231804 ], [ 9.3570995, 48.7230696 ], [ 9.3569258, 48.722695 ], [ 9.3566673, 48.7221101 ], [ 9.3570623, 48.7220315 ], [ 9.3571591, 48.7218863 ], [ 9.3571269, 48.7218766 ], [ 9.3570931, 48.721869 ], [ 9.3570506, 48.7218623 ], [ 9.3570009, 48.7218573 ], [ 9.3569447, 48.7218557 ], [ 9.3568946, 48.7218577 ], [ 9.3568508, 48.7218626 ], [ 9.3567811, 48.7218738 ], [ 9.3565757, 48.7219162 ], [ 9.3561777, 48.7219952 ], [ 9.3556836, 48.7220928 ], [ 9.3552825, 48.722172 ], [ 9.3546863, 48.7222924 ], [ 9.3544921, 48.7223288 ], [ 9.3544191, 48.7223423 ], [ 9.3541497, 48.7223976 ], [ 9.3538662, 48.7224523 ], [ 9.3538117, 48.7224499 ], [ 9.3535542, 48.7225017 ], [ 9.3535021, 48.7223878 ], [ 9.3528398, 48.72172 ], [ 9.352685, 48.7215584 ], [ 9.3522088, 48.7210786 ], [ 9.3515637, 48.7204247 ], [ 9.3520147, 48.7202563 ], [ 9.3521465, 48.7202137 ], [ 9.3526373, 48.720055 ], [ 9.3531599, 48.7199207 ], [ 9.3532842, 48.7198739 ], [ 9.3533962, 48.719821 ], [ 9.3535003, 48.7197651 ], [ 9.3536222, 48.7196871 ], [ 9.3536949, 48.7196342 ], [ 9.353773, 48.7195718 ], [ 9.3538269, 48.719525 ], [ 9.3539078, 48.7194473 ], [ 9.3540096, 48.7193342 ], [ 9.354206, 48.7190477 ], [ 9.3542084, 48.7190442 ], [ 9.3542557, 48.7189904 ], [ 9.3543468, 48.7189074 ], [ 9.3544051, 48.7188562 ], [ 9.3545041, 48.7187856 ], [ 9.3546888, 48.7186821 ], [ 9.3548882, 48.7185829 ], [ 9.3548861, 48.7185609 ], [ 9.3546911, 48.7185771 ], [ 9.3545212, 48.7185927 ], [ 9.3543831, 48.7186069 ], [ 9.3542143, 48.7186255 ], [ 9.3540093, 48.7186516 ], [ 9.3538269, 48.7186779 ], [ 9.3536682, 48.7187012 ], [ 9.3533298, 48.7187541 ], [ 9.3529554, 48.7188134 ], [ 9.3526922, 48.7188606 ], [ 9.3523816, 48.7189302 ], [ 9.3520714, 48.7190038 ], [ 9.3520529, 48.7190109 ], [ 9.3520372, 48.7190203 ], [ 9.3520209, 48.7190335 ], [ 9.3517546, 48.7190988 ], [ 9.3512627, 48.7192301 ], [ 9.3509196, 48.7193307 ], [ 9.3505104, 48.7194608 ], [ 9.3501796, 48.7195721 ], [ 9.3497928, 48.7197134 ], [ 9.3495621, 48.7198014 ], [ 9.3490376, 48.7200206 ], [ 9.3489829, 48.7200559 ], [ 9.348965, 48.7200689 ], [ 9.3489472, 48.7200847 ], [ 9.3489319, 48.7201051 ], [ 9.3489211, 48.7201298 ], [ 9.3489159, 48.7201521 ], [ 9.3486807, 48.7202714 ], [ 9.3486432, 48.7202654 ], [ 9.3486036, 48.7202621 ], [ 9.3485748, 48.7202609 ], [ 9.3485498, 48.7202622 ], [ 9.3485178, 48.7202683 ], [ 9.348482, 48.7202804 ], [ 9.3484223, 48.7203091 ], [ 9.3480956, 48.7204702 ], [ 9.347736, 48.7206453 ], [ 9.3473858, 48.7208163 ], [ 9.3470924, 48.720957 ], [ 9.3468921, 48.7210427 ], [ 9.3463847, 48.7212616 ], [ 9.3462698, 48.721308 ], [ 9.346152, 48.7213601 ], [ 9.3458311, 48.7214732 ], [ 9.3455249, 48.721577 ], [ 9.3449407, 48.7217711 ], [ 9.3446197, 48.7218598 ], [ 9.3442294, 48.7219708 ], [ 9.3441812, 48.721984 ], [ 9.3441352, 48.7219967 ], [ 9.3437207, 48.7221087 ], [ 9.343455, 48.7221865 ], [ 9.3433237, 48.722224 ], [ 9.3433764, 48.7223073 ], [ 9.3433609, 48.7223111 ], [ 9.3434992, 48.7225258 ], [ 9.343177, 48.7226109 ], [ 9.3427858, 48.7226584 ], [ 9.3424042, 48.7227072 ], [ 9.3415333, 48.7228811 ], [ 9.3414097, 48.7228982 ], [ 9.3412761, 48.7229298 ], [ 9.3409266, 48.7230198 ], [ 9.3404476, 48.723141 ], [ 9.3400109, 48.7232694 ], [ 9.3399396, 48.7232951 ], [ 9.3398962, 48.7233166 ], [ 9.3398537, 48.7233397 ], [ 9.339828, 48.7233598 ], [ 9.3398064, 48.7233802 ], [ 9.3397901, 48.7233983 ], [ 9.3397844, 48.7234122 ], [ 9.3397832, 48.7234423 ], [ 9.339522, 48.7235328 ], [ 9.3394606, 48.7235157 ], [ 9.3393163, 48.7233715 ], [ 9.3392283, 48.723411 ], [ 9.3377006, 48.7240983 ], [ 9.3362033, 48.7247472 ], [ 9.3357772, 48.7249102 ], [ 9.3355898, 48.7249773 ], [ 9.3351957, 48.7251185 ], [ 9.3347315, 48.7252572 ], [ 9.3341178, 48.7254291 ], [ 9.333702, 48.7255313 ], [ 9.3333163, 48.7256254 ], [ 9.3331934, 48.7256378 ], [ 9.3331685, 48.7256441 ], [ 9.3329751, 48.7257778 ], [ 9.332959, 48.725811 ], [ 9.3331304, 48.7260517 ], [ 9.3332057, 48.7261667 ], [ 9.3334493, 48.7265436 ], [ 9.3335918, 48.7267135 ], [ 9.3337627, 48.7270078 ], [ 9.3336389, 48.7270465 ], [ 9.333582, 48.7270669 ], [ 9.3334506, 48.727089 ], [ 9.3334096, 48.7270908 ], [ 9.3329429, 48.7264777 ], [ 9.3326051, 48.7260504 ], [ 9.33239, 48.7259786 ], [ 9.331585, 48.7261799 ], [ 9.3297421, 48.726771 ], [ 9.3280826, 48.7273589 ], [ 9.3268135, 48.7277958 ], [ 9.3258505, 48.728139 ], [ 9.3255173, 48.7282438 ], [ 9.3251796, 48.7283486 ], [ 9.3247911, 48.7284669 ], [ 9.324555, 48.7285353 ], [ 9.3243949, 48.7285809 ], [ 9.3243245, 48.7285394 ], [ 9.3243138, 48.7285372 ], [ 9.3243015, 48.7285375 ], [ 9.3218082, 48.7289966 ], [ 9.3219069, 48.7291675 ], [ 9.3213122, 48.7293387 ], [ 9.3207364, 48.7295203 ], [ 9.320616, 48.7294249 ], [ 9.3205486, 48.7293906 ], [ 9.3204813, 48.7293639 ], [ 9.3204054, 48.7293467 ], [ 9.3203295, 48.7293449 ], [ 9.3202535, 48.7293479 ], [ 9.3201672, 48.7293637 ], [ 9.3195967, 48.729552 ], [ 9.3189501, 48.7297846 ], [ 9.3185521, 48.7299514 ], [ 9.3184233, 48.7300155 ], [ 9.3180377, 48.7302309 ], [ 9.318023, 48.7302795 ], [ 9.3178559, 48.7303588 ], [ 9.3176842, 48.7304668 ], [ 9.3173186, 48.7307179 ], [ 9.3170644, 48.73091 ], [ 9.3168026, 48.7311127 ], [ 9.3164489, 48.7313879 ], [ 9.3163374, 48.7314782 ], [ 9.3163003, 48.7315107 ], [ 9.3161988, 48.7316219 ], [ 9.3161394, 48.7316671 ], [ 9.3160674, 48.7317251 ], [ 9.3160233, 48.7317613 ], [ 9.3160072, 48.7317809 ], [ 9.3160008, 48.7317996 ], [ 9.3160021, 48.7318182 ], [ 9.316011, 48.7318365 ], [ 9.3161939, 48.7320644 ], [ 9.3163208, 48.7321946 ], [ 9.3164934, 48.7324156 ], [ 9.3165633, 48.7325477 ], [ 9.3167127, 48.7327389 ], [ 9.3168399, 48.7328546 ], [ 9.3168563, 48.7328657 ], [ 9.316972, 48.7329151 ], [ 9.3169975, 48.7329216 ], [ 9.317021, 48.7329227 ], [ 9.3170501, 48.7329176 ], [ 9.3170735, 48.7329105 ], [ 9.3173967, 48.7327989 ], [ 9.3175425, 48.7327499 ], [ 9.317616, 48.7327252 ], [ 9.3178313, 48.7326483 ], [ 9.3182901, 48.7324895 ], [ 9.3188805, 48.7322862 ], [ 9.3193349, 48.7321326 ], [ 9.3196955, 48.7320208 ], [ 9.3201886, 48.7318713 ], [ 9.3206063, 48.7317213 ], [ 9.3209572, 48.7315772 ], [ 9.3214636, 48.7313646 ], [ 9.3220024, 48.7311407 ], [ 9.3221895, 48.7310653 ], [ 9.3223717, 48.7310002 ], [ 9.3227423, 48.7308726 ], [ 9.3234795, 48.730621 ], [ 9.32364, 48.7305885 ], [ 9.3236758, 48.7305686 ], [ 9.323703, 48.7305395 ], [ 9.3237089, 48.7305141 ], [ 9.3237907, 48.7303171 ], [ 9.3240521, 48.730332 ], [ 9.3242131, 48.7303362 ], [ 9.3244468, 48.7303292 ], [ 9.3246276, 48.7303161 ], [ 9.3247954, 48.7302936 ], [ 9.3249981, 48.7302559 ], [ 9.3255147, 48.7301162 ], [ 9.3257816, 48.7300135 ], [ 9.3261775, 48.7299042 ], [ 9.3269388, 48.7296485 ], [ 9.3270312, 48.7296155 ], [ 9.3277252, 48.7293791 ], [ 9.3282833, 48.7291951 ], [ 9.3293286, 48.7288378 ], [ 9.329873, 48.728656 ], [ 9.3305109, 48.7284394 ], [ 9.3311231, 48.7282286 ], [ 9.3313849, 48.7281406 ], [ 9.3317637, 48.7280046 ], [ 9.3328428, 48.7276221 ], [ 9.3332247, 48.7274832 ], [ 9.3336706, 48.7273141 ], [ 9.3340418, 48.7271935 ], [ 9.3347201, 48.7269737 ], [ 9.3350566, 48.7268685 ], [ 9.3352873, 48.7267828 ], [ 9.3360561, 48.7265596 ], [ 9.3361918, 48.7267494 ], [ 9.3362814, 48.7267284 ], [ 9.336855, 48.7266304 ], [ 9.3369921, 48.7266613 ], [ 9.3373354, 48.7266166 ], [ 9.3375654, 48.7265969 ], [ 9.337891, 48.726549 ], [ 9.3385758, 48.7264901 ], [ 9.3390529, 48.7264738 ], [ 9.3399107, 48.7264637 ], [ 9.3416794, 48.726445 ], [ 9.3425382, 48.7264523 ], [ 9.3438602, 48.7263888 ], [ 9.343897, 48.7263429 ], [ 9.3438953, 48.7262843 ], [ 9.3441191, 48.7261937 ], [ 9.344573, 48.726045 ], [ 9.3447072, 48.7260804 ], [ 9.3448826, 48.7259893 ], [ 9.3456655, 48.725747 ], [ 9.3458702, 48.7256639 ], [ 9.3459806, 48.725619 ], [ 9.3462204, 48.7255196 ], [ 9.3465411, 48.7253874 ], [ 9.3466679, 48.7253232 ], [ 9.3469206, 48.7251967 ], [ 9.3471669, 48.7250733 ], [ 9.3476058, 48.7248221 ], [ 9.3476614, 48.7248633 ], [ 9.3476911, 48.7248846 ], [ 9.347723, 48.7249046 ], [ 9.3477557, 48.72492 ], [ 9.347796, 48.7249341 ], [ 9.3478353, 48.7249431 ], [ 9.3478747, 48.724951 ], [ 9.3479241, 48.7249571 ], [ 9.3479746, 48.7249588 ], [ 9.3480314, 48.7249587 ], [ 9.3480888, 48.7249562 ], [ 9.3481504, 48.7249501 ], [ 9.348212, 48.7249409 ], [ 9.3483458, 48.7249183 ], [ 9.3485299, 48.7248812 ], [ 9.3487559, 48.7248366 ], [ 9.3490129, 48.7247858 ], [ 9.3492958, 48.7247287 ], [ 9.3494105, 48.7247048 ], [ 9.3496386, 48.7246587 ], [ 9.3496792, 48.7246515 ], [ 9.3498034, 48.7250567 ], [ 9.3498558, 48.7252309 ], [ 9.3499204, 48.7254434 ], [ 9.3499324, 48.7254728 ], [ 9.3499379, 48.7254793 ], [ 9.3499457, 48.7254842 ], [ 9.3499565, 48.7254876 ], [ 9.3499691, 48.7254888 ], [ 9.350033, 48.725484 ], [ 9.3500588, 48.7254843 ], [ 9.3502929, 48.7255122 ], [ 9.3503044, 48.7255053 ], [ 9.3506137, 48.7254669 ], [ 9.351028, 48.7254139 ], [ 9.3522366, 48.7252414 ], [ 9.3522819, 48.7252347 ], [ 9.3522861, 48.7252473 ], [ 9.3526032, 48.7251996 ], [ 9.3530515, 48.7251397 ] ] ] } },
{ "type": "Feature", "properties": { "element": "way", "id": 100110558, "name": "Mauserstraße", "landuse": "industrial" }, "geometry": { "type": "Polygon", "coordinates": [ [ [ 9.234396, 48.8915678 ], [ 9.2341013, 48.8920414 ], [ 9.2357483, 48.8925531 ], [ 9.2363923, 48.8927531 ], [ 9.2380182, 48.8932333 ], [ 9.2379542, 48.8934563 ], [ 9.238786, 48.8934346 ], [ 9.2388675, 48.8931075 ], [ 9.2392082, 48.8917666 ], [ 9.2393142, 48.8917906 ], [ 9.2395232, 48.8913961 ], [ 9.2392214, 48.8912805 ], [ 9.239534, 48.8902054 ], [ 9.2386734, 48.8898813 ], [ 9.2378132, 48.8896209 ], [ 9.2374988, 48.8895714 ], [ 9.2373631, 48.8895658 ], [ 9.2368896, 48.8898655 ], [ 9.236763, 48.8898244 ], [ 9.2355739, 48.8894394 ], [ 9.2352429, 48.8902781 ], [ 9.2347223, 48.8903811 ], [ 9.2344058, 48.8904375 ], [ 9.2344353, 48.8905046 ], [ 9.2337432, 48.8906192 ], [ 9.2334616, 48.8906739 ], [ 9.2331961, 48.890762 ], [ 9.2330351, 48.8908449 ], [ 9.2329735, 48.890889 ], [ 9.2327347, 48.89112 ], [ 9.2332202, 48.8913581 ], [ 9.2336896, 48.8913846 ], [ 9.234396, 48.8915678 ] ] ] } },
{ "type": "Feature", "properties": { "element": "way", "id": 100113900, "name": null, "landuse": "industrial" }, "geometry": { "type": "Polygon", "coordinates": [ [ [ 9.1657574, 48.8943595 ], [ 9.1705804, 48.8943642 ], [ 9.1721938, 48.8943361 ], [ 9.1723112, 48.8942638 ], [ 9.1734185, 48.8936013 ], [ 9.174012, 48.8931939 ], [ 9.1778576, 48.8908902 ], [ 9.1773719, 48.8908793 ], [ 9.177375, 48.890559 ], [ 9.1726881, 48.8903051 ], [ 9.1727105, 48.8883619 ], [ 9.1706282, 48.8883863 ], [ 9.1706282, 48.8877232 ], [ 9.1682746, 48.8878653 ], [ 9.1682714, 48.8878199 ], [ 9.166979, 48.8878867 ], [ 9.166916, 48.8874269 ], [ 9.1668342, 48.8872692 ], [ 9.1667122, 48.8871008 ], [ 9.1664547, 48.8868335 ], [ 9.1663122, 48.8868959 ], [ 9.1664519, 48.8870311 ], [ 9.165929, 48.8872576 ], [ 9.1654593, 48.8874981 ], [ 9.1645457, 48.8879769 ], [ 9.1640602, 48.8882655 ], [ 9.1633465, 48.8886326 ], [ 9.1627147, 48.8890162 ], [ 9.1630858, 48.8893185 ], [ 9.163256, 48.8894754 ], [ 9.1633686, 48.889669 ], [ 9.1634045, 48.8899184 ], [ 9.1634139, 48.8903003 ], [ 9.1634063, 48.8907281 ], [ 9.1634436, 48.8910172 ], [ 9.1634865, 48.8912786 ], [ 9.1635557, 48.8915518 ], [ 9.1637696, 48.8921028 ], [ 9.1638773, 48.8923802 ], [ 9.1638931, 48.892421 ], [ 9.1640273, 48.8927442 ], [ 9.1641054, 48.8929636 ], [ 9.1641395, 48.893057 ], [ 9.164143, 48.8930665 ], [ 9.1642106, 48.8932515 ], [ 9.1642587, 48.8933706 ], [ 9.1643995, 48.8937331 ], [ 9.1645731, 48.8942255 ], [ 9.1645864, 48.894264 ], [ 9.1647535, 48.8943659 ], [ 9.1649228, 48.8943645 ], [ 9.1657574, 48.8943595 ] ] ] } },
{ "type": "Feature", "properties": { "element": "way", "id": 100133312, "name": null, "landuse": "industrial" }, "geometry": { "type": "Polygon", "coordinates": [ [ [ 9.2854496, 48.7401857 ], [ 9.2860489, 48.7400929 ], [ 9.2875385, 48.7398498 ], [ 9.2883227, 48.7397095 ], [ 9.2914473, 48.7390784 ], [ 9.2923024, 48.7389008 ], [ 9.292677, 48.7388257 ], [ 9.2931006, 48.7387432 ], [ 9.2935174, 48.7386395 ], [ 9.2938542, 48.7385716 ], [ 9.2941725, 48.7385141 ], [ 9.2944386, 48.7384687 ], [ 9.2947034, 48.7384127 ], [ 9.2949195, 48.7383396 ], [ 9.295007, 48.7382983 ], [ 9.2950681, 48.7382665 ], [ 9.2951266, 48.7382342 ], [ 9.2951745, 48.7382022 ], [ 9.2952392, 48.7381557 ], [ 9.2954523, 48.7379767 ], [ 9.2954435, 48.7379716 ], [ 9.295397, 48.7379432 ], [ 9.2950443, 48.7380164 ], [ 9.2949718, 48.7380274 ], [ 9.2949594, 48.7380075 ], [ 9.294893, 48.7379081 ], [ 9.2948276, 48.7378055 ], [ 9.2946559, 48.7375348 ], [ 9.294499, 48.7373053 ], [ 9.2942437, 48.7369124 ], [ 9.2936017, 48.7369974 ], [ 9.2935071, 48.7370087 ], [ 9.2935521, 48.7371678 ], [ 9.2931185, 48.7372371 ], [ 9.2929943, 48.7372536 ], [ 9.292916, 48.737264 ], [ 9.2925859, 48.7373193 ], [ 9.2925956, 48.7373489 ], [ 9.2926256, 48.7374641 ], [ 9.2927042, 48.7377686 ], [ 9.2925871, 48.737782 ], [ 9.2920828, 48.7378359 ], [ 9.2919972, 48.737845 ], [ 9.2917992, 48.7378662 ], [ 9.29169, 48.7378779 ], [ 9.2916083, 48.7378866 ], [ 9.2914957, 48.7379031 ], [ 9.2914288, 48.7376172 ], [ 9.2913812, 48.7374202 ], [ 9.2913435, 48.7372685 ], [ 9.2913251, 48.7371987 ], [ 9.2908299, 48.7372459 ], [ 9.2908608, 48.7373816 ], [ 9.2903438, 48.7374387 ], [ 9.2901556, 48.7374228 ], [ 9.2901023, 48.7370305 ], [ 9.2899795, 48.7370178 ], [ 9.2896599, 48.7370405 ], [ 9.289384, 48.7370733 ], [ 9.2893407, 48.7370758 ], [ 9.2891283, 48.737112 ], [ 9.2889592, 48.7371308 ], [ 9.2887035, 48.7371545 ], [ 9.2886282, 48.7372111 ], [ 9.2888076, 48.7375047 ], [ 9.2887975, 48.7375774 ], [ 9.2887151, 48.7376365 ], [ 9.2886429, 48.737653 ], [ 9.288494, 48.7376697 ], [ 9.2882979, 48.737704 ], [ 9.2879089, 48.737776 ], [ 9.2876951, 48.7378233 ], [ 9.2874716, 48.737877 ], [ 9.2872198, 48.7379427 ], [ 9.2869566, 48.738021 ], [ 9.2867301, 48.7380974 ], [ 9.2864451, 48.738208 ], [ 9.2861346, 48.7383361 ], [ 9.2856952, 48.738518 ], [ 9.2852929, 48.7386841 ], [ 9.2848113, 48.7388826 ], [ 9.2848931, 48.7389843 ], [ 9.2849014, 48.7390109 ], [ 9.2849008, 48.7390365 ], [ 9.2848634, 48.7390937 ], [ 9.2851426, 48.7398885 ], [ 9.2852801, 48.7399014 ], [ 9.2853971, 48.7400416 ], [ 9.2854496, 48.7401857 ] ] ] } },
{ "type": "Feature", "properties": { "element": "way", "id": 102457345, "name": "ANDREAS STIHL AG & Co. KG (Werk 6)", "landuse": "industrial" }, "geometry": { "type": "Polygon", "coordinates": [ [ [ 9.3029169, 48.8251198 ], [ 9.3029627, 48.8250679 ], [ 9.3036468, 48.824979 ], [ 9.303702, 48.8249686 ], [ 9.303708, 48.8249933 ], [ 9.3037764, 48.8249845 ], [ 9.3038441, 48.8249761 ], [ 9.3038479, 48.8249062 ], [ 9.3040366, 48.8246565 ], [ 9.3041211, 48.8246808 ], [ 9.3041385, 48.8246468 ], [ 9.3042002, 48.8246631 ], [ 9.3042007, 48.8246621 ], [ 9.3042129, 48.8246366 ], [ 9.3041432, 48.8246176 ], [ 9.30416, 48.8245872 ], [ 9.3040989, 48.8245686 ], [ 9.3041637, 48.8244763 ], [ 9.3042122, 48.8244435 ], [ 9.3049876, 48.8244103 ], [ 9.3050812, 48.8244593 ], [ 9.3050956, 48.8247359 ], [ 9.3053226, 48.8253703 ], [ 9.3031193, 48.8256805 ], [ 9.3029169, 48.8251198 ] ] ] } },
{ "type": "Feature", "properties": { "element": "way", "id": 104739946, "name": null, "landuse": "industrial" }, "geometry": { "type": "Polygon", "coordinates": [ [ [ 9.1641845, 48.8252933 ], [ 9.1667127, 48.8245077 ], [ 9.1668741, 48.8241261 ], [ 9.1682041, 48.8239373 ], [ 9.1700197, 48.8243569 ], [ 9.1691056, 48.8253811 ], [ 9.1686291, 48.8252809 ], [ 9.168099, 48.8252771 ], [ 9.1673844, 48.8252309 ], [ 9.167292, 48.8253269 ], [ 9.1667786, 48.82586 ], [ 9.166396, 48.8262572 ], [ 9.1658545, 48.8262691 ], [ 9.1651265, 48.8260764 ], [ 9.1650159, 48.8257028 ], [ 9.1647524, 48.8259016 ], [ 9.1644251, 48.8256555 ], [ 9.1646055, 48.8254773 ], [ 9.1641845, 48.8252933 ] ] ] } },
{ "type": "Feature", "properties": { "element": "way", "id": 104739957, "name": "Coperion", "landuse": "industrial" }, "geometry": { "type": "Polygon", "coordinates": [ [ [ 9.1693747, 48.8205702 ], [ 9.1699826, 48.8211475 ], [ 9.1704161, 48.8219045 ], [ 9.1705007, 48.8223222 ], [ 9.170543, 48.8229163 ], [ 9.1703421, 48.8237539 ], [ 9.1700197, 48.8243569 ], [ 9.1682041, 48.8239373 ], [ 9.1668741, 48.8241261 ], [ 9.1654566, 48.8237558 ], [ 9.1662968, 48.8230782 ], [ 9.1664011, 48.8227942 ], [ 9.1672554, 48.8220108 ], [ 9.1674725, 48.8216748 ], [ 9.1675656, 48.8214409 ], [ 9.1676107, 48.8211662 ], [ 9.1676389, 48.820858 ], [ 9.1693747, 48.8205702 ] ] ] } },
{ "type": "Feature", "properties": { "element": "way", "id": 106296403, "name": "Am Heinzenberger Weg", "landuse": "industrial" }, "geometry": { "type": "Polygon", "coordinates": [ [ [ 9.0679184, 48.9717914 ], [ 9.067271, 48.9728133 ], [ 9.0669337, 48.9733617 ], [ 9.0675069, 48.9734506 ], [ 9.0680654, 48.9735275 ], [ 9.0686262, 48.9736055 ], [ 9.0689005, 48.9736452 ], [ 9.0688603, 48.9737984 ], [ 9.0691287, 48.9738366 ], [ 9.0690823, 48.9739694 ], [ 9.0692755, 48.9739887 ], [ 9.0721804, 48.9741986 ], [ 9.0722292, 48.9741641 ], [ 9.0717202, 48.9735927 ], [ 9.0717302, 48.9734729 ], [ 9.0717183, 48.9734207 ], [ 9.0716964, 48.9733687 ], [ 9.0714522, 48.9729163 ], [ 9.0713936, 48.9728695 ], [ 9.0696652, 48.9727059 ], [ 9.0698489, 48.9722793 ], [ 9.0698766, 48.9722261 ], [ 9.0689722, 48.9720835 ], [ 9.0688361, 48.9720393 ], [ 9.0684359, 48.9719004 ], [ 9.0679184, 48.9717914 ] ] ] } },
{ "type": "Feature", "properties": { "element": "way", "id": 107045994, "name": "Mercedes-AMG", "landuse": "industrial" }, "geometry": { "type": "Polygon", "coordinates": [ [ [ 9.3251744, 48.9196498 ], [ 9.3253814, 48.918058 ], [ 9.3254292, 48.9178269 ], [ 9.3253434, 48.917818 ], [ 9.3251449, 48.9192158 ], [ 9.3244663, 48.9191541 ], [ 9.3245208, 48.9180258 ], [ 9.3239999, 48.9180032 ], [ 9.3240371, 48.9176817 ], [ 9.3245054, 48.9177059 ], [ 9.3247721, 48.9170672 ], [ 9.3254641, 48.9171042 ], [ 9.3254641, 48.9173474 ], [ 9.3253621, 48.9177475 ], [ 9.3254453, 48.9177634 ], [ 9.3255727, 48.9172686 ], [ 9.3256971, 48.9168225 ], [ 9.3257903, 48.9165041 ], [ 9.3258282, 48.9165099 ], [ 9.3258576, 48.9165145 ], [ 9.326376, 48.9165942 ], [ 9.3274128, 48.9167371 ], [ 9.3272354, 48.917293 ], [ 9.3284499, 48.9174676 ], [ 9.3284202, 48.9175629 ], [ 9.3283825, 48.9176838 ], [ 9.3283201, 48.9178837 ], [ 9.3277842, 48.919177 ], [ 9.3277728, 48.9192046 ], [ 9.3262982, 48.918999 ], [ 9.3260112, 48.9197551 ], [ 9.3251744, 48.9196498 ] ] ] } },
{ "type": "Feature", "properties": { "element": "way", "id": 108256895, "name": "Abfallwirtschaft Stuttgart", "landuse": "industrial" }, "geometry": { "type": "Polygon", "coordinates": [ [ [ 9.1767254, 48.7914505 ], [ 9.1767876, 48.7914064 ], [ 9.1768015, 48.7913807 ], [ 9.176841, 48.7912944 ], [ 9.1766526, 48.7912565 ], [ 9.1761845, 48.7911648 ], [ 9.1758066, 48.7911338 ], [ 9.1753279, 48.7911168 ], [ 9.1750758, 48.79113 ], [ 9.1750668, 48.7916366 ], [ 9.1751574, 48.7916712 ], [ 9.1755453, 48.7918155 ], [ 9.1759566, 48.7920008 ], [ 9.1760947, 48.7919173 ], [ 9.1762237, 48.7918542 ], [ 9.1762362, 48.7918652 ], [ 9.1762845, 48.7918416 ], [ 9.1762717, 48.7918302 ], [ 9.1765333, 48.7917023 ], [ 9.1766377, 48.7916198 ], [ 9.1766908, 48.7915387 ], [ 9.1767079, 48.7915012 ], [ 9.1767014, 48.7914996 ], [ 9.1767254, 48.7914505 ] ] ] } },
{ "type": "Feature", "properties": { "element": "way", "id": 109974020, "name": null, "landuse": "industrial" }, "geometry": { "type": "Polygon", "coordinates": [ [ [ 9.3083527, 48.7213989 ], [ 9.3080259, 48.7214497 ], [ 9.3080625, 48.7215836 ], [ 9.3074923, 48.7217223 ], [ 9.3070898, 48.7217341 ], [ 9.3070463, 48.7216379 ], [ 9.3064294, 48.7217411 ], [ 9.3062038, 48.7217771 ], [ 9.3061952, 48.7217445 ], [ 9.3060682, 48.7217529 ], [ 9.3058428, 48.7217481 ], [ 9.3056079, 48.7217106 ], [ 9.3053961, 48.721643 ], [ 9.3051951, 48.7215589 ], [ 9.3048362, 48.7214475 ], [ 9.3047561, 48.7214159 ], [ 9.3046889, 48.7213821 ], [ 9.3046336, 48.7213493 ], [ 9.3045689, 48.7213016 ], [ 9.3045407, 48.721269 ], [ 9.3045027, 48.7212062 ], [ 9.3044348, 48.7210298 ], [ 9.3043737, 48.7208838 ], [ 9.3043227, 48.7207623 ], [ 9.3042721, 48.7206354 ], [ 9.3042923, 48.7204532 ], [ 9.304255, 48.7201624 ], [ 9.3043359, 48.7199312 ], [ 9.3037995, 48.7198874 ], [ 9.3033243, 48.7196603 ], [ 9.3043947, 48.7186956 ], [ 9.3044585, 48.7187275 ], [ 9.3045122, 48.7187544 ], [ 9.3046288, 48.7186851 ], [ 9.3048803, 48.7185085 ], [ 9.3049253, 48.7184763 ], [ 9.3049085, 48.7184299 ], [ 9.3051966, 48.7182687 ], [ 9.3056049, 48.718043 ], [ 9.3062777, 48.7183462 ], [ 9.3066162, 48.7184302 ], [ 9.3067119, 48.7184623 ], [ 9.3067346, 48.7184725 ], [ 9.3067691, 48.7185053 ], [ 9.3067745, 48.7185154 ], [ 9.3067621, 48.7185489 ], [ 9.3066344, 48.7186544 ], [ 9.3064476, 48.7191114 ], [ 9.3066559, 48.7191509 ], [ 9.3068625, 48.7192031 ], [ 9.3070438, 48.7192657 ], [ 9.307217, 48.7193512 ], [ 9.3072668, 48.7193048 ], [ 9.3073759, 48.71936 ], [ 9.3077291, 48.7195463 ], [ 9.3077774, 48.7195803 ], [ 9.3077913, 48.7196053 ], [ 9.3077852, 48.7196211 ], [ 9.3077564, 48.7196498 ], [ 9.3080855, 48.7197999 ], [ 9.3082416, 48.7197693 ], [ 9.3083062, 48.7197734 ], [ 9.3084829, 48.7197582 ], [ 9.3085733, 48.7197465 ], [ 9.3087584, 48.719709 ], [ 9.3091059, 48.7196393 ], [ 9.3094837, 48.7195553 ], [ 9.3099426, 48.7201618 ], [ 9.3096735, 48.7202447 ], [ 9.3096123, 48.7202518 ], [ 9.3093129, 48.7203404 ], [ 9.3092234, 48.7203839 ], [ 9.3090953, 48.720473 ], [ 9.3089882, 48.7205607 ], [ 9.308903, 48.7206388 ], [ 9.3088161, 48.7207519 ], [ 9.308747, 48.7208761 ], [ 9.3087076, 48.7209845 ], [ 9.3086472, 48.7212176 ], [ 9.3085885, 48.7214073 ], [ 9.3085209, 48.721386 ], [ 9.3083527, 48.7213989 ] ] ] } },
{ "type": "Feature", "properties": { "element": "way", "id": 112296265, "name": null, "landuse": "industrial" }, "geometry": { "type": "Polygon", "coordinates": [ [ [ 9.3276712, 48.9288256 ], [ 9.329015, 48.9288626 ], [ 9.3290061, 48.9289635 ], [ 9.3289775, 48.9292855 ], [ 9.3286368, 48.9295782 ], [ 9.328106, 48.9295855 ], [ 9.327867, 48.9295817 ], [ 9.3276712, 48.9288256 ] ] ] } },
{ "type": "Feature", "properties": { "element": "way", "id": 115804336, "name": "Eberhardstraße", "landuse": "industrial" }, "geometry": { "type": "Polygon", "coordinates": [ [ [ 9.145802, 48.9054307 ], [ 9.1460814, 48.9054033 ], [ 9.1470197, 48.9053157 ], [ 9.1470961, 48.9052898 ], [ 9.1471216, 48.9048975 ], [ 9.1470596, 48.9048451 ], [ 9.1467117, 48.9048124 ], [ 9.1461577, 48.9047739 ], [ 9.1446724, 48.9046904 ], [ 9.1443015, 48.9046563 ], [ 9.1442485, 48.9051346 ], [ 9.1440379, 48.9051138 ], [ 9.1432062, 48.9050409 ], [ 9.1432157, 48.9049927 ], [ 9.1428923, 48.904971 ], [ 9.1428923, 48.9049589 ], [ 9.142534, 48.9049511 ], [ 9.1424779, 48.9059711 ], [ 9.1432986, 48.9060819 ], [ 9.1441705, 48.9061585 ], [ 9.1446546, 48.9061838 ], [ 9.1453755, 48.9061994 ], [ 9.1454251, 48.9054677 ], [ 9.145802, 48.9054307 ] ] ] } },
{ "type": "Feature", "properties": { "element": "way", "id": 115921938, "name": null, "landuse": "industrial" }, "geometry": { "type": "Polygon", "coordinates": [ [ [ 9.1037046, 48.8229052 ], [ 9.1038348, 48.8228079 ], [ 9.1039206, 48.8227085 ], [ 9.1039754, 48.8226282 ], [ 9.1041535, 48.8225268 ], [ 9.1061802, 48.8228068 ], [ 9.1061868, 48.8229537 ], [ 9.1066264, 48.8229435 ], [ 9.1077133, 48.8231238 ], [ 9.1080383, 48.8232411 ], [ 9.1085233, 48.8233213 ], [ 9.1084968, 48.8235235 ], [ 9.1088878, 48.8235526 ], [ 9.1097957, 48.8236238 ], [ 9.1112868, 48.8239191 ], [ 9.1128179, 48.8243661 ], [ 9.1132045, 48.8244948 ], [ 9.1136214, 48.8247628 ], [ 9.113534, 48.8248237 ], [ 9.113136, 48.8249069 ], [ 9.1128238, 48.8250194 ], [ 9.1123802, 48.8252378 ], [ 9.1122707, 48.825306 ], [ 9.1121392, 48.8253958 ], [ 9.1119041, 48.8255638 ], [ 9.1117576, 48.825693 ], [ 9.1116215, 48.8258217 ], [ 9.1114737, 48.8259826 ], [ 9.1113024, 48.826289 ], [ 9.1111343, 48.8263043 ], [ 9.11103, 48.8267286 ], [ 9.1110191, 48.8270985 ], [ 9.1110378, 48.8272615 ], [ 9.1110643, 48.8274162 ], [ 9.1110907, 48.8275299 ], [ 9.111153, 48.8277175 ], [ 9.1112764, 48.8280016 ], [ 9.1097616, 48.8283584 ], [ 9.1084641, 48.8282434 ], [ 9.1017656, 48.8276438 ], [ 9.100276, 48.8275068 ], [ 9.0988358, 48.8273487 ], [ 9.0982155, 48.8272251 ], [ 9.0976329, 48.8270548 ], [ 9.0976884, 48.8264596 ], [ 9.0980751, 48.8262213 ], [ 9.0983102, 48.8260783 ], [ 9.0985269, 48.8259434 ], [ 9.0986118, 48.8258526 ], [ 9.0987416, 48.8257831 ], [ 9.0993412, 48.8254358 ], [ 9.1000501, 48.8249982 ], [ 9.1003539, 48.8248219 ], [ 9.1006192, 48.8246832 ], [ 9.1006957, 48.824603 ], [ 9.1007488, 48.8245455 ], [ 9.1007894, 48.8244602 ], [ 9.1008721, 48.8244129 ], [ 9.1009482, 48.8244017 ], [ 9.1010016, 48.8243245 ], [ 9.1010488, 48.8242864 ], [ 9.1010963, 48.8242501 ], [ 9.1011717, 48.8242063 ], [ 9.1013736, 48.8240794 ], [ 9.101491, 48.8240117 ], [ 9.101578, 48.8239616 ], [ 9.101777, 48.8238412 ], [ 9.101935, 48.8237456 ], [ 9.102313, 48.8235265 ], [ 9.1026603, 48.8233408 ], [ 9.1028879, 48.8232449 ], [ 9.1033456, 48.8231203 ], [ 9.1035998, 48.8229568 ], [ 9.1037046, 48.8229052 ] ] ] } },
{ "type": "Feature", "properties": { "element": "way", "id": 118286788, "name": null, "landuse": "industrial" }, "geometry": { "type": "Polygon", "coordinates": [ [ [ 9.2454294, 48.7752693 ], [ 9.2456776, 48.7751479 ], [ 9.246173, 48.7748491 ], [ 9.2460437, 48.7747689 ], [ 9.2459144, 48.7748191 ], [ 9.2455742, 48.7745784 ], [ 9.2453118, 48.7745018 ], [ 9.2453078, 48.7745543 ], [ 9.2452907, 48.7747765 ], [ 9.2451847, 48.7750363 ], [ 9.2451271, 48.7751775 ], [ 9.2449237, 48.7754419 ], [ 9.244724, 48.7756662 ], [ 9.2447563, 48.7756862 ], [ 9.2451332, 48.7754677 ], [ 9.2454294, 48.7752693 ] ] ] } },
{ "type": "Feature", "properties": { "element": "way", "id": 119307214, "name": "Gewerbegebiet Kesselstraße", "landuse": "industrial" }, "geometry": { "type": "Polygon", "coordinates": [ [ [ 9.2481513, 48.7685931 ], [ 9.2503811, 48.7692189 ], [ 9.2508422, 48.7688038 ], [ 9.2512472, 48.7684326 ], [ 9.2516549, 48.7679924 ], [ 9.2517159, 48.7677617 ], [ 9.2523129, 48.7670136 ], [ 9.2528058, 48.7662767 ], [ 9.2531133, 48.7658176 ], [ 9.2534435, 48.7653075 ], [ 9.2543352, 48.7639709 ], [ 9.2546455, 48.7634983 ], [ 9.2546494, 48.7634388 ], [ 9.2545911, 48.7633911 ], [ 9.2535826, 48.7630751 ], [ 9.2535124, 48.7630794 ], [ 9.2534657, 48.7631001 ], [ 9.2510277, 48.766445 ], [ 9.2499037, 48.7661196 ], [ 9.249829, 48.7661225 ], [ 9.2498036, 48.7661333 ], [ 9.2497828, 48.7661506 ], [ 9.2489118, 48.7673367 ], [ 9.2481998, 48.768276 ], [ 9.2481293, 48.7684123 ], [ 9.2480753, 48.7685189 ], [ 9.2480863, 48.7685742 ], [ 9.2481513, 48.7685931 ] ] ] } },
{ "type": "Feature", "properties": { "element": "way", "id": 119307742, "name": null, "landuse": "industrial" }, "geometry": { "type": "Polygon", "coordinates": [ [ [ 9.253689, 48.7619438 ], [ 9.2531387, 48.7617558 ], [ 9.2531535, 48.7617364 ], [ 9.2536076, 48.7611511 ], [ 9.2546738, 48.7615284 ], [ 9.2550791, 48.7610163 ], [ 9.2560993, 48.7613706 ], [ 9.255764, 48.7620284 ], [ 9.2554958, 48.7625164 ], [ 9.2552113, 48.762944 ], [ 9.2541581, 48.7625842 ], [ 9.2540716, 48.7625285 ], [ 9.2535604, 48.7623617 ], [ 9.2535439, 48.7623815 ], [ 9.253391, 48.7623296 ], [ 9.2536343, 48.7620118 ], [ 9.253689, 48.7619438 ] ] ] } },
{ "type": "Feature", "properties": { "element": "way", "id": 120875266, "name": null, "landuse": "industrial" }, "geometry": { "type": "Polygon", "coordinates": [ [ [ 9.1421914, 48.9112154 ], [ 9.1442398, 48.9115327 ], [ 9.1444207, 48.9115073 ], [ 9.144862, 48.9115664 ], [ 9.1448794, 48.9114308 ], [ 9.1450039, 48.911031 ], [ 9.1450386, 48.9109707 ], [ 9.1451124, 48.9109251 ], [ 9.1454069, 48.9102467 ], [ 9.1453562, 48.9102257 ], [ 9.1452207, 48.9101697 ], [ 9.1448577, 48.9103518 ], [ 9.1445824, 48.9104553 ], [ 9.1441147, 48.9105622 ], [ 9.1436002, 48.9106728 ], [ 9.1435857, 48.910548 ], [ 9.1435916, 48.910498 ], [ 9.1436076, 48.9103636 ], [ 9.1435634, 48.9103586 ], [ 9.1434945, 48.9103503 ], [ 9.1428539, 48.9102816 ], [ 9.1429454, 48.910124 ], [ 9.1422466, 48.910148 ], [ 9.1421666, 48.910387 ], [ 9.1421673, 48.9104315 ], [ 9.1421752, 48.910463 ], [ 9.1421872, 48.9104894 ], [ 9.1423682, 48.9107291 ], [ 9.1425803, 48.9109551 ], [ 9.1421914, 48.9112154 ] ] ] } },
{ "type": "Feature", "properties": { "element": "way", "id": 124978980, "name": null, "landuse": "industrial" }, "geometry": { "type": "Polygon", "coordinates": [ [ [ 9.2736707, 48.7543716 ], [ 9.2735686, 48.7546006 ], [ 9.2735491, 48.7547018 ], [ 9.2734179, 48.754908 ], [ 9.2733828, 48.7549251 ], [ 9.2731308, 48.7554424 ], [ 9.2729991, 48.7557267 ], [ 9.2729249, 48.7558197 ], [ 9.2727261, 48.7561713 ], [ 9.27257, 48.7564407 ], [ 9.2724349, 48.7566819 ], [ 9.2722959, 48.7569565 ], [ 9.2723471, 48.7569562 ], [ 9.272401, 48.7569639 ], [ 9.2724504, 48.7569764 ], [ 9.2723948, 48.7570976 ], [ 9.2723389, 48.7572588 ], [ 9.2723282, 48.7572766 ], [ 9.272152, 48.757236 ], [ 9.2720301, 48.7574487 ], [ 9.2719751, 48.7574631 ], [ 9.2717429, 48.7580007 ], [ 9.2716787, 48.7579872 ], [ 9.2713715, 48.7583619 ], [ 9.2710566, 48.7587428 ], [ 9.2707145, 48.7591549 ], [ 9.270415, 48.7595149 ], [ 9.2701865, 48.759795 ], [ 9.270055, 48.7599565 ], [ 9.2686869, 48.7615374 ], [ 9.2698498, 48.7619846 ], [ 9.2719042, 48.7605783 ], [ 9.272614, 48.7598283 ], [ 9.2726751, 48.7597711 ], [ 9.2727684, 48.75972 ], [ 9.2727885, 48.7597062 ], [ 9.2728601, 48.7596412 ], [ 9.2730213, 48.7594702 ], [ 9.2731605, 48.7593093 ], [ 9.2732676, 48.7591759 ], [ 9.273336, 48.7590709 ], [ 9.2730691, 48.7590066 ], [ 9.2728702, 48.758955 ], [ 9.2728552, 48.7588805 ], [ 9.2732521, 48.7582249 ], [ 9.2733641, 48.7582524 ], [ 9.2735344, 48.7582906 ], [ 9.2736838, 48.7583238 ], [ 9.2736875, 48.7582538 ], [ 9.2736983, 48.7580479 ], [ 9.2736932, 48.7579966 ], [ 9.2736626, 48.7578143 ], [ 9.2736353, 48.75763 ], [ 9.2736265, 48.7576039 ], [ 9.2736123, 48.7575827 ], [ 9.2735903, 48.7575665 ], [ 9.2735837, 48.7572983 ], [ 9.2735967, 48.7572735 ], [ 9.2736056, 48.7572453 ], [ 9.2736087, 48.7572174 ], [ 9.2736041, 48.7571231 ], [ 9.2735986, 48.7570675 ], [ 9.2735907, 48.7568965 ], [ 9.2735887, 48.7567191 ], [ 9.2736106, 48.7566079 ], [ 9.2736206, 48.7565507 ], [ 9.2736427, 48.7563319 ], [ 9.273646, 48.7562517 ], [ 9.273662, 48.7561215 ], [ 9.2736977, 48.7558952 ], [ 9.2737406, 48.75569 ], [ 9.2737835, 48.7555356 ], [ 9.2738147, 48.7554343 ], [ 9.2738853, 48.755223 ], [ 9.2739269, 48.7551187 ], [ 9.2740115, 48.7548837 ], [ 9.2740886, 48.7546697 ], [ 9.2741666, 48.754455 ], [ 9.2739124, 48.7544175 ], [ 9.2737893, 48.7543952 ], [ 9.2736707, 48.7543716 ] ] ] } },
{ "type": "Feature", "properties": { "element": "way", "id": 127314416, "name": null, "landuse": "industrial" }, "geometry": { "type": "Polygon", "coordinates": [ [ [ 9.2665669, 48.7293151 ], [ 9.2667347, 48.7293291 ], [ 9.2667438, 48.7292952 ], [ 9.2672457, 48.7293216 ], [ 9.2674673, 48.7293387 ], [ 9.2676725, 48.7293716 ], [ 9.2677131, 48.7291995 ], [ 9.268018, 48.729228 ], [ 9.2680657, 48.72922 ], [ 9.2682771, 48.7284583 ], [ 9.2682363, 48.7281709 ], [ 9.2683992, 48.7281687 ], [ 9.2685114, 48.7281793 ], [ 9.2685873, 48.7281647 ], [ 9.2686574, 48.7275513 ], [ 9.268592, 48.7271653 ], [ 9.268225, 48.7264316 ], [ 9.2677904, 48.7255666 ], [ 9.2663987, 48.7257139 ], [ 9.2666443, 48.7274831 ], [ 9.2667137, 48.7282339 ], [ 9.2652271, 48.7282783 ], [ 9.2651385, 48.728289 ], [ 9.2642965, 48.7284304 ], [ 9.2632942, 48.7286138 ], [ 9.2626569, 48.7285934 ], [ 9.2623061, 48.7286396 ], [ 9.2619594, 48.7297563 ], [ 9.2619687, 48.7298408 ], [ 9.2619882, 48.7299794 ], [ 9.2619949, 48.7300456 ], [ 9.261998, 48.7300531 ], [ 9.2620044, 48.7300598 ], [ 9.2620135, 48.7300665 ], [ 9.262029, 48.730074 ], [ 9.2620465, 48.7300792 ], [ 9.2620617, 48.7300824 ], [ 9.2620748, 48.7300836 ], [ 9.2621323, 48.7300842 ], [ 9.2621477, 48.730116 ], [ 9.2621874, 48.7302043 ], [ 9.2621814, 48.7302253 ], [ 9.2621131, 48.7302778 ], [ 9.2620487, 48.7302953 ], [ 9.2619686, 48.7303014 ], [ 9.2619437, 48.7303029 ], [ 9.2619086, 48.7303049 ], [ 9.26196, 48.7307704 ], [ 9.2620189, 48.7307654 ], [ 9.262084, 48.7307361 ], [ 9.2632593, 48.7306715 ], [ 9.2634612, 48.7306046 ], [ 9.2634997, 48.730687 ], [ 9.2639144, 48.7306021 ], [ 9.2638894, 48.7305385 ], [ 9.2638614, 48.7305186 ], [ 9.2638506, 48.7304847 ], [ 9.2638724, 48.7304526 ], [ 9.2640545, 48.7304181 ], [ 9.2641291, 48.7304045 ], [ 9.2646893, 48.7302979 ], [ 9.264729, 48.7302768 ], [ 9.2646359, 48.7301924 ], [ 9.2646063, 48.7301485 ], [ 9.2645989, 48.7301288 ], [ 9.2645232, 48.7298581 ], [ 9.2645134, 48.7297947 ], [ 9.2645104, 48.7297151 ], [ 9.2650102, 48.7296193 ], [ 9.2650186, 48.7296403 ], [ 9.2650334, 48.7296375 ], [ 9.2650343, 48.729634 ], [ 9.2650765, 48.7296253 ], [ 9.2650697, 48.7296079 ], [ 9.2651548, 48.7295913 ], [ 9.265445, 48.7295359 ], [ 9.2649762, 48.7302168 ], [ 9.265457, 48.7302795 ], [ 9.2653606, 48.7304179 ], [ 9.2653436, 48.7304666 ], [ 9.2655129, 48.7304871 ], [ 9.2658494, 48.7306879 ], [ 9.2660696, 48.7304821 ], [ 9.2660876, 48.7304625 ], [ 9.2661015, 48.730355 ], [ 9.266128, 48.730232 ], [ 9.26617, 48.7302351 ], [ 9.2662588, 48.7302432 ], [ 9.2665833, 48.7302753 ], [ 9.2666664, 48.7303071 ], [ 9.2668104, 48.7301331 ], [ 9.2669885, 48.7299115 ], [ 9.2670071, 48.7298921 ], [ 9.2670289, 48.729875 ], [ 9.2670718, 48.7298472 ], [ 9.2671498, 48.7298 ], [ 9.2670697, 48.7297262 ], [ 9.2670635, 48.7297192 ], [ 9.2668768, 48.7296977 ], [ 9.2666159, 48.7296747 ], [ 9.2665003, 48.7296129 ], [ 9.2665241, 48.7295112 ], [ 9.2665481, 48.7295137 ], [ 9.266573, 48.7294107 ], [ 9.2665441, 48.7294073 ], [ 9.2665669, 48.7293151 ] ] ] } },
{ "type": "Feature", "properties": { "element": "way", "id": 128375724, "name": "ANDREAS STIHL AG & Co. KG - Werk 1", "landuse": "industrial" }, "geometry": { "type": "Polygon", "coordinates": [ [ [ 9.3148248, 48.8463652 ], [ 9.3151078, 48.8461474 ], [ 9.3153041, 48.8461125 ], [ 9.3153467, 48.8461379 ], [ 9.3154475, 48.8460594 ], [ 9.3147543, 48.8455123 ], [ 9.3153997, 48.8451999 ], [ 9.3157753, 48.8455179 ], [ 9.3157521, 48.8456085 ], [ 9.3158302, 48.8459485 ], [ 9.3158453, 48.8460341 ], [ 9.3159269, 48.8460977 ], [ 9.3160353, 48.8461724 ], [ 9.3162994, 48.8463254 ], [ 9.3168475, 48.8466055 ], [ 9.3172224, 48.8468365 ], [ 9.3172424, 48.8468761 ], [ 9.3177322, 48.8471888 ], [ 9.3175943, 48.8472819 ], [ 9.3178297, 48.8474417 ], [ 9.3180174, 48.8473357 ], [ 9.3187942, 48.8479614 ], [ 9.3191394, 48.8483689 ], [ 9.3195655, 48.8490429 ], [ 9.3197197, 48.8497815 ], [ 9.3196124, 48.8498379 ], [ 9.319384, 48.8498539 ], [ 9.3192321, 48.8498699 ], [ 9.3192222, 48.8497679 ], [ 9.3191525, 48.8493518 ], [ 9.3189435, 48.8488686 ], [ 9.3184063, 48.8483977 ], [ 9.3160178, 48.8470399 ], [ 9.3151051, 48.8465606 ], [ 9.3148248, 48.8463652 ] ] ] } },
{ "type": "Feature", "properties": { "element": "way", "id": 132049646, "name": "Osterholz", "landuse": "industrial" }, "geometry": { "type": "Polygon", "coordinates": [ [ [ 9.165347, 48.8983705 ], [ 9.1653971, 48.8981763 ], [ 9.1654065, 48.8981439 ], [ 9.1654225, 48.8980822 ], [ 9.1654289, 48.8980622 ], [ 9.165445, 48.8980119 ], [ 9.165444, 48.8976955 ], [ 9.1654128, 48.8970683 ], [ 9.1654108, 48.8970416 ], [ 9.1654084, 48.8970175 ], [ 9.1651395, 48.8970167 ], [ 9.164631, 48.8970094 ], [ 9.1640923, 48.8969953 ], [ 9.1633805, 48.8969674 ], [ 9.1633031, 48.8969676 ], [ 9.1631272, 48.8969674 ], [ 9.1630506, 48.8969663 ], [ 9.162434, 48.8969498 ], [ 9.1624232, 48.8970218 ], [ 9.1623946, 48.8971055 ], [ 9.1623196, 48.8974023 ], [ 9.1615468, 48.8978945 ], [ 9.1607815, 48.8984116 ], [ 9.1608483, 48.8984128 ], [ 9.165347, 48.8983705 ] ] ] } },
{ "type": "Feature", "properties": { "element": "way", "id": 133295229, "name": "Kaminsteinwerk Erich Müller", "landuse": "industrial" }, "geometry": { "type": "Polygon", "coordinates": [ [ [ 9.211781, 48.9417049 ], [ 9.2118368, 48.941724 ], [ 9.21192, 48.9417521 ], [ 9.2119991, 48.9417791 ], [ 9.2122088, 48.9418507 ], [ 9.2123834, 48.9419105 ], [ 9.2128196, 48.9420582 ], [ 9.2135983, 48.9423239 ], [ 9.2136488, 48.9423411 ], [ 9.2118701, 48.9427936 ], [ 9.2111268, 48.9425382 ], [ 9.2114875, 48.9420788 ], [ 9.2116756, 48.9418391 ], [ 9.2117436, 48.9417524 ], [ 9.211781, 48.9417049 ] ] ] } },
{ "type": "Feature", "properties": { "element": "way", "id": 133354967, "name": "Industriegebiet Neckar II", "landuse": "industrial" }, "geometry": { "type": "Polygon", "coordinates": [ [ [ 9.2125008, 48.9444737 ], [ 9.2158529, 48.9461147 ], [ 9.2165124, 48.9463933 ], [ 9.2178432, 48.9469004 ], [ 9.218093, 48.9468795 ], [ 9.2184469, 48.9466626 ], [ 9.2211995, 48.9449171 ], [ 9.2200645, 48.9443073 ], [ 9.2188264, 48.9436894 ], [ 9.2182047, 48.9434018 ], [ 9.2152733, 48.941974 ], [ 9.2150412, 48.9420989 ], [ 9.2146247, 48.9424572 ], [ 9.2151717, 48.9427271 ], [ 9.2154096, 48.9432739 ], [ 9.2141407, 48.9435647 ], [ 9.214468, 48.9440806 ], [ 9.2125008, 48.9444737 ] ] ] } },
{ "type": "Feature", "properties": { "element": "way", "id": 134631293, "name": "Betriebshof Markgröningen", "landuse": "industrial" }, "geometry": { "type": "Polygon", "coordinates": [ [ [ 9.0950221, 48.9103089 ], [ 9.0952361, 48.9097402 ], [ 9.0952635, 48.9096673 ], [ 9.0955927, 48.9097378 ], [ 9.0969052, 48.9100191 ], [ 9.0967765, 48.9104387 ], [ 9.0964865, 48.9104323 ], [ 9.0961164, 48.9104112 ], [ 9.0957677, 48.91039 ], [ 9.0955317, 48.9103936 ], [ 9.095301, 48.9103689 ], [ 9.0951669, 48.9103548 ], [ 9.0950221, 48.9103089 ] ] ] } },
{ "type": "Feature", "properties": { "element": "way", "id": 143276993, "name": "Außenlagerplatz La Planta Garten- und Landschaftsbau", "landuse": "industrial" }, "geometry": { "type": "Polygon", "coordinates": [ [ [ 9.2226982, 48.8170052 ], [ 9.2219354, 48.8167262 ], [ 9.221586, 48.8167947 ], [ 9.2214641, 48.8168868 ], [ 9.2214011, 48.8171509 ], [ 9.2219105, 48.8173013 ], [ 9.2221153, 48.8178291 ], [ 9.222398, 48.8177747 ], [ 9.2223356, 48.8175608 ], [ 9.2224068, 48.817253 ], [ 9.2226982, 48.8170052 ] ] ] } },
{ "type": "Feature", "properties": { "element": "way", "id": 143394166, "name": null, "landuse": "industrial" }, "geometry": { "type": "Polygon", "coordinates": [ [ [ 9.146219, 48.832322 ], [ 9.1462119, 48.8311203 ], [ 9.1468016, 48.8311217 ], [ 9.1468021, 48.8310209 ], [ 9.1476256, 48.831023 ], [ 9.1478259, 48.8310235 ], [ 9.1478261, 48.8309744 ], [ 9.1481602, 48.8309753 ], [ 9.1482176, 48.8309744 ], [ 9.1482189, 48.8311347 ], [ 9.1494335, 48.8311798 ], [ 9.1527187, 48.831178 ], [ 9.1528549, 48.8315669 ], [ 9.1530738, 48.8319974 ], [ 9.1530294, 48.8320465 ], [ 9.1524546, 48.8323814 ], [ 9.152345, 48.832379 ], [ 9.1520608, 48.8324775 ], [ 9.1518779, 48.8324568 ], [ 9.1508678, 48.8323422 ], [ 9.1484408, 48.8321059 ], [ 9.1481665, 48.8320792 ], [ 9.1481458, 48.8323129 ], [ 9.1481038, 48.8323131 ], [ 9.146219, 48.832322 ] ] ] } },
{ "type": "Feature", "properties": { "element": "way", "id": 143827490, "name": "Abfallwirtschaftsamt Stuttgart", "landuse": "industrial" }, "geometry": { "type": "Polygon", "coordinates": [ [ [ 9.2066114, 48.8208606 ], [ 9.2074472, 48.821238 ], [ 9.2074866, 48.821277 ], [ 9.2075644, 48.8213434 ], [ 9.2077554, 48.8214329 ], [ 9.2078445, 48.8214747 ], [ 9.2083741, 48.8209924 ], [ 9.2086232, 48.8207656 ], [ 9.2080001, 48.8205112 ], [ 9.2080888, 48.8204393 ], [ 9.2076432, 48.8202409 ], [ 9.2073954, 48.8202323 ], [ 9.2072881, 48.8201861 ], [ 9.2066114, 48.8208606 ] ] ] } },
{ "type": "Feature", "properties": { "element": "way", "id": 144077483, "name": null, "landuse": "industrial" }, "geometry": { "type": "Polygon", "coordinates": [ [ [ 9.2601482, 48.9044468 ], [ 9.25966, 48.9044239 ], [ 9.25966, 48.904542 ], [ 9.2594911, 48.9045438 ], [ 9.2595447, 48.9046989 ], [ 9.2590768, 48.9048301 ], [ 9.2589908, 48.9048579 ], [ 9.2591625, 48.9052457 ], [ 9.2597403, 48.9052184 ], [ 9.2597918, 48.9054968 ], [ 9.260175, 48.9054641 ], [ 9.2601482, 48.9044468 ] ] ] } },
{ "type": "Feature", "properties": { "element": "way", "id": 144919073, "name": null, "landuse": "industrial" }, "geometry": { "type": "Polygon", "coordinates": [ [ [ 9.1921936, 48.8032215 ], [ 9.191963, 48.8032904 ], [ 9.192006, 48.8033675 ], [ 9.1916063, 48.8034715 ], [ 9.1917051, 48.8036361 ], [ 9.1920985, 48.8035337 ], [ 9.1921588, 48.8036419 ], [ 9.1931673, 48.8033822 ], [ 9.1931485, 48.8033451 ], [ 9.1936581, 48.8030872 ], [ 9.1945754, 48.8026402 ], [ 9.1946157, 48.8026031 ], [ 9.194613, 48.8025484 ], [ 9.1945728, 48.8024971 ], [ 9.1945218, 48.8024477 ], [ 9.1944708, 48.8024212 ], [ 9.1944145, 48.8024141 ], [ 9.1943358, 48.802409 ], [ 9.1942509, 48.8024212 ], [ 9.1941463, 48.802453 ], [ 9.1936528, 48.802695 ], [ 9.1929688, 48.8030307 ], [ 9.1928642, 48.8030501 ], [ 9.1921936, 48.8032215 ] ] ] } },
{ "type": "Feature", "properties": { "element": "way", "id": 146262052, "name": "Knorr-Bremse SfN", "landuse": "industrial" }, "geometry": { "type": "Polygon", "coordinates": [ [ [ 9.0807027, 48.8805778 ], [ 9.0803711, 48.880685 ], [ 9.0802996, 48.8807267 ], [ 9.0796685, 48.880685 ], [ 9.0796961, 48.8805132 ], [ 9.0786695, 48.8804364 ], [ 9.0780105, 48.8804589 ], [ 9.0780002, 48.8800758 ], [ 9.0790518, 48.8798744 ], [ 9.0807027, 48.8805778 ] ] ] } },
{ "type": "Feature", "properties": { "element": "way", "id": 146329222, "name": "Robert Bosch GmbH", "landuse": "industrial" }, "geometry": { "type": "Polygon", "coordinates": [ [ [ 9.0800668, 48.8818739 ], [ 9.0813368, 48.8819488 ], [ 9.0813897, 48.881522 ], [ 9.0818236, 48.881548 ], [ 9.081886, 48.8815528 ], [ 9.0820254, 48.8815608 ], [ 9.0820965, 48.8810012 ], [ 9.0821099, 48.8809107 ], [ 9.0830118, 48.8809659 ], [ 9.0851962, 48.8811576 ], [ 9.0852403, 48.8808885 ], [ 9.0878981, 48.8809999 ], [ 9.0887651, 48.881035 ], [ 9.0900094, 48.8810709 ], [ 9.0919698, 48.8811291 ], [ 9.0946521, 48.8812233 ], [ 9.0945944, 48.8817097 ], [ 9.0945339, 48.8822108 ], [ 9.0952165, 48.8822447 ], [ 9.0949745, 48.8823721 ], [ 9.0948008, 48.8824674 ], [ 9.0945446, 48.8825953 ], [ 9.0943804, 48.8826861 ], [ 9.094274, 48.8834011 ], [ 9.0935289, 48.8837067 ], [ 9.0934865, 48.8838476 ], [ 9.09363, 48.8839119 ], [ 9.0937642, 48.8840275 ], [ 9.0938499, 48.8841775 ], [ 9.0938459, 48.884315 ], [ 9.0937698, 48.8844637 ], [ 9.0936126, 48.8846121 ], [ 9.0934168, 48.884696 ], [ 9.093175, 48.8847328 ], [ 9.0903752, 48.8845773 ], [ 9.0887847, 48.8844958 ], [ 9.0888034, 48.8843339 ], [ 9.0871016, 48.8842303 ], [ 9.0871136, 48.8840901 ], [ 9.0870617, 48.8840432 ], [ 9.0827139, 48.8837895 ], [ 9.0819916, 48.8841193 ], [ 9.0801687, 48.8840146 ], [ 9.0800393, 48.8828431 ], [ 9.0799829, 48.8823933 ], [ 9.0800024, 48.8821883 ], [ 9.0800292, 48.8821887 ], [ 9.0800473, 48.8820375 ], [ 9.0800668, 48.8818739 ] ] ] } },
{ "type": "Feature", "properties": { "element": "way", "id": 146745611, "name": null, "landuse": "industrial" }, "geometry": { "type": "Polygon", "coordinates": [ [ [ 9.2413192, 48.7951263 ], [ 9.2415276, 48.7949618 ], [ 9.2419435, 48.7946808 ], [ 9.242237, 48.7944149 ], [ 9.2425799, 48.7940915 ], [ 9.2430422, 48.7943759 ], [ 9.2435251, 48.7947244 ], [ 9.2439183, 48.7950417 ], [ 9.24407, 48.7949665 ], [ 9.2443353, 48.7951678 ], [ 9.2444623, 48.7953029 ], [ 9.2443224, 48.7955236 ], [ 9.2441094, 48.7957381 ], [ 9.2440582, 48.7957883 ], [ 9.2438336, 48.795629 ], [ 9.2435198, 48.7954258 ], [ 9.2434769, 48.7952863 ], [ 9.2426239, 48.7952969 ], [ 9.2423655, 48.7952858 ], [ 9.2421019, 48.79524 ], [ 9.2415633, 48.7951476 ], [ 9.2413192, 48.7951263 ] ] ] } },
{ "type": "Feature", "properties": { "element": "way", "id": 148610312, "name": null, "landuse": "industrial" }, "geometry": { "type": "Polygon", "coordinates": [ [ [ 9.1871374, 48.7815574 ], [ 9.1871854, 48.781624 ], [ 9.1876194, 48.7814957 ], [ 9.1878227, 48.7814357 ], [ 9.1878109, 48.7814143 ], [ 9.1879075, 48.7813432 ], [ 9.1880801, 48.7812898 ], [ 9.1880537, 48.781255 ], [ 9.1882453, 48.7811877 ], [ 9.188426, 48.7811356 ], [ 9.1883873, 48.7810785 ], [ 9.1882692, 48.7809039 ], [ 9.1882656, 48.7808987 ], [ 9.1881615, 48.78093 ], [ 9.1878817, 48.7810699 ], [ 9.1878599, 48.781083 ], [ 9.1876938, 48.7812139 ], [ 9.1875096, 48.7813096 ], [ 9.187302, 48.7813846 ], [ 9.1872374, 48.7814198 ], [ 9.1871917, 48.7814574 ], [ 9.1871529, 48.7815033 ], [ 9.1871374, 48.7815574 ] ] ] } },
{ "type": "Feature", "properties": { "element": "way", "id": 149006909, "name": "Gschnaidt", "landuse": "industrial" }, "geometry": { "type": "Polygon", "coordinates": [ [ [ 9.1159064, 48.8265177 ], [ 9.1158907, 48.8264836 ], [ 9.1139931, 48.8263935 ], [ 9.1116417, 48.8260336 ], [ 9.1120116, 48.8256183 ], [ 9.1127671, 48.8251922 ], [ 9.11295, 48.8251986 ], [ 9.1137214, 48.8252257 ], [ 9.1137413, 48.8250395 ], [ 9.1142405, 48.8250773 ], [ 9.114269, 48.8250741 ], [ 9.1142435, 48.8249329 ], [ 9.1146034, 48.8249375 ], [ 9.11488, 48.8249656 ], [ 9.1153371, 48.8250279 ], [ 9.1156127, 48.8250821 ], [ 9.1156298, 48.8250995 ], [ 9.1163181, 48.8252476 ], [ 9.1164129, 48.8252709 ], [ 9.1163224, 48.8256544 ], [ 9.1165179, 48.8259316 ], [ 9.1174213, 48.8264252 ], [ 9.1174052, 48.8265858 ], [ 9.1160829, 48.8265261 ], [ 9.1159064, 48.8265177 ] ] ] } },
{ "type": "Feature", "properties": { "element": "way", "id": 149521386, "name": "Hauptklärwerk Stuttgart-Mühlhausen", "landuse": "industrial" }, "geometry": { "type": "Polygon", "coordinates": [ [ [ 9.2391224, 48.8441908 ], [ 9.240047, 48.8445568 ], [ 9.2407837, 48.8448994 ], [ 9.241771, 48.8454078 ], [ 9.2422771, 48.8457006 ], [ 9.2426741, 48.8459924 ], [ 9.2426313, 48.8460149 ], [ 9.242802, 48.8461272 ], [ 9.2428456, 48.8461035 ], [ 9.2432754, 48.8464233 ], [ 9.2436294, 48.846686 ], [ 9.2438032, 48.8468456 ], [ 9.2439162, 48.8469495 ], [ 9.2452037, 48.8482486 ], [ 9.246431, 48.8496606 ], [ 9.2473323, 48.8509596 ], [ 9.2482728, 48.8525547 ], [ 9.2487942, 48.8533361 ], [ 9.2485228, 48.8534269 ], [ 9.2483579, 48.8534584 ], [ 9.248143, 48.8534906 ], [ 9.2461064, 48.8536805 ], [ 9.2453606, 48.8524526 ], [ 9.2449062, 48.8515936 ], [ 9.2446233, 48.8508596 ], [ 9.2444514, 48.8504198 ], [ 9.2443955, 48.85027 ], [ 9.2443181, 48.8501441 ], [ 9.2440541, 48.8497321 ], [ 9.2439541, 48.849619 ], [ 9.2436614, 48.8492981 ], [ 9.2434731, 48.8491335 ], [ 9.2432927, 48.8489807 ], [ 9.2429593, 48.8487414 ], [ 9.2422775, 48.8483594 ], [ 9.2417872, 48.8480913 ], [ 9.24183, 48.8480664 ], [ 9.2418484, 48.8480786 ], [ 9.2419125, 48.8480366 ], [ 9.2419622, 48.8480071 ], [ 9.2420128, 48.8479771 ], [ 9.2417446, 48.8478041 ], [ 9.24175, 48.8477459 ], [ 9.2415596, 48.8476718 ], [ 9.2414937, 48.8477478 ], [ 9.2414139, 48.847835 ], [ 9.2410321, 48.8476275 ], [ 9.24083, 48.8475364 ], [ 9.2398415, 48.8468087 ], [ 9.2391217, 48.8463114 ], [ 9.238407, 48.8458699 ], [ 9.2380901, 48.845607 ], [ 9.2377232, 48.8452598 ], [ 9.2366975, 48.8441869 ], [ 9.2365136, 48.8439791 ], [ 9.2367655, 48.8436925 ], [ 9.2369016, 48.8437428 ], [ 9.2369673, 48.843745 ], [ 9.2370514, 48.8436998 ], [ 9.2371687, 48.8436717 ], [ 9.2372587, 48.8436342 ], [ 9.2371487, 48.8435903 ], [ 9.2371702, 48.8435618 ], [ 9.2372218, 48.8434934 ], [ 9.2378719, 48.843732 ], [ 9.2388954, 48.8441075 ], [ 9.2391224, 48.8441908 ] ] ] } },
{ "type": "Feature", "properties": { "element": "way", "id": 150220991, "name": "Robert Bosch GmbH Werk Waiblingen", "landuse": "industrial" }, "geometry": { "type": "Polygon", "coordinates": [ [ [ 9.3134546, 48.8244767 ], [ 9.3128983, 48.8244039 ], [ 9.3124985, 48.8244195 ], [ 9.3124558, 48.8246978 ], [ 9.3114418, 48.8246574 ], [ 9.31112, 48.8246436 ], [ 9.3109694, 48.8245266 ], [ 9.3107963, 48.8243939 ], [ 9.3109215, 48.8242895 ], [ 9.3110806, 48.8241568 ], [ 9.3118114, 48.8235476 ], [ 9.3118675, 48.8234794 ], [ 9.3124329, 48.8227924 ], [ 9.3129403, 48.8217812 ], [ 9.3132466, 48.821838 ], [ 9.3133384, 48.8218552 ], [ 9.3136302, 48.8219014 ], [ 9.3143438, 48.8220305 ], [ 9.3154902, 48.8223146 ], [ 9.3170237, 48.823 ], [ 9.3170398, 48.8230631 ], [ 9.3170264, 48.8231146 ], [ 9.3169425, 48.8232665 ], [ 9.3169216, 48.8233225 ], [ 9.316908, 48.823379 ], [ 9.3169003, 48.8234447 ], [ 9.3168988, 48.8235232 ], [ 9.3168841, 48.8236175 ], [ 9.315903, 48.8238551 ], [ 9.3149718, 48.8240487 ], [ 9.3148888, 48.8238631 ], [ 9.314884, 48.8238523 ], [ 9.3143333, 48.8239324 ], [ 9.3136575, 48.8240424 ], [ 9.3134546, 48.8244767 ] ] ] } },
{ "type": "Feature", "properties": { "element": "way", "id": 150333554, "name": "Waiblingen-Süd", "landuse": "industrial" }, "geometry": { "type": "Polygon", "coordinates": [ [ [ 9.3000879, 48.8211349 ], [ 9.300915, 48.8211494 ], [ 9.3011149, 48.8193017 ], [ 9.3011111, 48.8192255 ], [ 9.3004817, 48.8191961 ], [ 9.2996461, 48.819157 ], [ 9.2996186, 48.8191151 ], [ 9.2995521, 48.8190749 ], [ 9.2995462, 48.8158505 ], [ 9.2974451, 48.8161789 ], [ 9.2971107, 48.8162477 ], [ 9.2964188, 48.8164866 ], [ 9.295696, 48.8167657 ], [ 9.2954538, 48.8168644 ], [ 9.2954642, 48.8171854 ], [ 9.2957623, 48.8171834 ], [ 9.2957287, 48.8186806 ], [ 9.295608, 48.8186926 ], [ 9.2949678, 48.8198908 ], [ 9.2960796, 48.8204368 ], [ 9.2965696, 48.820612 ], [ 9.2970776, 48.8207937 ], [ 9.2983678, 48.821055 ], [ 9.3000879, 48.8211349 ] ] ] } },
{ "type": "Feature", "properties": { "element": "way", "id": 151354073, "name": "Glohr Holzbau", "landuse": "industrial" }, "geometry": { "type": "Polygon", "coordinates": [ [ [ 9.2456751, 48.729035 ], [ 9.2456785, 48.7284899 ], [ 9.2456773, 48.7284219 ], [ 9.2456784, 48.7284302 ], [ 9.2457129, 48.72819 ], [ 9.2460018, 48.7282102 ], [ 9.2462264, 48.7282266 ], [ 9.2462627, 48.7282387 ], [ 9.2462995, 48.7282632 ], [ 9.2463099, 48.7282777 ], [ 9.2463177, 48.7283157 ], [ 9.2463297, 48.7284221 ], [ 9.2463323, 48.7284647 ], [ 9.2463324, 48.7285428 ], [ 9.2463392, 48.7286743 ], [ 9.2463371, 48.7287545 ], [ 9.2463353, 48.728979 ], [ 9.2463119, 48.7290095 ], [ 9.2462827, 48.7290256 ], [ 9.246232, 48.7290311 ], [ 9.2456751, 48.729035 ] ] ] } },
{ "type": "Feature", "properties": { "element": "way", "id": 151648662, "name": "Gewerbegebiet Kemnat", "landuse": "industrial" }, "geometry": { "type": "Polygon", "coordinates": [ [ [ 9.2288788, 48.725093 ], [ 9.2291894, 48.7246512 ], [ 9.229545, 48.7241153 ], [ 9.2296991, 48.7238447 ], [ 9.229735, 48.7237703 ], [ 9.2296212, 48.7228859 ], [ 9.2294739, 48.7225889 ], [ 9.2291884, 48.7224119 ], [ 9.2275293, 48.7214772 ], [ 9.2269691, 48.7211671 ], [ 9.2268058, 48.7210569 ], [ 9.226489, 48.7210728 ], [ 9.226409, 48.7212839 ], [ 9.2263745, 48.7216583 ], [ 9.2263715, 48.7220618 ], [ 9.2259198, 48.7220862 ], [ 9.2240296, 48.7222038 ], [ 9.2240345, 48.722123 ], [ 9.2240493, 48.7218807 ], [ 9.2240423, 48.7218039 ], [ 9.223973, 48.72176 ], [ 9.2239078, 48.7217468 ], [ 9.2238698, 48.7216453 ], [ 9.223131, 48.7218083 ], [ 9.222706, 48.7219261 ], [ 9.2226312, 48.7219062 ], [ 9.2226352, 48.7219507 ], [ 9.222659, 48.7222182 ], [ 9.2217329, 48.7228966 ], [ 9.2217201, 48.7232224 ], [ 9.2217083, 48.7232707 ], [ 9.2217036, 48.72329 ], [ 9.2216573, 48.7232987 ], [ 9.2213598, 48.7233182 ], [ 9.2211007, 48.723324 ], [ 9.2215111, 48.7244224 ], [ 9.2215563, 48.7243992 ], [ 9.2216718, 48.7243897 ], [ 9.2218231, 48.7243409 ], [ 9.2220445, 48.7243534 ], [ 9.2222869, 48.7243674 ], [ 9.2227319, 48.7243448 ], [ 9.2234971, 48.7242854 ], [ 9.2246042, 48.7241989 ], [ 9.2245164, 48.7247656 ], [ 9.2246311, 48.7247729 ], [ 9.2245016, 48.7255502 ], [ 9.2252638, 48.7255773 ], [ 9.2256333, 48.725019 ], [ 9.2287647, 48.7253492 ], [ 9.2288187, 48.7252079 ], [ 9.2288788, 48.725093 ] ] ] } },
{ "type": "Feature", "properties": { "element": "way", "id": 151707717, "name": "Dinkelacker-Schwaben Bräu", "landuse": "industrial" }, "geometry": { "type": "Polygon", "coordinates": [ [ [ 9.1697666, 48.7667945 ], [ 9.1697417, 48.7667837 ], [ 9.1697047, 48.7667967 ], [ 9.1696916, 48.7667807 ], [ 9.1695485, 48.7668313 ], [ 9.1695625, 48.7668485 ], [ 9.1691623, 48.76699 ], [ 9.1687403, 48.7670354 ], [ 9.168913, 48.7677202 ], [ 9.169068, 48.7682793 ], [ 9.169178, 48.7682777 ], [ 9.1694346, 48.7683555 ], [ 9.1698378, 48.7685257 ], [ 9.16983, 48.7685353 ], [ 9.1703715, 48.7687075 ], [ 9.1705817, 48.7684204 ], [ 9.1706049, 48.7683786 ], [ 9.1708038, 48.7681098 ], [ 9.1707999, 48.7680973 ], [ 9.1704903, 48.7676928 ], [ 9.1697666, 48.7667945 ] ] ] } },
{ "type": "Feature", "properties": { "element": "way", "id": 161213895, "name": null, "landuse": "industrial" }, "geometry": { "type": "Polygon", "coordinates": [ [ [ 9.0862289, 48.8973709 ], [ 9.0862774, 48.8971889 ], [ 9.0865903, 48.8966332 ], [ 9.0883423, 48.8963655 ], [ 9.0884711, 48.8963418 ], [ 9.0889342, 48.8962633 ], [ 9.0893117, 48.8970146 ], [ 9.0893987, 48.8972026 ], [ 9.0888312, 48.8976849 ], [ 9.0883198, 48.8975034 ], [ 9.0878605, 48.8977174 ], [ 9.0875231, 48.8976485 ], [ 9.0871917, 48.8977099 ], [ 9.0869413, 48.8975718 ], [ 9.0867134, 48.8974001 ], [ 9.0862289, 48.8973709 ] ] ] } },
{ "type": "Feature", "properties": { "element": "way", "id": 162025517, "name": null, "landuse": "industrial" }, "geometry": { "type": "Polygon", "coordinates": [ [ [ 9.1826565, 48.8058968 ], [ 9.18198, 48.8063546 ], [ 9.1815013, 48.8067333 ], [ 9.1823349, 48.8062645 ], [ 9.1840862, 48.805376 ], [ 9.1844238, 48.8051988 ], [ 9.1848216, 48.8049944 ], [ 9.1856227, 48.8045997 ], [ 9.1860735, 48.8043869 ], [ 9.1865321, 48.8041878 ], [ 9.1871056, 48.8039568 ], [ 9.187745, 48.8037356 ], [ 9.1883146, 48.8035461 ], [ 9.1887906, 48.8033974 ], [ 9.1894856, 48.803203 ], [ 9.1899858, 48.8030409 ], [ 9.1909214, 48.8027323 ], [ 9.1912533, 48.8025553 ], [ 9.1912989, 48.8025491 ], [ 9.1914799, 48.8024899 ], [ 9.1915034, 48.8025226 ], [ 9.1915524, 48.8025177 ], [ 9.191785, 48.8024382 ], [ 9.1922916, 48.8022528 ], [ 9.192578, 48.8021125 ], [ 9.1929475, 48.8019318 ], [ 9.1933334, 48.8017017 ], [ 9.1937708, 48.8012823 ], [ 9.1940586, 48.8009963 ], [ 9.194945, 48.799666 ], [ 9.1950201, 48.7993366 ], [ 9.1948305, 48.7993301 ], [ 9.1948298, 48.7994021 ], [ 9.1947742, 48.7995903 ], [ 9.1946968, 48.7998211 ], [ 9.1946003, 48.8000455 ], [ 9.1945018, 48.8002462 ], [ 9.1943768, 48.8004142 ], [ 9.1942678, 48.8005673 ], [ 9.1941255, 48.8007469 ], [ 9.193889, 48.8009672 ], [ 9.1936436, 48.8011763 ], [ 9.1934663, 48.801347 ], [ 9.1931945, 48.8016028 ], [ 9.1930338, 48.801729 ], [ 9.1928317, 48.801854 ], [ 9.192478, 48.8020271 ], [ 9.1922, 48.8021648 ], [ 9.1917125, 48.802361 ], [ 9.190814, 48.8026662 ], [ 9.189963, 48.8029349 ], [ 9.1898818, 48.8029606 ], [ 9.1895426, 48.8030678 ], [ 9.1894866, 48.8030191 ], [ 9.1894998, 48.8029169 ], [ 9.1892378, 48.8029796 ], [ 9.1892177, 48.8031277 ], [ 9.1877846, 48.8035542 ], [ 9.18767, 48.8034317 ], [ 9.1879892, 48.8031031 ], [ 9.187939, 48.803083 ], [ 9.1882529, 48.8025336 ], [ 9.1882817, 48.802468 ], [ 9.1883554, 48.8022936 ], [ 9.1882487, 48.8022465 ], [ 9.188159, 48.8024386 ], [ 9.1880132, 48.8027206 ], [ 9.1878476, 48.8029974 ], [ 9.1876008, 48.8033053 ], [ 9.1874206, 48.8034787 ], [ 9.1870923, 48.8037276 ], [ 9.186709, 48.8039484 ], [ 9.1863413, 48.8041276 ], [ 9.1859447, 48.8043249 ], [ 9.1855877, 48.8045013 ], [ 9.1849488, 48.8048474 ], [ 9.1844943, 48.8050441 ], [ 9.1836179, 48.8054818 ], [ 9.1829198, 48.8057762 ], [ 9.1826565, 48.8058968 ] ] ] } },
{ "type": "Feature", "properties": { "element": "way", "id": 162025518, "name": null, "landuse": "industrial" }, "geometry": { "type": "Polygon", "coordinates": [ [ [ 9.1795947, 48.8070302 ], [ 9.1797243, 48.8070834 ], [ 9.1799227, 48.8072431 ], [ 9.1800261, 48.8073179 ], [ 9.1818306, 48.806321 ], [ 9.181677, 48.806198 ], [ 9.1812383, 48.8064163 ], [ 9.1806663, 48.8066714 ], [ 9.1805094, 48.8066361 ], [ 9.1802949, 48.8067394 ], [ 9.1799965, 48.8068155 ], [ 9.1799317, 48.8068213 ], [ 9.1797505, 48.8067455 ], [ 9.1797042, 48.8067205 ], [ 9.1796536, 48.8067196 ], [ 9.179602, 48.8067275 ], [ 9.1795387, 48.8067771 ], [ 9.1794569, 48.8068645 ], [ 9.1795023, 48.8069244 ], [ 9.1795947, 48.8070302 ] ] ] } },
{ "type": "Feature", "properties": { "element": "way", "id": 164390441, "name": null, "landuse": "industrial" }, "geometry": { "type": "Polygon", "coordinates": [ [ [ 9.1389438, 48.9401554 ], [ 9.1389597, 48.9403834 ], [ 9.1391403, 48.9414093 ], [ 9.1388655, 48.9414419 ], [ 9.1389013, 48.9415488 ], [ 9.1390098, 48.9415777 ], [ 9.1390918, 48.9416232 ], [ 9.1391161, 48.9416694 ], [ 9.1393985, 48.9426004 ], [ 9.1395742, 48.9433283 ], [ 9.1394919, 48.9433795 ], [ 9.1393163, 48.9433738 ], [ 9.1395533, 48.9440878 ], [ 9.139474, 48.9443696 ], [ 9.1384535, 48.9445004 ], [ 9.1386514, 48.9450395 ], [ 9.1387, 48.9453144 ], [ 9.1386403, 48.9454114 ], [ 9.138674, 48.9455463 ], [ 9.1388149, 48.9457141 ], [ 9.1381949, 48.9467448 ], [ 9.1381701, 48.9469212 ], [ 9.1381482, 48.9470312 ], [ 9.1380982, 48.9470987 ], [ 9.1378427, 48.9471092 ], [ 9.1340921, 48.9457406 ], [ 9.1339628, 48.9457506 ], [ 9.1339252, 48.9457814 ], [ 9.1334746, 48.945563 ], [ 9.1335162, 48.945526 ], [ 9.1331836, 48.9453477 ], [ 9.1328537, 48.9451433 ], [ 9.1327846, 48.9451165 ], [ 9.1326586, 48.9449893 ], [ 9.1324003, 48.9447211 ], [ 9.1321737, 48.9444536 ], [ 9.1320993, 48.9443649 ], [ 9.1319615, 48.9441899 ], [ 9.131902, 48.9440961 ], [ 9.1314187, 48.9432117 ], [ 9.1311746, 48.9422293 ], [ 9.1310539, 48.9422363 ], [ 9.1308688, 48.941736 ], [ 9.1305711, 48.9417659 ], [ 9.1304956, 48.9416317 ], [ 9.130268, 48.9412128 ], [ 9.1315844, 48.9410448 ], [ 9.1315656, 48.940933 ], [ 9.1370305, 48.9406601 ], [ 9.1371059, 48.9407035 ], [ 9.1372782, 48.9406947 ], [ 9.1374841, 48.9406842 ], [ 9.1373822, 48.9402472 ], [ 9.1389438, 48.9401554 ] ] ] } },
{ "type": "Feature", "properties": { "element": "way", "id": 171026723, "name": "Mercedes-Benz Werkteil Brühl", "landuse": "industrial" }, "geometry": { "type": "Polygon", "coordinates": [ [ [ 9.2711144, 48.7442846 ], [ 9.2709247, 48.7444197 ], [ 9.2707693, 48.7445301 ], [ 9.2705855, 48.7446589 ], [ 9.2703452, 48.7448276 ], [ 9.2701527, 48.7449641 ], [ 9.2699405, 48.745114 ], [ 9.2696973, 48.7452854 ], [ 9.2695592, 48.7453825 ], [ 9.2693625, 48.7455214 ], [ 9.2691359, 48.7456802 ], [ 9.2689138, 48.745836 ], [ 9.2686124, 48.7460424 ], [ 9.2684221, 48.746177 ], [ 9.2681569, 48.7463701 ], [ 9.2679833, 48.7464973 ], [ 9.2678311, 48.7466337 ], [ 9.26765, 48.7467939 ], [ 9.2674972, 48.7469289 ], [ 9.2672791, 48.747136 ], [ 9.2671603, 48.7472539 ], [ 9.2670456, 48.7473684 ], [ 9.2668888, 48.7475243 ], [ 9.2667613, 48.7476593 ], [ 9.2666257, 48.7478094 ], [ 9.2664875, 48.7479607 ], [ 9.2663899, 48.7480885 ], [ 9.2662676, 48.748251 ], [ 9.2661429, 48.7484232 ], [ 9.2660512, 48.7485684 ], [ 9.2659413, 48.7487336 ], [ 9.2658037, 48.7487001 ], [ 9.2657198, 48.7486796 ], [ 9.2656796, 48.7486503 ], [ 9.2655972, 48.7486292 ], [ 9.2655666, 48.7485971 ], [ 9.2654383, 48.7485731 ], [ 9.2653623, 48.7485605 ], [ 9.2653678, 48.748548 ], [ 9.2653074, 48.7485364 ], [ 9.2654562, 48.7481953 ], [ 9.2655657, 48.7479247 ], [ 9.2656349, 48.747742 ], [ 9.2656421, 48.7477092 ], [ 9.2657275, 48.7474758 ], [ 9.2657948, 48.7472871 ], [ 9.2658674, 48.747085 ], [ 9.2658585, 48.7470651 ], [ 9.2659541, 48.7468234 ], [ 9.2660325, 48.7466222 ], [ 9.2661275, 48.7463774 ], [ 9.2661742, 48.7462575 ], [ 9.2662154, 48.7461632 ], [ 9.2662585, 48.7460761 ], [ 9.2663113, 48.7459778 ], [ 9.2662469, 48.7459394 ], [ 9.266318, 48.7457868 ], [ 9.2663341, 48.7457868 ], [ 9.2664547, 48.7457058 ], [ 9.2666107, 48.7453931 ], [ 9.2667411, 48.7451623 ], [ 9.2667813, 48.7451011 ], [ 9.2668547, 48.7449914 ], [ 9.2669338, 48.7448839 ], [ 9.2669943, 48.7448022 ], [ 9.2670605, 48.7447174 ], [ 9.2671664, 48.7445921 ], [ 9.2672482, 48.7444994 ], [ 9.2674097, 48.7443164 ], [ 9.2675514, 48.7441552 ], [ 9.267666, 48.7440263 ], [ 9.2678329, 48.7438577 ], [ 9.2679291, 48.7437692 ], [ 9.2680447, 48.7438463 ], [ 9.2681265, 48.7438042 ], [ 9.2683761, 48.7436704 ], [ 9.2684799, 48.7436173 ], [ 9.2687989, 48.7434625 ], [ 9.2690419, 48.7433464 ], [ 9.2693425, 48.7432009 ], [ 9.2694407, 48.7432528 ], [ 9.2694668, 48.7432356 ], [ 9.2695824, 48.7431613 ], [ 9.269685, 48.7431864 ], [ 9.2697721, 48.7431634 ], [ 9.2698106, 48.7431473 ], [ 9.2698837, 48.7431011 ], [ 9.2698724, 48.743093 ], [ 9.2699286, 48.7430572 ], [ 9.2699204, 48.7430516 ], [ 9.2711472, 48.7422492 ], [ 9.2711636, 48.7422389 ], [ 9.2711737, 48.7422449 ], [ 9.2714986, 48.7420718 ], [ 9.2717628, 48.7419622 ], [ 9.2718611, 48.7420303 ], [ 9.2719199, 48.7420691 ], [ 9.2723952, 48.7423886 ], [ 9.272437, 48.7424089 ], [ 9.2724761, 48.7424118 ], [ 9.2726085, 48.742502 ], [ 9.2728855, 48.7426836 ], [ 9.2730775, 48.7428144 ], [ 9.2730479, 48.7428325 ], [ 9.2730837, 48.742857 ], [ 9.2729755, 48.74293 ], [ 9.273, 48.7429481 ], [ 9.2728323, 48.743066 ], [ 9.2726526, 48.7431946 ], [ 9.2724521, 48.7433366 ], [ 9.2722792, 48.7434587 ], [ 9.2721747, 48.7435321 ], [ 9.2720444, 48.7436265 ], [ 9.271998, 48.7435965 ], [ 9.2717407, 48.7437641 ], [ 9.2715553, 48.7438858 ], [ 9.2714718, 48.7439398 ], [ 9.2711977, 48.7439598 ], [ 9.2711768, 48.7439561 ], [ 9.2711132, 48.743998 ], [ 9.2710744, 48.7440243 ], [ 9.2711144, 48.7442846 ] ] ] } },
{ "type": "Feature", "properties": { "element": "way", "id": 171424120, "name": "Innerer Nordbahnhof", "landuse": "industrial" }, "geometry": { "type": "Polygon", "coordinates": [ [ [ 9.1891125, 48.7977561 ], [ 9.1889208, 48.7977568 ], [ 9.1884076, 48.7985273 ], [ 9.187839, 48.7993842 ], [ 9.1874536, 48.7999755 ], [ 9.1873803, 48.8001086 ], [ 9.1873674, 48.8002287 ], [ 9.1873748, 48.8002555 ], [ 9.1873777, 48.8008453 ], [ 9.1874428, 48.8013164 ], [ 9.1874911, 48.8016626 ], [ 9.1877754, 48.8018463 ], [ 9.1880168, 48.8019824 ], [ 9.1882314, 48.8020583 ], [ 9.1883781, 48.801658 ], [ 9.1887965, 48.8007517 ], [ 9.1889046, 48.8004348 ], [ 9.1889933, 48.8001441 ], [ 9.1890373, 48.7998464 ], [ 9.1890641, 48.7996727 ], [ 9.1891256, 48.7996762 ], [ 9.1891345, 48.7991404 ], [ 9.1891345, 48.7984602 ], [ 9.1891125, 48.7977561 ] ] ] } },
{ "type": "Feature", "properties": { "element": "way", "id": 180874552, "name": null, "landuse": "industrial" }, "geometry": { "type": "Polygon", "coordinates": [ [ [ 9.1530417, 48.8968928 ], [ 9.1529138, 48.8969206 ], [ 9.1523805, 48.8970293 ], [ 9.1524009, 48.897067 ], [ 9.1524044, 48.8970733 ], [ 9.152409, 48.8970818 ], [ 9.1523797, 48.8970887 ], [ 9.1532021, 48.8987895 ], [ 9.1541044, 48.9006015 ], [ 9.1542768, 48.9006466 ], [ 9.1549926, 48.9004485 ], [ 9.1554659, 48.9003888 ], [ 9.155873, 48.9003922 ], [ 9.155887, 48.9003803 ], [ 9.1562702, 48.9003165 ], [ 9.1565941, 48.900288 ], [ 9.1571581, 48.9002059 ], [ 9.15764, 48.9000917 ], [ 9.1580547, 48.9000072 ], [ 9.1582103, 48.8999583 ], [ 9.1573649, 48.8975809 ], [ 9.1573495, 48.8975325 ], [ 9.1571706, 48.8970311 ], [ 9.1571634, 48.8968016 ], [ 9.1548544, 48.8967705 ], [ 9.1544606, 48.8967697 ], [ 9.1541197, 48.8967757 ], [ 9.1537907, 48.8967935 ], [ 9.1535714, 48.8968172 ], [ 9.1534796, 48.8968271 ], [ 9.1530417, 48.8968928 ] ] ] } },
{ "type": "Feature", "properties": { "element": "way", "id": 181271014, "name": null, "landuse": "industrial" }, "geometry": { "type": "Polygon", "coordinates": [ [ [ 9.1441638, 48.8865276 ], [ 9.1443855, 48.8864174 ], [ 9.1444525, 48.8863865 ], [ 9.1444257, 48.886286 ], [ 9.1448548, 48.8862048 ], [ 9.1452008, 48.8861334 ], [ 9.145622, 48.8860364 ], [ 9.1457239, 48.8860445 ], [ 9.1463874, 48.8872243 ], [ 9.1474474, 48.8892587 ], [ 9.1480846, 48.8907271 ], [ 9.148203, 48.8909725 ], [ 9.1482826, 48.8911013 ], [ 9.1483251, 48.8911906 ], [ 9.1484066, 48.8914569 ], [ 9.1485374, 48.8916546 ], [ 9.1487038, 48.8919048 ], [ 9.1490694, 48.892541 ], [ 9.1490944, 48.8925844 ], [ 9.1481361, 48.8928348 ], [ 9.1478959, 48.8928902 ], [ 9.1463917, 48.8929528 ], [ 9.1447681, 48.8930771 ], [ 9.1442963, 48.8931068 ], [ 9.144277, 48.8932596 ], [ 9.142373, 48.8932906 ], [ 9.1418996, 48.8933054 ], [ 9.1418237, 48.8933079 ], [ 9.1417421, 48.893328 ], [ 9.1416873, 48.8933557 ], [ 9.1416489, 48.8933969 ], [ 9.1414287, 48.8935952 ], [ 9.141302, 48.8936131 ], [ 9.1408743, 48.8934742 ], [ 9.140265, 48.8932849 ], [ 9.1396861, 48.8931288 ], [ 9.1391066, 48.8930145 ], [ 9.1392224, 48.8928954 ], [ 9.1393387, 48.8927557 ], [ 9.1394716, 48.8925778 ], [ 9.1395049, 48.8925387 ], [ 9.1395446, 48.8925091 ], [ 9.1395887, 48.8924819 ], [ 9.1396311, 48.8924374 ], [ 9.1399608, 48.891992 ], [ 9.1400995, 48.8918143 ], [ 9.1401176, 48.891777 ], [ 9.1401248, 48.8917539 ], [ 9.1401266, 48.8917462 ], [ 9.1401518, 48.8916632 ], [ 9.1401788, 48.8916052 ], [ 9.1403194, 48.8914121 ], [ 9.1403509, 48.8913765 ], [ 9.1404104, 48.8913297 ], [ 9.1404357, 48.8913079 ], [ 9.1404617, 48.8912853 ], [ 9.1405068, 48.8912237 ], [ 9.1405473, 48.8911579 ], [ 9.1405797, 48.891088 ], [ 9.1406257, 48.890998 ], [ 9.1406662, 48.8909441 ], [ 9.1406825, 48.8909263 ], [ 9.1407032, 48.8909166 ], [ 9.1407537, 48.8909172 ], [ 9.1407654, 48.8908905 ], [ 9.1406924, 48.8908722 ], [ 9.140678, 48.8908657 ], [ 9.1407041, 48.8908479 ], [ 9.1407339, 48.8908396 ], [ 9.1407483, 48.8908378 ], [ 9.1407825, 48.8907762 ], [ 9.1407726, 48.8907513 ], [ 9.1407789, 48.8907294 ], [ 9.1407942, 48.8906992 ], [ 9.1408177, 48.8906834 ], [ 9.1409629, 48.8903969 ], [ 9.1410241, 48.8902394 ], [ 9.1410827, 48.8900367 ], [ 9.1411082, 48.8898423 ], [ 9.1411107, 48.8897117 ], [ 9.1410903, 48.8896229 ], [ 9.1410692, 48.8895333 ], [ 9.1414583, 48.8896162 ], [ 9.1413479, 48.8892985 ], [ 9.1412486, 48.8890746 ], [ 9.1411747, 48.8889633 ], [ 9.1410918, 48.8888436 ], [ 9.1408342, 48.8886208 ], [ 9.1407693, 48.8885592 ], [ 9.140588, 48.8884672 ], [ 9.1404861, 48.8884395 ], [ 9.140281, 48.8883792 ], [ 9.140202, 48.8883449 ], [ 9.1400554, 48.8882594 ], [ 9.1398974, 48.8881354 ], [ 9.1397713, 48.8880114 ], [ 9.1397292, 48.8876306 ], [ 9.1406279, 48.8873282 ], [ 9.1412421, 48.8871476 ], [ 9.141819, 48.8868827 ], [ 9.141895, 48.88686 ], [ 9.1419556, 48.886799 ], [ 9.1425177, 48.8867012 ], [ 9.1432259, 48.8865675 ], [ 9.1441638, 48.8865276 ] ] ] } },
{ "type": "Feature", "properties": { "element": "way", "id": 181272416, "name": null, "landuse": "industrial" }, "geometry": { "type": "Polygon", "coordinates": [ [ [ 9.1364557, 48.8886495 ], [ 9.1371107, 48.8887231 ], [ 9.1378455, 48.8888258 ], [ 9.1386312, 48.8889451 ], [ 9.1391488, 48.8890556 ], [ 9.1395391, 48.8891337 ], [ 9.1396646, 48.8891438 ], [ 9.1397325, 48.8891337 ], [ 9.1398394, 48.8889719 ], [ 9.1399599, 48.8887811 ], [ 9.1399989, 48.8887198 ], [ 9.140021, 48.888635 ], [ 9.140021, 48.8885691 ], [ 9.1399854, 48.8884821 ], [ 9.1398785, 48.8883616 ], [ 9.139668, 48.8881317 ], [ 9.1396044, 48.8880827 ], [ 9.1393371, 48.8877412 ], [ 9.1392608, 48.8876408 ], [ 9.1392268, 48.8876051 ], [ 9.139181, 48.8875906 ], [ 9.139125, 48.8875794 ], [ 9.1390164, 48.8875928 ], [ 9.1380153, 48.887815 ], [ 9.1375975, 48.8879053 ], [ 9.1362049, 48.8881951 ], [ 9.1364557, 48.8886495 ] ] ] } },
{ "type": "Feature", "properties": { "element": "way", "id": 193705673, "name": null, "landuse": "industrial" }, "geometry": { "type": "Polygon", "coordinates": [ [ [ 9.1347508, 48.918588 ], [ 9.1346548, 48.9191125 ], [ 9.1346599, 48.9191623 ], [ 9.1345983, 48.9191701 ], [ 9.1342809, 48.9192104 ], [ 9.1342869, 48.9193462 ], [ 9.1343005, 48.9193571 ], [ 9.1343401, 48.9195148 ], [ 9.1344174, 48.9197665 ], [ 9.1348064, 48.9198263 ], [ 9.1352586, 48.9199358 ], [ 9.1353222, 48.9199443 ], [ 9.135388, 48.9199525 ], [ 9.1364039, 48.919834 ], [ 9.1365152, 48.9198203 ], [ 9.1365058, 48.9197903 ], [ 9.1381597, 48.9195937 ], [ 9.1381626, 48.9194514 ], [ 9.1378866, 48.9184175 ], [ 9.1378885, 48.9183388 ], [ 9.1349777, 48.9185771 ], [ 9.1347508, 48.918588 ] ] ] } },
{ "type": "Feature", "properties": { "element": "way", "id": 193705674, "name": null, "landuse": "industrial" }, "geometry": { "type": "Polygon", "coordinates": [ [ [ 9.12483, 48.9280911 ], [ 9.1239569, 48.9282225 ], [ 9.1230077, 48.9283621 ], [ 9.1229656, 48.9282846 ], [ 9.1228812, 48.9281247 ], [ 9.1228186, 48.9279882 ], [ 9.1227656, 48.9278992 ], [ 9.1227262, 48.9278303 ], [ 9.1227026, 48.927763 ], [ 9.1226741, 48.9277053 ], [ 9.1226275, 48.9276361 ], [ 9.122584, 48.9275685 ], [ 9.1225531, 48.927496 ], [ 9.1225377, 48.9274293 ], [ 9.1225336, 48.9273652 ], [ 9.1225489, 48.927317 ], [ 9.1225853, 48.9272652 ], [ 9.1225942, 48.9272277 ], [ 9.1225853, 48.92717 ], [ 9.1225615, 48.9270804 ], [ 9.1225238, 48.9268541 ], [ 9.1224988, 48.926701 ], [ 9.1226325, 48.9266387 ], [ 9.1227978, 48.9265216 ], [ 9.1235007, 48.9261378 ], [ 9.1236818, 48.9260394 ], [ 9.1239267, 48.9259353 ], [ 9.1241695, 48.9258732 ], [ 9.1247505, 48.9258034 ], [ 9.1248681, 48.9258162 ], [ 9.1249006, 48.9258301 ], [ 9.1251694, 48.9259453 ], [ 9.1253149, 48.9266514 ], [ 9.1254008, 48.9271554 ], [ 9.1256368, 48.9276382 ], [ 9.1258308, 48.9279582 ], [ 9.12483, 48.9280911 ] ] ] } },
{ "type": "Feature", "properties": { "element": "way", "id": 193705675, "name": null, "landuse": "industrial" }, "geometry": { "type": "Polygon", "coordinates": [ [ [ 9.1222403, 48.9319309 ], [ 9.1224582, 48.9320588 ], [ 9.1226441, 48.9321224 ], [ 9.1227115, 48.9321419 ], [ 9.1228147, 48.9321376 ], [ 9.1228364, 48.9321367 ], [ 9.1229157, 48.9321041 ], [ 9.122999, 48.9320624 ], [ 9.1230466, 48.9320455 ], [ 9.1241828, 48.9317876 ], [ 9.1242681, 48.9317615 ], [ 9.1244455, 48.9316988 ], [ 9.1243582, 48.931554 ], [ 9.1239565, 48.9308102 ], [ 9.1235866, 48.9301252 ], [ 9.1234621, 48.9299124 ], [ 9.1230872, 48.929219 ], [ 9.1226065, 48.9283296 ], [ 9.1222697, 48.9276965 ], [ 9.1221471, 48.9274495 ], [ 9.1220507, 48.9272555 ], [ 9.1219626, 48.9270372 ], [ 9.1218878, 48.9268189 ], [ 9.1218399, 48.9266264 ], [ 9.1217923, 48.9266384 ], [ 9.1216014, 48.9264451 ], [ 9.1214309, 48.9264237 ], [ 9.1211123, 48.9264678 ], [ 9.1210269, 48.9265573 ], [ 9.120906, 48.9266763 ], [ 9.1208574, 48.9267368 ], [ 9.1208502, 48.9267418 ], [ 9.1208128, 48.9267681 ], [ 9.1207632, 48.9267798 ], [ 9.1207551, 48.9267805 ], [ 9.1207067, 48.9267844 ], [ 9.1206531, 48.9267792 ], [ 9.1204856, 48.926746 ], [ 9.1203805, 48.9267297 ], [ 9.1202972, 48.9267297 ], [ 9.1202496, 48.9267427 ], [ 9.1202122, 48.9267645 ], [ 9.1201879, 48.9267945 ], [ 9.1201242, 48.9269955 ], [ 9.1199299, 48.9277218 ], [ 9.11969, 48.9285954 ], [ 9.1196176, 48.9289054 ], [ 9.119576, 48.9290298 ], [ 9.1195145, 48.9291783 ], [ 9.1194392, 48.9293953 ], [ 9.1194372, 48.9294337 ], [ 9.119457, 48.9294728 ], [ 9.1194778, 48.9295001 ], [ 9.1195086, 48.9295197 ], [ 9.1195522, 48.9295359 ], [ 9.1195938, 48.9295418 ], [ 9.1196355, 48.9295477 ], [ 9.1196801, 48.929564 ], [ 9.119802, 48.9296884 ], [ 9.1199141, 48.9297841 ], [ 9.1200858, 48.9300314 ], [ 9.1205367, 48.9304225 ], [ 9.1208247, 48.9306733 ], [ 9.1210941, 48.9309116 ], [ 9.1214195, 48.9311583 ], [ 9.1219358, 48.9316373 ], [ 9.1222403, 48.9319309 ] ] ] } },
{ "type": "Feature", "properties": { "element": "way", "id": 202843180, "name": "Parker Prädifa", "landuse": "industrial" }, "geometry": { "type": "Polygon", "coordinates": [ [ [ 9.1105929, 48.9467507 ], [ 9.109739, 48.9468654 ], [ 9.1097198, 48.946868 ], [ 9.1096528, 48.9464021 ], [ 9.1096034, 48.9459572 ], [ 9.1103308, 48.9459046 ], [ 9.1104032, 48.9457542 ], [ 9.110381, 48.9455768 ], [ 9.1107807, 48.9455764 ], [ 9.1117181, 48.9457006 ], [ 9.1122439, 48.9458669 ], [ 9.1129047, 48.945931 ], [ 9.1130191, 48.946129 ], [ 9.113131, 48.9465555 ], [ 9.1125132, 48.9466222 ], [ 9.1118059, 48.9467274 ], [ 9.1105929, 48.9467507 ] ] ] } },
{ "type": "Feature", "properties": { "element": "way", "id": 203890493, "name": "Strässle I", "landuse": "industrial" }, "geometry": { "type": "Polygon", "coordinates": [ [ [ 9.1002776, 48.9005228 ], [ 9.0997533, 48.9008899 ], [ 9.0982531, 48.9018022 ], [ 9.0956737, 48.9029338 ], [ 9.0961257, 48.9033263 ], [ 9.0962299, 48.9036324 ], [ 9.0965523, 48.9046675 ], [ 9.0965679, 48.9047121 ], [ 9.0964388, 48.9047299 ], [ 9.0960149, 48.9046877 ], [ 9.0952403, 48.9047548 ], [ 9.0951136, 48.9041166 ], [ 9.0941918, 48.9041898 ], [ 9.0940945, 48.9039473 ], [ 9.0937707, 48.9038028 ], [ 9.0936741, 48.9038412 ], [ 9.0931768, 48.9034622 ], [ 9.0929434, 48.9035406 ], [ 9.0926527, 48.9019969 ], [ 9.092259, 48.9001471 ], [ 9.0918574, 48.8992109 ], [ 9.0941477, 48.8985942 ], [ 9.0952024, 48.8982398 ], [ 9.0957008, 48.8980623 ], [ 9.097068, 48.8975711 ], [ 9.098097, 48.8971134 ], [ 9.0990869, 48.8992402 ], [ 9.0988997, 48.8993374 ], [ 9.099599, 48.9008324 ], [ 9.1001218, 48.9004317 ], [ 9.1002776, 48.9005228 ] ] ] } },
{ "type": "Feature", "properties": { "element": "way", "id": 208633662, "name": "Index-Werke", "landuse": "industrial" }, "geometry": { "type": "Polygon", "coordinates": [ [ [ 9.3269182, 48.7323519 ], [ 9.3276261, 48.7319479 ], [ 9.3282752, 48.7315933 ], [ 9.3284328, 48.7315004 ], [ 9.3285901, 48.7313252 ], [ 9.3284851, 48.7312313 ], [ 9.327893, 48.7307809 ], [ 9.3275452, 48.730558 ], [ 9.3272616, 48.7306238 ], [ 9.3259189, 48.7309457 ], [ 9.3250572, 48.7311536 ], [ 9.3246817, 48.7312421 ], [ 9.3244763, 48.7312972 ], [ 9.3242795, 48.7313646 ], [ 9.3239106, 48.7314526 ], [ 9.3238238, 48.7314868 ], [ 9.323769, 48.7315323 ], [ 9.3237424, 48.7315762 ], [ 9.323728, 48.7316381 ], [ 9.3237715, 48.7317557 ], [ 9.3238221, 48.7318216 ], [ 9.324236, 48.7320022 ], [ 9.3241663, 48.7320906 ], [ 9.3240855, 48.732174 ], [ 9.324208, 48.7323437 ], [ 9.3244204, 48.7323701 ], [ 9.324697, 48.7326994 ], [ 9.324881, 48.7328338 ], [ 9.3250406, 48.732922 ], [ 9.3253251, 48.7327531 ], [ 9.325668, 48.7329427 ], [ 9.326151, 48.7327208 ], [ 9.326222, 48.7327003 ], [ 9.3263405, 48.7326619 ], [ 9.3265353, 48.7325611 ], [ 9.3268407, 48.7323968 ], [ 9.3269182, 48.7323519 ] ] ] } },
{ "type": "Feature", "properties": { "element": "way", "id": 215457244, "name": "Stuttgart 21: Zwischenangriff Ulmer Straße", "landuse": "industrial" }, "geometry": { "type": "Polygon", "coordinates": [ [ [ 9.2370797, 48.776416 ], [ 9.2379088, 48.7770558 ], [ 9.2373824, 48.7774155 ], [ 9.2370873, 48.7776182 ], [ 9.2370413, 48.7775893 ], [ 9.237313, 48.7773981 ], [ 9.237245, 48.7773628 ], [ 9.237136, 48.777445 ], [ 9.2370909, 48.7774523 ], [ 9.2370454, 48.7774482 ], [ 9.2370152, 48.7774316 ], [ 9.2368766, 48.7773248 ], [ 9.2367438, 48.777401 ], [ 9.2363857, 48.7771241 ], [ 9.2365232, 48.777041 ], [ 9.2362956, 48.7768757 ], [ 9.2362225, 48.7768132 ], [ 9.2365168, 48.7766349 ], [ 9.2365936, 48.7766888 ], [ 9.2366488, 48.776664 ], [ 9.2367041, 48.7766391 ], [ 9.2370797, 48.776416 ] ] ] } },
{ "type": "Feature", "properties": { "element": "way", "id": 217852917, "name": null, "landuse": "industrial" }, "geometry": { "type": "Polygon", "coordinates": [ [ [ 9.1818035, 48.7852695 ], [ 9.1816978, 48.7853115 ], [ 9.1819808, 48.7855882 ], [ 9.1829005, 48.7865983 ], [ 9.1831821, 48.7869235 ], [ 9.1832917, 48.786886 ], [ 9.1820723, 48.7855495 ], [ 9.1820636, 48.7855523 ], [ 9.1818035, 48.7852695 ] ] ] } },
{ "type": "Feature", "properties": { "element": "way", "id": 218921972, "name": "Karle Recycling", "landuse": "industrial" }, "geometry": { "type": "Polygon", "coordinates": [ [ [ 9.1676663, 48.8187989 ], [ 9.1677182, 48.8188671 ], [ 9.1677848, 48.818944 ], [ 9.167881, 48.8190257 ], [ 9.1679595, 48.8190957 ], [ 9.1680061, 48.8191263 ], [ 9.1682445, 48.8192913 ], [ 9.1685646, 48.8194669 ], [ 9.1686115, 48.8194923 ], [ 9.1686593, 48.8195182 ], [ 9.1690805, 48.8197463 ], [ 9.169141, 48.8197487 ], [ 9.1692509, 48.8195534 ], [ 9.1687766, 48.8188633 ], [ 9.1686851, 48.8187302 ], [ 9.1685837, 48.8187713 ], [ 9.1685355, 48.8187758 ], [ 9.1684829, 48.8187789 ], [ 9.168428, 48.8187687 ], [ 9.1683952, 48.8187499 ], [ 9.1682929, 48.818609 ], [ 9.1676663, 48.8187989 ] ] ] } },
{ "type": "Feature", "properties": { "element": "way", "id": 218921973, "name": "Karle Recycling", "landuse": "industrial" }, "geometry": { "type": "Polygon", "coordinates": [ [ [ 9.1692972, 48.8198898 ], [ 9.1696667, 48.8201382 ], [ 9.1699615, 48.8202958 ], [ 9.1700975, 48.8202436 ], [ 9.1697202, 48.8198205 ], [ 9.1695202, 48.8195616 ], [ 9.1692887, 48.8193144 ], [ 9.1692416, 48.8193374 ], [ 9.1693763, 48.8195403 ], [ 9.1693998, 48.8195794 ], [ 9.1693913, 48.8196316 ], [ 9.1693003, 48.8198033 ], [ 9.1692893, 48.819844 ], [ 9.1692972, 48.8198898 ] ] ] } },
{ "type": "Feature", "properties": { "element": "way", "id": 218921974, "name": "Karle Recycling", "landuse": "industrial" }, "geometry": { "type": "Polygon", "coordinates": [ [ [ 9.1670523, 48.8175074 ], [ 9.167167, 48.8178217 ], [ 9.1673963, 48.8183414 ], [ 9.1674385, 48.8183357 ], [ 9.1675664, 48.8183183 ], [ 9.1682286, 48.8182237 ], [ 9.1683077, 48.818216 ], [ 9.1681615, 48.8178811 ], [ 9.1680495, 48.8175661 ], [ 9.1680153, 48.8174874 ], [ 9.1679754, 48.8174303 ], [ 9.1679166, 48.8174132 ], [ 9.1677912, 48.8174096 ], [ 9.1670523, 48.8175074 ] ] ] } },
{ "type": "Feature", "properties": { "element": "way", "id": 219036111, "name": null, "landuse": "industrial" }, "geometry": { "type": "Polygon", "coordinates": [ [ [ 9.213823, 48.8127216 ], [ 9.2136947, 48.8128365 ], [ 9.2137114, 48.8128777 ], [ 9.2145487, 48.8132772 ], [ 9.2153512, 48.8137301 ], [ 9.2159312, 48.8140678 ], [ 9.2162477, 48.8142259 ], [ 9.2166083, 48.8143659 ], [ 9.216875, 48.8144487 ], [ 9.216934, 48.814448 ], [ 9.2170168, 48.8144644 ], [ 9.2170163, 48.8144241 ], [ 9.2169912, 48.8144034 ], [ 9.2166628, 48.8142645 ], [ 9.2164429, 48.814162 ], [ 9.215886, 48.8138878 ], [ 9.2154643, 48.8136543 ], [ 9.2150157, 48.8134024 ], [ 9.2144307, 48.8130838 ], [ 9.213823, 48.8127216 ] ] ] } },
{ "type": "Feature", "properties": { "element": "way", "id": 226755469, "name": null, "landuse": "industrial" }, "geometry": { "type": "Polygon", "coordinates": [ [ [ 9.2254468, 48.8183237 ], [ 9.2254277, 48.8182207 ], [ 9.2255361, 48.8180962 ], [ 9.2261899, 48.8174465 ], [ 9.2266057, 48.8178033 ], [ 9.2268346, 48.8181263 ], [ 9.2270514, 48.818499 ], [ 9.2270861, 48.8186494 ], [ 9.2267518, 48.8188299 ], [ 9.2263075, 48.8185368 ], [ 9.2262656, 48.8185624 ], [ 9.2262188, 48.8185909 ], [ 9.2261623, 48.8186283 ], [ 9.2260399, 48.8187033 ], [ 9.2259037, 48.8186159 ], [ 9.2255389, 48.8183826 ], [ 9.2254468, 48.8183237 ] ] ] } },
{ "type": "Feature", "properties": { "element": "way", "id": 229338570, "name": "BE-Fläche Benzstraße", "landuse": "industrial" }, "geometry": { "type": "Polygon", "coordinates": [ [ [ 9.2468272, 48.7839528 ], [ 9.2469099, 48.7839402 ], [ 9.246427, 48.7846048 ], [ 9.2452463, 48.7862129 ], [ 9.2451655, 48.78619 ], [ 9.2451802, 48.7861145 ], [ 9.2463187, 48.7845937 ], [ 9.246362, 48.7845619 ], [ 9.2468272, 48.7839528 ] ] ] } },
{ "type": "Feature", "properties": { "element": "way", "id": 231339129, "name": "Schleuse Hofen", "landuse": "industrial" }, "geometry": { "type": "Polygon", "coordinates": [ [ [ 9.2291879, 48.8396099 ], [ 9.229069, 48.83975 ], [ 9.229061, 48.839747 ], [ 9.2287911, 48.839648 ], [ 9.2284511, 48.8395328 ], [ 9.2280858, 48.8394293 ], [ 9.2277259, 48.8393397 ], [ 9.2273782, 48.8392741 ], [ 9.2270749, 48.839226 ], [ 9.2268784, 48.8392042 ], [ 9.2267394, 48.8391888 ], [ 9.2264039, 48.8391561 ], [ 9.2261027, 48.8391378 ], [ 9.2257993, 48.8391319 ], [ 9.2256587, 48.8391291 ], [ 9.2246246, 48.8391101 ], [ 9.2245327, 48.8391021 ], [ 9.2244552, 48.8390832 ], [ 9.224391, 48.8390628 ], [ 9.2243002, 48.8390212 ], [ 9.224226, 48.8389607 ], [ 9.2241974, 48.8389215 ], [ 9.2238896, 48.8388618 ], [ 9.223846, 48.8388616 ], [ 9.2238454, 48.838902 ], [ 9.2236735, 48.8389017 ], [ 9.2235052, 48.8390183 ], [ 9.2234653, 48.8390358 ], [ 9.2233911, 48.8390475 ], [ 9.2232959, 48.8390497 ], [ 9.2227888, 48.8390314 ], [ 9.2221389, 48.8390081 ], [ 9.2219263, 48.8390045 ], [ 9.2218898, 48.8389943 ], [ 9.2218787, 48.8389797 ], [ 9.221882, 48.8389615 ], [ 9.2218444, 48.8389513 ], [ 9.2218067, 48.8389411 ], [ 9.2217657, 48.8389848 ], [ 9.2214015, 48.8389214 ], [ 9.2212996, 48.8389163 ], [ 9.221118, 48.838917 ], [ 9.2208379, 48.8389178 ], [ 9.2201359, 48.8389083 ], [ 9.2198359, 48.8388995 ], [ 9.2195026, 48.8388893 ], [ 9.2192391, 48.8388762 ], [ 9.2189767, 48.8388507 ], [ 9.2188405, 48.8388208 ], [ 9.218712, 48.8387815 ], [ 9.2184895, 48.8387115 ], [ 9.2181872, 48.8386146 ], [ 9.2179791, 48.8385563 ], [ 9.2179547, 48.8385286 ], [ 9.2172095, 48.8383501 ], [ 9.2167866, 48.8382444 ], [ 9.216151, 48.8380826 ], [ 9.2155775, 48.8379376 ], [ 9.2149309, 48.8377685 ], [ 9.214251, 48.8375761 ], [ 9.2137672, 48.8374406 ], [ 9.2130508, 48.8372292 ], [ 9.2133786, 48.8369721 ], [ 9.2148046, 48.8373137 ], [ 9.2163637, 48.8376192 ], [ 9.2195968, 48.8382547 ], [ 9.2199562, 48.8382965 ], [ 9.2212908, 48.8383311 ], [ 9.2218485, 48.8384326 ], [ 9.2233751, 48.8384616 ], [ 9.2237669, 48.8384601 ], [ 9.2238552, 48.8384599 ], [ 9.2241085, 48.8384774 ], [ 9.2242231, 48.8385044 ], [ 9.2259762, 48.8385438 ], [ 9.2268177, 48.8387181 ], [ 9.2281674, 48.8389697 ], [ 9.229262, 48.8395339 ], [ 9.2291879, 48.8396099 ] ] ] } },
{ "type": "Feature", "properties": { "element": "way", "id": 231415261, "name": null, "landuse": "industrial" }, "geometry": { "type": "Polygon", "coordinates": [ [ [ 9.2241108, 48.8375677 ], [ 9.2240945, 48.837435 ], [ 9.2241319, 48.8374338 ], [ 9.2244069, 48.8374292 ], [ 9.2244069, 48.8375412 ], [ 9.2244225, 48.8375412 ], [ 9.2244225, 48.8375806 ], [ 9.2244224, 48.8377504 ], [ 9.2244864, 48.8377516 ], [ 9.2244955, 48.8377524 ], [ 9.2245007, 48.837755 ], [ 9.224504, 48.8377583 ], [ 9.2245026, 48.8377618 ], [ 9.2244985, 48.8377642 ], [ 9.2244884, 48.837765 ], [ 9.2237623, 48.8377624 ], [ 9.2236883, 48.8377622 ], [ 9.2236558, 48.8377406 ], [ 9.2236886, 48.8377192 ], [ 9.2241121, 48.83772 ], [ 9.2241108, 48.8375677 ] ] ] } },
{ "type": "Feature", "properties": { "element": "way", "id": 232482056, "name": "Umspannwerk Seewiesen", "landuse": "industrial" }, "geometry": { "type": "Polygon", "coordinates": [ [ [ 9.1773885, 48.8198218 ], [ 9.1774498, 48.8198761 ], [ 9.1773751, 48.8200668 ], [ 9.1774082, 48.8200795 ], [ 9.1774337, 48.8200894 ], [ 9.1774505, 48.8202145 ], [ 9.1774851, 48.8204162 ], [ 9.1775689, 48.820573 ], [ 9.1770064, 48.8213767 ], [ 9.1768947, 48.8213425 ], [ 9.176829, 48.8214419 ], [ 9.1764492, 48.8216734 ], [ 9.1756802, 48.822021 ], [ 9.1770742, 48.8199355 ], [ 9.1771786, 48.8199069 ], [ 9.1772225, 48.819928 ], [ 9.1772484, 48.8199387 ], [ 9.1773885, 48.8198218 ] ] ] } },
{ "type": "Feature", "properties": { "element": "way", "id": 233675580, "name": null, "landuse": "industrial" }, "geometry": { "type": "Polygon", "coordinates": [ [ [ 9.3395088, 48.9524256 ], [ 9.3394732, 48.9524532 ], [ 9.3394258, 48.9524717 ], [ 9.3393718, 48.952479 ], [ 9.3393172, 48.9524743 ], [ 9.3392679, 48.9524581 ], [ 9.3392299, 48.9524327 ], [ 9.3392063, 48.9524005 ], [ 9.3391998, 48.9523652 ], [ 9.339211, 48.9523303 ], [ 9.3392387, 48.9522997 ], [ 9.3392799, 48.9522765 ], [ 9.3393303, 48.9522633 ], [ 9.3393845, 48.9522615 ], [ 9.3394367, 48.9522712 ], [ 9.339482, 48.9522919 ], [ 9.3395145, 48.9523211 ], [ 9.3395306, 48.9523557 ], [ 9.3395287, 48.9523919 ], [ 9.3395088, 48.9524256 ] ] ] } },
{ "type": "Feature", "properties": { "element": "way", "id": 233675581, "name": null, "landuse": "industrial" }, "geometry": { "type": "Polygon", "coordinates": [ [ [ 9.3393862, 48.9525972 ], [ 9.3393764, 48.9526212 ], [ 9.3393553, 48.9526418 ], [ 9.3393252, 48.9526569 ], [ 9.3392894, 48.9526648 ], [ 9.3392515, 48.9526647 ], [ 9.3392158, 48.9526566 ], [ 9.3391853, 48.952641 ], [ 9.3391644, 48.9526196 ], [ 9.3391553, 48.952595 ], [ 9.3391591, 48.9525697 ], [ 9.3391754, 48.9525466 ], [ 9.3392023, 48.9525284 ], [ 9.3392368, 48.952517 ], [ 9.3392743, 48.9525136 ], [ 9.3393114, 48.9525184 ], [ 9.3393443, 48.9525308 ], [ 9.3393692, 48.9525495 ], [ 9.3393837, 48.9525724 ], [ 9.3393862, 48.9525972 ] ] ] } },
{ "type": "Feature", "properties": { "element": "way", "id": 233675582, "name": null, "landuse": "industrial" }, "geometry": { "type": "Polygon", "coordinates": [ [ [ 9.3390957, 48.9524331 ], [ 9.3390564, 48.9524477 ], [ 9.339012, 48.9524528 ], [ 9.3389676, 48.9524477 ], [ 9.3389284, 48.952433 ], [ 9.3389011, 48.9524127 ], [ 9.3388848, 48.9523879 ], [ 9.338881, 48.9523609 ], [ 9.33889, 48.9523345 ], [ 9.3389111, 48.9523112 ], [ 9.3389422, 48.9522934 ], [ 9.3389801, 48.9522828 ], [ 9.3390212, 48.9522804 ], [ 9.3390613, 48.9522865 ], [ 9.3390996, 48.9523021 ], [ 9.3391276, 48.9523253 ], [ 9.339142, 48.9523534 ], [ 9.3391411, 48.952383 ], [ 9.339125, 48.9524106 ], [ 9.3390957, 48.9524331 ] ] ] } },
{ "type": "Feature", "properties": { "element": "way", "id": 233675590, "name": null, "landuse": "industrial" }, "geometry": { "type": "Polygon", "coordinates": [ [ [ 9.339104, 48.9526098 ], [ 9.3390744, 48.9526311 ], [ 9.3390356, 48.9526446 ], [ 9.3389922, 48.9526486 ], [ 9.3389492, 48.9526428 ], [ 9.3389118, 48.9526277 ], [ 9.3388863, 48.9526075 ], [ 9.3388716, 48.952583 ], [ 9.3388691, 48.9525568 ], [ 9.3388791, 48.9525314 ], [ 9.3389006, 48.9525092 ], [ 9.3389314, 48.9524925 ], [ 9.3389686, 48.9524829 ], [ 9.3390086, 48.9524813 ], [ 9.3390473, 48.9524879 ], [ 9.3390839, 48.9525038 ], [ 9.3391102, 48.9525269 ], [ 9.339123, 48.9525544 ], [ 9.3391208, 48.9525832 ], [ 9.339104, 48.9526098 ] ] ] } },
{ "type": "Feature", "properties": { "element": "way", "id": 234975938, "name": "Wertstoffhof Vaihingen", "landuse": "industrial" }, "geometry": { "type": "Polygon", "coordinates": [ [ [ 9.1104897, 48.7222753 ], [ 9.1103952, 48.7222775 ], [ 9.1097478, 48.7223529 ], [ 9.1097512, 48.7222256 ], [ 9.1097823, 48.7220793 ], [ 9.1098118, 48.7220847 ], [ 9.1098694, 48.721944 ], [ 9.1098815, 48.7218422 ], [ 9.109918, 48.721842 ], [ 9.1104869, 48.7218439 ], [ 9.1104897, 48.7222753 ] ] ] } },
{ "type": "Feature", "properties": { "element": "way", "id": 236321711, "name": "Wasserwerk Münster", "landuse": "industrial" }, "geometry": { "type": "Polygon", "coordinates": [ [ [ 9.2137901, 48.8257104 ], [ 9.2141667, 48.825754 ], [ 9.2144688, 48.8257801 ], [ 9.2150355, 48.8258125 ], [ 9.2149227, 48.8251648 ], [ 9.2148843, 48.8251485 ], [ 9.2146663, 48.8251682 ], [ 9.2146502, 48.8251934 ], [ 9.2146112, 48.8251973 ], [ 9.2145664, 48.8252001 ], [ 9.2145566, 48.8251782 ], [ 9.2137086, 48.8252419 ], [ 9.2137901, 48.8257104 ] ] ] } },
{ "type": "Feature", "properties": { "element": "way", "id": 244668955, "name": "Porsche Werk 6", "landuse": "industrial" }, "geometry": { "type": "Polygon", "coordinates": [ [ [ 9.1622698, 48.8367413 ], [ 9.1620958, 48.8367071 ], [ 9.1592494, 48.836156 ], [ 9.1593971, 48.8358338 ], [ 9.160962, 48.836146 ], [ 9.1609813, 48.8361097 ], [ 9.1623952, 48.8363855 ], [ 9.1624505, 48.8364415 ], [ 9.1622698, 48.8367413 ] ] ] } },
{ "type": "Feature", "properties": { "element": "way", "id": 245848622, "name": "SSB Gleisbauhof", "landuse": "industrial" }, "geometry": { "type": "Polygon", "coordinates": [ [ [ 9.2397862, 48.7775763 ], [ 9.2397944, 48.7775907 ], [ 9.2401502, 48.7782135 ], [ 9.2400005, 48.7782695 ], [ 9.238561, 48.7785198 ], [ 9.2381474, 48.7785917 ], [ 9.2371563, 48.778727 ], [ 9.2361451, 48.7788595 ], [ 9.2358501, 48.7788949 ], [ 9.2356248, 48.7789161 ], [ 9.2355548, 48.7787688 ], [ 9.2355418, 48.7787414 ], [ 9.2365716, 48.7783081 ], [ 9.2367808, 48.7781914 ], [ 9.2368318, 48.778172 ], [ 9.2397862, 48.7775763 ] ] ] } },
{ "type": "Feature", "properties": { "element": "way", "id": 247551180, "name": "Bauhof", "landuse": "industrial" }, "geometry": { "type": "Polygon", "coordinates": [ [ [ 9.1782606, 48.8539281 ], [ 9.1787303, 48.8538071 ], [ 9.1788143, 48.8537862 ], [ 9.179505, 48.8536034 ], [ 9.1795609, 48.8535906 ], [ 9.1791411, 48.8528665 ], [ 9.1788483, 48.8523917 ], [ 9.178753, 48.8521826 ], [ 9.1777909, 48.8523066 ], [ 9.1779634, 48.8528963 ], [ 9.1781154, 48.8534234 ], [ 9.1782606, 48.8539281 ] ] ] } },
{ "type": "Feature", "properties": { "element": "way", "id": 248391561, "name": "Netze BW", "landuse": "industrial" }, "geometry": { "type": "Polygon", "coordinates": [ [ [ 9.156528, 48.7327231 ], [ 9.1573637, 48.7333096 ], [ 9.1579558, 48.7334526 ], [ 9.1582058, 48.7333068 ], [ 9.158255, 48.7333147 ], [ 9.1588253, 48.7329548 ], [ 9.1575554, 48.7320782 ], [ 9.1574693, 48.7320609 ], [ 9.156528, 48.7327231 ] ] ] } },
{ "type": "Feature", "properties": { "element": "way", "id": 251862243, "name": "Obere Mühle", "landuse": "industrial" }, "geometry": { "type": "Polygon", "coordinates": [ [ [ 9.0643153, 48.9639378 ], [ 9.0641588, 48.9636773 ], [ 9.0643033, 48.9636176 ], [ 9.0642769, 48.9635761 ], [ 9.0642246, 48.9634938 ], [ 9.0642718, 48.9634065 ], [ 9.0644541, 48.9633545 ], [ 9.0646025, 48.963397 ], [ 9.0647597, 48.9634476 ], [ 9.0649708, 48.9635156 ], [ 9.0651483, 48.9634723 ], [ 9.0652376, 48.9635826 ], [ 9.0653293, 48.9637764 ], [ 9.0652663, 48.9638457 ], [ 9.0652141, 48.9639031 ], [ 9.0649575, 48.9639941 ], [ 9.0646435, 48.9639752 ], [ 9.0643153, 48.9639378 ] ] ] } },
{ "type": "Feature", "properties": { "element": "way", "id": 252255925, "name": null, "landuse": "industrial" }, "geometry": { "type": "Polygon", "coordinates": [ [ [ 9.1484688, 48.7000373 ], [ 9.1484913, 48.7000736 ], [ 9.1484982, 48.7001219 ], [ 9.1484978, 48.700131 ], [ 9.1484959, 48.7001718 ], [ 9.1483964, 48.7006057 ], [ 9.1483449, 48.7008012 ], [ 9.1483306, 48.7008703 ], [ 9.1482827, 48.701116 ], [ 9.1482751, 48.701181 ], [ 9.1480239, 48.7011706 ], [ 9.1477319, 48.7011541 ], [ 9.1473416, 48.7011351 ], [ 9.1470345, 48.7011188 ], [ 9.1468314, 48.701103 ], [ 9.1466132, 48.7011654 ], [ 9.1463379, 48.7011619 ], [ 9.145896, 48.7011327 ], [ 9.1458879, 48.7015018 ], [ 9.1462037, 48.7015046 ], [ 9.1457392, 48.7017542 ], [ 9.1455953, 48.7018329 ], [ 9.1454007, 48.7019345 ], [ 9.1453108, 48.7019798 ], [ 9.1451388, 48.7020723 ], [ 9.1448689, 48.7022174 ], [ 9.1446383, 48.7023435 ], [ 9.1444116, 48.702459 ], [ 9.1442701, 48.7025338 ], [ 9.1441991, 48.7025728 ], [ 9.1441332, 48.7026225 ], [ 9.144095, 48.702654 ], [ 9.1439851, 48.7027335 ], [ 9.1439398, 48.7028074 ], [ 9.1438953, 48.7027897 ], [ 9.1438443, 48.7027764 ], [ 9.1437878, 48.7027674 ], [ 9.1436613, 48.7027649 ], [ 9.1434487, 48.7027662 ], [ 9.1432401, 48.7027685 ], [ 9.1431591, 48.7026039 ], [ 9.1431, 48.7024944 ], [ 9.1429921, 48.7023326 ], [ 9.1428559, 48.7021731 ], [ 9.1427977, 48.7021101 ], [ 9.142701, 48.7020027 ], [ 9.1426749, 48.7019633 ], [ 9.1426548, 48.701924 ], [ 9.1426387, 48.7018808 ], [ 9.1426249, 48.7018195 ], [ 9.1426233, 48.7017611 ], [ 9.1426267, 48.7015359 ], [ 9.1426336, 48.7013448 ], [ 9.1426345, 48.7009862 ], [ 9.1426409, 48.7008136 ], [ 9.1426426, 48.7006845 ], [ 9.142644, 48.7005711 ], [ 9.1426453, 48.7002876 ], [ 9.1426484, 48.7001828 ], [ 9.142647, 48.7001476 ], [ 9.1426483, 48.700093 ], [ 9.1426508, 48.6999696 ], [ 9.1426669, 48.6995302 ], [ 9.1442195, 48.6996314 ], [ 9.1445971, 48.6996596 ], [ 9.1450977, 48.6996974 ], [ 9.145598, 48.699735 ], [ 9.1457561, 48.6997476 ], [ 9.1465052, 48.6998072 ], [ 9.1471968, 48.6998622 ], [ 9.1476383, 48.6998973 ], [ 9.1479978, 48.6999179 ], [ 9.1482794, 48.6999356 ], [ 9.1483455, 48.6999525 ], [ 9.1484034, 48.6999802 ], [ 9.1484457, 48.7000068 ], [ 9.1484688, 48.7000373 ] ] ] } },
{ "type": "Feature", "properties": { "element": "way", "id": 263346546, "name": "Häckselplatz", "landuse": "industrial" }, "geometry": { "type": "Polygon", "coordinates": [ [ [ 9.2239462, 48.9772035 ], [ 9.2246942, 48.9773783 ], [ 9.2256122, 48.9776077 ], [ 9.2254466, 48.9780151 ], [ 9.2247919, 48.9779037 ], [ 9.2246049, 48.9778736 ], [ 9.2237472, 48.9777722 ], [ 9.2239462, 48.9772035 ] ] ] } },
{ "type": "Feature", "properties": { "element": "way", "id": 264371602, "name": "Bessey Tool GmbH", "landuse": "industrial" }, "geometry": { "type": "Polygon", "coordinates": [ [ [ 9.1433244, 48.9704326 ], [ 9.1437108, 48.9703723 ], [ 9.1439881, 48.9708447 ], [ 9.144366, 48.9714552 ], [ 9.1446866, 48.9713797 ], [ 9.1448328, 48.9714329 ], [ 9.1448628, 48.9714465 ], [ 9.1448055, 48.9715135 ], [ 9.1446082, 48.9715629 ], [ 9.144458, 48.9716006 ], [ 9.1445356, 48.9716875 ], [ 9.1449829, 48.9717747 ], [ 9.1451245, 48.9718753 ], [ 9.1455663, 48.9718739 ], [ 9.1462976, 48.9717553 ], [ 9.1463038, 48.9718554 ], [ 9.1463096, 48.9719481 ], [ 9.14596, 48.9720378 ], [ 9.1462349, 48.972543 ], [ 9.1460086, 48.972758 ], [ 9.1455482, 48.9728677 ], [ 9.1451278, 48.9729259 ], [ 9.1449185, 48.9725371 ], [ 9.1445737, 48.9726076 ], [ 9.1443302, 48.9722337 ], [ 9.1440364, 48.9722932 ], [ 9.1432535, 48.9709029 ], [ 9.1435373, 48.9708266 ], [ 9.1433244, 48.9704326 ] ] ] } },
{ "type": "Feature", "properties": { "element": "way", "id": 265643035, "name": "Kläranlage Hessigheim", "landuse": "industrial" }, "geometry": { "type": "Polygon", "coordinates": [ [ [ 9.1821798, 48.9868281 ], [ 9.1815565, 48.9867425 ], [ 9.1816169, 48.9865275 ], [ 9.1811837, 48.9863278 ], [ 9.1812669, 48.9859055 ], [ 9.1824554, 48.9861167 ], [ 9.182431, 48.9864232 ], [ 9.1823801, 48.9864629 ], [ 9.1822529, 48.986778 ], [ 9.1821798, 48.9868281 ] ] ] } },
{ "type": "Feature", "properties": { "element": "way", "id": 269138299, "name": "Deutsche Institute für Textil- und Faserforschung Denkendorf", "landuse": "industrial" }, "geometry": { "type": "Polygon", "coordinates": [ [ [ 9.344235, 48.7013071 ], [ 9.3443846, 48.7011038 ], [ 9.3449835, 48.7012779 ], [ 9.3453284, 48.700664 ], [ 9.3446187, 48.7004548 ], [ 9.3447111, 48.7003209 ], [ 9.3437282, 48.7000335 ], [ 9.3437065, 48.6997382 ], [ 9.3430601, 48.6994104 ], [ 9.3419533, 48.6995255 ], [ 9.3415449, 48.7001397 ], [ 9.3417343, 48.7003507 ], [ 9.3434006, 48.7008688 ], [ 9.34331, 48.7010039 ], [ 9.344235, 48.7013071 ] ] ] } },
{ "type": "Feature", "properties": { "element": "way", "id": 269845246, "name": "Mercedes-Benz Werkteil Mettingen", "landuse": "industrial" }, "geometry": { "type": "Polygon", "coordinates": [ [ [ 9.2662194, 48.7540677 ], [ 9.2662365, 48.75414 ], [ 9.2662716, 48.7542603 ], [ 9.2663083, 48.7543677 ], [ 9.2663489, 48.7544629 ], [ 9.2664533, 48.7546812 ], [ 9.2665895, 48.7549467 ], [ 9.2666344, 48.7550286 ], [ 9.2669679, 48.7555003 ], [ 9.2671586, 48.7558143 ], [ 9.2673508, 48.7562381 ], [ 9.2674791, 48.7565379 ], [ 9.2675447, 48.7567768 ], [ 9.2675982, 48.7570419 ], [ 9.2675896, 48.7572205 ], [ 9.2676017, 48.7573525 ], [ 9.2675361, 48.7577075 ], [ 9.2674843, 48.7579236 ], [ 9.2673428, 48.7583115 ], [ 9.2672099, 48.7586062 ], [ 9.2670529, 48.7589361 ], [ 9.2668165, 48.7594355 ], [ 9.2665818, 48.759919 ], [ 9.266492, 48.7600988 ], [ 9.266404, 48.7602432 ], [ 9.266316, 48.7603843 ], [ 9.2661779, 48.7605936 ], [ 9.2660744, 48.7606835 ], [ 9.2659691, 48.7608063 ], [ 9.2662401, 48.760878 ], [ 9.2667561, 48.7601272 ], [ 9.267562, 48.7589281 ], [ 9.2680074, 48.7582762 ], [ 9.2682121, 48.7579744 ], [ 9.2682458, 48.7579341 ], [ 9.2684315, 48.7576462 ], [ 9.2690167, 48.7567802 ], [ 9.2690601, 48.7567029 ], [ 9.2690933, 48.7566362 ], [ 9.2691283, 48.7565265 ], [ 9.2691378, 48.7564779 ], [ 9.269139, 48.7564344 ], [ 9.2691358, 48.7563689 ], [ 9.2691281, 48.7562857 ], [ 9.2691126, 48.7562199 ], [ 9.269092, 48.7561439 ], [ 9.2690584, 48.7560775 ], [ 9.2690033, 48.7559896 ], [ 9.268046, 48.7547176 ], [ 9.2675184, 48.7540311 ], [ 9.2673795, 48.753902 ], [ 9.267284, 48.7538476 ], [ 9.2672526, 48.7538229 ], [ 9.2671827, 48.753794 ], [ 9.2670771, 48.7537881 ], [ 9.2668937, 48.7537874 ], [ 9.2667576, 48.7538085 ], [ 9.2666603, 48.7538906 ], [ 9.2665926, 48.7539124 ], [ 9.2665945, 48.7539255 ], [ 9.2666193, 48.7539581 ], [ 9.266593, 48.7539668 ], [ 9.2665708, 48.7539741 ], [ 9.2665478, 48.7539815 ], [ 9.2664259, 48.7540206 ], [ 9.2664088, 48.7540245 ], [ 9.2663831, 48.7540305 ], [ 9.2663548, 48.7540375 ], [ 9.2662771, 48.7540567 ], [ 9.2662194, 48.7540677 ] ] ] } },
{ "type": "Feature", "properties": { "element": "way", "id": 269855544, "name": "Mercedes-Benz Werkteil Hedelfingen", "landuse": "industrial" }, "geometry": { "type": "Polygon", "coordinates": [ [ [ 9.2662401, 48.760878 ], [ 9.2660362, 48.7611869 ], [ 9.2657135, 48.7610891 ], [ 9.2659691, 48.7608063 ], [ 9.2662401, 48.760878 ] ] ] } },
{ "type": "Feature", "properties": { "element": "way", "id": 269855545, "name": "Mercedes-Benz Werkteil Hedelfingen", "landuse": "industrial" }, "geometry": { "type": "Polygon", "coordinates": [ [ [ 9.2654064, 48.7532078 ], [ 9.2653395, 48.7531912 ], [ 9.2653714, 48.7530922 ], [ 9.265241, 48.7530506 ], [ 9.2653391, 48.7529076 ], [ 9.2654569, 48.7529417 ], [ 9.2657132, 48.7525562 ], [ 9.265746, 48.7525602 ], [ 9.2657431, 48.7526662 ], [ 9.2657638, 48.7528573 ], [ 9.2657752, 48.7530096 ], [ 9.2658067, 48.7531246 ], [ 9.2658163, 48.7531736 ], [ 9.2657932, 48.7531759 ], [ 9.2658144, 48.7532705 ], [ 9.2658586, 48.7534448 ], [ 9.2658719, 48.7535025 ], [ 9.2658846, 48.7535781 ], [ 9.2658622, 48.7535842 ], [ 9.2654064, 48.7532078 ] ] ] } },
{ "type": "Feature", "properties": { "element": "way", "id": 282550161, "name": "Baulogistik Rosensteintunnel", "landuse": "industrial" }, "geometry": { "type": "Polygon", "coordinates": [ [ [ 9.1949928, 48.8066221 ], [ 9.1952679, 48.806604 ], [ 9.1955034, 48.8065983 ], [ 9.1954295, 48.8062283 ], [ 9.1952612, 48.8062351 ], [ 9.1949652, 48.8063041 ], [ 9.1944963, 48.8063393 ], [ 9.1945254, 48.8064785 ], [ 9.1945222, 48.8066163 ], [ 9.1947249, 48.8066249 ], [ 9.1947282, 48.8065022 ], [ 9.1949096, 48.806485 ], [ 9.1949119, 48.8066244 ], [ 9.1949928, 48.8066221 ] ] ] } },
{ "type": "Feature", "properties": { "element": "way", "id": 288521032, "name": "SSB-Zentrum", "landuse": "industrial" }, "geometry": { "type": "Polygon", "coordinates": [ [ [ 9.1318364, 48.7250419 ], [ 9.1316965, 48.7250627 ], [ 9.1312241, 48.7251327 ], [ 9.1310822, 48.7251538 ], [ 9.1309987, 48.7251648 ], [ 9.1307104, 48.7252027 ], [ 9.1306146, 48.7252153 ], [ 9.130091, 48.7252841 ], [ 9.1293485, 48.7253615 ], [ 9.1292713, 48.7253696 ], [ 9.128471, 48.7254786 ], [ 9.127817, 48.7255455 ], [ 9.1276571, 48.7255756 ], [ 9.127511, 48.7256237 ], [ 9.127284, 48.7257651 ], [ 9.127174, 48.7259316 ], [ 9.1271528, 48.7264116 ], [ 9.1263498, 48.7264898 ], [ 9.1261105, 48.7253995 ], [ 9.1264654, 48.7253563 ], [ 9.1265642, 48.7255014 ], [ 9.1273121, 48.7254186 ], [ 9.1281868, 48.7249453 ], [ 9.1285379, 48.724753 ], [ 9.1285844, 48.7246898 ], [ 9.1286, 48.7246215 ], [ 9.1286099, 48.7245359 ], [ 9.1282982, 48.7234437 ], [ 9.1282344, 48.7231583 ], [ 9.1281917, 48.7229674 ], [ 9.1281478, 48.7228885 ], [ 9.1294607, 48.7226209 ], [ 9.1316549, 48.7222073 ], [ 9.1316847, 48.7231838 ], [ 9.1320643, 48.7241586 ], [ 9.1319873, 48.7247204 ], [ 9.1318364, 48.7250419 ] ] ] } },
{ "type": "Feature", "properties": { "element": "way", "id": 290878136, "name": "Hochwasserbehälter Jägerhaus", "landuse": "industrial" }, "geometry": { "type": "Polygon", "coordinates": [ [ [ 9.142157, 48.7648076 ], [ 9.1421839, 48.7645475 ], [ 9.1425228, 48.7645627 ], [ 9.1425078, 48.7647081 ], [ 9.1424959, 48.7648229 ], [ 9.142157, 48.7648076 ] ] ] } },
{ "type": "Feature", "properties": { "element": "way", "id": 293528267, "name": null, "landuse": "industrial" }, "geometry": { "type": "Polygon", "coordinates": [ [ [ 9.2680903, 48.9438612 ], [ 9.2679237, 48.9441894 ], [ 9.2690249, 48.9444449 ], [ 9.2721292, 48.9451273 ], [ 9.2733428, 48.9453758 ], [ 9.2759132, 48.945934 ], [ 9.2759751, 48.9458068 ], [ 9.276027, 48.9457673 ], [ 9.2766304, 48.9445776 ], [ 9.2755114, 48.9444864 ], [ 9.2754561, 48.9444104 ], [ 9.2758231, 48.9436735 ], [ 9.2761839, 48.942976 ], [ 9.2762341, 48.9428789 ], [ 9.2767305, 48.9418638 ], [ 9.2767237, 48.9418455 ], [ 9.275808, 48.941764 ], [ 9.27465, 48.9417526 ], [ 9.2743092, 48.9417868 ], [ 9.2739153, 48.9428955 ], [ 9.2737365, 48.943238 ], [ 9.2733892, 48.943885 ], [ 9.2732683, 48.9439381 ], [ 9.2731295, 48.9442283 ], [ 9.2725521, 48.9441706 ], [ 9.2719004, 48.944035 ], [ 9.2717719, 48.9439003 ], [ 9.2707068, 48.9436034 ], [ 9.2697278, 48.943244 ], [ 9.2692613, 48.9437793 ], [ 9.2682322, 48.9432401 ], [ 9.267899, 48.9438086 ], [ 9.2680903, 48.9438612 ] ] ] } },
{ "type": "Feature", "properties": { "element": "way", "id": 300868932, "name": "Übergabestation Birkenkopf", "landuse": "industrial" }, "geometry": { "type": "Polygon", "coordinates": [ [ [ 9.1284053, 48.7643237 ], [ 9.1284055, 48.7642109 ], [ 9.1285903, 48.7642111 ], [ 9.1285901, 48.7643239 ], [ 9.1284053, 48.7643237 ] ] ] } },
{ "type": "Feature", "properties": { "element": "way", "id": 300893371, "name": "Druckregler Geißeiche", "landuse": "industrial" }, "geometry": { "type": "Polygon", "coordinates": [ [ [ 9.1300333, 48.7693387 ], [ 9.1302419, 48.7693453 ], [ 9.130307, 48.7693474 ], [ 9.130258, 48.7691317 ], [ 9.1300048, 48.7691531 ], [ 9.1300333, 48.7693387 ] ] ] } },
{ "type": "Feature", "properties": { "element": "way", "id": 301462013, "name": "Pumpstation", "landuse": "industrial" }, "geometry": { "type": "Polygon", "coordinates": [ [ [ 9.2952134, 48.7922325 ], [ 9.2950766, 48.7922196 ], [ 9.294777, 48.7919986 ], [ 9.2948291, 48.7918806 ], [ 9.2952264, 48.7919386 ], [ 9.2954772, 48.7919943 ], [ 9.2954251, 48.7921102 ], [ 9.2952134, 48.7922325 ] ] ] } },
{ "type": "Feature", "properties": { "element": "way", "id": 307931768, "name": "Altes Gaswerk", "landuse": "industrial" }, "geometry": { "type": "Polygon", "coordinates": [ [ [ 9.1774639, 48.7428693 ], [ 9.1779395, 48.742389 ], [ 9.1784939, 48.7426987 ], [ 9.1779894, 48.7431393 ], [ 9.1774639, 48.7428693 ] ] ] } },
{ "type": "Feature", "properties": { "element": "way", "id": 310684331, "name": "Im Riebeisen", "landuse": "industrial" }, "geometry": { "type": "Polygon", "coordinates": [ [ [ 9.3486284, 48.8456795 ], [ 9.3484315, 48.8440925 ], [ 9.3483987, 48.8438219 ], [ 9.3483491, 48.8434167 ], [ 9.3479546, 48.8433556 ], [ 9.3473325, 48.8433044 ], [ 9.3472359, 48.8433113 ], [ 9.3466853, 48.8434213 ], [ 9.3466097, 48.8434711 ], [ 9.3465655, 48.8435098 ], [ 9.346514, 48.8435271 ], [ 9.3461515, 48.8434973 ], [ 9.3459628, 48.8435016 ], [ 9.3462212, 48.8442795 ], [ 9.3462186, 48.8443439 ], [ 9.3466162, 48.8459236 ], [ 9.3466371, 48.8459987 ], [ 9.3467785, 48.8461731 ], [ 9.3469331, 48.8462076 ], [ 9.3472948, 48.8463574 ], [ 9.3473934, 48.8463698 ], [ 9.3474481, 48.8463446 ], [ 9.3486284, 48.8456795 ] ] ] } },
{ "type": "Feature", "properties": { "element": "way", "id": 312855677, "name": "EnBW-Areal", "landuse": "industrial" }, "geometry": { "type": "Polygon", "coordinates": [ [ [ 9.202026, 48.7917797 ], [ 9.2033994, 48.7908254 ], [ 9.2035767, 48.7907581 ], [ 9.2031229, 48.7903166 ], [ 9.2027563, 48.7898454 ], [ 9.2029095, 48.7898295 ], [ 9.2030087, 48.7895682 ], [ 9.2028825, 48.7894058 ], [ 9.2017345, 48.7894237 ], [ 9.2016624, 48.7894256 ], [ 9.2016137, 48.7895156 ], [ 9.2012209, 48.7894754 ], [ 9.2009171, 48.7900968 ], [ 9.2011305, 48.7901364 ], [ 9.2010283, 48.7903245 ], [ 9.2003852, 48.7902176 ], [ 9.200256, 48.7902196 ], [ 9.1998683, 48.7905185 ], [ 9.2014161, 48.7914232 ], [ 9.202026, 48.7917797 ] ] ] } },
{ "type": "Feature", "properties": { "element": "way", "id": 320313321, "name": "Strässle II", "landuse": "industrial" }, "geometry": { "type": "Polygon", "coordinates": [ [ [ 9.098097, 48.8971134 ], [ 9.0996055, 48.8964785 ], [ 9.0998552, 48.8964987 ], [ 9.1000398, 48.8966404 ], [ 9.1004434, 48.8975756 ], [ 9.1009529, 48.898603 ], [ 9.1012642, 48.8995439 ], [ 9.099599, 48.9008324 ], [ 9.0988997, 48.8993374 ], [ 9.0990869, 48.8992402 ], [ 9.098097, 48.8971134 ] ] ] } },
{ "type": "Feature", "properties": { "element": "way", "id": 323688474, "name": "Bauhof", "landuse": "industrial" }, "geometry": { "type": "Polygon", "coordinates": [ [ [ 9.1070365, 48.8189545 ], [ 9.1071057, 48.818838 ], [ 9.1072624, 48.8186328 ], [ 9.1076345, 48.8187606 ], [ 9.1077039, 48.8186997 ], [ 9.107914, 48.8188568 ], [ 9.1078519, 48.8189329 ], [ 9.1075722, 48.8191205 ], [ 9.1073318, 48.8190279 ], [ 9.1070365, 48.8189545 ] ] ] } },
{ "type": "Feature", "properties": { "element": "way", "id": 327742889, "name": "Porsche Werk 5", "landuse": "industrial" }, "geometry": { "type": "Polygon", "coordinates": [ [ [ 9.1515338, 48.8350057 ], [ 9.1507899, 48.8354391 ], [ 9.1499238, 48.8358051 ], [ 9.1481682, 48.8352963 ], [ 9.1471803, 48.8348 ], [ 9.1461018, 48.8343339 ], [ 9.1457957, 48.8342069 ], [ 9.1456004, 48.8340882 ], [ 9.145571, 48.834035 ], [ 9.1456115, 48.8339584 ], [ 9.1456434, 48.833873 ], [ 9.1457686, 48.8337754 ], [ 9.1459038, 48.8336878 ], [ 9.1460238, 48.8336298 ], [ 9.1461465, 48.8335898 ], [ 9.1463518, 48.8335838 ], [ 9.1465495, 48.8336027 ], [ 9.1473722, 48.8337287 ], [ 9.1480483, 48.833825 ], [ 9.1480909, 48.8338492 ], [ 9.1481099, 48.8338832 ], [ 9.148107, 48.8339092 ], [ 9.1482117, 48.8339409 ], [ 9.1482271, 48.8339135 ], [ 9.1482627, 48.8338851 ], [ 9.148306, 48.8338685 ], [ 9.1483511, 48.8338564 ], [ 9.1492108, 48.8339331 ], [ 9.1497985, 48.8339724 ], [ 9.1511703, 48.8340306 ], [ 9.151312, 48.8340677 ], [ 9.151422, 48.8341222 ], [ 9.1515225, 48.8342372 ], [ 9.15161, 48.8343756 ], [ 9.1516938, 48.8345502 ], [ 9.1517023, 48.8346995 ], [ 9.1516695, 48.8348394 ], [ 9.1515338, 48.8350057 ] ] ] } },
{ "type": "Feature", "properties": { "element": "way", "id": 327742891, "name": "Porsche Werk 1", "landuse": "industrial" }, "geometry": { "type": "Polygon", "coordinates": [ [ [ 9.1459361, 48.8335417 ], [ 9.1461954, 48.8334575 ], [ 9.1460578, 48.8334093 ], [ 9.1458148, 48.8333359 ], [ 9.1450432, 48.8331713 ], [ 9.1445506, 48.833058 ], [ 9.144379, 48.833013 ], [ 9.1440234, 48.8329198 ], [ 9.1433073, 48.832732 ], [ 9.142938, 48.8326222 ], [ 9.1426294, 48.8325304 ], [ 9.1422116, 48.8324061 ], [ 9.1419483, 48.8323278 ], [ 9.1405379, 48.8319375 ], [ 9.1398397, 48.831739 ], [ 9.1389141, 48.831478 ], [ 9.1377187, 48.8311362 ], [ 9.1376535, 48.8313307 ], [ 9.1391342, 48.8320269 ], [ 9.1400679, 48.8324859 ], [ 9.1404241, 48.8326537 ], [ 9.1412457, 48.8330657 ], [ 9.1415329, 48.8331815 ], [ 9.1419169, 48.8333365 ], [ 9.1437103, 48.8341281 ], [ 9.143963, 48.8342396 ], [ 9.1450183, 48.8346828 ], [ 9.1452006, 48.8344975 ], [ 9.1452448, 48.8344525 ], [ 9.1452308, 48.8343291 ], [ 9.1454674, 48.8340031 ], [ 9.145499, 48.8339595 ], [ 9.1455726, 48.8338033 ], [ 9.1457115, 48.8336629 ], [ 9.1458152, 48.833587 ], [ 9.1459361, 48.8335417 ] ] ] } },
{ "type": "Feature", "properties": { "element": "way", "id": 332674935, "name": "Felix Renner Transporte GmbH", "landuse": "industrial" }, "geometry": { "type": "Polygon", "coordinates": [ [ [ 9.15846, 48.7334437 ], [ 9.1586052, 48.7332413 ], [ 9.1588374, 48.733067 ], [ 9.1589038, 48.7330569 ], [ 9.158953, 48.7330493 ], [ 9.159053, 48.733116 ], [ 9.1586869, 48.7335294 ], [ 9.15846, 48.7334437 ] ] ] } },
{ "type": "Feature", "properties": { "element": "way", "id": 332674936, "name": "Lagerplatz Tiefbauamt Bauabteilung Filder 2", "landuse": "industrial" }, "geometry": { "type": "Polygon", "coordinates": [ [ [ 9.1579898, 48.7337023 ], [ 9.1583754, 48.7334117 ], [ 9.1584207, 48.7334288 ], [ 9.15846, 48.7334437 ], [ 9.1586869, 48.7335294 ], [ 9.1583603, 48.7339192 ], [ 9.1579898, 48.7337023 ] ] ] } },
{ "type": "Feature", "properties": { "element": "way", "id": 332674937, "name": "Otto Lober Stahlrohrgerüstbau GmbH", "landuse": "industrial" }, "geometry": { "type": "Polygon", "coordinates": [ [ [ 9.1579898, 48.7337023 ], [ 9.1583603, 48.7339192 ], [ 9.1584941, 48.7339974 ], [ 9.1583024, 48.734249 ], [ 9.1577561, 48.7339943 ], [ 9.1577475, 48.7339428 ], [ 9.157739, 48.7338915 ], [ 9.1579898, 48.7337023 ] ] ] } },
{ "type": "Feature", "properties": { "element": "way", "id": 334389644, "name": "Biogasanlage", "landuse": "industrial" }, "geometry": { "type": "Polygon", "coordinates": [ [ [ 9.2117076, 48.8643591 ], [ 9.2120717, 48.8645754 ], [ 9.2118511, 48.8646933 ], [ 9.211709, 48.8647634 ], [ 9.2115522, 48.8648419 ], [ 9.2113223, 48.8649185 ], [ 9.210907, 48.8650469 ], [ 9.2107008, 48.864777 ], [ 9.2108745, 48.8647082 ], [ 9.2113637, 48.8645278 ], [ 9.2117076, 48.8643591 ] ] ] } },
{ "type": "Feature", "properties": { "element": "way", "id": 335528249, "name": "Stuttgarter Hofbräu", "landuse": "industrial" }, "geometry": { "type": "Polygon", "coordinates": [ [ [ 9.1525549, 48.7620528 ], [ 9.1529862, 48.7623103 ], [ 9.1531038, 48.7623698 ], [ 9.1532348, 48.7624098 ], [ 9.153356, 48.7624313 ], [ 9.1535415, 48.762437 ], [ 9.1537052, 48.7624197 ], [ 9.1539018, 48.7623963 ], [ 9.1540713, 48.7623902 ], [ 9.1542358, 48.7623913 ], [ 9.154405, 48.7624054 ], [ 9.1546195, 48.7624364 ], [ 9.1549411, 48.7625018 ], [ 9.1551917, 48.7625798 ], [ 9.1553742, 48.7626631 ], [ 9.1555206, 48.762368 ], [ 9.1560507, 48.7624844 ], [ 9.1561214, 48.7623715 ], [ 9.156395, 48.7618464 ], [ 9.1548796, 48.7615317 ], [ 9.1536453, 48.761119 ], [ 9.1534, 48.7613697 ], [ 9.1533115, 48.7614578 ], [ 9.1533038, 48.7614834 ], [ 9.1529645, 48.7617227 ], [ 9.1527526, 48.7619684 ], [ 9.1525549, 48.7620528 ] ] ] } },
{ "type": "Feature", "properties": { "element": "way", "id": 340139034, "name": "Hans Scheffel Grabdenkmale GmbH", "landuse": "industrial" }, "geometry": { "type": "Polygon", "coordinates": [ [ [ 9.159053, 48.733116 ], [ 9.1591775, 48.7331886 ], [ 9.1584941, 48.7339974 ], [ 9.1583603, 48.7339192 ], [ 9.1586869, 48.7335294 ], [ 9.159053, 48.733116 ] ] ] } },
{ "type": "Feature", "properties": { "element": "way", "id": 346668640, "name": "Maulbronner Weg II", "landuse": "industrial" }, "geometry": { "type": "Polygon", "coordinates": [ [ [ 9.1032001, 48.9020566 ], [ 9.1034437, 48.9022766 ], [ 9.1034897, 48.9024642 ], [ 9.1035355, 48.9026187 ], [ 9.1035801, 48.9028298 ], [ 9.1035364, 48.903032 ], [ 9.1034465, 48.9033954 ], [ 9.1031426, 48.9038933 ], [ 9.1029042, 48.9041342 ], [ 9.1026078, 48.9043177 ], [ 9.1022403, 48.9044865 ], [ 9.1019173, 48.9045937 ], [ 9.1015082, 48.9046239 ], [ 9.1014091, 48.9046149 ], [ 9.1011693, 48.9045582 ], [ 9.1010321, 48.9044944 ], [ 9.1009829, 48.9044347 ], [ 9.1006538, 48.9040763 ], [ 9.1006211, 48.9040401 ], [ 9.0996693, 48.904076 ], [ 9.0989324, 48.904131 ], [ 9.0989253, 48.9040906 ], [ 9.0989129, 48.904021 ], [ 9.0987508, 48.9033384 ], [ 9.0987139, 48.9032023 ], [ 9.0986359, 48.9029088 ], [ 9.0997554, 48.9027173 ], [ 9.0998757, 48.903186 ], [ 9.1012432, 48.9028927 ], [ 9.1012874, 48.9029877 ], [ 9.1017398, 48.9028864 ], [ 9.1023302, 48.9026259 ], [ 9.1021877, 48.9024645 ], [ 9.1019289, 48.9022647 ], [ 9.1017675, 48.9022753 ], [ 9.1016409, 48.9019118 ], [ 9.1015632, 48.9017197 ], [ 9.1014864, 48.9015467 ], [ 9.1014085, 48.9014153 ], [ 9.1013494, 48.901336 ], [ 9.1012663, 48.9012549 ], [ 9.1011952, 48.9012046 ], [ 9.1011082, 48.9011538 ], [ 9.1009122, 48.9010477 ], [ 9.1007149, 48.9009477 ], [ 9.1003864, 48.9007886 ], [ 9.1003494, 48.9007431 ], [ 9.1004922, 48.9006444 ], [ 9.1002776, 48.9005228 ], [ 9.1001218, 48.9004317 ], [ 9.1011809, 48.8997227 ], [ 9.1013091, 48.8996391 ], [ 9.1017076, 48.900316 ], [ 9.1021553, 48.9009219 ], [ 9.1025664, 48.9013198 ], [ 9.1031136, 48.9019689 ], [ 9.1032001, 48.9020566 ] ] ] } },
{ "type": "Feature", "properties": { "element": "way", "id": 350343659, "name": null, "landuse": "industrial" }, "geometry": { "type": "Polygon", "coordinates": [ [ [ 9.1674639, 48.8165805 ], [ 9.1674745, 48.8160821 ], [ 9.1675553, 48.8160272 ], [ 9.1678869, 48.816028 ], [ 9.1678784, 48.8160834 ], [ 9.1679661, 48.8160852 ], [ 9.1679925, 48.8165658 ], [ 9.1674639, 48.8165805 ] ] ] } },
{ "type": "Feature", "properties": { "element": "way", "id": 364773300, "name": null, "landuse": "industrial" }, "geometry": { "type": "Polygon", "coordinates": [ [ [ 9.297845, 48.9478025 ], [ 9.2979972, 48.9479806 ], [ 9.298239, 48.9478769 ], [ 9.299085, 48.947535 ], [ 9.2992675, 48.9477842 ], [ 9.2994312, 48.9479247 ], [ 9.2986248, 48.9482891 ], [ 9.2985566, 48.9482257 ], [ 9.2977799, 48.9484545 ], [ 9.2976351, 48.9484972 ], [ 9.2972964, 48.9483455 ], [ 9.297481, 48.9479886 ], [ 9.297845, 48.9478025 ] ] ] } },
{ "type": "Feature", "properties": { "element": "way", "id": 366714357, "name": null, "landuse": "industrial" }, "geometry": { "type": "Polygon", "coordinates": [ [ [ 9.2726838, 48.9459523 ], [ 9.2723801, 48.945946 ], [ 9.2720032, 48.9459107 ], [ 9.2714378, 48.9457818 ], [ 9.270936, 48.9475778 ], [ 9.2713907, 48.9477696 ], [ 9.2718871, 48.947889 ], [ 9.272134, 48.9476523 ], [ 9.2729843, 48.9477341 ], [ 9.274242, 48.9478273 ], [ 9.2743213, 48.9476155 ], [ 9.2758924, 48.9477403 ], [ 9.2763094, 48.947722 ], [ 9.276074, 48.9472294 ], [ 9.2759948, 48.9469028 ], [ 9.2759049, 48.9463271 ], [ 9.2758888, 48.9462687 ], [ 9.2758486, 48.9462132 ], [ 9.2757967, 48.9461764 ], [ 9.2756809, 48.9461213 ], [ 9.2751565, 48.9459957 ], [ 9.2745467, 48.9458565 ], [ 9.2742634, 48.9458398 ], [ 9.2741145, 48.9457869 ], [ 9.2731583, 48.9456063 ], [ 9.2729236, 48.9456196 ], [ 9.2727815, 48.9458679 ], [ 9.2727426, 48.9459516 ], [ 9.2726838, 48.9459523 ] ] ] } },
{ "type": "Feature", "properties": { "element": "way", "id": 371882324, "name": "Neckaraue", "landuse": "industrial" }, "geometry": { "type": "Polygon", "coordinates": [ [ [ 9.2695238, 48.8898941 ], [ 9.2702723, 48.8889244 ], [ 9.2709437, 48.8879134 ], [ 9.2710153, 48.8878765 ], [ 9.2715859, 48.8870968 ], [ 9.2719645, 48.8866158 ], [ 9.2723492, 48.8862245 ], [ 9.2727601, 48.8858321 ], [ 9.2728088, 48.8858817 ], [ 9.2732669, 48.8860547 ], [ 9.2747061, 48.8867505 ], [ 9.2749994, 48.8869207 ], [ 9.2754154, 48.8870564 ], [ 9.2753433, 48.8871553 ], [ 9.275252, 48.8873033 ], [ 9.2749207, 48.8877645 ], [ 9.2750602, 48.8878174 ], [ 9.2746039, 48.888349 ], [ 9.274014, 48.8882016 ], [ 9.2736435, 48.8887479 ], [ 9.273967, 48.8888267 ], [ 9.2736698, 48.8892412 ], [ 9.2735264, 48.8894714 ], [ 9.2730867, 48.8895895 ], [ 9.2721221, 48.890024 ], [ 9.271951, 48.8900881 ], [ 9.2718695, 48.890081 ], [ 9.2717612, 48.8900386 ], [ 9.2716817, 48.8899925 ], [ 9.2716275, 48.8899065 ], [ 9.2714405, 48.8899266 ], [ 9.2715038, 48.8900968 ], [ 9.2715609, 48.8901849 ], [ 9.2715806, 48.8902603 ], [ 9.2715515, 48.8903216 ], [ 9.2714632, 48.8903917 ], [ 9.2713466, 48.8904385 ], [ 9.2711231, 48.8904801 ], [ 9.2709224, 48.8904757 ], [ 9.2707177, 48.8904218 ], [ 9.2703722, 48.890269 ], [ 9.2695238, 48.8898941 ] ] ] } },
{ "type": "Feature", "properties": { "element": "way", "id": 374071623, "name": null, "landuse": "industrial" }, "geometry": { "type": "Polygon", "coordinates": [ [ [ 9.2351066, 48.9789385 ], [ 9.2351643, 48.9790306 ], [ 9.2351784, 48.9793502 ], [ 9.2355384, 48.9793548 ], [ 9.2358019, 48.9793479 ], [ 9.2357687, 48.979334 ], [ 9.2357518, 48.9793189 ], [ 9.2357342, 48.9792182 ], [ 9.2356762, 48.9792078 ], [ 9.2355528, 48.9790761 ], [ 9.2353951, 48.9789385 ], [ 9.2352623, 48.9788841 ], [ 9.2351066, 48.9789385 ] ] ] } },
{ "type": "Feature", "properties": { "element": "way", "id": 374431656, "name": null, "landuse": "industrial" }, "geometry": { "type": "Polygon", "coordinates": [ [ [ 9.1587756, 48.9168644 ], [ 9.158724, 48.9166172 ], [ 9.1583707, 48.9166337 ], [ 9.1576639, 48.9166611 ], [ 9.1576593, 48.916554 ], [ 9.1565672, 48.9165725 ], [ 9.1565691, 48.9166037 ], [ 9.1560614, 48.9166136 ], [ 9.156147, 48.9168302 ], [ 9.1562177, 48.9170887 ], [ 9.1564978, 48.9179102 ], [ 9.1567357, 48.9179858 ], [ 9.1578085, 48.9180404 ], [ 9.1580824, 48.9180156 ], [ 9.1580861, 48.9179669 ], [ 9.1580886, 48.9179284 ], [ 9.1580916, 48.9178906 ], [ 9.1580942, 48.9178608 ], [ 9.1580981, 48.9178274 ], [ 9.158114, 48.9175978 ], [ 9.1581203, 48.9175148 ], [ 9.1582253, 48.9174963 ], [ 9.1583794, 48.9174579 ], [ 9.1584072, 48.91745 ], [ 9.1584722, 48.9174346 ], [ 9.1585342, 48.9174166 ], [ 9.1586094, 48.9173986 ], [ 9.1587212, 48.9173779 ], [ 9.1587842, 48.9173665 ], [ 9.1588584, 48.9173572 ], [ 9.1589255, 48.9173478 ], [ 9.1590048, 48.9173405 ], [ 9.159078, 48.9173338 ], [ 9.15914, 48.9173278 ], [ 9.1591969, 48.9173198 ], [ 9.1592558, 48.9173084 ], [ 9.1593097, 48.9172917 ], [ 9.1593605, 48.917273 ], [ 9.159392, 48.9172536 ], [ 9.1594205, 48.9172263 ], [ 9.1594306, 48.9172015 ], [ 9.1594337, 48.9171675 ], [ 9.1594317, 48.9171287 ], [ 9.1594205, 48.9170933 ], [ 9.159391, 48.9170633 ], [ 9.1593483, 48.9170399 ], [ 9.1592853, 48.9170172 ], [ 9.1592223, 48.9170018 ], [ 9.1591583, 48.9169925 ], [ 9.1590942, 48.9169838 ], [ 9.1588584, 48.9169925 ], [ 9.158829, 48.9169958 ], [ 9.1588066, 48.9170025 ], [ 9.1587756, 48.9168644 ] ] ] } },
{ "type": "Feature", "properties": { "element": "way", "id": 375497696, "name": "Fellbach-Ost", "landuse": "industrial" }, "geometry": { "type": "Polygon", "coordinates": [ [ [ 9.2712553, 48.8251725 ], [ 9.27151, 48.8248576 ], [ 9.271759, 48.8247648 ], [ 9.2725998, 48.824649 ], [ 9.2726238, 48.8232344 ], [ 9.2727958, 48.8232113 ], [ 9.2726728, 48.8227209 ], [ 9.271478, 48.822898 ], [ 9.27148, 48.8225662 ], [ 9.2719442, 48.8212918 ], [ 9.2740426, 48.8216224 ], [ 9.2770508, 48.8223928 ], [ 9.277118, 48.8226082 ], [ 9.2776475, 48.8226129 ], [ 9.2780042, 48.8226485 ], [ 9.2797577, 48.8230067 ], [ 9.2805199, 48.8232165 ], [ 9.2819641, 48.82357 ], [ 9.282103, 48.8236616 ], [ 9.2840396, 48.8240238 ], [ 9.2845939, 48.8241195 ], [ 9.2847886, 48.824251 ], [ 9.2849613, 48.8242817 ], [ 9.2861013, 48.8243497 ], [ 9.2863379, 48.8243777 ], [ 9.2860011, 48.8247015 ], [ 9.2856492, 48.8249341 ], [ 9.2850011, 48.8252277 ], [ 9.2843898, 48.8253714 ], [ 9.2840467, 48.8254471 ], [ 9.2838604, 48.8254882 ], [ 9.2818255, 48.8258463 ], [ 9.279582, 48.8261753 ], [ 9.2792799, 48.8262187 ], [ 9.2776452, 48.8264615 ], [ 9.2764081, 48.8266621 ], [ 9.2756526, 48.8267232 ], [ 9.2751799, 48.8267087 ], [ 9.2748132, 48.8266738 ], [ 9.273803, 48.8264893 ], [ 9.2730658, 48.8262526 ], [ 9.2725614, 48.8259958 ], [ 9.2718191, 48.8254835 ], [ 9.2712553, 48.8251725 ] ] ] } },
{ "type": "Feature", "properties": { "element": "way", "id": 378237426, "name": null, "landuse": "industrial" }, "geometry": { "type": "Polygon", "coordinates": [ [ [ 9.2918119, 48.7416184 ], [ 9.292009, 48.7416322 ], [ 9.2925101, 48.7418346 ], [ 9.2927771, 48.7419695 ], [ 9.2930197, 48.7421127 ], [ 9.293017, 48.7421391 ], [ 9.2930074, 48.7421558 ], [ 9.2927612, 48.7421016 ], [ 9.2927293, 48.7421915 ], [ 9.2926807, 48.7423462 ], [ 9.292445, 48.7423191 ], [ 9.2916878, 48.7422352 ], [ 9.2916115, 48.7422282 ], [ 9.2916366, 48.7421485 ], [ 9.2918119, 48.7416184 ] ] ] } },
{ "type": "Feature", "properties": { "element": "way", "id": 379480313, "name": "Untere Wörth", "landuse": "industrial" }, "geometry": { "type": "Polygon", "coordinates": [ [ [ 9.2226084, 48.9462952 ], [ 9.2220778, 48.9467382 ], [ 9.2220945, 48.9467842 ], [ 9.2214617, 48.9473572 ], [ 9.2224514, 48.947854 ], [ 9.2226482, 48.9479317 ], [ 9.2230769, 48.948131 ], [ 9.2234285, 48.9484816 ], [ 9.2240215, 48.9487794 ], [ 9.2240017, 48.9488026 ], [ 9.2256843, 48.949303 ], [ 9.2257974, 48.9493269 ], [ 9.2259022, 48.9493303 ], [ 9.2259878, 48.9493249 ], [ 9.226095, 48.949305 ], [ 9.2261907, 48.9492726 ], [ 9.2262951, 48.9491957 ], [ 9.2262249, 48.9491593 ], [ 9.2269706, 48.9484674 ], [ 9.2270777, 48.948368 ], [ 9.2271076, 48.9482954 ], [ 9.2270525, 48.948235 ], [ 9.2268551, 48.9481567 ], [ 9.2265837, 48.9481574 ], [ 9.2262033, 48.9479817 ], [ 9.2254726, 48.9476697 ], [ 9.2246865, 48.9473872 ], [ 9.2243008, 48.94724 ], [ 9.2241384, 48.9470697 ], [ 9.2238917, 48.9469495 ], [ 9.2237168, 48.9468634 ], [ 9.2234587, 48.9467478 ], [ 9.223388, 48.9467162 ], [ 9.2233946, 48.9466861 ], [ 9.2233729, 48.9466583 ], [ 9.2230125, 48.9464841 ], [ 9.2228177, 48.9463942 ], [ 9.2227131, 48.9463447 ], [ 9.2226084, 48.9462952 ] ] ] } },
{ "type": "Feature", "properties": { "element": "way", "id": 380532064, "name": null, "landuse": "industrial" }, "geometry": { "type": "Polygon", "coordinates": [ [ [ 9.0622893, 48.8252174 ], [ 9.0625986, 48.8247917 ], [ 9.0632707, 48.8250092 ], [ 9.0636009, 48.8246097 ], [ 9.063305, 48.8244618 ], [ 9.063039, 48.8242979 ], [ 9.0628276, 48.8241336 ], [ 9.0624518, 48.8237805 ], [ 9.0623486, 48.8236807 ], [ 9.062262, 48.8236287 ], [ 9.0621652, 48.8235985 ], [ 9.0619851, 48.8235707 ], [ 9.0615173, 48.8235305 ], [ 9.0610976, 48.8234695 ], [ 9.0605339, 48.824099 ], [ 9.0605695, 48.8241144 ], [ 9.0607743, 48.8244093 ], [ 9.0607333, 48.8245776 ], [ 9.0608113, 48.8247541 ], [ 9.0615186, 48.8250202 ], [ 9.0622893, 48.8252174 ] ] ] } },
{ "type": "Feature", "properties": { "element": "way", "id": 380735482, "name": null, "landuse": "industrial" }, "geometry": { "type": "Polygon", "coordinates": [ [ [ 9.0728974, 48.8230094 ], [ 9.0729059, 48.8229716 ], [ 9.0727824, 48.8229034 ], [ 9.0727285, 48.8228513 ], [ 9.0725765, 48.8228939 ], [ 9.0725316, 48.8228322 ], [ 9.0723713, 48.8225888 ], [ 9.0721147, 48.8223504 ], [ 9.0720146, 48.8221807 ], [ 9.0719555, 48.8219814 ], [ 9.0725063, 48.8219188 ], [ 9.0730705, 48.8218755 ], [ 9.0740553, 48.821794 ], [ 9.0754583, 48.8216833 ], [ 9.0757577, 48.8216673 ], [ 9.0758404, 48.8217408 ], [ 9.0759093, 48.8222729 ], [ 9.075934, 48.8224308 ], [ 9.0759915, 48.8224686 ], [ 9.0760467, 48.8226839 ], [ 9.0760669, 48.8228619 ], [ 9.0760656, 48.8229567 ], [ 9.0758353, 48.8230454 ], [ 9.0751429, 48.8231178 ], [ 9.0747788, 48.8231424 ], [ 9.0745569, 48.8231938 ], [ 9.073748, 48.8231656 ], [ 9.0735857, 48.8231493 ], [ 9.0728974, 48.8230094 ] ] ] } },
{ "type": "Feature", "properties": { "element": "way", "id": 381442669, "name": "Betriebshof Stadt Ditzingen", "landuse": "industrial" }, "geometry": { "type": "Polygon", "coordinates": [ [ [ 9.0595672, 48.8238205 ], [ 9.0600065, 48.8232722 ], [ 9.0593876, 48.8231497 ], [ 9.0591407, 48.8230743 ], [ 9.0587571, 48.8229571 ], [ 9.0577809, 48.8226387 ], [ 9.0576639, 48.8227741 ], [ 9.0578413, 48.8228513 ], [ 9.0581576, 48.8229311 ], [ 9.0585176, 48.8231949 ], [ 9.0588575, 48.8235214 ], [ 9.0591372, 48.8236905 ], [ 9.059458, 48.8238007 ], [ 9.0595672, 48.8238205 ] ] ] } },
{ "type": "Feature", "properties": { "element": "way", "id": 381473183, "name": null, "landuse": "industrial" }, "geometry": { "type": "Polygon", "coordinates": [ [ [ 9.0540718, 48.8017242 ], [ 9.053914, 48.8008885 ], [ 9.0535742, 48.8009471 ], [ 9.0533915, 48.8010542 ], [ 9.0524111, 48.8004028 ], [ 9.0520087, 48.8006118 ], [ 9.0516232, 48.8003612 ], [ 9.052548, 48.7998359 ], [ 9.0533572, 48.8002753 ], [ 9.0535351, 48.8003006 ], [ 9.0533616, 48.7997469 ], [ 9.0546102, 48.7996703 ], [ 9.0561899, 48.7992762 ], [ 9.0570667, 48.8004956 ], [ 9.0576681, 48.8012687 ], [ 9.0560882, 48.8017051 ], [ 9.0560894, 48.8017889 ], [ 9.0561203, 48.8019256 ], [ 9.0552839, 48.8021242 ], [ 9.055189, 48.8019593 ], [ 9.0542665, 48.8022091 ], [ 9.0540718, 48.8017242 ] ] ] } },
{ "type": "Feature", "properties": { "element": "way", "id": 383386782, "name": "mateco GmbH", "landuse": "industrial" }, "geometry": { "type": "Polygon", "coordinates": [ [ [ 9.2141354, 48.8177058 ], [ 9.2143244, 48.8177064 ], [ 9.2147119, 48.8176127 ], [ 9.2148172, 48.8175522 ], [ 9.2150493, 48.8174187 ], [ 9.2151641, 48.8173527 ], [ 9.2149936, 48.8172406 ], [ 9.2143926, 48.8169001 ], [ 9.2141948, 48.8170514 ], [ 9.2140234, 48.8169524 ], [ 9.2138676, 48.8170627 ], [ 9.2137881, 48.8171191 ], [ 9.2134659, 48.8171177 ], [ 9.2134658, 48.8173961 ], [ 9.2138479, 48.8173979 ], [ 9.2138479, 48.8175015 ], [ 9.2139256, 48.8175044 ], [ 9.2139239, 48.8177043 ], [ 9.2141354, 48.8177058 ] ] ] } },
{ "type": "Feature", "properties": { "element": "way", "id": 383731676, "name": null, "landuse": "industrial" }, "geometry": { "type": "Polygon", "coordinates": [ [ [ 9.1268629, 48.8278671 ], [ 9.1269034, 48.8278041 ], [ 9.127041, 48.8275923 ], [ 9.1271307, 48.8274824 ], [ 9.1278348, 48.8276738 ], [ 9.1295159, 48.8279534 ], [ 9.1312173, 48.8282765 ], [ 9.1340938, 48.8286831 ], [ 9.1342643, 48.8288228 ], [ 9.1344683, 48.8299556 ], [ 9.1294555, 48.8286958 ], [ 9.1292847, 48.8286517 ], [ 9.1283305, 48.8283288 ], [ 9.128369, 48.8282406 ], [ 9.1268629, 48.8278671 ] ] ] } },
{ "type": "Feature", "properties": { "element": "way", "id": 384321257, "name": null, "landuse": "industrial" }, "geometry": { "type": "Polygon", "coordinates": [ [ [ 9.0695626, 48.8801056 ], [ 9.0694123, 48.8800033 ], [ 9.0689475, 48.8793308 ], [ 9.0695659, 48.879266 ], [ 9.069793, 48.8792192 ], [ 9.0700846, 48.8790954 ], [ 9.0703085, 48.8789331 ], [ 9.0705571, 48.8787004 ], [ 9.0706114, 48.8786051 ], [ 9.0706516, 48.8784805 ], [ 9.0706591, 48.8783541 ], [ 9.0709361, 48.8783875 ], [ 9.0709092, 48.8787785 ], [ 9.0708497, 48.8790192 ], [ 9.0708227, 48.8792915 ], [ 9.0705703, 48.8794339 ], [ 9.0701973, 48.8796317 ], [ 9.0699332, 48.8798181 ], [ 9.0696645, 48.8800441 ], [ 9.0695626, 48.8801056 ] ] ] } },
{ "type": "Feature", "properties": { "element": "way", "id": 385063196, "name": "Julius Bach Bauunternehmung GmbH", "landuse": "industrial" }, "geometry": { "type": "Polygon", "coordinates": [ [ [ 9.1218475, 48.7214191 ], [ 9.121758, 48.7213072 ], [ 9.1216862, 48.7212176 ], [ 9.1215231, 48.7210358 ], [ 9.1213628, 48.7208521 ], [ 9.1205321, 48.7212225 ], [ 9.1206117, 48.7213678 ], [ 9.1205433, 48.7213946 ], [ 9.1204253, 48.7214512 ], [ 9.1204984, 48.7215246 ], [ 9.1200481, 48.7217182 ], [ 9.1202297, 48.7218906 ], [ 9.1203877, 48.7219308 ], [ 9.1204636, 48.7219349 ], [ 9.1205706, 48.7219242 ], [ 9.1207503, 48.7218833 ], [ 9.120876, 48.7218546 ], [ 9.1211032, 48.7218029 ], [ 9.1212131, 48.7217778 ], [ 9.121703, 48.7216662 ], [ 9.121796, 48.721645 ], [ 9.1219567, 48.7216084 ], [ 9.1218475, 48.7214191 ] ] ] } },
{ "type": "Feature", "properties": { "element": "way", "id": 385198342, "name": "Dinkelacker Schwaben Bräu", "landuse": "industrial" }, "geometry": { "type": "Polygon", "coordinates": [ [ [ 9.1480385, 48.7560621 ], [ 9.1482693, 48.7561442 ], [ 9.1482485, 48.7561696 ], [ 9.1481597, 48.7562782 ], [ 9.1481443, 48.7562971 ], [ 9.1481141, 48.7563297 ], [ 9.148173, 48.7567935 ], [ 9.1481457, 48.756795 ], [ 9.1481183, 48.7567966 ], [ 9.14808, 48.7564946 ], [ 9.1480645, 48.756488 ], [ 9.1479641, 48.7564448 ], [ 9.1477934, 48.7563716 ], [ 9.1473128, 48.7561656 ], [ 9.1473616, 48.7560929 ], [ 9.1473851, 48.7560578 ], [ 9.1471556, 48.7559798 ], [ 9.1478446, 48.7559931 ], [ 9.1480385, 48.7560621 ] ] ] } },
{ "type": "Feature", "properties": { "element": "way", "id": 385198359, "name": "Tiefbauamt Bauabteilung Mitte Bezirksstelle 1 Bauhof", "landuse": "industrial" }, "geometry": { "type": "Polygon", "coordinates": [ [ [ 9.1466754, 48.7564247 ], [ 9.1467171, 48.75643 ], [ 9.1467836, 48.7564385 ], [ 9.1468066, 48.7563888 ], [ 9.1469546, 48.7564185 ], [ 9.1469592, 48.7564086 ], [ 9.1469992, 48.7563221 ], [ 9.1471563, 48.7563536 ], [ 9.1471763, 48.7563163 ], [ 9.1472142, 48.7563254 ], [ 9.1472363, 48.7562797 ], [ 9.1473128, 48.7561656 ], [ 9.1473317, 48.7561374 ], [ 9.1473616, 48.7560929 ], [ 9.1473851, 48.7560578 ], [ 9.1471556, 48.7559798 ], [ 9.1470184, 48.7559332 ], [ 9.1468947, 48.7558945 ], [ 9.1469479, 48.7557741 ], [ 9.1469271, 48.7557648 ], [ 9.1468353, 48.7557549 ], [ 9.1467434, 48.7557449 ], [ 9.1465839, 48.7557505 ], [ 9.1464869, 48.7559976 ], [ 9.14641, 48.7562086 ], [ 9.1464061, 48.7562172 ], [ 9.1467206, 48.7562702 ], [ 9.1467099, 48.7563068 ], [ 9.1466831, 48.7563985 ], [ 9.1466754, 48.7564247 ] ] ] } },
{ "type": "Feature", "properties": { "element": "way", "id": 385245014, "name": "Recycling-Hof", "landuse": "industrial" }, "geometry": { "type": "Polygon", "coordinates": [ [ [ 9.1674599, 48.8625049 ], [ 9.1672238, 48.8615518 ], [ 9.1670693, 48.8615576 ], [ 9.1669906, 48.8612891 ], [ 9.1675483, 48.8612481 ], [ 9.1676514, 48.8612428 ], [ 9.1682644, 48.8612431 ], [ 9.1686521, 48.8613447 ], [ 9.1687279, 48.8616477 ], [ 9.1692383, 48.8616867 ], [ 9.1699028, 48.8623458 ], [ 9.1699026, 48.862409 ], [ 9.1698268, 48.8624224 ], [ 9.16917, 48.862408 ], [ 9.1688705, 48.8624074 ], [ 9.1674599, 48.8625049 ] ] ] } },
{ "type": "Feature", "properties": { "element": "way", "id": 388297167, "name": null, "landuse": "industrial" }, "geometry": { "type": "Polygon", "coordinates": [ [ [ 9.1675219, 48.9123687 ], [ 9.1675365, 48.9123151 ], [ 9.1683141, 48.9117051 ], [ 9.1684496, 48.9116117 ], [ 9.1686146, 48.9115597 ], [ 9.1709033, 48.9114876 ], [ 9.1709796, 48.9126838 ], [ 9.1706952, 48.9127772 ], [ 9.1706778, 48.912949 ], [ 9.1701193, 48.9129285 ], [ 9.169599, 48.9129171 ], [ 9.1695668, 48.9124124 ], [ 9.1691207, 48.9124066 ], [ 9.16843, 48.9128986 ], [ 9.1680489, 48.9130341 ], [ 9.1679797, 48.912947 ], [ 9.1678525, 48.9127319 ], [ 9.1675219, 48.9123687 ] ] ] } },
{ "type": "Feature", "properties": { "element": "way", "id": 388600785, "name": null, "landuse": "industrial" }, "geometry": { "type": "Polygon", "coordinates": [ [ [ 9.1869709, 48.8127545 ], [ 9.1872035, 48.8127593 ], [ 9.1871956, 48.8129234 ], [ 9.186963, 48.8129185 ], [ 9.1869709, 48.8127545 ] ] ] } },
{ "type": "Feature", "properties": { "element": "way", "id": 389316388, "name": "Sicherheitshafen Bad Cannstatt", "landuse": "industrial" }, "geometry": { "type": "Polygon", "coordinates": [ [ [ 9.2278992, 48.8173543 ], [ 9.2279869, 48.8173197 ], [ 9.228033, 48.8172279 ], [ 9.2280896, 48.8170185 ], [ 9.2280378, 48.8169797 ], [ 9.2280411, 48.816964 ], [ 9.2280696, 48.8169492 ], [ 9.2284313, 48.8168843 ], [ 9.2284427, 48.8168872 ], [ 9.228591, 48.8168646 ], [ 9.2286111, 48.8169215 ], [ 9.2286961, 48.816906 ], [ 9.2287775, 48.8168908 ], [ 9.2289142, 48.8168661 ], [ 9.2293175, 48.8167862 ], [ 9.2293828, 48.8168137 ], [ 9.2294481, 48.8169501 ], [ 9.229506, 48.8171606 ], [ 9.229506, 48.8173692 ], [ 9.2294697, 48.8174259 ], [ 9.2292923, 48.8179989 ], [ 9.2289542, 48.8189111 ], [ 9.2288759, 48.818897 ], [ 9.2292216, 48.8179903 ], [ 9.2293259, 48.8176905 ], [ 9.2294134, 48.8173967 ], [ 9.22889, 48.8173439 ], [ 9.2287534, 48.8178167 ], [ 9.228673, 48.81781 ], [ 9.22862, 48.817936 ], [ 9.228558, 48.81805 ], [ 9.228482, 48.818172 ], [ 9.228463, 48.818199 ], [ 9.228425, 48.818233 ], [ 9.2278992, 48.8173543 ] ] ] } },
{ "type": "Feature", "properties": { "element": "way", "id": 389370165, "name": null, "landuse": "industrial" }, "geometry": { "type": "Polygon", "coordinates": [ [ [ 9.2249168, 48.822391 ], [ 9.2249564, 48.8224264 ], [ 9.2249954, 48.822431 ], [ 9.2253139, 48.8222157 ], [ 9.2252873, 48.8221976 ], [ 9.2251284, 48.822093 ], [ 9.2250644, 48.8221337 ], [ 9.2251836, 48.8222194 ], [ 9.2249168, 48.822391 ] ] ] } },
{ "type": "Feature", "properties": { "element": "way", "id": 389430775, "name": "Lauster-Areal", "landuse": "industrial" }, "geometry": { "type": "Polygon", "coordinates": [ [ [ 9.2180999, 48.8165294 ], [ 9.2181019, 48.8166701 ], [ 9.2180882, 48.8168009 ], [ 9.2180261, 48.8169745 ], [ 9.2179108, 48.8171938 ], [ 9.2177577, 48.8173777 ], [ 9.2173875, 48.8176752 ], [ 9.2174473, 48.8177265 ], [ 9.2176126, 48.8176911 ], [ 9.2181861, 48.8180135 ], [ 9.2182578, 48.8181414 ], [ 9.2184844, 48.8183256 ], [ 9.218191, 48.8187005 ], [ 9.2186006, 48.8183394 ], [ 9.2191036, 48.8181804 ], [ 9.2196843, 48.8175382 ], [ 9.2198526, 48.8173534 ], [ 9.2200608, 48.8171245 ], [ 9.2201337, 48.8170445 ], [ 9.2201109, 48.8170376 ], [ 9.2199314, 48.8169106 ], [ 9.2199717, 48.8168321 ], [ 9.2199895, 48.8168062 ], [ 9.2199297, 48.8166852 ], [ 9.2200755, 48.8165382 ], [ 9.2202172, 48.8163819 ], [ 9.2201545, 48.8162158 ], [ 9.220289, 48.8160317 ], [ 9.220137, 48.8159747 ], [ 9.2201178, 48.8159322 ], [ 9.2200384, 48.815865 ], [ 9.2195292, 48.8156531 ], [ 9.2195048, 48.81566 ], [ 9.2194465, 48.8156385 ], [ 9.2194067, 48.8156238 ], [ 9.2193946, 48.8156025 ], [ 9.2193012, 48.8155653 ], [ 9.2191815, 48.8155235 ], [ 9.2191495, 48.8155612 ], [ 9.2190542, 48.8155348 ], [ 9.2189589, 48.8155083 ], [ 9.2188503, 48.8156061 ], [ 9.2185579, 48.815775 ], [ 9.2181882, 48.815661 ], [ 9.2180244, 48.8155945 ], [ 9.2179312, 48.8155977 ], [ 9.2177001, 48.8157257 ], [ 9.2176712, 48.8157411 ], [ 9.2176955, 48.8157834 ], [ 9.2178543, 48.8159548 ], [ 9.2180221, 48.816221 ], [ 9.2180778, 48.8163902 ], [ 9.2180999, 48.8165294 ] ] ] } },
{ "type": "Feature", "properties": { "element": "way", "id": 389629787, "name": "Tiefbauamt Mitte/Nord Baubetriebsstelle Westbahnhof", "landuse": "industrial" }, "geometry": { "type": "Polygon", "coordinates": [ [ [ 9.1391156, 48.7688877 ], [ 9.1389484, 48.7688357 ], [ 9.1391683, 48.7684716 ], [ 9.1392226, 48.7684393 ], [ 9.1393075, 48.7684574 ], [ 9.1393895, 48.7684748 ], [ 9.1394625, 48.7684945 ], [ 9.1394047, 48.7685874 ], [ 9.139397, 48.7685957 ], [ 9.1393816, 48.7686208 ], [ 9.1393174, 48.7687254 ], [ 9.1392029, 48.7689111 ], [ 9.1391156, 48.7688877 ] ] ] } },
{ "type": "Feature", "properties": { "element": "way", "id": 389865618, "name": null, "landuse": "industrial" }, "geometry": { "type": "Polygon", "coordinates": [ [ [ 9.1074839, 48.8134523 ], [ 9.1069774, 48.8134343 ], [ 9.1067289, 48.8134256 ], [ 9.106494, 48.8135582 ], [ 9.1063404, 48.8144451 ], [ 9.1061435, 48.8154884 ], [ 9.1071446, 48.8155184 ], [ 9.1071604, 48.815372 ], [ 9.1076903, 48.8153827 ], [ 9.1075562, 48.8148083 ], [ 9.1079288, 48.8148149 ], [ 9.1078281, 48.8144616 ], [ 9.1075467, 48.814462 ], [ 9.1074188, 48.8137155 ], [ 9.1074839, 48.8134523 ] ] ] } },
{ "type": "Feature", "properties": { "element": "way", "id": 389911296, "name": "Strombergstraße", "landuse": "industrial" }, "geometry": { "type": "Polygon", "coordinates": [ [ [ 9.1613671, 48.8984201 ], [ 9.1613901, 48.898947 ], [ 9.1613926, 48.899004 ], [ 9.1613972, 48.8991099 ], [ 9.161455, 48.8997452 ], [ 9.1616236, 48.8997367 ], [ 9.1618297, 48.8997255 ], [ 9.162208, 48.899705 ], [ 9.1653161, 48.8995514 ], [ 9.1652987, 48.899469 ], [ 9.1652432, 48.8991079 ], [ 9.1652792, 48.8989001 ], [ 9.1653002, 48.8987358 ], [ 9.165347, 48.8983705 ], [ 9.1613671, 48.8984201 ] ] ] } },
{ "type": "Feature", "properties": { "element": "way", "id": 390638562, "name": "Gewerbepark Eichwald (Süderweiterung)", "landuse": "industrial" }, "geometry": { "type": "Polygon", "coordinates": [ [ [ 9.0566264, 48.9508995 ], [ 9.0565118, 48.9506547 ], [ 9.0564211, 48.9505523 ], [ 9.0563054, 48.9504474 ], [ 9.0561847, 48.9503642 ], [ 9.0561395, 48.950306 ], [ 9.0561439, 48.9502493 ], [ 9.0562426, 48.9501184 ], [ 9.0550486, 48.9479653 ], [ 9.0534757, 48.9479655 ], [ 9.048564, 48.947914 ], [ 9.0485647, 48.947987 ], [ 9.0485777, 48.9480685 ], [ 9.0486427, 48.9480752 ], [ 9.0486448, 48.9501156 ], [ 9.0486382, 48.9501899 ], [ 9.0488179, 48.9502798 ], [ 9.0488391, 48.9503739 ], [ 9.0488834, 48.9503713 ], [ 9.0490537, 48.9504215 ], [ 9.0506648, 48.9506157 ], [ 9.0523186, 48.9507989 ], [ 9.0533044, 48.9508886 ], [ 9.0547836, 48.9509895 ], [ 9.0552168, 48.9510062 ], [ 9.0559795, 48.9510019 ], [ 9.0561744, 48.9510113 ], [ 9.056413, 48.9510049 ], [ 9.0565359, 48.950996 ], [ 9.0566045, 48.9509653 ], [ 9.0566264, 48.9508995 ] ] ] } },
{ "type": "Feature", "properties": { "element": "way", "id": 391123184, "name": null, "landuse": "industrial" }, "geometry": { "type": "Polygon", "coordinates": [ [ [ 9.2320883, 48.8395633 ], [ 9.2323985, 48.8396851 ], [ 9.2324458, 48.8396155 ], [ 9.2323665, 48.839555 ], [ 9.2321286, 48.8394928 ], [ 9.2320883, 48.8395633 ] ] ] } },
{ "type": "Feature", "properties": { "element": "way", "id": 392271689, "name": null, "landuse": "industrial" }, "geometry": { "type": "Polygon", "coordinates": [ [ [ 9.1591283, 48.7234011 ], [ 9.1591185, 48.7233564 ], [ 9.1590343, 48.7229659 ], [ 9.159548, 48.7226578 ], [ 9.1595966, 48.7227832 ], [ 9.1600097, 48.7224334 ], [ 9.1601577, 48.7231854 ], [ 9.1591283, 48.7234011 ] ] ] } },
{ "type": "Feature", "properties": { "element": "way", "id": 395561006, "name": null, "landuse": "industrial" }, "geometry": { "type": "Polygon", "coordinates": [ [ [ 9.2274771, 48.9277882 ], [ 9.2276182, 48.9268384 ], [ 9.2276345, 48.9267242 ], [ 9.2273705, 48.9267115 ], [ 9.2274094, 48.9264216 ], [ 9.2274176, 48.9263608 ], [ 9.2273211, 48.9263292 ], [ 9.2272246, 48.9262976 ], [ 9.2263106, 48.9262628 ], [ 9.2260642, 48.9274454 ], [ 9.2266917, 48.9276312 ], [ 9.2274771, 48.9277882 ] ] ] } },
{ "type": "Feature", "properties": { "element": "way", "id": 395561013, "name": null, "landuse": "industrial" }, "geometry": { "type": "Polygon", "coordinates": [ [ [ 9.2306297, 48.9260508 ], [ 9.2305625, 48.9253978 ], [ 9.2306151, 48.9252665 ], [ 9.2307939, 48.9248202 ], [ 9.2318936, 48.9250729 ], [ 9.2314652, 48.9260413 ], [ 9.2306297, 48.9260508 ] ] ] } },
{ "type": "Feature", "properties": { "element": "way", "id": 397374286, "name": "Liegenschaftsamt Weingut", "landuse": "industrial" }, "geometry": { "type": "Polygon", "coordinates": [ [ [ 9.2145595, 48.8151205 ], [ 9.2148061, 48.8149464 ], [ 9.2148577, 48.8149099 ], [ 9.2150381, 48.8147825 ], [ 9.2150724, 48.8147592 ], [ 9.2150958, 48.8147417 ], [ 9.2153776, 48.8149058 ], [ 9.2148809, 48.8153049 ], [ 9.2148762, 48.8153021 ], [ 9.2147738, 48.8152435 ], [ 9.2147482, 48.8152285 ], [ 9.2147397, 48.8152235 ], [ 9.2145595, 48.8151205 ] ] ] } },
{ "type": "Feature", "properties": { "element": "way", "id": 397374287, "name": "Weingärtner Bad Cannstatt eG", "landuse": "industrial" }, "geometry": { "type": "Polygon", "coordinates": [ [ [ 9.2145595, 48.8151205 ], [ 9.2145203, 48.8151015 ], [ 9.2144644, 48.8147359 ], [ 9.2144502, 48.814637 ], [ 9.2141993, 48.814483 ], [ 9.2141106, 48.8144269 ], [ 9.2140831, 48.8144095 ], [ 9.2140469, 48.8143866 ], [ 9.2140682, 48.8143718 ], [ 9.2140895, 48.8143569 ], [ 9.2142818, 48.8142208 ], [ 9.2150958, 48.8147417 ], [ 9.2150724, 48.8147592 ], [ 9.2150381, 48.8147825 ], [ 9.2148577, 48.8149099 ], [ 9.2148061, 48.8149464 ], [ 9.2145595, 48.8151205 ] ] ] } },
{ "type": "Feature", "properties": { "element": "way", "id": 397374313, "name": null, "landuse": "industrial" }, "geometry": { "type": "Polygon", "coordinates": [ [ [ 9.2130873, 48.8122475 ], [ 9.2132607, 48.8123751 ], [ 9.2134442, 48.8124885 ], [ 9.2133917, 48.8125253 ], [ 9.2133779, 48.8125337 ], [ 9.2134074, 48.8125494 ], [ 9.2134344, 48.8125637 ], [ 9.213411, 48.81259 ], [ 9.2137004, 48.8127679 ], [ 9.2136209, 48.812829 ], [ 9.2132943, 48.8126701 ], [ 9.2132612, 48.8126933 ], [ 9.2132043, 48.8126399 ], [ 9.2128848, 48.8122865 ], [ 9.2129345, 48.8122582 ], [ 9.2129465, 48.8122512 ], [ 9.2130067, 48.8122957 ], [ 9.2130576, 48.8122658 ], [ 9.2130873, 48.8122475 ] ] ] } },
{ "type": "Feature", "properties": { "element": "way", "id": 398676451, "name": null, "landuse": "industrial" }, "geometry": { "type": "Polygon", "coordinates": [ [ [ 9.3075046, 48.7034493 ], [ 9.3079519, 48.7031288 ], [ 9.3077946, 48.7030588 ], [ 9.3076393, 48.7029566 ], [ 9.3073472, 48.7027594 ], [ 9.3069157, 48.7031087 ], [ 9.3075046, 48.7034493 ] ] ] } },
{ "type": "Feature", "properties": { "element": "way", "id": 404417963, "name": null, "landuse": "industrial" }, "geometry": { "type": "Polygon", "coordinates": [ [ [ 9.092822, 48.8291373 ], [ 9.0945188, 48.8293618 ], [ 9.0948357, 48.8288343 ], [ 9.0951227, 48.8283752 ], [ 9.095297, 48.8279338 ], [ 9.0953775, 48.8275983 ], [ 9.093795, 48.8275277 ], [ 9.0930037, 48.8275241 ], [ 9.0929125, 48.8275595 ], [ 9.0928911, 48.8276477 ], [ 9.0928562, 48.8280362 ], [ 9.0928294, 48.8288767 ], [ 9.092822, 48.8291373 ] ] ] } },
{ "type": "Feature", "properties": { "element": "way", "id": 409548155, "name": "Baustelleneinrichtungsfläche", "landuse": "industrial" }, "geometry": { "type": "Polygon", "coordinates": [ [ [ 9.1864482, 48.7903507 ], [ 9.1864513, 48.7903918 ], [ 9.1864022, 48.7903902 ], [ 9.1862728, 48.7903847 ], [ 9.1848626, 48.7903971 ], [ 9.1847119, 48.79025 ], [ 9.184146, 48.7895684 ], [ 9.1842066, 48.7893884 ], [ 9.1851245, 48.7890226 ], [ 9.1852262, 48.7889781 ], [ 9.1852972, 48.7891441 ], [ 9.1855638, 48.7894321 ], [ 9.1858924, 48.7897362 ], [ 9.1859788, 48.7898068 ], [ 9.1859691, 48.7898262 ], [ 9.1859554, 48.7898822 ], [ 9.1859716, 48.789938 ], [ 9.18603, 48.789996 ], [ 9.186146, 48.7900833 ], [ 9.1862333, 48.7901513 ], [ 9.1863732, 48.7902526 ], [ 9.1864088, 48.7902984 ], [ 9.1864482, 48.7903507 ] ] ] } },
{ "type": "Feature", "properties": { "element": "way", "id": 410838174, "name": "Hochwasserbehälter Wannenstraße", "landuse": "industrial" }, "geometry": { "type": "Polygon", "coordinates": [ [ [ 9.159532, 48.766071 ], [ 9.1599291, 48.7656675 ], [ 9.1605738, 48.7659432 ], [ 9.1601768, 48.7663467 ], [ 9.1599257, 48.7662394 ], [ 9.159532, 48.766071 ] ] ] } },
{ "type": "Feature", "properties": { "element": "way", "id": 410838192, "name": "Trinkwasserbehälter Kanonenweg", "landuse": "industrial" }, "geometry": { "type": "Polygon", "coordinates": [ [ [ 9.1972283, 48.7856598 ], [ 9.1973835, 48.7856955 ], [ 9.1976153, 48.7857189 ], [ 9.1978283, 48.7857214 ], [ 9.1981106, 48.7856955 ], [ 9.1988003, 48.7855527 ], [ 9.1986871, 48.7852919 ], [ 9.1986553, 48.7852262 ], [ 9.198604, 48.7851081 ], [ 9.1985695, 48.7850963 ], [ 9.1985587, 48.785072 ], [ 9.1985133, 48.7849723 ], [ 9.1983816, 48.7846745 ], [ 9.1976807, 48.7847029 ], [ 9.1976638, 48.7845822 ], [ 9.1967374, 48.7846877 ], [ 9.196748, 48.7847152 ], [ 9.1964962, 48.784747 ], [ 9.1964143, 48.7846962 ], [ 9.1962901, 48.7847656 ], [ 9.1962652, 48.7847796 ], [ 9.196326, 48.7848853 ], [ 9.1965597, 48.7850484 ], [ 9.1966614, 48.7850885 ], [ 9.1971666, 48.7855477 ], [ 9.1971989, 48.7856038 ], [ 9.1972283, 48.7856598 ] ] ] } },
{ "type": "Feature", "properties": { "element": "way", "id": 411170211, "name": null, "landuse": "industrial" }, "geometry": { "type": "Polygon", "coordinates": [ [ [ 9.1435785, 48.7950797 ], [ 9.1432497, 48.7951807 ], [ 9.1428011, 48.7952457 ], [ 9.1427112, 48.7950807 ], [ 9.1430702, 48.7950318 ], [ 9.1430501, 48.7949489 ], [ 9.1434446, 48.794867 ], [ 9.1435785, 48.7950797 ] ] ] } },
{ "type": "Feature", "properties": { "element": "way", "id": 413191907, "name": "BE-Fläche Am Ostkai", "landuse": "industrial" }, "geometry": { "type": "Polygon", "coordinates": [ [ [ 9.2612013, 48.7643535 ], [ 9.2618357, 48.7645389 ], [ 9.2625197, 48.7635026 ], [ 9.2626901, 48.7632368 ], [ 9.2623718, 48.7631076 ], [ 9.2620063, 48.7633461 ], [ 9.2616514, 48.7637014 ], [ 9.2612013, 48.7643535 ] ] ] } },
{ "type": "Feature", "properties": { "element": "way", "id": 413191908, "name": "BE-Fläche Hafenbahnstraße", "landuse": "industrial" }, "geometry": { "type": "Polygon", "coordinates": [ [ [ 9.2586083, 48.7732663 ], [ 9.2587138, 48.7733292 ], [ 9.2590251, 48.772831 ], [ 9.2592227, 48.7726649 ], [ 9.2590053, 48.772476 ], [ 9.2588554, 48.7725053 ], [ 9.2587582, 48.7725444 ], [ 9.2586083, 48.7732663 ] ] ] } },
{ "type": "Feature", "properties": { "element": "way", "id": 413191909, "name": "BE-Fläche Obertürkheim", "landuse": "industrial" }, "geometry": { "type": "Polygon", "coordinates": [ [ [ 9.263607, 48.7677603 ], [ 9.2637078, 48.7677931 ], [ 9.2636838, 48.7678261 ], [ 9.2642066, 48.7679961 ], [ 9.2642479, 48.7679421 ], [ 9.2644879, 48.7676202 ], [ 9.2638638, 48.7674172 ], [ 9.263607, 48.7677603 ] ] ] } },
{ "type": "Feature", "properties": { "element": "way", "id": 413191910, "name": "Materialumschlagplatz Trockenbecken", "landuse": "industrial" }, "geometry": { "type": "Polygon", "coordinates": [ [ [ 9.2592239, 48.7710294 ], [ 9.2591658, 48.7712593 ], [ 9.2594604, 48.7711545 ], [ 9.2598597, 48.7708411 ], [ 9.2602346, 48.770446 ], [ 9.2601907, 48.7703145 ], [ 9.260003, 48.7702345 ], [ 9.2598457, 48.7702672 ], [ 9.2597249, 48.7703528 ], [ 9.2594941, 48.7705666 ], [ 9.2592907, 48.7708577 ], [ 9.2592239, 48.7710294 ] ] ] } },
{ "type": "Feature", "properties": { "element": "way", "id": 413347296, "name": "Wasserbehälter Stuttgarter Straße", "landuse": "industrial" }, "geometry": { "type": "Polygon", "coordinates": [ [ [ 9.3003649, 48.8233723 ], [ 9.3003854, 48.8231278 ], [ 9.3004381, 48.8230243 ], [ 9.300478, 48.8229196 ], [ 9.3006001, 48.822862 ], [ 9.3006438, 48.8228561 ], [ 9.3006952, 48.822868 ], [ 9.3008366, 48.8229221 ], [ 9.3012527, 48.8231103 ], [ 9.3013288, 48.8231447 ], [ 9.3011347, 48.8234214 ], [ 9.3007826, 48.823495 ], [ 9.3003649, 48.8233723 ] ] ] } },
{ "type": "Feature", "properties": { "element": "way", "id": 415747024, "name": null, "landuse": "industrial" }, "geometry": { "type": "Polygon", "coordinates": [ [ [ 9.1794118, 48.8075457 ], [ 9.1793143, 48.8072597 ], [ 9.1793098, 48.8072464 ], [ 9.1790563, 48.8072848 ], [ 9.1790875, 48.807368 ], [ 9.1790001, 48.8073866 ], [ 9.1790249, 48.8074257 ], [ 9.1788202, 48.807466 ], [ 9.1788558, 48.8075463 ], [ 9.1789312, 48.8077163 ], [ 9.1789911, 48.8077175 ], [ 9.1790322, 48.8077161 ], [ 9.1791504, 48.8076763 ], [ 9.1791312, 48.8076035 ], [ 9.1794118, 48.8075457 ] ] ] } },
{ "type": "Feature", "properties": { "element": "way", "id": 417910446, "name": "Außenbezirk Stuttgart", "landuse": "industrial" }, "geometry": { "type": "Polygon", "coordinates": [ [ [ 9.2637242, 48.7520855 ], [ 9.2636381, 48.7520481 ], [ 9.2634457, 48.7519742 ], [ 9.2636168, 48.7517189 ], [ 9.2638287, 48.7513965 ], [ 9.2639367, 48.7512334 ], [ 9.2640429, 48.751071 ], [ 9.2641994, 48.7508341 ], [ 9.2643159, 48.7506581 ], [ 9.2644291, 48.7504878 ], [ 9.2645543, 48.750297 ], [ 9.2646027, 48.7502261 ], [ 9.2646797, 48.7501099 ], [ 9.2647875, 48.7499474 ], [ 9.264934, 48.7499899 ], [ 9.2649372, 48.7499861 ], [ 9.2651514, 48.7500507 ], [ 9.265111, 48.7501132 ], [ 9.2649453, 48.7503594 ], [ 9.2648291, 48.7505384 ], [ 9.2647546, 48.7506553 ], [ 9.2646699, 48.7507752 ], [ 9.2645433, 48.7509696 ], [ 9.26451, 48.751026 ], [ 9.2645202, 48.7511103 ], [ 9.2642177, 48.7515611 ], [ 9.2641598, 48.7515434 ], [ 9.2641203, 48.751531 ], [ 9.264013, 48.7516845 ], [ 9.2639364, 48.7517968 ], [ 9.2638784, 48.7518711 ], [ 9.2637791, 48.7519769 ], [ 9.2637081, 48.7520377 ], [ 9.2637512, 48.7520579 ], [ 9.2637242, 48.7520855 ] ] ] } },
{ "type": "Feature", "properties": { "element": "way", "id": 420652932, "name": "GEHE", "landuse": "industrial" }, "geometry": { "type": "Polygon", "coordinates": [ [ [ 9.2154456, 48.8113819 ], [ 9.2157312, 48.8115699 ], [ 9.216126, 48.8113043 ], [ 9.2163374, 48.811444 ], [ 9.2163033, 48.8116141 ], [ 9.2163, 48.8118072 ], [ 9.2163341, 48.811936 ], [ 9.2163557, 48.81204 ], [ 9.2164229, 48.8122085 ], [ 9.2163216, 48.8122208 ], [ 9.2163346, 48.8122759 ], [ 9.2163268, 48.8123027 ], [ 9.2163124, 48.8123223 ], [ 9.2162806, 48.8123462 ], [ 9.2162516, 48.8123578 ], [ 9.2162074, 48.8123706 ], [ 9.2162599, 48.8123788 ], [ 9.2163107, 48.8123777 ], [ 9.2163667, 48.8123746 ], [ 9.2164084, 48.8123646 ], [ 9.2164351, 48.812354 ], [ 9.2164494, 48.8123801 ], [ 9.2165508, 48.8125864 ], [ 9.2165781, 48.8126365 ], [ 9.2167784, 48.813051 ], [ 9.2161839, 48.8127177 ], [ 9.2160513, 48.8127428 ], [ 9.2158434, 48.8126168 ], [ 9.2155163, 48.8124187 ], [ 9.2153532, 48.8123198 ], [ 9.2152041, 48.8122295 ], [ 9.2147568, 48.8119614 ], [ 9.2146616, 48.8119008 ], [ 9.2154456, 48.8113819 ] ] ] } },
{ "type": "Feature", "properties": { "element": "way", "id": 420652936, "name": "Ehem. Rössler + Weissenberger", "landuse": "industrial" }, "geometry": { "type": "Polygon", "coordinates": [ [ [ 9.2146616, 48.8119008 ], [ 9.2147568, 48.8119614 ], [ 9.214397, 48.812192 ], [ 9.214295, 48.8122506 ], [ 9.2130594, 48.8115548 ], [ 9.2129628, 48.811566 ], [ 9.2126544, 48.8118217 ], [ 9.211927, 48.811272 ], [ 9.2119428, 48.8112249 ], [ 9.2120123, 48.8111859 ], [ 9.2122018, 48.8110637 ], [ 9.2124045, 48.8109287 ], [ 9.2124942, 48.8108653 ], [ 9.2125487, 48.8108267 ], [ 9.213016, 48.8105156 ], [ 9.213173, 48.8104028 ], [ 9.213281, 48.8104715 ], [ 9.2132523, 48.8104918 ], [ 9.21333, 48.8105412 ], [ 9.2138683, 48.8108919 ], [ 9.21389, 48.8108774 ], [ 9.2139448, 48.8109131 ], [ 9.2140333, 48.8109603 ], [ 9.2142181, 48.811078 ], [ 9.2138102, 48.8113557 ], [ 9.213969, 48.8114567 ], [ 9.2146616, 48.8119008 ] ] ] } },
{ "type": "Feature", "properties": { "element": "way", "id": 420652940, "name": "Mahle Werk 2 Haldenstraße", "landuse": "industrial" }, "geometry": { "type": "Polygon", "coordinates": [ [ [ 9.2147568, 48.8119614 ], [ 9.2152041, 48.8122295 ], [ 9.2153532, 48.8123198 ], [ 9.2155163, 48.8124187 ], [ 9.2158434, 48.8126168 ], [ 9.2160513, 48.8127428 ], [ 9.2161839, 48.8127177 ], [ 9.2167784, 48.813051 ], [ 9.2168625, 48.8132275 ], [ 9.2168918, 48.813286 ], [ 9.2169241, 48.8133525 ], [ 9.2170412, 48.8136133 ], [ 9.2172948, 48.8141025 ], [ 9.2173397, 48.8142145 ], [ 9.2170933, 48.8142566 ], [ 9.2168181, 48.8141274 ], [ 9.2167823, 48.8141511 ], [ 9.2165455, 48.814018 ], [ 9.2164044, 48.8140085 ], [ 9.2161385, 48.8139251 ], [ 9.2148839, 48.8132233 ], [ 9.2137355, 48.8125131 ], [ 9.2126544, 48.8118217 ], [ 9.2129628, 48.811566 ], [ 9.2130594, 48.8115548 ], [ 9.214295, 48.8122506 ], [ 9.214397, 48.812192 ], [ 9.2147568, 48.8119614 ] ] ] } },
{ "type": "Feature", "properties": { "element": "way", "id": 422662478, "name": "Asphaltgesellschaft Stuttgart", "landuse": "industrial" }, "geometry": { "type": "Polygon", "coordinates": [ [ [ 9.2388359, 48.7933911 ], [ 9.2387852, 48.7934237 ], [ 9.2388183, 48.7934512 ], [ 9.2386649, 48.7935313 ], [ 9.2386318, 48.7935038 ], [ 9.2384878, 48.7935703 ], [ 9.2381026, 48.7936856 ], [ 9.2381206, 48.7937177 ], [ 9.237966, 48.7937554 ], [ 9.2379489, 48.7937248 ], [ 9.2372826, 48.7938815 ], [ 9.23611, 48.7941978 ], [ 9.2352494, 48.794447 ], [ 9.2351894, 48.7943796 ], [ 9.2354051, 48.7942774 ], [ 9.2354373, 48.7942604 ], [ 9.2354996, 48.7942301 ], [ 9.2365969, 48.7937135 ], [ 9.2370709, 48.7934873 ], [ 9.2371956, 48.7934286 ], [ 9.2371841, 48.7933416 ], [ 9.2374447, 48.7932172 ], [ 9.2375606, 48.7932407 ], [ 9.2379198, 48.7930464 ], [ 9.2381779, 48.7929003 ], [ 9.2387724, 48.7933437 ], [ 9.2388359, 48.7933911 ] ] ] } },
{ "type": "Feature", "properties": { "element": "way", "id": 422662486, "name": "TBR FRISCHBETON Stuttgart", "landuse": "industrial" }, "geometry": { "type": "Polygon", "coordinates": [ [ [ 9.2387724, 48.7933437 ], [ 9.2381779, 48.7929003 ], [ 9.2389984, 48.7924199 ], [ 9.2391008, 48.792491 ], [ 9.2392032, 48.7925621 ], [ 9.2393056, 48.7926332 ], [ 9.2391471, 48.7927515 ], [ 9.2390226, 48.7928196 ], [ 9.2391451, 48.7929155 ], [ 9.2392677, 48.7928536 ], [ 9.2393213, 48.7928801 ], [ 9.2390437, 48.7931993 ], [ 9.2387724, 48.7933437 ] ] ] } },
{ "type": "Feature", "properties": { "element": "way", "id": 422662487, "name": "agra Wertstoffhof Stuttgart", "landuse": "industrial" }, "geometry": { "type": "Polygon", "coordinates": [ [ [ 9.2395128, 48.792777 ], [ 9.2394074, 48.7927036 ], [ 9.2393056, 48.7926332 ], [ 9.2392032, 48.7925621 ], [ 9.2391008, 48.792491 ], [ 9.2389984, 48.7924199 ], [ 9.2392481, 48.7922737 ], [ 9.2401078, 48.7917703 ], [ 9.2401974, 48.7919102 ], [ 9.2395128, 48.792777 ] ] ] } },
{ "type": "Feature", "properties": { "element": "way", "id": 422662522, "name": null, "landuse": "industrial" }, "geometry": { "type": "Polygon", "coordinates": [ [ [ 9.2393056, 48.7926332 ], [ 9.2394074, 48.7927036 ], [ 9.2395128, 48.792777 ], [ 9.2394613, 48.7928351 ], [ 9.2394098, 48.7928932 ], [ 9.2390995, 48.7932265 ], [ 9.2388359, 48.7933911 ], [ 9.2387724, 48.7933437 ], [ 9.2390437, 48.7931993 ], [ 9.2393213, 48.7928801 ], [ 9.2392677, 48.7928536 ], [ 9.2391451, 48.7929155 ], [ 9.2390226, 48.7928196 ], [ 9.2391471, 48.7927515 ], [ 9.2393056, 48.7926332 ] ] ] } },
{ "type": "Feature", "properties": { "element": "way", "id": 422970333, "name": "digiCon AG", "landuse": "industrial" }, "geometry": { "type": "Polygon", "coordinates": [ [ [ 9.1714915, 48.8513218 ], [ 9.1714949, 48.8510434 ], [ 9.1715318, 48.8508135 ], [ 9.1716471, 48.8504693 ], [ 9.1716706, 48.8504371 ], [ 9.1717155, 48.850404 ], [ 9.1718013, 48.8503727 ], [ 9.1721038, 48.8503259 ], [ 9.1721628, 48.8503286 ], [ 9.1721862, 48.8503537 ], [ 9.1724095, 48.8512177 ], [ 9.1714915, 48.8513218 ] ] ] } },
{ "type": "Feature", "properties": { "element": "way", "id": 423597440, "name": "Deutsches Zentrum für Luft- und Raumfahrt e.V.", "landuse": "industrial" }, "geometry": { "type": "Polygon", "coordinates": [ [ [ 9.1005354, 48.7478395 ], [ 9.1014722, 48.747783 ], [ 9.1014762, 48.7478099 ], [ 9.1014804, 48.7478382 ], [ 9.1020792, 48.7478054 ], [ 9.1025534, 48.7477795 ], [ 9.1026422, 48.7485233 ], [ 9.102715, 48.7485209 ], [ 9.1027198, 48.7485715 ], [ 9.1027876, 48.7492893 ], [ 9.1020204, 48.749309 ], [ 9.1019899, 48.7492505 ], [ 9.1018779, 48.7492419 ], [ 9.1009176, 48.7492853 ], [ 9.1008732, 48.7492308 ], [ 9.1007857, 48.748902 ], [ 9.1006996, 48.7488719 ], [ 9.1005354, 48.7478395 ] ] ] } },
{ "type": "Feature", "properties": { "element": "way", "id": 427687259, "name": null, "landuse": "industrial" }, "geometry": { "type": "Polygon", "coordinates": [ [ [ 9.3425638, 48.9622172 ], [ 9.3425258, 48.9620739 ], [ 9.3422112, 48.962089 ], [ 9.3422323, 48.9622742 ], [ 9.3424881, 48.962244 ], [ 9.3425638, 48.9622172 ] ] ] } },
{ "type": "Feature", "properties": { "element": "way", "id": 431444878, "name": null, "landuse": "industrial" }, "geometry": { "type": "Polygon", "coordinates": [ [ [ 9.2626117, 48.7690305 ], [ 9.2624029, 48.7692902 ], [ 9.2616694, 48.770315 ], [ 9.2616191, 48.7703713 ], [ 9.2615013, 48.7705032 ], [ 9.2608646, 48.7712268 ], [ 9.2601769, 48.7720085 ], [ 9.2598364, 48.772434 ], [ 9.2603183, 48.7725038 ], [ 9.2606681, 48.7725715 ], [ 9.2611995, 48.7727571 ], [ 9.2613061, 48.7727137 ], [ 9.2618781, 48.7719853 ], [ 9.2621479, 48.7715609 ], [ 9.2623737, 48.7711344 ], [ 9.262549, 48.7706704 ], [ 9.2626983, 48.7702063 ], [ 9.2629481, 48.7697129 ], [ 9.2631101, 48.7694477 ], [ 9.2632619, 48.769244 ], [ 9.2626117, 48.7690305 ] ] ] } },
{ "type": "Feature", "properties": { "element": "way", "id": 436109623, "name": null, "landuse": "industrial" }, "geometry": { "type": "Polygon", "coordinates": [ [ [ 9.3461306, 48.7931561 ], [ 9.346547, 48.7926858 ], [ 9.3471914, 48.7928115 ], [ 9.3472821, 48.7926207 ], [ 9.3484995, 48.7928603 ], [ 9.3484142, 48.7929834 ], [ 9.3493868, 48.793091 ], [ 9.3496957, 48.7926947 ], [ 9.350487, 48.7929739 ], [ 9.3505213, 48.7931934 ], [ 9.3507595, 48.7938756 ], [ 9.3504022, 48.7937333 ], [ 9.3501034, 48.7940618 ], [ 9.3500752, 48.794103 ], [ 9.3503053, 48.7941961 ], [ 9.3507979, 48.7945565 ], [ 9.351032, 48.7949887 ], [ 9.3510522, 48.7950565 ], [ 9.3515811, 48.7949208 ], [ 9.3518113, 48.7951961 ], [ 9.3510906, 48.795349 ], [ 9.3511289, 48.7955565 ], [ 9.3512379, 48.7957772 ], [ 9.3515206, 48.7960924 ], [ 9.3519627, 48.7965166 ], [ 9.3520858, 48.7966602 ], [ 9.351357, 48.796756 ], [ 9.3509553, 48.7966682 ], [ 9.350799, 48.796644 ], [ 9.3507022, 48.7966765 ], [ 9.3505714, 48.7966852 ], [ 9.3504557, 48.7966602 ], [ 9.3486036, 48.7951336 ], [ 9.3488276, 48.7947919 ], [ 9.3488377, 48.7946668 ], [ 9.3475316, 48.7941549 ], [ 9.3479576, 48.7935644 ], [ 9.3472927, 48.7935111 ], [ 9.3461306, 48.7931561 ] ] ] } },
{ "type": "Feature", "properties": { "element": "way", "id": 436480418, "name": null, "landuse": "industrial" }, "geometry": { "type": "Polygon", "coordinates": [ [ [ 9.1601792, 48.8533131 ], [ 9.160668, 48.8529705 ], [ 9.1608133, 48.852917 ], [ 9.1612096, 48.8527885 ], [ 9.1612848, 48.8527736 ], [ 9.1613586, 48.8526742 ], [ 9.1614586, 48.8526812 ], [ 9.163668, 48.8518882 ], [ 9.1638905, 48.8519455 ], [ 9.1640098, 48.8520673 ], [ 9.1642263, 48.8519812 ], [ 9.1670038, 48.8551592 ], [ 9.1680291, 48.8563355 ], [ 9.167765, 48.8564459 ], [ 9.1682102, 48.8569581 ], [ 9.168324, 48.8569204 ], [ 9.1687368, 48.8574728 ], [ 9.1689949, 48.8579987 ], [ 9.1690776, 48.8583772 ], [ 9.1689345, 48.8581867 ], [ 9.1687914, 48.8579748 ], [ 9.1674396, 48.8564867 ], [ 9.1673725, 48.8565083 ], [ 9.1672888, 48.8564198 ], [ 9.1672218, 48.8564373 ], [ 9.1668866, 48.8559827 ], [ 9.1665587, 48.8554925 ], [ 9.1657732, 48.8558152 ], [ 9.1659203, 48.8559895 ], [ 9.1665316, 48.8563882 ], [ 9.1687304, 48.8589473 ], [ 9.1697315, 48.861326 ], [ 9.169232, 48.861501 ], [ 9.1687626, 48.8610753 ], [ 9.168589, 48.8610398 ], [ 9.1684039, 48.8609777 ], [ 9.1677602, 48.8607122 ], [ 9.1671801, 48.8605349 ], [ 9.1667675, 48.8604066 ], [ 9.1660817, 48.8601922 ], [ 9.1656216, 48.8599578 ], [ 9.1654021, 48.8598148 ], [ 9.1653133, 48.8598481 ], [ 9.1651818, 48.8598529 ], [ 9.1650545, 48.8598127 ], [ 9.1649562, 48.8597225 ], [ 9.1649782, 48.8595512 ], [ 9.1604404, 48.8545117 ], [ 9.1604625, 48.8545043 ], [ 9.1603423, 48.8543056 ], [ 9.1603398, 48.8543045 ], [ 9.1602853, 48.8543265 ], [ 9.1602173, 48.854251 ], [ 9.16027, 48.854229 ], [ 9.1602118, 48.8541623 ], [ 9.1602377, 48.8540998 ], [ 9.1601557, 48.854003 ], [ 9.160446, 48.853887 ], [ 9.1605803, 48.8540604 ], [ 9.1606087, 48.8540302 ], [ 9.160678, 48.8538572 ], [ 9.1606281, 48.8537964 ], [ 9.1601792, 48.8533131 ] ] ] } },
{ "type": "Feature", "properties": { "element": "way", "id": 437965056, "name": "Bau 50-53", "landuse": "industrial" }, "geometry": { "type": "Polygon", "coordinates": [ [ [ 9.144903, 48.8320402 ], [ 9.1449308, 48.8316685 ], [ 9.1447838, 48.8316641 ], [ 9.1447922, 48.8314486 ], [ 9.1447597, 48.8314144 ], [ 9.1446621, 48.8313924 ], [ 9.1445902, 48.8313559 ], [ 9.144072, 48.8310369 ], [ 9.1432626, 48.8305387 ], [ 9.1430987, 48.8305008 ], [ 9.1426055, 48.8305044 ], [ 9.1414437, 48.8305131 ], [ 9.1409184, 48.8305169 ], [ 9.1403389, 48.8314337 ], [ 9.1411139, 48.8316556 ], [ 9.1424405, 48.8320338 ], [ 9.1440359, 48.8324887 ], [ 9.1446856, 48.8326648 ], [ 9.144903, 48.8320402 ] ] ] } },
{ "type": "Feature", "properties": { "element": "way", "id": 437965058, "name": "Porsche Werk 1", "landuse": "industrial" }, "geometry": { "type": "Polygon", "coordinates": [ [ [ 9.14754, 48.8358427 ], [ 9.1488004, 48.8363842 ], [ 9.1499238, 48.8358051 ], [ 9.1481682, 48.8352963 ], [ 9.1471803, 48.8348 ], [ 9.1461018, 48.8343339 ], [ 9.1457957, 48.8342069 ], [ 9.1456004, 48.8340882 ], [ 9.1454674, 48.8340031 ], [ 9.1452308, 48.8343291 ], [ 9.1452448, 48.8344525 ], [ 9.1452006, 48.8344975 ], [ 9.1450183, 48.8346828 ], [ 9.1473351, 48.8357484 ], [ 9.14754, 48.8358427 ] ] ] } },
{ "type": "Feature", "properties": { "element": "way", "id": 437965059, "name": "Porsche Werk 2", "landuse": "industrial" }, "geometry": { "type": "Polygon", "coordinates": [ [ [ 9.1491823, 48.8365896 ], [ 9.151803, 48.8352281 ], [ 9.1521767, 48.8351583 ], [ 9.15265, 48.8351338 ], [ 9.1559572, 48.8357185 ], [ 9.1566611, 48.835843 ], [ 9.1561829, 48.8368091 ], [ 9.1556607, 48.8374633 ], [ 9.1553243, 48.8381956 ], [ 9.1551824, 48.8383429 ], [ 9.1533204, 48.8379765 ], [ 9.1521142, 48.8377017 ], [ 9.151142, 48.8374057 ], [ 9.1491823, 48.8365896 ] ] ] } },
{ "type": "Feature", "properties": { "element": "way", "id": 437965060, "name": "Porsche Werk 3", "landuse": "industrial" }, "geometry": { "type": "Polygon", "coordinates": [ [ [ 9.1529247, 48.8347863 ], [ 9.1536514, 48.8344755 ], [ 9.1542364, 48.8344024 ], [ 9.1572117, 48.8344484 ], [ 9.1572125, 48.8346834 ], [ 9.1569107, 48.8353059 ], [ 9.1560712, 48.8351484 ], [ 9.1559172, 48.8355038 ], [ 9.1528526, 48.8349793 ], [ 9.1529247, 48.8347863 ] ] ] } },
{ "type": "Feature", "properties": { "element": "way", "id": 437965061, "name": "Zentrale Werkstätten", "landuse": "industrial" }, "geometry": { "type": "Polygon", "coordinates": [ [ [ 9.1482176, 48.8309744 ], [ 9.1482189, 48.8311347 ], [ 9.1494335, 48.8311798 ], [ 9.1527187, 48.831178 ], [ 9.1528549, 48.8315669 ], [ 9.1530738, 48.8319974 ], [ 9.1533934, 48.8317352 ], [ 9.1535332, 48.8316571 ], [ 9.1535685, 48.831602 ], [ 9.1535331, 48.8315533 ], [ 9.1535069, 48.8314485 ], [ 9.1534938, 48.8313929 ], [ 9.1533305, 48.8311489 ], [ 9.1534326, 48.8311133 ], [ 9.1535291, 48.8310797 ], [ 9.153949, 48.8309069 ], [ 9.153032, 48.8298968 ], [ 9.1528768, 48.8298605 ], [ 9.1527884, 48.8297289 ], [ 9.1520204, 48.829575 ], [ 9.1510064, 48.8295364 ], [ 9.1506809, 48.8292955 ], [ 9.1490961, 48.8293566 ], [ 9.148029, 48.8294018 ], [ 9.1480581, 48.8299016 ], [ 9.1482106, 48.8299295 ], [ 9.1482176, 48.8309744 ] ] ] } },
{ "type": "Feature", "properties": { "element": "way", "id": 437965062, "name": null, "landuse": "industrial" }, "geometry": { "type": "Polygon", "coordinates": [ [ [ 9.1554384, 48.833213 ], [ 9.1565296, 48.8327553 ], [ 9.1569598, 48.8325749 ], [ 9.1562699, 48.8318473 ], [ 9.1564447, 48.8317782 ], [ 9.156035, 48.831343 ], [ 9.1558532, 48.8314165 ], [ 9.1557279, 48.831469 ], [ 9.1554844, 48.8312294 ], [ 9.1554701, 48.8312159 ], [ 9.1550737, 48.8313811 ], [ 9.154697, 48.8309987 ], [ 9.1542871, 48.8311709 ], [ 9.1540311, 48.8312034 ], [ 9.1538065, 48.8313683 ], [ 9.1537416, 48.8315108 ], [ 9.1537766, 48.8316309 ], [ 9.1538456, 48.8317755 ], [ 9.1546866, 48.8325346 ], [ 9.1552283, 48.8330234 ], [ 9.1554384, 48.833213 ] ] ] } },
{ "type": "Feature", "properties": { "element": "way", "id": 437965063, "name": "Porsche Werk 4", "landuse": "industrial" }, "geometry": { "type": "Polygon", "coordinates": [ [ [ 9.1482176, 48.8309744 ], [ 9.1482106, 48.8299295 ], [ 9.1480581, 48.8299016 ], [ 9.148029, 48.8294018 ], [ 9.1463239, 48.8294926 ], [ 9.1448017, 48.8295848 ], [ 9.1445687, 48.829606 ], [ 9.1434504, 48.829728 ], [ 9.1437672, 48.8305468 ], [ 9.1439897, 48.8307677 ], [ 9.1445026, 48.8310104 ], [ 9.1446876, 48.831098 ], [ 9.1449138, 48.8311678 ], [ 9.1450299, 48.8311335 ], [ 9.1451308, 48.8311501 ], [ 9.1451312, 48.8311752 ], [ 9.1451376, 48.8315944 ], [ 9.1451503, 48.8320711 ], [ 9.1452657, 48.832225 ], [ 9.1451727, 48.8322741 ], [ 9.1449613, 48.8321208 ], [ 9.144903, 48.8320402 ], [ 9.1446856, 48.8326648 ], [ 9.1446153, 48.8327581 ], [ 9.1452006, 48.8329095 ], [ 9.1455799, 48.833018 ], [ 9.1463403, 48.8331778 ], [ 9.1468317, 48.8332394 ], [ 9.1473186, 48.8333244 ], [ 9.1476923, 48.8333847 ], [ 9.1481581, 48.8334598 ], [ 9.1486652, 48.8335212 ], [ 9.149036, 48.8335836 ], [ 9.1496413, 48.8336271 ], [ 9.1503212, 48.8336579 ], [ 9.1504216, 48.8336406 ], [ 9.1509928, 48.833661 ], [ 9.1514676, 48.8336626 ], [ 9.1517269, 48.8336693 ], [ 9.1522849, 48.8336676 ], [ 9.1528806, 48.8336612 ], [ 9.1534389, 48.8336254 ], [ 9.1542461, 48.8335305 ], [ 9.1545527, 48.8334668 ], [ 9.1546732, 48.8332282 ], [ 9.1537756, 48.8329343 ], [ 9.1524422, 48.8325922 ], [ 9.1520077, 48.8326982 ], [ 9.151586, 48.832823 ], [ 9.151404, 48.8328068 ], [ 9.1510657, 48.8327767 ], [ 9.149297, 48.8327323 ], [ 9.1483185, 48.8326749 ], [ 9.1481806, 48.83247 ], [ 9.1481458, 48.8323129 ], [ 9.1481038, 48.8323131 ], [ 9.1462292, 48.8323171 ], [ 9.1462206, 48.8323069 ], [ 9.1462119, 48.8311203 ], [ 9.1468016, 48.8311217 ], [ 9.1468021, 48.8310209 ], [ 9.1476256, 48.831023 ], [ 9.1478259, 48.8310235 ], [ 9.1478261, 48.8309744 ], [ 9.1482176, 48.8309744 ] ] ] } },
{ "type": "Feature", "properties": { "element": "way", "id": 437970042, "name": null, "landuse": "industrial" }, "geometry": { "type": "Polygon", "coordinates": [ [ [ 9.1597012, 48.8330839 ], [ 9.1606317, 48.8328907 ], [ 9.1611529, 48.8328417 ], [ 9.1610899, 48.8327057 ], [ 9.1608209, 48.8325489 ], [ 9.1626635, 48.8320154 ], [ 9.1638389, 48.8314832 ], [ 9.1644373, 48.8310728 ], [ 9.1645396, 48.8311446 ], [ 9.1646652, 48.8311653 ], [ 9.1646513, 48.8313008 ], [ 9.1646443, 48.8313754 ], [ 9.1646356, 48.8314799 ], [ 9.1646373, 48.8315786 ], [ 9.1646757, 48.8317658 ], [ 9.1647385, 48.8320012 ], [ 9.1647821, 48.8321574 ], [ 9.164057, 48.8324146 ], [ 9.1641778, 48.832625 ], [ 9.1644244, 48.8332975 ], [ 9.1630734, 48.8334901 ], [ 9.1629829, 48.833301 ], [ 9.1599246, 48.8334621 ], [ 9.1597012, 48.8330839 ] ] ] } },
{ "type": "Feature", "properties": { "element": "way", "id": 438207860, "name": null, "landuse": "industrial" }, "geometry": { "type": "Polygon", "coordinates": [ [ [ 9.1341248, 48.7263464 ], [ 9.1341247, 48.7263011 ], [ 9.1341245, 48.7262315 ], [ 9.1337797, 48.7262435 ], [ 9.1337371, 48.7262449 ], [ 9.133627, 48.7261874 ], [ 9.1329282, 48.7262116 ], [ 9.1329312, 48.726289 ], [ 9.1326677, 48.7262981 ], [ 9.1326698, 48.7263516 ], [ 9.1326827, 48.7266819 ], [ 9.1335176, 48.7266503 ], [ 9.133499, 48.726364 ], [ 9.1341248, 48.7263464 ] ] ] } },
{ "type": "Feature", "properties": { "element": "way", "id": 438666576, "name": "AWS-Zentrale", "landuse": "industrial" }, "geometry": { "type": "Polygon", "coordinates": [ [ [ 9.1976254, 48.7913943 ], [ 9.1972744, 48.7916407 ], [ 9.1972043, 48.7916767 ], [ 9.1971747, 48.7917033 ], [ 9.1968207, 48.7919709 ], [ 9.1959125, 48.7914573 ], [ 9.1951824, 48.7910277 ], [ 9.1937861, 48.7901689 ], [ 9.1938324, 48.7901292 ], [ 9.1938886, 48.7900865 ], [ 9.194181, 48.7898644 ], [ 9.1942495, 48.7898045 ], [ 9.1942937, 48.7898289 ], [ 9.1947637, 48.7901003 ], [ 9.1948817, 48.7900116 ], [ 9.1954093, 48.7903159 ], [ 9.195487, 48.7903617 ], [ 9.1956234, 48.7902615 ], [ 9.1960932, 48.7905389 ], [ 9.1961054, 48.7905299 ], [ 9.1961182, 48.7905399 ], [ 9.1962657, 48.7906318 ], [ 9.1963233, 48.7906251 ], [ 9.1971569, 48.7911126 ], [ 9.1973694, 48.7912418 ], [ 9.1976254, 48.7913943 ] ] ] } },
{ "type": "Feature", "properties": { "element": "way", "id": 440674782, "name": null, "landuse": "industrial" }, "geometry": { "type": "Polygon", "coordinates": [ [ [ 9.2088182, 48.8310036 ], [ 9.2089195, 48.8310064 ], [ 9.2091192, 48.8310118 ], [ 9.2091318, 48.8308135 ], [ 9.2089167, 48.8308076 ], [ 9.2088308, 48.8308052 ], [ 9.2088182, 48.8310036 ] ] ] } },
{ "type": "Feature", "properties": { "element": "way", "id": 441182158, "name": "Technisches Kulturdenkmal Anlände Uferstraße 108", "landuse": "industrial" }, "geometry": { "type": "Polygon", "coordinates": [ [ [ 9.2274042, 48.7861809 ], [ 9.2273794, 48.7861957 ], [ 9.2272589, 48.7862661 ], [ 9.2276116, 48.78658 ], [ 9.2276192, 48.7865764 ], [ 9.2277012, 48.786536 ], [ 9.2280152, 48.7863807 ], [ 9.2285049, 48.7861668 ], [ 9.2290806, 48.7859429 ], [ 9.2291285, 48.785968 ], [ 9.2291764, 48.7859932 ], [ 9.2244899, 48.7882851 ], [ 9.2244735, 48.7882645 ], [ 9.2244779, 48.7882366 ], [ 9.2244823, 48.7882087 ], [ 9.2247109, 48.7880617 ], [ 9.2270322, 48.7868821 ], [ 9.2274264, 48.7866836 ], [ 9.2275472, 48.7866247 ], [ 9.2275515, 48.7866226 ], [ 9.2275417, 48.7866134 ], [ 9.2275527, 48.7866081 ], [ 9.2272046, 48.7862978 ], [ 9.2271928, 48.7863047 ], [ 9.2271559, 48.7863101 ], [ 9.2270646, 48.7862388 ], [ 9.2272926, 48.7861028 ], [ 9.2274042, 48.7861809 ] ] ] } },
{ "type": "Feature", "properties": { "element": "way", "id": 441287029, "name": "Kornwestheim Ubf", "landuse": "industrial" }, "geometry": { "type": "Polygon", "coordinates": [ [ [ 9.1614732, 48.8541099 ], [ 9.16148, 48.8541179 ], [ 9.1661718, 48.8593294 ], [ 9.1661847, 48.859344 ], [ 9.1657529, 48.859513 ], [ 9.1657398, 48.8594979 ], [ 9.1610481, 48.8542865 ], [ 9.1610411, 48.8542781 ], [ 9.1613207, 48.8541688 ], [ 9.1614732, 48.8541099 ] ] ] } },
{ "type": "Feature", "properties": { "element": "way", "id": 455249212, "name": null, "landuse": "industrial" }, "geometry": { "type": "Polygon", "coordinates": [ [ [ 9.2055987, 48.9632903 ], [ 9.2064403, 48.9633678 ], [ 9.2073348, 48.9634074 ], [ 9.2073978, 48.9633854 ], [ 9.207485, 48.9628642 ], [ 9.2072456, 48.9628431 ], [ 9.2072858, 48.9625719 ], [ 9.2072719, 48.9624392 ], [ 9.2074287, 48.9618771 ], [ 9.2072725, 48.9618449 ], [ 9.2071686, 48.9618198 ], [ 9.2070553, 48.961792 ], [ 9.2069345, 48.961756 ], [ 9.2068461, 48.9617277 ], [ 9.2067534, 48.9616962 ], [ 9.2066085, 48.9622112 ], [ 9.2066261, 48.9622133 ], [ 9.2065874, 48.9623666 ], [ 9.2065249, 48.9624697 ], [ 9.206388, 48.9629777 ], [ 9.2056262, 48.9628985 ], [ 9.2054197, 48.9628035 ], [ 9.2050871, 48.9628025 ], [ 9.2050925, 48.9625886 ], [ 9.204994, 48.9625854 ], [ 9.2050087, 48.962301 ], [ 9.2047137, 48.9622851 ], [ 9.2044267, 48.9622851 ], [ 9.2044367, 48.9625067 ], [ 9.2044702, 48.9633255 ], [ 9.204489, 48.9633555 ], [ 9.2045252, 48.963374 ], [ 9.2045708, 48.9633793 ], [ 9.2046204, 48.9633704 ], [ 9.2046633, 48.9633502 ], [ 9.2047679, 48.9633247 ], [ 9.2049476, 48.9633018 ], [ 9.2051381, 48.9632912 ], [ 9.2054519, 48.9632904 ], [ 9.2055987, 48.9632903 ] ] ] } },
{ "type": "Feature", "properties": { "element": "way", "id": 458707198, "name": null, "landuse": "industrial" }, "geometry": { "type": "Polygon", "coordinates": [ [ [ 9.1832533, 48.9288872 ], [ 9.182991, 48.9284118 ], [ 9.1825406, 48.9276531 ], [ 9.1818862, 48.9272073 ], [ 9.1823038, 48.9267668 ], [ 9.1824232, 48.9267219 ], [ 9.1824205, 48.9266619 ], [ 9.1824608, 48.9265844 ], [ 9.1827524, 48.9262762 ], [ 9.1829017, 48.9261202 ], [ 9.1830653, 48.9259605 ], [ 9.1834736, 48.9260262 ], [ 9.1835758, 48.9260426 ], [ 9.1839552, 48.9261547 ], [ 9.1840128, 48.9261716 ], [ 9.1840385, 48.9261804 ], [ 9.1840724, 48.9262242 ], [ 9.1840981, 48.9262701 ], [ 9.1841054, 48.9263029 ], [ 9.1842914, 48.926365 ], [ 9.184476, 48.926442 ], [ 9.184533, 48.926476 ], [ 9.1846381, 48.9265541 ], [ 9.1846895, 48.9266666 ], [ 9.1844295, 48.9269236 ], [ 9.1868659, 48.9281382 ], [ 9.1863732, 48.9283566 ], [ 9.1854085, 48.9284541 ], [ 9.1845684, 48.9285731 ], [ 9.1832533, 48.9288872 ] ] ] } },
{ "type": "Feature", "properties": { "element": "way", "id": 460154961, "name": "Hahn+Kolb", "landuse": "industrial" }, "geometry": { "type": "Polygon", "coordinates": [ [ [ 9.1609499, 48.8942726 ], [ 9.1609019, 48.894232 ], [ 9.1609972, 48.8926052 ], [ 9.161091, 48.8923555 ], [ 9.1637273, 48.8924348 ], [ 9.1643842, 48.8941505 ], [ 9.1643395, 48.8943003 ], [ 9.1610393, 48.8942997 ], [ 9.1609499, 48.8942726 ] ] ] } },
{ "type": "Feature", "properties": { "element": "way", "id": 464450807, "name": "Äußerer Nordbahnhof", "landuse": "industrial" }, "geometry": { "type": "Polygon", "coordinates": [ [ [ 9.1850733, 48.8044815 ], [ 9.1848536, 48.8046872 ], [ 9.1846022, 48.8048555 ], [ 9.1849452, 48.8047254 ], [ 9.1852515, 48.8045879 ], [ 9.1858146, 48.8042622 ], [ 9.1859909, 48.8041451 ], [ 9.1862774, 48.8039795 ], [ 9.1866311, 48.8038004 ], [ 9.1868907, 48.8036509 ], [ 9.1871598, 48.8034545 ], [ 9.1872793, 48.8033509 ], [ 9.1875243, 48.8031022 ], [ 9.1877304, 48.8028025 ], [ 9.1880499, 48.8023744 ], [ 9.1882314, 48.8020583 ], [ 9.1880168, 48.8019824 ], [ 9.1877754, 48.8018463 ], [ 9.1874911, 48.8016626 ], [ 9.1873071, 48.8017325 ], [ 9.1871904, 48.8016726 ], [ 9.1870812, 48.8017093 ], [ 9.1867043, 48.8017711 ], [ 9.1865492, 48.8019006 ], [ 9.1862227, 48.801966 ], [ 9.1862364, 48.8023321 ], [ 9.1861981, 48.8026892 ], [ 9.1861122, 48.8029996 ], [ 9.1859642, 48.8033353 ], [ 9.1858477, 48.8035663 ], [ 9.18566, 48.8038452 ], [ 9.1854904, 48.8040553 ], [ 9.1853386, 48.8042354 ], [ 9.1850733, 48.8044815 ] ] ] } },
{ "type": "Feature", "properties": { "element": "way", "id": 468843590, "name": null, "landuse": "industrial" }, "geometry": { "type": "Polygon", "coordinates": [ [ [ 9.1679673, 48.8160098 ], [ 9.1679889, 48.8156498 ], [ 9.16805, 48.8153022 ], [ 9.1676483, 48.8152863 ], [ 9.1676589, 48.8155087 ], [ 9.1674948, 48.815759 ], [ 9.1675782, 48.8157707 ], [ 9.1676289, 48.8158043 ], [ 9.1676521, 48.8158861 ], [ 9.1676186, 48.8159634 ], [ 9.167583, 48.8159989 ], [ 9.1675553, 48.8160272 ], [ 9.1678869, 48.816028 ], [ 9.1678784, 48.8160834 ], [ 9.1679661, 48.8160852 ], [ 9.1679673, 48.8160098 ] ] ] } },
{ "type": "Feature", "properties": { "element": "way", "id": 473881431, "name": "Paul Bauder", "landuse": "industrial" }, "geometry": { "type": "Polygon", "coordinates": [ [ [ 9.1040883, 48.8222673 ], [ 9.1042039, 48.8218954 ], [ 9.1042822, 48.8217559 ], [ 9.1043947, 48.8216657 ], [ 9.1046181, 48.8215191 ], [ 9.1053805, 48.8210025 ], [ 9.1060737, 48.8205104 ], [ 9.1061919, 48.820417 ], [ 9.1063137, 48.8204317 ], [ 9.1064456, 48.8204135 ], [ 9.1070088, 48.8207267 ], [ 9.1074352, 48.8209907 ], [ 9.1078129, 48.8211559 ], [ 9.1085738, 48.8208254 ], [ 9.1089291, 48.8210285 ], [ 9.1089518, 48.8211591 ], [ 9.108175, 48.8215011 ], [ 9.1081617, 48.8215842 ], [ 9.1082633, 48.8218832 ], [ 9.1083837, 48.8219741 ], [ 9.1085802, 48.8220512 ], [ 9.1089226, 48.8222303 ], [ 9.1098462, 48.8227204 ], [ 9.1106979, 48.8231565 ], [ 9.1109202, 48.823293 ], [ 9.1109673, 48.8233628 ], [ 9.1107962, 48.8235172 ], [ 9.1095679, 48.823229 ], [ 9.1091552, 48.8231392 ], [ 9.1075774, 48.8228524 ], [ 9.107014, 48.82275 ], [ 9.1064415, 48.822659 ], [ 9.1064366, 48.8226227 ], [ 9.1045044, 48.8223303 ], [ 9.104137, 48.8222747 ], [ 9.1040883, 48.8222673 ] ] ] } },
{ "type": "Feature", "properties": { "element": "way", "id": 507387718, "name": "Kalkwerk", "landuse": "industrial" }, "geometry": { "type": "Polygon", "coordinates": [ [ [ 9.3279079, 48.9404124 ], [ 9.3277994, 48.9400715 ], [ 9.3276997, 48.9397553 ], [ 9.3276079, 48.9396315 ], [ 9.3267169, 48.9397925 ], [ 9.3266571, 48.9396657 ], [ 9.3246572, 48.9400395 ], [ 9.3240968, 48.9401569 ], [ 9.3235984, 48.9402844 ], [ 9.3230307, 48.940467 ], [ 9.3222772, 48.9407847 ], [ 9.3223554, 48.940952 ], [ 9.3225342, 48.9411072 ], [ 9.3214226, 48.9420663 ], [ 9.3216157, 48.9421853 ], [ 9.3225163, 48.9418892 ], [ 9.3232087, 48.9419099 ], [ 9.3243465, 48.941494 ], [ 9.3245986, 48.9411132 ], [ 9.3246534, 48.9410907 ], [ 9.325071, 48.9410337 ], [ 9.3252609, 48.940969 ], [ 9.3254833, 48.9408451 ], [ 9.3255251, 48.9406058 ], [ 9.3260141, 48.940635 ], [ 9.3263521, 48.9406475 ], [ 9.326843, 48.9406274 ], [ 9.3270435, 48.9406098 ], [ 9.3272912, 48.9405624 ], [ 9.3279079, 48.9404124 ] ] ] } },
{ "type": "Feature", "properties": { "element": "way", "id": 535496861, "name": "Pumpstation Ingersheim", "landuse": "industrial" }, "geometry": { "type": "Polygon", "coordinates": [ [ [ 9.1954024, 48.9677246 ], [ 9.1963278, 48.9676533 ], [ 9.1962687, 48.9669719 ], [ 9.1956652, 48.966993 ], [ 9.1958101, 48.9666294 ], [ 9.1954708, 48.9665431 ], [ 9.1953367, 48.9669093 ], [ 9.1950873, 48.9672941 ], [ 9.1950899, 48.9674297 ], [ 9.1951423, 48.9675371 ], [ 9.1952576, 48.9676506 ], [ 9.1954024, 48.9677246 ] ] ] } },
{ "type": "Feature", "properties": { "element": "way", "id": 541164721, "name": "Modellbau Kurz", "landuse": "industrial" }, "geometry": { "type": "Polygon", "coordinates": [ [ [ 9.0538402, 48.8017072 ], [ 9.0531436, 48.8018487 ], [ 9.0528211, 48.8019483 ], [ 9.0527071, 48.8017104 ], [ 9.0526605, 48.8015809 ], [ 9.0532211, 48.8012989 ], [ 9.0534774, 48.8010743 ], [ 9.0537946, 48.801011 ], [ 9.0538517, 48.8013865 ], [ 9.0538402, 48.8017072 ] ] ] } },
{ "type": "Feature", "properties": { "element": "way", "id": 554063414, "name": "Frießinger Mühle", "landuse": "industrial" }, "geometry": { "type": "Polygon", "coordinates": [ [ [ 9.3240621, 48.9423626 ], [ 9.32411, 48.9427476 ], [ 9.324249, 48.9429445 ], [ 9.3243134, 48.943029 ], [ 9.3248203, 48.942874 ], [ 9.3250698, 48.9430889 ], [ 9.3252067, 48.9431936 ], [ 9.3260016, 48.9426841 ], [ 9.3262116, 48.9425868 ], [ 9.326433, 48.9425 ], [ 9.3268953, 48.9423441 ], [ 9.3275459, 48.9421291 ], [ 9.3277874, 48.942034 ], [ 9.3274853, 48.9419806 ], [ 9.3269245, 48.9419906 ], [ 9.3262533, 48.9421039 ], [ 9.3260648, 48.9421006 ], [ 9.3258275, 48.9420346 ], [ 9.3257691, 48.9420305 ], [ 9.325705, 48.942026 ], [ 9.3255056, 48.9420121 ], [ 9.3253355, 48.9420002 ], [ 9.3250945, 48.9421698 ], [ 9.3251939, 48.9422311 ], [ 9.3252165, 48.9422452 ], [ 9.3253005, 48.9422979 ], [ 9.3249525, 48.9423998 ], [ 9.3246392, 48.9424134 ], [ 9.3243589, 48.9423893 ], [ 9.3240621, 48.9423626 ] ] ] } },
{ "type": "Feature", "properties": { "element": "way", "id": 556765602, "name": null, "landuse": "industrial" }, "geometry": { "type": "Polygon", "coordinates": [ [ [ 9.1832917, 48.786886 ], [ 9.1831821, 48.7869235 ], [ 9.1838663, 48.7876826 ], [ 9.1840258, 48.7878983 ], [ 9.1843938, 48.7883035 ], [ 9.1844248, 48.7883335 ], [ 9.1851245, 48.7890226 ], [ 9.1852262, 48.7889781 ], [ 9.1851201, 48.7888645 ], [ 9.185055, 48.788802 ], [ 9.1848058, 48.7885466 ], [ 9.1846807, 48.7884034 ], [ 9.1844366, 48.7881243 ], [ 9.1838111, 48.7874422 ], [ 9.1832917, 48.786886 ] ] ] } },
{ "type": "Feature", "properties": { "element": "way", "id": 560986166, "name": null, "landuse": "industrial" }, "geometry": { "type": "Polygon", "coordinates": [ [ [ 9.2509858, 48.932838 ], [ 9.2514277, 48.9331666 ], [ 9.2515233, 48.9332281 ], [ 9.2516746, 48.9333489 ], [ 9.2516555, 48.9333633 ], [ 9.2516628, 48.9333688 ], [ 9.2516451, 48.9333792 ], [ 9.2516241, 48.9333915 ], [ 9.2517556, 48.9335216 ], [ 9.2516094, 48.9335987 ], [ 9.2516489, 48.9336232 ], [ 9.2510564, 48.9338318 ], [ 9.2506848, 48.9334189 ], [ 9.2504792, 48.933163 ], [ 9.2500406, 48.9325898 ], [ 9.2497517, 48.9322478 ], [ 9.2499832, 48.9321362 ], [ 9.250281, 48.932397 ], [ 9.2509858, 48.932838 ] ] ] } },
{ "type": "Feature", "properties": { "element": "way", "id": 577687766, "name": null, "landuse": "industrial" }, "geometry": { "type": "Polygon", "coordinates": [ [ [ 9.1849995, 48.8372769 ], [ 9.1822767, 48.8360906 ], [ 9.1825904, 48.8357396 ], [ 9.1835135, 48.8360985 ], [ 9.1841218, 48.8363556 ], [ 9.1841838, 48.8363891 ], [ 9.1844912, 48.8365548 ], [ 9.1853215, 48.8368474 ], [ 9.1852114, 48.8370262 ], [ 9.1849995, 48.8372769 ] ] ] } },
{ "type": "Feature", "properties": { "element": "way", "id": 622691276, "name": null, "landuse": "industrial" }, "geometry": { "type": "Polygon", "coordinates": [ [ [ 9.2394701, 48.8209333 ], [ 9.2389256, 48.8207903 ], [ 9.2389631, 48.820362 ], [ 9.2393722, 48.8203788 ], [ 9.2393695, 48.8204165 ], [ 9.2393665, 48.8204575 ], [ 9.2394979, 48.8204654 ], [ 9.2394701, 48.8209333 ] ] ] } },
{ "type": "Feature", "properties": { "element": "way", "id": 655234436, "name": null, "landuse": "industrial" }, "geometry": { "type": "Polygon", "coordinates": [ [ [ 9.2632619, 48.769244 ], [ 9.2634999, 48.7689248 ], [ 9.263884, 48.76843 ], [ 9.2641718, 48.7680424 ], [ 9.2642013, 48.7680027 ], [ 9.2636766, 48.7678359 ], [ 9.2636594, 48.7678595 ], [ 9.2635618, 48.7678269 ], [ 9.2629086, 48.7686613 ], [ 9.2626117, 48.7690305 ], [ 9.2632619, 48.769244 ] ] ] } },
{ "type": "Feature", "properties": { "element": "way", "id": 668206708, "name": "Lachenäcker", "landuse": "industrial" }, "geometry": { "type": "Polygon", "coordinates": [ [ [ 9.2925851, 48.8526143 ], [ 9.291726, 48.853148 ], [ 9.2919445, 48.8535851 ], [ 9.2924361, 48.8543297 ], [ 9.2928467, 48.8548909 ], [ 9.2932671, 48.8552863 ], [ 9.2934967, 48.8554288 ], [ 9.2937756, 48.8555537 ], [ 9.294813, 48.8546037 ], [ 9.2942432, 48.8542151 ], [ 9.2941232, 48.8541215 ], [ 9.2940704, 48.8540803 ], [ 9.2942291, 48.8539498 ], [ 9.2945892, 48.8536539 ], [ 9.2949915, 48.8538745 ], [ 9.2959642, 48.8530058 ], [ 9.2963955, 48.8531932 ], [ 9.296781, 48.853184 ], [ 9.2975503, 48.8530891 ], [ 9.2976013, 48.8531915 ], [ 9.2996451, 48.8528385 ], [ 9.2995217, 48.8525244 ], [ 9.3001682, 48.8524132 ], [ 9.3002593, 48.8525667 ], [ 9.3008604, 48.8524659 ], [ 9.3009433, 48.852452 ], [ 9.301961, 48.852242 ], [ 9.3021047, 48.8522123 ], [ 9.3026707, 48.8520955 ], [ 9.3024238, 48.8516028 ], [ 9.3019518, 48.8507118 ], [ 9.3016031, 48.8506094 ], [ 9.3016399, 48.8502144 ], [ 9.3016037, 48.8501042 ], [ 9.301469, 48.8500182 ], [ 9.3013598, 48.850058 ], [ 9.2993727, 48.8506127 ], [ 9.2992052, 48.8508742 ], [ 9.2990443, 48.8511795 ], [ 9.2988041, 48.8512013 ], [ 9.2980358, 48.8513436 ], [ 9.2967725, 48.8514937 ], [ 9.2967054, 48.8512836 ], [ 9.294809, 48.8514451 ], [ 9.2948, 48.8513541 ], [ 9.2936744, 48.8517132 ], [ 9.2927009, 48.8519737 ], [ 9.2921605, 48.8522821 ], [ 9.2925851, 48.8526143 ] ] ] } },
{ "type": "Feature", "properties": { "element": "way", "id": 682774568, "name": null, "landuse": "industrial" }, "geometry": { "type": "Polygon", "coordinates": [ [ [ 9.1077935, 48.9449106 ], [ 9.1078509, 48.9449276 ], [ 9.1088281, 48.9448275 ], [ 9.1090223, 48.9448541 ], [ 9.1090338, 48.9449439 ], [ 9.1091353, 48.9456098 ], [ 9.1093584, 48.9455775 ], [ 9.1093406, 48.9454983 ], [ 9.1096017, 48.9454421 ], [ 9.1096582, 48.9454867 ], [ 9.1100517, 48.9454157 ], [ 9.1101764, 48.9454043 ], [ 9.110864, 48.9452059 ], [ 9.11062, 48.9449721 ], [ 9.1105657, 48.9446048 ], [ 9.1105871, 48.9444064 ], [ 9.1107643, 48.9440341 ], [ 9.1105198, 48.9439819 ], [ 9.1107571, 48.9436933 ], [ 9.110422, 48.9435568 ], [ 9.1103496, 48.9436063 ], [ 9.109289, 48.943989 ], [ 9.1091651, 48.9440337 ], [ 9.1090742, 48.9438958 ], [ 9.1088033, 48.9439416 ], [ 9.1087228, 48.9437002 ], [ 9.1083419, 48.9437584 ], [ 9.1082364, 48.9431046 ], [ 9.1081472, 48.9429124 ], [ 9.1077209, 48.9430336 ], [ 9.1075616, 48.9430718 ], [ 9.1072744, 48.9431237 ], [ 9.1072819, 48.9431637 ], [ 9.1073897, 48.9437372 ], [ 9.1069955, 48.9437654 ], [ 9.1070878, 48.9443318 ], [ 9.1076061, 48.9442653 ], [ 9.1077935, 48.9449106 ] ] ] } },
{ "type": "Feature", "properties": { "element": "way", "id": 696175311, "name": null, "landuse": "industrial" }, "geometry": { "type": "Polygon", "coordinates": [ [ [ 9.2366481, 48.9460371 ], [ 9.2372221, 48.9459481 ], [ 9.2379463, 48.9457825 ], [ 9.2381528, 48.9460908 ], [ 9.2382172, 48.9461877 ], [ 9.2378846, 48.9462819 ], [ 9.2373481, 48.9463189 ], [ 9.2369079, 48.9463658 ], [ 9.236699, 48.9463651 ], [ 9.2366481, 48.9460371 ] ] ] } },
{ "type": "Feature", "properties": { "element": "way", "id": 708708025, "name": null, "landuse": "industrial" }, "geometry": { "type": "Polygon", "coordinates": [ [ [ 9.3099426, 48.7201618 ], [ 9.3094837, 48.7195553 ], [ 9.3101723, 48.7194149 ], [ 9.3107868, 48.7193137 ], [ 9.3108341, 48.7193115 ], [ 9.31088, 48.7193141 ], [ 9.310926, 48.7193262 ], [ 9.3109649, 48.7193439 ], [ 9.3109955, 48.7193653 ], [ 9.3110183, 48.7193896 ], [ 9.3110642, 48.7194692 ], [ 9.3111444, 48.7196551 ], [ 9.3111577, 48.7196882 ], [ 9.3111885, 48.7197649 ], [ 9.3112522, 48.7199104 ], [ 9.3113583, 48.7201588 ], [ 9.3114175, 48.7202982 ], [ 9.3114248, 48.7203346 ], [ 9.3114151, 48.72037 ], [ 9.3113904, 48.7203956 ], [ 9.3113565, 48.7204176 ], [ 9.3107495, 48.7207845 ], [ 9.3104625, 48.7209955 ], [ 9.3098413, 48.7215339 ], [ 9.3093381, 48.7214267 ], [ 9.3092132, 48.7212371 ], [ 9.3088029, 48.7211508 ], [ 9.3088386, 48.7209671 ], [ 9.308881, 48.7208608 ], [ 9.3089412, 48.7207597 ], [ 9.309023, 48.7206609 ], [ 9.3091449, 48.7205544 ], [ 9.3093021, 48.7204361 ], [ 9.3093553, 48.7204131 ], [ 9.3096368, 48.7203268 ], [ 9.3099852, 48.720225 ], [ 9.3099426, 48.7201618 ] ] ] } },
{ "type": "Feature", "properties": { "element": "way", "id": 712524433, "name": null, "landuse": "industrial" }, "geometry": { "type": "Polygon", "coordinates": [ [ [ 9.0802996, 48.8807267 ], [ 9.0801613, 48.8808252 ], [ 9.0800519, 48.8809311 ], [ 9.0799478, 48.8811429 ], [ 9.0798723, 48.8812761 ], [ 9.0796906, 48.8815532 ], [ 9.0795064, 48.881675 ], [ 9.07967, 48.8818804 ], [ 9.0797783, 48.8824589 ], [ 9.0798511, 48.8829152 ], [ 9.0799895, 48.8837525 ], [ 9.0800261, 48.8840051 ], [ 9.080115, 48.8841295 ], [ 9.0803652, 48.885558 ], [ 9.0801725, 48.8856475 ], [ 9.0803652, 48.8865288 ], [ 9.0805379, 48.8875283 ], [ 9.0807268, 48.8885164 ], [ 9.0807105, 48.8885902 ], [ 9.0806582, 48.8886681 ], [ 9.0805784, 48.8886995 ], [ 9.0804794, 48.8887234 ], [ 9.0768156, 48.8889458 ], [ 9.0766724, 48.8889512 ], [ 9.0763145, 48.8889187 ], [ 9.0758822, 48.8888571 ], [ 9.0747864, 48.8886688 ], [ 9.0726692, 48.8884625 ], [ 9.0723828, 48.8884154 ], [ 9.0722987, 48.8883796 ], [ 9.0721309, 48.8883949 ], [ 9.0719263, 48.8884886 ], [ 9.0714637, 48.8884307 ], [ 9.0715684, 48.8876523 ], [ 9.0721405, 48.8876662 ], [ 9.0721796, 48.8874423 ], [ 9.072075, 48.8873698 ], [ 9.0720364, 48.8872558 ], [ 9.0720144, 48.886318 ], [ 9.0719979, 48.8859306 ], [ 9.0719499, 48.8853134 ], [ 9.0721576, 48.8852137 ], [ 9.0724219, 48.885105 ], [ 9.0730001, 48.8848986 ], [ 9.0732941, 48.8847537 ], [ 9.0742252, 48.8847538 ], [ 9.0746933, 48.8847484 ], [ 9.0754449, 48.8847773 ], [ 9.0753947, 48.8841332 ], [ 9.0754084, 48.8838375 ], [ 9.0754061, 48.8836007 ], [ 9.0754298, 48.8835033 ], [ 9.0755855, 48.8829682 ], [ 9.0755952, 48.8828594 ], [ 9.0756186, 48.8826571 ], [ 9.075642, 48.8821207 ], [ 9.0756245, 48.8817392 ], [ 9.0755991, 48.8813922 ], [ 9.0755875, 48.8812091 ], [ 9.0755806, 48.8808206 ], [ 9.0755826, 48.8807745 ], [ 9.0756303, 48.8805837 ], [ 9.075933, 48.8804851 ], [ 9.0762348, 48.8804237 ], [ 9.0774204, 48.8801868 ], [ 9.0780002, 48.8800758 ], [ 9.0780105, 48.8804589 ], [ 9.0786695, 48.8804364 ], [ 9.0796961, 48.8805132 ], [ 9.0796685, 48.880685 ], [ 9.0802996, 48.8807267 ] ] ] } },
{ "type": "Feature", "properties": { "element": "way", "id": 742394903, "name": null, "landuse": "industrial" }, "geometry": { "type": "Polygon", "coordinates": [ [ [ 9.1498782, 48.8984805 ], [ 9.1498763, 48.898485 ], [ 9.1497618, 48.8984805 ], [ 9.1494386, 48.8984624 ], [ 9.148641, 48.898429 ], [ 9.1486003, 48.8984245 ], [ 9.1486039, 48.8983902 ], [ 9.1486193, 48.8982418 ], [ 9.1486702, 48.8976265 ], [ 9.1496943, 48.8976679 ], [ 9.1497993, 48.8976719 ], [ 9.1499508, 48.8976541 ], [ 9.1499507, 48.8976858 ], [ 9.1499457, 48.8977579 ], [ 9.1499421, 48.8978196 ], [ 9.1499336, 48.8979097 ], [ 9.1498782, 48.8984805 ] ] ] } },
{ "type": "Feature", "properties": { "element": "way", "id": 742394904, "name": null, "landuse": "industrial" }, "geometry": { "type": "Polygon", "coordinates": [ [ [ 9.1498782, 48.8984805 ], [ 9.1511363, 48.8985415 ], [ 9.1511969, 48.8985021 ], [ 9.1512232, 48.8984448 ], [ 9.151217, 48.89832 ], [ 9.1511782, 48.8981981 ], [ 9.1511607, 48.8981648 ], [ 9.151027, 48.8979118 ], [ 9.1508737, 48.8976182 ], [ 9.1508298, 48.8975674 ], [ 9.1507778, 48.8975353 ], [ 9.1507076, 48.8975234 ], [ 9.1506066, 48.8975331 ], [ 9.1499674, 48.8976514 ], [ 9.1499508, 48.8976541 ], [ 9.1499507, 48.8976858 ], [ 9.1499457, 48.8977579 ], [ 9.1499421, 48.8978196 ], [ 9.1499336, 48.8979097 ], [ 9.1498782, 48.8984805 ] ] ] } },
{ "type": "Feature", "properties": { "element": "way", "id": 742394905, "name": null, "landuse": "industrial" }, "geometry": { "type": "Polygon", "coordinates": [ [ [ 9.1551933, 48.8921379 ], [ 9.1554571, 48.892146 ], [ 9.1568446, 48.8921972 ], [ 9.1585422, 48.8922469 ], [ 9.1607094, 48.8923104 ], [ 9.1606209, 48.8942775 ], [ 9.1605457, 48.894313 ], [ 9.1594487, 48.8943102 ], [ 9.1590518, 48.8942326 ], [ 9.1579843, 48.89376 ], [ 9.1568577, 48.8933085 ], [ 9.1559887, 48.8930299 ], [ 9.1551762, 48.8927375 ], [ 9.1551933, 48.8921379 ] ] ] } },
{ "type": "Feature", "properties": { "element": "way", "id": 746641403, "name": null, "landuse": "industrial" }, "geometry": { "type": "Polygon", "coordinates": [ [ [ 9.0675053, 48.8197166 ], [ 9.0673846, 48.8199974 ], [ 9.0668213, 48.8208875 ], [ 9.0649036, 48.8203065 ], [ 9.0643242, 48.820114 ], [ 9.0644503, 48.8197573 ], [ 9.0649813, 48.8198756 ], [ 9.0652455, 48.8192778 ], [ 9.0653408, 48.8190614 ], [ 9.0660328, 48.8192804 ], [ 9.0675053, 48.8197166 ] ] ] } },
{ "type": "Feature", "properties": { "element": "way", "id": 746641404, "name": null, "landuse": "industrial" }, "geometry": { "type": "Polygon", "coordinates": [ [ [ 9.0660328, 48.8192804 ], [ 9.0675053, 48.8197166 ], [ 9.0675724, 48.8192963 ], [ 9.0677655, 48.8187329 ], [ 9.0670708, 48.8185758 ], [ 9.0668991, 48.8184857 ], [ 9.0663707, 48.8183232 ], [ 9.0660328, 48.8192804 ] ] ] } },
{ "type": "Feature", "properties": { "element": "way", "id": 746641405, "name": null, "landuse": "industrial" }, "geometry": { "type": "Polygon", "coordinates": [ [ [ 9.064697, 48.8191745 ], [ 9.0652455, 48.8192778 ], [ 9.0653408, 48.8190614 ], [ 9.0660328, 48.8192804 ], [ 9.0663707, 48.8183232 ], [ 9.0660462, 48.818249 ], [ 9.0657565, 48.8182155 ], [ 9.0654534, 48.8182102 ], [ 9.0652817, 48.8182314 ], [ 9.0649921, 48.8184133 ], [ 9.064697, 48.8191745 ] ] ] } },
{ "type": "Feature", "properties": { "element": "way", "id": 748979210, "name": null, "landuse": "industrial" }, "geometry": { "type": "Polygon", "coordinates": [ [ [ 9.2205794, 48.7982938 ], [ 9.2205275, 48.7986485 ], [ 9.21884, 48.7984839 ], [ 9.2187332, 48.7989262 ], [ 9.2198841, 48.7990243 ], [ 9.220049, 48.7990384 ], [ 9.2200236, 48.7991771 ], [ 9.2204429, 48.7992073 ], [ 9.2203888, 48.7994953 ], [ 9.2199622, 48.7994627 ], [ 9.2199408, 48.7995916 ], [ 9.2192413, 48.7995359 ], [ 9.2192183, 48.7996534 ], [ 9.2192132, 48.7996798 ], [ 9.218505, 48.7997516 ], [ 9.2184062, 48.7997616 ], [ 9.2179919, 48.7996606 ], [ 9.217824, 48.7997529 ], [ 9.2173009, 48.8000541 ], [ 9.2169864, 48.800121 ], [ 9.2164367, 48.8004222 ], [ 9.2163833, 48.8004514 ], [ 9.2162403, 48.8005298 ], [ 9.2160665, 48.800367 ], [ 9.2152318, 48.7996879 ], [ 9.2168439, 48.7987931 ], [ 9.2187871, 48.7976901 ], [ 9.2207613, 48.7965952 ], [ 9.2207655, 48.7970466 ], [ 9.2207661, 48.7971098 ], [ 9.2207685, 48.7973735 ], [ 9.2205794, 48.7982938 ] ] ] } },
{ "type": "Feature", "properties": { "element": "way", "id": 779866892, "name": null, "landuse": "industrial" }, "geometry": { "type": "Polygon", "coordinates": [ [ [ 9.1965316, 48.9396712 ], [ 9.1957633, 48.9398977 ], [ 9.1943242, 48.940322 ], [ 9.194114, 48.9403952 ], [ 9.1947593, 48.9411564 ], [ 9.1954099, 48.9416854 ], [ 9.1958166, 48.9416993 ], [ 9.1981628, 48.9409144 ], [ 9.1980699, 48.9407241 ], [ 9.1973266, 48.9409218 ], [ 9.1972803, 48.9408488 ], [ 9.1965316, 48.9396712 ] ] ] } },
{ "type": "Feature", "properties": { "element": "way", "id": 800785017, "name": null, "landuse": "industrial" }, "geometry": { "type": "Polygon", "coordinates": [ [ [ 9.2216559, 48.7884846 ], [ 9.2216023, 48.7885168 ], [ 9.2215432, 48.7886095 ], [ 9.2218128, 48.7888145 ], [ 9.2218865, 48.7887916 ], [ 9.2219757, 48.7888019 ], [ 9.2230345, 48.7883268 ], [ 9.2225236, 48.7879539 ], [ 9.2216559, 48.7884846 ] ] ] } },
{ "type": "Feature", "properties": { "element": "way", "id": 815892680, "name": "Enzkraftwerk Bietigheim-Bissingen", "landuse": "industrial" }, "geometry": { "type": "Polygon", "coordinates": [ [ [ 9.1308447, 48.9588323 ], [ 9.1310914, 48.9586704 ], [ 9.1309887, 48.958603 ], [ 9.1309828, 48.9586068 ], [ 9.1308698, 48.9585326 ], [ 9.1308757, 48.9585287 ], [ 9.1307929, 48.9584744 ], [ 9.1306815, 48.9585475 ], [ 9.130823, 48.9586405 ], [ 9.1307864, 48.9586645 ], [ 9.1307207, 48.9587077 ], [ 9.1306871, 48.9587297 ], [ 9.1307412, 48.9587649 ], [ 9.1308447, 48.9588323 ] ] ] } },
{ "type": "Feature", "properties": { "element": "way", "id": 821628220, "name": "Lagerplatz Walz & Rich", "landuse": "industrial" }, "geometry": { "type": "Polygon", "coordinates": [ [ [ 9.1377733, 48.7366715 ], [ 9.1377388, 48.7366654 ], [ 9.1376849, 48.736655 ], [ 9.1374828, 48.7367682 ], [ 9.1373038, 48.736889 ], [ 9.136939, 48.7371913 ], [ 9.1374603, 48.7373611 ], [ 9.1377733, 48.7366715 ] ] ] } },
{ "type": "Feature", "properties": { "element": "way", "id": 821628222, "name": "Lagerplatz", "landuse": "industrial" }, "geometry": { "type": "Polygon", "coordinates": [ [ [ 9.1388997, 48.7359875 ], [ 9.1389121, 48.735953 ], [ 9.1389639, 48.7358015 ], [ 9.1393224, 48.735856 ], [ 9.1392614, 48.7360414 ], [ 9.1388997, 48.7359875 ] ] ] } },
{ "type": "Feature", "properties": { "element": "way", "id": 844716355, "name": null, "landuse": "industrial" }, "geometry": { "type": "Polygon", "coordinates": [ [ [ 9.3470973, 48.7262345 ], [ 9.3471524, 48.7266777 ], [ 9.3475371, 48.7266683 ], [ 9.3478964, 48.7266559 ], [ 9.3481074, 48.7266441 ], [ 9.348229, 48.7266357 ], [ 9.3485248, 48.7266067 ], [ 9.3487614, 48.7265754 ], [ 9.3488748, 48.726539 ], [ 9.3491017, 48.7265004 ], [ 9.3494656, 48.7264399 ], [ 9.3498465, 48.7263754 ], [ 9.3500411, 48.7263448 ], [ 9.3502106, 48.7263161 ], [ 9.3508017, 48.7261876 ], [ 9.3509825, 48.7261387 ], [ 9.351476, 48.72601 ], [ 9.3518287, 48.7259278 ], [ 9.3520487, 48.7258802 ], [ 9.3522059, 48.7258486 ], [ 9.3524287, 48.7258118 ], [ 9.3529106, 48.7257369 ], [ 9.3532854, 48.7256837 ], [ 9.3532352, 48.7254841 ], [ 9.3532066, 48.7253942 ], [ 9.3530973, 48.7254126 ], [ 9.3527844, 48.7254506 ], [ 9.3522652, 48.7255262 ], [ 9.3518192, 48.725588 ], [ 9.3508546, 48.7257211 ], [ 9.3500105, 48.7258345 ], [ 9.3499323, 48.7258513 ], [ 9.3497629, 48.7258718 ], [ 9.3492374, 48.7259449 ], [ 9.348734, 48.7260145 ], [ 9.3481562, 48.7260927 ], [ 9.3470973, 48.7262345 ] ] ] } },
{ "type": "Feature", "properties": { "element": "way", "id": 851932116, "name": null, "landuse": "industrial" }, "geometry": { "type": "Polygon", "coordinates": [ [ [ 9.1584995, 48.9389308 ], [ 9.1584971, 48.9388632 ], [ 9.1577237, 48.938875 ], [ 9.1577372, 48.9392576 ], [ 9.1585107, 48.9392458 ], [ 9.1584995, 48.9389308 ] ] ] } },
{ "type": "Feature", "properties": { "element": "way", "id": 852049325, "name": "TAL Schieberstation Enz", "landuse": "industrial" }, "geometry": { "type": "Polygon", "coordinates": [ [ [ 9.1504274, 48.9782479 ], [ 9.150399, 48.9781763 ], [ 9.150517, 48.9781561 ], [ 9.1505375, 48.9782078 ], [ 9.1505454, 48.9782277 ], [ 9.1505129, 48.9782333 ], [ 9.1504595, 48.9782424 ], [ 9.1504274, 48.9782479 ] ] ] } },
{ "type": "Feature", "properties": { "element": "way", "id": 852097435, "name": null, "landuse": "industrial" }, "geometry": { "type": "Polygon", "coordinates": [ [ [ 9.2132351, 48.9742243 ], [ 9.2129561, 48.9745473 ], [ 9.213113, 48.9746019 ], [ 9.2133437, 48.9743449 ], [ 9.2132351, 48.9742243 ] ] ] } },
{ "type": "Feature", "properties": { "element": "way", "id": 863493098, "name": "Industriegebiet Siemensstraße", "landuse": "industrial" }, "geometry": { "type": "Polygon", "coordinates": [ [ [ 9.1141561, 48.8510291 ], [ 9.1138899, 48.8508019 ], [ 9.1134849, 48.8504364 ], [ 9.1129714, 48.8501752 ], [ 9.1127376, 48.8500893 ], [ 9.112662, 48.8500615 ], [ 9.1125419, 48.8500226 ], [ 9.1125031, 48.8500104 ], [ 9.1122429, 48.849895 ], [ 9.1116376, 48.849707 ], [ 9.1110235, 48.8495853 ], [ 9.1107262, 48.8495637 ], [ 9.1102896, 48.8495394 ], [ 9.10994, 48.8495315 ], [ 9.1095454, 48.8495509 ], [ 9.1089146, 48.8496284 ], [ 9.1080165, 48.8498378 ], [ 9.1068631, 48.8501067 ], [ 9.105914, 48.8503715 ], [ 9.1058871, 48.8503783 ], [ 9.1057374, 48.8504181 ], [ 9.1053922, 48.8505168 ], [ 9.1049962, 48.8506367 ], [ 9.1049118, 48.8506611 ], [ 9.1035306, 48.8510768 ], [ 9.103049, 48.8512311 ], [ 9.1030825, 48.851297 ], [ 9.102947, 48.8513361 ], [ 9.1029614, 48.8513926 ], [ 9.10299, 48.8514508 ], [ 9.1030986, 48.8516056 ], [ 9.1034043, 48.8520375 ], [ 9.1036017, 48.8523324 ], [ 9.1037172, 48.8525357 ], [ 9.1038147, 48.8526846 ], [ 9.1039444, 48.8528095 ], [ 9.1040501, 48.8528668 ], [ 9.1041584, 48.8529094 ], [ 9.1042555, 48.8529331 ], [ 9.1043745, 48.852948 ], [ 9.1045555, 48.8529373 ], [ 9.1054736, 48.8528408 ], [ 9.1055005, 48.852937 ], [ 9.1057642, 48.8539557 ], [ 9.1059002, 48.8544071 ], [ 9.1070178, 48.8543512 ], [ 9.1074026, 48.854328 ], [ 9.1085773, 48.8542482 ], [ 9.1104959, 48.8542673 ], [ 9.1112762, 48.8542813 ], [ 9.1134965, 48.854315 ], [ 9.1129853, 48.8527899 ], [ 9.1129864, 48.8527851 ], [ 9.1131215, 48.8526527 ], [ 9.1140537, 48.8528209 ], [ 9.1146727, 48.852897 ], [ 9.1150405, 48.852795 ], [ 9.1150545, 48.8526896 ], [ 9.1147404, 48.8517978 ], [ 9.1144669, 48.8513638 ], [ 9.1143912, 48.8512728 ], [ 9.1141561, 48.8510291 ] ] ] } },
{ "type": "Feature", "properties": { "element": "way", "id": 865625285, "name": null, "landuse": "industrial" }, "geometry": { "type": "Polygon", "coordinates": [ [ [ 9.2522754, 48.8587446 ], [ 9.2522377, 48.8586687 ], [ 9.2523068, 48.8586538 ], [ 9.2523445, 48.8587298 ], [ 9.2522754, 48.8587446 ] ] ] } },
{ "type": "Feature", "properties": { "element": "way", "id": 901389120, "name": "Gleichauf GmbH", "landuse": "industrial" }, "geometry": { "type": "Polygon", "coordinates": [ [ [ 9.3255308, 48.8595832 ], [ 9.3253789, 48.8595151 ], [ 9.3253367, 48.8594908 ], [ 9.3254533, 48.8593748 ], [ 9.3256512, 48.859467 ], [ 9.3256448, 48.8594738 ], [ 9.3262702, 48.859756 ], [ 9.3261589, 48.8598638 ], [ 9.3255308, 48.8595832 ] ] ] } },
{ "type": "Feature", "properties": { "element": "way", "id": 974973642, "name": null, "landuse": "industrial" }, "geometry": { "type": "Polygon", "coordinates": [ [ [ 9.2396039, 48.927573 ], [ 9.2394885, 48.9268153 ], [ 9.2396843, 48.9267959 ], [ 9.2403468, 48.9270179 ], [ 9.2407358, 48.9271642 ], [ 9.2416316, 48.9274391 ], [ 9.2413956, 48.9276805 ], [ 9.2409369, 48.9276171 ], [ 9.2396039, 48.927573 ] ] ] } },
{ "type": "Feature", "properties": { "element": "way", "id": 974973643, "name": null, "landuse": "industrial" }, "geometry": { "type": "Polygon", "coordinates": [ [ [ 9.2371678, 48.9284021 ], [ 9.2378035, 48.9283688 ], [ 9.2377385, 48.9278326 ], [ 9.2371028, 48.9278658 ], [ 9.2371678, 48.9284021 ] ] ] } },
{ "type": "Feature", "properties": { "element": "way", "id": 974973644, "name": null, "landuse": "industrial" }, "geometry": { "type": "Polygon", "coordinates": [ [ [ 9.2349407, 48.9279353 ], [ 9.2370974, 48.9278222 ], [ 9.2371028, 48.9278658 ], [ 9.2371678, 48.9284021 ], [ 9.235813, 48.9284741 ], [ 9.2350113, 48.9285161 ], [ 9.2349479, 48.9279948 ], [ 9.2349407, 48.9279353 ] ] ] } },
{ "type": "Feature", "properties": { "element": "way", "id": 974973645, "name": null, "landuse": "industrial" }, "geometry": { "type": "Polygon", "coordinates": [ [ [ 9.2296958, 48.9261615 ], [ 9.230479, 48.9261086 ], [ 9.2303717, 48.9253966 ], [ 9.2281187, 48.924949 ], [ 9.2262951, 48.924552 ], [ 9.2261589, 48.9246085 ], [ 9.2257264, 48.9255937 ], [ 9.225819, 48.9258253 ], [ 9.2260284, 48.9259991 ], [ 9.226269, 48.9260767 ], [ 9.2267136, 48.9261217 ], [ 9.2291622, 48.9262418 ], [ 9.2296958, 48.9261615 ] ] ] } },
{ "type": "Feature", "properties": { "element": "way", "id": 979808625, "name": "Wasserkraftwerk Esslingen", "landuse": "industrial" }, "geometry": { "type": "Polygon", "coordinates": [ [ [ 9.3125895, 48.7327509 ], [ 9.3126509, 48.7327152 ], [ 9.3127239, 48.7326745 ], [ 9.3127361, 48.7326762 ], [ 9.3127382, 48.7326719 ], [ 9.3129057, 48.7326929 ], [ 9.312904, 48.7327005 ], [ 9.3129825, 48.732706 ], [ 9.3129707, 48.7327492 ], [ 9.3129634, 48.732784 ], [ 9.312885, 48.7327758 ], [ 9.3128827, 48.7327823 ], [ 9.3127152, 48.7327641 ], [ 9.3127159, 48.7327604 ], [ 9.3125895, 48.7327509 ] ] ] } },
{ "type": "Feature", "properties": { "element": "way", "id": 990899481, "name": null, "landuse": "industrial" }, "geometry": { "type": "Polygon", "coordinates": [ [ [ 9.1116766, 48.9403231 ], [ 9.1119073, 48.9403787 ], [ 9.1119169, 48.9405711 ], [ 9.1122466, 48.9405776 ], [ 9.1124747, 48.9405841 ], [ 9.1128655, 48.9405061 ], [ 9.1133592, 48.9402892 ], [ 9.1133335, 48.9401357 ], [ 9.113714, 48.9398629 ], [ 9.1139732, 48.9397352 ], [ 9.1143298, 48.9395239 ], [ 9.1146483, 48.9393351 ], [ 9.1144366, 48.9391733 ], [ 9.1143381, 48.9391961 ], [ 9.1135718, 48.9397235 ], [ 9.1134657, 48.9394302 ], [ 9.1124134, 48.9387283 ], [ 9.112764, 48.9385949 ], [ 9.1132336, 48.9384259 ], [ 9.1134817, 48.9378733 ], [ 9.1135554, 48.937709 ], [ 9.1123371, 48.9374846 ], [ 9.1121007, 48.9374128 ], [ 9.1120017, 48.9373853 ], [ 9.1111197, 48.9370589 ], [ 9.1108914, 48.9374649 ], [ 9.1106621, 48.9379992 ], [ 9.110529, 48.9383094 ], [ 9.1103891, 48.9386729 ], [ 9.11047, 48.9386509 ], [ 9.1104335, 48.9388858 ], [ 9.110361, 48.9393961 ], [ 9.1108248, 48.9392228 ], [ 9.1114828, 48.9396093 ], [ 9.1120336, 48.9398111 ], [ 9.1117251, 48.9400979 ], [ 9.1115283, 48.940281 ], [ 9.1116766, 48.9403231 ] ] ] } },
{ "type": "Feature", "properties": { "element": "way", "id": 996611538, "name": null, "landuse": "industrial" }, "geometry": { "type": "Polygon", "coordinates": [ [ [ 9.1975259, 48.8068004 ], [ 9.1979313, 48.8068457 ], [ 9.1980057, 48.8068539 ], [ 9.1980067, 48.8068489 ], [ 9.1980158, 48.8068049 ], [ 9.1980553, 48.8068085 ], [ 9.1980622, 48.8067754 ], [ 9.197861, 48.8067576 ], [ 9.1975259, 48.8068004 ] ] ] } },
{ "type": "Feature", "properties": { "element": "way", "id": 1002263001, "name": "Industriegebiet Lingwiesen", "landuse": "industrial" }, "geometry": { "type": "Polygon", "coordinates": [ [ [ 9.1145424, 48.85104 ], [ 9.1148727, 48.8514149 ], [ 9.1151415, 48.8518804 ], [ 9.1151939, 48.8521259 ], [ 9.1154296, 48.8528444 ], [ 9.1155171, 48.8529161 ], [ 9.1156001, 48.8529434 ], [ 9.115789, 48.8529797 ], [ 9.1165284, 48.8530218 ], [ 9.116878, 48.85305 ], [ 9.1173471, 48.8531146 ], [ 9.117899, 48.8524835 ], [ 9.1181615, 48.8520459 ], [ 9.1183183, 48.8517476 ], [ 9.1185535, 48.8510991 ], [ 9.1188005, 48.8498318 ], [ 9.1188131, 48.8496538 ], [ 9.1187114, 48.8490487 ], [ 9.1171619, 48.8490673 ], [ 9.1168884, 48.8489873 ], [ 9.1167097, 48.8489757 ], [ 9.116226, 48.8490129 ], [ 9.1159875, 48.8482115 ], [ 9.1137157, 48.8484436 ], [ 9.1133292, 48.8485067 ], [ 9.1107467, 48.8491441 ], [ 9.1108193, 48.8492646 ], [ 9.1109148, 48.8494146 ], [ 9.1115784, 48.8495073 ], [ 9.1122025, 48.8496493 ], [ 9.1126789, 48.8497917 ], [ 9.1127489, 48.8498145 ], [ 9.1130189, 48.8499301 ], [ 9.1130226, 48.8499445 ], [ 9.1133192, 48.8500795 ], [ 9.1135043, 48.8502057 ], [ 9.1137306, 48.8503235 ], [ 9.1138741, 48.850407 ], [ 9.1141074, 48.8505919 ], [ 9.1140746, 48.8506141 ], [ 9.1143442, 48.8508253 ], [ 9.1145424, 48.85104 ] ] ] } },
{ "type": "Feature", "properties": { "element": "way", "id": 1008236043, "name": null, "landuse": "industrial" }, "geometry": { "type": "Polygon", "coordinates": [ [ [ 9.2007648, 48.9130249 ], [ 9.2007615, 48.913414 ], [ 9.2008071, 48.9137128 ], [ 9.2000896, 48.9137622 ], [ 9.2000822, 48.9137009 ], [ 9.2001087, 48.9136359 ], [ 9.2000842, 48.9136226 ], [ 9.2000564, 48.9136075 ], [ 9.2000547, 48.9135806 ], [ 9.1999937, 48.9131147 ], [ 9.1999907, 48.9130919 ], [ 9.2000869, 48.9130575 ], [ 9.2007648, 48.9130249 ] ] ] } },
{ "type": "Feature", "properties": { "element": "way", "id": 1019555671, "name": "Autoverwertung Mack", "landuse": "industrial" }, "geometry": { "type": "Polygon", "coordinates": [ [ [ 9.23643, 48.8904695 ], [ 9.2368698, 48.8906094 ], [ 9.237015, 48.8903968 ], [ 9.2365857, 48.8900524 ], [ 9.2363768, 48.8901076 ], [ 9.2359559, 48.8902029 ], [ 9.2361571, 48.8906103 ], [ 9.23643, 48.8904695 ] ] ] } },
{ "type": "Feature", "properties": { "element": "way", "id": 1036486878, "name": null, "landuse": "industrial" }, "geometry": { "type": "Polygon", "coordinates": [ [ [ 9.0932269, 48.9766326 ], [ 9.0942569, 48.9764228 ], [ 9.0942094, 48.976143 ], [ 9.0944866, 48.9760914 ], [ 9.094391, 48.975828 ], [ 9.0929747, 48.9761432 ], [ 9.0932269, 48.9766326 ] ] ] } },
{ "type": "Feature", "properties": { "element": "way", "id": 1036979782, "name": "ehem. Schrottplatz", "landuse": "industrial" }, "geometry": { "type": "Polygon", "coordinates": [ [ [ 9.1432183, 48.9149495 ], [ 9.1430604, 48.9147911 ], [ 9.143006, 48.9147645 ], [ 9.1429587, 48.9147487 ], [ 9.142933, 48.9147516 ], [ 9.142921, 48.9147302 ], [ 9.1429098, 48.9147103 ], [ 9.1429593, 48.9146719 ], [ 9.1427704, 48.9146801 ], [ 9.1425169, 48.9146911 ], [ 9.141592, 48.9147218 ], [ 9.1414631, 48.9149023 ], [ 9.143084, 48.9149451 ], [ 9.1431277, 48.9149468 ], [ 9.1431667, 48.9149488 ], [ 9.1432183, 48.9149495 ] ] ] } },
{ "type": "Feature", "properties": { "element": "way", "id": 1093128881, "name": "Wasserkraftwerk Bäckermühle", "landuse": "industrial" }, "geometry": { "type": "Polygon", "coordinates": [ [ [ 9.3007924, 48.743346 ], [ 9.300829, 48.7433136 ], [ 9.300798, 48.7433027 ], [ 9.3007423, 48.7432831 ], [ 9.3007009, 48.7432957 ], [ 9.3006998, 48.7433135 ], [ 9.3007924, 48.743346 ] ] ] } },
{ "type": "Feature", "properties": { "element": "way", "id": 1096372870, "name": "Heizkraftwerk Korber Höhe", "landuse": "industrial" }, "geometry": { "type": "Polygon", "coordinates": [ [ [ 9.3397376, 48.8398412 ], [ 9.3397934, 48.8398408 ], [ 9.3399221, 48.839819 ], [ 9.340005, 48.8398049 ], [ 9.3400079, 48.8397613 ], [ 9.3400077, 48.8397011 ], [ 9.3400075, 48.8396288 ], [ 9.3397358, 48.8396292 ], [ 9.3395955, 48.8396297 ], [ 9.339598, 48.8397742 ], [ 9.3397363, 48.8397738 ], [ 9.3397376, 48.8398412 ] ] ] } },
{ "type": "Feature", "properties": { "element": "way", "id": 1108778890, "name": "Bioenergie Obertorhöfe", "landuse": "industrial" }, "geometry": { "type": "Polygon", "coordinates": [ [ [ 9.3415938, 48.953875 ], [ 9.3407254, 48.9537215 ], [ 9.3400263, 48.953546 ], [ 9.3393291, 48.9535274 ], [ 9.3385079, 48.9532787 ], [ 9.3384655, 48.9532398 ], [ 9.3384418, 48.9531875 ], [ 9.3384805, 48.9526058 ], [ 9.338541, 48.9524794 ], [ 9.3386288, 48.9523667 ], [ 9.3387695, 48.9522339 ], [ 9.3388886, 48.9521752 ], [ 9.3393748, 48.9521653 ], [ 9.3395436, 48.9522096 ], [ 9.3397841, 48.9522976 ], [ 9.3402172, 48.9524882 ], [ 9.3408136, 48.9527978 ], [ 9.3412424, 48.9529311 ], [ 9.3416785, 48.9530566 ], [ 9.3416155, 48.9532115 ], [ 9.3415938, 48.953875 ] ] ] } },
{ "type": "Feature", "properties": { "element": "way", "id": 1121625877, "name": null, "landuse": "industrial" }, "geometry": { "type": "Polygon", "coordinates": [ [ [ 9.1503116, 48.891601 ], [ 9.1500532, 48.8916092 ], [ 9.1499169, 48.8916399 ], [ 9.1498009, 48.8916798 ], [ 9.1497108, 48.8917979 ], [ 9.1497435, 48.8918655 ], [ 9.1499975, 48.8923039 ], [ 9.150063, 48.8922875 ], [ 9.1500953, 48.8923385 ], [ 9.1501556, 48.8923595 ], [ 9.1500722, 48.8923763 ], [ 9.150171, 48.8925654 ], [ 9.1502632, 48.8925853 ], [ 9.1503203, 48.8926593 ], [ 9.1502604, 48.8926725 ], [ 9.1504111, 48.8929691 ], [ 9.1504711, 48.8929559 ], [ 9.1504885, 48.8929889 ], [ 9.1504278, 48.8930024 ], [ 9.1505906, 48.8933172 ], [ 9.1506512, 48.8933036 ], [ 9.1506683, 48.8933262 ], [ 9.1506056, 48.8933402 ], [ 9.1507743, 48.8936652 ], [ 9.1508369, 48.8936512 ], [ 9.1508501, 48.8936719 ], [ 9.150788, 48.8936858 ], [ 9.1510268, 48.8941466 ], [ 9.1510888, 48.8941327 ], [ 9.151267, 48.8941234 ], [ 9.151305, 48.894136 ], [ 9.1513727, 48.8941404 ], [ 9.151411, 48.8941404 ], [ 9.1514863, 48.894123 ], [ 9.1515492, 48.8941284 ], [ 9.1518133, 48.8939488 ], [ 9.151912, 48.8938827 ], [ 9.1526787, 48.8933687 ], [ 9.1531557, 48.8930458 ], [ 9.153435, 48.8928684 ], [ 9.153726, 48.892685 ], [ 9.1537916, 48.8926479 ], [ 9.1536897, 48.8926054 ], [ 9.1536485, 48.8925881 ], [ 9.1533574, 48.8924815 ], [ 9.1530336, 48.892369 ], [ 9.1526044, 48.8922116 ], [ 9.1520579, 48.89203 ], [ 9.1518196, 48.8919459 ], [ 9.1511466, 48.8917721 ], [ 9.1508479, 48.8917203 ], [ 9.1503116, 48.891601 ] ] ] } },
{ "type": "Feature", "properties": { "element": "way", "id": 1124156306, "name": null, "landuse": "industrial" }, "geometry": { "type": "Polygon", "coordinates": [ [ [ 9.0592002, 48.9394894 ], [ 9.0590765, 48.939375 ], [ 9.0587905, 48.9390542 ], [ 9.0600655, 48.9391132 ], [ 9.0603578, 48.9395553 ], [ 9.0597656, 48.939545 ], [ 9.0594333, 48.939496 ], [ 9.0592002, 48.9394894 ] ] ] } },
{ "type": "Feature", "properties": { "element": "way", "id": 1125884421, "name": null, "landuse": "industrial" }, "geometry": { "type": "Polygon", "coordinates": [ [ [ 9.1475908, 48.9068317 ], [ 9.1478636, 48.9069741 ], [ 9.1484301, 48.9064406 ], [ 9.1486194, 48.9062884 ], [ 9.1491186, 48.9058177 ], [ 9.1508173, 48.9046953 ], [ 9.1505263, 48.9047869 ], [ 9.1501693, 48.9048983 ], [ 9.1496718, 48.9050518 ], [ 9.1491378, 48.9051359 ], [ 9.1478998, 48.905263 ], [ 9.1476096, 48.9052928 ], [ 9.1476212, 48.9059716 ], [ 9.1477051, 48.9061999 ], [ 9.1476362, 48.9063332 ], [ 9.1476135, 48.9063845 ], [ 9.1475958, 48.9065663 ], [ 9.1476282, 48.906709 ], [ 9.1475908, 48.9068317 ] ] ] } },
{ "type": "Feature", "properties": { "element": "way", "id": 1149372244, "name": null, "landuse": "industrial" }, "geometry": { "type": "Polygon", "coordinates": [ [ [ 9.0955123, 48.9050967 ], [ 9.0947676, 48.9051617 ], [ 9.0948363, 48.9055472 ], [ 9.0948283, 48.9055873 ], [ 9.0949678, 48.905593 ], [ 9.0953768, 48.9053691 ], [ 9.0953728, 48.9053224 ], [ 9.0954935, 48.9053083 ], [ 9.0955491, 48.9052483 ], [ 9.0955123, 48.9050967 ] ] ] } },
{ "type": "Feature", "properties": { "element": "way", "id": 1150932517, "name": null, "landuse": "industrial" }, "geometry": { "type": "Polygon", "coordinates": [ [ [ 9.1133909, 48.9572733 ], [ 9.1142952, 48.957221 ], [ 9.1142909, 48.9570857 ], [ 9.1134691, 48.9570969 ], [ 9.1133848, 48.9571872 ], [ 9.1133909, 48.9572733 ] ] ] } },
{ "type": "Feature", "properties": { "element": "way", "id": 1150936872, "name": null, "landuse": "industrial" }, "geometry": { "type": "Polygon", "coordinates": [ [ [ 9.1170525, 48.9572375 ], [ 9.1168875, 48.9570803 ], [ 9.1167542, 48.9569028 ], [ 9.1167566, 48.956825 ], [ 9.1175883, 48.9567723 ], [ 9.1176195, 48.9571071 ], [ 9.1175037, 48.9571111 ], [ 9.1174978, 48.9571386 ], [ 9.1170742, 48.9571997 ], [ 9.1170525, 48.9572375 ] ] ] } },
{ "type": "Feature", "properties": { "element": "way", "id": 1151507984, "name": null, "landuse": "industrial" }, "geometry": { "type": "Polygon", "coordinates": [ [ [ 9.0820157, 48.9376717 ], [ 9.0818738, 48.9376596 ], [ 9.0819092, 48.9373934 ], [ 9.0820813, 48.9374021 ], [ 9.0820509, 48.9374955 ], [ 9.0822563, 48.9375101 ], [ 9.0823171, 48.9375136 ], [ 9.082633, 48.9376514 ], [ 9.0826584, 48.9377677 ], [ 9.0823628, 48.9377897 ], [ 9.0822982, 48.9376312 ], [ 9.0822374, 48.9376242 ], [ 9.0820281, 48.9376072 ], [ 9.0820202, 48.9376473 ], [ 9.0820157, 48.9376717 ] ] ] } },
{ "type": "Feature", "properties": { "element": "way", "id": 1152341990, "name": null, "landuse": "industrial" }, "geometry": { "type": "Polygon", "coordinates": [ [ [ 9.0693691, 48.9640612 ], [ 9.0688636, 48.9639174 ], [ 9.0685128, 48.9638187 ], [ 9.0686948, 48.9635187 ], [ 9.0696138, 48.9637118 ], [ 9.0694553, 48.9639381 ], [ 9.0693691, 48.9640612 ] ] ] } },
{ "type": "Feature", "properties": { "element": "way", "id": 1155643037, "name": "Lagerplatz Dachdecker Schmid", "landuse": "industrial" }, "geometry": { "type": "Polygon", "coordinates": [ [ [ 9.1344787, 48.7288605 ], [ 9.1342939, 48.7288696 ], [ 9.1342419, 48.7284716 ], [ 9.1343621, 48.7284631 ], [ 9.134375, 48.7285387 ], [ 9.1344047, 48.7285478 ], [ 9.1344336, 48.7285572 ], [ 9.1344787, 48.7288605 ] ] ] } },
{ "type": "Feature", "properties": { "element": "way", "id": 1157757870, "name": null, "landuse": "industrial" }, "geometry": { "type": "Polygon", "coordinates": [ [ [ 9.1896922, 48.7913773 ], [ 9.1896124, 48.791415 ], [ 9.1893791, 48.791299 ], [ 9.1892977, 48.7912632 ], [ 9.1890244, 48.791143 ], [ 9.1886224, 48.790958 ], [ 9.1882591, 48.7907927 ], [ 9.1878943, 48.7906262 ], [ 9.1879598, 48.7905618 ], [ 9.1895773, 48.791318 ], [ 9.1896922, 48.7913773 ] ] ] } },
{ "type": "Feature", "properties": { "element": "way", "id": 1192144782, "name": null, "landuse": "industrial" }, "geometry": { "type": "Polygon", "coordinates": [ [ [ 9.2760241, 48.7414122 ], [ 9.2759526, 48.7413081 ], [ 9.2758852, 48.7412047 ], [ 9.2758353, 48.7411192 ], [ 9.2757961, 48.7410437 ], [ 9.2757645, 48.7409748 ], [ 9.275742, 48.7409185 ], [ 9.2757305, 48.7408593 ], [ 9.2767595, 48.7407891 ], [ 9.2770159, 48.7408294 ], [ 9.277208, 48.7407612 ], [ 9.2772509, 48.7406872 ], [ 9.277463, 48.7406851 ], [ 9.2778094, 48.7406931 ], [ 9.2782238, 48.7406833 ], [ 9.2782554, 48.7406871 ], [ 9.2783256, 48.7407055 ], [ 9.2783614, 48.7407092 ], [ 9.2786639, 48.7406987 ], [ 9.278698, 48.7408744 ], [ 9.2784395, 48.7408919 ], [ 9.2784398, 48.7409466 ], [ 9.2777502, 48.7410233 ], [ 9.2770656, 48.7411382 ], [ 9.2766405, 48.7412454 ], [ 9.2762217, 48.741351 ], [ 9.2760241, 48.7414122 ] ] ] } },
{ "type": "Feature", "properties": { "element": "way", "id": 1194770625, "name": null, "landuse": "industrial" }, "geometry": { "type": "Polygon", "coordinates": [ [ [ 9.1683888, 48.7835901 ], [ 9.1690571, 48.783801 ], [ 9.1691482, 48.7837901 ], [ 9.1691977, 48.7837776 ], [ 9.1698831, 48.7832819 ], [ 9.169743, 48.7832059 ], [ 9.1694596, 48.7831129 ], [ 9.1693224, 48.7831642 ], [ 9.1692987, 48.7831346 ], [ 9.1683834, 48.7833457 ], [ 9.1685103, 48.7834209 ], [ 9.1683888, 48.7835901 ] ] ] } },
{ "type": "Feature", "properties": { "element": "way", "id": 1230595616, "name": "Bauhof Stadt Waiblingen", "landuse": "industrial" }, "geometry": { "type": "Polygon", "coordinates": [ [ [ 9.3244871, 48.8319296 ], [ 9.3239159, 48.8312155 ], [ 9.3247277, 48.8308427 ], [ 9.3248676, 48.8309735 ], [ 9.3249742, 48.830918 ], [ 9.3256491, 48.8314705 ], [ 9.325563, 48.8315047 ], [ 9.3253011, 48.8316631 ], [ 9.3244871, 48.8319296 ] ] ] } },
{ "type": "Feature", "properties": { "element": "way", "id": 1236063563, "name": null, "landuse": "industrial" }, "geometry": { "type": "Polygon", "coordinates": [ [ [ 9.1241227, 48.9550583 ], [ 9.1241056, 48.9549696 ], [ 9.1240398, 48.9549752 ], [ 9.1240028, 48.9548011 ], [ 9.1243271, 48.954772 ], [ 9.1243288, 48.9548007 ], [ 9.1243554, 48.9547992 ], [ 9.1243816, 48.9549267 ], [ 9.1244111, 48.954926 ], [ 9.1244389, 48.9549358 ], [ 9.1244805, 48.9549504 ], [ 9.1244122, 48.9550334 ], [ 9.1241227, 48.9550583 ] ] ] } },
{ "type": "Feature", "properties": { "element": "way", "id": 1267711590, "name": null, "landuse": "industrial" }, "geometry": { "type": "Polygon", "coordinates": [ [ [ 9.1306944, 48.7106331 ], [ 9.1309145, 48.7106414 ], [ 9.1309362, 48.7103907 ], [ 9.1307162, 48.7103824 ], [ 9.1306944, 48.7106331 ] ] ] } },
{ "type": "Feature", "properties": { "element": "way", "id": 1288781668, "name": null, "landuse": "industrial" }, "geometry": { "type": "Polygon", "coordinates": [ [ [ 9.2107185, 48.9749303 ], [ 9.2109753, 48.9748784 ], [ 9.2104202, 48.9746878 ], [ 9.2104778, 48.9748572 ], [ 9.2107185, 48.9749303 ] ] ] } },
{ "type": "Feature", "properties": { "element": "way", "id": 1293511521, "name": null, "landuse": "industrial" }, "geometry": { "type": "Polygon", "coordinates": [ [ [ 9.2880344, 48.8626883 ], [ 9.2862091, 48.8632682 ], [ 9.286338, 48.8633433 ], [ 9.2862421, 48.8634216 ], [ 9.2873263, 48.8639599 ], [ 9.2875122, 48.8637983 ], [ 9.2879596, 48.8631771 ], [ 9.2881823, 48.8627009 ], [ 9.2880344, 48.8626883 ] ] ] } },
{ "type": "Feature", "properties": { "element": "way", "id": 1303803207, "name": null, "landuse": "industrial" }, "geometry": { "type": "Polygon", "coordinates": [ [ [ 9.2684461, 48.8192183 ], [ 9.2688759, 48.8182443 ], [ 9.2670665, 48.8174921 ], [ 9.2684179, 48.8143329 ], [ 9.2689034, 48.8132476 ], [ 9.2660888, 48.8127685 ], [ 9.2644029, 48.8124604 ], [ 9.2632667, 48.8122283 ], [ 9.2579311, 48.8111369 ], [ 9.2574886, 48.8121529 ], [ 9.2576996, 48.8121931 ], [ 9.2572649, 48.8132636 ], [ 9.2577841, 48.8133639 ], [ 9.257554, 48.8138826 ], [ 9.2570337, 48.8137864 ], [ 9.2567576, 48.8143993 ], [ 9.2593493, 48.8148819 ], [ 9.2598684, 48.8149786 ], [ 9.2593773, 48.8160515 ], [ 9.2560805, 48.8154462 ], [ 9.2557192, 48.8162951 ], [ 9.2569697, 48.8165562 ], [ 9.258968, 48.816938 ], [ 9.259179, 48.8170153 ], [ 9.2596505, 48.8170852 ], [ 9.2600078, 48.8171711 ], [ 9.2608497, 48.817343 ], [ 9.2616016, 48.8175088 ], [ 9.2624922, 48.8177168 ], [ 9.2628283, 48.8178051 ], [ 9.2629914, 48.8178396 ], [ 9.2630649, 48.8178526 ], [ 9.2631709, 48.8179085 ], [ 9.263989, 48.8181058 ], [ 9.2646133, 48.8182599 ], [ 9.2652585, 48.8184343 ], [ 9.265877, 48.8186276 ], [ 9.2663737, 48.8187824 ], [ 9.2666289, 48.8188531 ], [ 9.267027, 48.8189484 ], [ 9.2671019, 48.818846 ], [ 9.2684461, 48.8192183 ] ] ] } },
{ "type": "Feature", "properties": { "element": "way", "id": 1303803208, "name": null, "landuse": "industrial" }, "geometry": { "type": "Polygon", "coordinates": [ [ [ 9.2718553, 48.8205403 ], [ 9.274082, 48.821094 ], [ 9.2765263, 48.821761 ], [ 9.2797571, 48.8226457 ], [ 9.2805639, 48.8228875 ], [ 9.2817252, 48.823117 ], [ 9.2821448, 48.8232303 ], [ 9.2821961, 48.8231094 ], [ 9.2826984, 48.8231878 ], [ 9.2831158, 48.823252 ], [ 9.2841161, 48.8233864 ], [ 9.2867443, 48.823738 ], [ 9.2868227, 48.8235762 ], [ 9.2868887, 48.8232952 ], [ 9.2868655, 48.8228935 ], [ 9.2868025, 48.8224581 ], [ 9.2866723, 48.822048 ], [ 9.2864076, 48.8216545 ], [ 9.2860536, 48.8212078 ], [ 9.2836627, 48.8207713 ], [ 9.2836136, 48.8208782 ], [ 9.2833313, 48.8208789 ], [ 9.2818677, 48.82059 ], [ 9.2803875, 48.8201338 ], [ 9.2783162, 48.8196511 ], [ 9.2782715, 48.8195273 ], [ 9.2764915, 48.8192895 ], [ 9.2762343, 48.8200775 ], [ 9.2739746, 48.8197026 ], [ 9.2741047, 48.8193725 ], [ 9.2738944, 48.8193301 ], [ 9.272477, 48.8190851 ], [ 9.2719496, 48.8202457 ], [ 9.2718553, 48.8205403 ] ] ] } },
{ "type": "Feature", "properties": { "element": "way", "id": 1311330463, "name": null, "landuse": "industrial" }, "geometry": { "type": "Polygon", "coordinates": [ [ [ 9.2438749, 48.8206804 ], [ 9.2439661, 48.819943 ], [ 9.2447211, 48.8205623 ], [ 9.244891, 48.8207508 ], [ 9.2438749, 48.8206804 ] ] ] } },
{ "type": "Feature", "properties": { "element": "way", "id": 1328568833, "name": null, "landuse": "industrial" }, "geometry": { "type": "Polygon", "coordinates": [ [ [ 9.2307939, 48.9248202 ], [ 9.2282361, 48.9242538 ], [ 9.2280346, 48.9247295 ], [ 9.2306151, 48.9252665 ], [ 9.2307939, 48.9248202 ] ] ] } },
{ "type": "Feature", "properties": { "element": "way", "id": 1350082069, "name": null, "landuse": "industrial" }, "geometry": { "type": "Polygon", "coordinates": [ [ [ 9.3072901, 48.8244372 ], [ 9.3067353, 48.8243993 ], [ 9.3057394, 48.8243904 ], [ 9.3055099, 48.8244247 ], [ 9.3054329, 48.8244639 ], [ 9.3053361, 48.824584 ], [ 9.3052946, 48.8247029 ], [ 9.3052921, 48.8248029 ], [ 9.3053231, 48.8248679 ], [ 9.3054534, 48.8249872 ], [ 9.3059845, 48.8252151 ], [ 9.3061973, 48.8252768 ], [ 9.3064697, 48.8253078 ], [ 9.3068141, 48.8252948 ], [ 9.3082613, 48.8251745 ], [ 9.3085682, 48.8251138 ], [ 9.3089404, 48.8250025 ], [ 9.3094307, 48.8247893 ], [ 9.309827, 48.8245654 ], [ 9.3098306, 48.8241119 ], [ 9.309759, 48.8240536 ], [ 9.3095591, 48.8240539 ], [ 9.3091438, 48.8240579 ], [ 9.3079303, 48.8240636 ], [ 9.3077022, 48.8241661 ], [ 9.3077737, 48.8244353 ], [ 9.3072901, 48.8244372 ] ] ] } },
{ "type": "Feature", "properties": { "element": "way", "id": 1359581411, "name": "Nahwärmenetz Ingersheim", "landuse": "industrial" }, "geometry": { "type": "Polygon", "coordinates": [ [ [ 9.1757459, 48.9636185 ], [ 9.1757441, 48.9636348 ], [ 9.1754399, 48.9636292 ], [ 9.1753381, 48.9635358 ], [ 9.175346, 48.9634161 ], [ 9.1757913, 48.9634231 ], [ 9.1757886, 48.9635024 ], [ 9.175845, 48.963564 ], [ 9.1758397, 48.9636186 ], [ 9.1757459, 48.9636185 ] ] ] } },
{ "type": "Feature", "properties": { "element": "way", "id": 1363279178, "name": null, "landuse": "industrial" }, "geometry": { "type": "Polygon", "coordinates": [ [ [ 9.2953267, 48.7382556 ], [ 9.295258, 48.7383015 ], [ 9.2952826, 48.7383447 ], [ 9.2953387, 48.7383361 ], [ 9.2960189, 48.7382075 ], [ 9.2963597, 48.7381377 ], [ 9.2968812, 48.7380319 ], [ 9.2976077, 48.7378095 ], [ 9.2981311, 48.7376531 ], [ 9.2985098, 48.7375194 ], [ 9.2987607, 48.7374348 ], [ 9.2990317, 48.7373434 ], [ 9.2993244, 48.7372303 ], [ 9.2993191, 48.737209 ], [ 9.2992926, 48.7371483 ], [ 9.2992506, 48.7370439 ], [ 9.2991763, 48.736888 ], [ 9.2991304, 48.736791 ], [ 9.2990996, 48.7367195 ], [ 9.2991151, 48.736716 ], [ 9.299046, 48.7365689 ], [ 9.2990277, 48.7365731 ], [ 9.2990193, 48.7365548 ], [ 9.2989884, 48.7364852 ], [ 9.2989232, 48.7364978 ], [ 9.2987544, 48.7361312 ], [ 9.2985834, 48.7361671 ], [ 9.2983903, 48.7362055 ], [ 9.2980693, 48.7364117 ], [ 9.2980797, 48.7364351 ], [ 9.2980544, 48.7364395 ], [ 9.2980091, 48.7364484 ], [ 9.2980263, 48.7364871 ], [ 9.29799, 48.736494 ], [ 9.2980069, 48.73653 ], [ 9.2979528, 48.7365403 ], [ 9.2978249, 48.7365643 ], [ 9.2977559, 48.7366083 ], [ 9.2977045, 48.7366364 ], [ 9.2978008, 48.736697 ], [ 9.2978795, 48.7367466 ], [ 9.2979197, 48.7367719 ], [ 9.2979467, 48.7368454 ], [ 9.2978769, 48.7368827 ], [ 9.2979135, 48.7369665 ], [ 9.2975587, 48.7370405 ], [ 9.2975954, 48.7371712 ], [ 9.2973648, 48.7372214 ], [ 9.2970014, 48.7374181 ], [ 9.2969207, 48.7373906 ], [ 9.296777, 48.73728 ], [ 9.2963979, 48.7375021 ], [ 9.2963794, 48.7374906 ], [ 9.2962972, 48.7375613 ], [ 9.2960985, 48.737692 ], [ 9.2961058, 48.7376973 ], [ 9.2960581, 48.7377266 ], [ 9.2960647, 48.7377314 ], [ 9.2960274, 48.737754 ], [ 9.2959918, 48.7377761 ], [ 9.2958702, 48.7377741 ], [ 9.2957155, 48.7378957 ], [ 9.2954409, 48.7381599 ], [ 9.2953267, 48.7382556 ] ] ] } },
{ "type": "Feature", "properties": { "element": "way", "id": 1363328978, "name": null, "landuse": "industrial" }, "geometry": { "type": "Polygon", "coordinates": [ [ [ 9.1072076, 48.7217907 ], [ 9.1082998, 48.7217225 ], [ 9.109402, 48.7217384 ], [ 9.1094584, 48.7221303 ], [ 9.109513, 48.7230871 ], [ 9.1094978, 48.7233302 ], [ 9.1095344, 48.723515 ], [ 9.1096132, 48.7237068 ], [ 9.1097223, 48.723875 ], [ 9.1098503, 48.7240237 ], [ 9.1100111, 48.7241712 ], [ 9.1099465, 48.7242142 ], [ 9.1098134, 48.7241337 ], [ 9.1095982, 48.7239917 ], [ 9.1095508, 48.7239972 ], [ 9.1094107, 48.7240045 ], [ 9.1093633, 48.7240078 ], [ 9.1092184, 48.7239221 ], [ 9.1087176, 48.7236173 ], [ 9.1085023, 48.7234645 ], [ 9.1084241, 48.7234136 ], [ 9.1082304, 48.7232618 ], [ 9.1080688, 48.7231133 ], [ 9.107925, 48.7229757 ], [ 9.1077767, 48.7228096 ], [ 9.107615, 48.72261 ], [ 9.1075226, 48.7224753 ], [ 9.1073796, 48.7222428 ], [ 9.1072797, 48.7220526 ], [ 9.1071836, 48.721815 ], [ 9.1072076, 48.7217907 ] ] ] } },
{ "type": "Feature", "properties": { "element": "way", "id": 1378180390, "name": null, "landuse": "industrial" }, "geometry": { "type": "Polygon", "coordinates": [ [ [ 9.2560297, 48.8169924 ], [ 9.2563109, 48.8170134 ], [ 9.2566922, 48.8170728 ], [ 9.2566366, 48.8172423 ], [ 9.2564642, 48.8172238 ], [ 9.2561048, 48.8182976 ], [ 9.2556328, 48.8182137 ], [ 9.2560297, 48.8169924 ] ] ] } },
{ "type": "Feature", "properties": { "element": "way", "id": 1413439991, "name": null, "landuse": "industrial" }, "geometry": { "type": "Polygon", "coordinates": [ [ [ 9.219978, 48.8183858 ], [ 9.2195822, 48.8184773 ], [ 9.219518, 48.8183543 ], [ 9.2194794, 48.8183274 ], [ 9.2197807, 48.818023 ], [ 9.219978, 48.8183858 ] ] ] } },
{ "type": "Feature", "properties": { "element": "way", "id": 1413439992, "name": null, "landuse": "industrial" }, "geometry": { "type": "Polygon", "coordinates": [ [ [ 9.2203399, 48.8178016 ], [ 9.2200912, 48.8179346 ], [ 9.2201951, 48.8180322 ], [ 9.220445, 48.8179353 ], [ 9.2203399, 48.8178016 ] ] ] } },
{ "type": "Feature", "properties": { "element": "way", "id": 1413439993, "name": null, "landuse": "industrial" }, "geometry": { "type": "Polygon", "coordinates": [ [ [ 9.220452, 48.8180076 ], [ 9.2201975, 48.8180945 ], [ 9.220306, 48.8182436 ], [ 9.2205687, 48.818169 ], [ 9.220452, 48.8180076 ] ] ] } },
{ "type": "Feature", "properties": { "element": "way", "id": 1446236486, "name": "Städtischer Bauhof", "landuse": "industrial" }, "geometry": { "type": "Polygon", "coordinates": [ [ [ 9.2421207, 48.7309762 ], [ 9.242333, 48.7314402 ], [ 9.2416833, 48.7316674 ], [ 9.241441, 48.7313692 ], [ 9.2412601, 48.7312851 ], [ 9.2421207, 48.7309762 ] ] ] } },
{ "type": "Feature", "properties": { "element": "way", "id": 1453538208, "name": "Novotechnik", "landuse": "industrial" }, "geometry": { "type": "Polygon", "coordinates": [ [ [ 9.2454845, 48.7296613 ], [ 9.2462176, 48.729674 ], [ 9.2462372, 48.7296742 ], [ 9.2463017, 48.729675 ], [ 9.2463097, 48.7294043 ], [ 9.2463128, 48.7293075 ], [ 9.2463142, 48.7292647 ], [ 9.2463159, 48.7292176 ], [ 9.2463174, 48.7291757 ], [ 9.2463094, 48.7291521 ], [ 9.2462531, 48.7291067 ], [ 9.2462315, 48.7291068 ], [ 9.2461913, 48.7291069 ], [ 9.2461814, 48.7291076 ], [ 9.2458911, 48.7291076 ], [ 9.2458509, 48.7291077 ], [ 9.2458151, 48.7291078 ], [ 9.2457101, 48.729108 ], [ 9.2456413, 48.7291082 ], [ 9.2455054, 48.7291085 ], [ 9.2454845, 48.7296613 ] ] ] } },
{ "type": "Feature", "properties": { "element": "way", "id": 1456247085, "name": null, "landuse": "industrial" }, "geometry": { "type": "Polygon", "coordinates": [ [ [ 9.1603974, 48.837292 ], [ 9.1605642, 48.8373158 ], [ 9.1606757, 48.837056 ], [ 9.1603023, 48.8369815 ], [ 9.160366, 48.836844 ], [ 9.1602439, 48.8368277 ], [ 9.1601873, 48.8369524 ], [ 9.160136, 48.8369454 ], [ 9.1601035, 48.8370038 ], [ 9.1600412, 48.8371485 ], [ 9.1604276, 48.837211 ], [ 9.1603974, 48.837292 ] ] ] } },
{ "type": "Feature", "properties": { "element": "way", "id": 1478883839, "name": null, "landuse": "industrial" }, "geometry": { "type": "Polygon", "coordinates": [ [ [ 9.2673402, 48.8228339 ], [ 9.2672657, 48.8228181 ], [ 9.2673533, 48.8226375 ], [ 9.2671525, 48.8225979 ], [ 9.2671381, 48.822627 ], [ 9.2670182, 48.822873 ], [ 9.2664612, 48.8227873 ], [ 9.2663493, 48.8230814 ], [ 9.2645553, 48.8227855 ], [ 9.2644934, 48.8227753 ], [ 9.2630263, 48.8225334 ], [ 9.2629968, 48.8225122 ], [ 9.2629887, 48.8224866 ], [ 9.2633634, 48.8216596 ], [ 9.2632156, 48.8216348 ], [ 9.2636096, 48.8207316 ], [ 9.2635252, 48.8207153 ], [ 9.2634514, 48.8208813 ], [ 9.2634326, 48.8208928 ], [ 9.2633991, 48.8208981 ], [ 9.2624898, 48.8207462 ], [ 9.2623678, 48.8206138 ], [ 9.2623155, 48.8205776 ], [ 9.2622646, 48.8205609 ], [ 9.2622814, 48.8205079 ], [ 9.262172, 48.8204928 ], [ 9.2621371, 48.8205626 ], [ 9.2620741, 48.8205741 ], [ 9.2620218, 48.8205926 ], [ 9.2619199, 48.8208045 ], [ 9.2633213, 48.821042 ], [ 9.2633481, 48.8210641 ], [ 9.2633562, 48.8211047 ], [ 9.2627352, 48.8224522 ], [ 9.2626843, 48.8224751 ], [ 9.2617562, 48.822318 ], [ 9.2616235, 48.8221661 ], [ 9.2615685, 48.8221387 ], [ 9.2613405, 48.8220972 ], [ 9.2612091, 48.8223921 ], [ 9.2626186, 48.8226235 ], [ 9.2626414, 48.8226544 ], [ 9.2622887, 48.8233784 ], [ 9.262273, 48.8234175 ], [ 9.2621477, 48.8233957 ], [ 9.262119, 48.8234672 ], [ 9.2622632, 48.8234923 ], [ 9.2622036, 48.8235822 ], [ 9.2621626, 48.8236283 ], [ 9.2624511, 48.823672 ], [ 9.2625234, 48.823495 ], [ 9.2633817, 48.8236468 ], [ 9.263784, 48.8228018 ], [ 9.2667289, 48.8232948 ], [ 9.2667532, 48.8233122 ], [ 9.2667562, 48.8233503 ], [ 9.2663005, 48.8241382 ], [ 9.2662449, 48.8242243 ], [ 9.2665279, 48.8242746 ], [ 9.2665635, 48.8242122 ], [ 9.2667438, 48.8238967 ], [ 9.2667653, 48.8238826 ], [ 9.2668028, 48.8238817 ], [ 9.2675056, 48.8239982 ], [ 9.2675726, 48.82403 ], [ 9.2677818, 48.8241298 ], [ 9.2679776, 48.8241598 ], [ 9.2680487, 48.8241687 ], [ 9.2682284, 48.8238119 ], [ 9.2681664, 48.8237984 ], [ 9.2676075, 48.8238552 ], [ 9.2669034, 48.8237466 ], [ 9.2668618, 48.8237254 ], [ 9.2668524, 48.8237042 ], [ 9.2673402, 48.8228339 ] ] ] } },
{ "type": "Feature", "properties": { "element": "way", "id": 1479620622, "name": null, "landuse": "industrial" }, "geometry": { "type": "Polygon", "coordinates": [ [ [ 9.1873807, 48.9600071 ], [ 9.18786, 48.959721 ], [ 9.1878786, 48.9597618 ], [ 9.187897, 48.9598022 ], [ 9.1880599, 48.9601604 ], [ 9.1881329, 48.9601679 ], [ 9.1881565, 48.9601703 ], [ 9.18832, 48.960193 ], [ 9.1882597, 48.9603136 ], [ 9.1882288, 48.9603779 ], [ 9.1881725, 48.9604105 ], [ 9.1881376, 48.960414 ], [ 9.1879198, 48.9604208 ], [ 9.1873807, 48.9600071 ] ] ] } }
]
}
