{
"type": "FeatureCollection",
"name": "warehouse_features",
"crs": { "type": "name", "properties": { "name": "urn:ogc:def:crs:OGC:1.3:CRS84" } },
"features": [
{ "type": "Feature", "properties": { "element": "relation", "id": 6593068, "name": null, "building": "warehouse", "industrial": null }, "geometry": { "type": "Polygon", "coordinates": [ [ [ 9.2422376, 48.781396 ], [ 9.2426905, 48.7817096 ], [ 9.2436242, 48.7811029 ], [ 9.2434241, 48.7809653 ], [ 9.2431905, 48.7811185 ], [ 9.243094, 48.7810575 ], [ 9.2428591, 48.7811999 ], [ 9.2427906, 48.7811453 ], [ 9.2425482, 48.7812939 ], [ 9.2424754, 48.7812465 ], [ 9.2422376, 48.781396 ] ] ] } },
{ "type": "Feature", "properties": { "element": "way", "id": 26736916, "name": "Heyne Electronic", "building": "warehouse", "industrial": null }, "geometry": { "type": "Polygon", "coordinates": [ [ [ 9.1404861, 48.7707889 ], [ 9.1407611, 48.7709559 ], [ 9.1409152, 48.7708457 ], [ 9.1410461, 48.770752 ], [ 9.1410374, 48.7707467 ], [ 9.1413011, 48.7705609 ], [ 9.1410318, 48.7703838 ], [ 9.1407607, 48.7705774 ], [ 9.140733, 48.7705606 ], [ 9.1406386, 48.7706281 ], [ 9.1406777, 48.7706518 ], [ 9.1404861, 48.7707889 ] ] ] } },
{ "type": "Feature", "properties": { "element": "way", "id": 26737296, "name": null, "building": "warehouse", "industrial": null }, "geometry": { "type": "Polygon", "coordinates": [ [ [ 9.1377904, 48.7671792 ], [ 9.1377505, 48.7673146 ], [ 9.1381817, 48.7673776 ], [ 9.1382536, 48.7671157 ], [ 9.1377904, 48.7671792 ] ] ] } },
{ "type": "Feature", "properties": { "element": "way", "id": 26737309, "name": null, "building": "warehouse", "industrial": null }, "geometry": { "type": "Polygon", "coordinates": [ [ [ 9.1373955, 48.7675443 ], [ 9.1377066, 48.767595 ], [ 9.1377432, 48.767493 ], [ 9.1376873, 48.7674863 ], [ 9.1377505, 48.7673146 ], [ 9.1377904, 48.7671792 ], [ 9.1375031, 48.7672368 ], [ 9.1373955, 48.7675443 ] ] ] } },
{ "type": "Feature", "properties": { "element": "way", "id": 26737334, "name": "Frischbeton West", "building": "warehouse", "industrial": null }, "geometry": { "type": "Polygon", "coordinates": [ [ [ 9.1382165, 48.7674671 ], [ 9.1389089, 48.7675857 ], [ 9.1389379, 48.7675122 ], [ 9.138623, 48.7674583 ], [ 9.1386278, 48.7674462 ], [ 9.1384329, 48.7674128 ], [ 9.1384401, 48.7673945 ], [ 9.1382863, 48.7673682 ], [ 9.1382791, 48.7673864 ], [ 9.1382502, 48.7673815 ], [ 9.1382165, 48.7674671 ] ] ] } },
{ "type": "Feature", "properties": { "element": "way", "id": 26737400, "name": "Schrausi", "building": "warehouse", "industrial": null }, "geometry": { "type": "Polygon", "coordinates": [ [ [ 9.1390146, 48.7682502 ], [ 9.1385088, 48.7680925 ], [ 9.1386331, 48.7679164 ], [ 9.1390625, 48.7680912 ], [ 9.1390146, 48.7682502 ] ] ] } },
{ "type": "Feature", "properties": { "element": "way", "id": 26737603, "name": null, "building": "warehouse", "industrial": null }, "geometry": { "type": "Polygon", "coordinates": [ [ [ 9.1390542, 48.7696277 ], [ 9.1389549, 48.7697774 ], [ 9.1395134, 48.7699343 ], [ 9.1396169, 48.7697867 ], [ 9.1390542, 48.7696277 ] ] ] } },
{ "type": "Feature", "properties": { "element": "way", "id": 28963637, "name": "Fischer + Trezza Import GmbH", "building": "warehouse", "industrial": null }, "geometry": { "type": "Polygon", "coordinates": [ [ [ 9.2241722, 48.7834206 ], [ 9.224281, 48.7834731 ], [ 9.2242077, 48.7835391 ], [ 9.2240188, 48.7834481 ], [ 9.223933, 48.7835254 ], [ 9.224681, 48.783886 ], [ 9.2252109, 48.7834089 ], [ 9.2250107, 48.7833129 ], [ 9.2248687, 48.7832444 ], [ 9.2246518, 48.7831393 ], [ 9.2244169, 48.7833508 ], [ 9.224308, 48.7832983 ], [ 9.2241722, 48.7834206 ] ] ] } },
{ "type": "Feature", "properties": { "element": "way", "id": 34289658, "name": null, "building": "warehouse", "industrial": null }, "geometry": { "type": "Polygon", "coordinates": [ [ [ 9.2307434, 48.8289241 ], [ 9.2306278, 48.8289191 ], [ 9.2306354, 48.8288425 ], [ 9.2305255, 48.8288377 ], [ 9.2305063, 48.8290313 ], [ 9.2307318, 48.829041 ], [ 9.2307434, 48.8289241 ] ] ] } },
{ "type": "Feature", "properties": { "element": "way", "id": 34289667, "name": null, "building": "warehouse", "industrial": null }, "geometry": { "type": "Polygon", "coordinates": [ [ [ 9.2296775, 48.8290518 ], [ 9.2299011, 48.829056 ], [ 9.2299093, 48.8288673 ], [ 9.2298252, 48.8288657 ], [ 9.2298217, 48.8289455 ], [ 9.2296822, 48.8289428 ], [ 9.2296775, 48.8290518 ] ] ] } },
{ "type": "Feature", "properties": { "element": "way", "id": 41832597, "name": null, "building": "warehouse", "industrial": null }, "geometry": { "type": "Polygon", "coordinates": [ [ [ 9.288446, 48.8155289 ], [ 9.288873, 48.8155915 ], [ 9.2889122, 48.8154755 ], [ 9.2888507, 48.8154665 ], [ 9.2887517, 48.815452 ], [ 9.2887634, 48.8154174 ], [ 9.2885749, 48.8153898 ], [ 9.2884968, 48.8153784 ], [ 9.2884801, 48.8154277 ], [ 9.2884682, 48.815463 ], [ 9.2884586, 48.8154898 ], [ 9.288446, 48.8155289 ] ] ] } },
{ "type": "Feature", "properties": { "element": "way", "id": 41832612, "name": null, "building": "warehouse", "industrial": null }, "geometry": { "type": "Polygon", "coordinates": [ [ [ 9.2864169, 48.8152114 ], [ 9.2867436, 48.8152593 ], [ 9.2868059, 48.8150755 ], [ 9.2867405, 48.8150659 ], [ 9.2867571, 48.815017 ], [ 9.2864957, 48.8149786 ], [ 9.2864169, 48.8152114 ] ] ] } },
{ "type": "Feature", "properties": { "element": "way", "id": 41832613, "name": null, "building": "warehouse", "industrial": null }, "geometry": { "type": "Polygon", "coordinates": [ [ [ 9.2858432, 48.8148729 ], [ 9.2858999, 48.8146832 ], [ 9.2864489, 48.8147544 ], [ 9.2863922, 48.814944 ], [ 9.2858432, 48.8148729 ] ] ] } },
{ "type": "Feature", "properties": { "element": "way", "id": 41833879, "name": "Schmalz+Schön Logistik-Gruppe", "building": "warehouse", "industrial": null }, "geometry": { "type": "Polygon", "coordinates": [ [ [ 9.2768189, 48.8214447 ], [ 9.2769668, 48.8209417 ], [ 9.2770448, 48.8209525 ], [ 9.2770717, 48.8208637 ], [ 9.2777845, 48.8209417 ], [ 9.2777522, 48.8210777 ], [ 9.2781445, 48.8211454 ], [ 9.2781097, 48.8212672 ], [ 9.2789117, 48.8213639 ], [ 9.2787716, 48.8219208 ], [ 9.2779701, 48.8218051 ], [ 9.2779136, 48.8220311 ], [ 9.2768189, 48.8214447 ] ] ] } },
{ "type": "Feature", "properties": { "element": "way", "id": 41833880, "name": null, "building": "warehouse", "industrial": null }, "geometry": { "type": "Polygon", "coordinates": [ [ [ 9.2765929, 48.8214151 ], [ 9.2766037, 48.8213613 ], [ 9.2765499, 48.8213479 ], [ 9.2767086, 48.820853 ], [ 9.2769722, 48.8208825 ], [ 9.2769695, 48.8208557 ], [ 9.2770231, 48.8208599 ], [ 9.2770717, 48.8208637 ], [ 9.2770448, 48.8209525 ], [ 9.2769668, 48.8209417 ], [ 9.2768189, 48.8214447 ], [ 9.2767113, 48.8213775 ], [ 9.2767032, 48.8214286 ], [ 9.2765929, 48.8214151 ] ] ] } },
{ "type": "Feature", "properties": { "element": "way", "id": 41833887, "name": "ThyssenKrupp Schulte", "building": "warehouse", "industrial": null }, "geometry": { "type": "Polygon", "coordinates": [ [ [ 9.2817094, 48.8230791 ], [ 9.2819276, 48.8225374 ], [ 9.281822, 48.822519 ], [ 9.2819852, 48.8221139 ], [ 9.2815985, 48.8220464 ], [ 9.2815703, 48.8221166 ], [ 9.2809026, 48.822 ], [ 9.2810147, 48.8217216 ], [ 9.2803607, 48.8216074 ], [ 9.2799356, 48.8226627 ], [ 9.2805947, 48.8227778 ], [ 9.2805546, 48.8228775 ], [ 9.2817094, 48.8230791 ] ] ] } },
{ "type": "Feature", "properties": { "element": "way", "id": 42104455, "name": null, "building": "warehouse", "industrial": null }, "geometry": { "type": "Polygon", "coordinates": [ [ [ 9.2772836, 48.8256684 ], [ 9.2772256, 48.8254923 ], [ 9.2772723, 48.8254856 ], [ 9.2772558, 48.8254356 ], [ 9.2770043, 48.8254716 ], [ 9.2770336, 48.8255605 ], [ 9.2765877, 48.8256242 ], [ 9.2765955, 48.8256479 ], [ 9.2764922, 48.8256627 ], [ 9.2765295, 48.8257761 ], [ 9.2772836, 48.8256684 ] ] ] } },
{ "type": "Feature", "properties": { "element": "way", "id": 42609553, "name": null, "building": "warehouse", "industrial": null }, "geometry": { "type": "Polygon", "coordinates": [ [ [ 9.2612594, 48.8154763 ], [ 9.2605966, 48.8153512 ], [ 9.2602519, 48.8161431 ], [ 9.2608443, 48.8162549 ], [ 9.2608611, 48.8162162 ], [ 9.2609421, 48.8160302 ], [ 9.2610703, 48.8160544 ], [ 9.2611812, 48.8157996 ], [ 9.2612587, 48.8158143 ], [ 9.2612467, 48.8158417 ], [ 9.261317, 48.815855 ], [ 9.2613476, 48.8157847 ], [ 9.2612839, 48.8157727 ], [ 9.2614002, 48.8155056 ], [ 9.2613911, 48.815489 ], [ 9.2612643, 48.8154651 ], [ 9.2612594, 48.8154763 ] ] ] } },
{ "type": "Feature", "properties": { "element": "way", "id": 42711968, "name": null, "building": "warehouse", "industrial": null }, "geometry": { "type": "Polygon", "coordinates": [ [ [ 9.1350622, 48.7269401 ], [ 9.1351904, 48.7269363 ], [ 9.1351804, 48.7267887 ], [ 9.1350522, 48.7267925 ], [ 9.1350622, 48.7269401 ] ] ] } },
{ "type": "Feature", "properties": { "element": "way", "id": 43138974, "name": null, "building": "warehouse", "industrial": null }, "geometry": { "type": "Polygon", "coordinates": [ [ [ 9.1656329, 48.7221099 ], [ 9.1656076, 48.7219957 ], [ 9.1654686, 48.7220091 ], [ 9.1654939, 48.7221233 ], [ 9.1656329, 48.7221099 ] ] ] } },
{ "type": "Feature", "properties": { "element": "way", "id": 43992196, "name": "IKEA", "building": "warehouse", "industrial": null }, "geometry": { "type": "Polygon", "coordinates": [ [ [ 9.1508594, 48.9197277 ], [ 9.1508871, 48.9191029 ], [ 9.1532446, 48.919148 ], [ 9.1532185, 48.9197374 ], [ 9.1527439, 48.9197283 ], [ 9.1527423, 48.9197637 ], [ 9.1526084, 48.9197611 ], [ 9.1508594, 48.9197277 ] ] ] } },
{ "type": "Feature", "properties": { "element": "way", "id": 44062056, "name": null, "building": "warehouse", "industrial": null }, "geometry": { "type": "Polygon", "coordinates": [ [ [ 9.0730247, 48.8024862 ], [ 9.0729827, 48.802531 ], [ 9.072906, 48.8024997 ], [ 9.0729911, 48.802409 ], [ 9.0731061, 48.8022866 ], [ 9.0730041, 48.8022451 ], [ 9.0734533, 48.8017668 ], [ 9.0736189, 48.8018343 ], [ 9.0736853, 48.8017637 ], [ 9.074052, 48.8019131 ], [ 9.0740904, 48.8018723 ], [ 9.0741533, 48.801898 ], [ 9.0741687, 48.8018816 ], [ 9.0744304, 48.8019882 ], [ 9.0738473, 48.802609 ], [ 9.0737612, 48.8025739 ], [ 9.0736448, 48.8026978 ], [ 9.073393, 48.8025951 ], [ 9.0733542, 48.8026363 ], [ 9.0731578, 48.8025563 ], [ 9.0731686, 48.8025448 ], [ 9.0730247, 48.8024862 ] ] ] } },
{ "type": "Feature", "properties": { "element": "way", "id": 44146592, "name": null, "building": "warehouse", "industrial": null }, "geometry": { "type": "Polygon", "coordinates": [ [ [ 9.0584955, 48.8374188 ], [ 9.0587407, 48.8374013 ], [ 9.0587475, 48.8374432 ], [ 9.0589368, 48.8374298 ], [ 9.0588656, 48.8369961 ], [ 9.0587522, 48.8370042 ], [ 9.0587251, 48.8368392 ], [ 9.0585698, 48.8368503 ], [ 9.058597, 48.8370163 ], [ 9.0584314, 48.837028 ], [ 9.0584955, 48.8374188 ] ] ] } },
{ "type": "Feature", "properties": { "element": "way", "id": 44834787, "name": null, "building": "warehouse", "industrial": null }, "geometry": { "type": "Polygon", "coordinates": [ [ [ 9.1256745, 48.7796176 ], [ 9.1257091, 48.7795543 ], [ 9.1259844, 48.7796199 ], [ 9.1259498, 48.7796833 ], [ 9.1256745, 48.7796176 ] ] ] } },
{ "type": "Feature", "properties": { "element": "way", "id": 45213293, "name": "LSU Schäberle", "building": "warehouse", "industrial": null }, "geometry": { "type": "Polygon", "coordinates": [ [ [ 9.1091246, 48.8260798 ], [ 9.1089446, 48.8260619 ], [ 9.1089186, 48.8261747 ], [ 9.1091287, 48.8261956 ], [ 9.1091476, 48.8261132 ], [ 9.1104054, 48.8262387 ], [ 9.1105682, 48.8255316 ], [ 9.1092805, 48.8254031 ], [ 9.1091246, 48.8260798 ] ] ] } },
{ "type": "Feature", "properties": { "element": "way", "id": 45214697, "name": "LSU Schäberle", "building": "warehouse", "industrial": null }, "geometry": { "type": "Polygon", "coordinates": [ [ [ 9.1070069, 48.8260691 ], [ 9.1079388, 48.8261462 ], [ 9.1079497, 48.8260892 ], [ 9.1082478, 48.8261139 ], [ 9.1082897, 48.8258946 ], [ 9.1080193, 48.8258722 ], [ 9.1080389, 48.8257692 ], [ 9.1081247, 48.8257764 ], [ 9.1081813, 48.8254803 ], [ 9.1074861, 48.8254227 ], [ 9.1074993, 48.8253537 ], [ 9.107024, 48.8253144 ], [ 9.1070077, 48.8254 ], [ 9.1071328, 48.8254103 ], [ 9.1070145, 48.8260293 ], [ 9.1070069, 48.8260691 ] ] ] } },
{ "type": "Feature", "properties": { "element": "way", "id": 45215867, "name": null, "building": "warehouse", "industrial": null }, "geometry": { "type": "Polygon", "coordinates": [ [ [ 9.0578746, 48.8228079 ], [ 9.0581409, 48.8228826 ], [ 9.058198, 48.8227944 ], [ 9.0579317, 48.8227196 ], [ 9.0578746, 48.8228079 ] ] ] } },
{ "type": "Feature", "properties": { "element": "way", "id": 45391722, "name": null, "building": "warehouse", "industrial": null }, "geometry": { "type": "Polygon", "coordinates": [ [ [ 9.0732103, 48.8035962 ], [ 9.0739707, 48.8039341 ], [ 9.074101, 48.8038068 ], [ 9.0733406, 48.8034689 ], [ 9.0732103, 48.8035962 ] ] ] } },
{ "type": "Feature", "properties": { "element": "way", "id": 45689044, "name": null, "building": "warehouse", "industrial": null }, "geometry": { "type": "Polygon", "coordinates": [ [ [ 9.0719012, 48.8227812 ], [ 9.0717393, 48.8227926 ], [ 9.0717654, 48.8229538 ], [ 9.0719273, 48.8229424 ], [ 9.0719012, 48.8227812 ] ] ] } },
{ "type": "Feature", "properties": { "element": "way", "id": 47079910, "name": null, "building": "warehouse", "industrial": null }, "geometry": { "type": "Polygon", "coordinates": [ [ [ 9.1062138, 48.8199028 ], [ 9.1062392, 48.8197881 ], [ 9.1060683, 48.8197718 ], [ 9.106043, 48.8198864 ], [ 9.1062138, 48.8199028 ] ] ] } },
{ "type": "Feature", "properties": { "element": "way", "id": 47096370, "name": null, "building": "warehouse", "industrial": null }, "geometry": { "type": "Polygon", "coordinates": [ [ [ 9.1069463, 48.8144728 ], [ 9.1069404, 48.8146403 ], [ 9.1075191, 48.8146492 ], [ 9.107525, 48.8144823 ], [ 9.1074829, 48.8144817 ], [ 9.1074854, 48.8144122 ], [ 9.1072015, 48.8144078 ], [ 9.1071991, 48.8144766 ], [ 9.1069463, 48.8144728 ] ] ] } },
{ "type": "Feature", "properties": { "element": "way", "id": 47294203, "name": null, "building": "warehouse", "industrial": null }, "geometry": { "type": "Polygon", "coordinates": [ [ [ 9.2728689, 48.805896 ], [ 9.2728745, 48.8057603 ], [ 9.2727663, 48.8057584 ], [ 9.2727608, 48.805894 ], [ 9.2728689, 48.805896 ] ] ] } },
{ "type": "Feature", "properties": { "element": "way", "id": 47401361, "name": "Porsche Werk 4 Bau 34", "building": "warehouse", "industrial": null }, "geometry": { "type": "Polygon", "coordinates": [ [ [ 9.1447104, 48.8309737 ], [ 9.1456988, 48.8309708 ], [ 9.1456974, 48.830763 ], [ 9.144709, 48.8307659 ], [ 9.1447104, 48.8309737 ] ] ] } },
{ "type": "Feature", "properties": { "element": "way", "id": 47900430, "name": null, "building": "warehouse", "industrial": null }, "geometry": { "type": "Polygon", "coordinates": [ [ [ 9.2838637, 48.8226818 ], [ 9.2841817, 48.8227383 ], [ 9.2842241, 48.8226349 ], [ 9.2841715, 48.8226256 ], [ 9.2842263, 48.8224919 ], [ 9.2842406, 48.822457 ], [ 9.2839751, 48.8224099 ], [ 9.2838637, 48.8226818 ] ] ] } },
{ "type": "Feature", "properties": { "element": "way", "id": 47901409, "name": null, "building": "warehouse", "industrial": null }, "geometry": { "type": "Polygon", "coordinates": [ [ [ 9.2736447, 48.8207179 ], [ 9.2735368, 48.8208755 ], [ 9.2759192, 48.8215829 ], [ 9.2761561, 48.8212554 ], [ 9.2755023, 48.8210555 ], [ 9.2753808, 48.8212334 ], [ 9.2736447, 48.8207179 ] ] ] } },
{ "type": "Feature", "properties": { "element": "way", "id": 47975085, "name": null, "building": "warehouse", "industrial": null }, "geometry": { "type": "Polygon", "coordinates": [ [ [ 9.2932678, 48.8148712 ], [ 9.2932747, 48.8151475 ], [ 9.2935223, 48.8151448 ], [ 9.2935154, 48.8148685 ], [ 9.2932678, 48.8148712 ] ] ] } },
{ "type": "Feature", "properties": { "element": "way", "id": 47977472, "name": null, "building": "warehouse", "industrial": null }, "geometry": { "type": "Polygon", "coordinates": [ [ [ 9.2676093, 48.8175404 ], [ 9.2675188, 48.8176355 ], [ 9.2679384, 48.8178086 ], [ 9.2680289, 48.8177135 ], [ 9.2676093, 48.8175404 ] ] ] } },
{ "type": "Feature", "properties": { "element": "way", "id": 48151575, "name": null, "building": "warehouse", "industrial": null }, "geometry": { "type": "Polygon", "coordinates": [ [ [ 9.2325372, 48.7831164 ], [ 9.2327218, 48.7832495 ], [ 9.2326563, 48.7833011 ], [ 9.2322821, 48.7835254 ], [ 9.2321564, 48.7834324 ], [ 9.232091, 48.7833938 ], [ 9.2321413, 48.783363 ], [ 9.2322433, 48.783299 ], [ 9.2325372, 48.7831164 ] ] ] } },
{ "type": "Feature", "properties": { "element": "way", "id": 48435759, "name": null, "building": "warehouse", "industrial": null }, "geometry": { "type": "Polygon", "coordinates": [ [ [ 9.2644202, 48.8189014 ], [ 9.2644013, 48.8189614 ], [ 9.2649224, 48.8190325 ], [ 9.2649413, 48.8189725 ], [ 9.2644202, 48.8189014 ] ] ] } },
{ "type": "Feature", "properties": { "element": "way", "id": 48561400, "name": null, "building": "warehouse", "industrial": null }, "geometry": { "type": "Polygon", "coordinates": [ [ [ 9.3385877, 48.7846371 ], [ 9.3386179, 48.7847261 ], [ 9.338931, 48.7846768 ], [ 9.3388989, 48.7845895 ], [ 9.3385877, 48.7846371 ] ] ] } },
{ "type": "Feature", "properties": { "element": "way", "id": 49009507, "name": null, "building": "warehouse", "industrial": null }, "geometry": { "type": "Polygon", "coordinates": [ [ [ 9.2684821, 48.8340478 ], [ 9.2685043, 48.833905 ], [ 9.2687829, 48.8339239 ], [ 9.2687612, 48.8340631 ], [ 9.2686432, 48.8340552 ], [ 9.2686379, 48.8340888 ], [ 9.2684774, 48.8340779 ], [ 9.2684821, 48.8340478 ] ] ] } },
{ "type": "Feature", "properties": { "element": "way", "id": 49288957, "name": null, "building": "warehouse", "industrial": null }, "geometry": { "type": "Polygon", "coordinates": [ [ [ 9.1662137, 48.7264053 ], [ 9.1665719, 48.7263475 ], [ 9.1666141, 48.7264613 ], [ 9.1662559, 48.7265191 ], [ 9.1662137, 48.7264053 ] ] ] } },
{ "type": "Feature", "properties": { "element": "way", "id": 49288959, "name": null, "building": "warehouse", "industrial": null }, "geometry": { "type": "Polygon", "coordinates": [ [ [ 9.166465, 48.7260618 ], [ 9.1665973, 48.7260404 ], [ 9.1666596, 48.7260304 ], [ 9.166667, 48.7260505 ], [ 9.1666987, 48.7261359 ], [ 9.1665041, 48.7261673 ], [ 9.166465, 48.7260618 ] ] ] } },
{ "type": "Feature", "properties": { "element": "way", "id": 49712163, "name": "Heyne Büromöbel", "building": "warehouse", "industrial": null }, "geometry": { "type": "Polygon", "coordinates": [ [ [ 9.1410318, 48.7703838 ], [ 9.1410086, 48.7703685 ], [ 9.1411002, 48.7703081 ], [ 9.1411414, 48.7703351 ], [ 9.1413174, 48.7702189 ], [ 9.1415687, 48.7703843 ], [ 9.1413011, 48.7705609 ], [ 9.1410318, 48.7703838 ] ] ] } },
{ "type": "Feature", "properties": { "element": "way", "id": 50073748, "name": null, "building": "warehouse", "industrial": null }, "geometry": { "type": "Polygon", "coordinates": [ [ [ 9.261339, 48.8374939 ], [ 9.2614694, 48.8374897 ], [ 9.2614527, 48.8372654 ], [ 9.2613223, 48.8372696 ], [ 9.261339, 48.8374939 ] ] ] } },
{ "type": "Feature", "properties": { "element": "way", "id": 50927241, "name": "Euronics", "building": "warehouse", "industrial": null }, "geometry": { "type": "Polygon", "coordinates": [ [ [ 9.0622027, 48.8188842 ], [ 9.0617767, 48.8194934 ], [ 9.0621515, 48.8196071 ], [ 9.0622398, 48.8194808 ], [ 9.062457, 48.8195467 ], [ 9.0624265, 48.8195903 ], [ 9.0627021, 48.8196739 ], [ 9.0627316, 48.8196318 ], [ 9.0631394, 48.8197554 ], [ 9.0629874, 48.8199744 ], [ 9.0632274, 48.8200456 ], [ 9.0633471, 48.8198683 ], [ 9.0637147, 48.8193427 ], [ 9.0622027, 48.8188842 ] ] ] } },
{ "type": "Feature", "properties": { "element": "way", "id": 50936686, "name": null, "building": "warehouse", "industrial": null }, "geometry": { "type": "Polygon", "coordinates": [ [ [ 9.0701112, 48.822643 ], [ 9.0703505, 48.8226503 ], [ 9.0703589, 48.8225301 ], [ 9.0701196, 48.8225228 ], [ 9.0701206, 48.8225402 ], [ 9.0701112, 48.822643 ] ] ] } },
{ "type": "Feature", "properties": { "element": "way", "id": 50954448, "name": "Roller", "building": "warehouse", "industrial": null }, "geometry": { "type": "Polygon", "coordinates": [ [ [ 9.0621066, 48.8202339 ], [ 9.0625403, 48.820386 ], [ 9.0626977, 48.8201914 ], [ 9.0625886, 48.8201531 ], [ 9.0626308, 48.8201009 ], [ 9.0624302, 48.8200306 ], [ 9.0623206, 48.8201661 ], [ 9.0621966, 48.8201226 ], [ 9.0621066, 48.8202339 ] ] ] } },
{ "type": "Feature", "properties": { "element": "way", "id": 51568458, "name": null, "building": "warehouse", "industrial": null }, "geometry": { "type": "Polygon", "coordinates": [ [ [ 9.2606223, 48.8432896 ], [ 9.2608644, 48.8432418 ], [ 9.2608226, 48.8431502 ], [ 9.2605805, 48.843198 ], [ 9.2606223, 48.8432896 ] ] ] } },
{ "type": "Feature", "properties": { "element": "way", "id": 51720093, "name": null, "building": "warehouse", "industrial": null }, "geometry": { "type": "Polygon", "coordinates": [ [ [ 9.1110643, 48.7502648 ], [ 9.1113361, 48.7502518 ], [ 9.1113029, 48.7499504 ], [ 9.1110312, 48.7499634 ], [ 9.1110643, 48.7502648 ] ] ] } },
{ "type": "Feature", "properties": { "element": "way", "id": 57774164, "name": null, "building": "warehouse", "industrial": null }, "geometry": { "type": "Polygon", "coordinates": [ [ [ 9.3251888, 48.7326695 ], [ 9.3249023, 48.7324718 ], [ 9.325027, 48.7323942 ], [ 9.3245919, 48.7320905 ], [ 9.3253798, 48.7315904 ], [ 9.3257269, 48.7318284 ], [ 9.3258249, 48.7318956 ], [ 9.325823, 48.7318968 ], [ 9.3256268, 48.7320208 ], [ 9.3259149, 48.7322204 ], [ 9.3251888, 48.7326695 ] ] ] } },
{ "type": "Feature", "properties": { "element": "way", "id": 65547634, "name": null, "building": "warehouse", "industrial": null }, "geometry": { "type": "Polygon", "coordinates": [ [ [ 9.107336, 48.8182027 ], [ 9.1072278, 48.818272 ], [ 9.1073379, 48.8183466 ], [ 9.1074461, 48.8182773 ], [ 9.107336, 48.8182027 ] ] ] } },
{ "type": "Feature", "properties": { "element": "way", "id": 79418450, "name": null, "building": "warehouse", "industrial": null }, "geometry": { "type": "Polygon", "coordinates": [ [ [ 9.10356, 48.8243533 ], [ 9.1033569, 48.8243074 ], [ 9.1032555, 48.8245238 ], [ 9.1034587, 48.8245517 ], [ 9.10356, 48.8243533 ] ] ] } },
{ "type": "Feature", "properties": { "element": "way", "id": 81133070, "name": "Mömax Lager", "building": "warehouse", "industrial": null }, "geometry": { "type": "Polygon", "coordinates": [ [ [ 9.1007479, 48.8209166 ], [ 9.1006506, 48.8212691 ], [ 9.100809, 48.821288 ], [ 9.1007115, 48.8216413 ], [ 9.1009144, 48.8216656 ], [ 9.1008911, 48.82175 ], [ 9.1012469, 48.8217601 ], [ 9.1013007, 48.8213484 ], [ 9.1013824, 48.8210355 ], [ 9.1013974, 48.8209975 ], [ 9.1007479, 48.8209166 ] ] ] } },
{ "type": "Feature", "properties": { "element": "way", "id": 85031203, "name": null, "building": "warehouse", "industrial": null }, "geometry": { "type": "Polygon", "coordinates": [ [ [ 9.2632147, 48.7853327 ], [ 9.263292, 48.7852442 ], [ 9.2631555, 48.7851924 ], [ 9.2630781, 48.7852809 ], [ 9.2632147, 48.7853327 ] ] ] } },
{ "type": "Feature", "properties": { "element": "way", "id": 87934022, "name": null, "building": "warehouse", "industrial": null }, "geometry": { "type": "Polygon", "coordinates": [ [ [ 9.1134512, 48.8151532 ], [ 9.1135139, 48.815206 ], [ 9.113634, 48.8151441 ], [ 9.1135713, 48.8150913 ], [ 9.1134512, 48.8151532 ] ] ] } },
{ "type": "Feature", "properties": { "element": "way", "id": 95662275, "name": null, "building": "warehouse", "industrial": null }, "geometry": { "type": "Polygon", "coordinates": [ [ [ 9.3234518, 48.7341682 ], [ 9.3232917, 48.7342529 ], [ 9.323224, 48.7341935 ], [ 9.323379, 48.7341088 ], [ 9.3234518, 48.7341682 ] ] ] } },
{ "type": "Feature", "properties": { "element": "way", "id": 95897494, "name": null, "building": "warehouse", "industrial": null }, "geometry": { "type": "Polygon", "coordinates": [ [ [ 9.3341434, 48.7328571 ], [ 9.334143, 48.7327437 ], [ 9.3342565, 48.7327427 ], [ 9.3342584, 48.7328074 ], [ 9.3343436, 48.7328084 ], [ 9.3343444, 48.7328258 ], [ 9.3343855, 48.7328255 ], [ 9.3343863, 48.7328613 ], [ 9.3343254, 48.7328602 ], [ 9.3341434, 48.7328571 ] ] ] } },
{ "type": "Feature", "properties": { "element": "way", "id": 97177725, "name": null, "building": "warehouse", "industrial": null }, "geometry": { "type": "Polygon", "coordinates": [ [ [ 9.3402101, 48.7346339 ], [ 9.3402385, 48.7345138 ], [ 9.3406128, 48.734552 ], [ 9.3405843, 48.7346726 ], [ 9.3402101, 48.7346339 ] ] ] } },
{ "type": "Feature", "properties": { "element": "way", "id": 97301746, "name": null, "building": "warehouse", "industrial": null }, "geometry": { "type": "Polygon", "coordinates": [ [ [ 9.1411235, 48.7552336 ], [ 9.1411428, 48.7552169 ], [ 9.1413939, 48.7553434 ], [ 9.1414142, 48.7553368 ], [ 9.1413888, 48.7552873 ], [ 9.141561, 48.7551428 ], [ 9.1413547, 48.755036 ], [ 9.1413423, 48.7550464 ], [ 9.1410805, 48.7549109 ], [ 9.1409767, 48.7549981 ], [ 9.1408259, 48.7551247 ], [ 9.1407939, 48.7551515 ], [ 9.140835, 48.7551728 ], [ 9.1409002, 48.755118 ], [ 9.1411235, 48.7552336 ] ] ] } },
{ "type": "Feature", "properties": { "element": "way", "id": 101159941, "name": "Sanacorp Pharmahandel GmbH", "building": "warehouse", "industrial": null }, "geometry": { "type": "Polygon", "coordinates": [ [ [ 9.1509893, 48.8935988 ], [ 9.1510927, 48.8935753 ], [ 9.1510363, 48.8934682 ], [ 9.1512002, 48.8934309 ], [ 9.1512566, 48.8935379 ], [ 9.1512959, 48.893529 ], [ 9.1513409, 48.8935187 ], [ 9.1521778, 48.8933281 ], [ 9.1522179, 48.8934041 ], [ 9.1522536, 48.893396 ], [ 9.1522135, 48.8933199 ], [ 9.1525405, 48.8932454 ], [ 9.1522008, 48.8926009 ], [ 9.151447, 48.8927727 ], [ 9.1513965, 48.8927376 ], [ 9.1512947, 48.8927607 ], [ 9.1513167, 48.8928024 ], [ 9.1509169, 48.8928934 ], [ 9.1510177, 48.8930847 ], [ 9.1508538, 48.893122 ], [ 9.150753, 48.8929308 ], [ 9.1506496, 48.8929543 ], [ 9.1509893, 48.8935988 ] ] ] } },
{ "type": "Feature", "properties": { "element": "way", "id": 101600211, "name": null, "building": "warehouse", "industrial": null }, "geometry": { "type": "Polygon", "coordinates": [ [ [ 9.2421004, 48.7131111 ], [ 9.2420456, 48.7131112 ], [ 9.2420549, 48.7128606 ], [ 9.2418967, 48.7128584 ], [ 9.2418862, 48.7131065 ], [ 9.2418665, 48.7131072 ], [ 9.2418611, 48.7132555 ], [ 9.2422779, 48.7132625 ], [ 9.2422823, 48.7131146 ], [ 9.2422915, 48.7128634 ], [ 9.2421121, 48.7128626 ], [ 9.2421004, 48.7131111 ] ] ] } },
{ "type": "Feature", "properties": { "element": "way", "id": 104057320, "name": null, "building": "warehouse", "industrial": null }, "geometry": { "type": "Polygon", "coordinates": [ [ [ 9.1076711, 48.8189945 ], [ 9.107611, 48.818963 ], [ 9.1075514, 48.8190123 ], [ 9.1071697, 48.8188506 ], [ 9.1071085, 48.8189132 ], [ 9.1075546, 48.8191022 ], [ 9.1076711, 48.8189945 ] ] ] } },
{ "type": "Feature", "properties": { "element": "way", "id": 106957055, "name": null, "building": "warehouse", "industrial": null }, "geometry": { "type": "Polygon", "coordinates": [ [ [ 9.1018233, 48.7513168 ], [ 9.1018727, 48.7513154 ], [ 9.1018715, 48.7512964 ], [ 9.1019991, 48.7512929 ], [ 9.1020001, 48.7513091 ], [ 9.1020449, 48.7513079 ], [ 9.1020431, 48.7512797 ], [ 9.1020127, 48.7512805 ], [ 9.1020073, 48.7511934 ], [ 9.1020339, 48.7511927 ], [ 9.102032, 48.7511628 ], [ 9.1019848, 48.7511641 ], [ 9.1019858, 48.7511815 ], [ 9.1018637, 48.7511848 ], [ 9.1018627, 48.751169 ], [ 9.1018119, 48.7511704 ], [ 9.1018139, 48.7512015 ], [ 9.1018419, 48.7512007 ], [ 9.1018471, 48.7512837 ], [ 9.1018213, 48.7512844 ], [ 9.1018233, 48.7513168 ] ] ] } },
{ "type": "Feature", "properties": { "element": "way", "id": 107045880, "name": "Rikker Holzbau", "building": "warehouse", "industrial": null }, "geometry": { "type": "Polygon", "coordinates": [ [ [ 9.3278183, 48.919607 ], [ 9.3278779, 48.9193203 ], [ 9.3285187, 48.9193779 ], [ 9.3285221, 48.9193619 ], [ 9.3287618, 48.9193834 ], [ 9.3287664, 48.9193612 ], [ 9.3288959, 48.9193728 ], [ 9.3288879, 48.9194111 ], [ 9.329277, 48.9194461 ], [ 9.3292739, 48.9194611 ], [ 9.329296, 48.9194631 ], [ 9.3292796, 48.9195419 ], [ 9.3292575, 48.9195399 ], [ 9.3292174, 48.9197328 ], [ 9.3285472, 48.9196726 ], [ 9.328542, 48.9196974 ], [ 9.3285217, 48.9196955 ], [ 9.3284064, 48.9196852 ], [ 9.3284116, 48.9196604 ], [ 9.3278183, 48.919607 ] ] ] } },
{ "type": "Feature", "properties": { "element": "way", "id": 107045888, "name": "AMG Halle 9 / Kantine", "building": "warehouse", "industrial": null }, "geometry": { "type": "Polygon", "coordinates": [ [ [ 9.3273025, 48.9180318 ], [ 9.3271961, 48.9183626 ], [ 9.3272137, 48.9183651 ], [ 9.327197, 48.9184169 ], [ 9.3272616, 48.9184258 ], [ 9.3272788, 48.9183723 ], [ 9.3275678, 48.9184125 ], [ 9.3276749, 48.9184274 ], [ 9.3276574, 48.9184817 ], [ 9.3278417, 48.9185073 ], [ 9.3278583, 48.9184559 ], [ 9.3279353, 48.9184666 ], [ 9.3280421, 48.9181346 ], [ 9.3277197, 48.9180898 ], [ 9.3273025, 48.9180318 ] ] ] } },
{ "type": "Feature", "properties": { "element": "way", "id": 107542610, "name": null, "building": "warehouse", "industrial": null }, "geometry": { "type": "Polygon", "coordinates": [ [ [ 9.2275494, 48.7803558 ], [ 9.2276332, 48.7803109 ], [ 9.2283187, 48.7808669 ], [ 9.2278512, 48.7811172 ], [ 9.2271657, 48.7805612 ], [ 9.2272476, 48.7805173 ], [ 9.2272882, 48.7805502 ], [ 9.22759, 48.7803887 ], [ 9.2275494, 48.7803558 ] ] ] } },
{ "type": "Feature", "properties": { "element": "way", "id": 115804327, "name": null, "building": "warehouse", "industrial": null }, "geometry": { "type": "Polygon", "coordinates": [ [ [ 9.1442735, 48.9050539 ], [ 9.1446119, 48.9050714 ], [ 9.144652, 48.9047521 ], [ 9.1443054, 48.9047363 ], [ 9.1442735, 48.9050539 ] ] ] } },
{ "type": "Feature", "properties": { "element": "way", "id": 116405082, "name": null, "building": "warehouse", "industrial": null }, "geometry": { "type": "Polygon", "coordinates": [ [ [ 9.2019011, 48.9533575 ], [ 9.2018967, 48.9533418 ], [ 9.2018753, 48.9533436 ], [ 9.2018692, 48.9533203 ], [ 9.2018491, 48.9533119 ], [ 9.2017861, 48.9533194 ], [ 9.2017767, 48.9533339 ], [ 9.2017834, 48.9533568 ], [ 9.2018031, 48.9533672 ], [ 9.2018813, 48.9537046 ], [ 9.2025943, 48.9536333 ], [ 9.2025797, 48.9535705 ], [ 9.2029542, 48.9535331 ], [ 9.2028906, 48.9532586 ], [ 9.2019011, 48.9533575 ] ] ] } },
{ "type": "Feature", "properties": { "element": "way", "id": 117359331, "name": null, "building": "warehouse", "industrial": null }, "geometry": { "type": "Polygon", "coordinates": [ [ [ 9.130602, 48.9455857 ], [ 9.1306607, 48.9456159 ], [ 9.1309297, 48.9457549 ], [ 9.131016, 48.9456827 ], [ 9.1306881, 48.9455137 ], [ 9.130602, 48.9455857 ] ] ] } },
{ "type": "Feature", "properties": { "element": "way", "id": 117462353, "name": null, "building": "warehouse", "industrial": null }, "geometry": { "type": "Polygon", "coordinates": [ [ [ 9.2268177, 48.779673 ], [ 9.2269079, 48.7796644 ], [ 9.2268952, 48.7796068 ], [ 9.2268049, 48.7796155 ], [ 9.2268177, 48.779673 ] ] ] } },
{ "type": "Feature", "properties": { "element": "way", "id": 117465295, "name": null, "building": "warehouse", "industrial": null }, "geometry": { "type": "Polygon", "coordinates": [ [ [ 9.1119488, 48.9337989 ], [ 9.1117477, 48.9337904 ], [ 9.1117742, 48.9335187 ], [ 9.1119754, 48.9335272 ], [ 9.1119709, 48.9335729 ], [ 9.1120389, 48.9335758 ], [ 9.1120341, 48.9336248 ], [ 9.1120653, 48.9336261 ], [ 9.1120607, 48.9336736 ], [ 9.1120915, 48.9336749 ], [ 9.1120824, 48.9337683 ], [ 9.1119523, 48.9337628 ], [ 9.1119488, 48.9337989 ] ] ] } },
{ "type": "Feature", "properties": { "element": "way", "id": 117465296, "name": "Gärtnerei Kiemle", "building": "warehouse", "industrial": null }, "geometry": { "type": "Polygon", "coordinates": [ [ [ 9.1121462, 48.9341109 ], [ 9.111869, 48.9340964 ], [ 9.111897, 48.9338645 ], [ 9.1121388, 48.9338771 ], [ 9.1121226, 48.9340115 ], [ 9.112158, 48.9340134 ], [ 9.1121462, 48.9341109 ] ] ] } },
{ "type": "Feature", "properties": { "element": "way", "id": 117886476, "name": null, "building": "warehouse", "industrial": null }, "geometry": { "type": "Polygon", "coordinates": [ [ [ 9.1198761, 48.7283435 ], [ 9.1201497, 48.7282922 ], [ 9.1202623, 48.7285824 ], [ 9.1199888, 48.7286319 ], [ 9.1198761, 48.7283435 ] ] ] } },
{ "type": "Feature", "properties": { "element": "way", "id": 117965361, "name": null, "building": "warehouse", "industrial": null }, "geometry": { "type": "Polygon", "coordinates": [ [ [ 9.1288942, 48.7192652 ], [ 9.1289156, 48.718997 ], [ 9.129195, 48.7190067 ], [ 9.1291736, 48.719275 ], [ 9.1288942, 48.7192652 ] ] ] } },
{ "type": "Feature", "properties": { "element": "way", "id": 118394745, "name": null, "building": "warehouse", "industrial": null }, "geometry": { "type": "Polygon", "coordinates": [ [ [ 9.2326736, 48.7821591 ], [ 9.2326218, 48.7818454 ], [ 9.2326877, 48.7818407 ], [ 9.2326824, 48.781782 ], [ 9.2327482, 48.7817797 ], [ 9.2327393, 48.7817211 ], [ 9.2329725, 48.7816988 ], [ 9.2329619, 48.7816823 ], [ 9.2330437, 48.7816812 ], [ 9.2330437, 48.7816671 ], [ 9.2331292, 48.7816624 ], [ 9.2331274, 48.7816425 ], [ 9.2332075, 48.7816389 ], [ 9.2332004, 48.7816108 ], [ 9.2332912, 48.7816049 ], [ 9.2332858, 48.7815721 ], [ 9.2333731, 48.7815686 ], [ 9.2333766, 48.7816038 ], [ 9.2334407, 48.7816014 ], [ 9.233503, 48.7816542 ], [ 9.2334603, 48.7816741 ], [ 9.2333855, 48.78168 ], [ 9.2333855, 48.7817058 ], [ 9.2333036, 48.7817117 ], [ 9.2333072, 48.7817422 ], [ 9.233236, 48.781748 ], [ 9.2332396, 48.7817832 ], [ 9.2331577, 48.7817879 ], [ 9.2331577, 48.7818243 ], [ 9.2330793, 48.7818278 ], [ 9.2330829, 48.7818606 ], [ 9.2330028, 48.7818618 ], [ 9.2330081, 48.7818982 ], [ 9.2328497, 48.7819111 ], [ 9.2328675, 48.7820448 ], [ 9.2330302, 48.7820316 ], [ 9.2331725, 48.7821633 ], [ 9.2330845, 48.7822084 ], [ 9.2330046, 48.7821363 ], [ 9.2326736, 48.7821591 ] ] ] } },
{ "type": "Feature", "properties": { "element": "way", "id": 118394749, "name": "Poco Einrichtungsmärkte - Lager Stuttgart", "building": "warehouse", "industrial": null }, "geometry": { "type": "Polygon", "coordinates": [ [ [ 9.2403692, 48.777915 ], [ 9.2402845, 48.7777943 ], [ 9.2407457, 48.7776548 ], [ 9.2408394, 48.7776254 ], [ 9.2408323, 48.7776153 ], [ 9.2408526, 48.7776091 ], [ 9.2408792, 48.777601 ], [ 9.2409633, 48.7777209 ], [ 9.2409373, 48.7777288 ], [ 9.2409544, 48.7777533 ], [ 9.2403788, 48.7779287 ], [ 9.2403692, 48.777915 ] ] ] } },
{ "type": "Feature", "properties": { "element": "way", "id": 120436072, "name": null, "building": "warehouse", "industrial": null }, "geometry": { "type": "Polygon", "coordinates": [ [ [ 9.1123816, 48.8230231 ], [ 9.1126643, 48.8231254 ], [ 9.1124176, 48.8234136 ], [ 9.1123668, 48.8234726 ], [ 9.1121431, 48.8233938 ], [ 9.112132, 48.8233899 ], [ 9.1122213, 48.8232778 ], [ 9.1121452, 48.8232495 ], [ 9.1123139, 48.8230546 ], [ 9.112344, 48.8230669 ], [ 9.1123816, 48.8230231 ] ] ] } },
{ "type": "Feature", "properties": { "element": "way", "id": 121473768, "name": null, "building": "warehouse", "industrial": null }, "geometry": { "type": "Polygon", "coordinates": [ [ [ 9.2953195, 48.8265863 ], [ 9.2951981, 48.8267689 ], [ 9.295913, 48.826975 ], [ 9.2959283, 48.826952 ], [ 9.2959301, 48.8269525 ], [ 9.2964264, 48.8270956 ], [ 9.2965326, 48.8269359 ], [ 9.2954059, 48.8266112 ], [ 9.2953195, 48.8265863 ] ] ] } },
{ "type": "Feature", "properties": { "element": "way", "id": 121770182, "name": null, "building": "warehouse", "industrial": null }, "geometry": { "type": "Polygon", "coordinates": [ [ [ 9.3444266, 48.8778424 ], [ 9.344676, 48.877909 ], [ 9.3447137, 48.8778479 ], [ 9.344646, 48.8778299 ], [ 9.3447075, 48.8777303 ], [ 9.3445198, 48.8776802 ], [ 9.3444529, 48.8777884 ], [ 9.3444744, 48.8777941 ], [ 9.3444598, 48.8778177 ], [ 9.3444444, 48.8778136 ], [ 9.3444266, 48.8778424 ] ] ] } },
{ "type": "Feature", "properties": { "element": "way", "id": 121921661, "name": "Bauhof Bad Cannstatt", "building": "warehouse", "industrial": null }, "geometry": { "type": "Polygon", "coordinates": [ [ [ 9.2284612, 48.8174797 ], [ 9.2285073, 48.8174857 ], [ 9.2286054, 48.8171562 ], [ 9.2284398, 48.8171348 ], [ 9.2283419, 48.8174636 ], [ 9.2283029, 48.8174586 ], [ 9.2282607, 48.8176002 ], [ 9.2284192, 48.8176206 ], [ 9.2284612, 48.8174797 ] ] ] } },
{ "type": "Feature", "properties": { "element": "way", "id": 121921674, "name": null, "building": "warehouse", "industrial": null }, "geometry": { "type": "Polygon", "coordinates": [ [ [ 9.2281554, 48.817458 ], [ 9.2282153, 48.817266 ], [ 9.2281625, 48.8172588 ], [ 9.2281371, 48.8172554 ], [ 9.2280772, 48.8174475 ], [ 9.2281554, 48.817458 ] ] ] } },
{ "type": "Feature", "properties": { "element": "way", "id": 122314982, "name": null, "building": "warehouse", "industrial": null }, "geometry": { "type": "Polygon", "coordinates": [ [ [ 9.3270181, 48.8322466 ], [ 9.3271875, 48.8322051 ], [ 9.3270801, 48.8320153 ], [ 9.3269108, 48.8320568 ], [ 9.3270181, 48.8322466 ] ] ] } },
{ "type": "Feature", "properties": { "element": "way", "id": 122586055, "name": null, "building": "warehouse", "industrial": null }, "geometry": { "type": "Polygon", "coordinates": [ [ [ 9.2146095, 48.7895168 ], [ 9.2149534, 48.7895784 ], [ 9.2150057, 48.7894516 ], [ 9.2150199, 48.7894163 ], [ 9.2150711, 48.7892916 ], [ 9.2147271, 48.7892302 ], [ 9.2146758, 48.7893551 ], [ 9.2146618, 48.78939 ], [ 9.2146095, 48.7895168 ] ] ] } },
{ "type": "Feature", "properties": { "element": "way", "id": 122755741, "name": null, "building": "warehouse", "industrial": null }, "geometry": { "type": "Polygon", "coordinates": [ [ [ 9.2163916, 48.7857472 ], [ 9.2165399, 48.7858341 ], [ 9.21666, 48.7857396 ], [ 9.2165829, 48.785705 ], [ 9.2165578, 48.7857227 ], [ 9.2165043, 48.7856919 ], [ 9.2165225, 48.7856788 ], [ 9.216493, 48.7856672 ], [ 9.2164534, 48.7856943 ], [ 9.2163916, 48.7857472 ] ] ] } },
{ "type": "Feature", "properties": { "element": "way", "id": 123776626, "name": null, "building": "warehouse", "industrial": null }, "geometry": { "type": "Polygon", "coordinates": [ [ [ 9.151269, 48.7604952 ], [ 9.1510891, 48.7604679 ], [ 9.1510752, 48.7605075 ], [ 9.1510495, 48.760581 ], [ 9.1510385, 48.7606123 ], [ 9.1512215, 48.7606306 ], [ 9.1512366, 48.7605877 ], [ 9.151269, 48.7604952 ] ] ] } },
{ "type": "Feature", "properties": { "element": "way", "id": 124448153, "name": null, "building": "warehouse", "industrial": null }, "geometry": { "type": "Polygon", "coordinates": [ [ [ 9.3492457, 48.8743641 ], [ 9.3493713, 48.8743474 ], [ 9.3493496, 48.8742768 ], [ 9.3492676, 48.8742877 ], [ 9.3492727, 48.874304 ], [ 9.349229, 48.8743098 ], [ 9.3492457, 48.8743641 ] ] ] } },
{ "type": "Feature", "properties": { "element": "way", "id": 124483409, "name": null, "building": "warehouse", "industrial": null }, "geometry": { "type": "Polygon", "coordinates": [ [ [ 9.2295732, 48.8225979 ], [ 9.229706, 48.8226553 ], [ 9.2297973, 48.8225637 ], [ 9.2296644, 48.8225063 ], [ 9.2295732, 48.8225979 ] ] ] } },
{ "type": "Feature", "properties": { "element": "way", "id": 124656863, "name": null, "building": "warehouse", "industrial": null }, "geometry": { "type": "Polygon", "coordinates": [ [ [ 9.2216221, 48.7876562 ], [ 9.2213468, 48.7878244 ], [ 9.2214889, 48.7879254 ], [ 9.2217642, 48.7877572 ], [ 9.2216221, 48.7876562 ] ] ] } },
{ "type": "Feature", "properties": { "element": "way", "id": 124826683, "name": null, "building": "warehouse", "industrial": null }, "geometry": { "type": "Polygon", "coordinates": [ [ [ 9.2490417, 48.8411736 ], [ 9.2489705, 48.8413755 ], [ 9.2490657, 48.8413898 ], [ 9.2492685, 48.8414203 ], [ 9.249334, 48.8412231 ], [ 9.2490417, 48.8411736 ] ] ] } },
{ "type": "Feature", "properties": { "element": "way", "id": 124826685, "name": null, "building": "warehouse", "industrial": null }, "geometry": { "type": "Polygon", "coordinates": [ [ [ 9.2493817, 48.8416523 ], [ 9.2494499, 48.8413816 ], [ 9.2492651, 48.8413542 ], [ 9.2491969, 48.8416326 ], [ 9.2493817, 48.8416523 ] ] ] } },
{ "type": "Feature", "properties": { "element": "way", "id": 125001054, "name": null, "building": "warehouse", "industrial": null }, "geometry": { "type": "Polygon", "coordinates": [ [ [ 9.3478441, 48.8815319 ], [ 9.3480977, 48.8817062 ], [ 9.3481575, 48.8816686 ], [ 9.3479038, 48.8814943 ], [ 9.3478441, 48.8815319 ] ] ] } },
{ "type": "Feature", "properties": { "element": "way", "id": 125098118, "name": null, "building": "warehouse", "industrial": null }, "geometry": { "type": "Polygon", "coordinates": [ [ [ 9.2817509, 48.741973 ], [ 9.2818044, 48.7420472 ], [ 9.2818873, 48.7420233 ], [ 9.2818292, 48.7419487 ], [ 9.2817509, 48.741973 ] ] ] } },
{ "type": "Feature", "properties": { "element": "way", "id": 125098154, "name": null, "building": "warehouse", "industrial": null }, "geometry": { "type": "Polygon", "coordinates": [ [ [ 9.2816179, 48.7418464 ], [ 9.2815387, 48.7418855 ], [ 9.2816085, 48.741946 ], [ 9.2816869, 48.7419077 ], [ 9.2816179, 48.7418464 ] ] ] } },
{ "type": "Feature", "properties": { "element": "way", "id": 125098213, "name": null, "building": "warehouse", "industrial": null }, "geometry": { "type": "Polygon", "coordinates": [ [ [ 9.282495, 48.7418174 ], [ 9.2825447, 48.7418977 ], [ 9.2827494, 48.7418406 ], [ 9.2826993, 48.7417613 ], [ 9.282495, 48.7418174 ] ] ] } },
{ "type": "Feature", "properties": { "element": "way", "id": 125746635, "name": null, "building": "warehouse", "industrial": null }, "geometry": { "type": "Polygon", "coordinates": [ [ [ 9.2145886, 48.817279 ], [ 9.2147158, 48.8171817 ], [ 9.2149197, 48.8172972 ], [ 9.2149936, 48.8172406 ], [ 9.2143926, 48.8169001 ], [ 9.2141948, 48.8170514 ], [ 9.2145886, 48.817279 ] ] ] } },
{ "type": "Feature", "properties": { "element": "way", "id": 125746662, "name": null, "building": "warehouse", "industrial": null }, "geometry": { "type": "Polygon", "coordinates": [ [ [ 9.2144169, 48.8174299 ], [ 9.2145881, 48.8175593 ], [ 9.2147919, 48.8174424 ], [ 9.214709, 48.8173797 ], [ 9.2147509, 48.8173556 ], [ 9.2146627, 48.8172889 ], [ 9.2144169, 48.8174299 ] ] ] } },
{ "type": "Feature", "properties": { "element": "way", "id": 127683121, "name": null, "building": "warehouse", "industrial": null }, "geometry": { "type": "Polygon", "coordinates": [ [ [ 9.2535868, 48.7312268 ], [ 9.2536489, 48.7312875 ], [ 9.2537014, 48.7313388 ], [ 9.2537989, 48.7312955 ], [ 9.2536842, 48.7311834 ], [ 9.2535868, 48.7312268 ] ] ] } },
{ "type": "Feature", "properties": { "element": "way", "id": 127930886, "name": null, "building": "warehouse", "industrial": null }, "geometry": { "type": "Polygon", "coordinates": [ [ [ 9.2417218, 48.7312849 ], [ 9.2418154, 48.7314003 ], [ 9.2420583, 48.7313147 ], [ 9.2419646, 48.7311992 ], [ 9.2417218, 48.7312849 ] ] ] } },
{ "type": "Feature", "properties": { "element": "way", "id": 127930979, "name": null, "building": "warehouse", "industrial": null }, "geometry": { "type": "Polygon", "coordinates": [ [ [ 9.2456405, 48.7286331 ], [ 9.2456237, 48.7284162 ], [ 9.2452471, 48.7284228 ], [ 9.2452058, 48.7284226 ], [ 9.2452019, 48.728636 ], [ 9.2453099, 48.7286342 ], [ 9.2453485, 48.7286344 ], [ 9.2454684, 48.7286352 ], [ 9.2456405, 48.7286331 ] ] ] } },
{ "type": "Feature", "properties": { "element": "way", "id": 129272927, "name": null, "building": "warehouse", "industrial": null }, "geometry": { "type": "Polygon", "coordinates": [ [ [ 9.1116276, 48.815128 ], [ 9.1116341, 48.8151202 ], [ 9.111889, 48.8151963 ], [ 9.1118481, 48.8152538 ], [ 9.111825, 48.8152474 ], [ 9.1117272, 48.8152115 ], [ 9.1116533, 48.8151858 ], [ 9.111603, 48.81517 ], [ 9.1116276, 48.815128 ] ] ] } },
{ "type": "Feature", "properties": { "element": "way", "id": 130412124, "name": null, "building": "warehouse", "industrial": null }, "geometry": { "type": "Polygon", "coordinates": [ [ [ 9.2491892, 48.7059753 ], [ 9.2501696, 48.7059768 ], [ 9.250171, 48.7055493 ], [ 9.2502196, 48.7055493 ], [ 9.25022, 48.7054234 ], [ 9.2500414, 48.7054232 ], [ 9.2500168, 48.7054232 ], [ 9.2500167, 48.705475 ], [ 9.2490262, 48.7054736 ], [ 9.2490253, 48.7057672 ], [ 9.2491015, 48.7057673 ], [ 9.2491011, 48.7058712 ], [ 9.2491895, 48.7058713 ], [ 9.2491892, 48.7059753 ] ] ] } },
{ "type": "Feature", "properties": { "element": "way", "id": 133637181, "name": "Zentrallager der Staatstheater Stuttgart", "building": "warehouse", "industrial": null }, "geometry": { "type": "Polygon", "coordinates": [ [ [ 9.2156066, 48.8198528 ], [ 9.2156458, 48.8198872 ], [ 9.2157142, 48.8198533 ], [ 9.2160084, 48.8197078 ], [ 9.215774, 48.8195052 ], [ 9.215687, 48.8194279 ], [ 9.2155894, 48.8193406 ], [ 9.2162451, 48.8190162 ], [ 9.2169686, 48.8196503 ], [ 9.2152499, 48.8205005 ], [ 9.2149062, 48.8201993 ], [ 9.2156066, 48.8198528 ] ] ] } },
{ "type": "Feature", "properties": { "element": "way", "id": 138409039, "name": null, "building": "warehouse", "industrial": null }, "geometry": { "type": "Polygon", "coordinates": [ [ [ 9.2542338, 48.8159896 ], [ 9.2544538, 48.8160296 ], [ 9.2546527, 48.8155559 ], [ 9.2544327, 48.8155159 ], [ 9.2542338, 48.8159896 ] ] ] } },
{ "type": "Feature", "properties": { "element": "way", "id": 139454018, "name": null, "building": "warehouse", "industrial": null }, "geometry": { "type": "Polygon", "coordinates": [ [ [ 9.2408446, 48.818716 ], [ 9.2408368, 48.8188203 ], [ 9.2410542, 48.8188273 ], [ 9.2410522, 48.8188536 ], [ 9.2412406, 48.8188597 ], [ 9.2412424, 48.8188349 ], [ 9.2415009, 48.8188432 ], [ 9.2415124, 48.8186893 ], [ 9.2414182, 48.8186863 ], [ 9.2414146, 48.8187344 ], [ 9.2408446, 48.818716 ] ] ] } },
{ "type": "Feature", "properties": { "element": "way", "id": 139454076, "name": null, "building": "warehouse", "industrial": null }, "geometry": { "type": "Polygon", "coordinates": [ [ [ 9.2408482, 48.8186679 ], [ 9.2414182, 48.8186863 ], [ 9.2414146, 48.8187344 ], [ 9.2408446, 48.818716 ], [ 9.2408482, 48.8186679 ] ] ] } },
{ "type": "Feature", "properties": { "element": "way", "id": 139454085, "name": null, "building": "warehouse", "industrial": null }, "geometry": { "type": "Polygon", "coordinates": [ [ [ 9.2407402, 48.8196142 ], [ 9.2410968, 48.8196268 ], [ 9.2411097, 48.8194677 ], [ 9.2407532, 48.8194551 ], [ 9.2407402, 48.8196142 ] ] ] } },
{ "type": "Feature", "properties": { "element": "way", "id": 139454158, "name": null, "building": "warehouse", "industrial": null }, "geometry": { "type": "Polygon", "coordinates": [ [ [ 9.2406265, 48.8186607 ], [ 9.2406303, 48.818609 ], [ 9.2415162, 48.8186376 ], [ 9.2415124, 48.8186893 ], [ 9.2414182, 48.8186863 ], [ 9.2408482, 48.8186679 ], [ 9.2406265, 48.8186607 ] ] ] } },
{ "type": "Feature", "properties": { "element": "way", "id": 139454165, "name": null, "building": "warehouse", "industrial": null }, "geometry": { "type": "Polygon", "coordinates": [ [ [ 9.2408368, 48.8188203 ], [ 9.2404974, 48.8188093 ], [ 9.2405087, 48.8186569 ], [ 9.2406265, 48.8186607 ], [ 9.2408482, 48.8186679 ], [ 9.2408446, 48.818716 ], [ 9.2408368, 48.8188203 ] ] ] } },
{ "type": "Feature", "properties": { "element": "way", "id": 140065970, "name": null, "building": "warehouse", "industrial": null }, "geometry": { "type": "Polygon", "coordinates": [ [ [ 9.2525299, 48.816868 ], [ 9.2526888, 48.8166153 ], [ 9.2525672, 48.8165821 ], [ 9.2524698, 48.8167371 ], [ 9.2524083, 48.8168349 ], [ 9.2525299, 48.816868 ] ] ] } },
{ "type": "Feature", "properties": { "element": "way", "id": 140066001, "name": null, "building": "warehouse", "industrial": null }, "geometry": { "type": "Polygon", "coordinates": [ [ [ 9.2521717, 48.8172221 ], [ 9.2524233, 48.8172896 ], [ 9.252459, 48.8172318 ], [ 9.2522075, 48.8171643 ], [ 9.2522006, 48.8171754 ], [ 9.2521717, 48.8172221 ] ] ] } },
{ "type": "Feature", "properties": { "element": "way", "id": 141894338, "name": null, "building": "warehouse", "industrial": null }, "geometry": { "type": "Polygon", "coordinates": [ [ [ 9.2215975, 48.8283116 ], [ 9.221692, 48.8284276 ], [ 9.2218232, 48.8283813 ], [ 9.2217287, 48.8282653 ], [ 9.2215975, 48.8283116 ] ] ] } },
{ "type": "Feature", "properties": { "element": "way", "id": 142719767, "name": null, "building": "warehouse", "industrial": null }, "geometry": { "type": "Polygon", "coordinates": [ [ [ 9.2213268, 48.8348195 ], [ 9.221291, 48.8348562 ], [ 9.2214135, 48.8349079 ], [ 9.2214493, 48.8348712 ], [ 9.2213268, 48.8348195 ] ] ] } },
{ "type": "Feature", "properties": { "element": "way", "id": 144318563, "name": null, "building": "warehouse", "industrial": null }, "geometry": { "type": "Polygon", "coordinates": [ [ [ 9.2123017, 48.8111288 ], [ 9.2124636, 48.8110209 ], [ 9.2124492, 48.8110116 ], [ 9.21249, 48.8109844 ], [ 9.2124045, 48.8109287 ], [ 9.2122018, 48.8110637 ], [ 9.2123017, 48.8111288 ] ] ] } },
{ "type": "Feature", "properties": { "element": "way", "id": 145829710, "name": null, "building": "warehouse", "industrial": null }, "geometry": { "type": "Polygon", "coordinates": [ [ [ 9.1615809, 48.8310754 ], [ 9.1614471, 48.8309426 ], [ 9.1615157, 48.8309127 ], [ 9.1616494, 48.8310454 ], [ 9.1615809, 48.8310754 ] ] ] } },
{ "type": "Feature", "properties": { "element": "way", "id": 145829824, "name": null, "building": "warehouse", "industrial": null }, "geometry": { "type": "Polygon", "coordinates": [ [ [ 9.1629777, 48.8307156 ], [ 9.162991, 48.8305467 ], [ 9.163098, 48.8305503 ], [ 9.1630847, 48.8307193 ], [ 9.1629777, 48.8307156 ] ] ] } },
{ "type": "Feature", "properties": { "element": "way", "id": 148261163, "name": "Getränke Streng", "building": "warehouse", "industrial": null }, "geometry": { "type": "Polygon", "coordinates": [ [ [ 9.1901249, 48.8383476 ], [ 9.1901143, 48.83837 ], [ 9.1899695, 48.8383402 ], [ 9.1899255, 48.8384328 ], [ 9.1900703, 48.8384626 ], [ 9.1900242, 48.8385598 ], [ 9.1905987, 48.8386779 ], [ 9.1906994, 48.8384657 ], [ 9.1901249, 48.8383476 ] ] ] } },
{ "type": "Feature", "properties": { "element": "way", "id": 154116186, "name": null, "building": "warehouse", "industrial": null }, "geometry": { "type": "Polygon", "coordinates": [ [ [ 9.2721269, 48.9355708 ], [ 9.2723902, 48.9356058 ], [ 9.2724384, 48.9354492 ], [ 9.2722205, 48.9354202 ], [ 9.2722244, 48.9354075 ], [ 9.272179, 48.9354015 ], [ 9.2721269, 48.9355708 ] ] ] } },
{ "type": "Feature", "properties": { "element": "way", "id": 166384622, "name": null, "building": "warehouse", "industrial": null }, "geometry": { "type": "Polygon", "coordinates": [ [ [ 9.2678144, 48.9636243 ], [ 9.267959, 48.9636867 ], [ 9.2683706, 48.9632758 ], [ 9.2682259, 48.9632133 ], [ 9.2678144, 48.9636243 ] ] ] } },
{ "type": "Feature", "properties": { "element": "way", "id": 166384664, "name": null, "building": "warehouse", "industrial": null }, "geometry": { "type": "Polygon", "coordinates": [ [ [ 9.2681074, 48.9655318 ], [ 9.2683199, 48.9652756 ], [ 9.2678529, 48.9651875 ], [ 9.2676801, 48.9653841 ], [ 9.2681074, 48.9655318 ] ] ] } },
{ "type": "Feature", "properties": { "element": "way", "id": 166384671, "name": null, "building": "warehouse", "industrial": null }, "geometry": { "type": "Polygon", "coordinates": [ [ [ 9.2692562, 48.9657894 ], [ 9.2690844, 48.96622 ], [ 9.2688278, 48.9661729 ], [ 9.2685458, 48.9660944 ], [ 9.2689114, 48.9657162 ], [ 9.2692562, 48.9657894 ] ] ] } },
{ "type": "Feature", "properties": { "element": "way", "id": 166384673, "name": "Diekwisch TLG GmbH & Co. KG", "building": "warehouse", "industrial": null }, "geometry": { "type": "Polygon", "coordinates": [ [ [ 9.2686519, 48.9657201 ], [ 9.2683903, 48.9660461 ], [ 9.2672381, 48.9656477 ], [ 9.2674997, 48.9653217 ], [ 9.2676801, 48.9653841 ], [ 9.2681074, 48.9655318 ], [ 9.2686519, 48.9657201 ] ] ] } },
{ "type": "Feature", "properties": { "element": "way", "id": 167450136, "name": "Stitz", "building": "warehouse", "industrial": null }, "geometry": { "type": "Polygon", "coordinates": [ [ [ 9.2432933, 48.7282292 ], [ 9.2436715, 48.728257 ], [ 9.2436942, 48.7281226 ], [ 9.2433159, 48.7280949 ], [ 9.2432933, 48.7282292 ] ] ] } },
{ "type": "Feature", "properties": { "element": "way", "id": 167450137, "name": null, "building": "warehouse", "industrial": null }, "geometry": { "type": "Polygon", "coordinates": [ [ [ 9.2440851, 48.7282974 ], [ 9.2442651, 48.7283099 ], [ 9.244295, 48.7281754 ], [ 9.2442396, 48.728171 ], [ 9.2441861, 48.7281667 ], [ 9.2441089, 48.7281605 ], [ 9.2441074, 48.7281691 ], [ 9.2440851, 48.7282974 ] ] ] } },
{ "type": "Feature", "properties": { "element": "way", "id": 167520802, "name": null, "building": "warehouse", "industrial": null }, "geometry": { "type": "Polygon", "coordinates": [ [ [ 9.2772844, 48.9671016 ], [ 9.2774901, 48.9670503 ], [ 9.2773779, 48.9668567 ], [ 9.2771723, 48.9669081 ], [ 9.2772844, 48.9671016 ] ] ] } },
{ "type": "Feature", "properties": { "element": "way", "id": 168820548, "name": null, "building": "warehouse", "industrial": null }, "geometry": { "type": "Polygon", "coordinates": [ [ [ 9.2557581, 48.7768065 ], [ 9.2560647, 48.776692 ], [ 9.2560037, 48.7766152 ], [ 9.2558811, 48.7766637 ], [ 9.2557942, 48.776566 ], [ 9.2556359, 48.7766645 ], [ 9.2557581, 48.7768065 ] ] ] } },
{ "type": "Feature", "properties": { "element": "way", "id": 169957193, "name": null, "building": "warehouse", "industrial": null }, "geometry": { "type": "Polygon", "coordinates": [ [ [ 9.2438772, 48.7840121 ], [ 9.2435953, 48.7838224 ], [ 9.2429395, 48.784244 ], [ 9.2423595, 48.784617 ], [ 9.2424851, 48.7847053 ], [ 9.2423937, 48.7847625 ], [ 9.2425545, 48.7848741 ], [ 9.2438772, 48.7840121 ] ] ] } },
{ "type": "Feature", "properties": { "element": "way", "id": 170103543, "name": null, "building": "warehouse", "industrial": null }, "geometry": { "type": "Polygon", "coordinates": [ [ [ 9.1034167, 48.9475984 ], [ 9.1035417, 48.9475828 ], [ 9.1034706, 48.9473366 ], [ 9.1033456, 48.9473522 ], [ 9.1034167, 48.9475984 ] ] ] } },
{ "type": "Feature", "properties": { "element": "way", "id": 170103665, "name": null, "building": "warehouse", "industrial": null }, "geometry": { "type": "Polygon", "coordinates": [ [ [ 9.1047387, 48.9474143 ], [ 9.104237, 48.9474951 ], [ 9.1041208, 48.9471842 ], [ 9.1042648, 48.947161 ], [ 9.1042436, 48.9471043 ], [ 9.1046014, 48.9470467 ], [ 9.1047387, 48.9474143 ] ] ] } },
{ "type": "Feature", "properties": { "element": "way", "id": 172452215, "name": null, "building": "warehouse", "industrial": null }, "geometry": { "type": "Polygon", "coordinates": [ [ [ 9.2796028, 48.9676165 ], [ 9.2796913, 48.9675806 ], [ 9.2796005, 48.9674842 ], [ 9.279512, 48.9675201 ], [ 9.2796028, 48.9676165 ] ] ] } },
{ "type": "Feature", "properties": { "element": "way", "id": 172452227, "name": null, "building": "warehouse", "industrial": null }, "geometry": { "type": "Polygon", "coordinates": [ [ [ 9.2792546, 48.9674614 ], [ 9.2793492, 48.967425 ], [ 9.2795219, 48.9676182 ], [ 9.2794273, 48.9676547 ], [ 9.2792546, 48.9674614 ] ] ] } },
{ "type": "Feature", "properties": { "element": "way", "id": 172452257, "name": null, "building": "warehouse", "industrial": null }, "geometry": { "type": "Polygon", "coordinates": [ [ [ 9.2791096, 48.9676211 ], [ 9.279041, 48.9676728 ], [ 9.2792212, 48.967776 ], [ 9.2792898, 48.9677243 ], [ 9.2791096, 48.9676211 ] ] ] } },
{ "type": "Feature", "properties": { "element": "way", "id": 172452328, "name": null, "building": "warehouse", "industrial": null }, "geometry": { "type": "Polygon", "coordinates": [ [ [ 9.2788974, 48.9674386 ], [ 9.2789487, 48.9675078 ], [ 9.2790905, 48.9674625 ], [ 9.2790392, 48.9673933 ], [ 9.2788974, 48.9674386 ] ] ] } },
{ "type": "Feature", "properties": { "element": "way", "id": 172452332, "name": null, "building": "warehouse", "industrial": null }, "geometry": { "type": "Polygon", "coordinates": [ [ [ 9.2789516, 48.9675546 ], [ 9.2789951, 48.9676113 ], [ 9.2791854, 48.9675484 ], [ 9.2791418, 48.9674916 ], [ 9.2789516, 48.9675546 ] ] ] } },
{ "type": "Feature", "properties": { "element": "way", "id": 172452338, "name": null, "building": "warehouse", "industrial": null }, "geometry": { "type": "Polygon", "coordinates": [ [ [ 9.2788548, 48.9673813 ], [ 9.2788974, 48.9674386 ], [ 9.2790392, 48.9673933 ], [ 9.2791409, 48.9673608 ], [ 9.2790983, 48.9673034 ], [ 9.2788548, 48.9673813 ] ] ] } },
{ "type": "Feature", "properties": { "element": "way", "id": 172452344, "name": null, "building": "warehouse", "industrial": null }, "geometry": { "type": "Polygon", "coordinates": [ [ [ 9.2792738, 48.9668831 ], [ 9.2792032, 48.9669181 ], [ 9.2793057, 48.9670056 ], [ 9.2793795, 48.9669714 ], [ 9.2792877, 48.9668953 ], [ 9.2792738, 48.9668831 ] ] ] } },
{ "type": "Feature", "properties": { "element": "way", "id": 173188734, "name": null, "building": "warehouse", "industrial": null }, "geometry": { "type": "Polygon", "coordinates": [ [ [ 9.2679587, 48.9762014 ], [ 9.2680788, 48.9761125 ], [ 9.2679661, 48.9760469 ], [ 9.267846, 48.9761358 ], [ 9.2679587, 48.9762014 ] ] ] } },
{ "type": "Feature", "properties": { "element": "way", "id": 178538279, "name": null, "building": "warehouse", "industrial": null }, "geometry": { "type": "Polygon", "coordinates": [ [ [ 9.1460481, 48.9996072 ], [ 9.1462705, 48.999811 ], [ 9.146371, 48.9997631 ], [ 9.1461532, 48.9995552 ], [ 9.1460481, 48.9996072 ] ] ] } },
{ "type": "Feature", "properties": { "element": "way", "id": 178745875, "name": null, "building": "warehouse", "industrial": null }, "geometry": { "type": "Polygon", "coordinates": [ [ [ 9.2013269, 48.9265494 ], [ 9.2018823, 48.9265545 ], [ 9.2018888, 48.9262522 ], [ 9.2013334, 48.926247 ], [ 9.2013269, 48.9265494 ] ] ] } },
{ "type": "Feature", "properties": { "element": "way", "id": 178745879, "name": null, "building": "warehouse", "industrial": null }, "geometry": { "type": "Polygon", "coordinates": [ [ [ 9.2009739, 48.9262415 ], [ 9.2012671, 48.9262423 ], [ 9.2012701, 48.9257916 ], [ 9.2009769, 48.9257908 ], [ 9.2009739, 48.9262415 ] ] ] } },
{ "type": "Feature", "properties": { "element": "way", "id": 181272406, "name": null, "building": "warehouse", "industrial": null }, "geometry": { "type": "Polygon", "coordinates": [ [ [ 9.1379593, 48.8880797 ], [ 9.1378381, 48.888324 ], [ 9.1377329, 48.8883017 ], [ 9.1376989, 48.8883653 ], [ 9.1378058, 48.8883899 ], [ 9.1377872, 48.8884278 ], [ 9.1381452, 48.8885037 ], [ 9.1381252, 48.8885447 ], [ 9.1378721, 48.8884903 ], [ 9.1377744, 48.8886877 ], [ 9.1377897, 48.8886899 ], [ 9.1377769, 48.8887089 ], [ 9.1378219, 48.8887174 ], [ 9.1380306, 48.8887569 ], [ 9.138023, 48.8887775 ], [ 9.1380969, 48.8887926 ], [ 9.138611, 48.8888975 ], [ 9.1386399, 48.8888417 ], [ 9.1395036, 48.889018 ], [ 9.1395748, 48.8888731 ], [ 9.1395604, 48.8888699 ], [ 9.1396276, 48.8887381 ], [ 9.1396538, 48.8886572 ], [ 9.1396538, 48.8885875 ], [ 9.1394247, 48.888535 ], [ 9.1394916, 48.8883988 ], [ 9.139392, 48.8883767 ], [ 9.1394592, 48.888237 ], [ 9.1392757, 48.8882 ], [ 9.1393392, 48.8880674 ], [ 9.1388173, 48.8879546 ], [ 9.1387513, 48.8880895 ], [ 9.1386169, 48.8880579 ], [ 9.1385689, 48.8881566 ], [ 9.1387045, 48.8881834 ], [ 9.1386817, 48.8882276 ], [ 9.1379593, 48.8880797 ] ] ] } },
{ "type": "Feature", "properties": { "element": "way", "id": 184910486, "name": null, "building": "warehouse", "industrial": null }, "geometry": { "type": "Polygon", "coordinates": [ [ [ 9.2638566, 48.8212762 ], [ 9.2637333, 48.8216329 ], [ 9.2638942, 48.8216576 ], [ 9.2638727, 48.8217141 ], [ 9.2647257, 48.8218554 ], [ 9.2648705, 48.8214422 ], [ 9.2638566, 48.8212762 ] ] ] } },
{ "type": "Feature", "properties": { "element": "way", "id": 184910487, "name": null, "building": "warehouse", "industrial": null }, "geometry": { "type": "Polygon", "coordinates": [ [ [ 9.2638405, 48.8206863 ], [ 9.2637507, 48.8209097 ], [ 9.2648115, 48.8210784 ], [ 9.2648987, 48.8208567 ], [ 9.2638405, 48.8206863 ] ] ] } },
{ "type": "Feature", "properties": { "element": "way", "id": 184913921, "name": "Schmalz+Schön Logistik-Gruppe", "building": "warehouse", "industrial": null }, "geometry": { "type": "Polygon", "coordinates": [ [ [ 9.2831346, 48.8221723 ], [ 9.2823294, 48.8220282 ], [ 9.2821682, 48.8224189 ], [ 9.2823536, 48.822452 ], [ 9.2821715, 48.8228932 ], [ 9.2830606, 48.8230523 ], [ 9.2830728, 48.8230228 ], [ 9.2833188, 48.8224267 ], [ 9.2833496, 48.822352 ], [ 9.2830803, 48.8223038 ], [ 9.2831346, 48.8221723 ] ] ] } },
{ "type": "Feature", "properties": { "element": "way", "id": 194226464, "name": null, "building": "warehouse", "industrial": null }, "geometry": { "type": "Polygon", "coordinates": [ [ [ 9.3047357, 48.7404521 ], [ 9.3049405, 48.7403734 ], [ 9.3049773, 48.7404035 ], [ 9.3047741, 48.740482 ], [ 9.3047663, 48.740485 ], [ 9.3047357, 48.7404521 ] ] ] } },
{ "type": "Feature", "properties": { "element": "way", "id": 194226501, "name": null, "building": "warehouse", "industrial": null }, "geometry": { "type": "Polygon", "coordinates": [ [ [ 9.3047741, 48.740482 ], [ 9.3049773, 48.7404035 ], [ 9.3050166, 48.7404399 ], [ 9.3048738, 48.7404979 ], [ 9.3048116, 48.7405215 ], [ 9.3048071, 48.7405168 ], [ 9.3047741, 48.740482 ] ] ] } },
{ "type": "Feature", "properties": { "element": "way", "id": 194226548, "name": null, "building": "warehouse", "industrial": null }, "geometry": { "type": "Polygon", "coordinates": [ [ [ 9.3050524, 48.7404104 ], [ 9.3049362, 48.7403222 ], [ 9.3049699, 48.7402977 ], [ 9.3050361, 48.7402523 ], [ 9.305105, 48.7402977 ], [ 9.3050606, 48.7403255 ], [ 9.3051145, 48.740362 ], [ 9.3050524, 48.7404104 ] ] ] } },
{ "type": "Feature", "properties": { "element": "way", "id": 196673216, "name": "Ille Papier-Service GmbH", "building": "warehouse", "industrial": null }, "geometry": { "type": "Polygon", "coordinates": [ [ [ 9.1399715, 48.939773 ], [ 9.1403039, 48.9398473 ], [ 9.1403544, 48.9397497 ], [ 9.1404148, 48.9397632 ], [ 9.1406308, 48.9393463 ], [ 9.1403578, 48.9392853 ], [ 9.1403071, 48.9393832 ], [ 9.1401873, 48.9393564 ], [ 9.1399715, 48.939773 ] ] ] } },
{ "type": "Feature", "properties": { "element": "way", "id": 196674581, "name": "Basler Haarkosmetik", "building": "warehouse", "industrial": null }, "geometry": { "type": "Polygon", "coordinates": [ [ [ 9.140992, 48.9390925 ], [ 9.1415864, 48.9390494 ], [ 9.1415896, 48.9390685 ], [ 9.1415972, 48.9390819 ], [ 9.141616, 48.9390892 ], [ 9.1416399, 48.9390906 ], [ 9.1416542, 48.9390877 ], [ 9.1416633, 48.9390812 ], [ 9.1416699, 48.9390735 ], [ 9.1416729, 48.9390588 ], [ 9.1416682, 48.9390325 ], [ 9.1416495, 48.9389466 ], [ 9.1419075, 48.9389259 ], [ 9.1419372, 48.9391006 ], [ 9.1419467, 48.9391183 ], [ 9.1419519, 48.9391279 ], [ 9.1419733, 48.9391466 ], [ 9.1420044, 48.9391652 ], [ 9.1420454, 48.9391693 ], [ 9.1420744, 48.9391683 ], [ 9.1421069, 48.939162 ], [ 9.1421359, 48.9391496 ], [ 9.1421542, 48.939138 ], [ 9.1421654, 48.9391216 ], [ 9.142174, 48.9390959 ], [ 9.1421725, 48.9390722 ], [ 9.1421659, 48.9390572 ], [ 9.1421562, 48.9390452 ], [ 9.14214, 48.9390331 ], [ 9.1420957, 48.9390221 ], [ 9.1421013, 48.9390101 ], [ 9.1421435, 48.9390231 ], [ 9.1421562, 48.9390041 ], [ 9.1421125, 48.9389947 ], [ 9.1421196, 48.9389831 ], [ 9.14219, 48.938998 ], [ 9.1423027, 48.9387909 ], [ 9.1422523, 48.9387735 ], [ 9.1423107, 48.9386602 ], [ 9.1421663, 48.9386332 ], [ 9.1421155, 48.9387294 ], [ 9.1419853, 48.9387003 ], [ 9.1419782, 48.9386521 ], [ 9.1420234, 48.9386469 ], [ 9.1420127, 48.9385835 ], [ 9.1419676, 48.938587 ], [ 9.1419136, 48.9383109 ], [ 9.1419597, 48.9383059 ], [ 9.1419459, 48.9382462 ], [ 9.1417703, 48.9382564 ], [ 9.1417641, 48.9382311 ], [ 9.140971, 48.9382981 ], [ 9.1409771, 48.9383622 ], [ 9.1408592, 48.9383715 ], [ 9.1409192, 48.9387486 ], [ 9.140992, 48.9390925 ] ] ] } },
{ "type": "Feature", "properties": { "element": "way", "id": 197660371, "name": null, "building": "warehouse", "industrial": null }, "geometry": { "type": "Polygon", "coordinates": [ [ [ 9.3223623, 48.9730005 ], [ 9.3225317, 48.9730158 ], [ 9.3225766, 48.9728017 ], [ 9.3224072, 48.9727864 ], [ 9.3223623, 48.9730005 ] ] ] } },
{ "type": "Feature", "properties": { "element": "way", "id": 203330694, "name": null, "building": "warehouse", "industrial": null }, "geometry": { "type": "Polygon", "coordinates": [ [ [ 9.3002487, 48.8312791 ], [ 9.3004136, 48.8312727 ], [ 9.3003973, 48.8310913 ], [ 9.3002324, 48.8310978 ], [ 9.3002487, 48.8312791 ] ] ] } },
{ "type": "Feature", "properties": { "element": "way", "id": 204851011, "name": null, "building": "warehouse", "industrial": null }, "geometry": { "type": "Polygon", "coordinates": [ [ [ 9.3481791, 48.8815934 ], [ 9.3481987, 48.8815862 ], [ 9.3482534, 48.8816503 ], [ 9.3484557, 48.8815756 ], [ 9.3484018, 48.8815124 ], [ 9.348295, 48.8815518 ], [ 9.3482593, 48.8815099 ], [ 9.3481441, 48.8815524 ], [ 9.3481791, 48.8815934 ] ] ] } },
{ "type": "Feature", "properties": { "element": "way", "id": 205717119, "name": null, "building": "warehouse", "industrial": null }, "geometry": { "type": "Polygon", "coordinates": [ [ [ 9.1796909, 48.8802223 ], [ 9.1796978, 48.8802515 ], [ 9.1796572, 48.8802557 ], [ 9.1796667, 48.8802956 ], [ 9.1796811, 48.8803559 ], [ 9.1798572, 48.8803377 ], [ 9.1800181, 48.8803211 ], [ 9.1803915, 48.8802826 ], [ 9.1803726, 48.8802035 ], [ 9.1803395, 48.8800647 ], [ 9.1801395, 48.8800854 ], [ 9.1801131, 48.8799747 ], [ 9.1796434, 48.8800231 ], [ 9.1796909, 48.8802223 ] ] ] } },
{ "type": "Feature", "properties": { "element": "way", "id": 205877197, "name": null, "building": "warehouse", "industrial": null }, "geometry": { "type": "Polygon", "coordinates": [ [ [ 9.1252486, 48.9379807 ], [ 9.1252294, 48.9379385 ], [ 9.125318, 48.9379212 ], [ 9.1253372, 48.9379634 ], [ 9.1252486, 48.9379807 ] ] ] } },
{ "type": "Feature", "properties": { "element": "way", "id": 208884064, "name": null, "building": "warehouse", "industrial": null }, "geometry": { "type": "Polygon", "coordinates": [ [ [ 9.1716753, 48.8928076 ], [ 9.1721321, 48.8928068 ], [ 9.1721313, 48.8926172 ], [ 9.1716746, 48.892618 ], [ 9.1716753, 48.8928076 ] ] ] } },
{ "type": "Feature", "properties": { "element": "way", "id": 208884074, "name": null, "building": "warehouse", "industrial": null }, "geometry": { "type": "Polygon", "coordinates": [ [ [ 9.1711608, 48.8925767 ], [ 9.1716743, 48.8925758 ], [ 9.1719839, 48.8925753 ], [ 9.171983, 48.8923571 ], [ 9.1719805, 48.8917176 ], [ 9.171914, 48.8917177 ], [ 9.1719138, 48.8916652 ], [ 9.1718475, 48.8916653 ], [ 9.1718474, 48.8916303 ], [ 9.171157, 48.8916315 ], [ 9.1711608, 48.8925767 ] ] ] } },
{ "type": "Feature", "properties": { "element": "way", "id": 211368721, "name": null, "building": "warehouse", "industrial": null }, "geometry": { "type": "Polygon", "coordinates": [ [ [ 9.107818, 48.7226786 ], [ 9.1083275, 48.7232236 ], [ 9.1083391, 48.7232189 ], [ 9.1084817, 48.7231609 ], [ 9.1085068, 48.7231507 ], [ 9.1079973, 48.7226057 ], [ 9.107818, 48.7226786 ] ] ] } },
{ "type": "Feature", "properties": { "element": "way", "id": 211368725, "name": null, "building": "warehouse", "industrial": null }, "geometry": { "type": "Polygon", "coordinates": [ [ [ 9.1085732, 48.7231752 ], [ 9.1085454, 48.7231881 ], [ 9.1085235, 48.7231805 ], [ 9.1085074, 48.7231879 ], [ 9.1084817, 48.7231609 ], [ 9.1083391, 48.7232189 ], [ 9.108422, 48.7233015 ], [ 9.1088419, 48.7236118 ], [ 9.1089735, 48.7235489 ], [ 9.1085732, 48.7231752 ] ] ] } },
{ "type": "Feature", "properties": { "element": "way", "id": 220379421, "name": null, "building": "warehouse", "industrial": null }, "geometry": { "type": "Polygon", "coordinates": [ [ [ 9.2962858, 48.7131491 ], [ 9.2966021, 48.713207 ], [ 9.2966253, 48.7131518 ], [ 9.296309, 48.7130939 ], [ 9.2962858, 48.7131491 ] ] ] } },
{ "type": "Feature", "properties": { "element": "way", "id": 231492491, "name": null, "building": "warehouse", "industrial": null }, "geometry": { "type": "Polygon", "coordinates": [ [ [ 9.1167548, 48.9418563 ], [ 9.1165136, 48.9418454 ], [ 9.1164993, 48.9419809 ], [ 9.1166368, 48.9419871 ], [ 9.116694, 48.9419925 ], [ 9.1167407, 48.9419918 ], [ 9.1167503, 48.9418993 ], [ 9.1167548, 48.9418563 ] ] ] } },
{ "type": "Feature", "properties": { "element": "way", "id": 234142098, "name": null, "building": "warehouse", "industrial": null }, "geometry": { "type": "Polygon", "coordinates": [ [ [ 9.1809469, 48.8949807 ], [ 9.1809144, 48.8950761 ], [ 9.1808979, 48.8951245 ], [ 9.1808863, 48.8951587 ], [ 9.180843, 48.8952857 ], [ 9.1809854, 48.8953066 ], [ 9.1810294, 48.8951773 ], [ 9.1810406, 48.8951789 ], [ 9.1811004, 48.8950033 ], [ 9.1809469, 48.8949807 ] ] ] } },
{ "type": "Feature", "properties": { "element": "way", "id": 237503224, "name": null, "building": "warehouse", "industrial": null }, "geometry": { "type": "Polygon", "coordinates": [ [ [ 9.129165, 48.9443356 ], [ 9.1291574, 48.9443631 ], [ 9.1289834, 48.9443424 ], [ 9.1289576, 48.9444361 ], [ 9.1291306, 48.9444567 ], [ 9.1291398, 48.9444235 ], [ 9.1296449, 48.9444836 ], [ 9.1296586, 48.9444337 ], [ 9.1295348, 48.9444189 ], [ 9.1295453, 48.9443808 ], [ 9.129165, 48.9443356 ] ] ] } },
{ "type": "Feature", "properties": { "element": "way", "id": 237503225, "name": null, "building": "warehouse", "industrial": null }, "geometry": { "type": "Polygon", "coordinates": [ [ [ 9.129199, 48.9451017 ], [ 9.1290002, 48.9450555 ], [ 9.1289295, 48.9451867 ], [ 9.1298372, 48.9453976 ], [ 9.1299221, 48.9452398 ], [ 9.1298511, 48.9452233 ], [ 9.1298368, 48.9452499 ], [ 9.1292593, 48.9451157 ], [ 9.1292887, 48.9450612 ], [ 9.1292284, 48.9450472 ], [ 9.129199, 48.9451017 ] ] ] } },
{ "type": "Feature", "properties": { "element": "way", "id": 240500434, "name": null, "building": "warehouse", "industrial": null }, "geometry": { "type": "Polygon", "coordinates": [ [ [ 9.1567184, 48.7784147 ], [ 9.1568602, 48.7784613 ], [ 9.1569014, 48.7784067 ], [ 9.1568687, 48.778396 ], [ 9.1567597, 48.7783601 ], [ 9.1567184, 48.7784147 ] ] ] } },
{ "type": "Feature", "properties": { "element": "way", "id": 242979579, "name": null, "building": "warehouse", "industrial": null }, "geometry": { "type": "Polygon", "coordinates": [ [ [ 9.3397653, 48.725667 ], [ 9.3409026, 48.7254823 ], [ 9.3409613, 48.7253963 ], [ 9.3408095, 48.7252047 ], [ 9.3406057, 48.7252382 ], [ 9.3405452, 48.7250726 ], [ 9.3399261, 48.7251689 ], [ 9.3399535, 48.7252454 ], [ 9.3394314, 48.7253333 ], [ 9.3395316, 48.7256129 ], [ 9.3397322, 48.7255754 ], [ 9.3397653, 48.725667 ] ] ] } },
{ "type": "Feature", "properties": { "element": "way", "id": 242979580, "name": null, "building": "warehouse", "industrial": null }, "geometry": { "type": "Polygon", "coordinates": [ [ [ 9.3399278, 48.7250601 ], [ 9.3398149, 48.7249168 ], [ 9.3391831, 48.7251003 ], [ 9.3392417, 48.7251935 ], [ 9.339305, 48.7251745 ], [ 9.3393399, 48.7252351 ], [ 9.3399278, 48.7250601 ] ] ] } },
{ "type": "Feature", "properties": { "element": "way", "id": 246932067, "name": null, "building": "warehouse", "industrial": null }, "geometry": { "type": "Polygon", "coordinates": [ [ [ 9.1732745, 48.9581154 ], [ 9.1735418, 48.9581217 ], [ 9.1735524, 48.9579296 ], [ 9.1735607, 48.9577798 ], [ 9.1734333, 48.9577767 ], [ 9.1732934, 48.9577734 ], [ 9.1732872, 48.9578865 ], [ 9.1732745, 48.9581154 ] ] ] } },
{ "type": "Feature", "properties": { "element": "way", "id": 251046042, "name": null, "building": "warehouse", "industrial": null }, "geometry": { "type": "Polygon", "coordinates": [ [ [ 9.234862, 48.8197679 ], [ 9.2348662, 48.8197172 ], [ 9.2348738, 48.8196265 ], [ 9.2348779, 48.8195772 ], [ 9.2350006, 48.8195816 ], [ 9.2349847, 48.8197724 ], [ 9.234862, 48.8197679 ] ] ] } },
{ "type": "Feature", "properties": { "element": "way", "id": 251422877, "name": null, "building": "warehouse", "industrial": null }, "geometry": { "type": "Polygon", "coordinates": [ [ [ 9.0929278, 48.9070618 ], [ 9.0926707, 48.9070077 ], [ 9.0926004, 48.9071521 ], [ 9.0928575, 48.9072062 ], [ 9.0929278, 48.9070618 ] ] ] } },
{ "type": "Feature", "properties": { "element": "way", "id": 252435815, "name": null, "building": "warehouse", "industrial": null }, "geometry": { "type": "Polygon", "coordinates": [ [ [ 9.1134654, 48.939277 ], [ 9.1136062, 48.9392221 ], [ 9.1135338, 48.939142 ], [ 9.1133931, 48.9391969 ], [ 9.1134654, 48.939277 ] ] ] } },
{ "type": "Feature", "properties": { "element": "way", "id": 255616183, "name": null, "building": "warehouse", "industrial": null }, "geometry": { "type": "Polygon", "coordinates": [ [ [ 9.3203438, 48.7371908 ], [ 9.3203723, 48.7371821 ], [ 9.3203686, 48.7371763 ], [ 9.3205075, 48.737134 ], [ 9.3205844, 48.7372455 ], [ 9.3204428, 48.7372863 ], [ 9.3204391, 48.7372804 ], [ 9.3204125, 48.7372888 ], [ 9.3203438, 48.7371908 ] ] ] } },
{ "type": "Feature", "properties": { "element": "way", "id": 260188379, "name": null, "building": "warehouse", "industrial": null }, "geometry": { "type": "Polygon", "coordinates": [ [ [ 9.0854665, 48.9596016 ], [ 9.0856031, 48.9600331 ], [ 9.0858044, 48.9600056 ], [ 9.0857761, 48.9599164 ], [ 9.0857593, 48.9598632 ], [ 9.0857468, 48.9598239 ], [ 9.0856678, 48.9595741 ], [ 9.0854665, 48.9596016 ] ] ] } },
{ "type": "Feature", "properties": { "element": "way", "id": 261628530, "name": null, "building": "warehouse", "industrial": null }, "geometry": { "type": "Polygon", "coordinates": [ [ [ 9.3327353, 48.7306023 ], [ 9.3327426, 48.7305977 ], [ 9.33265, 48.7305436 ], [ 9.3327002, 48.7305041 ], [ 9.3326476, 48.7304751 ], [ 9.3325772, 48.7305321 ], [ 9.3325989, 48.7305459 ], [ 9.3325374, 48.7305718 ], [ 9.3325984, 48.7306132 ], [ 9.3325342, 48.7306494 ], [ 9.332562, 48.7306737 ], [ 9.3326348, 48.7306387 ], [ 9.3326596, 48.730657 ], [ 9.3327353, 48.7306023 ] ] ] } },
{ "type": "Feature", "properties": { "element": "way", "id": 264206272, "name": null, "building": "warehouse", "industrial": null }, "geometry": { "type": "Polygon", "coordinates": [ [ [ 9.2643323, 48.9395343 ], [ 9.2644452, 48.9396762 ], [ 9.2645208, 48.9396502 ], [ 9.2645772, 48.9397172 ], [ 9.2646516, 48.9396896 ], [ 9.2646184, 48.9396459 ], [ 9.2644879, 48.9394819 ], [ 9.2643323, 48.9395343 ] ] ] } },
{ "type": "Feature", "properties": { "element": "way", "id": 267310874, "name": null, "building": "warehouse", "industrial": null }, "geometry": { "type": "Polygon", "coordinates": [ [ [ 9.3334907, 48.7303685 ], [ 9.3335686, 48.7303106 ], [ 9.3336494, 48.7303599 ], [ 9.3335735, 48.7304172 ], [ 9.3334907, 48.7303685 ] ] ] } },
{ "type": "Feature", "properties": { "element": "way", "id": 267582478, "name": null, "building": "warehouse", "industrial": null }, "geometry": { "type": "Polygon", "coordinates": [ [ [ 9.334733, 48.7297514 ], [ 9.3347996, 48.7297074 ], [ 9.3347422, 48.7296725 ], [ 9.3346792, 48.7297184 ], [ 9.334733, 48.7297514 ] ] ] } },
{ "type": "Feature", "properties": { "element": "way", "id": 268776338, "name": null, "building": "warehouse", "industrial": null }, "geometry": { "type": "Polygon", "coordinates": [ [ [ 9.3352846, 48.7274577 ], [ 9.3352842, 48.7274529 ], [ 9.3355367, 48.7273352 ], [ 9.335598, 48.7273903 ], [ 9.3353434, 48.7275112 ], [ 9.3352846, 48.7274577 ] ] ] } },
{ "type": "Feature", "properties": { "element": "way", "id": 281512885, "name": null, "building": "warehouse", "industrial": null }, "geometry": { "type": "Polygon", "coordinates": [ [ [ 9.2435613, 48.9587058 ], [ 9.2437598, 48.9587212 ], [ 9.2438018, 48.9584851 ], [ 9.2436034, 48.9584682 ], [ 9.2435613, 48.9587058 ] ] ] } },
{ "type": "Feature", "properties": { "element": "way", "id": 286022782, "name": "SSB Holzlager", "building": "warehouse", "industrial": null }, "geometry": { "type": "Polygon", "coordinates": [ [ [ 9.1289067, 48.724669 ], [ 9.1289313, 48.7247699 ], [ 9.1294149, 48.7247186 ], [ 9.1293903, 48.7246177 ], [ 9.1289067, 48.724669 ] ] ] } },
{ "type": "Feature", "properties": { "element": "way", "id": 291406859, "name": null, "building": "warehouse", "industrial": null }, "geometry": { "type": "Polygon", "coordinates": [ [ [ 9.1312758, 48.7729164 ], [ 9.1312752, 48.7728779 ], [ 9.1311907, 48.7728784 ], [ 9.1311897, 48.772814 ], [ 9.1309937, 48.7728153 ], [ 9.1309929, 48.7727621 ], [ 9.13086, 48.772763 ], [ 9.1308641, 48.7730354 ], [ 9.1312776, 48.7730327 ], [ 9.1312758, 48.7729164 ] ] ] } },
{ "type": "Feature", "properties": { "element": "way", "id": 292954635, "name": null, "building": "warehouse", "industrial": null }, "geometry": { "type": "Polygon", "coordinates": [ [ [ 9.1407195, 48.7550664 ], [ 9.1408259, 48.7551247 ], [ 9.1409767, 48.7549981 ], [ 9.1408756, 48.7549426 ], [ 9.1407195, 48.7550664 ] ] ] } },
{ "type": "Feature", "properties": { "element": "way", "id": 295901774, "name": null, "building": "warehouse", "industrial": null }, "geometry": { "type": "Polygon", "coordinates": [ [ [ 9.0993831, 48.8216774 ], [ 9.0995517, 48.8216841 ], [ 9.0995875, 48.8212973 ], [ 9.0996436, 48.8212995 ], [ 9.0996534, 48.8211936 ], [ 9.0994287, 48.8211846 ], [ 9.0994172, 48.8213228 ], [ 9.0994031, 48.8214479 ], [ 9.0993831, 48.8216774 ] ] ] } },
{ "type": "Feature", "properties": { "element": "way", "id": 303179730, "name": null, "building": "warehouse", "industrial": null }, "geometry": { "type": "Polygon", "coordinates": [ [ [ 9.3365142, 48.8087041 ], [ 9.3364942, 48.8085692 ], [ 9.336342, 48.808579 ], [ 9.336362, 48.8087139 ], [ 9.3365142, 48.8087041 ] ] ] } },
{ "type": "Feature", "properties": { "element": "way", "id": 303981750, "name": null, "building": "warehouse", "industrial": null }, "geometry": { "type": "Polygon", "coordinates": [ [ [ 9.200122, 48.7099319 ], [ 9.1993559, 48.7099308 ], [ 9.1993566, 48.70969 ], [ 9.199357, 48.7095618 ], [ 9.2001232, 48.7095629 ], [ 9.200123, 48.7096203 ], [ 9.2001227, 48.7097137 ], [ 9.200122, 48.7099319 ] ] ] } },
{ "type": "Feature", "properties": { "element": "way", "id": 308940137, "name": "Aichelin Service GmbH", "building": "warehouse", "industrial": null }, "geometry": { "type": "Polygon", "coordinates": [ [ [ 9.1555097, 48.888982 ], [ 9.1555113, 48.8889686 ], [ 9.1550837, 48.8889468 ], [ 9.1550573, 48.8891707 ], [ 9.1554849, 48.8891925 ], [ 9.1555097, 48.888982 ] ] ] } },
{ "type": "Feature", "properties": { "element": "way", "id": 329736141, "name": null, "building": "warehouse", "industrial": null }, "geometry": { "type": "Polygon", "coordinates": [ [ [ 9.2163916, 48.7857472 ], [ 9.2162804, 48.7856705 ], [ 9.2163112, 48.785649 ], [ 9.2163809, 48.7856219 ], [ 9.216493, 48.7856672 ], [ 9.2164534, 48.7856943 ], [ 9.2163916, 48.7857472 ] ] ] } },
{ "type": "Feature", "properties": { "element": "way", "id": 336268302, "name": null, "building": "warehouse", "industrial": null }, "geometry": { "type": "Polygon", "coordinates": [ [ [ 9.2531506, 48.8168229 ], [ 9.2532029, 48.8167406 ], [ 9.2532782, 48.8167614 ], [ 9.2532259, 48.8168436 ], [ 9.2531506, 48.8168229 ] ] ] } },
{ "type": "Feature", "properties": { "element": "way", "id": 336305222, "name": null, "building": "warehouse", "industrial": null }, "geometry": { "type": "Polygon", "coordinates": [ [ [ 9.2608611, 48.8162162 ], [ 9.2611344, 48.8162678 ], [ 9.2612153, 48.8160818 ], [ 9.2610703, 48.8160544 ], [ 9.2609421, 48.8160302 ], [ 9.2608611, 48.8162162 ] ] ] } },
{ "type": "Feature", "properties": { "element": "way", "id": 336617054, "name": null, "building": "warehouse", "industrial": null }, "geometry": { "type": "Polygon", "coordinates": [ [ [ 9.2546565, 48.8121884 ], [ 9.2548246, 48.81222 ], [ 9.2550132, 48.8117846 ], [ 9.2548452, 48.811753 ], [ 9.2546565, 48.8121884 ] ] ] } },
{ "type": "Feature", "properties": { "element": "way", "id": 337700283, "name": null, "building": "warehouse", "industrial": null }, "geometry": { "type": "Polygon", "coordinates": [ [ [ 9.2309806, 48.828846 ], [ 9.2307522, 48.8288362 ], [ 9.2307434, 48.8289241 ], [ 9.2307318, 48.829041 ], [ 9.2309603, 48.8290509 ], [ 9.2309806, 48.828846 ] ] ] } },
{ "type": "Feature", "properties": { "element": "way", "id": 337700284, "name": null, "building": "warehouse", "industrial": null }, "geometry": { "type": "Polygon", "coordinates": [ [ [ 9.231197, 48.8289436 ], [ 9.2310546, 48.8289374 ], [ 9.2310634, 48.8288496 ], [ 9.2309806, 48.828846 ], [ 9.2309603, 48.8290509 ], [ 9.2311854, 48.8290606 ], [ 9.231197, 48.8289436 ] ] ] } },
{ "type": "Feature", "properties": { "element": "way", "id": 337700293, "name": null, "building": "warehouse", "industrial": null }, "geometry": { "type": "Polygon", "coordinates": [ [ [ 9.2311854, 48.8290606 ], [ 9.2313837, 48.8290691 ], [ 9.2314011, 48.8288939 ], [ 9.2313039, 48.8288897 ], [ 9.2313081, 48.828848 ], [ 9.231207, 48.8288436 ], [ 9.231197, 48.8289436 ], [ 9.2311854, 48.8290606 ] ] ] } },
{ "type": "Feature", "properties": { "element": "way", "id": 338908344, "name": "Sri Sithivinayagar Kovil", "building": "warehouse", "industrial": null }, "geometry": { "type": "Polygon", "coordinates": [ [ [ 9.2398075, 48.8202826 ], [ 9.2397989, 48.8204397 ], [ 9.2400003, 48.8204445 ], [ 9.2400089, 48.8202874 ], [ 9.2398075, 48.8202826 ] ] ] } },
{ "type": "Feature", "properties": { "element": "way", "id": 350773759, "name": null, "building": "warehouse", "industrial": null }, "geometry": { "type": "Polygon", "coordinates": [ [ [ 9.2888835, 48.8164953 ], [ 9.2890146, 48.8165202 ], [ 9.289089, 48.8163504 ], [ 9.2889579, 48.8163256 ], [ 9.2888835, 48.8164953 ] ] ] } },
{ "type": "Feature", "properties": { "element": "way", "id": 352105280, "name": null, "building": "warehouse", "industrial": null }, "geometry": { "type": "Polygon", "coordinates": [ [ [ 9.2961132, 48.8302774 ], [ 9.2967446, 48.8302607 ], [ 9.2967312, 48.8300183 ], [ 9.2962109, 48.8300333 ], [ 9.2960998, 48.8300383 ], [ 9.2961132, 48.8302774 ] ] ] } },
{ "type": "Feature", "properties": { "element": "way", "id": 352844680, "name": null, "building": "warehouse", "industrial": null }, "geometry": { "type": "Polygon", "coordinates": [ [ [ 9.2898778, 48.8148975 ], [ 9.290282, 48.8148955 ], [ 9.2902806, 48.8147756 ], [ 9.2898765, 48.8147776 ], [ 9.2898778, 48.8148975 ] ] ] } },
{ "type": "Feature", "properties": { "element": "way", "id": 367290939, "name": "My Place Selfstorage", "building": "warehouse", "industrial": null }, "geometry": { "type": "Polygon", "coordinates": [ [ [ 9.1982178, 48.8077909 ], [ 9.1985782, 48.8078534 ], [ 9.1987317, 48.8074695 ], [ 9.1987605, 48.8073975 ], [ 9.1987918, 48.8073194 ], [ 9.1987932, 48.8073158 ], [ 9.1987871, 48.8073147 ], [ 9.1984787, 48.8072612 ], [ 9.1984393, 48.8072544 ], [ 9.1984328, 48.8072533 ], [ 9.1984313, 48.8072571 ], [ 9.1983713, 48.807407 ], [ 9.1982178, 48.8077909 ] ] ] } },
{ "type": "Feature", "properties": { "element": "way", "id": 368278342, "name": "Züblin", "building": "warehouse", "industrial": null }, "geometry": { "type": "Polygon", "coordinates": [ [ [ 9.1847361, 48.7855133 ], [ 9.1848505, 48.7854685 ], [ 9.1847338, 48.7853391 ], [ 9.18464, 48.7852352 ], [ 9.1845256, 48.78528 ], [ 9.1847361, 48.7855133 ] ] ] } },
{ "type": "Feature", "properties": { "element": "way", "id": 376284011, "name": "Paul Lange (Zentrallager)", "building": "warehouse", "industrial": null }, "geometry": { "type": "Polygon", "coordinates": [ [ [ 9.2247903, 48.8132957 ], [ 9.2248273, 48.8132559 ], [ 9.2249316, 48.8131435 ], [ 9.2250888, 48.8129743 ], [ 9.2249236, 48.8129077 ], [ 9.2249639, 48.8128643 ], [ 9.2247793, 48.8127899 ], [ 9.2244404, 48.8131548 ], [ 9.2247903, 48.8132957 ] ] ] } },
{ "type": "Feature", "properties": { "element": "way", "id": 376286239, "name": "Paul Lange (Zentrallager)", "building": "warehouse", "industrial": null }, "geometry": { "type": "Polygon", "coordinates": [ [ [ 9.224965, 48.8139612 ], [ 9.2251896, 48.8140617 ], [ 9.2253728, 48.8141436 ], [ 9.2260821, 48.8134562 ], [ 9.2252817, 48.8130981 ], [ 9.2251457, 48.8132299 ], [ 9.2250333, 48.8133387 ], [ 9.2249771, 48.8133933 ], [ 9.2248878, 48.8134798 ], [ 9.224849, 48.8135174 ], [ 9.2245724, 48.8137855 ], [ 9.224965, 48.8139612 ] ] ] } },
{ "type": "Feature", "properties": { "element": "way", "id": 385063202, "name": null, "building": "warehouse", "industrial": null }, "geometry": { "type": "Polygon", "coordinates": [ [ [ 9.122365, 48.7222039 ], [ 9.1222206, 48.7219108 ], [ 9.1220822, 48.7219405 ], [ 9.1222245, 48.7222325 ], [ 9.122365, 48.7222039 ] ] ] } },
{ "type": "Feature", "properties": { "element": "way", "id": 385063207, "name": null, "building": "warehouse", "industrial": null }, "geometry": { "type": "Polygon", "coordinates": [ [ [ 9.1224616, 48.7217787 ], [ 9.1225272, 48.7219128 ], [ 9.1226415, 48.7221468 ], [ 9.1228312, 48.7221087 ], [ 9.1227794, 48.7219997 ], [ 9.1226499, 48.7217383 ], [ 9.1225701, 48.7217557 ], [ 9.1224616, 48.7217787 ] ] ] } },
{ "type": "Feature", "properties": { "element": "way", "id": 385294310, "name": null, "building": "warehouse", "industrial": null }, "geometry": { "type": "Polygon", "coordinates": [ [ [ 9.2664475, 48.977811 ], [ 9.2665479, 48.977997 ], [ 9.2667029, 48.977961 ], [ 9.2666025, 48.977775 ], [ 9.2664475, 48.977811 ] ] ] } },
{ "type": "Feature", "properties": { "element": "way", "id": 397034832, "name": null, "building": "warehouse", "industrial": null }, "geometry": { "type": "Polygon", "coordinates": [ [ [ 9.2296822, 48.8289428 ], [ 9.2295652, 48.8289406 ], [ 9.2295698, 48.8288353 ], [ 9.2294917, 48.8288338 ], [ 9.2294824, 48.8290481 ], [ 9.2296775, 48.8290518 ], [ 9.2296822, 48.8289428 ] ] ] } },
{ "type": "Feature", "properties": { "element": "way", "id": 397034833, "name": null, "building": "warehouse", "industrial": null }, "geometry": { "type": "Polygon", "coordinates": [ [ [ 9.2301494, 48.828961 ], [ 9.2299936, 48.8289581 ], [ 9.2299974, 48.828869 ], [ 9.2299093, 48.8288673 ], [ 9.2299011, 48.829056 ], [ 9.2301451, 48.8290606 ], [ 9.2301494, 48.828961 ] ] ] } },
{ "type": "Feature", "properties": { "element": "way", "id": 397034834, "name": null, "building": "warehouse", "industrial": null }, "geometry": { "type": "Polygon", "coordinates": [ [ [ 9.2301451, 48.8290606 ], [ 9.2303977, 48.8290653 ], [ 9.2304057, 48.8288809 ], [ 9.2302734, 48.8288784 ], [ 9.2302698, 48.8289633 ], [ 9.2301494, 48.828961 ], [ 9.2301451, 48.8290606 ] ] ] } },
{ "type": "Feature", "properties": { "element": "way", "id": 422240610, "name": "Warenlager Adasys Pospole", "building": "warehouse", "industrial": null }, "geometry": { "type": "Polygon", "coordinates": [ [ [ 9.1731789, 48.8543552 ], [ 9.1734855, 48.8542376 ], [ 9.1733586, 48.8540943 ], [ 9.1730519, 48.854212 ], [ 9.1731789, 48.8543552 ] ] ] } },
{ "type": "Feature", "properties": { "element": "way", "id": 477962416, "name": null, "building": "warehouse", "industrial": null }, "geometry": { "type": "Polygon", "coordinates": [ [ [ 9.1661577, 48.7262581 ], [ 9.1661384, 48.7262062 ], [ 9.1662018, 48.726196 ], [ 9.1662211, 48.7262479 ], [ 9.1661577, 48.7262581 ] ] ] } },
{ "type": "Feature", "properties": { "element": "way", "id": 477962417, "name": null, "building": "warehouse", "industrial": null }, "geometry": { "type": "Polygon", "coordinates": [ [ [ 9.1661189, 48.7261519 ], [ 9.1660983, 48.7260962 ], [ 9.1662392, 48.7260735 ], [ 9.1662599, 48.7261292 ], [ 9.1661189, 48.7261519 ] ] ] } },
{ "type": "Feature", "properties": { "element": "way", "id": 477962418, "name": null, "building": "warehouse", "industrial": null }, "geometry": { "type": "Polygon", "coordinates": [ [ [ 9.166667, 48.7260505 ], [ 9.1668103, 48.7260273 ], [ 9.1667961, 48.7259893 ], [ 9.1665906, 48.7260225 ], [ 9.1665973, 48.7260404 ], [ 9.1666596, 48.7260304 ], [ 9.166667, 48.7260505 ] ] ] } },
{ "type": "Feature", "properties": { "element": "way", "id": 482527759, "name": null, "building": "warehouse", "industrial": null }, "geometry": { "type": "Polygon", "coordinates": [ [ [ 9.2614848, 48.7528542 ], [ 9.2617568, 48.7526172 ], [ 9.2619728, 48.752725 ], [ 9.2617008, 48.7529619 ], [ 9.2614848, 48.7528542 ] ] ] } },
{ "type": "Feature", "properties": { "element": "way", "id": 486899776, "name": null, "building": "warehouse", "industrial": null }, "geometry": { "type": "Polygon", "coordinates": [ [ [ 9.2551614, 48.8417513 ], [ 9.2556299, 48.8417921 ], [ 9.2557064, 48.8417988 ], [ 9.2557155, 48.8417538 ], [ 9.25573, 48.841682 ], [ 9.255185, 48.8416345 ], [ 9.2551614, 48.8417513 ] ] ] } },
{ "type": "Feature", "properties": { "element": "way", "id": 509506277, "name": null, "building": "warehouse", "industrial": null }, "geometry": { "type": "Polygon", "coordinates": [ [ [ 9.193188, 48.7994955 ], [ 9.193231, 48.800147 ], [ 9.1927269, 48.8001615 ], [ 9.1926838, 48.7995099 ], [ 9.193188, 48.7994955 ] ] ] } },
{ "type": "Feature", "properties": { "element": "way", "id": 510540638, "name": null, "building": "warehouse", "industrial": null }, "geometry": { "type": "Polygon", "coordinates": [ [ [ 9.0752575, 48.9564243 ], [ 9.0752809, 48.956533 ], [ 9.0754014, 48.9565219 ], [ 9.0753781, 48.9564132 ], [ 9.0752575, 48.9564243 ] ] ] } },
{ "type": "Feature", "properties": { "element": "way", "id": 530592478, "name": "Breuninger", "building": "warehouse", "industrial": null }, "geometry": { "type": "Polygon", "coordinates": [ [ [ 9.0490693, 48.9499973 ], [ 9.0490758, 48.9499973 ], [ 9.0500071, 48.949997 ], [ 9.0500071, 48.9498944 ], [ 9.0500981, 48.9498944 ], [ 9.0503874, 48.9498943 ], [ 9.0503875, 48.949967 ], [ 9.0504693, 48.949967 ], [ 9.0504692, 48.9498924 ], [ 9.051322, 48.9498921 ], [ 9.0513223, 48.9502997 ], [ 9.0525689, 48.9502993 ], [ 9.0525682, 48.9493361 ], [ 9.0526598, 48.9493361 ], [ 9.0526597, 48.9492687 ], [ 9.0525681, 48.9492687 ], [ 9.0525676, 48.9486116 ], [ 9.0513208, 48.948612 ], [ 9.0513211, 48.9489767 ], [ 9.050607, 48.9489769 ], [ 9.0505491, 48.9489769 ], [ 9.050549, 48.9489035 ], [ 9.0504474, 48.9489035 ], [ 9.0504475, 48.9489436 ], [ 9.0504475, 48.9489769 ], [ 9.0501028, 48.9489771 ], [ 9.0500051, 48.9489771 ], [ 9.0500046, 48.9483265 ], [ 9.0495922, 48.9483266 ], [ 9.0490733, 48.9483268 ], [ 9.0490681, 48.9483268 ], [ 9.0490693, 48.9499973 ] ] ] } },
{ "type": "Feature", "properties": { "element": "way", "id": 545649052, "name": null, "building": "warehouse", "industrial": null }, "geometry": { "type": "Polygon", "coordinates": [ [ [ 9.1978523, 48.9512797 ], [ 9.1975284, 48.950608 ], [ 9.1970039, 48.950717 ], [ 9.1973762, 48.9514893 ], [ 9.1979007, 48.9513802 ], [ 9.1978523, 48.9512797 ] ] ] } },
{ "type": "Feature", "properties": { "element": "way", "id": 550407104, "name": null, "building": "warehouse", "industrial": null }, "geometry": { "type": "Polygon", "coordinates": [ [ [ 9.328458, 48.9602596 ], [ 9.3285972, 48.9603108 ], [ 9.328642, 48.9602582 ], [ 9.3288368, 48.9600298 ], [ 9.3286495, 48.9599609 ], [ 9.3284379, 48.960209 ], [ 9.328486, 48.9602267 ], [ 9.328458, 48.9602596 ] ] ] } },
{ "type": "Feature", "properties": { "element": "way", "id": 550407107, "name": null, "building": "warehouse", "industrial": null }, "geometry": { "type": "Polygon", "coordinates": [ [ [ 9.3289082, 48.960399 ], [ 9.3291309, 48.9601379 ], [ 9.3291185, 48.9601354 ], [ 9.3289871, 48.9600831 ], [ 9.3288368, 48.9600298 ], [ 9.328642, 48.9602582 ], [ 9.3287042, 48.9602811 ], [ 9.3286764, 48.9603137 ], [ 9.3289082, 48.960399 ] ] ] } },
{ "type": "Feature", "properties": { "element": "way", "id": 550840315, "name": null, "building": "warehouse", "industrial": null }, "geometry": { "type": "Polygon", "coordinates": [ [ [ 9.1943406, 48.9537298 ], [ 9.194894, 48.9536364 ], [ 9.1947514, 48.953272 ], [ 9.1946734, 48.9532852 ], [ 9.1946854, 48.9533158 ], [ 9.1945348, 48.9533413 ], [ 9.1945196, 48.9533022 ], [ 9.1944155, 48.9533198 ], [ 9.1944308, 48.9533588 ], [ 9.19421, 48.9533961 ], [ 9.1943406, 48.9537298 ] ] ] } },
{ "type": "Feature", "properties": { "element": "way", "id": 558513239, "name": null, "building": "warehouse", "industrial": null }, "geometry": { "type": "Polygon", "coordinates": [ [ [ 9.1107706, 48.9972069 ], [ 9.1107668, 48.9972747 ], [ 9.1108125, 48.9972781 ], [ 9.1109686, 48.9972858 ], [ 9.1109797, 48.9972862 ], [ 9.110989, 48.9971929 ], [ 9.1108073, 48.9971848 ], [ 9.1107706, 48.9972069 ] ] ] } },
{ "type": "Feature", "properties": { "element": "way", "id": 561634379, "name": null, "building": "warehouse", "industrial": null }, "geometry": { "type": "Polygon", "coordinates": [ [ [ 9.2569846, 48.8294984 ], [ 9.2567551, 48.8294627 ], [ 9.2567734, 48.8294116 ], [ 9.2567099, 48.8294017 ], [ 9.2567148, 48.8293883 ], [ 9.2566843, 48.8293835 ], [ 9.2567003, 48.8293387 ], [ 9.2570294, 48.8293899 ], [ 9.2570217, 48.8294061 ], [ 9.2569846, 48.8294984 ] ] ] } },
{ "type": "Feature", "properties": { "element": "way", "id": 582535876, "name": null, "building": "warehouse", "industrial": null }, "geometry": { "type": "Polygon", "coordinates": [ [ [ 9.3501517, 48.8660526 ], [ 9.3501795, 48.8660042 ], [ 9.350052, 48.8659827 ], [ 9.350056, 48.8659755 ], [ 9.3499334, 48.8659567 ], [ 9.349908, 48.8659978 ], [ 9.3501517, 48.8660526 ] ] ] } },
{ "type": "Feature", "properties": { "element": "way", "id": 601053056, "name": null, "building": "warehouse", "industrial": null }, "geometry": { "type": "Polygon", "coordinates": [ [ [ 9.3258617, 48.7280421 ], [ 9.3261063, 48.7279604 ], [ 9.3260687, 48.7279115 ], [ 9.3258241, 48.7279932 ], [ 9.3258617, 48.7280421 ] ] ] } },
{ "type": "Feature", "properties": { "element": "way", "id": 601053068, "name": null, "building": "warehouse", "industrial": null }, "geometry": { "type": "Polygon", "coordinates": [ [ [ 9.3275964, 48.7293656 ], [ 9.3273765, 48.7290838 ], [ 9.3274824, 48.7290462 ], [ 9.3277031, 48.7293306 ], [ 9.3275964, 48.7293656 ] ] ] } },
{ "type": "Feature", "properties": { "element": "way", "id": 615607929, "name": null, "building": "warehouse", "industrial": null }, "geometry": { "type": "Polygon", "coordinates": [ [ [ 9.1114891, 48.9373929 ], [ 9.1114473, 48.9375023 ], [ 9.1117839, 48.9375578 ], [ 9.1118257, 48.9374484 ], [ 9.1114891, 48.9373929 ] ] ] } },
{ "type": "Feature", "properties": { "element": "way", "id": 744715323, "name": null, "building": "warehouse", "industrial": null }, "geometry": { "type": "Polygon", "coordinates": [ [ [ 9.1451932, 48.9047962 ], [ 9.1451829, 48.9049152 ], [ 9.1453007, 48.9049196 ], [ 9.1452859, 48.9050902 ], [ 9.1450344, 48.9050808 ], [ 9.1449791, 48.9050787 ], [ 9.1446914, 48.9050679 ], [ 9.1447166, 48.9047782 ], [ 9.1451932, 48.9047962 ] ] ] } },
{ "type": "Feature", "properties": { "element": "way", "id": 749905861, "name": null, "building": "warehouse", "industrial": null }, "geometry": { "type": "Polygon", "coordinates": [ [ [ 9.1332965, 48.7222668 ], [ 9.1333476, 48.7222641 ], [ 9.1333663, 48.7222631 ], [ 9.1334051, 48.722261 ], [ 9.1333901, 48.7221572 ], [ 9.1332865, 48.722163 ], [ 9.1332965, 48.7222668 ] ] ] } },
{ "type": "Feature", "properties": { "element": "way", "id": 866591934, "name": null, "building": "warehouse", "industrial": null }, "geometry": { "type": "Polygon", "coordinates": [ [ [ 9.051244, 48.86428 ], [ 9.0511659, 48.8642034 ], [ 9.0514887, 48.8640611 ], [ 9.0515667, 48.8641377 ], [ 9.051244, 48.86428 ] ] ] } },
{ "type": "Feature", "properties": { "element": "way", "id": 870912891, "name": "BLG Industrielogistik", "building": "warehouse", "industrial": null }, "geometry": { "type": "Polygon", "coordinates": [ [ [ 9.2945499, 48.8274649 ], [ 9.2946403, 48.8274696 ], [ 9.2946433, 48.8274441 ], [ 9.294747, 48.8274495 ], [ 9.294847, 48.8266134 ], [ 9.2948129, 48.8266117 ], [ 9.2949116, 48.8257866 ], [ 9.2939767, 48.8257381 ], [ 9.2939886, 48.8256388 ], [ 9.2939919, 48.8256115 ], [ 9.2936789, 48.8255952 ], [ 9.2936641, 48.8257188 ], [ 9.2937691, 48.8257243 ], [ 9.2937533, 48.8258569 ], [ 9.293618, 48.8258499 ], [ 9.2935586, 48.8263459 ], [ 9.2936964, 48.826353 ], [ 9.2936482, 48.8267559 ], [ 9.2935126, 48.8267488 ], [ 9.2934612, 48.8271781 ], [ 9.2935992, 48.8271852 ], [ 9.2935748, 48.8273896 ], [ 9.2945528, 48.8274403 ], [ 9.2945499, 48.8274649 ] ] ] } },
{ "type": "Feature", "properties": { "element": "way", "id": 951524776, "name": null, "building": "warehouse", "industrial": null }, "geometry": { "type": "Polygon", "coordinates": [ [ [ 9.1795475, 48.875894 ], [ 9.1795113, 48.8766159 ], [ 9.178515, 48.8765943 ], [ 9.1785514, 48.8758723 ], [ 9.1795475, 48.875894 ] ] ] } },
{ "type": "Feature", "properties": { "element": "way", "id": 952245238, "name": null, "building": "warehouse", "industrial": null }, "geometry": { "type": "Polygon", "coordinates": [ [ [ 9.2981652, 48.8139101 ], [ 9.2981578, 48.8134386 ], [ 9.2985383, 48.813436 ], [ 9.2985412, 48.8136177 ], [ 9.2985912, 48.8136174 ], [ 9.2985957, 48.8139072 ], [ 9.2981652, 48.8139101 ] ] ] } },
{ "type": "Feature", "properties": { "element": "way", "id": 959783966, "name": null, "building": "warehouse", "industrial": null }, "geometry": { "type": "Polygon", "coordinates": [ [ [ 9.2104384, 48.7866066 ], [ 9.2104575, 48.7865673 ], [ 9.2105261, 48.7865819 ], [ 9.2105069, 48.7866211 ], [ 9.2104384, 48.7866066 ] ] ] } },
{ "type": "Feature", "properties": { "element": "way", "id": 963248466, "name": null, "building": "warehouse", "industrial": null }, "geometry": { "type": "Polygon", "coordinates": [ [ [ 9.1715584, 48.7641608 ], [ 9.1716427, 48.7641724 ], [ 9.1716229, 48.7642349 ], [ 9.1716195, 48.7642345 ], [ 9.1716161, 48.7642452 ], [ 9.1715343, 48.7642339 ], [ 9.1715584, 48.7641608 ] ] ] } },
{ "type": "Feature", "properties": { "element": "way", "id": 1003700176, "name": null, "building": "warehouse", "industrial": null }, "geometry": { "type": "Polygon", "coordinates": [ [ [ 9.1692606, 48.7828992 ], [ 9.169333, 48.7828797 ], [ 9.1694574, 48.7831112 ], [ 9.1694054, 48.7831359 ], [ 9.1693722, 48.7831108 ], [ 9.1693478, 48.7831046 ], [ 9.1683832, 48.7833348 ], [ 9.168354, 48.7832815 ], [ 9.1683131, 48.783092 ], [ 9.1681807, 48.783124 ], [ 9.1680556, 48.7831207 ], [ 9.168068, 48.7830162 ], [ 9.1681012, 48.7829643 ], [ 9.1682142, 48.7829387 ], [ 9.1682487, 48.7829882 ], [ 9.1682746, 48.7829817 ], [ 9.1683205, 48.7829703 ], [ 9.1684798, 48.7832628 ], [ 9.1693466, 48.7830579 ], [ 9.1692606, 48.7828992 ] ] ] } },
{ "type": "Feature", "properties": { "element": "way", "id": 1015606266, "name": null, "building": "warehouse", "industrial": null }, "geometry": { "type": "Polygon", "coordinates": [ [ [ 9.1640038, 48.8137398 ], [ 9.1639579, 48.8137255 ], [ 9.164085, 48.8135479 ], [ 9.1641594, 48.8135709 ], [ 9.1640624, 48.8137067 ], [ 9.1640804, 48.8137123 ], [ 9.1640038, 48.8137398 ] ] ] } },
{ "type": "Feature", "properties": { "element": "way", "id": 1021663157, "name": null, "building": "warehouse", "industrial": null }, "geometry": { "type": "Polygon", "coordinates": [ [ [ 9.1700198, 48.8228236 ], [ 9.1700899, 48.82301 ], [ 9.1699325, 48.8230356 ], [ 9.1699373, 48.8230484 ], [ 9.1697919, 48.8230721 ], [ 9.1697935, 48.8230762 ], [ 9.1697754, 48.8230791 ], [ 9.1697734, 48.8230738 ], [ 9.1687089, 48.823247 ], [ 9.168342, 48.8233068 ], [ 9.1683186, 48.8232446 ], [ 9.1683042, 48.8232061 ], [ 9.1682787, 48.8231383 ], [ 9.1682677, 48.8231092 ], [ 9.1685701, 48.8230599 ], [ 9.1689804, 48.822993 ], [ 9.1700198, 48.8228236 ] ] ] } },
{ "type": "Feature", "properties": { "element": "way", "id": 1031518723, "name": null, "building": "warehouse", "industrial": null }, "geometry": { "type": "Polygon", "coordinates": [ [ [ 9.1495463, 48.896611 ], [ 9.1494383, 48.8966085 ], [ 9.1494181, 48.8969873 ], [ 9.149668, 48.8969932 ], [ 9.1496802, 48.8967714 ], [ 9.1495377, 48.896768 ], [ 9.1495463, 48.896611 ] ] ] } },
{ "type": "Feature", "properties": { "element": "way", "id": 1033186408, "name": null, "building": "warehouse", "industrial": null }, "geometry": { "type": "Polygon", "coordinates": [ [ [ 9.134028, 48.8963942 ], [ 9.1341184, 48.8963904 ], [ 9.1340927, 48.8961254 ], [ 9.1340023, 48.8961292 ], [ 9.134028, 48.8963942 ] ] ] } },
{ "type": "Feature", "properties": { "element": "way", "id": 1033186409, "name": null, "building": "warehouse", "industrial": null }, "geometry": { "type": "Polygon", "coordinates": [ [ [ 9.134454, 48.8962876 ], [ 9.1344924, 48.8962272 ], [ 9.1341522, 48.8961335 ], [ 9.1341137, 48.8961939 ], [ 9.134454, 48.8962876 ] ] ] } },
{ "type": "Feature", "properties": { "element": "way", "id": 1036979793, "name": null, "building": "warehouse", "industrial": null }, "geometry": { "type": "Polygon", "coordinates": [ [ [ 9.140553, 48.9136794 ], [ 9.1406133, 48.9132063 ], [ 9.1407022, 48.9132112 ], [ 9.1406418, 48.9136843 ], [ 9.140553, 48.9136794 ] ] ] } },
{ "type": "Feature", "properties": { "element": "way", "id": 1036979795, "name": null, "building": "warehouse", "industrial": null }, "geometry": { "type": "Polygon", "coordinates": [ [ [ 9.1411018, 48.9128456 ], [ 9.1412741, 48.9127239 ], [ 9.1412448, 48.912706 ], [ 9.1410724, 48.9128277 ], [ 9.1411018, 48.9128456 ] ] ] } },
{ "type": "Feature", "properties": { "element": "way", "id": 1064798588, "name": null, "building": "warehouse", "industrial": null }, "geometry": { "type": "Polygon", "coordinates": [ [ [ 9.1494212, 48.9050172 ], [ 9.1494172, 48.9049065 ], [ 9.149344, 48.9049077 ], [ 9.149348, 48.9050183 ], [ 9.1494212, 48.9050172 ] ] ] } },
{ "type": "Feature", "properties": { "element": "way", "id": 1064798589, "name": null, "building": "warehouse", "industrial": null }, "geometry": { "type": "Polygon", "coordinates": [ [ [ 9.1499939, 48.9048304 ], [ 9.1500275, 48.9048198 ], [ 9.1499541, 48.9047192 ], [ 9.1499204, 48.9047298 ], [ 9.1499939, 48.9048304 ] ] ] } },
{ "type": "Feature", "properties": { "element": "way", "id": 1076792119, "name": null, "building": "warehouse", "industrial": null }, "geometry": { "type": "Polygon", "coordinates": [ [ [ 9.1425637, 48.9103477 ], [ 9.1425188, 48.9102561 ], [ 9.1428106, 48.9101943 ], [ 9.1428428, 48.9102601 ], [ 9.142679, 48.9102947 ], [ 9.1426917, 48.9103207 ], [ 9.1425637, 48.9103477 ] ] ] } },
{ "type": "Feature", "properties": { "element": "way", "id": 1076841855, "name": "Schulungsheim Leinfelden", "building": "warehouse", "industrial": null }, "geometry": { "type": "Polygon", "coordinates": [ [ [ 9.1486847, 48.7004832 ], [ 9.1488159, 48.7004951 ], [ 9.1488473, 48.7003437 ], [ 9.1488171, 48.700341 ], [ 9.1488399, 48.7002308 ], [ 9.1486445, 48.7002132 ], [ 9.1486212, 48.7003254 ], [ 9.1486511, 48.7003281 ], [ 9.1486491, 48.7003381 ], [ 9.1487136, 48.7003439 ], [ 9.1486847, 48.7004832 ] ] ] } },
{ "type": "Feature", "properties": { "element": "way", "id": 1082429985, "name": null, "building": "warehouse", "industrial": null }, "geometry": { "type": "Polygon", "coordinates": [ [ [ 9.1341699, 48.9075415 ], [ 9.1343378, 48.9075037 ], [ 9.1342974, 48.9074261 ], [ 9.1341295, 48.9074638 ], [ 9.1341699, 48.9075415 ] ] ] } },
{ "type": "Feature", "properties": { "element": "way", "id": 1082429986, "name": null, "building": "warehouse", "industrial": null }, "geometry": { "type": "Polygon", "coordinates": [ [ [ 9.1336913, 48.9074738 ], [ 9.1338433, 48.9074363 ], [ 9.1338019, 48.9073637 ], [ 9.1336499, 48.9074012 ], [ 9.1336913, 48.9074738 ] ] ] } },
{ "type": "Feature", "properties": { "element": "way", "id": 1105410366, "name": null, "building": "warehouse", "industrial": null }, "geometry": { "type": "Polygon", "coordinates": [ [ [ 9.1450197, 48.9061668 ], [ 9.1452289, 48.9061703 ], [ 9.1452305, 48.906154 ], [ 9.145206, 48.9061531 ], [ 9.1452086, 48.9061211 ], [ 9.1450276, 48.9061148 ], [ 9.1450197, 48.9061668 ] ] ] } },
{ "type": "Feature", "properties": { "element": "way", "id": 1138670466, "name": null, "building": "warehouse", "industrial": null }, "geometry": { "type": "Polygon", "coordinates": [ [ [ 9.3378239, 48.7264853 ], [ 9.3378191, 48.7265383 ], [ 9.3376742, 48.7265366 ], [ 9.3376743, 48.7264813 ], [ 9.3378239, 48.7264853 ] ] ] } },
{ "type": "Feature", "properties": { "element": "way", "id": 1144530727, "name": null, "building": "warehouse", "industrial": null }, "geometry": { "type": "Polygon", "coordinates": [ [ [ 9.1137947, 48.7259927 ], [ 9.1137187, 48.7260456 ], [ 9.1137452, 48.7260622 ], [ 9.113682, 48.7261061 ], [ 9.1138613, 48.7262184 ], [ 9.1139287, 48.7261715 ], [ 9.113959, 48.7261905 ], [ 9.1140308, 48.7261406 ], [ 9.1137947, 48.7259927 ] ] ] } },
{ "type": "Feature", "properties": { "element": "way", "id": 1144530728, "name": null, "building": "warehouse", "industrial": null }, "geometry": { "type": "Polygon", "coordinates": [ [ [ 9.1136203, 48.7260325 ], [ 9.1137339, 48.7259557 ], [ 9.1135867, 48.7258611 ], [ 9.1134732, 48.7259379 ], [ 9.1136203, 48.7260325 ] ] ] } },
{ "type": "Feature", "properties": { "element": "way", "id": 1144530729, "name": null, "building": "warehouse", "industrial": null }, "geometry": { "type": "Polygon", "coordinates": [ [ [ 9.1152112, 48.7268325 ], [ 9.1141327, 48.72614 ], [ 9.1140116, 48.7262221 ], [ 9.1150901, 48.7269146 ], [ 9.1152112, 48.7268325 ] ] ] } },
{ "type": "Feature", "properties": { "element": "way", "id": 1175768682, "name": null, "building": "warehouse", "industrial": null }, "geometry": { "type": "Polygon", "coordinates": [ [ [ 9.2093796, 48.9415751 ], [ 9.2107889, 48.9418862 ], [ 9.2109903, 48.9414925 ], [ 9.2107543, 48.9414404 ], [ 9.2109033, 48.9411494 ], [ 9.2089897, 48.9407267 ], [ 9.2088457, 48.9410078 ], [ 9.2095862, 48.9411714 ], [ 9.2093796, 48.9415751 ] ] ] } },
{ "type": "Feature", "properties": { "element": "way", "id": 1195378636, "name": null, "building": "warehouse", "industrial": null }, "geometry": { "type": "Polygon", "coordinates": [ [ [ 9.10652, 48.722755 ], [ 9.1065105, 48.7226393 ], [ 9.1070292, 48.7225771 ], [ 9.1070402, 48.7226974 ], [ 9.10652, 48.722755 ] ] ] } },
{ "type": "Feature", "properties": { "element": "way", "id": 1195378637, "name": null, "building": "warehouse", "industrial": null }, "geometry": { "type": "Polygon", "coordinates": [ [ [ 9.106454, 48.7224091 ], [ 9.1064521, 48.7222934 ], [ 9.1069066, 48.7222399 ], [ 9.1069575, 48.7223507 ], [ 9.106454, 48.7224091 ] ] ] } },
{ "type": "Feature", "properties": { "element": "way", "id": 1202579486, "name": null, "building": "warehouse", "industrial": null }, "geometry": { "type": "Polygon", "coordinates": [ [ [ 9.297458, 48.9352665 ], [ 9.2974548, 48.9352139 ], [ 9.2975347, 48.9352118 ], [ 9.2975379, 48.9352643 ], [ 9.297458, 48.9352665 ] ] ] } },
{ "type": "Feature", "properties": { "element": "way", "id": 1202579488, "name": null, "building": "warehouse", "industrial": null }, "geometry": { "type": "Polygon", "coordinates": [ [ [ 9.297376, 48.9352486 ], [ 9.2973713, 48.935199 ], [ 9.2974483, 48.9351959 ], [ 9.2974529, 48.9352455 ], [ 9.297376, 48.9352486 ] ] ] } },
{ "type": "Feature", "properties": { "element": "way", "id": 1206560286, "name": null, "building": "warehouse", "industrial": null }, "geometry": { "type": "Polygon", "coordinates": [ [ [ 9.1443327, 48.9037992 ], [ 9.1444432, 48.9038091 ], [ 9.1444694, 48.9036826 ], [ 9.1443588, 48.9036727 ], [ 9.1443327, 48.9037992 ] ] ] } },
{ "type": "Feature", "properties": { "element": "way", "id": 1212048127, "name": null, "building": "warehouse", "industrial": null }, "geometry": { "type": "Polygon", "coordinates": [ [ [ 9.1678566, 48.820696 ], [ 9.1679616, 48.8206282 ], [ 9.1677428, 48.8204813 ], [ 9.1676378, 48.8205492 ], [ 9.1678566, 48.820696 ] ] ] } },
{ "type": "Feature", "properties": { "element": "way", "id": 1217826559, "name": "Müller - Die lila Logistik", "building": "warehouse", "industrial": null }, "geometry": { "type": "Polygon", "coordinates": [ [ [ 9.2129227, 48.944216 ], [ 9.2141244, 48.9439077 ], [ 9.2139393, 48.943587 ], [ 9.2150095, 48.943321 ], [ 9.2149391, 48.9431988 ], [ 9.2146114, 48.9426301 ], [ 9.2145669, 48.9425529 ], [ 9.2144923, 48.942572 ], [ 9.2143205, 48.942616 ], [ 9.2142542, 48.942633 ], [ 9.2139222, 48.9427179 ], [ 9.2129912, 48.9429562 ], [ 9.2126441, 48.943045 ], [ 9.2122951, 48.9431343 ], [ 9.2123789, 48.9432787 ], [ 9.2124546, 48.9434092 ], [ 9.2127578, 48.9439317 ], [ 9.2128344, 48.9440637 ], [ 9.2129227, 48.944216 ] ] ] } },
{ "type": "Feature", "properties": { "element": "way", "id": 1221979507, "name": null, "building": "warehouse", "industrial": null }, "geometry": { "type": "Polygon", "coordinates": [ [ [ 9.2650821, 48.8208282 ], [ 9.2644848, 48.8207391 ], [ 9.2645451, 48.820564 ], [ 9.2651424, 48.8206531 ], [ 9.2650821, 48.8208282 ] ] ] } },
{ "type": "Feature", "properties": { "element": "way", "id": 1233838211, "name": null, "building": "warehouse", "industrial": null }, "geometry": { "type": "Polygon", "coordinates": [ [ [ 9.145378, 48.9053308 ], [ 9.1452697, 48.9053274 ], [ 9.1452818, 48.9051866 ], [ 9.1452859, 48.9050902 ], [ 9.1453955, 48.9050952 ], [ 9.145378, 48.9053308 ] ] ] } },
{ "type": "Feature", "properties": { "element": "way", "id": 1233838215, "name": null, "building": "warehouse", "industrial": null }, "geometry": { "type": "Polygon", "coordinates": [ [ [ 9.1446327, 48.9053594 ], [ 9.1447263, 48.9053627 ], [ 9.1447526, 48.9053636 ], [ 9.1447582, 48.9052946 ], [ 9.1446383, 48.9052904 ], [ 9.1446327, 48.9053594 ] ] ] } },
{ "type": "Feature", "properties": { "element": "way", "id": 1233838216, "name": null, "building": "warehouse", "industrial": null }, "geometry": { "type": "Polygon", "coordinates": [ [ [ 9.1446327, 48.9053594 ], [ 9.1446307, 48.9053819 ], [ 9.1447148, 48.9053852 ], [ 9.1447243, 48.9053856 ], [ 9.1447263, 48.9053627 ], [ 9.1446327, 48.9053594 ] ] ] } },
{ "type": "Feature", "properties": { "element": "way", "id": 1233838217, "name": null, "building": "warehouse", "industrial": null }, "geometry": { "type": "Polygon", "coordinates": [ [ [ 9.1446307, 48.9053819 ], [ 9.1446246, 48.9054398 ], [ 9.1447081, 48.9054439 ], [ 9.1447148, 48.9053852 ], [ 9.1446307, 48.9053819 ] ] ] } },
{ "type": "Feature", "properties": { "element": "way", "id": 1258853557, "name": null, "building": "warehouse", "industrial": null }, "geometry": { "type": "Polygon", "coordinates": [ [ [ 9.155872, 48.9121744 ], [ 9.155844, 48.9122398 ], [ 9.1556524, 48.9122044 ], [ 9.1556804, 48.912139 ], [ 9.155872, 48.9121744 ] ] ] } },
{ "type": "Feature", "properties": { "element": "way", "id": 1292176714, "name": null, "building": "warehouse", "industrial": null }, "geometry": { "type": "Polygon", "coordinates": [ [ [ 9.1500687, 48.898218 ], [ 9.1501579, 48.8982215 ], [ 9.1503995, 48.8982312 ], [ 9.1504415, 48.8977764 ], [ 9.1501357, 48.8977636 ], [ 9.1501106, 48.8977628 ], [ 9.1500961, 48.8979163 ], [ 9.1500687, 48.898218 ] ] ] } },
{ "type": "Feature", "properties": { "element": "way", "id": 1292176715, "name": null, "building": "warehouse", "industrial": null }, "geometry": { "type": "Polygon", "coordinates": [ [ [ 9.1499336, 48.8979097 ], [ 9.1500961, 48.8979163 ], [ 9.1501106, 48.8977628 ], [ 9.1499457, 48.8977579 ], [ 9.1499421, 48.8978196 ], [ 9.1499336, 48.8979097 ] ] ] } },
{ "type": "Feature", "properties": { "element": "way", "id": 1301615814, "name": null, "building": "warehouse", "industrial": null }, "geometry": { "type": "Polygon", "coordinates": [ [ [ 9.1132058, 48.8255131 ], [ 9.1129582, 48.8252055 ], [ 9.113427, 48.8250419 ], [ 9.1136238, 48.8252863 ], [ 9.113473, 48.8253389 ], [ 9.1135239, 48.8254021 ], [ 9.1134257, 48.8254364 ], [ 9.1132058, 48.8255131 ] ] ] } },
{ "type": "Feature", "properties": { "element": "way", "id": 1303030730, "name": null, "building": "warehouse", "industrial": null }, "geometry": { "type": "Polygon", "coordinates": [ [ [ 9.3241538, 48.7305557 ], [ 9.3241531, 48.7304571 ], [ 9.3244411, 48.7304556 ], [ 9.3244411, 48.7305546 ], [ 9.3241538, 48.7305557 ] ] ] } },
{ "type": "Feature", "properties": { "element": "way", "id": 1303030731, "name": null, "building": "warehouse", "industrial": null }, "geometry": { "type": "Polygon", "coordinates": [ [ [ 9.3224218, 48.7291309 ], [ 9.3224422, 48.7290393 ], [ 9.3226466, 48.7290585 ], [ 9.3226262, 48.7291507 ], [ 9.3224218, 48.7291309 ] ] ] } },
{ "type": "Feature", "properties": { "element": "way", "id": 1303030732, "name": null, "building": "warehouse", "industrial": null }, "geometry": { "type": "Polygon", "coordinates": [ [ [ 9.322682, 48.7290311 ], [ 9.3228855, 48.7290509 ], [ 9.3229067, 48.7289704 ], [ 9.3227014, 48.7289482 ], [ 9.322682, 48.7290311 ] ] ] } },
{ "type": "Feature", "properties": { "element": "way", "id": 1312466191, "name": null, "building": "warehouse", "industrial": null }, "geometry": { "type": "Polygon", "coordinates": [ [ [ 9.2266953, 48.784265 ], [ 9.2268251, 48.7844019 ], [ 9.2271401, 48.7842673 ], [ 9.227012, 48.7841304 ], [ 9.2266953, 48.784265 ] ] ] } },
{ "type": "Feature", "properties": { "element": "way", "id": 1312466192, "name": null, "building": "warehouse", "industrial": null }, "geometry": { "type": "Polygon", "coordinates": [ [ [ 9.2271401, 48.7842673 ], [ 9.2276281, 48.7839959 ], [ 9.2274776, 48.7837621 ], [ 9.2268216, 48.7839423 ], [ 9.227012, 48.7841304 ], [ 9.2271401, 48.7842673 ] ] ] } },
{ "type": "Feature", "properties": { "element": "way", "id": 1362301265, "name": null, "building": "warehouse", "industrial": null }, "geometry": { "type": "Polygon", "coordinates": [ [ [ 9.1773327, 48.8948042 ], [ 9.1772699, 48.8947993 ], [ 9.1769696, 48.8947857 ], [ 9.1768837, 48.8947817 ], [ 9.1768909, 48.8947096 ], [ 9.1773404, 48.8947304 ], [ 9.1773327, 48.8948042 ] ] ] } },
{ "type": "Feature", "properties": { "element": "way", "id": 1365532157, "name": null, "building": "warehouse", "industrial": null }, "geometry": { "type": "Polygon", "coordinates": [ [ [ 9.2283509, 48.7836201 ], [ 9.2285013, 48.7835278 ], [ 9.2283739, 48.7834438 ], [ 9.2282292, 48.7835369 ], [ 9.2283509, 48.7836201 ] ] ] } },
{ "type": "Feature", "properties": { "element": "way", "id": 1365532159, "name": null, "building": "warehouse", "industrial": null }, "geometry": { "type": "Polygon", "coordinates": [ [ [ 9.2280233, 48.7839081 ], [ 9.2280662, 48.7839345 ], [ 9.2273524, 48.784437 ], [ 9.2273088, 48.78441 ], [ 9.2273796, 48.7843602 ], [ 9.22731, 48.7843172 ], [ 9.2278804, 48.7839156 ], [ 9.2279509, 48.7839591 ], [ 9.2280233, 48.7839081 ] ] ] } },
{ "type": "Feature", "properties": { "element": "way", "id": 1422244088, "name": null, "building": "warehouse", "industrial": null }, "geometry": { "type": "Polygon", "coordinates": [ [ [ 9.1733362, 48.853577 ], [ 9.1732697, 48.8533211 ], [ 9.1733357, 48.8533137 ], [ 9.1733228, 48.8532639 ], [ 9.1740224, 48.8531853 ], [ 9.1741259, 48.8535836 ], [ 9.1738483, 48.8536148 ], [ 9.1738242, 48.8535221 ], [ 9.1733362, 48.853577 ] ] ] } },
{ "type": "Feature", "properties": { "element": "way", "id": 1422249036, "name": null, "building": "warehouse", "industrial": null }, "geometry": { "type": "Polygon", "coordinates": [ [ [ 9.1800181, 48.8803211 ], [ 9.1800465, 48.8804403 ], [ 9.1804519, 48.8803984 ], [ 9.1804235, 48.8802793 ], [ 9.1803915, 48.8802826 ], [ 9.1800181, 48.8803211 ] ] ] } },
{ "type": "Feature", "properties": { "element": "way", "id": 1453609815, "name": null, "building": "warehouse", "industrial": null }, "geometry": { "type": "Polygon", "coordinates": [ [ [ 9.2463324, 48.7285428 ], [ 9.2463264, 48.7285706 ], [ 9.2461049, 48.7285677 ], [ 9.2461066, 48.7285429 ], [ 9.2463324, 48.7285428 ] ] ] } },
{ "type": "Feature", "properties": { "element": "way", "id": 1461358905, "name": null, "building": "warehouse", "industrial": null }, "geometry": { "type": "Polygon", "coordinates": [ [ [ 9.1227414, 48.7642029 ], [ 9.1227822, 48.7643674 ], [ 9.1239148, 48.7642453 ], [ 9.123874, 48.7640808 ], [ 9.1227414, 48.7642029 ] ] ] } },
{ "type": "Feature", "properties": { "element": "relation", "id": 12253185, "name": "Amt für Abfallwirtschaft und Stadtreinigung Stützpunkt im Vogelsang 7", "building": null, "industrial": "warehouse" }, "geometry": { "type": "Polygon", "coordinates": [ [ [ 9.1383198, 48.7685851 ], [ 9.138737, 48.7688274 ], [ 9.1388424, 48.7688829 ], [ 9.1390571, 48.7685354 ], [ 9.1391312, 48.768414 ], [ 9.1389987, 48.7683756 ], [ 9.1387528, 48.7683079 ], [ 9.1387276, 48.7683478 ], [ 9.1386629, 48.7684541 ], [ 9.1385496, 48.7684821 ], [ 9.1383198, 48.7685851 ] ] ] } },
{ "type": "Feature", "properties": { "element": "way", "id": 132787916, "name": null, "building": "farm_auxiliary", "industrial": "warehouse" }, "geometry": { "type": "Polygon", "coordinates": [ [ [ 9.3285735, 48.9291636 ], [ 9.3285961, 48.9289881 ], [ 9.3283659, 48.92898 ], [ 9.3283677, 48.928956 ], [ 9.3281355, 48.9289577 ], [ 9.3281364, 48.9289425 ], [ 9.3280589, 48.9289418 ], [ 9.3280522, 48.9290337 ], [ 9.328022, 48.9290343 ], [ 9.3280211, 48.9290433 ], [ 9.3281164, 48.9290483 ], [ 9.3281183, 48.9290709 ], [ 9.3282868, 48.9290761 ], [ 9.3282846, 48.9291553 ], [ 9.3285735, 48.9291636 ] ] ] } },
{ "type": "Feature", "properties": { "element": "way", "id": 132787921, "name": null, "building": "farm_auxiliary", "industrial": "warehouse" }, "geometry": { "type": "Polygon", "coordinates": [ [ [ 9.3284465, 48.9294071 ], [ 9.3284502, 48.9293039 ], [ 9.3284734, 48.9293043 ], [ 9.3284764, 48.9292228 ], [ 9.3279777, 48.9292149 ], [ 9.3279799, 48.9291564 ], [ 9.3278767, 48.9291547 ], [ 9.3278687, 48.9293737 ], [ 9.3280155, 48.929376 ], [ 9.3280147, 48.9294003 ], [ 9.3284465, 48.9294071 ] ] ] } },
{ "type": "Feature", "properties": { "element": "way", "id": 385198342, "name": "Dinkelacker Schwaben Bräu", "building": null, "industrial": "warehouse" }, "geometry": { "type": "Polygon", "coordinates": [ [ [ 9.1480385, 48.7560621 ], [ 9.1482693, 48.7561442 ], [ 9.1482485, 48.7561696 ], [ 9.1481597, 48.7562782 ], [ 9.1481443, 48.7562971 ], [ 9.1481141, 48.7563297 ], [ 9.148173, 48.7567935 ], [ 9.1481457, 48.756795 ], [ 9.1481183, 48.7567966 ], [ 9.14808, 48.7564946 ], [ 9.1480645, 48.756488 ], [ 9.1479641, 48.7564448 ], [ 9.1477934, 48.7563716 ], [ 9.1473128, 48.7561656 ], [ 9.1473616, 48.7560929 ], [ 9.1473851, 48.7560578 ], [ 9.1471556, 48.7559798 ], [ 9.1478446, 48.7559931 ], [ 9.1480385, 48.7560621 ] ] ] } },
{ "type": "Feature", "properties": { "element": "way", "id": 1446236486, "name": "Städtischer Bauhof", "building": null, "industrial": "warehouse" }, "geometry": { "type": "Polygon", "coordinates": [ [ [ 9.2421207, 48.7309762 ], [ 9.242333, 48.7314402 ], [ 9.2416833, 48.7316674 ], [ 9.241441, 48.7313692 ], [ 9.2412601, 48.7312851 ], [ 9.2421207, 48.7309762 ] ] ] } }
]
}
