segment_id,corridor_id,highway,ref,name,length,u,v,metapath_priority,is_metapath_hard,metapath_pairs,damage_type,initial_open,disaster_hard
S0,segment_0,motorway_link,,,579.6993200439522,241798584,1608301639,None,False,,none,True,False
S1,E1A;302,motorway,E1A;302,伊勢湾岸自動車道,1011.4330851363109,241798584,1608301722,None,False,,crack_pothole,True,False
S2,segment_2,motorway_link,,,523.4324759386889,241798663,1624798348,None,False,,none,True,False
S3,E1A;302,motorway,E1A;302,伊勢湾岸自動車道,693.4954516834939,241798663,241798675,None,False,,none,True,False
S4,E1A;302,motorway,E1A;302,伊勢湾岸自動車道,1224.3870061611708,241798675,2126273444,None,False,,none,True,False
S5,segment_5,motorway_link,,,632.2448307917371,241798924,1576884162,None,False,,none,True,False
S6,E1A,motorway,E1A,伊勢湾岸自動車道,1066.1181761196804,241798924,1149168878,None,False,,none,True,False
S7,segment_7,motorway_link,,,490.75310723625273,241799046,3808273030,None,False,,none,True,False
S8,E1A,motorway,E1A,伊勢湾岸自動車道,1211.296632762137,241799046,9406491815,None,False,,none,True,False
S9,環状線,primary,,環状線,8.599892751468854,286404239,3159063296,None,False,,none,True,False
S10,29,primary,29,八熊通,1349.5128072700634,286404239,599869075,None,False,,none,True,False
S11,19;22,trunk,19;22,伏見通,11.017065330970702,286748238,601303000,None,False,,none,True,False
S12,60,primary,60,広小路通,1534.0770682647392,286748238,321616491,None,False,,none,True,False
S13,5,motorway,"['5', 'E23']","['東名阪自動車道', '名古屋高速5号万場線']",549.2180594629433,287037206,6418759114,None,False,,none,True,False
S14,名古屋第二環状自動車道,motorway_link,,名古屋第二環状自動車道,717.4771856967153,287037206,8687399278,None,False,,none,True,False
S15,5,motorway,"['5', '2']","['名古屋高速2号東山線', '名古屋高速5号万場線']",835.8689895741535,287037515,2343100604,None,False,,none,True,False
S16,segment_16,motorway_link,,,884.7532512757654,287037515,289332726,None,False,,crack_pothole,True,False
S17,60,primary,60,広小路通,17.337783511011075,287041504,334505569,None,False,,crack_pothole,True,False
S18,江川線,primary,,江川線,435.0188338252594,287041504,601348892,None,False,,none,True,False
S19,29,primary,29,八熊通,22.24748124346146,287041663,552792257,None,False,,none,True,False
S20,19;22,trunk,19;22,伏見通,2178.076313076699,287041663,620371273,None,False,,none,True,False
S21,E1A,motorway,E1A,伊勢湾岸自動車道,1270.3434458423728,288668574,288668625,None,False,,none,True,False
S22,segment_22,motorway_link,,,647.100704573893,288668625,4863002005,None,False,,none,True,False
S23,E1A,motorway,E1A,伊勢湾岸自動車道,1503.3529807182013,288668625,288668640,None,False,,none,True,False
S24,E1A,motorway,E1A,伊勢湾岸自動車道,2998.7393179847763,288668640,288684737,None,False,,none,True,False
S25,E1A,motorway,E1A,伊勢湾岸自動車道,1093.7628991522424,288684737,1149169061,None,False,,none,True,False
S26,segment_26,motorway_link,,,619.9265411393885,288684737,1825848682,None,False,,none,True,False
S27,E1A,motorway,E1A,伊勢湾岸自動車道,1766.550335001724,288685014,288685038,None,False,,crack_pothole,True,False
S28,segment_28,motorway_link,,,431.7747443158142,288685014,962863221,None,False,,none,True,False
S29,E1A,motorway,E1A,伊勢湾岸自動車道,1137.2639807963753,288685038,288685065,None,False,,none,True,False
S30,E1A,motorway,E1A,伊勢湾岸自動車道,1099.4996340509585,288685065,2126174235,None,False,,none,True,False
S31,segment_31,motorway_link,,,724.604223031392,288685113,1624798348,None,False,,none,True,False
S32,E1A;302,motorway,E1A;302,伊勢湾岸自動車道,710.4137990450813,288685113,288685120,None,False,,none,True,False
S33,E1A;302,motorway,E1A;302,伊勢湾岸自動車道,1480.6372409168828,288685120,288685139,None,False,,none,True,False
S34,segment_34,motorway_link,,,991.8526757379242,288685139,1608301639,None,False,,none,True,False
S35,E1A;302,motorway,E1A;302,伊勢湾岸自動車道,962.6632658850767,288685139,288685143,None,False,,none,True,False
S36,E1A;302,motorway,E1A;302,伊勢湾岸自動車道,1320.2048447953086,288685143,288685153,None,False,,none,True,False
S37,E1A,motorway,E1A,伊勢湾岸自動車道,1349.562404345786,288685153,7161087734,None,False,,none,True,False
S38,名古屋第二環状自動車道,motorway_link,,名古屋第二環状自動車道,217.7482620306588,288685153,1281661223,None,False,,none,True,False
S39,segment_39,trunk_link,,,413.39725114553676,289294149,414669085,None,False,,none,True,False
S40,23,trunk,23,国道23号,742.1342235298243,289294149,1925136299,None,False,,none,True,False
S41,segment_41,motorway_link,,,472.25467689619444,289294175,385044453,None,False,,none,True,False
S42,23,trunk,23,国道23号,370.7123497242823,289294175,1149168902,None,False,,none,True,False
S43,segment_43,trunk_link,,,531.3975510153382,289294179,366084785,None,False,,none,True,False
S44,23,trunk,23,国道23号,515.6185036018459,289294179,289294182,None,False,,none,True,False
S45,23,trunk,23,国道23号,246.5455732544358,289294182,943165074,None,False,,none,True,False
S46,segment_46,trunk_link,,,268.2645387098547,289294186,289294192,None,False,,none,True,False
S47,23,trunk,23,国道23号,582.496949253223,289294186,7128472645,None,False,,none,True,False
S48,segment_48,trunk_link,,,17.338389066983797,289294192,579680807,None,False,,none,True,False
S49,302,trunk,302,国道302号,2645.977096192375,289294192,4336427544,None,False,,none,True,False
S50,23,trunk,23,国道23号,987.5044424831699,289294275,2050793888,None,False,,none,True,False
S51,23,trunk,23,国道23号,679.7035989279274,289294374,1941005569,None,False,,landslide_block,False,True
S52,segment_52,motorway_link,,,320.5144256657151,289294397,385044457,None,False,,none,True,False
S53,23,trunk,23,国道23号,512.6735127204397,289294397,289294374,None,False,,none,True,False
S54,C1,motorway,C1,名古屋高速都心環状線,615.9937734747465,289332561,289332612,None,False,,none,True,False
S55,C03,motorway_link,C03,名古屋高速環状線,570.7127204496578,289332612,1150254315,None,False,,none,True,False
S56,C1,motorway,C1,名古屋高速都心環状線,897.7435331252119,289332612,3821179864,None,False,,none,True,False
S57,segment_57,motorway_link,,,908.4052916554956,289332715,623036206,None,False,,none,True,False
S58,C1,motorway,C1,名古屋高速都心環状線,635.6736717966583,289332715,289332726,None,False,,none,True,False
S59,C1,motorway,C1,名古屋高速都心環状線,316.64616331889675,289332726,1150254296,None,False,,none,True,False
S60,C1,motorway,C1,名古屋高速都心環状線,278.8981940358502,289332755,289332766,None,False,,none,True,False
S61,C1,motorway,C1,名古屋高速都心環状線,621.4388711775949,289332766,289332803,None,False,,none,True,False
S62,6,motorway,6,名古屋高速6号清須線,997.0370766539044,289332766,638204629,None,False,,none,True,False
S63,C1,motorway,C1,名古屋高速都心環状線,119.53932132826917,289332803,289332823,None,False,,none,True,False
S64,C1,motorway,C1,名古屋高速都心環状線,512.2155327250636,289332823,623238566,None,False,,crack_pothole,True,False
S65,segment_65,motorway_link,,,356.51376634418745,289332823,1969897491,None,False,,none,True,False
S66,C1,motorway,"['C1', '1']","['名古屋高速1号線', '名古屋高速環状線']",729.6093441427894,289332936,3820629495,None,False,,none,True,False
S67,C1,motorway,C1,名古屋高速都心環状線,516.6883653797106,289332936,870522805,None,False,,none,True,False
S68,1,motorway,1,名古屋高速1号楠線,2762.4098304692952,289333031,289333087,None,False,,landslide_block,False,True
S69,1,motorway,1,名古屋高速1号楠線,559.667709389881,289333087,289333129,None,False,,crack_pothole,True,False
S70,segment_70,motorway_link,,,378.7678299852414,289333087,520108883,None,False,,crack_pothole,True,False
S71,1,motorway,1,名古屋高速1号楠線,189.8905329329656,289333129,289333158,None,False,,none,True,False
S72,segment_72,motorway_link,,,330.9684634395776,289333129,635868113,None,False,,crack_pothole,True,False
S73,segment_73,motorway_link,,,721.1981230784235,289333158,289333316,None,False,,none,True,False
S74,11,motorway,11,名古屋高速11号小牧線,513.0372788668778,289333158,631532025,None,False,,none,True,False
S75,segment_75,motorway_link,,,209.0684915661804,289333316,289333344,None,False,,none,True,False
S76,C2,motorway,C2,名古屋第二環状自動車道,489.20125568259107,289333344,1148955513,None,False,,none,True,False
S77,C2,motorway,C2,名古屋第二環状自動車道,908.9492632584628,289333515,633361798,None,False,,none,True,False
S78,C2,motorway,C2,名古屋第二環状自動車道,577.8687837025573,289333870,638387022,None,False,,none,True,False
S79,名古屋第二環状自動車道,motorway_link,,名古屋第二環状自動車道,504.62798737687837,289333870,1706692866,None,False,,none,True,False
S80,segment_80,motorway_link,,,1083.811689281786,289334288,1150439373,None,False,,none,True,False
S81,E1,motorway,E1,東名高速道路,1699.5833713264788,289334288,289334319,None,False,,none,True,False
S82,E1,motorway,E1,東名高速道路,3024.7570357829777,289334319,289334362,None,False,,none,True,False
S83,segment_83,motorway_link,,,311.9437371861033,289334362,289334391,None,False,,none,True,False
S84,E1,motorway,E1,東名高速道路,665.8194645971554,289334362,289334382,None,False,,landslide_block,False,True
S85,E1,motorway,E1,東名高速道路,1719.7561633954624,289334382,1310559529,None,False,,none,True,False
S86,segment_86,motorway_link,,,192.6074726590807,289334459,289334382,None,False,,none,True,False
S87,1,motorway,1,名古屋高速1号楠線,183.13354112690064,295014126,635868078,None,False,,none,True,False
S88,segment_88,motorway_link,,,365.4804302832707,295014152,295014187,None,False,,none,True,False
S89,1,motorway,1,"['名古屋高速1号線', '名古屋高速1号楠線']",510.36549617241565,295014152,1146828722,None,False,,none,True,False
S90,segment_90,motorway_link,,,353.6949463787853,295014187,305628203,None,False,,none,True,False
S91,segment_91,motorway_link,,,896.5375856201476,298419790,566552683,None,False,,crack_pothole,True,False
S92,E1,motorway,E1,名神高速道路,999.3309008612617,298419790,7695570899,None,False,,none,True,False
S93,segment_93,motorway_link,,,321.92626619849915,298419797,2438343471,None,False,,none,True,False
S94,E1,motorway,E1,名神高速道路,707.2272636830642,298419797,7695539777,None,False,,none,True,False
S95,segment_95,motorway_link,,,14.356321071170118,305628203,7735878516,None,False,,none,True,False
S96,segment_96,motorway_link,,,34.20237485611665,305628203,295014156,None,False,,none,True,False
S97,60,primary,60,広小路通,22.99991252891454,321616491,552034080,None,False,,none,True,False
S98,空港線,primary,,空港線,515.9253682178679,321616491,552034085,None,False,,none,True,False
S99,11,motorway,11,名古屋高速11号小牧線,498.0241818954032,321617651,321617656,None,False,,none,True,False
S100,segment_100,motorway_link,,,784.7598733103083,321617656,2919927883,None,False,,none,True,False
S101,11,motorway,11,名古屋高速11号小牧線,2893.90459663235,321617656,321617674,None,False,,none,True,False
S102,11,motorway,11,名古屋高速11号小牧線,233.2028256245838,321617674,321617678,None,False,,none,True,False
S103,41,trunk,41,国道41号,621.1612185342387,321618243,552601574,None,False,,none,True,False
S104,E1,motorway,E1,東名高速道路,7896.99188300071,321619249,321619323,None,False,,none,True,False
S105,segment_105,motorway_link,,,602.7279859961084,321619323,602418496,None,False,,none,True,False
S106,E1,motorway,E1,東名高速道路,490.09113060381594,321619323,4632005161,None,False,,none,True,False
S107,江川線,primary,,江川線,17.59129706807393,334505566,599442333,None,False,,none,True,False
S108,68,primary,68,桜通,13.007496297394836,334505566,7056256169,None,False,,none,True,False
S109,江川線,primary,,江川線,11.264428737324579,334505569,601302973,None,False,,crack_pothole,True,False
S110,60,primary,60,広小路通,694.0719001197025,334505569,552171291,None,False,,none,True,False
S111,68,primary,68,桜通,18.312516942098235,334505576,334505566,None,False,,none,True,False
S112,江川線,primary,,江川線,644.0766321361366,334505576,3820573591,None,False,,none,True,False
S113,68,primary,68,桜通,486.1634544502444,334505592,334505576,None,False,,none,True,False
S114,68,primary,68,名駅通,40.46074469978723,334505592,601348864,None,False,,none,True,False
S115,68,primary,68,"['名駅通', '桜通']",150.17617111503176,334505628,334505592,None,False,,crack_pothole,True,False
S116,22,trunk,22,伏見通,17.584513391668153,352695096,552070373,None,False,,crack_pothole,True,False
S117,19,trunk,19,桜通,1554.958844813045,352695096,552034088,None,False,,crack_pothole,True,False
S118,segment_118,trunk_link,,,22.3568656020071,352708868,661025884,None,False,,none,True,False
S119,19,trunk,19,国道19号,836.0898579761612,352708868,378736083,None,False,,crack_pothole,True,False
S120,19,trunk,19,国道19号,13.216531134405647,352708953,660967114,None,False,,none,True,False
S121,環状線,primary,,環状線,2054.367801905287,352708953,540764297,None,False,,none,True,False
S122,59;202,primary,59;202,名古屋中環状線,14.05447047378516,352709104,551923695,None,False,,none,True,False
S123,19,trunk,19,国道19号,1177.2790499492767,352709104,563634343,None,False,,none,True,False
S124,59;202,primary,59;202,名古屋中環状線,13.543199988031612,352709212,847801735,None,False,,none,True,False
S125,30,primary,30,関田名古屋線,1009.8745120590262,352709212,352709264,None,False,,crack_pothole,True,False
S126,59;202,primary,59;202,名古屋中環状線,1405.7056898163792,352709212,551923695,None,False,,none,True,False
S127,30,primary,30,関田名古屋線,12.30607482815706,352709264,847801659,None,False,,none,True,False
S128,30,primary,30,関田名古屋線,888.7144190203289,352709264,566639741,None,False,,none,True,False
S129,15,primary,15,名古屋多治見線,10.07231272928122,352709343,3121516282,None,False,,none,True,False
S130,15,primary,15,名古屋多治見線,653.5874204322879,352709343,3360849697,None,False,,crack_pothole,True,False
S131,segment_131,motorway_link,,,848.6528212893585,357209171,1601042091,None,False,,none,True,False
S132,E1A,motorway,E1A,伊勢湾岸自動車道,2512.973018231214,357209171,288668574,None,False,,none,True,False
S133,segment_133,motorway_link,,,482.297097696685,357209633,8070653742,None,False,,none,True,False
S134,segment_134,motorway_link,,,441.8131733898348,357209633,288685038,None,False,,none,True,False
S135,1,trunk,1,国道1号,849.9273700875281,366069826,1945488932,None,False,,landslide_block,False,True
S136,51,primary,51,知立東浦線,1343.594935855826,366069826,9837895868,None,False,,none,True,False
S137,23,primary,23,東浦名古屋線,55.749039163344804,366084785,410396286,None,False,,none,True,False
S138,23,primary,23,東浦名古屋線,2028.5160626044706,366084785,479734906,None,False,,none,True,False
S139,segment_139,trunk_link,,,231.0638205595653,366084785,943165074,None,False,,none,True,False
S140,segment_140,motorway_link,,,748.8527779029952,366754598,241798675,None,False,,none,True,False
S141,segment_141,motorway_link,,,521.4733896582668,366754598,288685120,None,False,,none,True,False
S142,55,primary,55,名古屋半田線,10.02168946935572,366755138,5221248898,None,False,,crack_pothole,True,False
S143,36,primary,36,諸輪名古屋線,1212.0567387546712,366755138,1636124402,None,False,,none,True,False
S144,23,trunk,23,国道23号,686.6366557518958,366755175,4331743912,None,False,,none,True,False
S145,環状線,primary,,環状線,13.850460717523086,366755264,1161617965,None,False,,none,True,False
S146,金城ふ頭線,primary,,金城ふ頭線,5449.844864351676,366755264,1608301758,None,False,,none,True,False
S147,54;284,primary,54;284,豊田知立線,10.914441935913779,366959424,1150580996,None,False,,none,True,False
S148,1,trunk,1,国道1号,3387.1096446322167,366959424,366964603,None,False,,none,True,False
S149,segment_149,motorway_link,,,424.54692105392166,366961843,6101643993,None,False,,landslide_block,False,True
S150,23,trunk_link,23,国道23号,270.46664287085,366961843,2115209211,None,False,,none,True,False
S151,1,trunk,1,国道1号,50.35754480976551,366964603,1576883880,None,False,,none,True,False
S152,23,trunk_link,23,国道23号,401.476534334045,366964603,366961843,None,False,,none,True,False
S153,155;247,trunk,155;247,国道155号,8.59605531550498,367432355,7559960713,None,False,,none,True,False
S154,247,trunk,247,国道247号,6065.066578179348,367432355,414668603,None,False,,none,True,False
S155,155,trunk,155,国道155号,2147.5589623998676,367432355,367432370,None,False,,none,True,False
S156,155,trunk,155,国道155号,11.07741542336682,367432370,4528144072,None,False,,none,True,False
S157,55,primary,55,名古屋半田線,633.5838632753753,367432370,401720911,None,False,,none,True,False
S158,23,primary,23,東浦名古屋線,10.701390420583152,367432381,7559960769,None,False,,none,True,False
S159,23,primary,23,東浦名古屋線,3450.549419842773,367432381,579681585,None,False,,none,True,False
S160,155,trunk,155,国道155号,1067.7225368874279,367432381,1579576519,None,False,,crack_pothole,True,False
S161,51,primary,51,知立東浦線,10.791993556042716,367794973,9837895868,None,False,,none,True,False
S162,155,trunk,155,国道155号,121.13656300620109,367794973,4358264010,None,False,,crack_pothole,True,False
S163,54,primary,54,豊田知立線バイパス,12.631726893391217,367853620,1726081507,None,False,,landslide_block,False,True
S164,153,trunk,153,国道153号,579.7156977865438,367853620,5793282559,None,False,,none,True,False
S165,54,primary,54,豊田知立線,789.0923505237707,367857549,513065201,None,False,,none,True,False
S166,54,primary,54,豊田知立線,316.3173398609499,367857549,1723802811,None,False,,none,True,False
S167,155,trunk,155,豊田南バイパス,104.23112040496959,368462088,4162359831,None,False,,none,True,False
S168,56,primary,56,名古屋岡崎線,11.97541791750221,368462088,4162359829,None,False,,none,True,False
S169,155,trunk,155,国道155号,454.27396826400184,369930462,370966536,None,False,,none,True,False
S170,155,trunk,155,国道155号,585.6050499078468,369930462,367794973,None,False,,none,True,False
S171,155,trunk,155,国道155号,38.55548900439606,370966533,1825508020,None,False,,none,True,False
S172,155,trunk,155,国道155号,2297.464483426759,370966533,9821364233,None,False,,none,True,False
S173,segment_173,trunk_link,,,372.04922713083494,370966533,1825508036,None,False,,none,True,False
S174,155,trunk,155,国道155号,454.27396826400184,370966536,369930462,None,False,,none,True,False
S175,155,trunk,155,国道155号,239.31471416710326,370966536,1825508020,None,False,,none,True,False
S176,51,primary,51,知立東浦線,233.63442912695461,370966536,1825508004,None,False,,none,True,False
S177,419,trunk,419,衣浦豊田道路,1035.0934033528583,371078068,371078091,None,False,,none,True,False
S178,419,trunk,419,衣浦豊田道路,344.1607211433171,371078068,1945488643,None,False,,none,True,False
S179,419,trunk,419,衣浦豊田道路,475.8526246511377,371078091,12844439349,None,False,,none,True,False
S180,419,trunk,419,衣浦豊田道路,1190.0920325626362,371078091,4082355396,None,False,,none,True,False
S181,36,primary,36,飯田街道,438.99438929848344,372351223,601999306,None,False,,crack_pothole,True,False
S182,56,primary,56,名古屋岡崎線バイパス,662.539977855296,378705968,3829807771,None,False,,none,True,False
S183,56,primary,56,名古屋岡崎線バイパス,398.1382532494922,378705968,1727359923,None,False,,none,True,False
S184,19,trunk,19,国道19号,20.104336331405104,378736083,552034101,None,False,,none,True,False
S185,環状線,primary,,環状線,11.389159034033954,380234285,380234874,None,False,,none,True,False
S186,山王通,primary,,山王通,1476.748546626239,380234285,599869111,None,False,,crack_pothole,True,False
S187,山王通,primary,,山王通,12.774138706193614,380234874,2104186814,None,False,,none,True,False
S188,環状線,primary,,環状線,945.4008523595402,380234874,619859772,None,False,,none,True,False
S189,E87,motorway_link,E87,知多半島道路,211.92645434091312,385044453,385044457,None,False,,none,True,False
S190,E87,motorway,E87,知多半島道路,1924.0300943653317,385044457,385662927,None,False,,none,True,False
S191,51,primary,51,知立東浦線,36.228045213958836,385075594,1825508004,None,False,,none,True,False
S192,segment_192,trunk_link,,,170.84707076959742,385075594,370966533,None,False,,none,True,False
S193,23,trunk,23,国道23号,203.8165681123064,385131817,4574708750,None,False,,none,True,False
S194,3,motorway,3,名古屋高速3号大高線,405.81242628035164,385131828,385131839,None,False,,none,True,False
S195,segment_195,motorway_link,,,155.3002052828608,385131828,926028568,None,False,,none,True,False
S196,segment_196,motorway_link,,,756.3987179514316,385131839,289294182,None,False,,none,True,False
S197,3,motorway,3,名古屋高速3号大高線,884.3000770401185,385131839,962863201,None,False,,none,True,False
S198,C1,motorway,C1,名古屋高速都心環状線,632.1438950361601,385132930,385132940,None,False,,none,True,False
S199,C1,motorway,C1,名古屋高速都心環状線,46.85872744732435,385132940,385132941,None,False,,none,True,False
S200,segment_200,motorway_link,,,632.6621473383719,385132941,939278178,None,False,,none,True,False
S201,C1,motorway,C1,名古屋高速都心環状線,621.382908783544,385132941,385132946,None,False,,none,True,False
S202,C1,motorway,C1,名古屋高速都心環状線,572.6979346396024,385132946,385132960,None,False,,none,True,False
S203,3,motorway,3,"['名古屋高速3号大高線', '名古屋高速3号線大高線']",2268.009344406367,385132960,620731719,None,False,,crack_pothole,True,False
S204,C1,motorway,C1,名古屋高速都心環状線,591.8016499067045,385132960,289332561,None,False,,landslide_block,False,True
S205,16,motorway,16,名古屋高速16号一宮線,728.2453707801534,385139963,385139975,None,False,,none,True,False
S206,16,motorway,16,名古屋高速16号一宮線,1622.9739328847165,385139975,385139989,None,False,,crack_pothole,True,False
S207,segment_207,motorway_link,,,466.5175003921015,385139975,8266154236,None,False,,none,True,False
S208,16,motorway,16,名古屋高速16号一宮線,1304.3341046033809,385139989,8266154144,None,False,,none,True,False
S209,16,motorway,"['16', '6']","['名古屋高速6号清須線', '名古屋高速16号一宮線']",1082.2381155191413,385140003,638312751,None,False,,none,True,False
S210,segment_210,motorway_link,,,220.09024204592382,385140003,566565242,None,False,,crack_pothole,True,False
S211,6,motorway,6,名古屋高速6号清須線,1552.8551838494818,385140090,385140147,None,False,,none,True,False
S212,segment_212,motorway_link,,,515.304474591599,385140147,3820573594,None,False,,none,True,False
S213,6,motorway,6,名古屋高速6号清須線,889.5442202977753,385140147,289332803,None,False,,none,True,False
S214,E87,motorway,E87,知多半島道路,792.7857661455827,385662927,385662945,None,False,,none,True,False
S215,E87,motorway,E87,知多半島道路,657.8859259498233,385662945,385662953,None,False,,none,True,False
S216,segment_216,motorway_link,,,162.7017095127161,385662945,9778597819,None,False,,none,True,False
S217,E87,motorway,E87,知多半島道路,2925.211455022199,385662953,385662992,None,False,,none,True,False
S218,segment_218,motorway_link,,,501.8876409139915,385662992,401719612,None,False,,none,True,False
S219,1,trunk,1,国道1号,9.400368507513825,392633560,7517947358,None,False,,none,True,False
S220,36,primary,36,諸輪名古屋線,1124.6163818142209,392633560,627280779,None,False,,none,True,False
S221,1,trunk,1,国道1号,823.6667495875009,392633607,392633560,None,False,,none,True,False
S222,1,trunk,1,国道1号,315.81118208845413,392633607,11428506457,None,False,,none,True,False
S223,空港線,primary,,空港線,12.19065208510057,392633981,1150200143,None,False,,crack_pothole,True,False
S224,1,trunk,1,国道1号,1492.4458186418751,392633981,5811515807,None,False,,none,True,False
S225,247,trunk,247,国道247号,56.65113506188023,392634925,5811515804,None,False,,none,True,False
S226,1,trunk,1,東海道,22.450171745474698,392634925,620381521,None,False,,landslide_block,False,True
S227,22,trunk,22,名岐バイパス,1975.9829068438837,392637072,8320800863,None,False,,none,True,False
S228,22,trunk,22,名岐バイパス,724.0134709555906,392637086,392637072,None,False,,crack_pothole,True,False
S229,67,primary,67,名古屋祖父江線,14.3182527749121,392637101,638204597,None,False,,none,True,False
S230,22,trunk,22,国道22号,1120.8669150822777,392637101,7083661264,None,False,,none,True,False
S231,22,trunk,22,国道22号,11.974470902418984,392637102,392637101,None,False,,none,True,False
S232,67;190,primary,"['67;190', '67']",名古屋祖父江線,759.9304210536042,392637102,2085338599,None,False,,none,True,False
S233,22,trunk,22,国道22号,12.975627154492331,392637103,392637102,None,False,,none,True,False
S234,環状線,primary,,環状線,2280.449684288293,392637103,1160571389,None,False,,none,True,False
S235,155;363,trunk,155;363,国道155号,260.7405852764752,393281102,430058758,None,False,,none,True,False
S236,57,primary,57,瀬戸大府東海線,2850.4117371804628,393281102,393857586,None,False,,none,True,False
S237,6,primary,6,力石名古屋線,765.3996847819751,393846639,1150439399,None,False,,none,True,False
S238,名古屋瀬戸道路,motorway_link,,名古屋瀬戸道路,1325.845149399735,393846653,1150439396,None,False,,landslide_block,False,True
S239,6,primary,6,力石名古屋線,306.4210724622341,393846653,393846639,None,False,,none,True,False
S240,57,primary,57,瀬戸大府東海線,23.24471301984526,393847941,1889499149,None,False,,none,True,False
S241,6,primary,6,力石名古屋線,1506.6007498875547,393847941,800028488,None,False,,none,True,False
S242,363,trunk,363,瀬港線,1493.5000924992783,393857268,623987355,None,False,,none,True,False
S243,363,trunk,363,"['瀬港線', '国道363号']",2544.7388837840012,393857268,505157032,None,False,,none,True,False
S244,57,primary,57,瀬戸大府東海線,2886.8914274411304,393857586,1889502557,None,False,,crack_pothole,True,False
S245,22,primary,22,瀬戸環状線,1013.9275075897143,393857586,3828869436,None,False,,none,True,False
S246,22,primary,22,瀬戸環状線,2756.1239728717374,393857586,393857586,None,False,,none,True,False
S247,57,primary,57,瀬戸大府東海線,2850.411737180462,393857586,393281102,None,False,,none,True,False
S248,空港線,primary,,空港線,17.357783786268904,395048617,599869111,None,False,,crack_pothole,True,False
S249,山王通,primary,,山王通,1479.2847804902385,395048617,380234874,None,False,,none,True,False
S250,153,trunk,153,飯田街道,6.197339052718186,395048953,6994219189,None,False,,none,True,False
S251,山王通,primary,,山王通,319.14489635889936,395048953,563817254,None,False,,none,True,False
S252,153,trunk,153,飯田街道,8.44381019473949,395048966,6994219814,None,False,,crack_pothole,True,False
S253,30,primary,30,関田名古屋線,243.33982567714452,395048966,4963156465,None,False,,none,True,False
S254,segment_254,motorway_link,,,8.306284956997542,401719585,7559960760,None,False,,none,True,False
S255,155,trunk,155,国道155号,911.8853663760395,401719585,367432381,None,False,,none,True,False
S256,segment_256,motorway_link,,,372.78030742513334,401719612,7559960759,None,False,,none,True,False
S257,55,primary,55,名古屋半田線,1347.5796661816587,401720911,4528121655,None,False,,none,True,False
S258,55,primary,55,名古屋半田線,631.8979402857753,401720911,4528144072,None,False,,none,True,False
S259,23,primary,23,東浦名古屋線,55.749039163344804,410396286,366084785,None,False,,none,True,False
S260,23,primary,23,東浦名古屋線,600.3077665984476,410396286,410396296,None,False,,none,True,False
S261,segment_261,trunk_link,,,345.4227091748284,410396286,4574676759,None,False,,none,True,False
S262,23,primary,23,東浦名古屋線,600.3077665984474,410396296,410396286,None,False,,crack_pothole,True,False
S263,23,primary,23,東浦名古屋線,194.7733221533155,410396296,2116283694,None,False,,crack_pothole,True,False
S264,363,trunk,363,国道363号,10.503626892318202,410401892,7232069022,None,False,,none,True,False
S265,363,trunk,363,国道363号,11.617378763465513,410401893,7232069023,None,False,,none,True,False
S266,363,trunk,363,国道363号,152.3402509999774,410401893,410401892,None,False,,none,True,False
S267,363,trunk,363,国道363号,1482.8650552304243,410401893,430058758,None,False,,none,True,False
S268,247,trunk,247,国道247号,6065.066578179347,414668603,367432355,None,False,,crack_pothole,True,False
S269,247,trunk,247,国道247号,139.63496589870968,414668603,429511774,None,False,,landslide_block,False,True
S270,segment_270,trunk_link,,,14.799055364294015,414669085,657389998,None,False,,none,True,False
S271,環状線,primary,,環状線,747.7767685182714,414669085,657390042,None,False,,none,True,False
S272,153,trunk,153,国道153号,13.484964403389244,414670489,6857314449,None,False,,crack_pothole,True,False
S273,環状線,primary,,環状線,28.595445124452255,414670489,1608112385,None,False,,none,True,False
S274,15;61,primary,15;61,名古屋多治見線,17.49673600274952,414670501,660201362,None,False,,none,True,False
S275,15;61,primary,15;61,名古屋多治見線,11.906594564633597,414671174,847801686,None,False,,none,True,False
S276,30,primary,30,関田名古屋線,1544.0202453126792,414671174,352709212,None,False,,none,True,False
S277,15;61,primary,15;61,名古屋多治見線,731.4564815466375,414671174,3118109419,None,False,,none,True,False
S278,6,primary_link,6,力石名古屋線,837.6121429568404,418097180,393846639,None,False,,none,True,False
S279,6,primary,6,力石名古屋線,526.4070688049961,418097180,393846653,None,False,,none,True,False
S280,57,primary,57,瀬戸大府東海線,64.39860881097648,418101869,7924913542,None,False,,none,True,False
S281,56,primary,56,名古屋岡崎線,11.090811190197632,418101887,3829781726,None,False,,none,True,False
S282,57,primary,57,瀬戸大府東海線,5045.723454176785,418101887,418101934,None,False,,none,True,False
S283,56,primary,56,名古屋岡崎線,1631.808561526593,418101887,513062569,None,False,,none,True,False
S284,segment_284,primary_link,,,49.23672594426481,418101934,1576885943,None,False,,none,True,False
S285,57,primary,57,瀬戸大府東海線,1024.6253866683498,418101934,418101949,None,False,,none,True,False
S286,57,primary,57,瀬戸大府東海線,100.58517453980932,418101949,1576884199,None,False,,none,True,False
S287,23,trunk_link,23,国道23号,34.86305543806589,418101949,1576884230,None,False,,none,True,False
S288,302,trunk,302,国道302号,10.970039694517855,420535991,9938621166,None,False,,none,True,False
S289,23,primary,23,東浦名古屋線,110.84889926846034,420535991,420535992,None,False,,none,True,False
S290,23,primary,"['23', '23;248']",東浦名古屋線,2204.880994468541,420535992,579681585,None,False,,none,True,False
S291,23,primary,23,東浦名古屋線,111.0847133347079,420535992,9938621166,None,False,,none,True,False
S292,23,primary,23,東浦名古屋線,181.86526101410686,429504653,579681585,None,False,,none,True,False
S293,247,trunk,247,国道247号,14.43226098055759,429511774,1941004189,None,False,,none,True,False
S294,247,trunk,247,西知多産業道路,1394.1203606557185,429511774,580743704,None,False,,none,True,False
S295,155,trunk,155,国道155号,296.35965529527743,429675053,429675062,None,False,,none,True,False
S296,155,trunk,155,国道155号,599.7706573639205,429675053,7559940231,None,False,,none,True,False
S297,155,trunk,155,国道155号,880.1324566940425,429675062,1579581284,None,False,,none,True,False
S298,155,trunk,155,国道155号,296.3596552952775,429675062,429675053,None,False,,none,True,False
S299,50,primary,50,名古屋碧南線,4260.193471373017,429675062,739248240,None,False,,none,True,False
S300,366,trunk,366,半田大府パイパス,10.933807471336117,429675089,5772983344,None,False,,none,True,False
S301,155,trunk,155,国道155号,150.04273130733918,429675089,1579581284,None,False,,crack_pothole,True,False
S302,155;363,trunk,155;363,国道155号,260.7405852764752,430058758,393281102,None,False,,none,True,False
S303,155,trunk,155,国道155号,6778.203074959042,430058758,3821486568,None,False,,none,True,False
S304,363,trunk,363,国道363号,1482.865055230424,430058758,410401893,None,False,,none,True,False
S305,22,primary,22,瀬戸環状線,242.1806542226371,430060858,3828901096,None,False,,none,True,False
S306,22,primary,22,瀬戸環状線,579.434221089206,430060858,2098074387,None,False,,none,True,False
S307,東海通,primary,,東海通,13.10718546258707,430708649,1161618005,None,False,,none,True,False
S308,環状線,primary,,環状線,1238.3231312796513,430708649,1161617586,None,False,,none,True,False
S309,東海通,primary,,東海通,12.788847694050379,430708719,1161617734,None,False,,none,True,False
S310,環状線,primary,,環状線,1373.7809229565462,430708719,430708727,None,False,,none,True,False
S311,環状線,primary,,環状線,28.187317842674624,430708727,1560036863,None,False,,none,True,False
S312,segment_312,trunk_link,,,328.70191723641545,430708727,4123056023,None,False,,crack_pothole,True,False
S313,22;208,primary,22;208,瀬戸環状線,589.9208665707818,436171391,627769410,None,False,,none,True,False
S314,363,trunk,363,国道363号,1177.862746432148,436171391,7232069022,None,False,,none,True,False
S315,363,trunk,363,国道363号,430.4423595586914,436171391,3828869436,None,False,,none,True,False
S316,6,primary_link,6,力石名古屋線,931.6108810466213,436174576,2398412627,None,False,,none,True,False
S317,6,primary,6,力石名古屋線,935.8369803757256,436174576,2398412627,None,False,,none,True,False
S318,segment_318,trunk_link,,,203.7691119292202,455965611,601856278,None,False,,none,True,False
S319,19,trunk,19,国道19号,552.6393953073285,455965611,455965624,None,False,,none,True,False
S320,segment_320,trunk_link,,,467.648572251527,455965624,558317869,None,False,,none,True,False
S321,19,trunk,19,国道19号,464.11771706356876,455965624,558317869,None,False,,none,True,False
S322,19,trunk,19,国道19号,293.3212579438208,455966419,559375605,None,False,,none,True,False
S323,segment_323,motorway_link,,,536.9679434738657,455966419,919595272,None,False,,none,True,False
S324,58,primary,58,名古屋豊田線,8.684904274717525,459391672,3829500071,None,False,,none,True,False
S325,58,primary,"['58', '58;219']",名古屋豊田線,2529.846825151892,459391672,4532945180,None,False,,none,True,False
S326,57,primary,57,瀬戸大府東海線,5006.306952276651,459391672,393847941,None,False,,none,True,False
S327,153,trunk_link,153,国道153号,86.15135970510917,460277644,2497024014,None,False,,none,True,False
S328,153,trunk,153,国道153号,936.031394867284,460277644,460277908,None,False,,none,True,False
S329,153,trunk,153,国道153号,669.6508064672289,460277908,3829732488,None,False,,none,True,False
S330,153,trunk,153,国道153号,813.8653902348577,460283166,2497024016,None,False,,none,True,False
S331,153,trunk_link,153,国道153号,434.75717582387387,460283166,2497023891,None,False,,none,True,False
S332,153,trunk,153,国道153号,1994.56574410469,460288542,537868236,None,False,,none,True,False
S333,302,trunk,302,国道302号,1151.2308259873816,460375015,12482896916,None,False,,none,True,False
S334,58,primary,58,名古屋豊田線,10.848749906504791,460378226,4511924316,None,False,,none,True,False
S335,153,trunk,153,国道153号,598.1871796723049,460378226,4478964234,None,False,,none,True,False
S336,302,trunk,302,国道302号,35.580596474606025,461562063,9367044850,None,False,,none,True,False
S337,segment_337,motorway_link,,,78.54798207340093,461562063,1710250018,None,False,,none,True,False
S338,segment_338,motorway_link,,,605.7935962959008,461563738,5106756349,None,False,,none,True,False
S339,C2,motorway,C2,名古屋第二環状自動車道,2019.2331144585103,461563738,632461566,None,False,,none,True,False
S340,C2,motorway,C2,名古屋第二環状自動車道,812.0821287681706,461566786,632461433,None,False,,crack_pothole,True,False
S341,segment_341,motorway_link,,,206.10976386383675,461566786,7983102373,None,False,,crack_pothole,True,False
S342,segment_342,motorway_link,,,187.9804156773191,461566847,461566849,None,False,,none,True,False
S343,16,motorway,16,名古屋高速16号一宮線,1169.820330398938,461566849,461567591,None,False,,none,True,False
S344,16,motorway,16,名古屋高速16号一宮線,1179.809032591043,461567591,461567596,None,False,,none,True,False
S345,16,motorway,16,名古屋高速16号一宮線,1854.4309233303848,461567596,8266154217,None,False,,none,True,False
S346,segment_346,motorway_link,,,559.1701232515545,461567596,8266154169,None,False,,none,True,False
S347,22,trunk,22,名岐バイパス,2112.974328367684,461570451,1268353660,None,False,,none,True,False
S348,22,trunk,22,名岐バイパス,567.8810078392238,463104763,463116152,None,False,,none,True,False
S349,22,trunk,22,名岐バイパス,254.85504345430468,463116152,638312841,None,False,,none,True,False
S350,segment_350,motorway_link,,,423.79495707913253,463116152,463118582,None,False,,none,True,False
S351,segment_351,motorway_link,,,101.0470135997663,463118582,614483143,None,False,,none,True,False
S352,363,trunk,363,国道363号,1331.7236132692863,469250866,3828869436,None,False,,none,True,False
S353,75,primary,75,春日井長久手線,1214.8519673760175,469250866,624183930,None,False,,none,True,False
S354,363,trunk,363,瀬港線,106.9046218200532,469250866,623987355,None,False,,none,True,False
S355,segment_355,trunk_link,,,443.6399190029656,471792884,471792891,None,False,,none,True,False
S356,23,trunk,23,知立バイパス,1728.52334825551,471792884,4725825552,None,False,,none,True,False
S357,東海通,primary,,東海通,13.343027071177781,475473677,628595822,None,False,,none,True,False
S358,154,trunk,154,国道154号,1580.7359510742158,475473677,1608311705,None,False,,none,True,False
S359,50,primary,50,名古屋碧南線,946.4979792243437,479734906,810102765,None,False,,none,True,False
S360,23,primary,23,東浦名古屋線,2028.5160626044712,479734906,366084785,None,False,,none,True,False
S361,50,primary,50,名古屋碧南線,3046.808976172742,479734906,1940995627,None,False,,none,True,False
S362,19,trunk,19,国道19号,572.5242882650829,494983461,519636997,None,False,,none,True,False
S363,25,primary,25,春日井一宮線,20.222587312029173,495024500,11195410407,None,False,,none,True,False
S364,25,primary,25,春日井一宮線,1595.4765381494433,495024500,534671475,None,False,,none,True,False
S365,30,primary,30,関田名古屋線,20.189979966683715,495024500,969659045,None,False,,none,True,False
S366,山王通,primary,,山王通,22.49038108266625,495060679,518260146,None,False,,none,True,False
S367,江川線,primary,,"['江川線', '南北橋']",1789.4981729817146,495060679,601302967,None,False,,none,True,False
S368,59,primary,59,名古屋中環状線,431.87608810533413,503860730,503860747,None,False,,none,True,False
S369,59;208,primary,"['59;208', '59']",名古屋中環状線,1874.7983758572034,503860730,566639947,None,False,,none,True,False
S370,59,primary,59,名古屋中環状線,10.32084014206807,503860751,1637367634,None,False,,none,True,False
S371,363,trunk,363,国道363号,1139.0485597544055,503860751,566639727,None,False,,none,True,False
S372,segment_372,motorway_link,,,149.19314217985908,503864128,1696308664,None,False,,none,True,False
S373,segment_373,motorway_link,,,254.93303494261332,503864128,504798460,None,False,,none,True,False
S374,segment_374,motorway_link,,,341.80341297959393,503864137,602418485,None,False,,none,True,False
S375,segment_375,motorway_link,,,121.1354275051023,503864137,503864128,None,False,,none,True,False
S376,segment_376,motorway_link,,,557.1483109273854,503864156,602418472,None,False,,none,True,False
S377,segment_377,motorway_link,,,390.02003318076186,503864156,1720731965,None,False,,none,True,False
S378,E1,motorway,E1,東名高速道路,962.743659573636,503864161,4632016589,None,False,,none,True,False
S379,segment_379,motorway_link,,,440.36822164693524,503864161,503864156,None,False,,none,True,False
S380,E1,motorway,E1,東名高速道路,1702.1493340537459,503864202,503864161,None,False,,none,True,False
S381,segment_381,motorway_link,,,1526.3555175846204,503864229,1150439373,None,False,,none,True,False
S382,E1,motorway,E1,東名高速道路,1825.1656094463056,503864229,503864202,None,False,,none,True,False
S383,E1,motorway,E1,東名高速道路,3065.3855867138755,503864276,503864229,None,False,,none,True,False
S384,segment_384,motorway_link,,,231.55882161433857,503864283,920346775,None,False,,none,True,False
S385,E1,motorway,E1,東名高速道路,544.0535935344767,503864283,503864276,None,False,,none,True,False
S386,E1,motorway,E1,東名高速道路,1582.2849552481036,503864307,503864283,None,False,,none,True,False
S387,segment_387,motorway_link,,,845.0456522605684,503864473,792278872,None,False,,none,True,False
S388,segment_388,motorway_link,,,367.1618720536624,503864473,503864307,None,False,,none,True,False
S389,60,primary,60,東山通,129.25925362854835,504798460,602418453,None,False,,crack_pothole,True,False
S390,50,primary,50,名古屋碧南線,5.626857483396345,505080001,1940995627,None,False,,none,True,False
S391,50,primary,50,名古屋碧南線,232.9436743814295,505080001,505080004,None,False,,none,True,False
S392,50,primary,50,名古屋碧南線,61.90279703934147,505080004,739248240,None,False,,none,True,False
S393,segment_393,trunk_link,,,26.722368950736943,505080004,1150962571,None,False,,none,True,False
S394,50,primary,50,名古屋碧南線,232.9436743814295,505080004,505080001,None,False,,landslide_block,False,True
S395,302,trunk,302,国道302号,2219.1388409192823,505084427,1671539610,None,False,,none,True,False
S396,302,trunk,302,国道302号,550.7295307366702,505084428,2497023936,None,False,,none,True,False
S397,36;220,primary,36;220,諸輪名古屋線,9.051476227571449,505093442,2496948213,None,False,,none,True,False
S398,56,primary,56,"['名古屋岡崎線バイパス', '名古屋岡崎線']",1971.5322718005177,505093442,5320232633,None,False,,none,True,False
S399,59,primary,59,名古屋中環状線,8.456835638315672,505157032,1637367630,None,False,,none,True,False
S400,59,primary,59,名古屋中環状線,1249.3585804907868,505157032,505157116,None,False,,none,True,False
S401,363,trunk,363,国道363号,173.29957632790772,505157032,503860751,None,False,,none,True,False
S402,6,primary,6,"['図書館通り', '力石名古屋線', 'はなみずき通り']",2556.4495058680022,505157116,800029015,None,False,,none,True,False
S403,59,primary,59,名古屋中環状線,1249.3585804907866,505157116,505157032,None,False,,none,True,False
S404,6,primary,6,力石名古屋線,1041.2254113243744,505157116,1706053078,None,False,,crack_pothole,True,False
S405,59,primary,59,名古屋中環状線,817.0747667842413,505157116,602403694,None,False,,none,True,False
S406,59,primary,59,名古屋中環状線,19.34730961349716,505161679,1899522325,None,False,,none,True,False
S407,59,primary,59,名古屋中環状線,2897.969033898,505161679,602418453,None,False,,none,True,False
S408,56,primary,56,名古屋岡崎線,3981.7306426852365,513062569,3829793781,None,False,,none,True,False
S409,56,primary,56,名古屋岡崎線,1631.8085615265936,513062569,418101887,None,False,,none,True,False
S410,54,primary,54,豊田知立線,3012.8035053013136,513062569,1730568154,None,False,,none,True,False
S411,54,primary,54,豊田知立線,51.19360662769975,513062569,1723802811,None,False,,none,True,False
S412,54,primary,54,豊田知立線,789.0923505237707,513065201,367857549,None,False,,none,True,False
S413,54,primary,54,"['豊田知立線バイパス', '豊田知立線']",1553.255826016839,513065201,3829812357,None,False,,none,True,False
S414,江川線,primary,,江川線,18.465918779107753,518260146,599869023,None,False,,landslide_block,False,True
S415,山王通,primary,,"['山王通', '山王橋']",547.065302364861,518260146,599869038,None,False,,crack_pothole,True,False
S416,25;75,primary,25;75,春日井一宮線,16.045017566220533,518868940,551818835,None,False,,none,True,False
S417,25,primary,"['25', '25;451']",春日井一宮線,2969.7590773595184,518868940,539438564,None,False,,none,True,False
S418,19,trunk,19,国道19号,2399.0317378180553,518868940,538954706,None,False,,none,True,False
S419,27,primary,"['27', '27;102']",春日井各務原線,4137.6898304958695,518868952,539438564,None,False,,none,True,False
S420,62,primary,62,春日井稲沢線,1669.871569219923,518868952,1034954967,None,False,,none,True,False
S421,62,primary,62,春日井稲沢線,1798.8281662232082,518868952,519636997,None,False,,landslide_block,False,True
S422,15;61,primary,15;61,環状線,18.20024264747241,519550714,1127485555,None,False,,landslide_block,False,True
S423,15,primary,"['15', '15;61']",名古屋多治見線,272.98896969878194,519550714,539344363,None,False,,none,True,False
S424,15;61,primary,15;61,名古屋多治見線,21.343245106540326,519550718,660967119,None,False,,none,True,False
S425,15;61,primary,15;61,名古屋多治見線,683.410663833001,519550718,519550714,None,False,,none,True,False
S426,62,primary,62,春日井稲沢線,16.955579965973126,519636997,551889783,None,False,,none,True,False
S427,62,primary,62,春日井稲沢線,1798.828166223208,519636997,518868952,None,False,,none,True,False
S428,19,trunk,19,国道19号,2545.068362249721,519636997,518868940,None,False,,none,True,False
S429,segment_429,motorway_link,,,508.91666758628594,519658789,1148955513,None,False,,none,True,False
S430,302,trunk,302,国道302号,2457.2376133374555,519658789,519658806,None,False,,none,True,False
S431,302,trunk,302,国道302号,179.08149016591256,519658806,632461573,None,False,,none,True,False
S432,59,primary,59,名古屋中環状線,26.501757116299302,519658807,632461573,None,False,,none,True,False
S433,302,trunk,302,国道302号,78.41196697622918,519658807,632461577,None,False,,none,True,False
S434,59;162,primary,"['59;162', '59']",名古屋中環状線,810.903102293102,519658807,563634343,None,False,,none,True,False
S435,302,trunk,302,国道302号,64.01129706262145,519658812,519658813,None,False,,none,True,False
S436,segment_436,trunk_link,,,65.41948791081538,519658812,8386686712,None,False,,none,True,False
S437,segment_437,trunk_link,,,26.350845404735733,519658813,8386686698,None,False,,none,True,False
S438,302,trunk,302,国道302号,13.786784939616782,519658813,8386686730,None,False,,none,True,False
S439,41,trunk,41,国道41号,367.3226687143579,520108883,606300737,None,False,,none,True,False
S440,41,trunk,41,国道41号,80.31758805694747,520108891,527045780,None,False,,none,True,False
S441,segment_441,trunk_link,,,232.61817446191657,520108891,567071055,None,False,,none,True,False
S442,41,trunk,41,国道41号,1880.6662704602932,520108966,552596349,None,False,,none,True,False
S443,41,trunk,41,国道41号,313.5270883644505,520109025,1146658903,None,False,,none,True,False
S444,segment_444,trunk_link,,,14.370511643277814,527045780,8363974771,None,False,,none,True,False
S445,41,trunk,41,国道41号,49.37916005376055,527045780,635868127,None,False,,crack_pothole,True,False
S446,segment_446,trunk_link,,,233.4425656033286,527045783,527045780,None,False,,none,True,False
S447,302,trunk,302,国道302号,474.7545593532707,527045783,8363974730,None,False,,none,True,False
S448,75,primary,75,春日井長久手線,1708.5544235078721,534671475,559456057,None,False,,none,True,False
S449,25,primary,25,春日井一宮線,1595.4765381494435,534671475,495024500,None,False,,none,True,False
S450,25;75,primary,25;75,春日井一宮線,742.3888857585093,534671475,551818835,None,False,,none,True,False
S451,302,trunk,302,国道302号,237.52955792901776,535300641,10963558705,None,False,,crack_pothole,True,False
S452,302,trunk,302,国道302号,351.66413090688854,536505191,10963558710,None,False,,none,True,False
S453,36,primary,36,諸輪名古屋線,9.506251024966627,537634548,1941013356,None,False,,none,True,False
S454,59,primary,59,名古屋中環状線,645.3303215851735,537634548,11428506456,None,False,,crack_pothole,True,False
S455,58,primary,58,飯田街道,17.850738600972267,537868236,603380096,None,False,,none,True,False
S456,153,trunk,153,国道153号,447.6422717306732,537868236,4393799486,None,False,,none,True,False
S457,58,primary,58,飯田街道,9.40214618703651,537868265,2104186802,None,False,,none,True,False
S458,56;221,primary,"['56;221', '56']",名古屋岡崎線,922.4390513470137,537868265,1149064871,None,False,,none,True,False
S459,58,primary,58,飯田街道,939.3043853121774,537868265,1149064889,None,False,,none,True,False
S460,153,trunk,153,飯田街道,25.09781099336654,537875220,671420336,None,False,,none,True,False
S461,451,trunk,451,名古屋外環状線,14.133277657329385,538954706,552642710,None,False,,none,True,False
S462,19,trunk,19,国道19号,530.5992636060905,538954706,552642718,None,False,,none,True,False
S463,15;61,primary,15;61,名古屋多治見線,15.488622097497789,538967965,1127485216,None,False,,none,True,False
S464,19,trunk,19,国道19号,14.457325545260169,538967965,7419474492,None,False,,none,True,False
S465,19,trunk,19,国道19号,36.86317723195472,539344363,10604108535,None,False,,none,True,False
S466,27,primary,"['27', '27;102']",春日井各務原線,4137.689830495871,539438564,518868952,None,False,,none,True,False
S467,25;27;451,primary,25;27;451,春日井一宮線,692.8910400099464,539438564,1070961025,None,False,,none,True,False
S468,25,primary,"['25', '25;451']",春日井一宮線,2969.759077359517,539438564,518868940,None,False,,none,True,False
S469,大須通,primary,,大須通,222.05809237558088,540108636,1837212951,None,False,,crack_pothole,True,False
S470,東海通,primary,,東海通,12.596241217933674,540118563,581434196,None,False,,none,True,False
S471,環状線,primary,,環状線,3767.4840214932465,540118563,286404239,None,False,,none,True,False
S472,41,trunk,41,国道41号,11.01993571295557,540764295,660967091,None,False,,none,True,False
S473,環状線,primary,,環状線,1955.7890817414682,540764295,660969270,None,False,,none,True,False
S474,41,trunk,41,"['国道41号', '空港線']",2552.60401073388,540764297,552034095,None,False,,none,True,False
S475,環状線,primary,,環状線,17.018089271981236,540764297,540764295,None,False,,none,True,False
S476,155,trunk,155,国道155号,3320.10790052717,551480629,2522768266,None,False,,none,True,False
S477,155,trunk,155,国道155号,718.4220427238458,551480629,551480782,None,False,,none,True,False
S478,155,trunk,155,国道155号,25.300001131473273,551480782,552601574,None,False,,none,True,False
S479,41,trunk,41,国道41号,627.9153274928875,551480782,630741954,None,False,,none,True,False
S480,25,primary,25,春日井一宮線,24.11439984543351,551481525,552600098,None,False,,none,True,False
S481,25,primary,25,春日井一宮線,2853.320622418585,551481525,556195167,None,False,,none,True,False
S482,41,trunk,41,国道41号,1033.5508553274194,551481525,4355072102,None,False,,none,True,False
S483,25;75,primary,25;75,春日井一宮線,16.045017566220533,551818835,518868940,None,False,,none,True,False
S484,19,trunk,19,国道19号,2543.6557811993334,551818835,551889783,None,False,,landslide_block,False,True
S485,25;75,primary,25;75,春日井一宮線,742.3888857585093,551818835,534671475,None,False,,none,True,False
S486,segment_486,trunk_link,,,280.6930670983949,551889737,8386686702,None,False,,none,True,False
S487,19,trunk,19,国道19号,655.1278691360076,551889737,1125908121,None,False,,none,True,False
S488,62,primary,62,春日井稲沢線,16.955579965973126,551889783,519636997,None,False,,none,True,False
S489,19,trunk,19,国道19号,563.3728880219229,551889783,551889737,None,False,,crack_pothole,True,False
S490,59;202,primary,59;202,名古屋中環状線,14.05447047378516,551923695,352709104,None,False,,none,True,False
S491,59;202,primary,59;202,名古屋中環状線,1405.7056898163796,551923695,352709212,None,False,,none,True,False
S492,19,trunk,19,国道19号,2317.6270117396707,551923695,660967115,None,False,,none,True,False
S493,環状線,primary,,環状線,16.349244309310382,551953555,352708953,None,False,,none,True,False
S494,19,trunk,19,国道19号,230.82112545783295,551953555,1127485216,None,False,,none,True,False
S495,空港線,primary,,空港線,12.361971539973597,552034080,601303024,None,False,,none,True,False
S496,60,primary,60,広小路通,414.61948962777467,552034080,563684919,None,False,,none,True,False
S497,41,trunk,41,空港線,17.71132046587935,552034085,552034088,None,False,,none,True,False
S498,19,trunk,19,桜通,1554.626666927341,552034085,552070373,None,False,,none,True,False
S499,19,trunk,19,桜通,28.01116705437589,552034088,552034095,None,False,,none,True,False
S500,41,trunk,41,空港線,522.1172986059719,552034088,3820629487,None,False,,crack_pothole,True,False
S501,19,trunk,19,桜通,27.934517725199374,552034094,552034085,None,False,,none,True,False
S502,空港線,primary,,空港線,314.824353936858,552034094,7735776730,None,False,,none,True,False
S503,41,trunk,41,空港線,17.963900944143873,552034095,552034094,None,False,,none,True,False
S504,19,trunk,19,桜通,450.22467100757325,552034095,552034102,None,False,,none,True,False
S505,153,trunk,153,国道153号,20.3526204395087,552034099,552034102,None,False,,none,True,False
S506,19,trunk,19,桜通,446.4123046243736,552034099,552034094,None,False,,none,True,False
S507,19,trunk,19,国道19号,18.521685024883695,552034101,552034099,None,False,,crack_pothole,True,False
S508,153,trunk,153,国道153号,486.0071939981835,552034101,563684927,None,False,,crack_pothole,True,False
S509,19,trunk,19,桜通,18.94362240251748,552034102,378736083,None,False,,none,True,False
S510,19,trunk,19,国道19号,842.583657246028,552034102,661025884,None,False,,none,True,False
S511,19,trunk,19,桜通,19.165474373626527,552070373,552171295,None,False,,none,True,False
S512,19;22,trunk,19;22,伏見通,517.5928342288987,552070373,286748238,None,False,,none,True,False
S513,60,primary,60,広小路通,18.885782359234774,552171291,286748238,None,False,,none,True,False
S514,19;22,trunk,19;22,伏見通,517.162751025864,552171291,552171295,None,False,,crack_pothole,True,False
S515,19;22,trunk,19;22,伏見通,17.987773763264702,552171295,552171297,None,False,,none,True,False
S516,68,primary,68,"['桜通', '桜橋']",630.3565346428472,552171295,7056256170,None,False,,none,True,False
S517,68,primary_link,68,桜通,630.3156634673995,552171295,7056256170,None,False,,none,True,False
S518,19,trunk,19,桜通,20.038162659763692,552171297,352695096,None,False,,landslide_block,False,True
S519,22,trunk,22,伏見通,290.50179133981646,552171297,1969897490,None,False,,none,True,False
S520,41,trunk,41,国道41号,8.95947879123541,552596349,1034955629,None,False,,none,True,False
S521,62,primary,62,春日井稲沢線,862.8713222062233,552596349,1034954967,None,False,,none,True,False
S522,62,primary,62,春日井稲沢線,27.015222622158223,552596350,552596349,None,False,,none,True,False
S523,41,trunk,41,国道41号,1402.7277120612582,552596350,7736100945,None,False,,none,True,False
S524,25,primary,25,春日井一宮線,24.11439984543351,552600098,551481525,None,False,,none,True,False
S525,41,trunk,41,国道41号,1953.0244913286224,552600098,520108966,None,False,,none,True,False
S526,25,primary,25,春日井一宮線,740.0385949213525,552600098,1125958216,None,False,,none,True,False
S527,41,trunk,41,国道41号,8.220958898144634,552601574,7085416863,None,False,,none,True,False
S528,155,trunk,155,国道155号,2351.2237956787003,552601574,7085383632,None,False,,none,True,False
S529,155;27,trunk,155;27,国道155号,672.5691678399805,552601588,619062478,None,False,,none,True,False
S530,155,trunk,155,国道155号,2178.3058185785385,552601588,7085383632,None,False,,none,True,False
S531,27,primary,27,春日井各務原線,1421.2508456640087,552601588,1072275272,None,False,,none,True,False
S532,451,trunk,451,名古屋外環状線,14.133277657329385,552642710,538954706,None,False,,none,True,False
S533,19,trunk,19,国道19号,2403.3857229892437,552642710,551818835,None,False,,none,True,False
S534,19,trunk,19,国道19号,348.8645511697592,552642718,559375709,None,False,,landslide_block,False,True
S535,segment_535,motorway_link,,,241.3593812421052,552642718,919595272,None,False,,none,True,False
S536,155,trunk,155,国道155号,18.279464995580742,552642743,672762467,None,False,,none,True,False
S537,19,trunk,19,国道19号,183.49240490189266,552642743,455966419,None,False,,none,True,False
S538,155,trunk,155,国道155号,976.7086867940158,552642743,722117347,None,False,,none,True,False
S539,63,primary,63,名古屋江南線,12.07282441987618,552686261,1168302227,None,False,,none,True,False
S540,62,primary,62,春日井稲沢線,3736.7614746418526,552686261,552596350,None,False,,none,True,False
S541,19;22,trunk,19;22,伏見通,8.573724413101589,552792257,3159063321,None,False,,none,True,False
S542,29,primary,29,八熊通,521.9980556746603,552792257,601475760,None,False,,none,True,False
S543,25,primary,25,春日井一宮線,2853.320622418585,556195167,551481525,None,False,,none,True,False
S544,25;166,primary,25;166,春日井一宮線,1029.8162381653842,556195296,556195313,None,False,,none,True,False
S545,25,primary,25,春日井一宮線,566.9384115639914,556195296,556195167,None,False,,none,True,False
S546,25;166,primary,25;166,春日井一宮線,10.716017654470157,556195313,2418526565,None,False,,none,True,False
S547,25;166,primary,25;166,春日井一宮線,1029.816238165384,556195313,556195296,None,False,,none,True,False
S548,63;166;25,primary,63;166;25,名古屋江南線,149.21923505820408,556195313,623045537,None,False,,none,True,False
S549,22,trunk,22,国道22号,17.0117187047069,556602736,556602760,None,False,,none,True,False
S550,江川線,primary,,江川線,528.0353890501175,556602736,3820573594,None,False,,none,True,False
S551,江川線,primary,,江川線,20.701997231213873,556602760,619262594,None,False,,none,True,False
S552,22,trunk,22,国道22号,1406.7254084482452,556602760,392637103,None,False,,none,True,False
S553,19,trunk,19,国道19号,308.8973341982419,558317869,617499884,None,False,,none,True,False
S554,19,trunk,19,国道19号,151.32218664522654,558325183,672762480,None,False,,none,True,False
S555,19,trunk,19,国道19号,483.4994997928385,559375605,552642710,None,False,,none,True,False
S556,segment_556,motorway_link,,,689.2664456929359,559375608,652581061,None,False,,none,True,False
S557,E1,motorway,E1,東名高速道路,442.1486107651554,559375608,4632120398,None,False,,none,True,False
S558,19,trunk,19,国道19号,70.77474826182535,559375709,672762467,None,False,,none,True,False
S559,E1,motorway,E1,東名高速道路,600.8561788605181,559375721,4632112759,None,False,,none,True,False
S560,segment_560,motorway_link,,,479.06692307426727,559375721,652581061,None,False,,none,True,False
S561,155,trunk_link,155,国道155号,11.601624411210661,559380664,5382601611,None,False,,none,True,False
S562,155,trunk,155,国道155号,423.6204739692805,559380664,1137610221,None,False,,none,True,False
S563,15,primary,15,名古屋多治見線,824.6600337640436,559391495,559391557,None,False,,none,True,False
S564,61,primary,61,名古屋瀬戸線,1482.7471762890068,559391495,566639932,None,False,,none,True,False
S565,15;61,primary,15;61,名古屋多治見線,1759.8128237942094,559391495,847801686,None,False,,none,True,False
S566,15,primary,15,名古屋多治見線,824.6600337640434,559391557,559391495,None,False,,none,True,False
S567,59,primary,59,名古屋中環状線,816.0992870000874,559391557,1875861678,None,False,,none,True,False
S568,15,primary,15,名古屋多治見線,555.956056641179,559391557,3820678274,None,False,,none,True,False
S569,59;202,primary,"['59;202', '59']",名古屋中環状線,1429.7643583348136,559391557,847801735,None,False,,none,True,False
S570,155,trunk,155,国道155号,1245.3689805229744,559421334,2522768269,None,False,,none,True,False
S571,75,primary,75,春日井長久手線,2875.880090078254,559456057,3121541317,None,False,,none,True,False
S572,75,primary,75,春日井長久手線,1708.5544235078728,559456057,534671475,None,False,,none,True,False
S573,30,primary,30,関田名古屋線,2417.549847985692,559456057,969659045,None,False,,none,True,False
S574,68,primary,68,太閤通,13.624619616772213,559504951,1160571389,None,False,,crack_pothole,True,False
S575,環状線,primary,,環状線,2285.267281449051,559504951,392637102,None,False,,none,True,False
S576,空港線,primary,,空港線,8.490117660335082,563071865,3159063328,None,False,,none,True,False
S577,29,primary,29,八熊通,1717.3380292864883,563071865,287041663,None,False,,none,True,False
S578,59;162,primary,59;162,名古屋中環状線,14.683145518177014,563634343,563634344,None,False,,none,True,False
S579,59;162,primary,"['59;162', '59']",名古屋中環状線,810.903102293102,563634343,519658807,None,False,,none,True,False
S580,19,trunk,19,国道19号,275.99877367384954,563634343,1125908068,None,False,,none,True,False
S581,59;162,primary,59;162,名古屋中環状線,14.683145518177014,563634344,563634343,None,False,,none,True,False
S582,19,trunk,19,国道19号,1180.8802729110816,563634344,551923695,None,False,,none,True,False
S583,153,trunk,153,飯田街道,71.57234378466327,563684798,563684823,None,False,,none,True,False
S584,153,trunk,153,飯田街道,1615.0094478735873,563684798,563684976,None,False,,none,True,False
S585,153,trunk,153,国道153号,33.719094793169205,563684798,563685525,None,False,,none,True,False
S586,153,trunk,153,飯田街道,71.57234378466327,563684823,563684798,None,False,,none,True,False
S587,153,trunk,153,国道153号,63.30193438906563,563684828,563684823,None,False,,crack_pothole,True,False
S588,60,primary,60,広小路通,20.50782461782592,563684919,563684927,None,False,,none,True,False
S589,153,trunk,153,国道153号,486.7266687333174,563684919,552034099,None,False,,landslide_block,False,True
S590,153,trunk,153,国道153号,11.689076898547986,563684927,601303034,None,False,,none,True,False
S591,60,primary,60,広小路通,1612.3719182239881,563684927,601348929,None,False,,none,True,False
S592,153,trunk,153,飯田街道,19.32037394791407,563684976,563684988,None,False,,none,True,False
S593,153,trunk,153,飯田街道,1615.0094478735873,563684976,563684798,None,False,,none,True,False
S594,153,trunk,153,飯田街道,19.32037394791407,563684988,563684976,None,False,,landslide_block,False,True
S595,153,trunk,153,国道153号,70.4928031234968,563684988,601303031,None,False,,none,True,False
S596,153,trunk,153,国道153号,181.9766487344119,563685525,414670489,None,False,,none,True,False
S597,segment_597,trunk_link,,,179.29292250479912,563685525,1608112385,None,False,,none,True,False
S598,環状線,primary,,環状線,17.405963517704553,563685544,414670489,None,False,,none,True,False
S599,153,trunk,153,国道153号,152.72421822615314,563685544,563684828,None,False,,none,True,False
S600,山王通,primary,,山王通,10.441093010894667,563817254,1608088382,None,False,,none,True,False
S601,30,primary,30,関田名古屋線,853.7912562151828,563817254,3159063323,None,False,,none,True,False
S602,segment_602,motorway_link,,,662.1294261459262,564535926,1033429194,None,False,,crack_pothole,True,False
S603,segment_603,motorway_link,,,1222.5895778049173,564535926,1091581663,None,False,,none,True,False
S604,segment_604,motorway_link,,,309.4904895437322,566552683,637693507,None,False,,none,True,False
S605,segment_605,motorway_link,,,399.4292242961769,566552683,566552693,None,False,,none,True,False
S606,segment_606,motorway_link,,,458.97909750603475,566552693,385139963,None,False,,none,True,False
S607,C2,motorway,C2,名古屋第二環状自動車道,2167.253759632936,566564901,6419884932,None,False,,none,True,False
S608,segment_608,motorway_link,,,605.3922629477931,566565242,1488725052,None,False,,none,True,False
S609,segment_609,motorway_link,,,313.9242385648578,566565242,2434852669,None,False,,none,True,False
S610,302,trunk,302,国道302号,12.320040424521407,566639724,1690470462,None,False,,crack_pothole,True,False
S611,363,trunk,363,国道363号,21.811449424519683,566639727,566639724,None,False,,none,True,False
S612,302,trunk,302,国道302号,98.47252433430077,566639727,1687394101,None,False,,none,True,False
S613,302,trunk,302,国道302号,93.67965591439506,566639741,1148955420,None,False,,none,True,False
S614,302,trunk,302,"['庄内川大橋', '国道302号']",1080.1832947338653,566639741,1875863157,None,False,,crack_pothole,True,False
S615,30,primary,30,関田名古屋線,888.7144190203288,566639741,352709264,None,False,,none,True,False
S616,30,primary,30,関田名古屋線,1392.098280793867,566639741,495024500,None,False,,none,True,False
S617,59,primary,59,名古屋中環状線,20.235429599906155,566639922,566646428,None,False,,none,True,False
S618,302,trunk,302,国道302号,50.132885887855856,566639922,1875861784,None,False,,none,True,False
S619,59,primary,59,名古屋中環状線,46.14956162247291,566639922,1875861678,None,False,,none,True,False
S620,61,primary,61,名古屋瀬戸線,22.77038477386727,566639932,566639935,None,False,,none,True,False
S621,61,primary,61,名古屋瀬戸線,1482.7471762890068,566639932,559391495,None,False,,none,True,False
S622,302,trunk,302,国道302号,632.0081066749999,566639932,566639922,None,False,,none,True,False
S623,61,primary,61,名古屋瀬戸線,22.77038477386727,566639935,566639932,None,False,,crack_pothole,True,False
S624,302,trunk,302,国道302号,377.31119642940484,566639935,1875858473,None,False,,none,True,False
S625,61,primary,61,名古屋瀬戸線,463.217759296385,566639935,566639947,None,False,,none,True,False
S626,61,primary,61,名古屋瀬戸線,5267.493564642513,566639947,624183930,None,False,,none,True,False
S627,61,primary,61,名古屋瀬戸線,463.2177592963851,566639947,566639935,None,False,,none,True,False
S628,59;208,primary,"['59;208', '59']",名古屋中環状線,1874.7983758572032,566639947,503860730,None,False,,none,True,False
S629,59,primary,59,名古屋中環状線,1038.5998853179256,566639947,1143948726,None,False,,none,True,False
S630,59,primary,59,名古屋中環状線,20.235429599906155,566646428,566639922,None,False,,none,True,False
S631,302,trunk,302,国道302号,59.39330967339835,566646428,1875861708,None,False,,none,True,False
S632,59,primary,59,名古屋中環状線,75.21260870991556,566646428,1143948726,None,False,,landslide_block,False,True
S633,segment_633,trunk_link,,,16.28869797703195,567071034,8363974767,None,False,,crack_pothole,True,False
S634,41,trunk,41,国道41号,512.5468937068142,567071034,926697438,None,False,,none,True,False
S635,302,trunk,302,国道302号,247.72739661561508,567071055,519658789,None,False,,none,True,False
S636,302,trunk,302,国道302号,23.671022049756345,567071063,8386686676,None,False,,none,True,False
S637,segment_637,trunk_link,,,8.633987149576743,567071063,8386686712,None,False,,none,True,False
S638,segment_638,trunk_link,,,9.730556592228641,567071063,8568687750,None,False,,none,True,False
S639,302,trunk,302,国道302号,10.229643884243261,567444137,8386686714,None,False,,none,True,False
S640,segment_640,trunk_link,,,13.434413186915775,567444137,8386686717,None,False,,none,True,False
S641,segment_641,trunk_link,,,19.129256707747913,567444137,8568649902,None,False,,none,True,False
S642,302,trunk,302,国道302号,29.259555742881677,567444138,8386686673,None,False,,none,True,False
S643,segment_643,trunk_link,,,21.884989853027395,567444138,567444137,None,False,,none,True,False
S644,302,trunk,302,国道302号,357.85245437514675,577030813,11104135687,None,False,,none,True,False
S645,302,trunk,302,国道302号,48.95527429530252,579680807,7128472641,None,False,,none,True,False
S646,segment_646,trunk_link,,,297.2485537272237,579680807,7128472645,None,False,,landslide_block,False,True
S647,23,primary,23,東浦名古屋線,3450.5494198427755,579681585,367432381,None,False,,crack_pothole,True,False
S648,23,primary,23,東浦名古屋線,181.86526101410686,579681585,429504653,None,False,,none,True,False
S649,23,primary,"['23', '23;248']",東浦名古屋線,2204.880994468541,579681585,420535992,None,False,,landslide_block,False,True
S650,247,trunk,247,西知多産業道路,58.22247935055972,580743704,1581290752,None,False,,none,True,False
S651,55,primary,55,名古屋半田線,14.402093093503344,580743704,7083752489,None,False,,none,True,False
S652,55,primary,55,名古屋半田線,175.11250192855206,580743718,4355196786,None,False,,none,True,False
S653,segment_653,primary_link,,,37.28581542157927,580743758,3330381969,None,False,,none,True,False
S654,55,primary,55,名古屋半田線,1925.4528741092709,580743758,7083727784,None,False,,none,True,False
S655,58,primary,58,飯田街道,25.04907417339524,581433941,3829769910,None,False,,none,True,False
S656,56,primary,56,名古屋岡崎線,1557.40932953239,581433941,3826537478,None,False,,none,True,False
S657,302,trunk,302,国道302号,7.552799518153846,581434005,633416388,None,False,,none,True,False
S658,56;221,primary,56;221,名古屋岡崎線,251.2241074801736,581434005,7162585379,None,False,,none,True,False
S659,153,trunk,153,国道153号,8.9367732277087,581434070,3829732489,None,False,,none,True,False
S660,59,primary,59,名古屋中環状線,1073.8620276037002,581434070,4576731312,None,False,,none,True,False
S661,59,primary,59,名古屋中環状線,8.966478400619811,581434139,2496928899,None,False,,none,True,False
S662,東海通,primary,,東海通,3467.5512874149604,581434139,1849527364,None,False,,none,True,False
S663,環状線,primary,,環状線,9.030337074446052,581434196,2496928922,None,False,,none,True,False
S664,東海通,primary,,東海通,1841.793483435758,581434196,2496928885,None,False,,none,True,False
S665,302,trunk,302,国道302号,9.212963726170859,581796962,3829525805,None,False,,none,True,False
S666,36,primary,36,諸輪名古屋線,2436.4583699093996,581796962,537634548,None,False,,none,True,False
S667,302,trunk,302,国道302号,510.0054877780931,587659067,12852134875,None,False,,none,True,False
S668,302,trunk,302,国道302号,194.39433593530035,599270270,792498178,None,False,,none,True,False
S669,C2,motorway,C2,名古屋第二環状自動車道,251.54852751512655,599270274,289333870,None,False,,none,True,False
S670,segment_670,motorway_link,,,302.5131303961025,599270274,599270270,None,False,,none,True,False
S671,C2,motorway,C2,名古屋第二環状自動車道,1196.19069659086,599270306,599270274,None,False,,crack_pothole,True,False
S672,68,primary,68,桜通,20.12771654648783,599442333,601348892,None,False,,none,True,False
S673,江川線,primary,,江川線,438.9848890683548,599442333,334505569,None,False,,none,True,False
S674,山王通,primary,,山王通,28.597690348770755,599869023,1147184144,None,False,,none,True,False
S675,江川線,primary,,江川線,190.4938071832925,599869023,3821135840,None,False,,none,True,False
S676,山王通,primary,,山王通,21.93907979399555,599869038,599869040,None,False,,none,True,False
S677,19;22,trunk,19;22,伏見通,1855.9291697662413,599869038,601302998,None,False,,none,True,False
S678,19;22,trunk,19;22,伏見通,18.015194685500113,599869040,599869041,None,False,,none,True,False
S679,山王通,primary,,山王通,1685.2992622413208,599869040,599869087,None,False,,none,True,False
S680,山王通,primary,,山王通,22.676941466851336,599869041,599869043,None,False,,none,True,False
S681,19;22,trunk,19;22,伏見通,1241.9323779113909,599869041,3159063320,None,False,,none,True,False
S682,19;22,trunk,19;22,伏見通,18.715501866669634,599869043,599869038,None,False,,landslide_block,False,True
S683,山王通,primary,,"['山王通', '山王橋']",542.5272285978739,599869043,599869023,None,False,,none,True,False
S684,29,primary,29,八熊通,26.706298266150053,599869075,563071865,None,False,,none,True,False
S685,空港線,primary,,空港線,113.55305381805428,599869075,3821559670,None,False,,none,True,False
S686,山王通,primary,,山王通,20.394365301176794,599869087,395048617,None,False,,crack_pothole,True,False
S687,空港線,primary,,空港線,2124.1840357313977,599869087,601303023,None,False,,none,True,False
S688,空港線,primary,,空港線,16.878268448739345,599869109,599869087,None,False,,crack_pothole,True,False
S689,山王通,primary,,山王通,1289.6354484127764,599869109,660918016,None,False,,none,True,False
S690,山王通,primary,,山王通,20.451689879978897,599869111,599869109,None,False,,none,True,False
S691,空港線,primary,,空港線,1128.5981195051704,599869111,3159063329,None,False,,none,True,False
S692,江川線,primary,,江川線,8.39965953169646,600062128,3159063317,None,False,,none,True,False
S693,29,primary,29,八熊通,2029.3415042771564,600062128,666674304,None,False,,none,True,False
S694,環状線,primary,,環状線,972.2498852063759,600310030,2498111034,None,False,,none,True,False
S695,環状線,primary,,環状線,10.791264700056491,601302933,559504951,None,False,,crack_pothole,True,False
S696,68,primary,68,"['太閤通', '名古屋津島線', '名古屋津島バイパス']",5112.567625264181,601302933,6097600926,None,False,,none,True,False
S697,68,primary,68,太閤通,19.190780628054917,601302960,8265691368,None,False,,none,True,False
S698,名駅通,primary,,名駅通,972.8135675541424,601302960,1147285891,None,False,,none,True,False
S699,江川線,primary,,江川線,11.797829898054172,601302967,287041504,None,False,,none,True,False
S700,60,primary,60,広小路通,391.2683012635673,601302967,601302960,None,False,,none,True,False
S701,60,primary,60,広小路通,17.382927962198544,601302973,601302967,None,False,,none,True,False
S702,江川線,primary,,"['江川線', '南北橋']",1789.0110067367132,601302973,518260146,None,False,,none,True,False
S703,19;22,trunk,19;22,伏見通,11.243782588744283,601302998,552171291,None,False,,none,True,False
S704,60,primary,60,広小路通,694.7461932713624,601302998,601302973,None,False,,none,True,False
S705,60,primary,60,広小路通,18.85194307771867,601303000,601302998,None,False,,none,True,False
S706,19;22,trunk,19;22,伏見通,1860.1013757693631,601303000,599869040,None,False,,none,True,False
S707,空港線,primary,,空港線,11.843514492510613,601303023,321616491,None,False,,none,True,False
S708,60,primary,60,広小路通,1533.7583981086927,601303023,601303000,None,False,,none,True,False
S709,60,primary,60,広小路通,22.899912183866903,601303024,601303023,None,False,,none,True,False
S710,空港線,primary,,空港線,25.43552612182316,601303024,7735792967,None,False,,none,True,False
S711,153,trunk,153,国道153号,10.264469412708051,601303031,563684919,None,False,,none,True,False
S712,60,primary,60,広小路通,414.2305854321482,601303031,601303024,None,False,,none,True,False
S713,60,primary,60,広小路通,19.72577632103642,601303034,601303031,None,False,,none,True,False
S714,153,trunk,153,国道153号,69.16804751305712,601303034,563684976,None,False,,none,True,False
S715,68,primary,68,名駅通,17.46078202074946,601348864,929214970,None,False,,none,True,False
S716,江川線,primary,,江川線,18.349410035007914,601348892,334505576,None,False,,none,True,False
S717,68,primary,68,桜通,479.2659909030596,601348892,601348864,None,False,,none,True,False
S718,60,primary,60,広小路通,12.402569088730655,601348929,660201348,None,False,,none,True,False
S719,環状線,primary,,環状線,2496.2359768083347,601348929,519550718,None,False,,none,True,False
S720,環状線,primary,,環状線,12.764283547398115,601348930,601348929,None,False,,none,True,False
S721,60,primary,60,広小路通,1611.3319510080755,601348930,601303034,None,False,,none,True,False
S722,29,primary,29,八熊通,21.955489344679393,601475760,600062128,None,False,,landslide_block,False,True
S723,江川線,primary,,江川線,1767.8988616331842,601475760,1150898451,None,False,,none,True,False
S724,56,primary,56,名古屋岡崎線,922.5391265408479,601999241,1163381957,None,False,,none,True,False
S725,36,primary,36,諸輪名古屋線,13.204787900451104,601999306,1163381813,None,False,,none,True,False
S726,153,trunk,153,国道153号,817.5784449519595,601999306,3829812358,None,False,,none,True,False
S727,36,primary,36,飯田街道,438.99438929848344,601999306,372351223,None,False,,none,True,False
S728,153,trunk,153,国道153号,527.6033238397042,601999374,601999306,None,False,,none,True,False
S729,60,primary_link,60,東山通,272.7526691376408,602403672,792498182,None,False,,none,True,False
S730,60,primary,60,東山通,680.3948208248075,602403672,1706692916,None,False,,none,True,False
S731,59,primary,59,名古屋中環状線,24.615029344032898,602403694,602418453,None,False,,none,True,False
S732,59,primary,59,名古屋中環状線,817.0747667842415,602403694,505157116,None,False,,none,True,False
S733,60,primary,60,東山通,161.41614723836523,602403694,1696308689,None,False,,none,True,False
S734,60,primary,60,"['名古屋長久手線', '東山通']",1482.1022876795794,602403695,7010390916,None,False,,none,True,False
S735,60,primary_link,60,東山通,379.28952011654013,602418424,792498170,None,False,,none,True,False
S736,60,primary,60,東山通,651.6381283512424,602418424,612726812,None,False,,none,True,False
S737,segment_737,motorway_link,,,760.2668281609244,602418428,638387033,None,False,,none,True,False
S738,C2,motorway_link,C2,名古屋第二環状自動車道支線,501.32107459270424,602418428,638387022,None,False,,none,True,False
S739,59,primary,59,名古屋中環状線,24.615029344032898,602418453,602403694,None,False,,none,True,False
S740,59,primary,59,名古屋中環状線,2897.969033898001,602418453,505161679,None,False,,landslide_block,False,True
S741,60,primary,60,東山通,347.5521406426373,602418453,602418424,None,False,,none,True,False
S742,C2,motorway,C2,名古屋第二環状自動車道支線,423.89269755539925,602418454,602418428,None,False,,none,True,False
S743,C2,motorway,C2,名古屋第二環状自動車道支線,702.3223688139095,602418472,602418454,None,False,,landslide_block,False,True
S744,segment_744,motorway_link,,,45.90284828110289,602418473,1711543892,None,False,,none,True,False
S745,60,primary,60,東山通,408.2953902080163,602418477,1696308664,None,False,,none,True,False
S746,segment_746,motorway_link,,,123.29840880986816,602418477,1150363042,None,False,,none,True,False
S747,segment_747,motorway_link,,,197.80577072983544,602418485,602403695,None,False,,none,True,False
S748,segment_748,motorway_link,,,341.3252954896784,602418496,602418472,None,False,,none,True,False
S749,segment_749,motorway_link,,,185.58597022625676,602418496,1720731965,None,False,,none,True,False
S750,70;227,primary,70;227,東海通,22.48906617801458,602509177,2286605610,None,False,,crack_pothole,True,False
S751,302,trunk,302,名古屋環状2号線,994.9718505066139,602509177,7176783063,None,False,,none,True,False
S752,60,primary,60,広小路通,11.21470535490797,602541887,2104186847,None,False,,none,True,False
S753,30,primary,30,関田名古屋線,1733.0117438567752,602541887,6994219816,None,False,,none,True,False
S754,30,primary,30,関田名古屋線,15.216079294439044,602549935,602541887,None,False,,none,True,False
S755,60,primary,60,"['広小路通', '東山通']",4470.583930236812,602549935,602403672,None,False,,none,True,False
S756,58,primary,58,飯田街道,17.850738600972267,603380096,537868236,None,False,,none,True,False
S757,58,primary,58,飯田街道,975.450939533889,603380096,2104186802,None,False,,none,True,False
S758,153,trunk,153,国道153号,1611.5185215357624,603380096,2913854151,None,False,,none,True,False
S759,36,primary,36,諸輪名古屋線,481.1087774793351,604231399,505093442,None,False,,none,True,False
S760,36,primary,36,諸輪名古屋線,1732.8536481101548,604231399,1666845542,None,False,,none,True,False
S761,41,trunk,41,国道41号,79.37448643420427,606300737,567071034,None,False,,none,True,False
S762,segment_762,trunk_link,,,229.42938314147875,606300737,8363974730,None,False,,none,True,False
S763,155;247,trunk,155;247,国道155号,2016.1320528567717,612117811,7559960713,None,False,,none,True,False
S764,60,primary,60,"['広小路通', '東山通']",4510.198472911666,612726812,602541887,None,False,,crack_pothole,True,False
S765,segment_765,motorway_link,,,150.86815161688276,614483143,614483148,None,False,,landslide_block,False,True
S766,segment_766,motorway_link,,,921.5195843530136,614483148,7695570904,None,False,,none,True,False
S767,segment_767,motorway_link,,,623.181722945545,614483148,7695570899,None,False,,landslide_block,False,True
S768,23,trunk_link,23,国道23号,196.29566523528382,614591657,4331743917,None,False,,none,True,False
S769,19,trunk,19,国道19号,650.8848762778894,617499879,552642743,None,False,,none,True,False
S770,19,trunk,19,国道19号,52.31937668325209,617499884,617499879,None,False,,none,True,False
S771,segment_771,trunk_link,,,80.08588177067018,617499884,617499879,None,False,,none,True,False
S772,19,trunk,19,国道19号,308.2388435669571,617499889,672762473,None,False,,none,True,False
S773,19,trunk,19,国道19号,54.981337004850566,617499891,617499889,None,False,,none,True,False
S774,segment_774,trunk_link,,,71.60322162244951,617499891,617499889,None,False,,landslide_block,False,True
S775,155;27,trunk,155;27,国道155号,672.5691678399805,619062478,552601588,None,False,,none,True,False
S776,155,trunk,155,国道155号,4530.3290788902295,619062478,672762467,None,False,,none,True,False
S777,27,primary,27,春日井各務原線,865.076917186389,619062478,1070961025,None,False,,none,True,False
S778,153,trunk,153,国道153号,18.862095291805606,619219629,581434070,None,False,,none,True,False
S779,江川線,primary,,江川線,21.039500251813063,619262587,556602736,None,False,,none,True,False
S780,22,trunk,22,"['伏見通', '国道22号']",768.1706828547952,619262587,623238567,None,False,,none,True,False
S781,22,trunk,22,国道22号,15.296681286738693,619262594,619262587,None,False,,none,True,False
S782,63,primary,63,名古屋江南線,921.7731704266718,619262594,8320782995,None,False,,none,True,False
S783,1,trunk,1,国道1号,13.203067754144133,619627710,628595853,None,False,,none,True,False
S784,154,trunk,154,国道154号,1303.5134598321138,619627710,628595824,None,False,,crack_pothole,True,False
S785,56,primary,56,飯田街道,15.906562611000753,619859772,660201329,None,False,,none,True,False
S786,環状線,primary,,環状線,82.81105684726651,619859772,1608112362,None,False,,crack_pothole,True,False
S787,1,trunk,1,国道1号,24.617615286899944,620256273,392633981,None,False,,none,True,False
S788,1,trunk,1,国道1号,776.4000863265724,620256273,620359158,None,False,,none,True,False
S789,1,trunk,1,国道1号,8.76714451013641,620359158,2496922328,None,False,,none,True,False
S790,東海通,primary,,東海通,1208.6052797102095,620359158,540118563,None,False,,none,True,False
S791,1,trunk,1,国道1号,11.327529138296882,620369272,621055775,None,False,,none,True,False
S792,環状線,primary,,環状線,1688.9525922355372,620369272,2496922319,None,False,,none,True,False
S793,19;22,trunk,19;22,伏見通り,22.138943037905335,620371273,392634925,None,False,,none,True,False
S794,1,trunk,1,国道1号,1556.5610041150276,620371273,1150200143,None,False,,landslide_block,False,True
S795,19;22,trunk,19;22,伏見通,22.261257619931886,620381521,658976993,None,False,,crack_pothole,True,False
S796,1,trunk,1,国道1号,603.1147342550456,620381521,619627710,None,False,,landslide_block,False,True
S797,3,motorway,3,名古屋高速3号大高線,840.9993947304094,620731719,1150200130,None,False,,none,True,False
S798,segment_798,motorway_link,,,567.5602509098069,620731752,623036202,None,False,,none,True,False
S799,5,motorway,5,名古屋高速5号万場線,2356.0411564991623,620731752,658355701,None,False,,none,True,False
S800,環状線,primary,,環状線,22.220986123234788,621055775,621055776,None,False,,none,True,False
S801,1,trunk,1,国道1号,625.8198169565308,621055775,1925136112,None,False,,none,True,False
S802,1,trunk,1,国道1号,12.954040535329728,621055776,657390042,None,False,,none,True,False
S803,環状線,primary,,環状線,751.4049734965353,621055776,657389998,None,False,,none,True,False
S804,東海通,primary,,東海通,26.863828413609234,621218454,620359158,None,False,,none,True,False
S805,1,trunk,1,国道1号,487.49276636388606,621218454,2918354234,None,False,,crack_pothole,True,False
S806,4,motorway,4,名古屋高速4号東海線,1990.582993879294,621552230,2546715836,None,False,,none,True,False
S807,5,motorway,5,名古屋高速5号万場線,183.99369497604727,623036206,620731752,None,False,,none,True,False
S808,25;166,primary,25;166,春日井一宮線,10.136860510226384,623045537,2418526602,None,False,,none,True,False
S809,63;161,primary,"['63;161', '63', '63;161;165']",名古屋江南線,3673.758717345636,623045537,552686261,None,False,,none,True,False
S810,22,trunk,22,伏見通,273.46971167706283,623238546,352695096,None,False,,landslide_block,False,True
S811,C1,motorway,C1,名古屋高速都心環状線,914.850506629287,623238566,289332936,None,False,,landslide_block,False,True
S812,名古屋高速環状線,motorway_link,,名古屋高速環状線,546.7299986887516,623238567,623238566,None,False,,none,True,False
S813,22,trunk,22,伏見通,461.3334578998549,623238567,623238546,None,False,,none,True,False
S814,75,primary,75,春日井長久手線,2435.7044951967823,623987355,627769319,None,False,,none,True,False
S815,363,trunk,363,瀬港線,1493.5000924992783,623987355,393857268,None,False,,none,True,False
S816,363,trunk,363,瀬港線,106.90462182005318,623987355,469250866,None,False,,none,True,False
S817,61,primary,61,名古屋瀬戸線,1613.6283706127751,624183930,627769410,None,False,,none,True,False
S818,61,primary,61,名古屋瀬戸線,5267.493564642512,624183930,566639947,None,False,,none,True,False
S819,75,primary,75,春日井長久手線,1214.851967376018,624183930,469250866,None,False,,none,True,False
S820,75,primary,75,春日井長久手線,5421.231735328822,624183930,624184300,None,False,,none,True,False
S821,15,primary,15,名古屋多治見線,246.05405422988682,624184300,624184301,None,False,,none,True,False
S822,75,primary,75,春日井長久手線,5421.2317353288245,624184300,624183930,None,False,,none,True,False
S823,75,primary,75,春日井長久手線,11.855562129574139,624184301,3121541317,None,False,,crack_pothole,True,False
S824,15,primary,15,名古屋多治見線,4645.355994063217,624184301,352709343,None,False,,none,True,False
S825,36,primary,36,諸輪名古屋線,23.945863126366703,627280779,1149298393,None,False,,landslide_block,False,True
S826,23,trunk,23,国道23号,577.1129736676314,627280779,5435323329,None,False,,none,True,False
S827,57;75;215,primary,57;75;215,瀬戸大府東海線,236.16365943743034,627769295,627769319,None,False,,none,True,False
S828,57,primary,57,瀬戸大府東海線,625.759574165604,627769295,720610261,None,False,,none,True,False
S829,75;215,primary,"['75;215', '75']",春日井長久手線,876.2095245263206,627769295,800028491,None,False,,none,True,False
S830,57;75;215,primary,57;75;215,瀬戸大府東海線,236.1636594374303,627769319,627769295,None,False,,none,True,False
S831,75,primary,75,春日井長久手線,2435.704495196784,627769319,623987355,None,False,,none,True,False
S832,57;215,primary,"['57;215', '57']",瀬戸大府東海線,957.7134348570339,627769319,2481757626,None,False,,none,True,False
S833,22,primary,22,瀬戸環状線,670.3520954062909,627769400,1145530281,None,False,,none,True,False
S834,61;208,primary,61;208,名古屋瀬戸線,9.781763168201584,627769410,3828901096,None,False,,none,True,False
S835,22,primary,22,瀬戸環状線,241.113135818479,627769410,430060858,None,False,,none,True,False
S836,61,primary,61,名古屋瀬戸線,1613.6283706127756,627769410,624183930,None,False,,none,True,False
S837,53,primary,53,春日井瀬戸線,150.79793104501567,627769515,3821486568,None,False,,none,True,False
S838,東海通,primary,,東海通,13.557640972265185,628595821,628595824,None,False,,none,True,False
S839,154,trunk,154,国道154号,1302.9090870708646,628595821,628595853,None,False,,none,True,False
S840,154,trunk,154,国道154号,9.691373817045088,628595822,628595821,None,False,,landslide_block,False,True
S841,東海通,primary,,東海通,815.6151292750644,628595822,646246029,None,False,,none,True,False
S842,154,trunk,154,国道154号,10.348980208623006,628595824,475473677,None,False,,none,True,False
S843,東海通,primary,,東海通,478.32428552115573,628595824,1925149879,None,False,,none,True,False
S844,154,trunk,154,国道154号,15.086074531800385,628595853,659653796,None,False,,none,True,False
S845,1,trunk,1,国道1号,1143.2024251057594,628595853,660931550,None,False,,none,True,False
S846,22,trunk,22,名岐バイパス,8.735518884511876,630734703,1168301817,None,False,,none,True,False
S847,62,primary,62,春日井稲沢線,1887.7893906182064,630734703,2418526472,None,False,,none,True,False
S848,27,trunk,27,春日井各務原線,15.042491020920028,630734822,721967937,None,False,,none,True,False
S849,155,trunk,155,国道155号,830.4809210951943,630734822,1367945703,None,False,,none,True,False
S850,segment_850,motorway_link,,,330.877305231205,631513939,637693464,None,False,,none,True,False
S851,E1,motorway,E1,名神高速道路,1194.5502656370124,631513939,7695570904,None,False,,none,True,False
S852,segment_852,motorway_link,,,377.5938612056487,631513991,2438341974,None,False,,none,True,False
S853,E1,motorway,E1,名神高速道路,837.6796617461783,631513991,7695539775,None,False,,none,True,False
S854,segment_854,motorway_link,,,208.90448627115808,631531980,8363974738,None,False,,none,True,False
S855,C2,motorway,C2,名古屋第二環状自動車道,896.0501127736222,631531980,289333344,None,False,,none,True,False
S856,segment_856,motorway_link,,,284.9811023534015,631532005,631532025,None,False,,none,True,False
S857,11,motorway,11,名古屋高速11号小牧線,218.4208274096174,631532025,4355120322,None,False,,none,True,False
S858,E23,motorway,E23,東名阪自動車道,623.6682983934772,632461236,7414810755,None,False,,none,True,False
S859,名古屋第二環状自動車道,motorway_link,,名古屋第二環状自動車道,555.2524075740876,632461253,8558765296,None,False,,none,True,False
S860,E23,motorway,E23,東名阪自動車道,227.6195948357132,632461253,287037206,None,False,,none,True,False
S861,5,motorway,5,名古屋高速5号万場線,253.3051671288246,632461334,2388299361,None,False,,none,True,False
S862,segment_862,motorway_link,,,529.7818246097283,632461334,8330881362,None,False,,none,True,False
S863,C2,motorway,C2,名古屋第二環状自動車道,934.729914945262,632461344,1304629007,None,False,,none,True,False
S864,C2,motorway,C2,名古屋第二環状自動車道,1736.5598804941685,632461386,8239927598,None,False,,none,True,False
S865,segment_865,motorway_link,,,166.26271968577123,632461423,1488725118,None,False,,none,True,False
S866,C2,motorway,C2,名古屋第二環状自動車道,860.5452795620907,632461423,632461470,None,False,,none,True,False
S867,C2,motorway,C2,名古屋第二環状自動車道,323.720187586914,632461433,566564901,None,False,,none,True,False
S868,C2,motorway,C2,名古屋第二環状自動車道,319.8568156441517,632461470,7983142786,None,False,,none,True,False
S869,C2,motorway,C2,名古屋第二環状自動車道,1311.123622746108,632461503,8363974697,None,False,,none,True,False
S870,C2,motorway,C2,名古屋第二環状自動車道,326.1396483554069,632461532,8363974751,None,False,,none,True,False
S871,segment_871,motorway_link,,,683.0765391005826,632461532,635868078,None,False,,landslide_block,False,True
S872,C2,motorway,C2,名古屋第二環状自動車道,1431.7548186207443,632461566,8386686515,None,False,,none,True,False
S873,59,primary,59,名古屋中環状線,26.501757116299302,632461573,519658807,None,False,,none,True,False
S874,59,primary,59,名古屋中環状線,3722.230119075569,632461573,926697356,None,False,,none,True,False
S875,302,trunk,302,国道302号,272.0578244731917,632461573,8568687741,None,False,,none,True,False
S876,302,trunk,302,国道302号,2552.5583543777852,632461577,8386686522,None,False,,none,True,False
S877,segment_877,motorway_link,,,630.2892874570737,632461577,632461566,None,False,,none,True,False
S878,segment_878,motorway_link,,,282.2206605717639,633361798,4333214604,None,False,,none,True,False
S879,C2,motorway,C2,名古屋第二環状自動車道,2324.9705275038127,633361798,1875862089,None,False,,none,True,False
S880,56;221,primary,56;221,名古屋岡崎線,24.499972941622506,633416388,1149064880,None,False,,none,True,False
S881,302,trunk,302,国道302号,1111.0145014671848,633416388,2913832604,None,False,,none,True,False
S882,56,primary,56,名古屋岡崎線,1069.562249617057,634108974,537868265,None,False,,none,True,False
S883,36;56,primary,"['36;56', '56']","['名古屋岡崎線', '諸輪名古屋線']",1604.763994674282,634108974,1163381983,None,False,,none,True,False
S884,1,motorway,1,名古屋高速1号楠線,204.38157734206945,635868078,7736092540,None,False,,crack_pothole,True,False
S885,C2,motorway,C2,名古屋第二環状自動車道,662.9467772204092,635868082,8363974640,None,False,,none,True,False
S886,segment_886,motorway_link,,,414.9455773335243,635868113,635868082,None,False,,none,True,False
S887,segment_887,motorway_link,,,384.8330628750376,635868127,7736092540,None,False,,none,True,False
S888,41,trunk,41,国道41号,3466.9192639826983,635868127,660967093,None,False,,none,True,False
S889,segment_889,motorway_link,,,377.3427217965107,635868190,635868113,None,False,,none,True,False
S890,segment_890,motorway_link,,,258.0773610351413,635868190,289333316,None,False,,none,True,False
S891,segment_891,motorway_link,,,95.2782382139748,637693382,461570451,None,False,,none,True,False
S892,segment_892,motorway_link,,,60.824942007712345,637693382,2417264355,None,False,,none,True,False
S893,segment_893,motorway_link,,,177.45732573845802,637693464,566552693,None,False,,none,True,False
S894,segment_894,motorway_link,,,78.68670971114446,637693464,637693507,None,False,,none,True,False
S895,segment_895,motorway_link,,,66.6374741405485,637693507,637693508,None,False,,none,True,False
S896,segment_896,motorway_link,,,132.89726384780258,637693508,637693382,None,False,,none,True,False
S897,segment_897,motorway_link,,,537.6702774564901,637693508,638312841,None,False,,none,True,False
S898,環状線,primary,,環状線,12.968174792769403,638204597,392637103,None,False,,crack_pothole,True,False
S899,22,trunk,22,国道22号,1402.754048702483,638204597,619262594,None,False,,none,True,False
S900,環状線,primary_link,,環状線,52.07306796647431,638204609,1160499319,None,False,,none,True,False
S901,22,trunk,22,国道22号,28.35191156215496,638204609,660969267,None,False,,none,True,False
S902,22,trunk,22,国道22号,1182.8114704746076,638204611,638204597,None,False,,none,True,False
S903,6,motorway,6,名古屋高速6号清須線,1551.6988945064093,638204629,638204647,None,False,,none,True,False
S904,6,motorway,6,名古屋高速6号清須線,1118.9022948756199,638204647,8320783012,None,False,,none,True,False
S905,segment_905,motorway_link,,,557.427872704104,638204647,7773166012,None,False,,none,True,False
S906,22,trunk,22,名岐バイパス,740.320875844934,638312723,8266154169,None,False,,none,True,False
S907,302,trunk,302,国道302号,43.75334010179209,638312739,1356039792,None,False,,none,True,False
S908,22,trunk_link,22,国道22号線,61.07120106074614,638312739,638312741,None,False,,none,True,False
S909,22,trunk_link,22,国道22号線,34.947094453374255,638312741,2434906285,None,False,,none,True,False
S910,302,trunk,302,国道302号,68.11869221356139,638312741,1356039876,None,False,,none,True,False
S911,6,motorway,6,名古屋高速6号清須線,2703.9162349846483,638312751,8320783013,None,False,,none,True,False
S912,22,trunk,22,名岐バイパス,238.39665336830353,638312760,8266140980,None,False,,none,True,False
S913,22,trunk_link,22,国道22号線,92.79783415721131,638312764,638312760,None,False,,none,True,False
S914,22,trunk,22,名岐バイパス,556.7228779953701,638312765,2434915309,None,False,,none,True,False
S915,22,trunk_link,22,国道22号線,80.49505663914876,638312765,8266140969,None,False,,none,True,False
S916,22,trunk,22,名岐バイパス,267.02934714574735,638312779,630734703,None,False,,none,True,False
S917,62,primary,62,春日井稲沢線,21.60328455208522,638312780,630734703,None,False,,none,True,False
S918,22,trunk,22,名岐バイパス,237.32679600506845,638312780,8266154155,None,False,,none,True,False
S919,22,trunk,22,名岐バイパス,231.18915318575063,638312799,8266154176,None,False,,none,True,False
S920,22,trunk,22,名岐バイパス,167.7476615452996,638312801,8266154203,None,False,,none,True,False
S921,segment_921,motorway_link,,,447.3641333158062,638312836,614483143,None,False,,none,True,False
S922,16,"['motorway_link', 'motorway']",16,名古屋高速16号一宮線,2514.3151573455098,638312836,1268353660,None,False,,none,True,False
S923,22,trunk,22,名岐バイパス,395.70888070085135,638312837,461570451,None,False,,none,True,False
S924,segment_924,motorway_link,,,194.89392397032373,638312837,8266154266,None,False,,none,True,False
S925,22,trunk,22,名岐バイパス,1230.4735865019443,638312841,8266154236,None,False,,none,True,False
S926,22,trunk,22,名岐バイパス,283.3821661134815,638312861,638312837,None,False,,none,True,False
S927,2,motorway,2,名古屋高速2号東山線,324.041204953082,638386940,7735627533,None,False,,none,True,False
S928,C2,motorway,C2,名古屋第二環状自動車道,354.8774066641499,638387022,3131700906,None,False,,none,True,False
S929,C2,motorway,C2,名古屋第二環状自動車道,292.9216679473413,638387033,1710250064,None,False,,none,True,False
S930,2,motorway,2,名古屋高速2号東山線,1387.8991818967463,638425420,671420342,None,False,,none,True,False
S931,東海通,primary,,東海通,19.99789916922296,646246029,660931542,None,False,,none,True,False
S932,江川線,primary,,江川線,372.5845280491069,646246029,2548188883,None,False,,none,True,False
S933,segment_933,motorway_link,,,616.126482928942,652581060,4632120398,None,False,,none,True,False
S934,segment_934,motorway_link,,,257.9246247383843,652581060,4632112759,None,False,,none,True,False
S935,segment_935,motorway_link,,,105.40145905386325,652581061,652581066,None,False,,none,True,False
S936,segment_936,motorway_link,,,224.33735331960267,652581066,559375709,None,False,,none,True,False
S937,segment_937,motorway_link,,,553.3566958278078,652581066,559375605,None,False,,none,True,False
S938,302,trunk,302,国道302号,9.685108868680278,653984124,2497023985,None,False,,none,True,False
S939,153,trunk_link,153,国道153号,4.215594835282588,653984124,3803549799,None,False,,none,True,False
S940,63;163,primary,63;163,名古屋江南線,31.90087519794754,655649746,655649750,None,False,,none,True,False
S941,302,trunk,302,国道302号,650.3563189162568,655649746,4337273704,None,False,,none,True,False
S942,302,trunk,302,国道302号,14.202299376790952,655649750,7231609879,None,False,,none,True,False
S943,63;162,primary,"['63;162', '63', '63;163']",名古屋江南線,3066.3549877641003,655649750,4355151308,None,False,,none,True,False
S944,segment_944,trunk_link,,,323.0345687602385,657389998,1925136299,None,False,,none,True,False
S945,55,primary,55,環状線,31.071828871848044,657389998,657390002,None,False,,crack_pothole,True,False
S946,55,primary,55,環状線,693.004383630298,657390002,704483113,None,False,,none,True,False
S947,segment_947,trunk_link,,,301.6748546933096,657390006,1925140890,None,False,,none,True,False
S948,環状線,primary,,環状線,22.6037063065401,657390042,620369272,None,False,,none,True,False
S949,1,trunk,1,国道1号,558.576870544881,657390042,12468720228,None,False,,none,True,False
S950,247,trunk,247,国道247号,10.98594660817174,657476546,657476551,None,False,,none,True,False
S951,55,primary,55,環状線,1406.0609816838328,657476546,660685828,None,False,,none,True,False
S952,55,primary,55,環状線,11.476398580909407,657476551,704483123,None,False,,crack_pothole,True,False
S953,247,trunk,247,国道247号,1905.3193535304445,657476551,1608729555,None,False,,none,True,False
S954,5,motorway,5,名古屋高速5号万場線,2933.2571833935353,658355701,632461334,None,False,,none,True,False
S955,1,trunk,1,国道1号,22.50624803793701,658976993,620371273,None,False,,none,True,False
S956,19;22,trunk,19;22,伏見通,56.14239777180732,658976993,5805829107,None,False,,crack_pothole,True,False
S957,154,trunk,154,国道154号,17.11404595594972,659653796,619627710,None,False,,none,True,False
S958,1,trunk,1,国道1号,553.1814505352693,659653796,5805829104,None,False,,none,True,False
S959,29,primary,29,八熊通,13.7979981096442,660201311,286404239,None,False,,none,True,False
S960,環状線,primary,,環状線,3771.632045183664,660201311,581434196,None,False,,none,True,False
S961,山王通,primary,,山王通,13.278714355686066,660201323,380234285,None,False,,none,True,False
S962,環状線,primary,,環状線,958.4148515384912,660201323,3159063298,None,False,,none,True,False
S963,56,primary,56,飯田街道,15.906562611000753,660201329,619859772,None,False,,none,True,False
S964,環状線,primary,,環状線,933.4937970411623,660201329,2104186814,None,False,,none,True,False
S965,56,primary,56,飯田街道,1547.7230561600236,660201329,1608088388,None,False,,crack_pothole,True,False
S966,153,trunk,153,国道153号,12.785477308523866,660201333,563685544,None,False,,none,True,False
S967,環状線,primary,,環状線,139.1362305297326,660201333,660201329,None,False,,crack_pothole,True,False
S968,60,primary,60,広小路通,12.78696474807669,660201347,601348930,None,False,,none,True,False
S969,環状線,primary,,環状線,1090.3375610714634,660201347,6857314449,None,False,,none,True,False
S970,環状線,primary,,環状線,12.354019184582512,660201348,660201347,None,False,,none,True,False
S971,60,primary,60,広小路通,1896.5105159126724,660201348,2691040334,None,False,,landslide_block,False,True
S972,15;61,primary,15;61,名古屋多治見線,11.980154101555675,660201362,519550718,None,False,,none,True,False
S973,環状線,primary,,環状線,2496.7590194030977,660201362,660201348,None,False,,none,True,False
S974,55,primary,55,環状線,7.805239788934478,660685828,7083743572,None,False,,none,True,False
S975,55,primary,55,名古屋半田線,1446.3390553985205,660685828,366755138,None,False,,none,True,False
S976,名駅通,primary,,名駅通,12.203541445864916,660711450,1836110576,None,False,,crack_pothole,True,False
S977,大須通,primary,,"['大須通', '運河橋']",1096.5698639172833,660711450,2100787076,None,False,,none,True,False
S978,江川線,primary,,江川線,781.4808235105256,660917857,1147184144,None,False,,none,True,False
S979,segment_979,motorway_link,,,506.5553291157012,660918016,3821179864,None,False,,none,True,False
S980,山王通,primary,,山王通,395.01718452172656,660918016,599869041,None,False,,none,True,False
S981,154,trunk,154,国道154号,762.8866457095206,660931535,660931537,None,False,,none,True,False
S982,154,trunk,154,国道154号,15.473337322216144,660931536,660931537,None,False,,none,True,False
S983,154,trunk,154,国道154号,770.1595614701249,660931536,475474898,None,False,,none,True,False
S984,154,trunk,154,国道154号,12.780040419229968,660931537,1161618062,None,False,,none,True,False
S985,金城ふ頭線,primary,,金城ふ頭線,1120.5778412305149,660931537,366755264,None,False,,none,True,False
S986,江川線,primary,,江川線,10.407708899470178,660931542,1162707402,None,False,,none,True,False
S987,東海通,primary,,"['東海通', '東海橋']",1489.3537268030202,660931542,430708719,None,False,,none,True,False
S988,江川線,primary,,江川線,13.061883632152929,660931547,1558182072,None,False,,none,True,False
S989,1,trunk,1,"['昭和橋通', '国道1号']",1745.2895526560842,660931547,1161617433,None,False,,none,True,False
S990,1,trunk,1,国道1号,19.414407368299642,660931550,660931547,None,False,,none,True,False
S991,江川線,primary,,江川線,93.11839109946546,660931550,2794101067,None,False,,none,True,False
S992,41,trunk,41,空港線,180.2774028627992,660936088,660936091,None,False,,none,True,False
S993,41,trunk_link,41,空港線,181.30520989397516,660936088,660936091,None,False,,none,True,False
S994,41,trunk,41,"['国道41号', '空港線']",1839.9173930202664,660936091,540764295,None,False,,none,True,False
S995,1,trunk,1,国道1号,3363.7161091843977,660942726,1150580996,None,False,,none,True,False
S996,環状線,primary,,環状線,16.8926327468855,660967091,660967093,None,False,,none,True,False
S997,41,trunk,41,国道41号,3147.9205447402296,660967091,520108883,None,False,,landslide_block,False,True
S998,41,trunk,41,国道41号,10.35439338506193,660967093,540764297,None,False,,crack_pothole,True,False
S999,環状線,primary,,環状線,2061.2975674618174,660967093,660967114,None,False,,none,True,False
S1000,環状線,primary,,環状線,16.53515886886157,660967114,660967115,None,False,,none,True,False
S1001,19,trunk,19,国道19号,2310.8076652247155,660967114,352709104,None,False,,none,True,False
S1002,19,trunk,19,国道19号,12.62172923023551,660967115,551953555,None,False,,none,True,False
S1003,環状線,primary,,環状線,226.3779611623531,660967115,6958087645,None,False,,none,True,False
S1004,15;61,primary,15;61,名古屋環状線,13.302155963348124,660967119,414670501,None,False,,none,True,False
S1005,15;61,primary,15;61,名古屋多治見線,733.3886457428882,660967119,3118109419,None,False,,none,True,False
S1006,22,trunk,22,国道22号,9.810041793906644,660969267,7083661272,None,False,,none,True,False
S1007,環状線,primary_link,,環状線,29.241089464906295,660969267,392637086,None,False,,none,True,False
S1008,63,primary,63,名古屋江南線,12.532430760595355,660969268,660969270,None,False,,none,True,False
S1009,環状線,primary,,環状線,1955.4435233275465,660969268,660967091,None,False,,none,True,False
S1010,環状線,primary,,環状線,13.84800330528081,660969269,660969268,None,False,,none,True,False
S1011,63,primary,63,名古屋江南線,575.5752287819407,660969269,7773166012,None,False,,none,True,False
S1012,環状線,primary,,環状線,14.112583329800662,660969270,660969271,None,False,,none,True,False
S1013,63,primary,63,名古屋江南線,508.10969201564353,660969270,8320782988,None,False,,none,True,False
S1014,63,primary,63,名古屋江南線,12.390334663942248,660969271,660969269,None,False,,none,True,False
S1015,環状線,primary,,環状線,609.789036098068,660969271,7083661274,None,False,,none,True,False
S1016,segment_1016,trunk_link,,,22.3568656020071,661025884,352708868,None,False,,none,True,False
S1017,19,trunk,19,国道19号,1420.4867515736212,661025884,10604108534,None,False,,crack_pothole,True,False
S1018,59,primary,59,名古屋中環状線,10.869230431409274,661045729,661045730,None,False,,none,True,False
S1019,79,primary,"['79', '79;124']",あま愛西線,2477.534645116155,661045729,1304688025,None,False,,none,True,False
S1020,59,primary,59,名古屋中環状線,5702.21152988949,661045729,2498099202,None,False,,none,True,False
S1021,59,primary,59,名古屋中環状線,10.869230431409274,661045730,661045729,None,False,,none,True,False
S1022,59;126,primary,"['59;126', '59']","['御鷹野橋', '名古屋中環状線']",3039.4000844281068,661045730,2353009284,None,False,,none,True,False
S1023,302,trunk,302,国道302号,48.469712100849755,661974076,1583805707,None,False,,none,True,False
S1024,59,primary,59,名古屋中環状線,8.50348106067038,661992488,1162707529,None,False,,none,True,False
S1025,70;227,primary,70;227,東海通,1490.8609197037636,661992488,602509177,None,False,,none,True,False
S1026,59,primary,59,名古屋中環状線,11.06499100732186,661992500,3813891705,None,False,,none,True,False
S1027,1,trunk,1,国道1号,250.13801016548322,661992500,3813889790,None,False,,crack_pothole,True,False
S1028,59,primary,59,名古屋中環状線,1744.2192896689435,661992500,1162707529,None,False,,none,True,False
S1029,67;190,primary,67;190,名古屋祖父江線,734.5283934355609,661992601,5663975525,None,False,,none,True,False
S1030,67;190,primary,67;190,名古屋祖父江線,1369.4067524520144,661992601,2353009284,None,False,,none,True,False
S1031,67;127,primary,"['67;127', '67']",名古屋祖父江線,2015.6055742926396,661992601,4300436435,None,False,,crack_pothole,True,False
S1032,63;163,primary,63;163,名古屋江南線,73.99727602848705,661992607,655649746,None,False,,none,True,False
S1033,segment_1033,primary_link,,,127.78314233650231,661992608,661992607,None,False,,none,True,False
S1034,59,primary,"['59', '59;158']",名古屋中環状線,3650.6723184560055,661992608,926697438,None,False,,none,True,False
S1035,59,primary,59,名古屋中環状線,419.38399012246265,661992608,1492299853,None,False,,none,True,False
S1036,segment_1036,motorway_link,,,392.41092428097045,662887860,289294374,None,False,,none,True,False
S1037,E87,motorway_link,E87,知多半島道路,528.9573362442758,662887860,1149168902,None,False,,none,True,False
S1038,segment_1038,motorway_link,,,295.1393528220756,662891200,665706695,None,False,,none,True,False
S1039,E87,motorway,E87,知多半島道路,2936.246881422938,665706695,665706734,None,False,,none,True,False
S1040,segment_1040,motorway_link,,,242.3356772168364,665706734,2420374125,None,False,,none,True,False
S1041,E87,motorway,E87,知多半島道路,630.1370169874334,665706734,2420374156,None,False,,crack_pothole,True,False
S1042,segment_1042,motorway_link,,,647.6839750239553,665706742,2116433660,None,False,,none,True,False
S1043,E87,motorway,E87,知多半島道路,1537.052111394811,665706742,926027390,None,False,,none,True,False
S1044,29,primary,29,八熊通,11.75054048136535,666674304,1162944142,None,False,,landslide_block,False,True
S1045,環状線,primary,,環状線,1763.586975735283,666674304,1161617295,None,False,,none,True,False
S1046,153,trunk,153,国道153号,10.20004078421307,671420336,6994299861,None,False,,none,True,False
S1047,153,trunk,153,飯田街道,1297.4124999370433,671420336,1608088435,None,False,,none,True,False
S1048,2,motorway,2,名古屋高速2号東山線,1256.4846291816398,671420342,4356716370,None,False,,none,True,False
S1049,155,trunk,155,国道155号,18.279464995580742,672762467,552642743,None,False,,none,True,False
S1050,19,trunk,19,国道19号,659.4245042194054,672762467,617499891,None,False,,none,True,False
S1051,155,trunk,155,国道155号,4530.3290788902295,672762467,619062478,None,False,,none,True,False
S1052,segment_1052,trunk_link,,,465.75258713614585,672762473,558325183,None,False,,none,True,False
S1053,19,trunk,19,国道19号,461.9898150881947,672762473,558325183,None,False,,none,True,False
S1054,segment_1054,trunk_link,,,370.0704955592859,672762480,5443184416,None,False,,none,True,False
S1055,19,trunk,19,国道19号,369.8607613370427,672762480,5443184416,None,False,,none,True,False
S1056,55,primary,55,環状線,10.06603537398719,704483113,657476546,None,False,,none,True,False
S1057,247,trunk,247,国道247号,1772.4575603821577,704483113,7517947331,None,False,,crack_pothole,True,False
S1058,247,trunk,247,国道247号,12.154507972123323,704483123,704483113,None,False,,none,True,False
S1059,55,primary,55,環状線,720.7933924486051,704483123,414669085,None,False,,none,True,False
S1060,60;57,primary,60;57,瀬戸大府東海線,555.490637368569,720610261,9187463673,None,False,,none,True,False
S1061,57,primary,57,瀬戸大府東海線,625.759574165604,720610261,627769295,None,False,,none,True,False
S1062,60,primary,60,名古屋長久手線,347.2566691370381,720610261,800028491,None,False,,none,True,False
S1063,247,trunk,247,国道247号,143.5277491189827,721247293,620381521,None,False,,none,True,False
S1064,27,trunk,27,春日井各務原線,15.042491020920028,721967937,630734822,None,False,,none,True,False
S1065,155,trunk,155,国道155号,248.02339769379972,721967937,1072275272,None,False,,crack_pothole,True,False
S1066,155,trunk,155,国道155号,2679.417069533644,722117347,5382601722,None,False,,crack_pothole,True,False
S1067,155,trunk,155,国道155号,976.7086867940159,722117347,552642743,None,False,,none,True,False
S1068,155,trunk,155,国道155号,2762.9982976943647,722117360,1367945656,None,False,,landslide_block,False,True
S1069,23,trunk_link,23,,533.4517504612743,739247053,739247079,None,False,,none,True,False
S1070,23,trunk,23,知立バイパス,307.62739702097076,739247079,2115200661,None,False,,none,True,False
S1071,23,trunk_link,23,国道23号,269.9921791366377,739247144,1576883703,None,False,,none,True,False
S1072,23,trunk,23,知立バイパス,697.8335553795124,739247144,739258091,None,False,,none,True,False
S1073,segment_1073,trunk_link,,,209.19949268744242,739248230,739248273,None,False,,none,True,False
S1074,23,trunk,23,国道23号,507.2951582533474,739248230,1150962549,None,False,,none,True,False
S1075,50,primary,50,名古屋碧南線,61.90279703934147,739248240,505080004,None,False,,none,True,False
S1076,segment_1076,trunk_link,,,77.04258774812952,739248240,1150962571,None,False,,none,True,False
S1077,50,primary,50,名古屋碧南線,4260.193471373017,739248240,429675062,None,False,,none,True,False
S1078,segment_1078,trunk_link,,,89.8131571791356,739248273,739248240,None,False,,none,True,False
S1079,segment_1079,trunk_link,,,38.961853233075246,739248273,505080004,None,False,,none,True,False
S1080,23,trunk_link,23,国道23号,305.2109343200323,739254702,6158741122,None,False,,none,True,False
S1081,23,trunk,23,知立バイパス,555.7031196193766,739254702,1576883968,None,False,,none,True,False
S1082,23,trunk,23,国道23号,351.91040527750886,739254817,2116038085,None,False,,none,True,False
S1083,segment_1083,trunk_link,,,380.16181246646056,739254817,2116038085,None,False,,none,True,False
S1084,23,trunk,23,国道23号,449.91562169505585,739254878,739254882,None,False,,none,True,False
S1085,23,trunk_link,23,国道23号,613.4425019057168,739254878,4086811419,None,False,,crack_pothole,True,False
S1086,segment_1086,motorway_link,,,357.0348519144999,739254882,2599425040,None,False,,none,True,False
S1087,23,trunk,23,国道23号,565.5727801416851,739254882,739254702,None,False,,none,True,False
S1088,23,trunk,23,国道23号,506.0840095922246,739258091,739258104,None,False,,none,True,False
S1089,23,trunk,23,国道23号,605.2645651300911,739258104,739258120,None,False,,none,True,False
S1090,23,trunk,23,国道23号,299.2879638248503,739258120,2116038104,None,False,,crack_pothole,True,False
S1091,segment_1091,trunk_link,,,384.64705671180013,739258151,2113272701,None,False,,none,True,False
S1092,23,trunk,23,国道23号,343.25185875071804,739258151,2113272701,None,False,,none,True,False
S1093,54,primary,54,豊田知立線,11.95857188104759,759590742,756767135,None,False,,none,True,False
S1094,54,primary,54,豊田知立線,30.8288942563749,759590742,12944880890,None,False,,none,True,False
S1095,56,primary,56,名古屋岡崎線,2137.9162995324596,773472357,3829781726,None,False,,none,True,False
S1096,56,primary,56,名古屋岡崎線,258.1301909523382,773472357,1163381957,None,False,,none,True,False
S1097,56,primary,56,名古屋岡崎線,492.86931703985545,773472357,1163381983,None,False,,none,True,False
S1098,155,trunk,155,豊田南バイパス,354.81586631661753,775500633,4162359834,None,False,,none,True,False
S1099,segment_1099,trunk_link,,,103.04174515083179,775500633,6992520234,None,False,,none,True,False
S1100,155,trunk,155,豊田南バイパス,6.682099436457188,775500640,3829793653,None,False,,landslide_block,False,True
S1101,155,trunk,155,豊田南バイパス,416.9330905413773,775500667,775500676,None,False,,crack_pothole,True,False
S1102,155,trunk,155,豊田南バイパス,138.27548842842285,775500676,12844426857,None,False,,crack_pothole,True,False
S1103,segment_1103,trunk_link,,,117.0233599244831,775500676,12844426823,None,False,,none,True,False
S1104,419,trunk,419,衣浦豊田道路,1213.1593608200697,775500679,1601039117,None,False,,none,True,False
S1105,155,"['trunk_link', 'trunk']",155,豊田南バイパス,466.69001479121255,775500679,775500686,None,False,,none,True,False
S1106,155,trunk_link,155,豊田南バイパス,34.8977715245108,775500686,781494761,None,False,,none,True,False
S1107,56,primary,56,名古屋岡崎線バイパス,239.67586492472174,775500686,1601042289,None,False,,none,True,False
S1108,36,primary,36,諸輪名古屋線,14.857765984090893,775502756,392633560,None,False,,none,True,False
S1109,1,trunk,1,国道1号,820.0701966296659,775502756,392633607,None,False,,none,True,False
S1110,12,primary,12,豊田一色線,29.543265315355605,780940525,1601035583,None,False,,none,True,False
S1111,56,primary,56,名古屋岡崎線バイパス,1034.932482337675,780940525,781494777,None,False,,none,True,False
S1112,366,trunk,366,国道366号,3755.5556225817677,780944011,1940995376,None,False,,none,True,False
S1113,366,trunk,366,国道366号,273.32387904647857,780944011,9821356803,None,False,,none,True,False
S1114,segment_1114,motorway_link,,,80.97079381805577,781489699,781489703,None,False,,crack_pothole,True,False
S1115,segment_1115,motorway_link,,,653.8163600502214,781489703,962863273,None,False,,none,True,False
S1116,segment_1116,motorway_link,,,122.20829842034006,781489703,781489707,None,False,,none,True,False
S1117,segment_1117,motorway_link,,,420.23557436179317,781489707,1149207249,None,False,,none,True,False
S1118,segment_1118,motorway_link,,,236.58499464146544,781489707,781489718,None,False,,none,True,False
S1119,segment_1119,motorway_link,,,347.9203562259008,781489718,2115335974,None,False,,none,True,False
S1120,segment_1120,motorway_link,,,1167.720368422616,781489718,1150962614,None,False,,none,True,False
S1121,56,primary,56,名古屋岡崎線バイパス,23.65371139237235,781494761,4079413655,None,False,,none,True,False
S1122,155,trunk_link,155,豊田南バイパス,149.4008614345207,781494761,6129565712,None,False,,none,True,False
S1123,56,primary,56,名古屋岡崎線バイパス,91.70019245238437,781494768,1601042091,None,False,,none,True,False
S1124,56,primary,56,名古屋岡崎線バイパス,479.47501555075,781494776,781494768,None,False,,crack_pothole,True,False
S1125,segment_1125,primary_link,,,481.37422325842624,781494776,781494768,None,False,,none,True,False
S1126,56,primary,56,名古屋岡崎線バイパス,43.08362531108034,781494777,781494776,None,False,,none,True,False
S1127,60,primary_link,60,東山通,43.35540102523268,792498170,792498183,None,False,,none,True,False
S1128,302,trunk,302,国道302号,110.30198670760313,792498170,3131700915,None,False,,none,True,False
S1129,302,trunk,302,国道302号,53.007403357243994,792498178,792498170,None,False,,none,True,False
S1130,60,primary_link,60,東山通,357.48633019068893,792498178,1706692916,None,False,,none,True,False
S1131,60,primary_link,60,東山通,49.20277793318378,792498182,792498178,None,False,,none,True,False
S1132,302,trunk,302,国道302号,37.42977734444077,792498182,9367044840,None,False,,none,True,False
S1133,302,trunk,302,国道302号,51.06018305002397,792498183,792498182,None,False,,crack_pothole,True,False
S1134,60,primary_link,60,東山通,230.94406909190627,792498183,612726812,None,False,,none,True,False
S1135,6;60,primary,6;60,力石名古屋線,8.158114723785387,800028488,7010390915,None,False,,none,True,False
S1136,6,primary_link,6,力石名古屋線,930.8549152923721,800028489,800029031,None,False,,crack_pothole,True,False
S1137,6,primary,6,力石名古屋線,301.69534918392895,800028489,800028808,None,False,,none,True,False
S1138,75;215,primary,"['75;215', '75']",春日井長久手線,876.2095245263206,800028491,627769295,None,False,,none,True,False
S1139,60,primary,60,名古屋長久手線,880.1505252563513,800028491,800029015,None,False,,none,True,False
S1140,60,primary,60,名古屋長久手線,347.25666913703805,800028491,720610261,None,False,,none,True,False
S1141,60,primary,60,図書館通り,11.71451365792144,800028609,800028488,None,False,,none,True,False
S1142,6,primary,6,力石名古屋線,1516.7024089833571,800028609,1889499149,None,False,,crack_pothole,True,False
S1143,60;57,primary,60;57,瀬戸大府東海線,11.133536561950994,800028788,9187463673,None,False,,none,True,False
S1144,57,primary,57,瀬戸大府東海線,636.9374895513496,800028788,3829500474,None,False,,none,True,False
S1145,6,primary,6,力石名古屋線,631.9799288917685,800028808,800029031,None,False,,crack_pothole,True,False
S1146,6,primary_link,6,力石名古屋線,312.3849141487419,800028966,1600036747,None,False,,crack_pothole,True,False
S1147,6,primary,6,力石名古屋線,457.6000628475081,800028966,1600036709,None,False,,crack_pothole,True,False
S1148,6,primary,6,力石名古屋線,105.35714183453815,800028989,800028966,None,False,,none,True,False
S1149,6,primary,6,"['図書館通り', '力石名古屋線', 'はなみずき通り']",2556.449505868003,800029015,505157116,None,False,,none,True,False
S1150,6;60,primary,6;60,図書館通り,410.4363838879009,800029015,7010390907,None,False,,none,True,False
S1151,60,primary,60,名古屋長久手線,880.1505252563513,800029015,800028491,None,False,,none,True,False
S1152,segment_1152,motorway_link,,,11.268830366791232,800029019,1150439399,None,False,,none,True,False
S1153,6,primary,6,力石名古屋線,198.3617509806054,800029019,800029102,None,False,,none,True,False
S1154,6,primary,6,力石名古屋線,758.7401908330271,800029019,800028489,None,False,,none,True,False
S1155,6,primary,6,力石名古屋線,360.2923542625027,800029031,2405565828,None,False,,none,True,False
S1156,6,primary,6,力石名古屋線,198.3617509806054,800029102,800029019,None,False,,none,True,False
S1157,50,primary,50,名古屋碧南線,946.4979792243438,810102765,479734906,None,False,,landslide_block,False,True
S1158,1,trunk,1,国道1号,1065.5134452463699,810102765,7561090720,None,False,,none,True,False
S1159,1,trunk,1,国道1号,201.61900657549214,810102765,11428506456,None,False,,none,True,False
S1160,30,primary,30,関田名古屋線,12.30607482815706,847801659,352709264,None,False,,landslide_block,False,True
S1161,30,primary,30,関田名古屋線,991.9361484146133,847801659,847801735,None,False,,crack_pothole,True,False
S1162,15;61,primary,15;61,名古屋多治見線,11.906594564633597,847801686,414671174,None,False,,none,True,False
S1163,30,primary,30,関田名古屋線,3479.4508578767545,847801686,602549935,None,False,,crack_pothole,True,False
S1164,15;61,primary,15;61,名古屋多治見線,1759.8128237942099,847801686,559391495,None,False,,none,True,False
S1165,59;202,primary,59;202,名古屋中環状線,13.543199988031612,847801735,352709212,None,False,,none,True,False
S1166,59;202,primary,"['59;202', '59']",名古屋中環状線,1429.7643583348133,847801735,559391557,None,False,,none,True,False
S1167,30,primary,30,関田名古屋線,1542.0201529678536,847801735,847801686,None,False,,none,True,False
S1168,25,primary,"['25', '25;451']",春日井一宮線,2384.1794181319465,870386443,1125958216,None,False,,none,True,False
S1169,25;451,primary,25;451,春日井一宮線,757.7506830433423,870386443,1070961025,None,False,,none,True,False
S1170,C1,motorway,C1,名古屋高速都心環状線,701.81197576041,870522805,385132930,None,False,,none,True,False
S1171,segment_1171,motorway_link,,,275.0305864704161,870522805,1146828737,None,False,,none,True,False
S1172,59,primary,59,名古屋中環状線,474.1700225439526,895555617,1906954954,None,False,,none,True,False
S1173,59,primary,59,名古屋中環状線,1420.6112928544642,895555617,3829732489,None,False,,none,True,False
S1174,153,trunk_link,153,国道153号,21.499882283067898,895555668,3803549801,None,False,,none,True,False
S1175,153,trunk_link,153,国道153号,20.538599765283077,895555668,653984124,None,False,,none,True,False
S1176,segment_1176,motorway_link,,,84.27821979959292,919595272,652581060,None,False,,none,True,False
S1177,segment_1177,motorway_link,,,449.83125229354613,920346617,5506853851,None,False,,none,True,False
S1178,E1,motorway,E1,東名高速道路,559.6708949937994,920346617,321619249,None,False,,none,True,False
S1179,segment_1179,motorway_link,,,154.00435072343166,920346647,503864276,None,False,,none,True,False
S1180,54,primary,54,豊田知立線,9.415329285300606,925534450,925534452,None,False,,none,True,False
S1181,54,primary,54,"['小石川橋', '根浦橋', '豊田知立線バイパス', '豊田知立線']",1091.8412838114916,925534450,12944880890,None,False,,none,True,False
S1182,54,primary,54,豊田知立線バイパス,8.235008833180094,925534452,10747923722,None,False,,none,True,False
S1183,54,primary,54,豊田知立線,9.415329285300606,925534452,925534450,None,False,,none,True,False
S1184,54,"['motorway_link', 'primary']",54,豊田知立線,561.7548978175985,925534452,503864473,None,False,,none,True,False
S1185,segment_1185,motorway_link,,,343.79911352245,926027390,926027399,None,False,,none,True,False
S1186,E87,motorway,E87,知多半島道路,385.31102829287823,926027390,662887860,None,False,,none,True,False
S1187,segment_1187,motorway_link,,,395.78140417558853,926027399,926027402,None,False,,none,True,False
S1188,3,motorway,3,"['名古屋高速3号大高線', '名古屋高速3号線大高線']",2954.9243401470835,926027402,1150200094,None,False,,none,True,False
S1189,3,motorway,3,名古屋高速3号大高線,924.0937575644443,926028536,926028569,None,False,,crack_pothole,True,False
S1190,segment_1190,motorway_link,,,266.95732623323244,926028568,942621270,None,False,,none,True,False
S1191,segment_1191,motorway_link,,,319.29993805964205,926028568,385044453,None,False,,none,True,False
S1192,3,motorway,3,名古屋高速3号大高線,283.48399308926093,926028569,926027402,None,False,,none,True,False
S1193,59,primary,59,名古屋中環状線,23.648649194147637,926697356,926697438,None,False,,none,True,False
S1194,41,trunk,41,国道41号,473.8440100316361,926697356,8363974764,None,False,,none,True,False
S1195,59,primary,59,名古屋中環状線,3722.2301190755716,926697356,632461573,None,False,,none,True,False
S1196,59,primary,59,名古屋中環状線,23.648649194147637,926697438,926697356,None,False,,none,True,False
S1197,41,trunk,41,国道41号,709.0883995994847,926697438,6282862132,None,False,,none,True,False
S1198,59,primary,"['59', '59;158']",名古屋中環状線,3650.6723184560046,926697438,661992608,None,False,,none,True,False
S1199,68,primary,68,名駅通,377.7540484642138,929214970,8265691369,None,False,,none,True,False
S1200,68,primary,68,名駅通,38.564242188074026,929214970,334505628,None,False,,none,True,False
S1201,segment_1201,motorway_link,,,117.46940606681338,939278178,8980578174,None,False,,none,True,False
S1202,segment_1202,motorway_link,,,214.08957922075902,939278178,7735713833,None,False,,none,True,False
S1203,segment_1203,motorway_link,,,97.85929257155486,939278186,8980578189,None,False,,none,True,False
S1204,2,motorway,2,名古屋高速2号東山線,186.83549034469573,939278186,8980578187,None,False,,landslide_block,False,True
S1205,23,trunk,23,国道23号,246.61472777436938,943165074,289294186,None,False,,none,True,False
S1206,23,trunk,23,国道23号,171.91177622298048,943165075,1149168832,None,False,,none,True,False
S1207,segment_1207,trunk_link,,,230.04281726049462,943165075,410396286,None,False,,none,True,False
S1208,segment_1208,motorway_link,,,1000.2805420223029,962863201,1149207239,None,False,,none,True,False
S1209,3,"['motorway_link', 'motorway']",3,名古屋高速3号大高線,334.2203540756357,962863201,1150962592,None,False,,none,True,False
S1210,segment_1210,motorway_link,,,633.4878384067921,962863221,962863229,None,False,,none,True,False
S1211,segment_1211,motorway_link,,,328.61469279371926,962863221,962863225,None,False,,none,True,False
S1212,segment_1212,motorway_link,,,463.4891833214196,962863225,1149207249,None,False,,crack_pothole,True,False
S1213,segment_1213,motorway_link,,,386.0516143996706,962863225,962863273,None,False,,none,True,False
S1214,segment_1214,motorway_link,,,241.82530277765744,962863229,357209633,None,False,,none,True,False
S1215,3,"['motorway_link', 'motorway']",3,名古屋高速3号大高線,152.53381617324814,962863273,926028536,None,False,,none,True,False
S1216,30,primary,30,関田名古屋線,2417.5498479856924,969659045,559456057,None,False,,none,True,False
S1217,30,primary,30,関田名古屋線,26.260699710971586,969659045,11195410407,None,False,,none,True,False
S1218,247,motorway_link,247,西知多産業道路,336.95988881611953,970689483,1581269399,None,False,,none,True,False
S1219,247,motorway,247,西知多産業道路,576.5587606030914,970689483,1581268157,None,False,,none,True,False
S1220,153,trunk,153,国道153号,367.43009533871555,994329426,12946220938,None,False,,landslide_block,False,True
S1221,56,primary,56,名古屋岡崎線バイパス,1226.053350158307,994334859,1730568154,None,False,,crack_pothole,True,False
S1222,segment_1222,motorway_link,,,448.35256780726974,1025027199,520109025,None,False,,none,True,False
S1223,11,motorway,11,名古屋高速11号小牧線,1319.7535777868284,1025027199,1146658853,None,False,,none,True,False
S1224,E1,motorway,E1,東名高速道路,1412.0184850230946,1033429194,559375721,None,False,,none,True,False
S1225,62,primary,62,春日井稲沢線,1669.871569219923,1034954967,518868952,None,False,,none,True,False
S1226,62,primary,62,春日井稲沢線,858.924429637151,1034954967,1034955629,None,False,,none,True,False
S1227,62,primary,62,春日井稲沢線,27.562971691199266,1034955629,1146658759,None,False,,crack_pothole,True,False
S1228,41,trunk,41,国道41号,12.160617825999395,1034955629,4355112290,None,False,,crack_pothole,True,False
S1229,25;27;451,primary,25;27;451,春日井一宮線,692.8910400099463,1070961025,539438564,None,False,,none,True,False
S1230,27,primary,27,春日井各務原線,361.50227793646286,1070961025,1070961102,None,False,,none,True,False
S1231,27,primary,27,春日井各務原線,865.076917186389,1070961025,619062478,None,False,,none,True,False
S1232,25;451,primary,25;451,春日井一宮線,757.7506830433424,1070961025,870386443,None,False,,none,True,False
S1233,27,primary,27,県道春日井各務原線,46.24960833658451,1070961102,1070961102,None,False,,none,True,False
S1234,27,primary,27,春日井各務原線,361.50227793646286,1070961102,1070961025,None,False,,none,True,False
S1235,27,primary,27,春日井各務原線,13.77774338528897,1072275196,1072275272,None,False,,none,True,False
S1236,155,trunk,155,国道155号,255.19841626266896,1072275196,630734822,None,False,,none,True,False
S1237,27,primary,27,春日井各務原線,13.77774338528897,1072275272,1072275196,None,False,,none,True,False
S1238,27,primary,27,春日井各務原線,1421.2508456640087,1072275272,552601588,None,False,,none,True,False
S1239,E19,motorway_link,E19,中央自動車道,1203.7244834159844,1091581637,298567006,None,False,,crack_pothole,True,False
S1240,E1,motorway,E1,東名高速道路,1564.3399712928374,1091581637,1091581663,None,False,,none,True,False
S1241,19,trunk,19,国道19号,660.389799653262,1125908068,494983461,None,False,,none,True,False
S1242,segment_1242,trunk_link,,,297.93633305772914,1125908068,8386686668,None,False,,none,True,False
S1243,19,trunk,19,国道19号,273.2024382200624,1125908121,563634344,None,False,,none,True,False
S1244,25,primary,25,春日井一宮線,9.554371674632428,1125958216,1125958285,None,False,,none,True,False
S1245,25,primary,25,春日井一宮線,740.0385949213525,1125958216,552600098,None,False,,none,True,False
S1246,25,primary,25,春日井一宮線,9.554371674632428,1125958285,1125958216,None,False,,none,True,False
S1247,25;451,primary,25;451,春日井一宮線,2378.8495792391764,1125958285,870386443,None,False,,none,True,False
S1248,19,trunk,19,国道19号,29.723179184378257,1127485216,539344363,None,False,,none,True,False
S1249,15;61,primary,15;61,名古屋多治見線,239.2593624295866,1127485216,1127485555,None,False,,none,True,False
S1250,15;61,primary,15;61,名古屋多治見線,14.770528964584404,1127485555,6958087645,None,False,,crack_pothole,True,False
S1251,環状線,primary,,環状線,224.85440650127975,1127485555,551953555,None,False,,none,True,False
S1252,155,trunk,155,国道155号,422.6010468968335,1137610221,5382601611,None,False,,none,True,False
S1253,155,trunk,155,国道155号,592.7708601546177,1137610221,5306525316,None,False,,none,True,False
S1254,segment_1254,trunk_link,,,43.96832793190646,1143948726,1875861708,None,False,,none,True,False
S1255,59,primary,59,名古屋中環状線,75.21260870991556,1143948726,566646428,None,False,,none,True,False
S1256,59,primary,59,名古屋中環状線,1038.5998853179253,1143948726,566639947,None,False,,none,True,False
S1257,22,primary,22,瀬戸環状線,670.352095406291,1145530281,627769400,None,False,,none,True,False
S1258,41,trunk,41,国道41号,9.892952763266408,1146658759,552596350,None,False,,none,True,False
S1259,62,primary,62,春日井稲沢線,3736.075240120317,1146658759,1168302227,None,False,,crack_pothole,True,False
S1260,11,motorway,11,名古屋高速11号小牧線,920.0377451439467,1146658800,1025027199,None,False,,none,True,False
S1261,segment_1261,motorway_link,,,387.25992890458764,1146658829,635868190,None,False,,none,True,False
S1262,11,motorway,11,名古屋高速11号小牧線,533.7933605478786,1146658829,295014126,None,False,,none,True,False
S1263,11,motorway,11,名古屋高速11号小牧線,1074.6107797212817,1146658853,4355095844,None,False,,none,True,False
S1264,41,trunk,41,国道41号,276.58480755732677,1146658903,552600098,None,False,,none,True,False
S1265,segment_1265,motorway_link,,,564.2301256830639,1146658903,1146658853,None,False,,none,True,False
S1266,1,motorway,1,名古屋高速1号線,1776.4451537076359,1146828722,1146828801,None,False,,none,True,False
S1267,segment_1267,motorway_link,,,319.92106422830216,1146828737,7735776730,None,False,,none,True,False
S1268,segment_1268,motorway_link,,,316.20805777855674,1146828771,1146828796,None,False,,crack_pothole,True,False
S1269,segment_1269,motorway_link,,,16.71730874001807,1146828772,1146828771,None,False,,none,True,False
S1270,1,motorway,1,名古屋高速1号線,487.4792749681315,1146828776,289333031,None,False,,none,True,False
S1271,segment_1271,motorway_link,,,211.52734689181122,1146828776,295014187,None,False,,none,True,False
S1272,segment_1272,motorway_link,,,502.22913151552956,1146828796,1146828722,None,False,,none,True,False
S1273,segment_1273,motorway_link,,,291.0083102810786,1146828796,289333031,None,False,,none,True,False
S1274,C1,motorway,C1,名古屋高速環状線,739.0888684391931,1146828801,385132930,None,False,,none,True,False
S1275,segment_1275,motorway_link,,,311.87483174880936,1146828801,1146828737,None,False,,none,True,False
S1276,江川線,primary,,江川線,10.534348262610681,1147184144,495060679,None,False,,none,True,False
S1277,名駅通,primary,,"['名駅通', '山王通']",1080.5142748252003,1147184144,660711450,None,False,,none,True,False
S1278,30,primary,30,関田名古屋線,9.083987205221238,1147285769,563817254,None,False,,none,True,False
S1279,山王通,primary,,山王通,314.6729099446493,1147285769,6994219189,None,False,,none,True,False
S1280,大須通,primary,,大須通,13.3817803206761,1147285891,660711450,None,False,,none,True,False
S1281,名駅通,primary,,"['名駅通', '山王通']",1063.0115439649962,1147285891,495060679,None,False,,none,True,False
S1282,C2,motorway,C2,名古屋第二環状自動車道,603.6673374650534,1148955394,461563738,None,False,,none,True,False
S1283,302,trunk,302,国道302号,78.13194712871021,1148955420,4333214604,None,False,,crack_pothole,True,False
S1284,302,trunk,302,国道302号,93.67965591439506,1148955420,566639741,None,False,,none,True,False
S1285,segment_1285,motorway_link,,,650.6986951703728,1148955420,1148955394,None,False,,none,True,False
S1286,C2,motorway,C2,名古屋第二環状自動車道,1432.9755530241364,1148955513,7178634424,None,False,,none,True,False
S1287,302,trunk,302,国道302号,335.8775210602652,1149064843,1149064879,None,False,,none,True,False
S1288,C2,motorway,C2,名古屋第二環状自動車道,1123.3577556399657,1149064850,6768678756,None,False,,none,True,False
S1289,segment_1289,motorway_link,,,1004.1463046265121,1149064850,638386940,None,False,,none,True,False
S1290,56;221,primary,56;221,名古屋岡崎線,24.109251616781993,1149064871,581434005,None,False,,none,True,False
S1291,302,trunk,302,国道302号,167.37656997124512,1149064871,1149064889,None,False,,none,True,False
S1292,segment_1292,motorway_link,,,277.42763944771224,1149064877,2497023930,None,False,,none,True,False
S1293,302,trunk,302,国道302号,350.1620217299497,1149064877,9849655797,None,False,,none,True,False
S1294,302,trunk,302,国道302号,25.95647912606747,1149064879,2497023905,None,False,,none,True,False
S1295,302,trunk,302,国道302号,8.406368008117761,1149064880,1149064871,None,False,,none,True,False
S1296,56;221,primary,"['56;221', '56']",名古屋岡崎線,928.4002245406847,1149064880,2104186802,None,False,,none,True,False
S1297,C2,motorway,C2,名古屋第二環状自動車道,1312.6406629228497,1149064888,4336475485,None,False,,none,True,False
S1298,58,primary,58,飯田街道,29.517654668775727,1149064889,1671539610,None,False,,none,True,False
S1299,302,trunk,302,国道302号,2145.3412869348635,1149064889,11241117063,None,False,,none,True,False
S1300,58,primary,58,飯田街道,939.3043853121775,1149064889,537868265,None,False,,none,True,False
S1301,302,trunk,302,国道302号,43.44281405766494,1149064894,1149064877,None,False,,none,True,False
S1302,segment_1302,motorway_link,,,692.7233857182417,1149064903,1706692866,None,False,,none,True,False
S1303,C2,motorway,C2,名古屋第二環状自動車道,525.5721110376517,1149064903,638387033,None,False,,none,True,False
S1304,C2,motorway,C2,名古屋第二環状自動車道,2218.1680536343974,1149064929,1875860404,None,False,,none,True,False
S1305,segment_1305,motorway_link,,,378.56091112361827,1149064929,7555498925,None,False,,none,True,False
S1306,153,trunk_link,153,国道153号,30.61452616576951,1149064939,2913832100,None,False,,none,True,False
S1307,302,trunk,302,国道302号,15.551335470498257,1149064939,3803549801,None,False,,none,True,False
S1308,E1A,motorway,E1A,伊勢湾岸自動車道,1269.5513776213938,1149115293,2115335974,None,False,,none,True,False
S1309,segment_1309,motorway_link,,,491.2984939186903,1149115293,781489699,None,False,,none,True,False
S1310,23,trunk,23,国道23号,397.8725739410126,1149168832,4574676759,None,False,,crack_pothole,True,False
S1311,segment_1311,motorway_link,,,752.9491647139881,1149168832,926028569,None,False,,none,True,False
S1312,E1A,motorway,E1A,伊勢湾岸自動車道,3633.017652556242,1149168878,241799046,None,False,,none,True,False
S1313,23,trunk,23,国道23号,270.3279186011821,1149168902,289294179,None,False,,landslide_block,False,True
S1314,segment_1314,trunk_link,,,295.96371105725916,1149168977,1940995376,None,False,,landslide_block,False,True
S1315,23,trunk,23,国道23号,655.656243849215,1149168977,1579399756,None,False,,none,True,False
S1316,23,trunk,23,国道23号,232.39218822832925,1149168985,943165075,None,False,,none,True,False
S1317,segment_1317,trunk_link,,,82.4538654001742,1149169051,2116074566,None,False,,landslide_block,False,True
S1318,23,trunk,23,国道23号,323.0628382669146,1149169051,2116054364,None,False,,none,True,False
S1319,E1A,motorway,E1A,伊勢湾岸自動車道,4169.826696915002,1149169061,288685014,None,False,,none,True,False
S1320,segment_1320,motorway_link,,,516.4643893183146,1149207162,2116135712,None,False,,none,True,False
S1321,segment_1321,motorway_link,,,360.25819731522165,1149207202,1149207162,None,False,,none,True,False
S1322,segment_1322,motorway_link,,,306.0758713649255,1149207202,1149348472,None,False,,landslide_block,False,True
S1323,segment_1323,motorway_link,,,1136.7374921506716,1149207219,926028536,None,False,,none,True,False
S1324,segment_1324,motorway_link,,,176.07594760282413,1149207219,1149207202,None,False,,none,True,False
S1325,C2,motorway,C2,名古屋第二環状自動車道,1948.1486773696543,1149207239,1149226340,None,False,,none,True,False
S1326,segment_1326,motorway_link,,,483.26446503846716,1149207249,1149207239,None,False,,none,True,False
S1327,C2,motorway,C2,名古屋第二環状自動車道,1002.1641189216729,1149226222,12691016533,None,False,,none,True,False
S1328,C2,motorway_link,C2,,350.7283839658131,1149226222,4336445666,None,False,,none,True,False
S1329,segment_1329,motorway_link,,,12.325617133135603,1149226235,7735627536,None,False,,none,True,False
S1330,C2,motorway,C2,名古屋第二環状自動車道,3084.442658586669,1149226290,1941034804,None,False,,none,True,False
S1331,C2,motorway,C2,名古屋第二環状自動車道,992.3782270839162,1149226304,2497023881,None,False,,none,True,False
S1332,segment_1332,motorway_link,,,403.1550343874342,1149226304,2913832604,None,False,,none,True,False
S1333,C2,motorway,C2,名古屋第二環状自動車道,923.284399549498,1149226340,1941034803,None,False,,none,True,False
S1334,segment_1334,motorway_link,,,288.18143202053693,1149226340,4336427544,None,False,,none,True,False
S1335,23,trunk,23,国道23号,10.968509798588698,1149298393,7517947347,None,False,,none,True,False
S1336,36,primary,36,諸輪名古屋線,1319.2955813623473,1149298393,1636124415,None,False,,none,True,False
S1337,segment_1337,trunk_link,,,78.79284905416088,1149298446,1940995429,None,False,,none,True,False
S1338,segment_1338,trunk_link,,,277.73618938206425,1149298446,1150962613,None,False,,none,True,False
S1339,segment_1339,trunk_link,,,374.5121702617039,1149298452,1149298446,None,False,,none,True,False
S1340,23,trunk,23,国道23号,1043.371433130946,1149298452,3829601942,None,False,,none,True,False
S1341,E1A,motorway,E1A,伊勢湾岸自動車道,1038.24260220439,1149317536,2126161540,None,False,,none,True,False
S1342,segment_1342,motorway_link,,,203.68499425091883,1149348466,962863229,None,False,,none,True,False
S1343,segment_1343,motorway_link,,,263.051862238394,1149348472,1149348466,None,False,,none,True,False
S1344,3,motorway,3,"['名古屋高速3号大高線', '名古屋高速3号線大高線']",2365.5602938184347,1150200094,4356708433,None,False,,none,True,False
S1345,segment_1345,motorway_link,,,430.4940927621384,1150200130,12468720223,None,False,,none,True,False
S1346,3,motorway,3,名古屋高速3号大高線,2524.116842238017,1150200130,2918357249,None,False,,none,True,False
S1347,1,trunk,1,国道1号,30.88638432448282,1150200143,620256273,None,False,,none,True,False
S1348,空港線,primary,,空港線,1343.3853892602594,1150200143,3821559663,None,False,,none,True,False
S1349,3,motorway,3,名古屋高速3号大高線,797.6442764581313,1150200150,2918339388,None,False,,none,True,False
S1350,C1,motorway,C1,名古屋高速都心環状線,475.74013758626705,1150254296,289332755,None,False,,crack_pothole,True,False
S1351,segment_1351,motorway_link,,,391.53883161365405,1150254296,601348885,None,False,,crack_pothole,True,False
S1352,segment_1352,motorway_link,,,495.0761498080994,1150316082,385132940,None,False,,none,True,False
S1353,空港線,primary_link,,空港線,429.5833594621473,1150316082,7735792969,None,False,,none,True,False
S1354,2,motorway,2,名古屋高速2号東山線,1725.5109605407586,1150329323,2094276655,None,False,,none,True,False
S1355,segment_1355,motorway_link,,,196.18884601528845,1150363042,602418473,None,False,,landslide_block,False,True
S1356,segment_1356,motorway_link,,,587.8601189357726,1150363042,602418454,None,False,,none,True,False
S1357,E1,motorway,E1,東名高速道路,3595.2878677244835,1150407309,559375608,None,False,,none,True,False
S1358,segment_1358,motorway_link,,,11.317183777429795,1150439328,800029019,None,False,,none,True,False
S1359,6,primary,6,力石名古屋線,1041.2347355383306,1150439328,3829500473,None,False,,none,True,False
S1360,521,"['motorway_link', 'motorway']",521,名古屋瀬戸道路,1492.5143545815818,1150439373,1150439599,None,False,,crack_pothole,True,False
S1361,521,"['motorway_link', 'motorway']",521,名古屋瀬戸道路,1499.820338704499,1150439396,1150439777,None,False,,none,True,False
S1362,6,primary,6,力石名古屋線,7.744939461604694,1150439399,1150439328,None,False,,crack_pothole,True,False
S1363,segment_1363,motorway_link,,,117.36789975533195,1150439399,2417949192,None,False,,none,True,False
S1364,segment_1364,motorway_link,,,205.5240913547304,1150439599,2417949195,None,False,,none,True,False
S1365,名古屋瀬戸道路,motorway_link,,名古屋瀬戸道路,1321.5551145361987,1150439599,800028808,None,False,,none,True,False
S1366,segment_1366,motorway_link,,,1138.339042009292,1150439777,289334319,None,False,,none,True,False
S1367,segment_1367,motorway_link,,,1348.0136986499156,1150439777,503864202,None,False,,none,True,False
S1368,54;284,primary,54;284,豊田知立線,10.914441935913779,1150580996,366959424,None,False,,crack_pothole,True,False
S1369,54;284,primary,"['54;284', '54']",豊田知立線,3998.7083986862995,1150580996,3829807771,None,False,,none,True,False
S1370,1,trunk,1,国道1号,638.636480940488,1150580996,1945489034,None,False,,none,True,False
S1371,4,motorway,4,名古屋高速4号東海線,1513.3148828884405,1150898450,1933710059,None,False,,none,True,False
S1372,segment_1372,motorway_link,,,454.76372621926674,1150898450,660917857,None,False,,none,True,False
S1373,江川線,primary,,江川線,139.13382915821137,1150898451,1558182073,None,False,,none,True,False
S1374,segment_1374,motorway_link,,,686.2634299097548,1150962549,1149348466,None,False,,none,True,False
S1375,23,trunk,23,国道23号,311.7473194135615,1150962549,7128472637,None,False,,none,True,False
S1376,segment_1376,trunk_link,,,292.2180484094306,1150962571,2861456053,None,False,,none,True,False
S1377,segment_1377,motorway_link,,,585.6756419895902,1150962592,1149348472,None,False,,crack_pothole,True,False
S1378,segment_1378,motorway_link,,,656.1576119301074,1150962592,1149207162,None,False,,none,True,False
S1379,segment_1379,trunk_link,,,79.08287042180277,1150962613,505080001,None,False,,none,True,False
S1380,segment_1380,motorway_link,,,214.505670436413,1150962614,1150962613,None,False,,none,True,False
S1381,segment_1381,motorway_link,,,176.89637167017847,1150962614,1150962619,None,False,,landslide_block,False,True
S1382,segment_1382,trunk_link,,,506.13082660165975,1150962619,3829601942,None,False,,none,True,False
S1383,環状線,primary,,環状線,650.2796401590006,1160499319,660969269,None,False,,none,True,False
S1384,68,primary,68,太閤通,13.94024817623936,1160571371,601302933,None,False,,none,True,False
S1385,環状線,primary,,環状線,1147.5987087633662,1160571371,1160571453,None,False,,none,True,False
S1386,環状線,primary,,環状線,11.09371806941318,1160571389,1160571371,None,False,,none,True,False
S1387,68,primary,68,太閤通,1154.2578052647787,1160571389,8265691367,None,False,,crack_pothole,True,False
S1388,環状線,primary,,環状線,12.419085595563402,1161617295,1161617433,None,False,,none,True,False
S1389,1,trunk,1,"['昭和橋通', '国道1号']",1749.7624736287978,1161617295,1558182072,None,False,,crack_pothole,True,False
S1390,1,trunk,1,昭和橋通,12.710691152644346,1161617433,1161617586,None,False,,none,True,False
S1391,環状線,primary,,環状線,1239.2501531063215,1161617433,1161618005,None,False,,none,True,False
S1392,環状線,primary,,環状線,12.47927355231991,1161617586,2069785787,None,False,,none,True,False
S1393,1,trunk,1,"['昭和橋通', '国道1号']",2771.7619692037397,1161617586,1985465242,None,False,,none,True,False
S1394,59,primary,59,名古屋中環状線,9.030580065423882,1161617668,1161617868,None,False,,none,True,False
S1395,柳瀬橋,primary,,"['柳瀬橋', '東海通']",1596.403621391399,1161617668,430708649,None,False,,none,True,False
S1396,環状線,primary,,環状線,9.83249601109187,1161617734,430708649,None,False,,none,True,False
S1397,柳瀬橋,primary,,"['柳瀬橋', '東海通']",1598.4805681197308,1161617734,1161617868,None,False,,none,True,False
S1398,59,primary,59,名古屋中環状線,9.030580065423882,1161617868,1161617668,None,False,,none,True,False
S1399,59;70;227,primary,"['59;70;227', '59']",東海通,1658.7392844212618,1161617868,661992488,None,False,,none,True,False
S1400,59;227,primary,"['59;227', '59']",名古屋中環状線,1970.3813859544969,1161617868,2050793889,None,False,,none,True,False
S1401,金城ふ頭線,primary,,金城ふ頭線,13.733440916530109,1161617965,1161618084,None,False,,none,True,False
S1402,環状線,primary,,環状線,702.0516932087261,1161617965,1559029724,None,False,,none,True,False
S1403,環状線,primary,,環状線,9.802670950706894,1161618005,430708719,None,False,,none,True,False
S1404,東海通,primary,,"['東海通', '東海橋']",1492.415327154533,1161618005,1162707402,None,False,,none,True,False
S1405,154,trunk,154,国道154号,17.197560947892846,1161618062,1162707571,None,False,,none,True,False
S1406,江川線,primary,,江川線,146.48385814962535,1161618062,1560057018,None,False,,none,True,False
S1407,環状線,primary,,環状線,13.19896932039306,1161618084,366755264,None,False,,none,True,False
S1408,金城ふ頭線,primary,,金城ふ頭線,1122.1155532502896,1161618084,1161618062,None,False,,none,True,False
S1409,東海通,primary,,東海通,20.067698583572238,1162707402,1162707566,None,False,,none,True,False
S1410,江川線,primary,,江川線,605.0151095138255,1162707402,6765929133,None,False,,none,True,False
S1411,59,primary,59,名古屋中環状線,8.50348106067038,1162707529,661992488,None,False,,none,True,False
S1412,59,primary,59,名古屋中環状線,1744.219289668943,1162707529,661992500,None,False,,none,True,False
S1413,59;70;227,primary,59;70;227,東海通,383.20310113010356,1162707529,1162707552,None,False,,none,True,False
S1414,302,trunk,302,名古屋環状2号線,12.047498063617237,1162707549,602509177,None,False,,none,True,False
S1415,70;227,primary,70;227,東海通,1488.832486571212,1162707549,1162707529,None,False,,none,True,False
S1416,70,primary,70,名古屋十四山線,1143.4797476559029,1162707552,1985465242,None,False,,none,True,False
S1417,59,primary,59,東海通,1276.8222267484496,1162707552,1161617668,None,False,,none,True,False
S1418,江川線,primary,,江川線,8.25426193245455,1162707566,646246029,None,False,,none,True,False
S1419,東海通,primary,,東海通,818.8855881108796,1162707566,628595821,None,False,,none,True,False
S1420,154,trunk,154,国道154号,14.894643201011421,1162707571,660931536,None,False,,none,True,False
S1421,154,trunk,154,国道154号,1909.3596538423458,1162707571,628595822,None,False,,none,True,False
S1422,環状線,primary,,環状線,9.07273835951594,1162944142,2498111074,None,False,,none,True,False
S1423,29,primary,29,"['弥富名古屋', '弥富名古屋線', '八熊通']",4307.704546528334,1162944142,1583800925,None,False,,none,True,False
S1424,環状線,primary,,環状線,1155.645201999483,1162944344,601302933,None,False,,none,True,False
S1425,36,primary,36,諸輪名古屋線,13.204787900451104,1163381813,601999306,None,False,,none,True,False
S1426,36,primary,36,諸輪名古屋線,2259.1595814799552,1163381813,7924913542,None,False,,none,True,False
S1427,153,trunk,153,国道153号,533.7942428232857,1163381813,1430080111,None,False,,none,True,False
S1428,56,primary,56,名古屋岡崎線,258.13019095233824,1163381957,773472357,None,False,,none,True,False
S1429,56,primary,56,名古屋岡崎線,922.5391265408477,1163381957,601999241,None,False,,none,True,False
S1430,36,primary,36,諸輪名古屋線,418.1703756393704,1163381957,1163381983,None,False,,none,True,False
S1431,36,primary,36,諸輪名古屋線,1860.9015584784538,1163381957,7924913543,None,False,,none,True,False
S1432,36,primary,36,諸輪名古屋線,418.1703756393704,1163381983,1163381957,None,False,,landslide_block,False,True
S1433,56,primary,56,名古屋岡崎線,492.86931703985545,1163381983,773472357,None,False,,none,True,False
S1434,36;56,primary,"['36;56', '56']","['名古屋岡崎線', '諸輪名古屋線']",1604.763994674282,1163381983,634108974,None,False,,none,True,False
S1435,62,primary,62,春日井稲沢線,21.489460428357773,1168301817,1168302000,None,False,,none,True,False
S1436,22,trunk,22,名岐バイパス,852.6680286405127,1168301817,8266154134,None,False,,none,True,False
S1437,22,trunk,22,名岐バイパス,7.906668993632215,1168302000,638312780,None,False,,none,True,False
S1438,62,primary,62,春日井稲沢線,1253.6792097667806,1168302000,1170429975,None,False,,none,True,False
S1439,62,primary,62,春日井稲沢線,10.642353135805127,1168302227,2418526592,None,False,,none,True,False
S1440,63,primary,"['63', '63;163']",名古屋江南線,2119.749968248925,1168302227,661992607,None,False,,none,True,False
S1441,62;190;155,primary,"['62;190;155', '62;190']",春日井稲沢線,1685.9491595051338,1170429975,10735330146,None,False,,none,True,False
S1442,62,primary,62,春日井稲沢線,1252.6482518454277,1170429975,638312780,None,False,,none,True,False
S1443,segment_1443,motorway_link,,,17.55803484670421,1211905535,8266154283,None,False,,none,True,False
S1444,63,primary,63,名古屋江南線,181.6645759226563,1219023941,2522768266,None,False,,none,True,False
S1445,63,primary,63,名古屋江南線,11.216676667375854,1219026602,2418536612,None,False,,crack_pothole,True,False
S1446,25,primary,25,春日井一宮線,960.2793988690466,1219026602,1219026290,None,False,,none,True,False
S1447,22,trunk,22,名岐バイパス,94.40331886289293,1220267971,638312801,None,False,,none,True,False
S1448,segment_1448,trunk_link,,,104.15661075943001,1220267971,638312799,None,False,,none,True,False
S1449,366,trunk,366,半田大府パイパス,255.7577311031636,1231820420,1231820439,None,False,,none,True,False
S1450,366,trunk,366,半田大府パイパス,255.75773110316356,1231820439,1231820420,None,False,,none,True,False
S1451,366,trunk,366,半田大府パイパス,531.5812823366615,1231820439,429675089,None,False,,crack_pothole,True,False
S1452,25,primary,25,春日井一宮線,658.012317312359,1262231103,2433612508,None,False,,none,True,False
S1453,25;153;155;166,primary,"['25;153;155;166', '25;153;166']",春日井一宮線,793.4279475325135,1262231103,2433612508,None,False,,crack_pothole,True,False
S1454,25;166,primary,"['25;166', '25;153;166']",春日井一宮線,2254.360326486068,1262231103,2418526602,None,False,,none,True,False
S1455,segment_1455,trunk_link,,,32.41972980752288,1268353598,1268353580,None,False,,none,True,False
S1456,22,trunk,22,名岐バイパス,686.3818807192964,1268353660,1268353580,None,False,,none,True,False
S1457,segment_1457,motorway_link,,,771.9962197932667,1281655969,288685176,None,False,,none,True,False
S1458,segment_1458,trunk_link,,,368.12854995070825,1281656083,7161161152,None,False,,none,True,False
S1459,23,trunk,23,国道23号,720.0294045154161,1281656083,2520843200,None,False,,none,True,False
S1460,segment_1460,motorway_link,,,294.9771755962353,1281656147,2664951785,None,False,,none,True,False
S1461,71,"['motorway_link', 'primary']",71,名古屋西港線,745.8377487344313,1281656147,1281655969,None,False,,none,True,False
S1462,segment_1462,motorway_link,,,765.6397211413357,1281657515,1281661070,None,False,,none,True,False
S1463,302,"['trunk', 'primary']","['302', '71']","['名古屋環状2号線', '名古屋西港線']",2447.3419060227366,1281658864,7176782993,None,False,,none,True,False
S1464,302,trunk,302,名古屋環状2号線,27.761325108393326,1281658987,7161161152,None,False,,none,True,False
S1465,segment_1465,trunk_link,,,375.88680105425976,1281658987,1608661342,None,False,,none,True,False
S1466,E1A;302,motorway,E1A;302,伊勢湾岸自動車道,1338.9587894266856,1281661070,241798584,None,False,,none,True,False
S1467,302,trunk,302,名古屋環状2号線,27.59639217960419,1281661197,2542896409,None,False,,none,True,False
S1468,segment_1468,trunk_link,,,324.31337142556674,1281661197,2520843200,None,False,,none,True,False
S1469,segment_1469,motorway_link,,,388.99881322518894,1281661223,1281656147,None,False,,none,True,False
S1470,名古屋第二環状自動車道,motorway_link,,名古屋第二環状自動車道,773.747395337246,1281661223,7161087732,None,False,,none,True,False
S1471,segment_1471,motorway_link,,,506.53745528669475,1304625804,1304686140,None,False,,none,True,False
S1472,C2,motorway,C2,名古屋第二環状自動車道,1306.2422324656231,1304625804,1304686401,None,False,,none,True,False
S1473,C2,motorway,C2,名古屋第二環状自動車道,1877.518553992445,1304629007,632461386,None,False,,none,True,False
S1474,segment_1474,motorway_link,,,598.7895107832031,1304629007,3826745398,None,False,,none,True,False
S1475,68,primary,68,名古屋津島線,232.6057286872948,1304632531,3079561093,None,False,,none,True,False
S1476,40;115,primary,"['40;115', '40']",名古屋蟹江弥富線,1062.5074911808397,1304634959,2607763469,None,False,,none,True,False
S1477,302,trunk,302,国道302号,109.47970903388983,1304686140,1304686886,None,False,,none,True,False
S1478,C2,motorway,C2,名古屋第二環状自動車道,1309.138048805585,1304686401,5142851193,None,False,,none,True,False
S1479,C2,motorway,C2,名古屋第二環状自動車道,1391.762752255572,1304686459,632461344,None,False,,none,True,False
S1480,segment_1480,motorway_link,,,506.81797258710003,1304686459,3826745367,None,False,,none,True,False
S1481,segment_1481,motorway_link,,,489.2528248606166,1304686478,7162167063,None,False,,none,True,False
S1482,名古屋高速5号万場線,motorway_link,,名古屋高速5号万場線,271.1574726791291,1304686478,1304686702,None,False,,crack_pothole,True,False
S1483,名古屋高速5号万場線,motorway_link,,名古屋高速5号万場線,335.4701532774971,1304686702,8813220737,None,False,,none,True,False
S1484,302,trunk,302,国道302号,11.145397309508896,1304686730,6097600926,None,False,,none,True,False
S1485,68,primary,68,"['太閤通', '名古屋津島線', '名古屋津島バイパス']",5116.733327075932,1304686730,559504951,None,False,,none,True,False
S1486,302,trunk,302,国道302号,6.883029679964065,1304686886,1304688025,None,False,,none,True,False
S1487,79,primary,"['79', '79;124']",あま愛西線,2478.9145173499046,1304686886,661045730,None,False,,none,True,False
S1488,79,primary,79,あま愛西線,21.357056924688166,1304688025,3826745368,None,False,,crack_pothole,True,False
S1489,302,trunk,302,国道302号,51.55204361873742,1304688025,6302600688,None,False,,none,True,False
S1490,68,primary,68,名古屋津島線,22.214697403634826,1304688533,1304686730,None,False,,none,True,False
S1491,302,trunk,302,国道302号,1472.8026545319876,1304688533,3826745367,None,False,,crack_pothole,True,False
S1492,54,"['motorway_link', 'primary']",54,豊田知立線,538.191531473808,1310558729,10747923722,None,False,,none,True,False
S1493,segment_1493,motorway_link,,,899.5557673185613,1310559529,1310558729,None,False,,none,True,False
S1494,E1,motorway,E1,東名高速道路,849.0170794880545,1310559529,792278872,None,False,,none,True,False
S1495,59,primary,59,名古屋中環状線,52.23025180509636,1356037660,6241313682,None,False,,none,True,False
S1496,59,primary,59,名古屋中環状線,605.2310861617555,1356037660,2353009284,None,False,,none,True,False
S1497,59,primary,59,名古屋中環状線,7.747163861895955,1356037728,6241313682,None,False,,none,True,False
S1498,59,primary_link,59,名古屋中環状線,33.43911390738903,1356037728,6241313678,None,False,,none,True,False
S1499,59,primary,59,名古屋中環状線,190.1214738044605,1356037728,1492299785,None,False,,none,True,False
S1500,59,primary_link,59,名古屋中環状線,7.38935912526503,1356038037,8320800893,None,False,,none,True,False
S1501,59,primary,59,名古屋中環状線,9.629218963749855,1356038037,1492299785,None,False,,none,True,False
S1502,59,primary,59,名古屋中環状線,9.698239360480574,1356038037,8320800894,None,False,,none,True,False
S1503,59,primary,59,名古屋中環状線,1190.8744407404818,1356038062,1492299853,None,False,,none,True,False
S1504,59,primary,59,名古屋中環状線,38.18220426314302,1356038062,8320800894,None,False,,none,True,False
S1505,59,primary,59,名古屋中環状線,46.08048030271183,1356038062,1492299783,None,False,,none,True,False
S1506,302,trunk,302,国道302号,1042.3278910880958,1356039792,5663975525,None,False,,none,True,False
S1507,segment_1507,motorway_link,,,634.1915112381768,1356039792,566564901,None,False,,none,True,False
S1508,302,trunk,302,国道302号,16.26389555977016,1356039826,2434952134,None,False,,none,True,False
S1509,302,trunk,302,国道302号,50.063582366413414,1356039839,1356039826,None,False,,none,True,False
S1510,302,trunk,302,国道302号,19.89549767821368,1356039876,1356039877,None,False,,none,True,False
S1511,22,trunk_link,22,国道22号線,61.36132979706516,1356039876,2434915300,None,False,,none,True,False
S1512,302,trunk,302,国道302号,1407.9539532636063,1356039877,8363969091,None,False,,none,True,False
S1513,segment_1513,trunk_link,,,90.36606497995685,1356039877,2434852671,None,False,,none,True,False
S1514,22,trunk,22,名岐バイパス,82.98076530706396,1356165148,638312779,None,False,,none,True,False
S1515,segment_1515,trunk_link,,,81.21866962522185,1356165148,638312723,None,False,,none,True,False
S1516,segment_1516,trunk,,,13.463924067335933,1367945656,1367945703,None,False,,none,True,False
S1517,155,trunk,155,国道155号,842.035626151329,1367945656,721967937,None,False,,none,True,False
S1518,segment_1518,trunk,,,13.463924067335933,1367945703,1367945656,None,False,,none,True,False
S1519,155,trunk,155,国道155号,2772.1095931313894,1367945703,539563127,None,False,,none,True,False
S1520,57,primary,57,瀬戸大府東海線,618.5566070990578,1430075848,3829673835,None,False,,none,True,False
S1521,57,primary_link,57,瀬戸大府東海線,620.0244608267628,1430075848,3829673835,None,False,,none,True,False
S1522,153,trunk_link,153,国道153号,550.994236928192,1430080111,3829673838,None,False,,none,True,False
S1523,153,trunk,153,国道153号,798.3388988322155,1430080111,994329426,None,False,,none,True,False
S1524,153,trunk_link,153,国道153号,241.0132734474698,1430080619,994329426,None,False,,none,True,False
S1525,57,primary,57,瀬戸大府東海線,44.75844070297409,1430080619,1430080885,None,False,,none,True,False
S1526,153,trunk_link,153,国道153号,10.765011366941264,1430080885,3829673841,None,False,,none,True,False
S1527,57,primary,57,瀬戸大府東海線,3115.1439380848087,1430080885,459391672,None,False,,none,True,False
S1528,153,trunk_link,153,国道153号,288.1435961994204,1430081146,1430080885,None,False,,none,True,False
S1529,153,trunk,153,国道153号,852.8140308651798,1430081146,601999374,None,False,,none,True,False
S1530,153,trunk,153,国道153号,639.1226399969788,1430082282,1430081146,None,False,,none,True,False
S1531,segment_1531,trunk_link,,,184.9907206348174,1430082282,12946220941,None,False,,none,True,False
S1532,segment_1532,motorway_link,,,235.50277945985675,1488725052,632461433,None,False,,none,True,False
S1533,segment_1533,motorway_link,,,304.6470114681946,1488725118,461566847,None,False,,none,True,False
S1534,segment_1534,motorway_link,,,713.1189992633637,1488725118,2189000547,None,False,,crack_pothole,True,False
S1535,22,trunk_link,22,国道22号線,126.47801824659018,1489740206,638312739,None,False,,none,True,False
S1536,59,primary,59,名古屋中環状線,65.05801490963128,1492299782,8320800871,None,False,,none,True,False
S1537,59,primary_link,59,名古屋中環状線,10.11294956473959,1492299782,1492299784,None,False,,none,True,False
S1538,59,primary,59,名古屋中環状線,12.870082395339304,1492299783,1492299782,None,False,,none,True,False
S1539,segment_1539,primary_link,,,13.583691884384919,1492299784,8320800893,None,False,,none,True,False
S1540,59,primary_link,59,名古屋中環状線,19.12836344659806,1492299784,1492299785,None,False,,none,True,False
S1541,59,primary,59,名古屋中環状線,9.629218963749855,1492299785,1356038037,None,False,,none,True,False
S1542,59,primary,59,名古屋中環状線,190.1214738044605,1492299785,1356037728,None,False,,none,True,False
S1543,59,primary,59,名古屋中環状線,419.38399012246265,1492299853,661992608,None,False,,none,True,False
S1544,59,primary,59,名古屋中環状線,1190.8744407404818,1492299853,1356038062,None,False,,none,True,False
S1545,segment_1545,trunk_link,,,8.906113554420012,1492315160,8363974488,None,False,,none,True,False
S1546,segment_1546,trunk_link,,,2.7110597962942076,1507656502,8320800741,None,False,,none,True,False
S1547,1,trunk,1,国道1号,19.494409933170818,1558182072,1558182073,None,False,,crack_pothole,True,False
S1548,江川線,primary,,江川線,351.7062337338172,1558182072,2420372126,None,False,,none,True,False
S1549,江川線,primary,,江川線,13.015525647961644,1558182073,660931550,None,False,,none,True,False
S1550,1,trunk,1,国道1号,1143.931147418993,1558182073,659653796,None,False,,none,True,False
S1551,segment_1551,trunk_link,,,162.87120654437962,1558282266,289294275,None,False,,none,True,False
S1552,環状線,primary,,環状線,24.269203099796435,1559029724,1559029727,None,False,,none,True,False
S1553,segment_1553,trunk_link,,,12.718091523610148,1559029727,430708727,None,False,,none,True,False
S1554,環状線,primary,,環状線,1375.8284050792129,1559029727,1161617734,None,False,,crack_pothole,True,False
S1555,segment_1555,trunk_link,,,13.424698617617842,1560036863,1559029724,None,False,,crack_pothole,True,False
S1556,環状線,primary,,環状線,694.2383090362559,1560036863,1161618084,None,False,,none,True,False
S1557,江川線,primary,,江川線,41.4976218718678,1560057018,1560057028,None,False,,none,True,False
S1558,23,trunk_link,23,国道23号,275.53832159339754,1560057018,1560057035,None,False,,none,True,False
S1559,23,trunk_link,23,国道23号,16.528753846723006,1560057028,7083793066,None,False,,none,True,False
S1560,江川線,primary,,江川線,905.5026094106655,1560057028,6765929125,None,False,,none,True,False
S1561,23,trunk,23,国道23号,544.392721096053,1560057035,4123383950,None,False,,none,True,False
S1562,23,trunk,23,国道23号,472.925546950674,1560057038,1608661393,None,False,,none,True,False
S1563,23,trunk_link,23,国道23号,287.47532531402874,1560057038,1560057028,None,False,,none,True,False
S1564,segment_1564,motorway_link,,,263.41380359949477,1576883703,6101643993,None,False,,none,True,False
S1565,23,trunk_link,23,国道23号,487.7365022974546,1576883703,2115209212,None,False,,none,True,False
S1566,1,trunk,1,国道1号,66.58849658992271,1576883880,660942726,None,False,,none,True,False
S1567,1,trunk,1,国道1号,5490.679802568693,1576883880,1849532603,None,False,,landslide_block,False,True
S1568,23,trunk,23,知立バイパス,259.0822481481835,1576883968,1886537624,None,False,,crack_pothole,True,False
S1569,segment_1569,motorway_link,,,457.440430411438,1576884162,4510259618,None,False,,none,True,False
S1570,segment_1570,motorway_link,,,588.21021026782,1576884162,7561066240,None,False,,none,True,False
S1571,23,trunk_link,23,国道23号,503.486284027638,1576884166,4510259618,None,False,,none,True,False
S1572,23,trunk_link,23,国道23号,464.08975883542104,1576884166,6158741122,None,False,,none,True,False
S1573,23,trunk_link,23,国道23号,12.92644028062706,1576884199,3829740552,None,False,,none,True,False
S1574,57,primary,57,瀬戸大府東海線,2095.499733792037,1576884199,12706782670,None,False,,none,True,False
S1575,23,trunk_link,23,国道23号,196.52442423978624,1576884230,1576884166,None,False,,none,True,False
S1576,segment_1576,motorway_link,,,143.00772490744964,1576884230,2599425040,None,False,,none,True,False
S1577,segment_1577,trunk_link,,,51.2944237279879,1576884362,2861448769,None,False,,none,True,False
S1578,23,trunk_link,23,国道23号,169.56710371056556,1576884362,2861448784,None,False,,none,True,False
S1579,segment_1579,trunk_link,,,143.24933110480475,1576884732,2116038104,None,False,,none,True,False
S1580,segment_1580,primary_link,,,49.23672594426481,1576885943,418101934,None,False,,none,True,False
S1581,57,primary,57,瀬戸大府東海線,5049.865726445501,1576886054,3829781726,None,False,,none,True,False
S1582,segment_1582,primary_link,,,33.3556055790533,1576886054,9236917061,None,False,,crack_pothole,True,False
S1583,23,trunk,23,国道23号,565.6533804768198,1579399756,739248230,None,False,,none,True,False
S1584,155,trunk,155,国道155号,10.445371992855364,1579576519,12079835652,None,False,,crack_pothole,True,False
S1585,23,primary,23,東浦名古屋線,1022.4787352559342,1579576519,12079835652,None,False,,crack_pothole,True,False
S1586,155,trunk,155,国道155号,153.2564586559501,1579581284,5772983344,None,False,,none,True,False
S1587,155,trunk,155,国道155号,880.1324566940426,1579581284,429675062,None,False,,none,True,False
S1588,57,primary,57,瀬戸大府東海線,2242.053809052595,1579587438,3829740552,None,False,,none,True,False
S1589,155;247,motorway,155;247,西知多産業道路,1042.8259655217662,1581268157,6295513276,None,False,,none,True,False
S1590,155,motorway_link,155,西知多産業道路,245.04632242816277,1581268309,7559960787,None,False,,none,True,False
S1591,247,motorway,247,西知多産業道路,599.5546307688822,1581268309,2548235947,None,False,,none,True,False
S1592,155,motorway_link,155,西知多産業道路,9.9685778772385,1581269399,7559960726,None,False,,none,True,False
S1593,155,trunk,155,国道155号,860.2896076553156,1581269399,367432355,None,False,,none,True,False
S1594,155,trunk,155,国道155号,55.620777752697485,1581269620,1581269399,None,False,,none,True,False
S1595,247,motorway_link,247,西知多産業道路,348.14157779974704,1581269620,2548235947,None,False,,none,True,False
S1596,247,motorway,247,西知多産業道路,1558.496586820228,1581278880,970689483,None,False,,none,True,False
S1597,247,motorway_link,247,西知多産業道路,581.5107420433862,1581281982,1581278880,None,False,,none,True,False
S1598,247,motorway,247,西知多産業道路,579.6676816383538,1581281982,1581278880,None,False,,none,True,False
S1599,247,motorway,247,西知多産業道路,563.8464894676723,1581283532,1581281982,None,False,,none,True,False
S1600,247,motorway_link,247,西知多産業道路,393.4126330308194,1581284599,1581283532,None,False,,none,True,False
S1601,segment_1601,motorway_link,,,162.8679687307899,1581284599,2126294180,None,False,,crack_pothole,True,False
S1602,247,motorway,247,西知多産業道路,627.5865657446782,1581284872,1581283532,None,False,,none,True,False
S1603,247,motorway_link,247,西知多産業道路,235.0836909878048,1581284872,1581284599,None,False,,none,True,False
S1604,247,motorway_link,247,国道247号,521.3872211508069,1581286408,2126255352,None,False,,none,True,False
S1605,247,motorway_link,247,西知多産業道路,313.4141880311448,1581286408,2548235905,None,False,,none,True,False
S1606,segment_1606,motorway_link,,,582.5334976240185,1581287830,1149317536,None,False,,none,True,False
S1607,302,trunk,302,国道302号,1078.226523540074,1581287859,2126168976,None,False,,none,True,False
S1608,302,trunk,302,国道302号,101.64076148621933,1581288244,2126192696,None,False,,none,True,False
S1609,segment_1609,motorway_link,,,302.356867473123,1581288498,1581287830,None,False,,none,True,False
S1610,302,trunk,302,国道302号,345.75353289511554,1581288498,1581287859,None,False,,none,True,False
S1611,247,trunk,247,西知多産業道路,23.837752665073175,1581288577,2548235974,None,False,,none,True,False
S1612,302,trunk,302,国道302号,71.14280457005995,1581288577,1581288498,None,False,,crack_pothole,True,False
S1613,247,trunk,247,西知多産業道路,288.78035540545693,1581290532,1581288577,None,False,,none,True,False
S1614,247,motorway,247,西知多産業道路,599.7331050511259,1581290532,2126246185,None,False,,none,True,False
S1615,247,trunk,247,西知多産業道路,123.65170248371427,1581290567,7083752489,None,False,,none,True,False
S1616,247,trunk,247,西知多産業道路,67.54969354422188,1581290752,1581290532,None,False,,landslide_block,False,True
S1617,302,trunk_link,302,国道302号,579.5190150644463,1581290752,1581287859,None,False,,none,True,False
S1618,302,trunk,302,名古屋環状2号線,1413.9749043312238,1583798095,1162707549,None,False,,none,True,False
S1619,segment_1619,motorway_link,,,614.2226137710529,1583798095,8687426783,None,False,,landslide_block,False,True
S1620,1,trunk_link,1,国道1号,28.144281577007327,1583798176,2286346940,None,False,,none,True,False
S1621,302,trunk,302,名古屋環状2号線,93.81727153305471,1583798176,1583798095,None,False,,none,True,False
S1622,302,trunk,302,名古屋環状2号線,15.774164059923173,1583798207,1583798176,None,False,,none,True,False
S1623,1,trunk_link,1,国道1号,268.68178254233413,1583798207,3813889840,None,False,,none,True,False
S1624,59,primary,59,名古屋中環状線,9.648540226944757,1583800925,2498099202,None,False,,none,True,False
S1625,29,primary,29,弥富名古屋線,849.018955680865,1583800925,2498099199,None,False,,crack_pothole,True,False
S1626,59,primary,59,名古屋中環状線,1146.8481083836282,1583800925,3813891705,None,False,,none,True,False
S1627,302,trunk,302,名古屋環状2号線,8.994296231662068,1583801052,2498099199,None,False,,none,True,False
S1628,29,primary,29,弥富名古屋線,846.3870076155549,1583801052,2498099202,None,False,,none,True,False
S1629,名古屋第二環状自動車道,motorway_link,,名古屋第二環状自動車道,364.1170174805717,1583805577,8687399278,None,False,,none,True,False
S1630,名古屋第二環状自動車道,motorway_link,,名古屋第二環状自動車道,687.4924269604487,1583805577,8558765296,None,False,,none,True,False
S1631,40;115,primary,40;115,名古屋蟹江弥富線,54.30348081447699,1583805707,2388299390,None,False,,none,True,False
S1632,302,trunk,302,国道302号,402.78200253796194,1583805707,8330881374,None,False,,none,True,False
S1633,名古屋高速5号万場線,motorway_link,,名古屋高速5号万場線,383.4700627903693,1583805786,8813220737,None,False,,none,True,False
S1634,302,trunk,302,国道302号,439.498399919878,1583806557,661974076,None,False,,none,True,False
S1635,6,primary_link,6,,68.12928533591389,1600036650,1600036747,None,False,,none,True,False
S1636,6,primary_link,6,力石名古屋線,228.6740975782473,1600036650,1600036686,None,False,,none,True,False
S1637,6,primary,6,力石名古屋線,117.89700138501055,1600036686,436174576,None,False,,none,True,False
S1638,6,primary_link,6,,68.12928533591389,1600036747,1600036650,None,False,,none,True,False
S1639,6,primary_link,6,力石名古屋線,152.5492989859002,1600036747,1600036709,None,False,,none,True,False
S1640,12,primary,12,豊田一色線,29.543265315355605,1601035583,780940525,None,False,,none,True,False
S1641,419,trunk,419,国道419号,133.9055515137589,1601037785,4082551726,None,False,,none,True,False
S1642,419,trunk_link,419,,136.27393147802184,1601037785,4082551726,None,False,,none,True,False
S1643,419,trunk,419,衣浦豊田道路,994.2566081312879,1601039117,1945487598,None,False,,none,True,False
S1644,155,trunk,155,国道419号,27.194435236913392,1601040010,4082355401,None,False,,none,True,False
S1645,155,trunk,155,豊田南バイパス,22.380689822370694,1601040010,12844439377,None,False,,none,True,False
S1646,56,primary,56,名古屋岡崎線バイパス,243.60674131994426,1601042091,781494761,None,False,,crack_pothole,True,False
S1647,56,primary,56,名古屋岡崎線バイパス,98.30275615845042,1601042289,2599412428,None,False,,crack_pothole,True,False
S1648,segment_1648,motorway_link,,,1078.5649390386766,1601042289,1601037666,None,False,,none,True,False
S1649,56,primary,56,名古屋岡崎線バイパス,23.67016271303694,1601043553,775500686,None,False,,none,True,False
S1650,155,trunk,155,豊田南バイパス,489.8869452816998,1601043553,4082355396,None,False,,none,True,False
S1651,56,primary,56,名古屋岡崎線バイパス,209.95172563622546,1601045249,1601046464,None,False,,none,True,False
S1652,419,trunk,419,国道419号,39.522417802903966,1601045249,1601045684,None,False,,none,True,False
S1653,419,trunk,419,国道419号,803.7328983264454,1601045249,4087191017,None,False,,none,True,False
S1654,419,trunk,419,国道419号,39.522417802903966,1601045684,1601045249,None,False,,none,True,False
S1655,56,primary,56,名古屋岡崎線バイパス,462.0337734817456,1601045684,1601043553,None,False,,none,True,False
S1656,56;284,primary,"['56;284', '56']",名古屋岡崎線バイパス,2644.8435000462796,1601046464,9225917237,None,False,,none,True,False
S1657,segment_1657,motorway_link,,,727.4603256915572,1601046464,288668574,None,False,,none,True,False
S1658,56,primary,56,名古屋岡崎線バイパス,213.06437168754215,1601046683,1601045684,None,False,,none,True,False
S1659,E1A,motorway,E1A,伊勢湾岸自動車道,2753.3542302707524,1601051309,1601037666,None,False,,landslide_block,False,True
S1660,segment_1660,motorway_link,,,737.7109184923356,1601051309,1601046683,None,False,,none,True,False
S1661,segment_1661,trunk_link,,,100.07087883239315,1601054607,4162359817,None,False,,none,True,False
S1662,155,trunk,155,豊田南バイパス,876.4660764298562,1601054607,4162359822,None,False,,none,True,False
S1663,30,primary,30,関田名古屋線,8.42418851444452,1608088347,3159063322,None,False,,none,True,False
S1664,29,primary,29,八熊通,1035.5365138762638,1608088347,660201311,None,False,,none,True,False
S1665,30,primary,30,関田名古屋線,9.474722552570572,1608088382,2104186813,None,False,,none,True,False
S1666,山王通,primary,,山王通,1267.9151898705843,1608088382,660201323,None,False,,none,True,False
S1667,56,primary,56,飯田街道,8.361163317807579,1608088388,4963156465,None,False,,none,True,False
S1668,56,primary,56,飯田街道,1547.7230561600231,1608088388,660201329,None,False,,crack_pothole,True,False
S1669,30,primary,30,関田名古屋線,247.32000464901088,1608088388,6994219814,None,False,,none,True,False
S1670,153,trunk,153,飯田街道,8.450920494043752,1608088435,6994219816,None,False,,none,True,False
S1671,30,primary,30,関田名古屋線,1731.1929369993834,1608088435,2104186847,None,False,,none,True,False
S1672,環状線,primary,,環状線,44.7463881130779,1608112362,563685544,None,False,,none,True,False
S1673,segment_1673,trunk_link,,,153.05741697920098,1608112362,563684828,None,False,,none,True,False
S1674,環状線,primary,,環状線,1064.5449664812024,1608112385,601348930,None,False,,none,True,False
S1675,C2,motorway_link,C2,名古屋第二環状自動車道,340.0217044097504,1608211013,1304686478,None,False,,none,True,False
S1676,C2,motorway,C2,名古屋第二環状自動車道,1142.0613521983748,1608211013,7162166992,None,False,,none,True,False
S1677,segment_1677,motorway_link,,,492.4148943344568,1608301531,288685143,None,False,,none,True,False
S1678,segment_1678,motorway_link,,,687.0312185492771,1608301531,1608301722,None,False,,none,True,False
S1679,伊勢湾岸自動車道,motorway_link,,伊勢湾岸自動車道,256.68437352027246,1608301639,1608301654,None,False,,none,True,False
S1680,伊勢湾岸自動車道,motorway_link,,伊勢湾岸自動車道,935.0054575206642,1608301654,1608301531,None,False,,none,True,False
S1681,segment_1681,motorway_link,,,297.1455357740386,1608301654,1608301672,None,False,,none,True,False
S1682,E1A;302,motorway,E1A;302,伊勢湾岸自動車道,1364.173428345798,1608301722,241798663,None,False,,none,True,False
S1683,segment_1683,motorway_link,,,1053.80490695843,1608302029,366754598,None,False,,none,True,False
S1684,302,trunk,302,名古屋環状2号線,236.81675043807624,1608309703,7162160323,None,False,,none,True,False
S1685,23,trunk,23,国道23号,307.72077137793224,1608310549,4331743917,None,False,,none,True,False
S1686,23,trunk,23,国道23号,357.2752348926351,1608310946,1560057035,None,False,,none,True,False
S1687,154,trunk,154,国道154号,233.8643430355425,1608311050,660931536,None,False,,none,True,False
S1688,23,trunk_link,23,国道23号,369.0441965667873,1608311130,1608310946,None,False,,none,True,False
S1689,23,trunk_link,23,国道23号,244.36714882326004,1608311130,1608310549,None,False,,none,True,False
S1690,23,trunk_link,23,国道23号,16.169305370609724,1608311705,1608311130,None,False,,none,True,False
S1691,154,trunk,154,国道154号,115.57998165855957,1608311705,1608311050,None,False,,none,True,False
S1692,23,trunk,23,国道23号,188.9937980739834,1608661393,1608310549,None,False,,none,True,False
S1693,23,trunk_link,23,国道23号,218.05422705557828,1608661393,1608311050,None,False,,none,True,False
S1694,1,trunk,1,国道1号,528.8832682988967,1608661428,3813889840,None,False,,none,True,False
S1695,1,trunk_link,1,国道1号,232.79116474659514,1608661428,2286346942,None,False,,none,True,False
S1696,東海通,primary,,東海通,16.04290610957688,1608729553,1608729555,None,False,,none,True,False
S1697,247,trunk,247,国道247号,1898.9072056132186,1608729553,704483123,None,False,,none,True,False
S1698,247,trunk,247,国道247号,13.497322966571211,1608729555,1608729559,None,False,,none,True,False
S1699,東海通,primary,,東海通,975.9221603565469,1608729555,1925149856,None,False,,none,True,False
S1700,247,trunk,247,国道247号,10.538053558758994,1608729557,1608729553,None,False,,none,True,False
S1701,東海通,primary,,東海通,1178.3007468091853,1608729557,621218454,None,False,,none,True,False
S1702,東海通,primary,,東海通,18.059324301660443,1608729559,1608729557,None,False,,none,True,False
S1703,247,trunk,247,国道247号,1454.1019818305201,1608729559,721247293,None,False,,none,True,False
S1704,segment_1704,motorway_link,,,1094.8655568852855,1624798348,5125659009,None,False,,none,True,False
S1705,36,primary,36,諸輪名古屋線,13.566570179912045,1636124402,7517947331,None,False,,none,True,False
S1706,247,trunk,247,国道247号,1772.0671921220671,1636124402,657476546,None,False,,none,True,False
S1707,36,primary,36,諸輪名古屋線,11.7219328904345,1636124415,5221248891,None,False,,none,True,False
S1708,247,trunk,247,国道247号,1276.3421112186707,1636124415,3821030119,None,False,,none,True,False
S1709,伊勢湾岸自動車道,motorway_link,,伊勢湾岸自動車道,645.6277034430764,1636137674,1281658864,None,False,,none,True,False
S1710,E1A,motorway,E1A,伊勢湾岸自動車道,540.1569031570145,1636137674,7161087756,None,False,,none,True,False
S1711,59,primary,59,名古屋中環状線,8.456835638315672,1637367630,505157032,None,False,,none,True,False
S1712,363,trunk,363,"['瀬港線', '国道363号']",2539.282522149941,1637367630,393857268,None,False,,none,True,False
S1713,59,primary,59,名古屋中環状線,40.15945814984364,1637367634,503860747,None,False,,none,True,False
S1714,363,trunk,363,国道363号,175.59697738993435,1637367634,1637367630,None,False,,none,True,False
S1715,302,trunk,302,国道302号,11.480541267978635,1637367652,566639727,None,False,,none,True,False
S1716,363,trunk,363,国道363号,1144.468466791025,1637367652,1637367634,None,False,,none,True,False
S1717,302,trunk,302,国道302号,114.17990095688957,1656492547,1706016748,None,False,,none,True,False
S1718,segment_1718,trunk_link,,,12.4706484315674,1656492586,1656492547,None,False,,none,True,False
S1719,segment_1719,trunk_link,,,13.23638714911791,1656492657,1656492618,None,False,,none,True,False
S1720,302,trunk,302,国道302号,144.68736644725527,1656492657,1656492547,None,False,,landslide_block,False,True
S1721,36,primary,36,諸輪名古屋線,1732.853648110155,1666845542,604231399,None,False,,none,True,False
S1722,56;220,primary,56;220,名古屋岡崎線バイパス,7.404110308755627,1671480010,505093442,None,False,,none,True,False
S1723,36,primary,36,諸輪名古屋線,480.52490512261016,1671480010,604231399,None,False,,none,True,False
S1724,58,primary,58,飯田街道,29.517654668775727,1671539610,1149064889,None,False,,none,True,False
S1725,302,trunk,302,国道302号,162.13491897971278,1671539610,581434005,None,False,,none,True,False
S1726,58,primary,58,飯田街道,294.55091862583294,1671539610,3829769910,None,False,,none,True,False
S1727,segment_1727,motorway_link,,,344.99826360634336,1687394056,599270306,None,False,,none,True,False
S1728,segment_1728,motorway_link,,,94.98916815125034,1687394081,1687394056,None,False,,landslide_block,False,True
S1729,segment_1729,motorway_link,,,93.99851836321187,1687394081,1687394056,None,False,,none,True,False
S1730,segment_1730,motorway_link,,,126.49619052976928,1687394101,1687394081,None,False,,none,True,False
S1731,302,trunk,302,国道302号,442.38503539129937,1687394101,1688583990,None,False,,none,True,False
S1732,302,trunk,302,国道302号,84.0767691708366,1688583990,1656492657,None,False,,none,True,False
S1733,segment_1733,trunk_link,,,28.23695637667587,1688584023,1688583990,None,False,,none,True,False
S1734,363,trunk,363,国道363号,21.795832666845858,1690470462,1637367652,None,False,,none,True,False
S1735,302,trunk,302,国道302号,1129.4918560580786,1690470462,1875858256,None,False,,none,True,False
S1736,48,primary,48,岡崎刈谷線,11.350269389049181,1696150892,9821356815,None,False,,none,True,False
S1737,155,trunk,155,国道155号,1135.067892317497,1696150892,2681672680,None,False,,none,True,False
S1738,60,primary,60,東山通,115.12412046719326,1696308664,504798460,None,False,,none,True,False
S1739,segment_1739,motorway_link,,,449.36072455474516,1696308689,602418473,None,False,,none,True,False
S1740,60,primary,60,東山通,516.4315428124322,1696308689,602403695,None,False,,none,True,False
S1741,302,trunk,302,国道302号,72.67506473054758,1706016738,1706053078,None,False,,none,True,False
S1742,segment_1742,trunk_link,,,12.33560710569643,1706016740,1706016738,None,False,,landslide_block,False,True
S1743,segment_1743,trunk_link,,,16.780659902154923,1706016748,1706016745,None,False,,none,True,False
S1744,302,trunk,302,国道302号,204.9969859430427,1706016748,1706016738,None,False,,none,True,False
S1745,302,trunk,302,国道302号,224.06313266160004,1706053044,1706654940,None,False,,none,True,False
S1746,segment_1746,trunk_link,,,151.52648335631466,1706053059,1706053044,None,False,,none,True,False
S1747,302,trunk,302,国道302号,146.84803208049453,1706053059,1706053044,None,False,,none,True,False
S1748,302,trunk,302,国道302号,113.12790916289718,1706053065,1706053059,None,False,,none,True,False
S1749,segment_1749,trunk_link,,,12.762545890615307,1706053068,1706053065,None,False,,none,True,False
S1750,segment_1750,trunk_link,,,15.826733012199417,1706053074,1706053072,None,False,,none,True,False
S1751,302,trunk,302,国道302号,143.67304848122288,1706053074,1706053065,None,False,,crack_pothole,True,False
S1752,6,primary,6,力石名古屋線,19.642691228853675,1706053077,1706053078,None,False,,none,True,False
S1753,302,trunk,302,国道302号,927.6519296039709,1706053077,7555498925,None,False,,none,True,False
S1754,6,primary,6,力石名古屋線,19.642691228853675,1706053078,1706053077,None,False,,none,True,False
S1755,302,trunk,302,国道302号,40.56507984418491,1706053078,1706053074,None,False,,none,True,False
S1756,6,primary,6,力石名古屋線,1041.2254113243744,1706053078,505157116,None,False,,none,True,False
S1757,302,trunk,302,国道302号,190.65186186491184,1706654940,1706692924,None,False,,none,True,False
S1758,segment_1758,trunk_link,,,11.656487708647596,1706654942,1706654940,None,False,,none,True,False
S1759,C2,motorway,C2,名古屋第二環状自動車道支線,464.9482450938149,1706692866,7809627470,None,False,,none,True,False
S1760,302,trunk,302,国道302号,52.38611655943856,1706692915,599270270,None,False,,none,True,False
S1761,60,primary,60,東山通,364.7904347787139,1706692916,602403694,None,False,,none,True,False
S1762,segment_1762,trunk_link,,,19.456715815893443,1706692918,1706692915,None,False,,none,True,False
S1763,segment_1763,trunk_link,,,15.414476282141148,1706692924,1706692923,None,False,,none,True,False
S1764,302,trunk,302,国道302号,85.98505594036686,1706692924,1706692915,None,False,,none,True,False
S1765,segment_1765,motorway_link,,,125.75260344377456,1710250018,1710250056,None,False,,none,True,False
S1766,segment_1766,motorway_link,,,125.76746287619686,1710250018,1710250056,None,False,,none,True,False
S1767,segment_1767,motorway_link,,,102.20886145698523,1710250056,1710250064,None,False,,none,True,False
S1768,C2,motorway,C2,名古屋第二環状自動車道,1253.592886632458,1710250064,1149064929,None,False,,none,True,False
S1769,segment_1769,motorway_link,,,78.75320441383658,1711543892,1712933027,None,False,,none,True,False
S1770,segment_1770,motorway_link,,,793.1950091233269,1712933027,4632005161,None,False,,none,True,False
S1771,segment_1771,motorway_link,,,437.9994488650279,1712933027,4632016589,None,False,,none,True,False
S1772,segment_1772,motorway_link,,,298.3000740043097,1720731965,503864137,None,False,,none,True,False
S1773,54,primary,54,豊田知立線,51.19360662769975,1723802811,513062569,None,False,,none,True,False
S1774,54,primary,54,豊田知立線,316.7994210330435,1723802811,367857549,None,False,,none,True,False
S1775,153,trunk,153,国道153号,10.192937869549436,1726081507,3829812357,None,False,,crack_pothole,True,False
S1776,54,primary,54,"['豊田知立線バイパス', '豊田知立線']",1552.6999073911452,1726081507,513065201,None,False,,none,True,False
S1777,56,primary,56,名古屋岡崎線バイパス,398.1382532494922,1727359923,378705968,None,False,,none,True,False
S1778,56,primary,56,名古屋岡崎線バイパス,205.95795290363105,1727359923,5289866863,None,False,,crack_pothole,True,False
S1779,54,primary,54,豊田知立線,13.611432692574683,1730568154,3829807771,None,False,,none,True,False
S1780,54,primary,54,豊田知立線,3012.803505301314,1730568154,513062569,None,False,,none,True,False
S1781,56,primary,56,名古屋岡崎線バイパス,669.5444202957018,1730568154,378705968,None,False,,crack_pothole,True,False
S1782,302,trunk,302,国道302号,16.439617509077298,1803988258,2497023891,None,False,,none,True,False
S1783,153,trunk_link,153,国道153号,446.6796453536579,1803988258,460277908,None,False,,none,True,False
S1784,51,primary,51,知立東浦線,36.228045213958836,1825508004,385075594,None,False,,none,True,False
S1785,segment_1785,trunk_link,,,403.2941412848142,1825508004,1825507972,None,False,,none,True,False
S1786,51,primary,51,知立東浦線,233.6344291269546,1825508004,370966536,None,False,,none,True,False
S1787,155,trunk,155,国道155号,38.55548900439606,1825508020,370966533,None,False,,none,True,False
S1788,segment_1788,trunk_link,,,147.4005385064449,1825508020,1825508004,None,False,,none,True,False
S1789,155,trunk,155,国道155号,239.31471416710326,1825508020,370966536,None,False,,none,True,False
S1790,23,trunk,23,知立バイパス,1823.4827400979082,1825508036,739247079,None,False,,none,True,False
S1791,segment_1791,motorway_link,,,155.11508081007668,1825848682,1825848690,None,False,,none,True,False
S1792,segment_1792,motorway_link,,,397.61637164871723,1825848682,739258104,None,False,,none,True,False
S1793,23,trunk_link,23,国道23号,93.24395506803428,1825848690,1576884199,None,False,,none,True,False
S1794,名駅通,primary,,名駅通,958.6013076840228,1836110576,8265691368,None,False,,none,True,False
S1795,大須通,primary,,"['大須通', '運河橋']",1098.6480442305772,1837212951,1836110576,None,False,,none,True,False
S1796,1,trunk,1,国道1号,34.67170366191655,1849511993,1849532603,None,False,,none,True,False
S1797,1,trunk,1,国道1号,677.5341718545453,1849511993,7561090721,None,False,,none,True,False
S1798,302,trunk,302,国道302号,92.41179930459802,1849511993,3819245762,None,False,,none,True,False
S1799,302,trunk,302,国道302号,747.6757780439073,1849512083,4336445666,None,False,,none,True,False
S1800,36,primary,36,諸輪名古屋線,33.27096140894449,1849527353,581796962,None,False,,crack_pothole,True,False
S1801,302,trunk,302,国道302号,1385.9614891060467,1849527353,1941006549,None,False,,none,True,False
S1802,302,trunk,302,国道302号,318.42455150924485,1849527354,3829525806,None,False,,none,True,False
S1803,302,trunk,302,国道302号,502.15391330201055,1849527356,12872412253,None,False,,none,True,False
S1804,302,trunk,302,国道302号,254.48127414135868,1849527357,12852134879,None,False,,none,True,False
S1805,302,trunk,302,国道302号,9.23362877482313,1849527363,2496948212,None,False,,none,True,False
S1806,56;220,primary,"['56;220', '56']",名古屋岡崎線バイパス,879.9849067991194,1849527363,1671480010,None,False,,none,True,False
S1807,東海通,primary,,東海通,6.656910847672441,1849527364,12754504843,None,False,,none,True,False
S1808,302,trunk,302,国道302号,85.35080756575513,1849527364,2497023996,None,False,,none,True,False
S1809,1,trunk,1,国道1号,34.67170366191655,1849532603,1849511993,None,False,,none,True,False
S1810,302,trunk,302,国道302号,92.2720243403403,1849532603,4336423421,None,False,,none,True,False
S1811,1,trunk,1,国道1号,5490.679802568693,1849532603,1576883880,None,False,,none,True,False
S1812,302,trunk,302,国道302号,408.98194181511406,1875858256,566639932,None,False,,none,True,False
S1813,segment_1813,motorway_link,,,468.4338839972662,1875858256,1875860404,None,False,,none,True,False
S1814,302,trunk,302,国道302号,1164.5645915714304,1875858473,1637367652,None,False,,crack_pothole,True,False
S1815,C2,motorway,C2,名古屋第二環状自動車道,769.688701439771,1875860404,1875862065,None,False,,none,True,False
S1816,segment_1816,trunk_link,,,31.629023467774797,1875861678,1875861784,None,False,,none,True,False
S1817,59,primary,59,名古屋中環状線,816.0992870000874,1875861678,559391557,None,False,,none,True,False
S1818,59,primary,59,名古屋中環状線,46.14956162247291,1875861678,566639922,None,False,,none,True,False
S1819,302,trunk,302,国道302号,586.7434150069321,1875861708,566639935,None,False,,none,True,False
S1820,302,trunk,302,国道302号,21.0450687279456,1875861784,1875861830,None,False,,none,True,False
S1821,segment_1821,trunk_link,,,47.79804399696452,1875861830,1875861855,None,False,,none,True,False
S1822,302,trunk,302,国道302号,313.72857547450684,1875861830,1875862344,None,False,,none,True,False
S1823,C2,motorway,C2,名古屋第二環状自動車道,2625.7719673491815,1875862065,1148955394,None,False,,none,True,False
S1824,segment_1824,motorway_link,,,429.07732553847717,1875862065,1875862696,None,False,,none,True,False
S1825,C2,motorway,C2,名古屋第二環状自動車道,779.2095607904937,1875862089,5106756348,None,False,,none,True,False
S1826,segment_1826,trunk_link,,,30.125929437927102,1875862251,1875862344,None,False,,none,True,False
S1827,302,trunk,302,国道302号,234.10661995690083,1875862344,1875862696,None,False,,none,True,False
S1828,302,trunk,302,国道302号,170.19032765419777,1875862696,3820678274,None,False,,none,True,False
S1829,segment_1829,motorway_link,,,503.8699728888859,1875862820,1875862089,None,False,,none,True,False
S1830,302,trunk,302,国道302号,699.6551397004963,1875862820,566646428,None,False,,none,True,False
S1831,segment_1831,trunk_link,,,269.13396836558445,1875863157,7552986559,None,False,,none,True,False
S1832,302,trunk,302,国道302号,177.07504295547784,1875863157,3360849675,None,False,,none,True,False
S1833,302,trunk,302,"['庄内川大橋', '国道302号']",1080.1832947338655,1875863157,566639741,None,False,,none,True,False
S1834,segment_1834,trunk_link,,,220.22329557957633,1875863746,1875863157,None,False,,none,True,False
S1835,segment_1835,motorway_link,,,587.6929669712435,1877649293,1877649319,None,False,,none,True,False
S1836,5,motorway,5,名古屋高速5号万場線,183.68628697105268,1877649319,287037515,None,False,,landslide_block,False,True
S1837,23,trunk,23,知立バイパス,235.40770360744244,1886537622,739247144,None,False,,none,True,False
S1838,23,trunk,23,知立バイパス,1389.4896352193384,1886537624,2115201210,None,False,,none,True,False
S1839,segment_1839,trunk_link,,,214.20326571147956,1886537624,1886537619,None,False,,crack_pothole,True,False
S1840,6,primary,6,力石名古屋線,11.459253760342532,1889499149,3829500474,None,False,,landslide_block,False,True
S1841,57,primary,57,瀬戸大府東海線,643.114863473711,1889499149,9187463673,None,False,,none,True,False
S1842,57,primary,57,瀬戸大府東海線,2886.891427441132,1889502557,393857586,None,False,,crack_pothole,True,False
S1843,57,primary,57,瀬戸大府東海線,431.5044004280905,1889502557,1889501894,None,False,,none,True,False
S1844,57,primary,57,瀬戸大府東海線,83.84329970179505,1889502557,2481757626,None,False,,none,True,False
S1845,59,primary_link,59,名古屋中環状線,14.265842379044567,1899522360,505161679,None,False,,none,True,False
S1846,59,primary,59,名古屋中環状線,44.08658037125007,1906954954,2105111737,None,False,,none,True,False
S1847,59,primary,59,名古屋中環状線,474.17002254395265,1906954954,895555617,None,False,,none,True,False
S1848,segment_1848,trunk_link,,,36.359521250725344,1907871495,11408664536,None,False,,none,True,False
S1849,segment_1849,trunk_link,,,18.927912440738304,1907871529,9367044842,None,False,,none,True,False
S1850,segment_1850,trunk_link,,,9.869786735717152,1925128894,5435323324,None,False,,none,True,False
S1851,1,trunk,1,国道1号,504.62007919531743,1925136112,7517947359,None,False,,none,True,False
S1852,23,trunk,23,国道23号,957.8627113808882,1925136297,1925140890,None,False,,none,True,False
S1853,segment_1853,trunk_link,,,321.5896163006287,1925136297,657390002,None,False,,none,True,False
S1854,23,trunk,23,国道23号,1273.4994042506623,1925136299,7517947348,None,False,,none,True,False
S1855,23,trunk,23,国道23号,1472.068104080788,1925140890,3153964071,None,False,,none,True,False
S1856,東海通,primary_link,,東海通,317.5079300719968,1925149308,1925149856,None,False,,none,True,False
S1857,東海通,primary,,東海通,478.39581589186963,1925149856,475473677,None,False,,none,True,False
S1858,東海通,primary_link,,東海通,312.95027095674504,1925149879,628228289,None,False,,none,True,False
S1859,東海通,primary,,東海通,965.4519417852972,1925149879,1608729559,None,False,,none,True,False
S1860,C1,motorway,C1,名古屋高速都心環状線,589.4582204015544,1933710052,1933710059,None,False,,none,True,False
S1861,4,motorway,4,名古屋高速4号東海線,1024.7582179442193,1933710052,621552230,None,False,,none,True,False
S1862,C1,motorway,C1,名古屋高速都心環状線,514.9605281205443,1933710059,289332715,None,False,,none,True,False
S1863,366,trunk,366,国道366号,58.20252324352579,1940995376,2121351730,None,False,,none,True,False
S1864,segment_1864,trunk_link,,,362.9455573285822,1940995376,1579399756,None,False,,none,True,False
S1865,366,trunk,366,国道366号,3755.555622581766,1940995376,780944011,None,False,,none,True,False
S1866,50,primary,50,名古屋碧南線,5.626857483396345,1940995627,505080001,None,False,,none,True,False
S1867,50,primary,50,名古屋碧南線,3046.808976172742,1940995627,479734906,None,False,,none,True,False
S1868,segment_1868,trunk_link,,,394.83279627100427,1940995627,1150962619,None,False,,none,True,False
S1869,247,trunk,247,西知多産業道路,11.080939418017515,1941004189,3821030119,None,False,,crack_pothole,True,False
S1870,247,trunk,247,国道247号,1280.5459666461766,1941004189,5221248891,None,False,,none,True,False
S1871,23,trunk,23,国道23号,257.6231996354751,1941004856,289294175,None,False,,none,True,False
S1872,23,trunk,23,国道23号,73.31792136957408,1941005306,1941004856,None,False,,none,True,False
S1873,segment_1873,trunk_link,,,110.4486483994612,1941005306,1941004856,None,False,,none,True,False
S1874,23,trunk_link,23,,234.42919894433135,1941005569,4574708749,None,False,,none,True,False
S1875,23,trunk,23,国道23号,452.67276787994115,1941005569,4574708755,None,False,,none,True,False
S1876,23,trunk,23,国道23号,144.82089425257877,1941005595,1941005306,None,False,,none,True,False
S1877,59,primary,59,名古屋中環状線,26.81624754782778,1941006217,4574708749,None,False,,none,True,False
S1878,23,trunk_link,23,,230.3245033913715,1941006217,1941005595,None,False,,none,True,False
S1879,302,trunk,302,国道302号,169.60872375591242,1941006549,1849532603,None,False,,none,True,False
S1880,59,primary,59,名古屋中環状線,6.750159139846929,1941013356,7517842962,None,False,,none,True,False
S1881,36,primary,36,諸輪名古屋線,1210.3422131011641,1941013356,775502756,None,False,,none,True,False
S1882,segment_1882,trunk_link,,,69.12465347121415,1941014806,6113428418,None,False,,none,True,False
S1883,C2,motorway,C2,名古屋第二環状自動車道,3128.4227394570535,1941034803,1149226222,None,False,,none,True,False
S1884,C2,motorway,C2,名古屋第二環状自動車道,925.1194552769284,1941034804,4336423427,None,False,,none,True,False
S1885,segment_1885,motorway_link,,,320.33113624441506,1941034804,1941006549,None,False,,none,True,False
S1886,1,trunk,1,国道1号,13.081618113252766,1945486424,1945486482,None,False,,none,True,False
S1887,419,trunk,419,国道419号,10.630021327531576,1945486482,1945486497,None,False,,none,True,False
S1888,1,trunk,1,国道1号,1125.4205061040855,1945486482,366069826,None,False,,none,True,False
S1889,419,trunk,419,国道419号,11.181286258082157,1945486488,1945486424,None,False,,none,True,False
S1890,1,trunk,1,国道1号,13.70049811396656,1945486497,1945486488,None,False,,none,True,False
S1891,419,trunk,419,"['衣浦豊田道路', '国道419号']",190.89738297479968,1945486497,6129833522,None,False,,none,True,False
S1892,419,trunk_link,419,衣浦豊田道路,583.332835545966,1945486562,1945486755,None,False,,none,True,False
S1893,419,trunk,419,衣浦豊田道路,547.8286109325938,1945486562,1945487354,None,False,,landslide_block,False,True
S1894,419,trunk,419,"['衣浦豊田道路', '国道419号']",232.63832000788673,1945486755,1945486488,None,False,,none,True,False
S1895,419,trunk,419,衣浦豊田道路,198.90625074065827,1945487354,371078068,None,False,,none,True,False
S1896,419,trunk,419,衣浦豊田道路,99.67297173090765,1945487598,4082355408,None,False,,none,True,False
S1897,419,trunk,419,国道419号,194.70950117769667,1945488638,4082355405,None,False,,none,True,False
S1898,419,trunk,419,衣浦豊田道路,357.4481730199061,1945488638,1945487598,None,False,,none,True,False
S1899,419,trunk,419,国道419号,414.52122349036875,1945488643,1601037785,None,False,,none,True,False
S1900,1,trunk,1,国道1号,25.045968575062076,1945488932,1945489029,None,False,,none,True,False
S1901,155,trunk_link,155,国道155号,11.134039890765026,1945488932,1945489027,None,False,,landslide_block,False,True
S1902,155,trunk_link,155,国道155号,319.8047314387878,1945488932,4358264009,None,False,,none,True,False
S1903,155,trunk_link,155,国道155号,11.134039890765026,1945489027,1945488932,None,False,,none,True,False
S1904,1,trunk,1,国道1号,1971.8295521748273,1945489027,1945486497,None,False,,none,True,False
S1905,155,trunk_link,155,国道155号,11.421437469736324,1945489029,1945489034,None,False,,none,True,False
S1906,1,trunk,1,国道1号,631.3939074491674,1945489029,366959424,None,False,,none,True,False
S1907,1,trunk,1,国道1号,25.616651497220598,1945489034,1945489027,None,False,,none,True,False
S1908,155,trunk_link,155,国道155号,11.421437469736324,1945489034,1945489029,None,False,,none,True,False
S1909,155,trunk_link,155,国道155号,307.92329734702207,1945489034,1945489111,None,False,,none,True,False
S1910,155,trunk,155,国道155号,627.8704786508441,1945489105,4358264009,None,False,,landslide_block,False,True
S1911,155,trunk_link,155,国道155号,297.5383483959201,1945489105,1945489027,None,False,,none,True,False
S1912,155,trunk,155,国道155号,1885.0198593861066,1945489111,4087191017,None,False,,crack_pothole,True,False
S1913,22,trunk,22,"['伏見通', '国道22号']",1186.8429736740218,1969897490,556602736,None,False,,none,True,False
S1914,segment_1914,motorway_link,,,19.431422314586246,1969897491,623238546,None,False,,none,True,False
S1915,segment_1915,motorway_link,,,11.2229522417106,1969897491,1969897490,None,False,,none,True,False
S1916,1,trunk,1,国道1号,1367.2402285057178,1985465242,661992500,None,False,,none,True,False
S1917,70,primary,70,名古屋十四山線,1143.4797476559029,1985465242,1162707552,None,False,,none,True,False
S1918,1,trunk,1,"['昭和橋通', '国道1号']",2771.4843818174395,1985465252,2069785787,None,False,,none,True,False
S1919,106,trunk_link,106,鳥ヶ地名古屋線,141.67197820327175,1985465252,3840237442,None,False,,none,True,False
S1920,59;227,primary,59;227,名古屋中環状線,16.10321757957282,2050793888,2050793889,None,False,,none,True,False
S1921,23,trunk,23,国道23号,2386.032602113932,2050793888,2528788207,None,False,,none,True,False
S1922,59;227,primary,59;227,名古屋中環状線,16.10321757957282,2050793889,2050793888,None,False,,none,True,False
S1923,59;227,primary,"['59;227', '59']",名古屋中環状線,1970.3813859544969,2050793889,1161617868,None,False,,none,True,False
S1924,23,trunk,23,国道23号,987.0021091325623,2050793889,3820716712,None,False,,none,True,False
S1925,segment_1925,motorway_link,,,546.5115503817219,2061035299,289332755,None,False,,none,True,False
S1926,53,primary,53,春日井瀬戸線,70.47450118292896,2065920763,627769515,None,False,,none,True,False
S1927,1,trunk,1,昭和橋通,12.49735629867603,2069785787,1161617295,None,False,,none,True,False
S1928,環状線,primary,,環状線,1763.3664308304994,2069785787,1162944142,None,False,,landslide_block,False,True
S1929,segment_1929,motorway_link,,,906.93447243825,2081806553,385132946,None,False,,none,True,False
S1930,2,motorway,2,名古屋高速2号東山線,214.20747184279887,2081806556,8980578172,None,False,,none,True,False
S1931,segment_1931,motorway_link,,,117.53897982646608,2081806556,8980578174,None,False,,none,True,False
S1932,67;190,primary,67;190,名古屋祖父江線,1953.9782537920692,2085338599,2353009284,None,False,,none,True,False
S1933,67;190,primary,"['67;190', '67']",名古屋祖父江線,752.4010070497353,2085338599,392637101,None,False,,none,True,False
S1934,153,trunk,153,国道153号,66.58029099640231,2094276653,660201333,None,False,,none,True,False
S1935,2,motorway_link,2,春岡出口,199.2655374607777,2094276655,2094276653,None,False,,crack_pothole,True,False
S1936,2,motorway,2,名古屋高速2号東山線,709.1717777511919,2094276655,3820858379,None,False,,none,True,False
S1937,22,primary,22,瀬戸環状線,579.4342210892061,2098074387,430060858,None,False,,none,True,False
S1938,segment_1938,primary_link,,,208.3515283960278,2100787076,4081105201,None,False,,none,True,False
S1939,大須通り,primary,,"['大須通り', '大須通']",230.25680591370238,2100787076,1162944200,None,False,,none,True,False
S1940,58,primary,58,飯田街道,9.40214618703651,2104186802,537868265,None,False,,none,True,False
S1941,56,primary,56,名古屋岡崎線,1070.3881870523014,2104186802,634108974,None,False,,none,True,False
S1942,58,primary,58,飯田街道,975.450939533889,2104186802,603380096,None,False,,none,True,False
S1943,山王通,primary,,山王通,9.335777353965403,2104186807,395048953,None,False,,none,True,False
S1944,153,trunk,153,"['飯田街道', '国道153号']",3618.700759876201,2104186807,4576773580,None,False,,none,True,False
S1945,山王通,primary,,山王通,9.651147241905939,2104186813,1147285769,None,False,,none,True,False
S1946,30,primary,30,関田名古屋線,97.92459661576498,2104186813,1608088388,None,False,,crack_pothole,True,False
S1947,環状線,primary,,環状線,9.343064729513266,2104186814,660201323,None,False,,crack_pothole,True,False
S1948,山王通,primary,,山王通,1270.6790101094607,2104186814,2104186813,None,False,,landslide_block,False,True
S1949,30,primary,30,関田名古屋線,15.377371043146605,2104186847,2691040334,None,False,,none,True,False
S1950,60,primary,60,広小路通,1898.6354212848275,2104186847,660201347,None,False,,none,True,False
S1951,302,trunk,302,国道302号,1716.9078680214323,2105111737,4336475488,None,False,,landslide_block,False,True
S1952,23,trunk,23,国道23号,657.6397174896546,2113272701,1149168977,None,False,,none,True,False
S1953,23,trunk,23,知立バイパス,1244.496205143552,2115200661,1886537622,None,False,,none,True,False
S1954,segment_1954,trunk_link,,,399.87991315865946,2115200661,496813191,None,False,,none,True,False
S1955,segment_1955,trunk_link,,,486.31417529492126,2115200975,2115201210,None,False,,none,True,False
S1956,23,trunk,23,知立バイパス,302.09058050060804,2115201210,471792884,None,False,,none,True,False
S1957,23,trunk_link,23,国道23号,372.9840432484208,2115209211,2115209212,None,False,,none,True,False
S1958,23,trunk_link,23,国道23号,280.6968979131103,2115209211,739258091,None,False,,none,True,False
S1959,23,trunk_link,23,国道23号,167.00485059657964,2115209212,1825848690,None,False,,none,True,False
S1960,E1A,motorway,E1A,伊勢湾岸自動車道,676.4974596891178,2115335974,2116135712,None,False,,none,True,False
S1961,23,trunk,23,国道23号,1340.8281152384645,2116038085,739254878,None,False,,none,True,False
S1962,23,trunk,23,国道23号,845.3836507003115,2116038104,739258151,None,False,,none,True,False
S1963,23,trunk,23,国道23号,735.7971623941271,2116054364,739254817,None,False,,none,True,False
S1964,segment_1964,trunk_link,,,40.99687654733421,2116074564,2116074566,None,False,,crack_pothole,True,False
S1965,segment_1965,trunk_link,,,42.84612445749298,2116074566,2121351730,None,False,,crack_pothole,True,False
S1966,E1A,motorway,E1A,伊勢湾岸自動車道,4014.7939101264546,2116135712,241798924,None,False,,none,True,False
S1967,segment_1967,trunk_link,,,31.531927143358985,2116206085,2976852303,None,False,,none,True,False
S1968,302,trunk,302,国道302号,461.9409423644192,2116206085,7128456454,None,False,,none,True,False
S1969,23,primary,23,東浦名古屋線,34.57598146113978,2116283694,420535991,None,False,,none,True,False
S1970,302,trunk,302,国道302号,367.7569417602976,2116283694,2116206085,None,False,,none,True,False
S1971,302,trunk,302,国道302号,41.834649718346974,2116433655,2116433662,None,False,,none,True,False
S1972,segment_1972,trunk_link,,,25.091020776471197,2116433655,2116433658,None,False,,none,True,False
S1973,302,trunk,302,国道302号,41.838021330276355,2116433657,2116433655,None,False,,none,True,False
S1974,302,trunk,302,国道302号,42.982054444660506,2116433658,2116433660,None,False,,none,True,False
S1975,segment_1975,motorway_link,,,45.46860204169429,2116433658,2116433661,None,False,,none,True,False
S1976,segment_1976,trunk_link,,,24.42780708881703,2116433660,2116433657,None,False,,none,True,False
S1977,302,trunk,302,国道302号,417.6479037124418,2116433660,2126159696,None,False,,none,True,False
S1978,segment_1978,motorway_link,,,594.8493420329906,2116433661,385662927,None,False,,none,True,False
S1979,302,trunk,302,国道302号,351.0085776037161,2116433662,3829533086,None,False,,none,True,False
S1980,segment_1980,motorway_link,,,552.6061590125828,2116433662,781489699,None,False,,none,True,False
S1981,366,trunk,366,国道366号,58.20252324352579,2121351730,1940995376,None,False,,none,True,False
S1982,23,trunk_link,23,国道23号,201.78359907355463,2121351730,2116054364,None,False,,none,True,False
S1983,302,trunk,302,国道302号,411.2127147545168,2126159682,2116433657,None,False,,crack_pothole,True,False
S1984,302,trunk,302,国道302号,1030.7106761370674,2126159696,4528121662,None,False,,none,True,False
S1985,segment_1985,motorway_link,,,513.9905920402479,2126159696,288685065,None,False,,crack_pothole,True,False
S1986,segment_1986,motorway_link,,,530.1530570553875,2126161540,2126159682,None,False,,none,True,False
S1987,E1A,motorway,E1A,伊勢湾岸自動車道,1092.4943398817868,2126161540,1149115293,None,False,,crack_pothole,True,False
S1988,55,primary,55,名古屋半田線,18.060431056396357,2126168935,2126168976,None,False,,none,True,False
S1989,302,trunk,302,国道302号,1354.2948707785813,2126168935,1581288244,None,False,,none,True,False
S1990,302,trunk,302,国道302号,10.029687485281753,2126168976,3821030087,None,False,,none,True,False
S1991,55,primary,55,名古屋半田線,1796.6817197138,2126168976,414668603,None,False,,none,True,False
S1992,segment_1992,motorway_link,,,526.6552396306215,2126174234,1581288244,None,False,,crack_pothole,True,False
S1993,4,motorway_link,4,名古屋高速東海線,993.2865814028426,2126174234,7129061814,None,False,,none,True,False
S1994,E1A,motorway,E1A,伊勢湾岸自動車道,2081.403997523254,2126174235,2126268049,None,False,,crack_pothole,True,False
S1995,segment_1995,motorway_link,,,259.1535997926397,2126174235,2126174234,None,False,,none,True,False
S1996,302,trunk,302,国道302号,34.96775550006935,2126192696,2548235974,None,False,,crack_pothole,True,False
S1997,247,motorway_link,247,西知多産業道路,66.51631060545984,2126192696,2126246162,None,False,,none,True,False
S1998,segment_1998,motorway_link,,,554.2445269840138,2126210894,1581287830,None,False,,none,True,False
S1999,segment_1999,motorway_link,,,744.6973119433369,2126210894,2126217615,None,False,,none,True,False
S2000,segment_2000,motorway_link,,,171.11609616055668,2126217615,2126268043,None,False,,none,True,False
S2001,segment_2001,motorway_link,,,171.79925987525678,2126217615,2126268043,None,False,,none,True,False
S2002,247,motorway_link,247,西知多産業道路,459.05195328161835,2126246162,2126246230,None,False,,none,True,False
S2003,247,motorway,247,西知多産業道路,217.36998021386142,2126246185,2126246230,None,False,,none,True,False
S2004,247,motorway,247,西知多産業道路,229.31358484969962,2126246230,1581284872,None,False,,none,True,False
S2005,segment_2005,motorway_link,,,415.007858492026,2126255352,5765143601,None,False,,none,True,False
S2006,247,trunk_link,247,国道247号,277.85630502596484,2126255352,580743718,None,False,,none,True,False
S2007,segment_2007,motorway_link,,,386.9843524884384,2126268043,2126271461,None,False,,none,True,False
S2008,E1A;302,motorway,E1A;302,伊勢湾岸自動車道,1156.9857761949359,2126268049,288685113,None,False,,none,True,False
S2009,segment_2009,motorway_link,,,357.66725486899435,2126271461,2126268049,None,False,,none,True,False
S2010,segment_2010,motorway_link,,,258.75642854477405,2126273444,2548235972,None,False,,none,True,False
S2011,E1A,motorway,E1A,伊勢湾岸自動車道,2081.0716666224257,2126273444,1149317536,None,False,,none,True,False
S2012,segment_2012,motorway_link,,,375.5544439598648,2126287202,2126210894,None,False,,none,True,False
S2013,segment_2013,motorway_link,,,1023.4320055401145,2126287202,2126246185,None,False,,none,True,False
S2014,segment_2014,motorway_link,,,950.7201170297448,2168737431,2548171372,None,False,,none,True,False
S2015,4,motorway,4,名古屋高速4号東海線,1264.1421922818724,2168737431,4355217521,None,False,,crack_pothole,True,False
S2016,4,motorway,4,名古屋高速4号東海線,2384.0582263355786,2168737454,2546715927,None,False,,crack_pothole,True,False
S2017,segment_2017,motorway_link,,,371.2113130004235,2168737454,2228603922,None,False,,landslide_block,False,True
S2018,segment_2018,motorway_link,,,208.9611653261202,2189000547,2193950518,None,False,,crack_pothole,True,False
S2019,segment_2019,motorway_link,,,181.35990412843097,2193950518,638312751,None,False,,crack_pothole,True,False
S2020,segment_2020,motorway_link,,,572.809694860996,2193950519,2434852669,None,False,,none,True,False
S2021,segment_2021,motorway_link,,,218.76485186264568,2193950519,1488725052,None,False,,none,True,False
S2022,segment_2022,motorway_link,,,472.6681080936117,2228603923,2546715700,None,False,,landslide_block,False,True
S2023,302,trunk,302,名古屋環状2号線,15.450106279912717,2286346940,2286346942,None,False,,none,True,False
S2024,1,trunk_link,1,国道1号,294.88827819267317,2286346940,7561118495,None,False,,none,True,False
S2025,1,trunk_link,1,国道1号,9.413197636299763,2286346942,13523363643,None,False,,none,True,False
S2026,302,trunk,302,名古屋環状2号線,143.23510942138344,2286346942,8687399284,None,False,,none,True,False
S2027,29,primary,29,弥富名古屋線,23.65922936893726,2286347018,1583801052,None,False,,crack_pothole,True,False
S2028,302,trunk,302,"['名古屋環状2号線', '国道302号']",1832.1514578336546,2286347018,2940012178,None,False,,none,True,False
S2029,70,primary,70,東海通,21.909724962536814,2286605610,1162707549,None,False,,none,True,False
S2030,302,trunk,302,名古屋環状2号線,1220.5672325625565,2286605610,8687426773,None,False,,landslide_block,False,True
S2031,segment_2031,motorway_link,,,420.3222363281275,2342918670,2342918674,None,False,,none,True,False
S2032,5,motorway,"['5', '2']","['名古屋高速2号東山線', '名古屋高速5号万場線']",830.9581041888198,2342918674,623036206,None,False,,none,True,False
S2033,segment_2033,motorway_link,,,334.9871805597586,2343100604,2343100608,None,False,,none,True,False
S2034,2,motorway,2,名古屋高速2号東山線,2412.3258649965505,2343100604,2081806556,None,False,,none,True,False
S2035,67;190,primary,67;190,名古屋祖父江線,1369.4067524520137,2353009284,661992601,None,False,,none,True,False
S2036,67;190,primary,67;190,名古屋祖父江線,1953.9782537920692,2353009284,2085338599,None,False,,none,True,False
S2037,59;126,primary,"['59;126', '59']","['御鷹野橋', '名古屋中環状線']",3039.4000844281063,2353009284,661045730,None,False,,landslide_block,False,True
S2038,59,primary,59,名古屋中環状線,605.2310861617555,2353009284,1356037660,None,False,,none,True,False
S2039,5,motorway,"['5', 'E23']","['東名阪自動車道', '名古屋高速5号万場線']",990.9393840091977,2388299361,632461236,None,False,,none,True,False
S2040,segment_2040,motorway_link,,,195.9550587734621,2388299361,1583805577,None,False,,none,True,False
S2041,302,trunk,302,国道302号,46.43718686355129,2388299390,2388299409,None,False,,none,True,False
S2042,40;115,primary,40;115,名古屋蟹江弥富線,837.8348678184191,2388299390,2607763455,None,False,,none,True,False
S2043,40;115,primary,40;115,名古屋蟹江弥富線,53.67911184980228,2388299409,661974076,None,False,,none,True,False
S2044,302,trunk,302,国道302号,287.21076806762295,2388299409,5142853845,None,False,,none,True,False
S2045,segment_2045,motorway_link,,,568.7097256784749,2389521014,658355701,None,False,,none,True,False
S2046,6,primary,6,力石名古屋線,395.8895558127392,2398412627,418097180,None,False,,none,True,False
S2047,6,primary_link,6,力石名古屋線,808.2640472390393,2405565828,800028989,None,False,,none,True,False
S2048,6,primary,6,力石名古屋線,804.4543529215218,2405565828,800028989,None,False,,none,True,False
S2049,segment_2049,motorway_link,,,33.90495510876797,2417949192,2417949195,None,False,,none,True,False
S2050,segment_2050,motorway_link,,,202.12876916734814,2417949192,1150439396,None,False,,none,True,False
S2051,segment_2051,motorway_link,,,33.90495510876797,2417949195,2417949192,None,False,,landslide_block,False,True
S2052,segment_2052,motorway_link,,,89.67769182951562,2417949195,1150439328,None,False,,none,True,False
S2053,62,primary,62,春日井稲沢線,10.307920284720026,2418526472,552686261,None,False,,none,True,False
S2054,63;161,primary,"['63;161', '63', '63;161;165']",名古屋江南線,3675.101899565596,2418526472,2418526602,None,False,,none,True,False
S2055,63,primary,"['63', '63;163']",名古屋江南線,2129.803888581092,2418526534,2418526592,None,False,,none,True,False
S2056,25,primary,25,春日井一宮線,10.811478940298349,2418526562,1219026602,None,False,,none,True,False
S2057,63,primary,63,名古屋江南線,759.0344369650549,2418526562,2522768269,None,False,,none,True,False
S2058,25;166,primary,25;166,春日井一宮線,10.716017654470157,2418526565,556195313,None,False,,none,True,False
S2059,63,primary,63,名古屋江南線,1405.5332071929856,2418526565,2418536614,None,False,,none,True,False
S2060,63,primary,63,名古屋江南線,11.86740926432537,2418526592,2418526472,None,False,,none,True,False
S2061,62,primary,62,春日井稲沢線,1885.3708355529388,2418526592,1168301817,None,False,,crack_pothole,True,False
S2062,25;166,primary,25;166,春日井一宮線,10.136860510226384,2418526602,623045537,None,False,,none,True,False
S2063,25;166,primary,"['25;166', '25;153;166']",春日井一宮線,2254.3603264860685,2418526602,1262231103,None,False,,none,True,False
S2064,63;166;25,primary,63;166;25,名古屋江南線,148.64803171898873,2418526602,2418526565,None,False,,none,True,False
S2065,25,primary,25,春日井一宮線,10.434171908261991,2418536612,2418536614,None,False,,none,True,False
S2066,63,primary,63,名古屋江南線,1405.9694947980481,2418536612,556195313,None,False,,none,True,False
S2067,63,primary,63,名古屋江南線,11.473262020289049,2418536614,2418526562,None,False,,none,True,False
S2068,segment_2068,motorway_link,,,491.97830705821355,2420372126,2420372134,None,False,,none,True,False
S2069,江川線,primary,,江川線,1559.172389071138,2420372126,600062128,None,False,,none,True,False
S2070,4,motorway,4,名古屋高速4号東海線,1166.3340221872324,2420372134,1150898450,None,False,,none,True,False
S2071,segment_2071,motorway_link,,,181.1921328180268,2420374153,2420374156,None,False,,none,True,False
S2072,E87,motorway,E87,知多半島道路,815.226345909038,2420374156,665706742,None,False,,none,True,False
S2073,25,primary,25,春日井一宮線,658.012317312359,2433612508,1262231103,None,False,,none,True,False
S2074,25;153;166,primary,"['25;153;166', '25;153;155;166']",春日井一宮線,793.4279475325135,2433612508,1262231103,None,False,,none,True,False
S2075,25;166,primary,25;166,春日井一宮線,507.95987957431595,2433612508,463104763,None,False,,crack_pothole,True,False
S2076,segment_2076,trunk_link,,,91.16813490938243,2434852640,2434852663,None,False,,none,True,False
S2077,22,trunk_link,22,国道22号線,164.31224479783683,2434852640,1356039876,None,False,,none,True,False
S2078,segment_2078,trunk_link,,,143.97179800000018,2434852663,2434852671,None,False,,none,True,False
S2079,segment_2079,motorway_link,,,274.02174191381465,2434852663,2434915302,None,False,,landslide_block,False,True
S2080,segment_2080,motorway_link,,,290.43918488376113,2434852669,632461470,None,False,,none,True,False
S2081,segment_2081,"['trunk_link', 'motorway_link']",,,664.2591983145307,2434852671,7983142786,None,False,,none,True,False
S2082,segment_2082,motorway_link,,,75.69009374971837,2434901071,2434915302,None,False,,none,True,False
S2083,22,trunk_link,22,国道22号線,185.37186787414953,2434901071,2434915309,None,False,,none,True,False
S2084,6,motorway,6,名古屋高速6号清須線,214.86992200182175,2434901079,8320800922,None,False,,none,True,False
S2085,segment_2085,motorway_link,,,384.99755720655935,2434901079,2434901092,None,False,,none,True,False
S2086,segment_2086,motorway_link,,,84.73869103929039,2434901092,1489740206,None,False,,none,True,False
S2087,segment_2087,motorway_link,,,421.2889498198179,2434901092,638312764,None,False,,none,True,False
S2088,22,trunk_link,22,国道22号線,103.91230949806479,2434906285,638312764,None,False,,none,True,False
S2089,302,trunk,302,国道302号,64.93951344243469,2434906286,638312741,None,False,,none,True,False
S2090,segment_2090,trunk_link,,,78.98087165599054,2434906286,2434906285,None,False,,none,True,False
S2091,22,trunk_link,22,国道22号線,22.350882899606287,2434915300,2434952144,None,False,,none,True,False
S2092,302,trunk,302,国道302号,67.23821481784788,2434915300,638312739,None,False,,none,True,False
S2093,segment_2093,motorway_link,,,282.49997209923356,2434915302,2193950518,None,False,,none,True,False
S2094,22,trunk,22,名岐バイパス,711.9595716122565,2434915303,638312760,None,False,,none,True,False
S2095,22,trunk_link,22,国道22号線,297.9883501104133,2434915303,1489740206,None,False,,none,True,False
S2096,22,trunk,22,名岐バイパス,1040.3325597027817,2434915309,8320800879,None,False,,landslide_block,False,True
S2097,segment_2097,trunk_link,,,85.64333699276928,2434952129,1356039826,None,False,,none,True,False
S2098,302,trunk,302,国道302号,27.882978074835844,2434952134,2434915300,None,False,,none,True,False
S2099,segment_2099,trunk_link,,,35.121268014087725,2434952134,2434952144,None,False,,none,True,False
S2100,22,trunk_link,22,国道22号線,31.72370118384334,2434952144,2434901071,None,False,,none,True,False
S2101,segment_2101,motorway_link,,,199.67396833683006,2438341978,7695539775,None,False,,none,True,False
S2102,segment_2102,motorway_link,,,535.0676174069406,2469605860,4335077643,None,False,,none,True,False
S2103,302,trunk,302,国道302号,1385.7529764073988,2469605860,1356039839,None,False,,none,True,False
S2104,57,primary,57,瀬戸大府東海線,83.84329970179505,2481757626,1889502557,None,False,,none,True,False
S2105,57;215,primary,"['57;215', '57']",瀬戸大府東海線,957.713434857034,2481757626,627769319,None,False,,none,True,False
S2106,環状線,primary,,環状線,9.110840565436165,2496922319,540118563,None,False,,none,True,False
S2107,東海通,primary,,東海通,1205.7584293563998,2496922319,2496922328,None,False,,none,True,False
S2108,1,trunk,1,国道1号,5.25831365157708,2496922328,2918357255,None,False,,none,True,False
S2109,東海通,primary,,東海通,26.76949289316385,2496922328,2496922330,None,False,,none,True,False
S2110,1,trunk,1,国道1号,9.09992886241053,2496922330,621218454,None,False,,none,True,False
S2111,東海通,primary,,東海通,1177.0682505037723,2496922330,1608729553,None,False,,none,True,False
S2112,東海通,primary,,東海通,9.250450146564058,2496928885,581434139,None,False,,none,True,False
S2113,59,primary,59,名古屋中環状線,3942.959442264419,2496928885,3826537479,None,False,,none,True,False
S2114,東海通,primary,,東海通,9.147134754111683,2496928899,2496928900,None,False,,landslide_block,False,True
S2115,59,primary,59,名古屋中環状線,2199.227939315668,2496928899,7517842963,None,False,,none,True,False
S2116,59,primary,59,名古屋中環状線,9.174824178859344,2496928900,2496928885,None,False,,none,True,False
S2117,東海通,primary,,東海通,1838.916147543147,2496928900,2496928922,None,False,,landslide_block,False,True
S2118,東海通,primary,,東海通,13.065384703314896,2496928922,2496922319,None,False,,none,True,False
S2119,環状線,primary,,環状線,1699.6577407696923,2496928922,621055775,None,False,,none,True,False
S2120,302,trunk,302,国道302号,766.6899718832813,2496937067,6113428418,None,False,,none,True,False
S2121,segment_2121,motorway_link,,,442.3890415117067,2496937067,1149226290,None,False,,landslide_block,False,True
S2122,302,trunk,302,国道302号,95.59773535622021,2496937109,2496948231,None,False,,none,True,False
S2123,302,trunk,302,国道302号,104.95545346933305,2496937109,12754504846,None,False,,none,True,False
S2124,東海通,primary,,東海通,4.416324392800079,2496948212,12754504846,None,False,,none,True,False
S2125,302,trunk,302,国道302号,73.20461374352192,2496948212,2496937067,None,False,,none,True,False
S2126,56,primary,56,名古屋岡崎線バイパス,7.14852368500698,2496948213,2496948215,None,False,,crack_pothole,True,False
S2127,36,primary,"['36', '36;220']",諸輪名古屋線,2911.7681026814457,2496948213,1849527353,None,False,,none,True,False
S2128,36,primary,36,諸輪名古屋線,10.803195534247916,2496948215,1671480010,None,False,,none,True,False
S2129,56;220,primary,"['56;220', '56']",名古屋岡崎線バイパス,874.389661497121,2496948215,2496948212,None,False,,landslide_block,False,True
S2130,302,trunk,302,国道302号,7.599684134494255,2496948231,1849527364,None,False,,none,True,False
S2131,東海通,primary,,東海通,3470.8872921001152,2496948231,2496928899,None,False,,none,True,False
S2132,C2,motorway,C2,名古屋第二環状自動車道,486.017155375267,2497023881,6768678744,None,False,,none,True,False
S2133,302,trunk,302,国道302号,16.590368793517747,2497023891,1149064894,None,False,,crack_pothole,True,False
S2134,153,trunk_link,153,国道153号,4.908036515213796,2497023891,3803549804,None,False,,none,True,False
S2135,153,trunk_link,153,国道153号,19.460756062275927,2497023899,2497024007,None,False,,none,True,False
S2136,302,trunk_link,302,国道302号,15.249188758884996,2497023899,1149064939,None,False,,none,True,False
S2137,302,trunk,302,国道302号,29.78431000979307,2497023905,2913832609,None,False,,none,True,False
S2138,302,trunk_link,302,国道302号,146.2203964074281,2497023905,2497023978,None,False,,none,True,False
S2139,segment_2139,motorway_link,,,70.86427200494904,2497023930,2497023881,None,False,,none,True,False
S2140,302,trunk,302,国道302号,71.03294693682565,2497023936,12754504831,None,False,,none,True,False
S2141,302,trunk_link,302,国道302号,7.790693155853216,2497023978,3803549804,None,False,,none,True,False
S2142,153,trunk_link,153,国道153号,12.407478549108433,2497023978,1149064894,None,False,,none,True,False
S2143,302,trunk,302,国道302号,82.64366057598194,2497023979,1803988258,None,False,,none,True,False
S2144,302,trunk_link,302,国道302号,88.63455157765056,2497023979,3803549800,None,False,,none,True,False
S2145,302,trunk,302,国道302号,8.139116625227125,2497023985,4516753647,None,False,,none,True,False
S2146,segment_2146,motorway_link,,,397.97914630008694,2497023996,12691016533,None,False,,none,True,False
S2147,302,trunk,302,国道302号,569.278149496285,2497023996,11330234812,None,False,,none,True,False
S2148,153,trunk_link,153,国道153号,11.425259484122062,2497024007,2497023978,None,False,,none,True,False
S2149,153,trunk_link,153,国道153号,30.708829075020052,2497024007,1149064939,None,False,,none,True,False
S2150,153,trunk_link,153,国道153号,348.8907149530803,2497024014,895555668,None,False,,none,True,False
S2151,segment_2151,motorway_link,,,689.6279903413604,2497024014,2497023930,None,False,,landslide_block,False,True
S2152,153,trunk,153,国道153号,120.8969228765545,2497024016,460288542,None,False,,none,True,False
S2153,29,primary,29,弥富名古屋線,24.945353912915134,2498099199,2286347018,None,False,,none,True,False
S2154,302,trunk,302,名古屋環状2号線,972.3272302652896,2498099199,8687399296,None,False,,none,True,False
S2155,59,primary,59,名古屋中環状線,9.648540226944757,2498099202,1583800925,None,False,,crack_pothole,True,False
S2156,29,primary,29,"['弥富名古屋線', '八熊通']",4312.5032011263265,2498099202,2498111074,None,False,,none,True,False
S2157,59,primary,59,名古屋中環状線,5702.211529889491,2498099202,661045729,None,False,,none,True,False
S2158,環状線,primary,,環状線,8.89515512614951,2498111034,666674304,None,False,,none,True,False
S2159,29,primary,29,八熊通,2027.9310025492255,2498111034,3159063317,None,False,,none,True,False
S2160,29,primary,29,八熊通,11.518840073784201,2498111074,2498111034,None,False,,none,True,False
S2161,環状線,primary,,環状線,978.5156776272275,2498111074,1162944193,None,False,,none,True,False
S2162,25,primary,25,春日井一宮線,960.298346064699,2514659733,2418536612,None,False,,none,True,False
S2163,23,trunk,23,国道23号,724.6306757023768,2520843193,1608661342,None,False,,none,True,False
S2164,segment_2164,trunk_link,,,324.8345507591223,2520843193,2542896409,None,False,,none,True,False
S2165,23,trunk,23,国道23号,790.7851237078994,2520843200,2528787698,None,False,,none,True,False
S2166,155,trunk,155,国道155号,9.731265348153928,2522768266,2522768269,None,False,,none,True,False
S2167,155,trunk,155,国道155号,3320.10790052717,2522768266,551480629,None,False,,none,True,False
S2168,63,primary,63,名古屋江南線,753.8275783493216,2522768266,1219026602,None,False,,none,True,False
S2169,155,trunk,155,国道155号,9.731265348153928,2522768269,2522768266,None,False,,none,True,False
S2170,155,trunk,155,国道155号,1245.3689805229742,2522768269,559421334,None,False,,none,True,False
S2171,63,primary,63,名古屋江南線,177.10563794778616,2522768269,1219023941,None,False,,crack_pothole,True,False
S2172,segment_2172,trunk_link,,,981.0617748602215,2528787698,2528788248,None,False,,none,True,False
S2173,23,trunk,23,国道23号,980.1631092676083,2528787698,2528788248,None,False,,none,True,False
S2174,23,trunk,23,国道23号,867.3691585788567,2528787730,2520843193,None,False,,none,True,False
S2175,segment_2175,trunk_link,,,626.928987273153,2528788207,2528787730,None,False,,none,True,False
S2176,23,trunk,23,国道23号,626.0899859259051,2528788207,2528787730,None,False,,none,True,False
S2177,23,trunk,23,国道23号,2103.8794417957324,2528788248,2050793889,None,False,,none,True,False
S2178,金城ふ頭線,primary,,金城ふ頭線,5454.288433769092,2541030587,1161617965,None,False,,none,True,False
S2179,segment_2179,trunk_link,,,28.38062737994497,2542896409,1281658987,None,False,,none,True,False
S2180,302,trunk,302,名古屋環状2号線,568.2179103551646,2542896409,7176782998,None,False,,none,True,False
S2181,4,motorway,4,名古屋高速4号東海線,2282.501043591858,2546715700,2168737431,None,False,,none,True,False
S2182,4,motorway,4,名古屋高速4号東海線,1797.4208427759738,2546715740,2420372134,None,False,,crack_pothole,True,False
S2183,segment_2183,motorway_link,,,383.7304641526134,2546715740,6765929133,None,False,,none,True,False
S2184,segment_2184,motorway_link,,,356.2621695953065,2546715836,1150898451,None,False,,none,True,False
S2185,4,motorway,4,名古屋高速4号東海線,1089.6526047406835,2546715836,6765929138,None,False,,none,True,False
S2186,4,motorway,4,名古屋高速4号東海線,210.28804782386095,2546715927,2546715740,None,False,,none,True,False
S2187,segment_2187,motorway_link,,,740.3008615542441,2548171375,2548171381,None,False,,none,True,False
S2188,4,motorway,4,名古屋高速4号東海線,2464.716489652463,2548171381,2168737454,None,False,,none,True,False
S2189,江川線,primary,,江川線,1042.70436679231,2548188883,7083793066,None,False,,none,True,False
S2190,247,trunk,247,西知多産業道路,22.006780186006107,2548235905,2548235907,None,False,,none,True,False
S2191,302,"['motorway_link', 'trunk']",302,国道302号,764.8257336360239,2548235905,2126271461,None,False,,none,True,False
S2192,302,trunk,302,国道302号,36.46292853048287,2548235907,1581288577,None,False,,none,True,False
S2193,247,trunk,247,西知多産業道路,291.62190839788525,2548235907,1581290567,None,False,,none,True,False
S2194,247,motorway,247,西知多産業道路,551.9219831552556,2548235914,2548235981,None,False,,none,True,False
S2195,247,motorway,247,西知多産業道路,1552.248626195868,2548235947,2548235964,None,False,,none,True,False
S2196,247,motorway_link,247,西知多産業道路,607.4730532428106,2548235964,2548235914,None,False,,none,True,False
S2197,247,motorway,247,西知多産業道路,607.3583738335126,2548235964,2548235914,None,False,,none,True,False
S2198,302,"['trunk', 'motorway_link']",302,国道302号,835.5989688801162,2548235972,2548235907,None,False,,none,True,False
S2199,segment_2199,motorway_link,,,1027.5587126932332,2548235972,7129061814,None,False,,none,True,False
S2200,302,trunk,302,国道302号,34.92562258074085,2548235974,2548235905,None,False,,none,True,False
S2201,247,motorway_link,247,西知多産業道路,49.861953051525724,2548235974,2126246162,None,False,,none,True,False
S2202,247,motorway,247,西知多産業道路,188.32766948968447,2548235976,9960030538,None,False,,none,True,False
S2203,247,motorway_link,247,西知多産業道路,662.8123771563403,2548235981,2548235976,None,False,,none,True,False
S2204,247,motorway,247,西知多産業道路,661.2426421252064,2548235981,2548235976,None,False,,none,True,False
S2205,56,primary,56,名古屋岡崎線バイパス,467.06263041912587,2599412428,4079465118,None,False,,none,True,False
S2206,segment_2206,primary_link,,,468.6104265122338,2599412428,4079465118,None,False,,none,True,False
S2207,segment_2207,motorway_link,,,536.0535893204225,2599425040,1149168878,None,False,,none,True,False
S2208,segment_2208,motorway_link,,,335.9839728317975,2607763455,7414810755,None,False,,none,True,False
S2209,40;115,primary,"['40;115', '40']",名古屋蟹江弥富線,687.6570924457208,2607763455,1304634959,None,False,,crack_pothole,True,False
S2210,40;115,primary,40;115,名古屋蟹江弥富線,471.7577113344746,2607763469,2388299409,None,False,,none,True,False
S2211,E23,motorway,E23,東名阪自動車道,585.2799077553651,2607763474,632461253,None,False,,none,True,False
S2212,segment_2212,motorway_link,,,400.94770673681256,2607763474,2607763469,None,False,,none,True,False
S2213,155,trunk,155,国道155号,11.22319321056046,2681672680,2681672704,None,False,,none,True,False
S2214,155;366,trunk,155;366,国道155号,515.302993392217,2681672680,2681676854,None,False,,none,True,False
S2215,155,trunk,155,国道155号,11.22319321056046,2681672704,2681672680,None,False,,none,True,False
S2216,155;366,trunk,155;366,国道155号,12.095648544063296,2681672704,9821356803,None,False,,none,True,False
S2217,366,trunk,366,国道366号,269.5042655354854,2681672704,780944011,None,False,,none,True,False
S2218,155,trunk,155,国道155号,8.542473283793795,2681676854,429675089,None,False,,none,True,False
S2219,366,trunk,366,半田大府パイパス,533.1085554842616,2681676854,1231820439,None,False,,none,True,False
S2220,60,primary,60,広小路通,11.325386408270761,2691040334,602549935,None,False,,none,True,False
S2221,30,primary,30,関田名古屋線,3472.6203552338634,2691040334,414671174,None,False,,none,True,False
S2222,segment_2222,trunk_link,,,167.16328645317145,2744193165,1886537622,None,False,,none,True,False
S2223,江川線,primary,,江川線,1076.519302594379,2794101067,1162707566,None,False,,none,True,False
S2224,segment_2224,motorway_link,,,492.1820471684469,2794101067,6765929138,None,False,,none,True,False
S2225,segment_2225,trunk_link,,,24.10284136248615,2861448760,2861448784,None,False,,none,True,False
S2226,23,trunk_link,23,国道23号,265.69233431945037,2861448784,739258120,None,False,,crack_pothole,True,False
S2227,segment_2227,trunk_link,,,15.21390470723589,2861456053,1940995603,None,False,,none,True,False
S2228,segment_2228,trunk_link,,,152.19532136754083,2861456053,1150962549,None,False,,landslide_block,False,True
S2229,153,trunk_link,153,国道153号,420.0685928693257,2913832100,460288542,None,False,,none,True,False
S2230,302,trunk,302,国道302号,85.30205255594342,2913832604,2497023979,None,False,,none,True,False
S2231,C2,motorway,C2,名古屋第二環状自動車道,3350.3139439453294,2913832605,12691016536,None,False,,none,True,False
S2232,302,trunk,302,国道302号,110.56232216849249,2913832609,1149064939,None,False,,none,True,False
S2233,302,trunk_link,302,国道302号,117.28285859365158,2913832609,2913832100,None,False,,crack_pothole,True,False
S2234,segment_2234,trunk_link,,,208.4938541499477,2913854151,2913854118,None,False,,none,True,False
S2235,153,trunk,153,国道153号,366.9129902604953,2913854151,460277644,None,False,,none,True,False
S2236,空港線,primary,,空港線,677.931146493863,2918339386,599869109,None,False,,none,True,False
S2237,3,motorway,3,"['名古屋高速3号線', '名古屋高速3号大高線']",1476.789419326782,2918339388,289332561,None,False,,none,True,False
S2238,segment_2238,motorway_link,,,550.6164222786389,2918339388,2918339386,None,False,,none,True,False
S2239,segment_2239,motorway_link,,,391.380887292492,2918354232,2918354234,None,False,,none,True,False
S2240,3,motorway,3,名古屋高速3号大高線,2591.8363453557804,2918354232,1150200150,None,False,,none,True,False
S2241,1,trunk,1,国道1号,294.7607915342634,2918354234,392633981,None,False,,none,True,False
S2242,3,motorway,3,名古屋高速3号大高線,1391.153392799812,2918357249,2918359471,None,False,,none,True,False
S2243,1,trunk,1,国道1号,1660.2595909336799,2918357255,620369272,None,False,,none,True,False
S2244,segment_2244,motorway_link,,,535.5576605747401,2918357255,2918357249,None,False,,none,True,False
S2245,segment_2245,motorway_link,,,384.60790971319796,2918359471,1925136112,None,False,,none,True,False
S2246,3,motorway,3,名古屋高速3号大高線,3776.1462152955314,2918359471,385131828,None,False,,none,True,False
S2247,41,trunk,41,国道41号,548.1264796656991,2919927883,551481525,None,False,,none,True,False
S2248,302,trunk,302,国道302号,534.9071166756203,2940012178,2388299390,None,False,,none,True,False
S2249,68,primary,68,名古屋津島線,764.7199648798249,3079561093,1304688533,None,False,,none,True,False
S2250,68,primary,68,名古屋津島線,232.60572868729477,3079561093,1304632531,None,False,,none,True,False
S2251,302,trunk,302,国道302号,30.888753582172274,3110568936,3826745398,None,False,,none,True,False
S2252,302,trunk,302,国道302号,658.040708745786,3110568936,7141030287,None,False,,none,True,False
S2253,segment_2253,motorway_link,,,642.5714996980729,3110568936,3110568937,None,False,,none,True,False
S2254,C2,motorway,C2,名古屋第二環状自動車道,1015.922734457036,3110568937,1304625804,None,False,,none,True,False
S2255,segment_2255,motorway_link,,,608.2691080473093,3110593941,632461344,None,False,,none,True,False
S2256,302,trunk,302,国道302号,249.9895401625631,3110593941,3826745371,None,False,,none,True,False
S2257,15;61,primary,15;61,名古屋多治見線,724.586884014079,3118109419,414670501,None,False,,none,True,False
S2258,15;61,primary,15;61,名古屋多治見線,731.4564815466373,3118109419,414671174,None,False,,none,True,False
S2259,15,primary,15,名古屋多治見線,10.07231272928122,3121516282,352709343,None,False,,none,True,False
S2260,15,primary,15,名古屋多治見線,4645.78044327432,3121516282,3121541317,None,False,,crack_pothole,True,False
S2261,75,primary,75,春日井長久手線,11.855562129574139,3121541317,624184301,None,False,,none,True,False
S2262,75,primary,75,春日井長久手線,2875.880090078256,3121541317,559456057,None,False,,none,True,False
S2263,15,primary,15,名古屋多治見線,2110.1700028042183,3121541317,5306525316,None,False,,none,True,False
S2264,2,motorway_link,2,名古屋高速2号東山線,165.87632318455996,3129667849,3129685350,None,False,,none,True,False
S2265,segment_2265,motorway_link,,,166.32168800439223,3129667849,3129685350,None,False,,none,True,False
S2266,segment_2266,motorway_link,,,167.70142137854916,3129667849,3129685350,None,False,,none,True,False
S2267,segment_2267,motorway_link,,,166.68632809748723,3129667849,3129685350,None,False,,none,True,False
S2268,segment_2268,motorway_link,,,168.28164830580343,3129667849,3129685350,None,False,,none,True,False
S2269,segment_2269,motorway_link,,,170.6326629782082,3129667849,3129685350,None,False,,crack_pothole,True,False
S2270,2,motorway,2,名古屋高速2号東山線,374.2970087730321,3129671146,3129694103,None,False,,none,True,False
S2271,segment_2271,motorway_link,,,323.05614956406026,3129671146,4576731314,None,False,,none,True,False
S2272,2,motorway,2,名古屋高速2号東山線,3471.0687832043554,3129685350,1150329323,None,False,,none,True,False
S2273,segment_2273,motorway_link,,,102.24999946071802,3129694103,1149226235,None,False,,none,True,False
S2274,segment_2274,motorway_link,,,105.34432039903157,3129694103,1149226235,None,False,,crack_pothole,True,False
S2275,segment_2275,motorway_link,,,103.57235479311909,3129694103,1149226235,None,False,,landslide_block,False,True
S2276,segment_2276,motorway_link,,,101.97179983883508,3129694103,1149226235,None,False,,none,True,False
S2277,segment_2277,motorway_link,,,366.720026182791,3131700900,3131700906,None,False,,none,True,False
S2278,C2,motorway,C2,名古屋第二環状自動車道,1359.5977192283246,3131700906,1149064850,None,False,,none,True,False
S2279,segment_2279,motorway_link,,,104.62771202995219,3131700911,3131700900,None,False,,none,True,False
S2280,segment_2280,motorway_link,,,106.00600850078504,3131700911,3131700900,None,False,,none,True,False
S2281,segment_2281,motorway_link,,,58.24411089670107,3131700915,3131700911,None,False,,crack_pothole,True,False
S2282,302,trunk,302,国道302号,3299.9895576164304,3131700915,9849655790,None,False,,none,True,False
S2283,23,trunk,23,国道23号,504.74774963319516,3153964071,366755175,None,False,,none,True,False
S2284,segment_2284,trunk_link,,,514.9362397700587,3153964071,366755175,None,False,,none,True,False
S2285,23,trunk,23,国道23号,1687.6222933258878,3153964082,289294149,None,False,,none,True,False
S2286,segment_2286,trunk_link,,,523.4018041304371,3153964093,3153964082,None,False,,none,True,False
S2287,23,trunk,23,国道23号,527.9134509822787,3153964093,3153964082,None,False,,none,True,False
S2288,29,primary,29,八熊通,14.592018083974883,3159063296,3159063298,None,False,,none,True,False
S2289,環状線,primary,,環状線,957.4265322628919,3159063296,380234285,None,False,,none,True,False
S2290,環状線,primary,,環状線,8.533319798531847,3159063298,660201311,None,False,,crack_pothole,True,False
S2291,29,primary,29,八熊通,1034.9108793107878,3159063298,3159063322,None,False,,crack_pothole,True,False
S2292,江川線,primary,,江川線,7.740721438658928,3159063316,601475760,None,False,,none,True,False
S2293,29,primary,29,八熊通,521.5049760162801,3159063316,3159063321,None,False,,none,True,False
S2294,29,primary,29,八熊通,22.45808760648921,3159063317,3159063316,None,False,,none,True,False
S2295,江川線,primary,,江川線,539.6504624196924,3159063317,660917857,None,False,,landslide_block,False,True
S2296,19;22,trunk,19;22,伏見通,8.438959581831968,3159063320,287041663,None,False,,none,True,False
S2297,29,primary,29,八熊通,1717.0525855878911,3159063320,3159063328,None,False,,none,True,False
S2298,29,primary,29,八熊通,21.926327949189822,3159063321,3159063320,None,False,,landslide_block,False,True
S2299,19;22,trunk,19;22,伏見通,1243.6771980532878,3159063321,599869043,None,False,,none,True,False
S2300,29,primary,29,八熊通,9.28174398725063,3159063322,3159063323,None,False,,none,True,False
S2301,30,primary,30,関田名古屋線,851.9250063465139,3159063322,1608088382,None,False,,none,True,False
S2302,29,primary,29,八熊通,10.124825566669417,3159063323,1608088347,None,False,,none,True,False
S2303,30,primary,30,関田名古屋線,2589.4237994581217,3159063323,8904125805,None,False,,none,True,False
S2304,29,primary,29,八熊通,26.67911584516095,3159063328,3159063329,None,False,,none,True,False
S2305,空港線,primary,,空港線,453.83514274524487,3159063328,2918339386,None,False,,none,True,False
S2306,空港線,primary,,空港線,8.492381564371431,3159063329,599869075,None,False,,none,True,False
S2307,29,primary,29,八熊通,1349.7103676770728,3159063329,3159063296,None,False,,none,True,False
S2308,302,trunk,302,国道302号,28.040971365396217,3360849675,3360849697,None,False,,crack_pothole,True,False
S2309,302,trunk,302,国道302号,177.07504295547784,3360849675,1875863157,None,False,,none,True,False
S2310,15,primary,15,名古屋多治見線,8.365579699023778,3360849697,3820678274,None,False,,none,True,False
S2311,302,trunk,302,国道302号,87.38554077090595,3360849697,1875862820,None,False,,none,True,False
S2312,15,primary,15,名古屋多治見線,653.5874204322881,3360849697,352709343,None,False,,none,True,False
S2313,153,trunk,153,国道153号,9.39865759209557,3473349008,3826537478,None,False,,none,True,False
S2314,56,primary,56,名古屋岡崎線,1467.8478984314406,3473349008,7162585375,None,False,,none,True,False
S2315,segment_2315,motorway_link,,,219.16246801744262,3475022348,8980578186,None,False,,none,True,False
S2316,C2,motorway,C2,名古屋第二環状自動車道,372.6047724654826,3717886007,5142853839,None,False,,none,True,False
S2317,C2,motorway,C2,名古屋第二環状自動車道,1682.0236432914915,3717903276,7176783013,None,False,,none,True,False
S2318,247,trunk_link,247,国道247号,291.66360985471414,3779698388,721247293,None,False,,none,True,False
S2319,153,trunk_link,153,国道153号,13.971195119446008,3803549799,3803549800,None,False,,none,True,False
S2320,153,trunk_link,153,国道153号,11.27092709145043,3803549799,2497023985,None,False,,landslide_block,False,True
S2321,302,trunk_link,302,国道302号,5.451904497641784,3803549800,3803549802,None,False,,none,True,False
S2322,153,trunk_link,153,国道153号,27.96629031366773,3803549800,1803988258,None,False,,none,True,False
S2323,302,trunk,302,国道302号,4.386518745854921,3803549801,653984124,None,False,,none,True,False
S2324,153,trunk_link,153,国道153号,15.2442547709672,3803549801,2497023899,None,False,,none,True,False
S2325,302,trunk_link,302,国道302号,6.106575782885925,3803549802,2497023899,None,False,,none,True,False
S2326,153,trunk_link,153,国道153号,15.86422530528912,3803549802,3803549799,None,False,,none,True,False
S2327,153,trunk_link,153,国道153号,10.539254764301178,3803549804,2497024007,None,False,,none,True,False
S2328,153,trunk_link,153,国道153号,26.272216336884416,3803549804,3803549802,None,False,,none,True,False
S2329,302,trunk_link,302,国道302号,15.62689215989929,3803549804,1803988258,None,False,,none,True,False
S2330,1,trunk_link,1,国道1号,267.42614737646886,3813889790,1583798176,None,False,,none,True,False
S2331,1,trunk,1,国道1号,589.8341146232018,3813889790,7561118495,None,False,,none,True,False
S2332,1,trunk,1,国道1号,250.32187868981265,3813889840,3813891705,None,False,,none,True,False
S2333,59,primary,59,名古屋中環状線,11.06499100732186,3813891705,661992500,None,False,,none,True,False
S2334,1,trunk,1,国道1号,1366.3798542721383,3813891705,1985465252,None,False,,none,True,False
S2335,59,primary,59,名古屋中環状線,1146.8481083836282,3813891705,1583800925,None,False,,none,True,False
S2336,302,trunk,302,国道302号,1438.1212822810787,3819245762,581796962,None,False,,none,True,False
S2337,segment_2337,motorway_link,,,344.93068686613975,3819245762,1941034803,None,False,,none,True,False
S2338,segment_2338,motorway_link,,,592.4579026282961,3820573591,638204629,None,False,,none,True,False
S2339,江川線,primary,,江川線,609.0789683682823,3820573591,556602760,None,False,,none,True,False
S2340,江川線,primary,,江川線,715.6842798872325,3820573594,334505566,None,False,,none,True,False
S2341,41,trunk,41,空港線,10.826259489214577,3820629487,660936088,None,False,,none,True,False
S2342,segment_2342,motorway_link,,,402.4859897992614,3820629487,3820629495,None,False,,none,True,False
S2343,1,motorway,1,名古屋高速1号線,1166.2160731533254,3820629495,1146828776,None,False,,none,True,False
S2344,15,primary,15,名古屋多治見線,8.365579699023778,3820678274,3360849697,None,False,,none,True,False
S2345,15,primary,15,名古屋多治見線,555.9560566411791,3820678274,559391557,None,False,,none,True,False
S2346,302,trunk,302,国道302号,29.69102106676565,3820678274,3360849675,None,False,,none,True,False
S2347,segment_2347,motorway_link,,,229.3033120718306,3820678436,920346799,None,False,,none,True,False
S2348,E1,motorway,E1,東名高速道路,518.1681905184532,3820678436,1150407309,None,False,,none,True,False
S2349,23,trunk,23,国道23号,927.5292631212095,3820716712,4123056023,None,False,,landslide_block,False,True
S2350,segment_2350,trunk_link,,,90.57710693778301,3820716712,1558282272,None,False,,none,True,False
S2351,5,motorway,5,名古屋高速5号万場線,2705.0052650532016,3820730570,1877649319,None,False,,none,True,False
S2352,segment_2352,motorway_link,,,499.4490764829668,3820730570,3820730568,None,False,,none,True,False
S2353,302,trunk,302,国道302号,816.5311106202604,3820791637,1706053077,None,False,,none,True,False
S2354,2,motorway,2,名古屋高速2号東山線,515.4291422214977,3820858379,939278186,None,False,,none,True,False
S2355,segment_2355,motorway_link,,,506.2305050690762,3820858379,7085041084,None,False,,none,True,False
S2356,segment_2356,motorway_link,,,357.2860371169876,3820858387,638425420,None,False,,none,True,False
S2357,55,primary,55,名古屋半田線,18.714212298723133,3821030087,4528121662,None,False,,none,True,False
S2358,302,trunk,302,国道302号,1028.640524540213,3821030087,2126159682,None,False,,none,True,False
S2359,247,trunk,247,国道247号,14.903200850193073,3821030119,3878751909,None,False,,none,True,False
S2360,59,primary,59,名古屋中環状線,1527.309915523482,3821030119,4574708753,None,False,,none,True,False
S2361,55,primary,55,名古屋半田線,14.257360977284126,3821039941,580743704,None,False,,crack_pothole,True,False
S2362,247,trunk,247,西知多産業道路,1401.3816574409636,3821039941,1941004189,None,False,,none,True,False
S2363,segment_2363,motorway_link,,,554.5890376446592,3821135840,621552230,None,False,,none,True,False
S2364,江川線,primary,,江川線,1127.2416658342022,3821135840,3159063316,None,False,,none,True,False
S2365,C1,motorway,C1,名古屋高速都心環状線,126.00933092706157,3821179864,1933710052,None,False,,none,True,False
S2366,53,primary,53,春日井瀬戸線,150.79793104501564,3821486568,627769515,None,False,,none,True,False
S2367,155,trunk,155,国道155号,1879.3249465526749,3821486568,5306525316,None,False,,none,True,False
S2368,155,trunk,155,国道155号,6778.203074959036,3821486568,430058758,None,False,,none,True,False
S2369,segment_2369,motorway_link,,,555.1010283091906,3821559663,1150200150,None,False,,none,True,False
S2370,空港線,primary,,空港線,1438.9772777980477,3821559663,563071865,None,False,,none,True,False
S2371,segment_2371,motorway_link,,,645.882436487003,3821559670,620731719,None,False,,none,True,False
S2372,空港線,primary,,空港線,1909.6682450784658,3821559670,12468720223,None,False,,none,True,False
S2373,153,trunk,153,飯田街道,9.705672735442405,3826537478,3826537479,None,False,,none,True,False
S2374,59,primary,59,名古屋中環状線,3940.972361876227,3826537478,581434139,None,False,,none,True,False
S2375,153,trunk_link,153,国道153号,9.000958182498769,3826537479,4576773580,None,False,,none,True,False
S2376,153,trunk,153,飯田街道,3623.697676048156,3826537479,395048953,None,False,,none,True,False
S2377,302,trunk,302,国道302号,161.25193416889132,3826745367,3826745368,None,False,,none,True,False
S2378,302,trunk,302,国道302号,6.661633244815479,3826745368,4063926355,None,False,,none,True,False
S2379,302,trunk,302,国道302号,831.7653355829067,3826745371,3826745376,None,False,,none,True,False
S2380,302,trunk,302,国道302号,247.21379125853218,3826745371,1304686140,None,False,,none,True,False
S2381,302,trunk,302,国道302号,238.94156705308606,3826745376,3826745394,None,False,,crack_pothole,True,False
S2382,302,trunk,302,国道302号,831.7653355829067,3826745376,3826745371,None,False,,none,True,False
S2383,302,trunk,302,国道302号,232.2697355690589,3826745394,3826745376,None,False,,landslide_block,False,True
S2384,302,trunk,302,国道302号,831.4314368882547,3826745394,3826745398,None,False,,none,True,False
S2385,302,trunk,302,国道302号,30.888753582172274,3826745398,3110568936,None,False,,none,True,False
S2386,302,trunk,302,国道302号,831.4314368882548,3826745398,3826745394,None,False,,none,True,False
S2387,302,trunk,302,国道302号,97.49555614391647,3826745399,7141030287,None,False,,none,True,False
S2388,302,trunk,302,国道302号,1270.2573555304118,3826745399,4300436435,None,False,,none,True,False
S2389,363,trunk,363,国道363号,1331.7236132692863,3828869436,469250866,None,False,,none,True,False
S2390,363,trunk,363,国道363号,430.44235955869146,3828869436,436171391,None,False,,none,True,False
S2391,22,primary,22,瀬戸環状線,1013.9275075897139,3828869436,393857586,None,False,,none,True,False
S2392,61;208,primary,61;208,名古屋瀬戸線,9.781763168201584,3828901096,627769410,None,False,,none,True,False
S2393,22;208,primary,22;208,瀬戸環状線,593.2675155973437,3828901096,436171391,None,False,,landslide_block,False,True
S2394,61,primary,"['61', '61;208']",名古屋瀬戸線,1032.2882808564982,3828901096,7232069023,None,False,,none,True,False
S2395,segment_2395,motorway_link,,,120.04346541637588,3829421731,7695539777,None,False,,none,True,False
S2396,58,primary,58,名古屋豊田線,8.684904274717525,3829500071,459391672,None,False,,none,True,False
S2397,57,primary,57,瀬戸大府東海線,3118.7436858040724,3829500071,3829673841,None,False,,none,True,False
S2398,6,primary,6,力石名古屋線,14.294861464649472,3829500473,393847941,None,False,,none,True,False
S2399,57,primary,57,瀬戸大府東海線,5010.779915238415,3829500473,3829500071,None,False,,none,True,False
S2400,57,primary,57,瀬戸大府東海線,20.560490017273647,3829500474,3829500473,None,False,,none,True,False
S2401,6,primary,6,力石名古屋線,1033.884783721045,3829500474,800029019,None,False,,none,True,False
S2402,36,primary,36,諸輪名古屋線,36.39561739415274,3829525805,3829525806,None,False,,none,True,False
S2403,302,trunk,302,国道302号,264.26330375551885,3829525805,10963558717,None,False,,crack_pothole,True,False
S2404,302,trunk,302,国道302号,11.718277273458474,3829525806,1849527353,None,False,,none,True,False
S2405,36,primary,"['36', '36;220']",諸輪名古屋線,2899.0339945922474,3829525806,2496948215,None,False,,none,True,False
S2406,302,trunk,302,国道302号,13.472480338898828,3829533086,2116283694,None,False,,none,True,False
S2407,23,primary,23,東浦名古屋線,205.8132496898661,3829533086,410396296,None,False,,none,True,False
S2408,23,trunk,23,国道23号,186.9180198051651,3829601942,1149169051,None,False,,none,True,False
S2409,57,primary_link,57,瀬戸大府東海線,612.5873402657052,3829673833,418101869,None,False,,none,True,False
S2410,57,primary,57,瀬戸大府東海線,608.7531803053786,3829673833,418101869,None,False,,none,True,False
S2411,57,primary,57,瀬戸大府東海線,154.5071453773822,3829673835,1430080619,None,False,,crack_pothole,True,False
S2412,153,trunk_link,153,国道153号,10.855773839889347,3829673838,1430080619,None,False,,none,True,False
S2413,57,primary,57,瀬戸大府東海線,165.2334704242457,3829673838,3829673833,None,False,,none,True,False
S2414,153,trunk_link,153,国道153号,555.687112686236,3829673841,601999374,None,False,,none,True,False
S2415,57,primary,57,瀬戸大府東海線,44.211311203761255,3829673841,3829673838,None,False,,none,True,False
S2416,153,trunk_link,153,国道153号,11.463621543615476,3829732488,619219629,None,False,,crack_pothole,True,False
S2417,153,trunk,153,国道153号,1430.854887355325,3829732488,3473349008,None,False,,none,True,False
S2418,153,trunk_link,153,国道153号,16.651617187454303,3829732489,3829732488,None,False,,none,True,False
S2419,153,trunk,153,国道153号,661.5937845160794,3829732489,460283166,None,False,,none,True,False
S2420,57,primary,57,瀬戸大府東海線,99.92274995713011,3829740552,4086811419,None,False,,crack_pothole,True,False
S2421,23,trunk_link,23,国道23号,309.12423725269684,3829740552,1576884362,None,False,,none,True,False
S2422,58,primary,58,飯田街道,25.04907417339524,3829769910,581433941,None,False,,none,True,False
S2423,58,primary,58,飯田街道,294.55091862583294,3829769910,1671539610,None,False,,none,True,False
S2424,22,trunk,22,名岐バイパス,9.796354171460875,3829779366,463104763,None,False,,none,True,False
S2425,25;166,primary,25;166,春日井一宮線,504.40719001296543,3829779366,2433612508,None,False,,none,True,False
S2426,56,primary,56,名古屋岡崎線,11.090811190197632,3829781726,418101887,None,False,,none,True,False
S2427,57,primary,57,瀬戸大府東海線,1717.5495531992974,3829781726,7924913543,None,False,,none,True,False
S2428,56,primary,56,名古屋岡崎線,2137.9162995324605,3829781726,773472357,None,False,,none,True,False
S2429,56,primary,56,名古屋岡崎線,10.233808697531238,3829793653,4162359825,None,False,,crack_pothole,True,False
S2430,155,trunk,155,豊田南バイパス,835.0373690143688,3829793653,4162359818,None,False,,none,True,False
S2431,155,trunk,155,豊田南バイパス,8.555106524281918,3829793654,368462088,None,False,,none,True,False
S2432,56,primary,56,名古屋岡崎線,1887.5893966907472,3829793654,3829793781,None,False,,none,True,False
S2433,56,primary,56,名古屋岡崎線,1884.1432449552974,3829793781,368462088,None,False,,none,True,False
S2434,56,primary,56,名古屋岡崎線,3981.730642685235,3829793781,513062569,None,False,,crack_pothole,True,False
S2435,54,primary,54,豊田知立線,13.611432692574683,3829807771,1730568154,None,False,,none,True,False
S2436,54;284,primary,"['54;284', '54']",豊田知立線,3998.7083986863,3829807771,1150580996,None,False,,none,True,False
S2437,56,primary,56,名古屋岡崎線バイパス,1237.174036474322,3829807771,1576890296,None,False,,none,True,False
S2438,54,primary,54,豊田知立線バイパス,12.892754631220606,3829812357,3829812358,None,False,,crack_pothole,True,False
S2439,153,trunk,153,国道153号,823.352524798964,3829812357,1163381813,None,False,,none,True,False
S2440,153,trunk,153,国道153号,10.696557701279788,3829812358,367853620,None,False,,none,True,False
S2441,54,primary,54,豊田知立線バイパス,1363.6606985896162,3829812358,4548757153,None,False,,none,True,False
S2442,153,trunk_link,153,国道153号,169.42630224758992,3829923329,4508382232,None,False,,none,True,False
S2443,153,trunk,153,国道153号,314.4820817617424,3829923329,4508382246,None,False,,crack_pothole,True,False
S2444,153,trunk_link,153,国道153号,168.6095771970697,3829923330,3829927973,None,False,,none,True,False
S2445,153,trunk,153,国道153号,189.6993633386673,3829923330,4508382222,None,False,,none,True,False
S2446,106,trunk_link,106,鳥ヶ地名古屋線,141.67197820327175,3840237442,1985465252,None,False,,none,True,False
S2447,247,trunk,247,西知多産業道路,10.750425215199234,3878751909,429511774,None,False,,none,True,False
S2448,55,"['trunk', 'primary']","['55', '247']","['国道247号', '名古屋半田線']",1943.641565806713,3878751909,3821030087,None,False,,crack_pothole,True,False
S2449,79;124,primary,79;124,あま愛西線,21.21373216114181,4063926355,1304686886,None,False,,none,True,False
S2450,302,trunk,302,国道302号,109.68147562080864,4063926355,3110593941,None,False,,none,True,False
S2451,155,trunk,155,豊田南バイパス,35.03050159224656,4079413655,1601043553,None,False,,none,True,False
S2452,56,primary,56,名古屋岡崎線バイパス,465.4497463337605,4079413655,1601045249,None,False,,none,True,False
S2453,56,primary,56,名古屋岡崎線バイパス,1025.2434542530125,4079464885,1601035583,None,False,,none,True,False
S2454,segment_2454,primary_link,,,237.32580477434743,4079464885,4079465122,None,False,,none,True,False
S2455,56,primary,56,名古屋岡崎線バイパス,54.00390253316681,4079465118,4079464885,None,False,,none,True,False
S2456,segment_2456,primary_link,,,240.19012376348704,4079465124,781494777,None,False,,none,True,False
S2457,愛知名駅南線,primary_link,,愛知名駅南線,64.62059316686306,4081105201,4081105205,None,False,,none,True,False
S2458,segment_2458,primary_link,,,208.44217628348042,4081105205,1837212951,None,False,,none,True,False
S2459,愛知名駅南線,primary_link,,愛知名駅南線,16.368681060193783,4081105205,4081105201,None,False,,none,True,False
S2460,155,trunk,155,豊田南バイパス,104.97698005257512,4082355396,4162359839,None,False,,none,True,False
S2461,155,trunk,155,豊田南バイパス,332.5514564779853,4082355401,12844439349,None,False,,none,True,False
S2462,419,trunk,419,国道419号,403.0084040789212,4082355405,4178029928,None,False,,none,True,False
S2463,419,trunk,419,国道419号,191.00848519237334,4082355405,1945488643,None,False,,none,True,False
S2464,419,"['trunk_link', 'trunk']",419,衣浦豊田道路,578.8418507451395,4082355408,1945486755,None,False,,none,True,False
S2465,419,trunk,419,衣浦豊田道路,638.8444572725953,4082355408,1945486551,None,False,,none,True,False
S2466,419,trunk,419,国道419号,826.6017045510994,4082551723,1945488638,None,False,,none,True,False
S2467,155,trunk,155,豊田南バイパス,24.922953571383392,4082551723,1601040010,None,False,,none,True,False
S2468,419,trunk,419,国道419号,247.8931244322531,4082551726,12844439383,None,False,,none,True,False
S2469,23,trunk_link,23,国道23号,15.629027112795393,4086811419,418101949,None,False,,none,True,False
S2470,57,primary,57,瀬戸大府東海線,1024.0197842777332,4086811419,1576886054,None,False,,none,True,False
S2471,419,trunk,419,国道419号,8.914948873543397,4087191017,4129633535,None,False,,crack_pothole,True,False
S2472,155,trunk,155,豊田南バイパス,606.6765394061472,4087191017,4082355401,None,False,,none,True,False
S2473,419,trunk,419,国道419号,803.7328983264453,4087191017,1601045249,None,False,,none,True,False
S2474,23,trunk,23,国道23号,538.655565617914,4123056023,1560057038,None,False,,none,True,False
S2475,23,trunk,23,国道23号,919.536857765432,4123383950,289294275,None,False,,none,True,False
S2476,segment_2476,trunk_link,,,325.0986366802537,4123383950,1560036863,None,False,,none,True,False
S2477,419,trunk,419,国道419号,8.914948873543397,4129633535,4087191017,None,False,,none,True,False
S2478,155,trunk,155,国道155号,1873.0789915554478,4129633535,1945489105,None,False,,none,True,False
S2479,155,trunk_link,155,国道155号,137.3422817101217,4162359813,775500667,None,False,,none,True,False
S2480,155,trunk,155,豊田南バイパス,426.6635195928519,4162359813,1601054607,None,False,,none,True,False
S2481,segment_2481,trunk_link,,,107.68765530096167,4162359818,4162359821,None,False,,none,True,False
S2482,155,trunk,155,豊田南バイパス,504.0591590970524,4162359818,775500667,None,False,,none,True,False
S2483,segment_2483,trunk_link,,,167.68100768246785,4162359822,4162359825,None,False,,none,True,False
S2484,155,trunk,155,豊田南バイパス,166.62723052608354,4162359822,3829793654,None,False,,none,True,False
S2485,56,primary,56,名古屋岡崎線,12.618404308607845,4162359825,3829793654,None,False,,none,True,False
S2486,segment_2486,trunk_link,,,11.692203997384292,4162359825,775500640,None,False,,none,True,False
S2487,segment_2487,trunk_link,,,185.53943745793984,4162359827,4162359829,None,False,,none,True,False
S2488,155,trunk,155,豊田南バイパス,186.35885857879754,4162359827,775500640,None,False,,none,True,False
S2489,segment_2489,trunk_link,,,14.297248989351248,4162359829,3829793654,None,False,,none,True,False
S2490,56,primary,56,名古屋岡崎線,11.194432177165522,4162359829,775500640,None,False,,none,True,False
S2491,155,trunk,155,豊田南バイパス,400.04124269890707,4162359831,6992520228,None,False,,none,True,False
S2492,segment_2492,trunk_link,,,132.0338736984574,4162359831,4162359833,None,False,,none,True,False
S2493,segment_2493,trunk_link,,,126.72071903404618,4162359834,4162359833,None,False,,none,True,False
S2494,155,trunk,155,豊田南バイパス,177.3679525891958,4162359834,4162359827,None,False,,none,True,False
S2495,155,trunk,155,豊田南バイパス,141.05917511101697,4162359839,12844426823,None,False,,crack_pothole,True,False
S2496,segment_2496,trunk_link,,,119.30650178078587,4162359839,12844426857,None,False,,crack_pothole,True,False
S2497,419,trunk,419,国道419号,403.0084040789212,4178029928,4082355405,None,False,,none,True,False
S2498,302,trunk,302,国道302号,219.37424527542956,4203733607,5106756349,None,False,,none,True,False
S2499,302,trunk,302,国道302号,1570.1650420790056,4203733607,4333214604,None,False,,none,True,False
S2500,67;127,primary,"['67;127', '67']",名古屋祖父江線,2015.6055742926396,4300436435,661992601,None,False,,landslide_block,False,True
S2501,302,trunk,302,国道302号,799.1752048275422,4300436435,8239927641,None,False,,none,True,False
S2502,302,trunk,302,国道302号,1270.2573555304118,4300436435,3826745399,None,False,,none,True,False
S2503,23,trunk_link,23,国道23号,244.3074978298008,4331743912,2386247802,None,False,,none,True,False
S2504,23,trunk,23,国道23号,598.5205119667135,4331743912,1608310946,None,False,,none,True,False
S2505,23,trunk,23,国道23号,672.6590487628362,4331743917,3153964093,None,False,,none,True,False
S2506,302,trunk,302,国道302号,78.13194712871021,4333214604,1148955420,None,False,,none,True,False
S2507,302,trunk,302,国道302号,1570.1650420790056,4333214604,4203733607,None,False,,none,True,False
S2508,16,motorway,16,名古屋高速16号一宮線,1419.3142634241526,4334832970,385139963,None,False,,none,True,False
S2509,22,trunk,22,名岐バイパス,1094.4482307813068,4334832978,3829779366,None,False,,crack_pothole,True,False
S2510,segment_2510,motorway_link,,,545.9667120086191,4334832978,4334832970,None,False,,none,True,False
S2511,C2,motorway,C2,名古屋第二環状自動車道,1638.9283075487147,4335067875,4335077643,None,False,,none,True,False
S2512,C2,motorway,C2,名古屋第二環状自動車道,1766.9847700088585,4335074698,632461503,None,False,,crack_pothole,True,False
S2513,segment_2513,motorway_link,,,438.77232330444025,4335074698,8363969091,None,False,,none,True,False
S2514,C2,motorway,C2,名古屋第二環状自動車道,277.34933701371904,4335077643,8239927541,None,False,,none,True,False
S2515,302,trunk,302,国道302号,2754.5297931638006,4336423421,579680807,None,False,,none,True,False
S2516,segment_2516,motorway_link,,,344.1956173500236,4336423421,4336423427,None,False,,none,True,False
S2517,C2,motorway,C2,名古屋第二環状自動車道,2004.1066542837448,4336423427,1149207219,None,False,,none,True,False
S2518,302,trunk,302,国道302号,199.21963133152985,4336427544,1849511993,None,False,,crack_pothole,True,False
S2519,302,trunk,302,国道302号,62.923265301427776,4336445666,2496937109,None,False,,none,True,False
S2520,C2,motorway,C2,名古屋第二環状自動車道,407.42469436492695,4336475485,1149064903,None,False,,none,True,False
S2521,segment_2521,motorway_link,,,464.8404653622144,4336475485,4336475488,None,False,,none,True,False
S2522,302,trunk,302,国道302号,116.29662353630613,4336475488,11408664536,None,False,,none,True,False
S2523,302,trunk,302,国道302号,189.02016170612578,4337273704,8363974494,None,False,,none,True,False
S2524,segment_2524,motorway_link,,,471.6514837385607,4337273704,632461503,None,False,,none,True,False
S2525,41,trunk,41,国道41号,713.2305862706214,4355072102,7085416862,None,False,,none,True,False
S2526,segment_2526,motorway_link,,,529.7450413190652,4355072102,321617674,None,False,,none,True,False
S2527,11,motorway,11,名古屋高速11号小牧線,3113.7642416429753,4355095844,4355112297,None,False,,none,True,False
S2528,segment_2528,motorway_link,,,596.0868007001412,4355095844,520108966,None,False,,none,True,False
S2529,41,trunk,41,国道41号,1138.2723541760326,4355112290,926697356,None,False,,none,True,False
S2530,segment_2530,motorway_link,,,623.2042965693839,4355112290,4355112297,None,False,,none,True,False
S2531,11,motorway,11,名古屋高速11号小牧線,622.8353696694223,4355112297,1146658829,None,False,,crack_pothole,True,False
S2532,11,motorway,11,名古屋高速11号小牧線,3025.738709679265,4355120322,321617651,None,False,,crack_pothole,True,False
S2533,segment_2533,motorway_link,,,569.2147303973106,4355120322,6282862132,None,False,,landslide_block,False,True
S2534,segment_2534,motorway_link,,,611.1247326690868,4355151308,385140090,None,False,,none,True,False
S2535,63,primary,63,名古屋江南線,626.6502661629279,4355151308,660969268,None,False,,none,True,False
S2536,55,primary,55,名古屋半田線,307.19314599915396,4355196786,580743758,None,False,,none,True,False
S2537,segment_2537,motorway_link,,,615.4989309430254,4355196786,8662954907,None,False,,none,True,False
S2538,4,motorway,4,名古屋高速4号東海線,881.6298304529525,4355217521,2126287202,None,False,,landslide_block,False,True
S2539,segment_2539,motorway_link,,,534.4637926209193,4355217521,4355217524,None,False,,none,True,False
S2540,55,primary,55,名古屋半田線,692.8994867679868,4355217524,3821039941,None,False,,none,True,False
S2541,3,motorway,3,名古屋高速3号大高線,751.0559398445723,4356708433,2918354232,None,False,,none,True,False
S2542,2,motorway,2,名古屋高速2号東山線,3611.4793241640295,4356716370,3129671146,None,False,,none,True,False
S2543,segment_2543,motorway_link,,,214.6742784417365,4356716370,4356716374,None,False,,none,True,False
S2544,春岡入口,motorway_link,,春岡入口,310.9491778178796,4356719997,671420342,None,False,,none,True,False
S2545,155,trunk,155,国道155号,126.59000611197237,4358264009,9837895868,None,False,,none,True,False
S2546,155,trunk,155,国道155号,630.3898556866417,4358264010,1945489111,None,False,,none,True,False
S2547,155,trunk_link,155,国道155号,312.9417063206926,4358264010,1945489029,None,False,,none,True,False
S2548,153,trunk,153,国道153号,9.442423325221764,4393799486,460378226,None,False,,none,True,False
S2549,58,primary,58,名古屋豊田線,275.63473750007824,4393799486,4532945180,None,False,,none,True,False
S2550,153,trunk,153,,18.43660444249971,4478964234,4478964401,None,False,,none,True,False
S2551,153,trunk,153,国道153号,1243.9614485209308,4478964234,4478964420,None,False,,none,True,False
S2552,segment_2552,trunk_link,,,11.79491873159989,4478964250,4478964420,None,False,,none,True,False
S2553,153,trunk,153,,18.43660444249971,4478964401,4478964234,None,False,,none,True,False
S2554,153,trunk,153,国道153号,603.0127720744734,4478964401,4511924316,None,False,,none,True,False
S2555,segment_2555,trunk_link,,,11.79491873159989,4478964420,4478964250,None,False,,crack_pothole,True,False
S2556,153,trunk,153,国道153号,536.9269139423644,4478964420,1430082282,None,False,,landslide_block,False,True
S2557,E1,motorway,E1,東名高速道路,972.0438764169446,4497929308,503864307,None,False,,none,True,False
S2558,segment_2558,motorway_link,,,824.8735870448372,4497929308,1310558729,None,False,,none,True,False
S2559,153,trunk,153,国道153号,521.1633477519274,4508382201,3829923329,None,False,,landslide_block,False,True
S2560,153,trunk_link,153,国道153号,172.00499840895128,4508382201,4508382209,None,False,,crack_pothole,True,False
S2561,153,trunk_link,153,国道153号,102.0998018144676,4508382222,4508382211,None,False,,none,True,False
S2562,153,trunk,153,国道153号,823.592361598666,4508382222,2996515817,None,False,,none,True,False
S2563,153,trunk_link,153,国道153号,222.4093450322323,4508382246,6382749143,None,False,,none,True,False
S2564,153,trunk,153,国道153号,412.5795266848672,4508382246,5793282562,None,False,,none,True,False
S2565,153,trunk_link,153,国道153号,160.3809084479273,4508382251,4508382237,None,False,,none,True,False
S2566,153,trunk,153,国道153号,371.3996140048061,4508382251,3829923330,None,False,,none,True,False
S2567,153,trunk_link,153,国道153号,167.45661585749247,4508382281,4508382272,None,False,,none,True,False
S2568,153,trunk,153,国道153号,378.1848261492912,4508382281,4508382251,None,False,,none,True,False
S2569,153,trunk,153,国道153号,635.3524591213543,4509550452,4508382201,None,False,,crack_pothole,True,False
S2570,23,trunk_link,23,国道23号,228.50876910763228,4510259618,1576883968,None,False,,landslide_block,False,True
S2571,153,trunk,153,国道153号,459.7745227756867,4511924316,603380096,None,False,,none,True,False
S2572,segment_2572,motorway_link,,,541.7023769472039,4516753647,2913832605,None,False,,none,True,False
S2573,302,trunk,302,国道302号,1265.2544193523063,4516753647,1149064880,None,False,,none,True,False
S2574,55,primary,55,名古屋半田線,2508.559891950866,4528121655,2126168935,None,False,,none,True,False
S2575,55,primary,55,名古屋半田線,1347.579666181659,4528121655,401720911,None,False,,none,True,False
S2576,302,trunk,302,国道302号,10.56328517060191,4528121662,2126168935,None,False,,none,True,False
S2577,55,primary,55,名古屋半田線,2506.7281415349994,4528121662,4528121655,None,False,,none,True,False
S2578,55,primary,55,名古屋半田線,10.53309645060442,4528144072,7559960750,None,False,,none,True,False
S2579,155,trunk,155,国道155号,1259.6168151222678,4528144072,401719585,None,False,,none,True,False
S2580,58,primary,"['58', '58;219']",名古屋豊田線,2529.8468251518916,4532945180,459391672,None,False,,landslide_block,False,True
S2581,58,primary,58,名古屋豊田線,275.9030720266952,4532945180,460378226,None,False,,none,True,False
S2582,54,primary,54,豊田知立線バイパス,1365.54214211679,4548757153,367853620,None,False,,none,True,False
S2583,54,primary,54,豊田知立線,336.689863835676,4548757153,12944466974,None,False,,none,True,False
S2584,23,trunk,23,国道23号,135.15447758494594,4574676759,289294397,None,False,,landslide_block,False,True
S2585,23,trunk_link,23,,13.375525981673247,4574708749,4574708753,None,False,,crack_pothole,True,False
S2586,59,primary,59,名古屋中環状線,1527.2908330198334,4574708749,3878751909,None,False,,none,True,False
S2587,23,trunk,23,国道23号,449.4170667661858,4574708750,1941005595,None,False,,none,True,False
S2588,23,trunk_link,23,,206.21375397495515,4574708750,4574708751,None,False,,none,True,False
S2589,23,trunk_link,23,,13.565984068877025,4574708751,1941006217,None,False,,none,True,False
S2590,59,primary,59,名古屋中環状線,1944.5028805316279,4574708751,11428506457,None,False,,none,True,False
S2591,59,primary,59,名古屋中環状線,26.621916896158528,4574708753,4574708751,None,False,,none,True,False
S2592,23,trunk_link,23,,206.78442321888434,4574708753,4574708755,None,False,,none,True,False
S2593,23,trunk,23,国道23号,926.8213339974354,4574708755,1149298393,None,False,,none,True,False
S2594,59,primary,59,名古屋中環状線,7.38718909063044,4576731312,4576731314,None,False,,none,True,False
S2595,segment_2595,motorway_link,,,274.0506017488503,4576731312,7735627533,None,False,,none,True,False
S2596,59,primary,59,名古屋中環状線,344.2971683246968,4576731314,895555617,None,False,,none,True,False
S2597,153,trunk_link,153,国道153号,9.755961948839388,4576773580,3473349008,None,False,,none,True,False
S2598,153,trunk,153,国道153号,1424.8130336247848,4576773580,619219629,None,False,,none,True,False
S2599,E1,motorway,E1,東名高速道路,1891.2836479681746,4632005161,289334288,None,False,,none,True,False
S2600,E1,motorway,E1,東名高速道路,7589.194280231629,4632016589,3820678436,None,False,,none,True,False
S2601,E1,motorway,E1,東名高速道路,3444.519400743196,4632112759,920346617,None,False,,none,True,False
S2602,E1,motorway,E1,東名高速道路,1173.151354870975,4632120398,1091581637,None,False,,none,True,False
S2603,23,trunk,23,知立バイパス,951.3732370776887,4725825552,1825507972,None,False,,none,True,False
S2604,segment_2604,trunk_link,,,400.41637093322976,4725825552,1825508020,None,False,,landslide_block,False,True
S2605,segment_2605,motorway_link,,,10.322209767795563,4863002020,9225912653,None,False,,none,True,False
S2606,segment_2606,motorway_link,,,521.0002459081682,4863018954,9225917225,None,False,,none,True,False
S2607,E19,motorway_link,E19,中央自動車道,942.4564247575348,4880955814,298567006,None,False,,none,True,False
S2608,E1,motorway,E1,東名高速道路,1013.8529070122771,4880955814,1033429194,None,False,,none,True,False
S2609,56,primary,56,飯田街道,8.361163317807579,4963156465,1608088388,None,False,,none,True,False
S2610,30,primary,30,関田名古屋線,97.64105298533116,4963156465,1147285769,None,False,,none,True,False
S2611,C2,motorway,C2,名古屋第二環状自動車道,2272.113559906159,5106756348,599270306,None,False,,none,True,False
S2612,segment_2612,motorway_link,,,436.526777269382,5106756348,1875858473,None,False,,none,True,False
S2613,302,trunk,302,国道302号,307.4767318812638,5106756349,8386686700,None,False,,none,True,False
S2614,C2,motorway,C2,名古屋第二環状自動車道,267.42664415115087,5142851193,1608211013,None,False,,none,True,False
S2615,segment_2615,motorway_link,,,456.170408522202,5142851193,1583806557,None,False,,none,True,False
S2616,C2,motorway,C2,名古屋第二環状自動車道,1290.2204998423376,5142853839,1304686459,None,False,,none,True,False
S2617,segment_2617,motorway_link,,,629.88878401616,5142853845,5142853839,None,False,,none,True,False
S2618,302,trunk,302,国道302号,943.0663395685957,5142853845,6112147004,None,False,,crack_pothole,True,False
S2619,247,trunk,247,国道247号,9.473821133413917,5221248891,1636124402,None,False,,none,True,False
S2620,36,primary,36,諸輪名古屋線,1212.2768362546972,5221248891,5221248898,None,False,,none,True,False
S2621,36,primary,36,諸輪名古屋線,14.338114748414336,5221248898,7083727784,None,False,,crack_pothole,True,False
S2622,55,primary,55,名古屋半田線,1780.0231697612035,5221248898,4355217524,None,False,,none,True,False
S2623,segment_2623,motorway_link,,,11.632278192687224,5289866863,9225917237,None,False,,none,True,False
S2624,56;284,primary,"['56;284', '56']",名古屋岡崎線バイパス,2640.347718626803,5289866863,1601046683,None,False,,none,True,False
S2625,155,trunk,155,国道155号,592.7708601546177,5306525316,1137610221,None,False,,none,True,False
S2626,15,primary,15,名古屋多治見線,1864.7409736247123,5306525316,624184300,None,False,,none,True,False
S2627,155,trunk,155,国道155号,1879.3249465526742,5306525316,3821486568,None,False,,none,True,False
S2628,56,primary,56,名古屋岡崎線バイパス,1977.3545654390189,5320232587,2496948213,None,False,,none,True,False
S2629,segment_2629,primary_link,,,47.980557259492336,5370352288,2418526534,None,False,,none,True,False
S2630,302,trunk,302,国道302号,77.95338242930134,5370352288,7231609878,None,False,,none,True,False
S2631,segment_2631,primary_link,,,201.77519297970272,5370352291,1492299853,None,False,,none,True,False
S2632,302,trunk,302,国道302号,27.745051450072488,5370352291,2469605860,None,False,,none,True,False
S2633,155,trunk_link,155,国道155号,6.9831988050136875,5382601611,5382601722,None,False,,none,True,False
S2634,155,trunk,155,国道155号,2682.664915962393,5382601611,722117347,None,False,,none,True,False
S2635,155,trunk,155,国道155号,13.10853872655998,5382601722,559380664,None,False,,none,True,False
S2636,segment_2636,trunk_link,,,9.869786735717152,5435323324,1925128894,None,False,,none,True,False
S2637,segment_2637,trunk_link,,,99.65009301971689,5435323324,385131817,None,False,,none,True,False
S2638,segment_2638,trunk_link,,,65.5976164130157,5435323329,5435323324,None,False,,none,True,False
S2639,23,trunk,23,国道23号,156.3825414134903,5435323329,385131817,None,False,,none,True,False
S2640,segment_2640,motorway_link,,,104.26117514552844,5506853851,5506853853,None,False,,none,True,False
S2641,segment_2641,motorway_link,,,116.51138813007455,5506853854,5506853889,None,False,,none,True,False
S2642,segment_2642,motorway_link,,,500.5828387806704,5506853889,1150407309,None,False,,none,True,False
S2643,segment_2643,motorway_link,,,425.84948311960073,5506853889,321619249,None,False,,none,True,False
S2644,67;190,primary,67;190,名古屋祖父江線,734.5283934355609,5663975525,661992601,None,False,,none,True,False
S2645,302,trunk,302,国道302号,147.5656382349012,5663975525,8239927641,None,False,,none,True,False
S2646,4,"['motorway_link', 'motorway']",4,名古屋高速4号東海線,621.76112404063,5765143601,8662954907,None,False,,none,True,False
S2647,366,trunk,366,半田大府パイパス,11.708456151969855,5772983344,2681676854,None,False,,none,True,False
S2648,155;366,trunk,155;366,国道155号,512.8567213559768,5772983344,2681672704,None,False,,none,True,False
S2649,153,trunk_link,153,国道153号,108.18354087813195,5793282559,5793282561,None,False,,none,True,False
S2650,153,trunk,153,国道153号,296.13051740050275,5793282559,4508382281,None,False,,none,True,False
S2651,153,trunk_link,153,国道153号,161.433557260054,5793282562,5793282566,None,False,,none,True,False
S2652,153,trunk,153,国道153号,844.9763596993984,5793282562,1726081507,None,False,,none,True,False
S2653,1,trunk,1,国道1号,56.8459364782073,5805829104,658976993,None,False,,none,True,False
S2654,segment_2654,trunk_link,,,70.883053023103,5805829104,5805829107,None,False,,none,True,False
S2655,19;22,trunk,19;22,伏見通,2111.167803092435,5805829107,552792257,None,False,,none,True,False
S2656,247,trunk,247,国道247号,46.3641020803438,5811515804,8393310471,None,False,,none,True,False
S2657,1,trunk,1,国道1号,57.01627330443542,5811515807,392634925,None,False,,none,True,False
S2658,segment_2658,trunk_link,,,70.11172182074192,5811515807,5811515804,None,False,,none,True,False
S2659,68,primary,68,名古屋津島線,22.469122856407413,6097600926,6112147004,None,False,,none,True,False
S2660,302,trunk,302,国道302号,800.2073232488341,6097600926,1583806557,None,False,,none,True,False
S2661,segment_2661,motorway_link,,,752.9220504356458,6101643993,1149169061,None,False,,none,True,False
S2662,302,trunk,302,国道302号,10.89808789328867,6112147004,1304688533,None,False,,crack_pothole,True,False
S2663,68,primary,68,名古屋津島線,764.2240598017934,6112147004,3079561093,None,False,,none,True,False
S2664,302,trunk,302,国道302号,21.71700845853969,6113428418,11104135682,None,False,,crack_pothole,True,False
S2665,419,trunk,419,衣浦豊田道路,563.6993645577614,6129565712,1601039117,None,False,,none,True,False
S2666,155,trunk,155,豊田南バイパス,384.3036821488952,6129565712,4082551723,None,False,,none,True,False
S2667,419,"['trunk_link', 'trunk']",419,衣浦豊田道路,542.8841176262762,6129833522,1945486551,None,False,,none,True,False
S2668,419,trunk,419,衣浦豊田道路,461.5723104984847,6129833522,1945487354,None,False,,none,True,False
S2669,23,trunk_link,23,国道23号,177.3478145597616,6158741122,7561066240,None,False,,none,True,False
S2670,59,primary,59,名古屋中環状線,36.22177900998498,6241313678,8320800862,None,False,,none,True,False
S2671,59,primary,59,名古屋中環状線,20.671042514067388,6241313678,6241313679,None,False,,crack_pothole,True,False
S2672,59,primary_link,59,名古屋中環状線,24.092092370754024,6241313679,6241313682,None,False,,none,True,False
S2673,59,primary,59,名古屋中環状線,56.20392113094238,6241313679,1356037660,None,False,,none,True,False
S2674,59,primary,59,名古屋中環状線,7.747163861895955,6241313682,1356037728,None,False,,none,True,False
S2675,59,primary,59,名古屋中環状線,52.230251805096366,6241313682,1356037660,None,False,,none,True,False
S2676,41,trunk,41,国道41号,439.6409448918429,6282862132,1146658759,None,False,,none,True,False
S2677,155;247,motorway_link,155;247,西知多産業道路,414.4246117333879,6295513276,6295513287,None,False,,none,True,False
S2678,segment_2678,motorway_link,,,632.8282761592267,6302600688,1304686401,None,False,,none,True,False
S2679,302,trunk,302,国道302号,1584.3696758945925,6302600688,1304686730,None,False,,none,True,False
S2680,5,motorway,5,名古屋高速5号万場線,2795.827702123452,6418759114,3820730570,None,False,,none,True,False
S2681,C2,motorway,C2,名古屋第二環状自動車道,1849.2878607985942,6419884932,3110568937,None,False,,none,True,False
S2682,segment_2682,motorway_link,,,449.96080725922343,6419884932,3826745399,None,False,,none,True,False
S2683,segment_2683,motorway_link,,,528.0101862698405,6765929125,2546715927,None,False,,none,True,False
S2684,江川線,primary,,江川線,503.4400974589333,6765929125,660931542,None,False,,none,True,False
S2685,segment_2685,motorway_link,,,404.04678821189384,6765929127,2548188883,None,False,,none,True,False
S2686,4,motorway,4,名古屋高速4号東海線,2473.521808282176,6765929127,2546715700,None,False,,none,True,False
S2687,江川線,primary,,江川線,563.9504657742177,6765929133,660931547,None,False,,none,True,False
S2688,4,motorway,4,名古屋高速4号東海線,566.5719994541869,6765929138,6765929127,None,False,,none,True,False
S2689,segment_2689,motorway_link,,,576.647036569237,6768678744,638386940,None,False,,none,True,False
S2690,C2,motorway,C2,名古屋第二環状自動車道,1127.1463207087875,6768678744,1149064888,None,False,,none,True,False
S2691,C2,motorway,C2,名古屋第二環状自動車道,287.3522077259602,6768678756,6769056087,None,False,,none,True,False
S2692,segment_2692,motorway_link,,,166.27666137434744,6769056087,6769056097,None,False,,none,True,False
S2693,C2,motorway,C2,名古屋第二環状自動車道,1182.0684903331653,6769056087,2913832605,None,False,,none,True,False
S2694,segment_2694,motorway_link,,,715.0099878013909,6769056097,2497024016,None,False,,none,True,False
S2695,segment_2695,motorway_link,,,274.1622845632403,6769056097,1149064879,None,False,,crack_pothole,True,False
S2696,環状線,primary,,環状線,17.23098493079497,6857314449,660201333,None,False,,none,True,False
S2697,153,trunk,153,国道153号,256.9102133739014,6857314449,537875220,None,False,,landslide_block,False,True
S2698,15;61,primary,15;61,名古屋多治見線,703.3884358900435,6958087645,660967119,None,False,,none,True,False
S2699,155,trunk,155,豊田南バイパス,2475.5088432323487,6992520228,775500633,None,False,,none,True,False
S2700,segment_2700,trunk_link,,,110.1972369700436,6992520228,6992520233,None,False,,none,True,False
S2701,山王通,primary,,山王通,9.615148497771273,6994219189,2104186807,None,False,,none,True,False
S2702,153,trunk,153,飯田街道,414.5061073109072,6994219189,395048966,None,False,,none,True,False
S2703,30,primary,30,関田名古屋線,11.892370441963548,6994219814,1608088435,None,False,,none,True,False
S2704,153,trunk,153,飯田街道,1309.2769113666934,6994219814,6994299861,None,False,,crack_pothole,True,False
S2705,30,primary,30,関田名古屋線,11.7332682433086,6994219816,395048966,None,False,,none,True,False
S2706,153,trunk,153,飯田街道,426.43588059713835,6994219816,2104186807,None,False,,none,True,False
S2707,153,trunk,153,飯田街道,19.81104268642094,6994299861,537875220,None,False,,none,True,False
S2708,153,trunk,153,国道153号,199.3211867233923,6994299861,2094276653,None,False,,none,True,False
S2709,6;60,primary,6;60,図書館通り,103.5638397611328,7010390907,800028609,None,False,,crack_pothole,True,False
S2710,6;60,primary,6;60,図書館通り,410.43638388790083,7010390907,800029015,None,False,,none,True,False
S2711,60,primary,60,"['名古屋長久手線', '東山通']",1507.4509908957411,7010390915,602418477,None,False,,crack_pothole,True,False
S2712,6,primary,6,図書館通り,12.482019579201399,7010390915,7010390916,None,False,,none,True,False
S2713,60,primary,60,名古屋長久手線,8.17474084196064,7010390916,800028609,None,False,,none,True,False
S2714,6;60,primary,6;60,図書館通り,104.7040870421352,7010390916,7010390907,None,False,,none,True,False
S2715,68,primary,68,"['桜通', '桜橋']",628.33450257893,7056256169,552171297,None,False,,none,True,False
S2716,68,primary_link,68,桜通,628.6013823270903,7056256169,552171297,None,False,,none,True,False
S2717,68,primary,68,桜通,13.406634296142405,7056256170,599442333,None,False,,none,True,False
S2718,環状線,primary_link,,環状線,85.15345927854403,7083661264,7083661272,None,False,,landslide_block,False,True
S2719,22,trunk,22,国道22号,104.0734863603448,7083661264,392637086,None,False,,none,True,False
S2720,22,trunk,22,国道22号,20.07025830113765,7083661272,638204611,None,False,,none,True,False
S2721,環状線,primary_link,,環状線,11.984477636423541,7083661272,7083661273,None,False,,none,True,False
S2722,環状線,primary_link,,環状線,8.534923823319671,7083661273,660969267,None,False,,none,True,False
S2723,環状線,primary_link,,環状線,25.686663042050654,7083661273,1160499319,None,False,,none,True,False
S2724,22,trunk_link,22,国道22号,85.44320020150928,7083661274,638204611,None,False,,none,True,False
S2725,環状線,primary_link,,環状線,63.6280146954265,7083661274,7083661273,None,False,,none,True,False
S2726,55,primary,55,名古屋半田線,10.092293168942735,7083727784,7083763285,None,False,,none,True,False
S2727,55,primary,55,"['環状線', '名古屋半田線']",1425.437341164373,7083743572,657476551,None,False,,none,True,False
S2728,247,trunk,247,西知多産業道路,9.237551898029118,7083752489,3821039941,None,False,,none,True,False
S2729,55,primary,55,名古屋半田線,102.64754425864474,7083752489,580743718,None,False,,none,True,False
S2730,36,primary,36,諸輪名古屋線,14.214011416893795,7083763285,366755138,None,False,,landslide_block,False,True
S2731,55,primary,55,名古屋半田線,1445.3666486205325,7083763285,7083743572,None,False,,crack_pothole,True,False
S2732,江川線,primary,,江川線,41.253413446049464,7083793066,7083793067,None,False,,none,True,False
S2733,23,trunk_link,23,国道23号,16.82435861784437,7083793067,1560057018,None,False,,none,True,False
S2734,江川線,primary,,江川線,135.97979387724791,7083793067,1162707571,None,False,,none,True,False
S2735,155,trunk,155,国道155号,2178.305818578539,7085383632,552601588,None,False,,none,True,False
S2736,155,trunk,155,国道155号,2350.2032281950105,7085383632,7085416863,None,False,,none,True,False
S2737,41,trunk,41,国道41号,8.242288656500218,7085416862,551480782,None,False,,none,True,False
S2738,155,trunk,155,国道155号,715.3211317294471,7085416862,551480629,None,False,,none,True,False
S2739,155,trunk,155,国道155号,25.20957103594726,7085416863,7085416862,None,False,,crack_pothole,True,False
S2740,41,trunk,41,国道41号,1151.8624628547752,7085416863,520109025,None,False,,none,True,False
S2741,302,trunk,302,国道302号,48.99783128025711,7128456454,289294192,None,False,,none,True,False
S2742,segment_2742,trunk_link,,,246.52330687839472,7128456454,1149168985,None,False,,none,True,False
S2743,23,trunk,23,国道23号,549.6697148861584,7128472637,1149168985,None,False,,none,True,False
S2744,segment_2744,trunk_link,,,290.0850524924672,7128472637,7128472641,None,False,,none,True,False
S2745,segment_2745,trunk_link,,,17.63284530106058,7128472641,7128456454,None,False,,none,True,False
S2746,302,trunk,302,国道302号,852.4632016934377,7128472641,420535991,None,False,,none,True,False
S2747,23,trunk,23,国道23号,330.99942301891997,7128472645,1149298452,None,False,,none,True,False
S2748,segment_2748,motorway_link,,,323.5505586634743,7129061814,5765143601,None,False,,none,True,False
S2749,302,trunk,302,国道302号,97.49555614391647,7141030287,3826745399,None,False,,landslide_block,False,True
S2750,302,trunk,302,国道302号,658.0407087457862,7141030287,3110568936,None,False,,none,True,False
S2751,segment_2751,motorway_link,,,601.7512348069416,7141030287,632461386,None,False,,none,True,False
S2752,segment_2752,motorway_link,,,376.40511264099456,7142801673,5506853851,None,False,,none,True,False
S2753,E1A,motorway,E1A,伊勢湾岸自動車道,280.43414084053677,7161087689,1281661070,None,False,,none,True,False
S2754,名古屋第二環状自動車道,motorway_link,,名古屋第二環状自動車道,989.3361120104245,7161087730,7161087734,None,False,,crack_pothole,True,False
S2755,名古屋第二環状自動車道,motorway_link,,名古屋第二環状自動車道,867.9870158339421,7161087730,7161087689,None,False,,none,True,False
S2756,C2,motorway,C2,名古屋第二環状自動車道,1404.6116732075188,7161087732,7176782990,None,False,,crack_pothole,True,False
S2757,E1A,motorway,E1A,伊勢湾岸自動車道,769.1088962853803,7161087734,288685176,None,False,,none,True,False
S2758,E1A,motorway,E1A,伊勢湾岸自動車道,936.134594089601,7161087756,7161087689,None,False,,none,True,False
S2759,名古屋第二環状自動車道,motorway_link,,名古屋第二環状自動車道,610.1951122506435,7161087756,7161087732,None,False,,none,True,False
S2760,segment_2760,trunk_link,,,26.33997228820415,7161161152,1281661197,None,False,,none,True,False
S2761,302,trunk,302,名古屋環状2号線,114.1648827056035,7161161152,8687496193,None,False,,none,True,False
S2762,302,trunk,302,名古屋環状2号線,1072.39475170811,7162160323,2286605610,None,False,,none,True,False
S2763,segment_2763,motorway_link,,,537.367275269034,7162160323,7176783055,None,False,,crack_pothole,True,False
S2764,C2,motorway,C2,名古屋第二環状自動車道,435.12790704346617,7162166992,8687399311,None,False,,none,True,False
S2765,segment_2765,motorway_link,,,264.15335134279366,7162167004,7162167041,None,False,,none,True,False
S2766,C2,motorway,C2,名古屋第二環状自動車道,985.0211594403798,7162167004,3717886007,None,False,,none,True,False
S2767,segment_2767,motorway_link,,,366.4150093817653,7162167041,7162167063,None,False,,crack_pothole,True,False
S2768,名古屋高速5号万場線,motorway_link,,名古屋高速5号万場線,446.4794021143393,7162167041,1304686702,None,False,,none,True,False
S2769,segment_2769,motorway_link,,,277.09287443748025,7162167063,632461236,None,False,,none,True,False
S2770,56;221,primary,"['56;221', '56']",名古屋岡崎線,365.47489785419816,7162585375,633416388,None,False,,crack_pothole,True,False
S2771,56,primary_link,56,名古屋岡崎線,90.23854500959507,7162585375,581433941,None,False,,none,True,False
S2772,56;221,primary,56;221,名古屋岡崎線,30.162411578270365,7162585379,581433941,None,False,,none,True,False
S2773,56,primary_link,56,名古屋岡崎線,22.292812405051826,7162585379,3829769910,None,False,,none,True,False
S2774,C2,motorway,C2,名古屋第二環状自動車道,1248.7650402267784,7176772778,7161087730,None,False,,none,True,False
S2775,segment_2775,motorway_link,,,513.9960809916474,7176782990,7176782993,None,False,,none,True,False
S2776,C2,motorway,C2,名古屋第二環状自動車道,1820.4552229947408,7176782990,7176783010,None,False,,none,True,False
S2777,302,trunk,302,名古屋環状2号線,631.2605123787113,7176782993,1281658987,None,False,,none,True,False
S2778,302,trunk,302,名古屋環状2号線,2258.844634201962,7176782998,2542896203,None,False,,none,True,False
S2779,segment_2779,motorway_link,,,580.0859552831281,7176782998,7176772778,None,False,,none,True,False
S2780,C2,motorway,C2,名古屋第二環状自動車道,1654.1704754509935,7176783010,7176783037,None,False,,none,True,False
S2781,segment_2781,motorway_link,,,414.2892445676434,7176783013,7176783021,None,False,,crack_pothole,True,False
S2782,C2,motorway,C2,名古屋第二環状自動車道,1829.169778844249,7176783013,7176772778,None,False,,none,True,False
S2783,302,trunk,302,名古屋環状2号線,246.05123636036592,7176783021,1281661197,None,False,,none,True,False
S2784,302,trunk,302,名古屋環状2号線,2585.0144476950863,7176783028,7176783021,None,False,,none,True,False
S2785,segment_2785,motorway_link,,,503.18189119292384,7176783028,3717903276,None,False,,none,True,False
S2786,segment_2786,motorway_link,,,535.1462112606442,7176783037,7176783044,None,False,,none,True,False
S2787,C2,motorway,C2,名古屋第二環状自動車道,1368.0670042629122,7176783037,7176783055,None,False,,none,True,False
S2788,C2,motorway,C2,名古屋第二環状自動車道,1355.9017139685345,7176783055,8687426782,None,False,,none,True,False
S2789,segment_2789,motorway_link,,,494.96028494327777,7176783056,7176783063,None,False,,none,True,False
S2790,C2,motorway,C2,名古屋第二環状自動車道,1357.4751287413023,7176783056,3717903276,None,False,,none,True,False
S2791,302,trunk,302,名古屋環状2号線,365.0655072579103,7176783063,7176783028,None,False,,none,True,False
S2792,C2,motorway,C2,名古屋第二環状自動車道,2018.2570260045745,7178634424,289333515,None,False,,none,True,False
S2793,segment_2793,motorway_link,,,515.3797780394233,7178634424,519658806,None,False,,none,True,False
S2794,302,trunk,302,国道302号,16.986204701579435,7231609878,655649746,None,False,,none,True,False
S2795,63;163,primary,63;163,名古屋江南線,59.2706572656191,7231609878,2418526534,None,False,,none,True,False
S2796,63;163,primary,63;163,名古屋江南線,34.13668354623759,7231609879,7231609878,None,False,,crack_pothole,True,False
S2797,302,trunk,302,国道302号,123.23896145456305,7231609879,5370352291,None,False,,none,True,False
S2798,segment_2798,trunk_link,,,32.22807590175938,7231829861,392637072,None,False,,none,True,False
S2799,22,trunk,22,名岐バイパス,33.07648715889507,7231829861,8320800733,None,False,,none,True,False
S2800,363,trunk,363,国道363号,10.503626892318202,7232069022,410401892,None,False,,none,True,False
S2801,363,trunk,363,国道363号,155.74693172349504,7232069022,7232069023,None,False,,none,True,False
S2802,363,trunk,363,国道363号,1177.862746432148,7232069022,436171391,None,False,,none,True,False
S2803,363,trunk,363,国道363号,11.617378763465513,7232069023,410401893,None,False,,none,True,False
S2804,61,primary,"['61', '61;208']",名古屋瀬戸線,1032.288280856498,7232069023,3828901096,None,False,,none,True,False
S2805,19,trunk,19,国道19号,231.27684415036885,7419474492,352708953,None,False,,none,True,False
S2806,19,trunk,19,国道19号,21.039954922549875,7419474493,538967965,None,False,,none,True,False
S2807,segment_2807,trunk_link,,,28.93360550707626,7419474493,7419474492,None,False,,none,True,False
S2808,36,primary,36,諸輪名古屋線,9.02655141981604,7517842962,7517842963,None,False,,none,True,False
S2809,59,primary,59,名古屋中環状線,2201.093866048102,7517842962,2496928900,None,False,,none,True,False
S2810,59,primary,59,名古屋中環状線,6.747084820440957,7517842963,537634548,None,False,,none,True,False
S2811,36,primary,36,諸輪名古屋線,2440.976464958033,7517842963,3829525805,None,False,,none,True,False
S2812,247,trunk,247,国道247号,10.806670005625524,7517947331,1636124415,None,False,,none,True,False
S2813,36,primary,36,諸輪名古屋線,1315.732411375517,7517947331,7517947347,None,False,,landslide_block,False,True
S2814,36,primary,36,諸輪名古屋線,23.077740025400487,7517947347,7517947348,None,False,,landslide_block,False,True
S2815,23,trunk,23,国道23号,1287.5108618356162,7517947347,1925136297,None,False,,none,True,False
S2816,23,trunk,23,国道23号,9.61054837709568,7517947348,627280779,None,False,,none,True,False
S2817,36,primary,36,諸輪名古屋線,1120.587330483575,7517947348,7517947358,None,False,,none,True,False
S2818,36,primary,36,諸輪名古屋線,14.126513927504076,7517947358,7517947359,None,False,,none,True,False
S2819,1,trunk,1,国道1号,1132.3523853365377,7517947358,621055776,None,False,,none,True,False
S2820,1,trunk,1,国道1号,8.090012134016893,7517947359,775502756,None,False,,none,True,False
S2821,36,primary,36,諸輪名古屋線,1218.606355577948,7517947359,7517842962,None,False,,none,True,False
S2822,302,trunk,302,国道302号,234.466517242693,7555498925,566639724,None,False,,crack_pothole,True,False
S2823,155,trunk,155,国道155号,599.7706573639205,7559940231,429675053,None,False,,none,True,False
S2824,155,trunk,155,国道155号,1468.6942032916297,7559940231,9246220416,None,False,,none,True,False
S2825,155;247,trunk,155;247,国道155号,8.59605531550498,7559960713,367432355,None,False,,crack_pothole,True,False
S2826,155;247,trunk,155;247,国道155号,2016.1320528567708,7559960713,612117811,None,False,,none,True,False
S2827,155,trunk,155,国道155号,860.0311760859989,7559960713,7559960726,None,False,,none,True,False
S2828,155,motorway_link,155,西知多産業道路,236.3343780098009,7559960726,1581268157,None,False,,none,True,False
S2829,155,trunk,155,国道155号,55.35422735807981,7559960726,7559960787,None,False,,none,True,False
S2830,55,primary,55,名古屋半田線,10.417761954832716,7559960749,367432370,None,False,,none,True,False
S2831,155,trunk,155,国道155号,2150.6758647441375,7559960749,7559960713,None,False,,none,True,False
S2832,155,trunk,155,国道155号,12.212518050464903,7559960750,7559960749,None,False,,none,True,False
S2833,segment_2833,motorway_link,,,9.215735604472087,7559960759,401719585,None,False,,none,True,False
S2834,155,trunk,155,国道155号,1256.5761781790047,7559960759,7559960750,None,False,,none,True,False
S2835,155,trunk,155,国道155号,7.177806038925838,7559960760,7559960759,None,False,,none,True,False
S2836,segment_2836,motorway_link,,,386.64418351726715,7559960760,662891200,None,False,,none,True,False
S2837,23,primary,23,東浦名古屋線,10.701390420583152,7559960769,367432381,None,False,,none,True,False
S2838,155,trunk,155,国道155号,904.5966791025811,7559960769,7559960760,None,False,,none,True,False
S2839,23,primary,23,東浦名古屋線,10.13723801217783,7559960776,1579576519,None,False,,none,True,False
S2840,155,trunk,155,国道155号,1073.3741186042316,7559960776,7559960769,None,False,,none,True,False
S2841,155,motorway_link,155,西知多産業道路,8.705244102416053,7559960787,1581269620,None,False,,none,True,False
S2842,23,trunk_link,23,国道23号,423.7818516708209,7561066240,660942726,None,False,,none,True,False
S2843,1,trunk,1,国道1号,300.91636037786986,7561090720,7561090721,None,False,,crack_pothole,True,False
S2844,1,trunk,1,国道1号,1065.51344524637,7561090720,810102765,None,False,,none,True,False
S2845,1,trunk,1,国道1号,677.5341718545452,7561090721,1849511993,None,False,,none,True,False
S2846,1,trunk,1,国道1号,301.81823870045685,7561090721,7561090720,None,False,,none,True,False
S2847,1,trunk,1,国道1号,66.10783382782148,7561118495,7561118497,None,False,,none,True,False
S2848,1,trunk,1,国道1号,127.34650339333697,7561118497,1608661428,None,False,,none,True,False
S2849,E1,motorway,E1,名神高速道路,1953.6369611023079,7695539775,631513939,None,False,,none,True,False
S2850,E1,motorway,E1,名神高速道路,1246.4650715599396,7695570899,298419797,None,False,,none,True,False
S2851,2,motorway,2,名古屋高速2号東山線,20.913613017761822,7735627533,3129667849,None,False,,crack_pothole,True,False
S2852,segment_2852,motorway_link,,,492.773146463525,7735627536,6768678756,None,False,,none,True,False
S2853,segment_2853,motorway_link,,,836.8156606921196,7735627536,1149064888,None,False,,none,True,False
S2854,segment_2854,motorway_link,,,505.0546643658737,7735713833,3475022361,None,False,,none,True,False
S2855,空港線,primary,,空港線,200.16150240272373,7735776730,552034080,None,False,,none,True,False
S2856,空港線,primary_link,,空港線,13.302158915060962,7735792967,1150316082,None,False,,none,True,False
S2857,空港線,primary,,空港線,438.3931780090048,7735792967,7735792969,None,False,,none,True,False
S2858,空港線,primary,,空港線,1662.4585500196615,7735792969,395048617,None,False,,none,True,False
S2859,segment_2859,motorway_link,,,9.698913064694784,7735878516,1146828771,None,False,,none,True,False
S2860,segment_2860,motorway_link,,,20.220070042944457,7735878516,7735878515,None,False,,none,True,False
S2861,segment_2861,motorway_link,,,97.11949560422588,7735878518,7735878516,None,False,,none,True,False
S2862,1,motorway,1,名古屋高速1号楠線,3067.7904795672157,7736092540,295014152,None,False,,none,True,False
S2863,segment_2863,motorway_link,,,612.7501568813216,7736100945,321617651,None,False,,none,True,False
S2864,41,trunk,41,国道41号,1888.7608880540154,7736100945,2919927883,None,False,,crack_pothole,True,False
S2865,63,primary,63,名古屋江南線,49.017184288766046,7773166012,8320783008,None,False,,crack_pothole,True,False
S2866,segment_2866,motorway_link,,,426.22396712098697,7809627470,602418485,None,False,,none,True,False
S2867,C2,"['motorway_link', 'motorway']",C2,名古屋第二環状自動車道支線,589.4702322463738,7809627470,1711543892,None,False,,none,True,False
S2868,segment_2868,motorway_link,,,493.20902336250253,7819843008,1150200094,None,False,,none,True,False
S2869,36,primary,36,諸輪名古屋線,10.167800486114189,7924913542,7924913543,None,False,,landslide_block,False,True
S2870,36,primary,36,諸輪名古屋線,2259.1595814799557,7924913542,1163381813,None,False,,none,True,False
S2871,57,primary,57,瀬戸大府東海線,1718.428404237497,7924913542,418101887,None,False,,none,True,False
S2872,36,primary,36,諸輪名古屋線,10.167800486114189,7924913543,7924913542,None,False,,landslide_block,False,True
S2873,57,primary,57,瀬戸大府東海線,61.288543397126325,7924913543,1430075848,None,False,,none,True,False
S2874,36,primary,36,諸輪名古屋線,1860.901558478454,7924913543,1163381957,None,False,,none,True,False
S2875,segment_2875,motorway_link,,,750.9296144311057,7983102373,461566847,None,False,,none,True,False
S2876,segment_2876,motorway_link,,,281.9553845381665,7983102373,2189000547,None,False,,none,True,False
S2877,C2,motorway,C2,名古屋第二環状自動車道,215.33228796895276,7983142786,4335074698,None,False,,none,True,False
S2878,segment_2878,motorway_link,,,182.05727472345416,8070311795,926027399,None,False,,none,True,False
S2879,segment_2879,motorway_link,,,154.33135722003132,8070653742,2116433661,None,False,,landslide_block,False,True
S2880,segment_2880,motorway_link,,,34.80399556523837,8070653742,8070653743,None,False,,none,True,False
S2881,302,trunk,302,国道302号,99.8327605497563,8070653743,2116433658,None,False,,crack_pothole,True,False
S2882,C2,motorway,C2,名古屋第二環状自動車道,275.877653518912,8239927541,461566786,None,False,,crack_pothole,True,False
S2883,segment_2883,motorway_link,,,574.0176496273422,8239927541,1356039839,None,False,,none,True,False
S2884,302,trunk,302,国道302号,451.2205758894496,8239927585,2434906286,None,False,,none,True,False
S2885,segment_2885,motorway_link,,,544.9476210161797,8239927598,8239927585,None,False,,none,True,False
S2886,C2,motorway,C2,名古屋第二環状自動車道,720.5575531594882,8239927598,632461423,None,False,,landslide_block,False,True
S2887,302,trunk,302,国道302号,707.3064724143792,8239927641,8239927585,None,False,,none,True,False
S2888,302,trunk,302,国道302号,799.1752048275422,8239927641,4300436435,None,False,,crack_pothole,True,False
S2889,60,primary,60,広小路通,18.08371592779542,8265691367,8265691369,None,False,,none,True,False
S2890,68,primary,68,名駅通,371.1767106775044,8265691367,334505628,None,False,,none,True,False
S2891,名駅通,primary,,名駅通,14.653702382681242,8265691368,8265691367,None,False,,crack_pothole,True,False
S2892,68,primary,68,太閤通,1158.091582560884,8265691368,1160571371,None,False,,none,True,False
S2893,68,primary,68,名駅通,13.851125455167,8265691369,601302960,None,False,,none,True,False
S2894,60,primary,60,広小路通,393.7691983042487,8265691369,287041504,None,False,,none,True,False
S2895,segment_2895,trunk_link,,,23.906095948061523,8266140966,8266140969,None,False,,none,True,False
S2896,22,trunk_link,22,国道22号線,14.757006012342924,8266140969,2434852640,None,False,,none,True,False
S2897,22,trunk,22,名岐バイパス,36.4231653333857,8266140980,8266141003,None,False,,none,True,False
S2898,segment_2898,trunk_link,,,91.98287161754048,8266140980,8266140988,None,False,,none,True,False
S2899,segment_2899,trunk_link,,,74.54180101275807,8266140992,8266141003,None,False,,none,True,False
S2900,22,trunk,22,名岐バイパス,445.8767957763746,8266141003,8266141016,None,False,,crack_pothole,True,False
S2901,segment_2901,trunk_link,,,30.014062820772615,8266141010,8266141016,None,False,,none,True,False
S2902,22,trunk,22,名岐バイパス,125.54077411954019,8266141016,8266154123,None,False,,none,True,False
S2903,segment_2903,trunk_link,,,28.480603663972374,8266154117,8266154122,None,False,,none,True,False
S2904,22,trunk,22,名岐バイパス,645.7777396973386,8266154122,638312765,None,False,,none,True,False
S2905,22,trunk,22,名岐バイパス,1222.852406823693,8266154123,1168302000,None,False,,none,True,False
S2906,segment_2906,motorway_link,,,511.2634287318559,8266154123,461567591,None,False,,crack_pothole,True,False
S2907,22,trunk,22,名岐バイパス,557.8483511162807,8266154134,8266154122,None,False,,none,True,False
S2908,16,motorway,16,名古屋高速16号一宮線,1603.725062629967,8266154144,385140003,None,False,,none,True,False
S2909,segment_2909,motorway_link,,,569.1719458474264,8266154144,8266154134,None,False,,none,True,False
S2910,22,trunk,22,名岐バイパス,38.66519576397876,8266154155,638312723,None,False,,none,True,False
S2911,segment_2911,trunk_link,,,41.13092489997247,8266154155,638312779,None,False,,none,True,False
S2912,22,trunk,22,名岐バイパス,640.6925918943218,8266154169,1220267971,None,False,,none,True,False
S2913,segment_2913,motorway_link,,,514.2510833297234,8266154176,385139989,None,False,,none,True,False
S2914,22,trunk,22,名岐バイパス,1173.405459758603,8266154176,1356165148,None,False,,none,True,False
S2915,22,trunk,22,名岐バイパス,95.72484071268292,8266154192,638312799,None,False,,none,True,False
S2916,segment_2916,trunk_link,,,106.28291481248542,8266154192,638312801,None,False,,none,True,False
S2917,22,trunk,22,名岐バイパス,1223.9366859702332,8266154203,638312861,None,False,,none,True,False
S2918,segment_2918,motorway_link,,,396.1154635336162,8266154203,8266154217,None,False,,landslide_block,False,True
S2919,16,motorway,16,名古屋高速16号一宮線,330.5659872566982,8266154217,8266154239,None,False,,none,True,False
S2920,22,trunk,22,名岐バイパス,315.9584455599175,8266154236,8266154192,None,False,,none,True,False
S2921,16,motorway,16,名古屋高速16号一宮線,782.2509175444376,8266154239,638312836,None,False,,landslide_block,False,True
S2922,segment_2922,motorway_link,,,503.1929676889412,8266154239,638312861,None,False,,none,True,False
S2923,segment_2923,motorway_link,,,142.84530611361578,8266154266,463118582,None,False,,none,True,False
S2924,segment_2924,motorway_link,,,29.08234195446634,8266154278,8266154283,None,False,,none,True,False
S2925,segment_2925,motorway_link,,,2.915505075806542,8266154283,8266154290,None,False,,none,True,False
S2926,segment_2926,motorway_link,,,23.56032342497554,8266154285,8266154290,None,False,,none,True,False
S2927,segment_2927,motorway_link,,,34.519686071484045,8266154290,8266154266,None,False,,none,True,False
S2928,segment_2928,primary_link,,,34.88151839817213,8320782980,10584295973,None,False,,none,True,False
S2929,63,primary,63,名古屋江南線,57.515785541668244,8320782988,8320783006,None,False,,crack_pothole,True,False
S2930,segment_2930,primary_link,,,29.562395528506794,8320782988,8320782994,None,False,,crack_pothole,True,False
S2931,63,primary,63,名古屋江南線,52.20175578172106,8320782995,10584295973,None,False,,none,True,False
S2932,segment_2932,primary_link,,,29.495692383411388,8320782995,8320783000,None,False,,none,True,False
S2933,segment_2933,primary_link,,,33.79760725917931,8320783001,8320783006,None,False,,none,True,False
S2934,63,primary,63,名古屋江南線,922.7563928695972,8320783006,619262587,None,False,,crack_pothole,True,False
S2935,segment_2935,"['primary_link', 'motorway_link']",,,605.3146985287032,8320783008,8320783012,None,False,,none,True,False
S2936,63;162,primary,"['63;162', '63', '63;163']",名古屋江南線,3071.3095017934284,8320783008,7231609879,None,False,,none,True,False
S2937,6,motorway,6,名古屋高速6号清須線,3047.3499623840403,8320783012,2434901079,None,False,,crack_pothole,True,False
S2938,6,motorway,6,名古屋高速6号清須線,1454.5690238863992,8320783013,385140090,None,False,,none,True,False
S2939,segment_2939,motorway_link,,,534.1731207057283,8320783013,8320800717,None,False,,landslide_block,False,True
S2940,segment_2940,trunk_link,,,13.984531295259075,8320800728,8320800740,None,False,,none,True,False
S2941,segment_2941,trunk_link,,,17.648099256988807,8320800728,8320800731,None,False,,none,True,False
S2942,segment_2942,trunk_link,,,18.79417364915561,8320800731,8320800733,None,False,,none,True,False
S2943,22,trunk,22,名岐バイパス,667.5318455831002,8320800733,638204609,None,False,,none,True,False
S2944,segment_2944,trunk_link,,,12.404991733139656,8320800740,8320800731,None,False,,none,True,False
S2945,segment_2945,trunk_link,,,10.86698699393346,8320800740,8320800752,None,False,,none,True,False
S2946,segment_2946,trunk_link,,,16.119741823502803,8320800741,8320800752,None,False,,none,True,False
S2947,segment_2947,trunk_link,,,12.091974825526536,8320800741,8320800740,None,False,,none,True,False
S2948,segment_2948,trunk_link,,,5.461035619539757,8320800752,7231829861,None,False,,none,True,False
S2949,59,primary,59,名古屋中環状線,36.22177900998498,8320800862,6241313678,None,False,,none,True,False
S2950,59,primary_link,59,名古屋中環状線,30.93815073867027,8320800862,8320800870,None,False,,none,True,False
S2951,22,trunk,22,名岐バイパス,44.08046776621474,8320800863,8320800870,None,False,,none,True,False
S2952,59,primary_link,59,名古屋中環状線,31.69657270579542,8320800863,8320800862,None,False,,none,True,False
S2953,22,trunk,22,名岐バイパス,888.7742837070832,8320800870,2434915303,None,False,,none,True,False
S2954,59,primary,59,名古屋中環状線,65.05801490963128,8320800871,1492299782,None,False,,none,True,False
S2955,59,primary_link,59,名古屋中環状線,34.6413679415965,8320800871,8320800888,None,False,,none,True,False
S2956,22,trunk,22,名岐バイパス,43.649657225199206,8320800879,8320800888,None,False,,none,True,False
S2957,59,primary_link,59,名古屋中環状線,32.95493299161603,8320800879,8320800871,None,False,,landslide_block,False,True
S2958,22,trunk,22,名岐バイパス,2011.0461990921156,8320800888,7231829861,None,False,,none,True,False
S2959,segment_2959,primary_link,,,5.9179517549269,8320800893,8320800894,None,False,,none,True,False
S2960,59,primary_link,59,名古屋中環状線,17.578548585762952,8320800893,1492299783,None,False,,none,True,False
S2961,59,primary,59,名古屋中環状線,9.698239360480574,8320800894,1356038037,None,False,,none,True,False
S2962,59,primary,59,名古屋中環状線,38.18220426314302,8320800894,1356038062,None,False,,none,True,False
S2963,16,motorway,"['16', '6']","['名古屋高速6号清須線', '名古屋高速16号一宮線']",853.4628810919493,8320800922,461566849,None,False,,none,True,False
S2964,segment_2964,motorway_link,,,226.78841672065636,8320800922,2193950519,None,False,,none,True,False
S2965,302,trunk,302,"['名古屋環状2号線', '国道302号']",1948.4288595602422,8330881374,1583801052,None,False,,none,True,False
S2966,segment_2966,motorway_link,,,505.0039884033808,8330881374,8687399311,None,False,,none,True,False
S2967,302,trunk,302,国道302号,111.7347885836706,8363969091,5370352288,None,False,,crack_pothole,True,False
S2968,302,trunk,302,国道302号,798.4917605633507,8363974481,655649750,None,False,,crack_pothole,True,False
S2969,302,trunk,302,国道302号,1980.0250071494502,8363974486,8363974714,None,False,,none,True,False
S2970,302,trunk,302,国道302号,12.578607117303344,8363974488,8363974481,None,False,,none,True,False
S2971,segment_2971,trunk_link,,,31.637240072481696,8363974488,8363974486,None,False,,none,True,False
S2972,302,trunk,302,国道302号,18.079155227287742,8363974493,8363974486,None,False,,none,True,False
S2973,302,trunk,302,国道302号,1.7583845527292843,8363974493,8363974494,None,False,,none,True,False
S2974,302,trunk,302,国道302号,1.7583845527292843,8363974494,8363974493,None,False,,none,True,False
S2975,segment_2975,trunk_link,,,27.08217392201171,8363974494,8363974481,None,False,,none,True,False
S2976,302,trunk,302,国道302号,689.5434820048592,8363974530,8363974488,None,False,,none,True,False
S2977,segment_2977,motorway_link,,,562.2314449238254,8363974530,4335067875,None,False,,none,True,False
S2978,C2,motorway,C2,名古屋第二環状自動車道,1219.6387320315666,8363974640,4335067875,None,False,,none,True,False
S2979,segment_2979,motorway_link,,,453.614481874063,8363974640,8363974645,None,False,,none,True,False
S2980,302,trunk,302,国道302号,206.80689574958075,8363974645,8363974530,None,False,,none,True,False
S2981,C2,motorway,C2,名古屋第二環状自動車道,614.5242170588645,8363974697,631531980,None,False,,none,True,False
S2982,segment_2982,motorway_link,,,406.85917470530006,8363974697,8363974714,None,False,,none,True,False
S2983,302,trunk,302,国道302号,322.2496362663776,8363974714,8363974719,None,False,,none,True,False
S2984,302,trunk,302,国道302号,518.3436005338845,8363974719,567071055,None,False,,none,True,False
S2985,segment_2985,trunk_link,,,263.7210317797691,8363974719,567071034,None,False,,none,True,False
S2986,302,trunk,302,国道302号,1469.874675495163,8363974730,8363974645,None,False,,none,True,False
S2987,segment_2987,motorway_link,,,558.290907845787,8363974738,295014126,None,False,,none,True,False
S2988,segment_2988,motorway_link,,,217.40216171656584,8363974738,631532005,None,False,,none,True,False
S2989,C2,motorway,C2,名古屋第二環状自動車道,768.3398687373426,8363974751,635868082,None,False,,none,True,False
S2990,segment_2990,motorway_link,,,574.0945748447294,8363974751,631532005,None,False,,crack_pothole,True,False
S2991,41,trunk,41,国道41号,36.583977293628074,8363974764,520108891,None,False,,none,True,False
S2992,segment_2992,trunk_link,,,38.20275414282396,8363974764,8363974767,None,False,,none,True,False
S2993,segment_2993,trunk_link,,,7.811685058346373,8363974767,520108891,None,False,,none,True,False
S2994,segment_2994,trunk_link,,,82.86216656301627,8363974767,8363974771,None,False,,none,True,False
S2995,segment_2995,trunk_link,,,7.412892979632669,8363974771,606300737,None,False,,none,True,False
S2996,C2,motorway,C2,名古屋第二環状自動車道,492.5091855257959,8386686515,632461532,None,False,,none,True,False
S2997,segment_2997,motorway_link,,,492.9937792305995,8386686515,8386686522,None,False,,none,True,False
S2998,302,trunk,302,国道302号,264.0348673081083,8386686522,527045783,None,False,,none,True,False
S2999,segment_2999,trunk_link,,,12.46898637409055,8386686668,8386686721,None,False,,none,True,False
S3000,segment_3000,trunk_link,,,45.75855579005,8386686668,8386686673,None,False,,none,True,False
S3001,302,trunk,302,国道302号,243.8265714397247,8386686673,519658807,None,False,,none,True,False
S3002,302,trunk,302,国道302号,270.02511203380936,8386686676,8386686764,None,False,,none,True,False
S3003,segment_3003,trunk_link,,,298.4566123470344,8386686698,1125908121,None,False,,none,True,False
S3004,segment_3004,trunk_link,,,113.68670400375998,8386686700,8386686698,None,False,,crack_pothole,True,False
S3005,302,trunk,302,国道302号,39.742373936095994,8386686700,519658812,None,False,,none,True,False
S3006,segment_3006,trunk_link,,,32.73865560698899,8386686702,8386686676,None,False,,none,True,False
S3007,segment_3007,trunk_link,,,23.40338271817685,8386686702,567071063,None,False,,none,True,False
S3008,segment_3008,trunk_link,,,5.7918251845885775,8386686712,8568687750,None,False,,none,True,False
S3009,segment_3009,trunk_link,,,12.759978357226341,8386686712,519658813,None,False,,none,True,False
S3010,segment_3010,trunk_link,,,26.21241731483159,8386686712,8386686676,None,False,,none,True,False
S3011,302,trunk,302,国道302号,16.143149266170678,8386686714,567071063,None,False,,none,True,False
S3012,segment_3012,trunk_link,,,15.772322760310685,8386686714,8386686717,None,False,,none,True,False
S3013,segment_3013,trunk_link,,,298.6703390422259,8386686717,494983461,None,False,,none,True,False
S3014,segment_3014,trunk_link,,,22.093124429195758,8386686721,567444138,None,False,,none,True,False
S3015,segment_3015,trunk_link,,,25.999697250988888,8386686721,8386686730,None,False,,none,True,False
S3016,segment_3016,trunk_link,,,11.968735065253826,8386686730,8568687743,None,False,,none,True,False
S3017,302,trunk,302,国道302号,12.024351294005319,8386686730,567444138,None,False,,none,True,False
S3018,segment_3018,trunk_link,,,23.471245695474845,8386686760,8386686764,None,False,,crack_pothole,True,False
S3019,302,trunk,302,国道302号,105.13825585702989,8386686764,8386686779,None,False,,none,True,False
S3020,segment_3020,motorway_link,,,604.4027327589886,8386686779,289333515,None,False,,crack_pothole,True,False
S3021,302,trunk,302,国道302号,226.61639729805728,8386686779,4203733607,None,False,,none,True,False
S3022,247,trunk,247,国道247号,1490.4532240927515,8393310471,1608729557,None,False,,none,True,False
S3023,247,trunk_link,247,国道247号,347.1672353380405,8393310471,3779698387,None,False,,none,True,False
S3024,名古屋第二環状自動車道,motorway_link,,名古屋第二環状自動車道,187.92450091363563,8558765296,3717886007,None,False,,none,True,False
S3025,segment_3025,trunk_link,,,4.218849591375353,8568649902,8568687743,None,False,,none,True,False
S3026,segment_3026,trunk_link,,,21.341407101377996,8568649902,567444138,None,False,,none,True,False
S3027,302,trunk,302,国道302号,21.148137810290525,8568687741,567444137,None,False,,none,True,False
S3028,segment_3028,trunk_link,,,28.155907932679714,8568687741,8386686717,None,False,,none,True,False
S3029,segment_3029,trunk_link,,,8.134387524233023,8568687743,8386686712,None,False,,none,True,False
S3030,segment_3030,trunk_link,,,9.102301240872585,8568687743,519658813,None,False,,none,True,False
S3031,segment_3031,trunk_link,,,5.116026325541697,8568687750,8568649902,None,False,,none,True,False
S3032,segment_3032,trunk_link,,,11.786644247725597,8568687750,8386686714,None,False,,none,True,False
S3033,4,motorway,4,名古屋高速4号東海線,1513.944019056227,8662954907,2548171381,None,False,,none,True,False
S3034,名古屋第二環状自動車道,motorway_link,,名古屋第二環状自動車道,211.95351145945602,8687399278,7162166992,None,False,,none,True,False
S3035,302,trunk,302,名古屋環状2号線,1069.7146312082668,8687399284,2286347018,None,False,,none,True,False
S3036,segment_3036,motorway_link,,,455.5817430594551,8687399284,8687399303,None,False,,none,True,False
S3037,302,trunk,302,名古屋環状2号線,161.60750898495985,8687399296,13523363641,None,False,,landslide_block,False,True
S3038,C2,motorway,C2,名古屋第二環状自動車道,1375.1068653378115,8687399300,8687426783,None,False,,none,True,False
S3039,segment_3039,motorway_link,,,423.10486831430353,8687399300,8687399296,None,False,,none,True,False
S3040,C2,motorway,C2,名古屋第二環状自動車道,2057.6771305894245,8687399303,8687399304,None,False,,none,True,False
S3041,C2,motorway,C2,名古屋第二環状自動車道,527.006452430741,8687399304,7162167004,None,False,,none,True,False
S3042,segment_3042,motorway_link,,,384.42738431594034,8687399304,2940012178,None,False,,none,True,False
S3043,C2,motorway,C2,名古屋第二環状自動車道,2009.224431758724,8687399311,8687399300,None,False,,none,True,False
S3044,302,trunk,302,名古屋環状2号線,290.54948108403835,8687426773,2286346940,None,False,,none,True,False
S3045,C2,motorway,C2,名古屋第二環状自動車道,1307.8300367177837,8687426782,8687399303,None,False,,crack_pothole,True,False
S3046,segment_3046,motorway_link,,,401.46876304749134,8687426782,8687426773,None,False,,none,True,False
S3047,C2,motorway,C2,名古屋第二環状自動車道,1314.9398828193791,8687426783,7176783056,None,False,,none,True,False
S3048,302,trunk,302,名古屋環状2号線,793.0877946312132,8687496193,7161182023,None,False,,none,True,False
S3049,segment_3049,motorway_link,,,531.220428470695,8687496193,7176783010,None,False,,none,True,False
S3050,名古屋高速5号万場線,motorway_link,,名古屋高速5号万場線,44.38569374235311,8813220737,6418759114,None,False,,none,True,False
S3051,segment_3051,primary_link,,,6.669854630212331,8904125804,8904125805,None,False,,none,True,False
S3052,segment_3052,primary_link,,,6.669854630212331,8904125805,8904125804,None,False,,crack_pothole,True,False
S3053,30,primary,30,関田名古屋線,2795.544492266903,8904125805,1608088347,None,False,,none,True,False
S3054,2,motorway,2,名古屋高速2号東山線,584.8861050725438,8980578172,638425420,None,False,,none,True,False
S3055,segment_3055,motorway_link,,,96.74182602211316,8980578174,8980578172,None,False,,none,True,False
S3056,segment_3056,motorway_link,,,96.69233248552507,8980578174,7735713833,None,False,,none,True,False
S3057,segment_3057,motorway_link,,,186.65290548899458,8980578186,2081806553,None,False,,none,True,False
S3058,segment_3058,motorway_link,,,97.43861629640267,8980578186,8980578189,None,False,,none,True,False
S3059,2,motorway,2,名古屋高速2号東山線,2717.6122237411505,8980578187,2342918674,None,False,,none,True,False
S3060,segment_3060,motorway_link,,,89.33328014975993,8980578189,2081806553,None,False,,none,True,False
S3061,segment_3061,motorway_link,,,89.11767593634985,8980578189,8980578187,None,False,,none,True,False
S3062,60;57,primary,60;57,瀬戸大府東海線,11.133536561950994,9187463673,800028788,None,False,,none,True,False
S3063,60;57,primary,60;57,瀬戸大府東海線,555.4906373685689,9187463673,720610261,None,False,,none,True,False
S3064,segment_3064,motorway_link,,,125.36404863452813,9225912653,4865613976,None,False,,none,True,False
S3065,segment_3065,motorway_link,,,792.5131093034083,9225912669,288668640,None,False,,none,True,False
S3066,segment_3066,motorway_link,,,10.862806678561514,9225917225,5289866863,None,False,,none,True,False
S3067,56,primary,56,名古屋岡崎線バイパス,202.67331132465614,9225917225,1727359923,None,False,,none,True,False
S3068,56,primary,56,名古屋岡崎線バイパス,7.872962488282777,9225917237,9225917225,None,False,,none,True,False
S3069,segment_3069,motorway_link,,,1006.9800337577943,9225917237,9406491815,None,False,,none,True,False
S3070,segment_3070,primary_link,,,33.35560557905329,9236917061,1576886054,None,False,,landslide_block,False,True
S3071,155,trunk,155,国道155号,10.047309112791908,9246220416,7559960776,None,False,,none,True,False
S3072,segment_3072,trunk_link,,,24.834652397436155,9367044840,1907871518,None,False,,crack_pothole,True,False
S3073,302,trunk,302,国道302号,165.52259820830727,9367044840,9367044842,None,False,,none,True,False
S3074,302,trunk,302,国道302号,4.808962005069313,9367044842,461562063,None,False,,none,True,False
S3075,segment_3075,trunk_link,,,10.7333985383287,9367044849,3820791637,None,False,,none,True,False
S3076,segment_3076,trunk_link,,,32.643510586966066,9367044850,9367044852,None,False,,crack_pothole,True,False
S3077,302,trunk,302,国道302号,153.85191832754208,9367044850,3820791637,None,False,,none,True,False
S3078,E1A,motorway,E1A,伊勢湾岸自動車道,1005.7541983911285,9406491815,1601051309,None,False,,crack_pothole,True,False
S3079,segment_3079,motorway_link,,,273.35455762044995,9778597823,385662953,None,False,,crack_pothole,True,False
S3080,155;366,trunk,155;366,国道155号,11.958982522420156,9821356803,9821356804,None,False,,none,True,False
S3081,57,primary,57,瀬戸大府東海線,1144.587914171882,9821356803,1579587438,None,False,,none,True,False
S3082,155;366,trunk,155;366,国道155号,12.4369801276521,9821356804,2681672680,None,False,,none,True,False
S3083,155,trunk,155,国道155号,1126.572114911773,9821356804,9821356815,None,False,,crack_pothole,True,False
S3084,48,primary,48,岡崎刈谷線,11.350269389049181,9821356815,1696150892,None,False,,crack_pothole,True,False
S3085,155,trunk,155,国道155号,859.9900444225616,9821356815,9821364233,None,False,,none,True,False
S3086,155,trunk,155,国道155号,860.0887647892079,9821364233,1696150892,None,False,,none,True,False
S3087,155,trunk,155,国道155号,2297.4644834267588,9821364233,370966533,None,False,,none,True,False
S3088,51,primary,51,知立東浦線,10.791993556042716,9837895868,367794973,None,False,,none,True,False
S3089,51,primary,51,知立東浦線,1343.5949358558257,9837895868,366069826,None,False,,crack_pothole,True,False
S3090,155,trunk,155,国道155号,581.7894842966692,9837895868,369930462,None,False,,none,True,False
S3091,302,trunk,302,国道302号,98.22882283766216,9849655790,1149064843,None,False,,none,True,False
S3092,segment_3092,trunk_link,,,94.80798619942288,9849655790,460375015,None,False,,none,True,False
S3093,302,trunk,302,国道302号,101.20608526759446,9849655797,460375015,None,False,,none,True,False
S3094,segment_3094,trunk_link,,,100.83514448366648,9849655797,1149064843,None,False,,none,True,False
S3095,23,primary,23,東浦名古屋線,33.80771796414068,9938621166,3829533086,None,False,,none,True,False
S3096,302,trunk,302,国道302号,284.0141149591219,9938621166,8070653743,None,False,,none,True,False
S3097,247,motorway_link,247,西知多産業道路,175.61580662566675,9960030538,1581286408,None,False,,none,True,False
S3098,247,motorway,247,西知多産業道路,803.6032777581012,9960030538,1581290567,None,False,,none,True,False
S3099,segment_3099,motorway_link,,,16.607232316966638,10203996350,9225912653,None,False,,none,True,False
S3100,63,primary,63,名古屋江南線,509.2095384974349,10584295973,660969271,None,False,,none,True,False
S3101,segment_3101,trunk_link,,,68.357791977648,10604108529,10604108531,None,False,,none,True,False
S3102,segment_3102,trunk_link,,,36.191343200682425,10604108531,10604108534,None,False,,none,True,False
S3103,segment_3103,trunk_link,,,68.357791977648,10604108531,10604108529,None,False,,none,True,False
S3104,segment_3104,trunk_link,,,128.53094873222693,10604108531,10604108535,None,False,,none,True,False
S3105,19,trunk,19,国道19号,117.30499201373783,10604108534,7419474493,None,False,,none,True,False
S3106,segment_3106,trunk_link,,,36.191343200682425,10604108534,10604108531,None,False,,none,True,False
S3107,19,trunk,19,国道19号,1497.1433589321814,10604108535,352708868,None,False,,none,True,False
S3108,segment_3108,trunk_link,,,128.53094873222693,10604108535,10604108531,None,False,,none,True,False
S3109,62;190;155,primary,62;190;155,春日井稲沢線,7.238896288170857,10735330146,1168355577,None,False,,none,True,False
S3110,62;190;155,primary,"['62;190;155', '62;190']",春日井稲沢線,1685.949159505134,10735330146,1170429975,None,False,,none,True,False
S3111,54,primary,54,豊田知立線バイパス,7.2964629442015365,10747923721,925534450,None,False,,none,True,False
S3112,54,primary,54,豊田知立線,9.090913414863387,10747923722,10747923721,None,False,,none,True,False
S3113,54,primary,54,豊田知立線バイパス,836.2256434076793,10747923722,12944466974,None,False,,none,True,False
S3114,segment_3114,trunk_link,,,71.18679185181516,10963558705,1849527357,None,False,,none,True,False
S3115,302,trunk,302,国道302号,68.73425953347582,10963558705,577030813,None,False,,none,True,False
S3116,segment_3116,trunk_link,,,61.42290743497729,10963558710,577030813,None,False,,none,True,False
S3117,302,trunk,302,国道302号,58.26454630988685,10963558710,1849527357,None,False,,none,True,False
S3118,302,trunk,302,国道302号,78.93596039914732,10963558717,587659067,None,False,,none,True,False
S3119,segment_3119,trunk_link,,,86.99245355924532,10963558717,1849527354,None,False,,none,True,False
S3120,302,trunk,302,国道302号,56.08477311487175,11104135682,536505191,None,False,,none,True,False
S3121,segment_3121,trunk_link,,,58.12302331465985,11104135682,1849512083,None,False,,none,True,False
S3122,segment_3122,trunk_link,,,54.94169199850627,11104135687,536505191,None,False,,none,True,False
S3123,302,trunk,302,国道302号,51.76055066340308,11104135687,1849512083,None,False,,none,True,False
S3124,30,primary,30,関田名古屋線,1374.4421122500873,11195410407,566639741,None,False,,none,True,False
S3125,302,trunk,302,国道302号,71.03743640375413,11241117063,505084428,None,False,,none,True,False
S3126,segment_3126,trunk_link,,,73.67848940270312,11241117063,505084427,None,False,,none,True,False
S3127,segment_3127,trunk_link,,,68.8065288135599,11330234812,505084428,None,False,,none,True,False
S3128,302,trunk,302,国道302号,66.18299464688029,11330234812,505084427,None,False,,none,True,False
S3129,segment_3129,trunk_link,,,36.359521250725344,11408664536,1907871495,None,False,,none,True,False
S3130,302,trunk,302,国道302号,80.41654125856554,11408664536,792498183,None,False,,none,True,False
S3131,1,trunk,1,国道1号,11.950946017428441,11428506456,11428506457,None,False,,none,True,False
S3132,59,primary,59,名古屋中環状線,1953.91553064018,11428506456,1941006217,None,False,,none,True,False
S3133,1,trunk,1,国道1号,201.61900657549214,11428506456,810102765,None,False,,none,True,False
S3134,1,trunk,1,国道1号,11.950946017428441,11428506457,11428506456,None,False,,none,True,False
S3135,59,primary,59,名古屋中環状線,643.5324106650675,11428506457,1941013356,None,False,,none,True,False
S3136,1,trunk,1,国道1号,315.8111820884542,11428506457,392633607,None,False,,none,True,False
S3137,segment_3137,motorway_link,,,116.50039893286598,11747014672,11747014675,None,False,,none,True,False
S3138,segment_3138,motorway_link,,,90.28954617485621,11747014675,11747014678,None,False,,none,True,False
S3139,segment_3139,motorway_link,,,90.32352531283607,11747014675,11747014678,None,False,,none,True,False
S3140,segment_3140,motorway_link,,,491.14464452121103,11747014678,1150329323,None,False,,none,True,False
S3141,23,primary,23,東浦名古屋線,10.058969422179722,12079835652,9246220416,None,False,,none,True,False
S3142,155,trunk,155,国道155号,1467.497697856574,12079835652,7559940231,None,False,,none,True,False
S3143,空港線,primary,,空港線,779.081575383813,12468720223,620256273,None,False,,none,True,False
S3144,1,trunk,1,国道1号,1118.0748305786317,12468720228,2496922330,None,False,,none,True,False
S3145,segment_3145,motorway_link,,,475.2699198713377,12468720228,4356708433,None,False,,none,True,False
S3146,302,trunk,302,国道302号,149.36104159281288,12482896916,12482896925,None,False,,none,True,False
S3147,segment_3147,trunk_link,,,47.99332688074377,12482896916,12482896922,None,False,,none,True,False
S3148,302,trunk,302,国道302号,116.16432607534333,12482896925,12482896934,None,False,,none,True,False
S3149,segment_3149,trunk_link,,,48.23171876944629,12482896925,12482896932,None,False,,none,True,False
S3150,segment_3150,trunk_link,,,27.161183639742188,12482896933,12482896934,None,False,,landslide_block,False,True
S3151,302,trunk,302,国道302号,159.81782280442258,12482896934,2105111737,None,False,,none,True,False
S3152,C2,motorway,C2,名古屋第二環状自動車道,3338.5995559253934,12691016533,1149226304,None,False,,none,True,False
S3153,C2,motorway,C2,名古屋第二環状自動車道,1005.1033686714602,12691016536,1149226290,None,False,,none,True,False
S3154,segment_3154,motorway_link,,,315.12002833290245,12691016536,2497023936,None,False,,none,True,False
S3155,57,primary,57,瀬戸大府東海線,1300.264655603931,12706782670,9821356804,None,False,,none,True,False
S3156,57,primary_link,57,瀬戸大府東海線,155.3584938411869,12706782670,1579587438,None,False,,none,True,False
S3157,302,trunk,302,国道302号,99.00002647167301,12754504831,1849527363,None,False,,none,True,False
S3158,302,trunk,302,国道302号,106.36362938079306,12754504831,12754504843,None,False,,none,True,False
S3159,東海通,primary,,東海通,29.201752540221104,12754504843,1849527363,None,False,,none,True,False
S3160,302,trunk,302,国道302号,10.594883946117134,12754504843,2496948231,None,False,,none,True,False
S3161,東海通,primary,,東海通,31.505163409331157,12754504846,2496948231,None,False,,none,True,False
S3162,302,trunk,302,国道302号,10.34478477295729,12754504846,1849527363,None,False,,none,True,False
S3163,155,trunk,155,豊田南バイパス,399.8761270829244,12844426823,4162359813,None,False,,none,True,False
S3164,segment_3164,trunk_link,,,7.2454166881194695,12844426823,12844426873,None,False,,none,True,False
S3165,155,trunk,155,豊田南バイパス,245.5564906018906,12844426857,775500679,None,False,,none,True,False
S3166,segment_3166,trunk_link,,,8.240145766442414,12844426857,12844426862,None,False,,none,True,False
S3167,155,trunk,155,豊田南バイパス,188.84788085173665,12844439349,4079413655,None,False,,none,True,False
S3168,155,trunk,155,豊田南バイパス,579.3736527144063,12844439377,4129633535,None,False,,none,True,False
S3169,419,trunk,419,国道419号,18.622592315943294,12844439383,1601040010,None,False,,none,True,False
S3170,419,trunk,419,国道419号,30.143591507406434,12844439383,12844439377,None,False,,none,True,False
S3171,302,trunk,302,国道302号,61.791371306977126,12852134875,535300641,None,False,,none,True,False
S3172,segment_3172,trunk_link,,,65.0446609480535,12852134875,1849527356,None,False,,none,True,False
S3173,302,trunk,302,国道302号,51.67062935492594,12852134879,1849527356,None,False,,none,True,False
S3174,segment_3174,trunk_link,,,54.957767237189664,12852134879,535300641,None,False,,none,True,False
S3175,302,trunk,302,国道302号,67.54576665927681,12872412253,1849527354,None,False,,none,True,False
S3176,segment_3176,trunk_link,,,76.58782166969236,12872412253,587659067,None,False,,none,True,False
S3177,54,primary,54,豊田知立線バイパス,832.4935908096201,12944466974,10747923721,None,False,,none,True,False
S3178,54,primary,54,豊田知立線,336.689863835676,12944466974,4548757153,None,False,,landslide_block,False,True
S3179,54,primary,54,豊田知立線,30.33149690444166,12944880890,759590742,None,False,,none,True,False
S3180,54,primary,54,"['小石川橋', '根浦橋', '豊田知立線バイパス', '豊田知立線']",1077.4100631972067,12944880890,925534452,None,False,,none,True,False
S3181,153,trunk,153,国道153号,2099.7171953479265,12946220938,4478964401,None,False,,crack_pothole,True,False
S3182,segment_3182,trunk_link,,,131.10433305647865,12946220938,12946220941,None,False,,none,True,False
S3183,57,primary,57,瀬戸大府東海線,370.96490767058657,13115726552,13115726557,None,False,,none,True,False
S3184,segment_3184,primary_link,,,44.25366787304629,13115726557,2481757626,None,False,,none,True,False
S3185,57,primary,57,瀬戸大府東海線,65.20602856873383,13115726557,1889502557,None,False,,none,True,False
S3186,segment_3186,trunk_link,,,75.4547163251812,13523363641,13523363643,None,False,,none,True,False
S3187,302,trunk,302,名古屋環状2号線,74.41232326990514,13523363641,1583798207,None,False,,none,True,False
S3188,1,trunk_link,1,国道1号,18.56266783742741,13523363643,1583798207,None,False,,none,True,False
S3189,segment_3189,trunk_link,,,17.35770421217602,13523363643,2286346940,None,False,,none,True,False
