{
"type": "FeatureCollection",
"name": "disaster_repair_lots",
"crs": { "type": "name", "properties": { "name": "urn:ogc:def:crs:OGC:1.3:CRS84" } },
"features": [
{ "type": "Feature", "properties": { "lot_id": "L0", "segment_ids": "S1", "n_segments": 1, "length_total_m": 1011.4330851363109, "duration_days": 3, "primary_corridor_id": "E1A;302", "hard_disaster": false, "hard_metapath": false, "hard": false, "cost_k": 1011.4330851363109, "impact_weight_k": 0.0 }, "geometry": { "type": "LineString", "coordinates": [ [ 136.8417868, 35.0521021 ], [ 136.842918200000014, 35.0521107 ], [ 136.8444115, 35.0521412 ], [ 136.845307100000014, 35.0521798 ], [ 136.8461264, 35.0522218 ], [ 136.8469533, 35.0522804 ], [ 136.847730399999989, 35.0523403 ], [ 136.852858, 35.0527967 ] ] } },
{ "type": "Feature", "properties": { "lot_id": "L1", "segment_ids": "S16; S1836", "n_segments": 2, "length_total_m": 1068.4395382468181, "duration_days": 4, "primary_corridor_id": "segment_16", "hard_disaster": true, "hard_metapath": false, "hard": true, "cost_k": 1068.4395382468181, "impact_weight_k": 0.0 }, "geometry": { "type": "MultiLineString", "coordinates": [ [ [ 136.884213499999987, 35.1605093 ], [ 136.8843598, 35.1606308 ], [ 136.885686099999987, 35.1609797 ], [ 136.8893866, 35.1619592 ], [ 136.889803300000011, 35.1620726 ], [ 136.89005610000001, 35.162162 ], [ 136.8902004, 35.1622394 ], [ 136.8903087, 35.1623116 ], [ 136.8904091, 35.1624018 ], [ 136.8904785, 35.1624827 ], [ 136.8905404, 35.162585 ], [ 136.8905857, 35.1626989 ], [ 136.8906163, 35.1628511 ], [ 136.8906275, 35.1629728 ], [ 136.8906307, 35.1630857 ], [ 136.8905987, 35.1632529 ], [ 136.8904335, 35.1640028 ], [ 136.8903176, 35.1645632 ], [ 136.890322700000013, 35.1648475 ] ], [ [ 136.882288499999987, 35.1600072 ], [ 136.884213499999987, 35.1605093 ] ] ] } },
{ "type": "Feature", "properties": { "lot_id": "L2", "segment_ids": "S109; S17", "n_segments": 2, "length_total_m": 28.602212248335654, "duration_days": 1, "primary_corridor_id": "江川線", "hard_disaster": false, "hard_metapath": false, "hard": false, "cost_k": 28.602212248335654, "impact_weight_k": 0.0 }, "geometry": { "type": "MultiLineString", "coordinates": [ [ [ 136.8898184, 35.1682129 ], [ 136.8898194, 35.1681116 ] ], [ [ 136.8896279, 35.1682207 ], [ 136.8898184, 35.1682129 ] ] ] } },
{ "type": "Feature", "properties": { "lot_id": "L3", "segment_ids": "S27", "n_segments": 1, "length_total_m": 1766.5503350017241, "duration_days": 4, "primary_corridor_id": "E1A", "hard_disaster": false, "hard_metapath": false, "hard": false, "cost_k": 1766.5503350017241, "impact_weight_k": 0.0 }, "geometry": { "type": "LineString", "coordinates": [ [ 136.9520614, 35.0461391 ], [ 136.950660699999986, 35.0467922 ], [ 136.950194900000014, 35.0469887 ], [ 136.9495819, 35.0472463 ], [ 136.9489455, 35.0474998 ], [ 136.9482309, 35.0477593 ], [ 136.9476496, 35.047955 ], [ 136.94716360000001, 35.0480921 ], [ 136.9467655, 35.0481944 ], [ 136.9463419, 35.0482853 ], [ 136.945839, 35.0483749 ], [ 136.945283100000012, 35.0484525 ], [ 136.9447707, 35.0485084 ], [ 136.944247499999989, 35.0485482 ], [ 136.943766900000014, 35.0485643 ], [ 136.943193, 35.0485652 ], [ 136.9426336, 35.0485443 ], [ 136.942011, 35.0484958 ], [ 136.941551299999986, 35.0484415 ], [ 136.9410197, 35.0483582 ], [ 136.9404355, 35.0482486 ], [ 136.9397816, 35.0480917 ], [ 136.9392508, 35.0479469 ], [ 136.9385361, 35.0477306 ], [ 136.937432199999989, 35.0473904 ], [ 136.9347315, 35.046539 ], [ 136.933749799999987, 35.0462323 ] ] } },
{ "type": "Feature", "properties": { "lot_id": "L4", "segment_ids": "S51", "n_segments": 1, "length_total_m": 679.70359892792737, "duration_days": 7, "primary_corridor_id": "23", "hard_disaster": true, "hard_metapath": false, "hard": true, "cost_k": 679.70359892792737, "impact_weight_k": 0.0 }, "geometry": { "type": "LineString", "coordinates": [ [ 136.9313503, 35.0602943 ], [ 136.9310016, 35.060963 ], [ 136.930674399999987, 35.0616212 ], [ 136.9301551, 35.0626615 ], [ 136.9291116, 35.0648818 ], [ 136.9287038, 35.0658507 ], [ 136.92864130000001, 35.0659891 ] ] } },
{ "type": "Feature", "properties": { "lot_id": "L5", "segment_ids": "S64; S811", "n_segments": 2, "length_total_m": 1427.0660393543506, "duration_days": 11, "primary_corridor_id": "C1", "hard_disaster": true, "hard_metapath": false, "hard": true, "cost_k": 1427.0660393543506, "impact_weight_k": 0.0 }, "geometry": { "type": "MultiLineString", "coordinates": [ [ [ 136.89460170000001, 35.1775244 ], [ 136.895186200000012, 35.1775419 ], [ 136.8964561, 35.1775838 ], [ 136.898869, 35.1777416 ], [ 136.9002218, 35.1778499 ] ], [ [ 136.9002218, 35.1778499 ], [ 136.902430900000013, 35.177988 ], [ 136.904626, 35.1781057 ], [ 136.9058327, 35.1781651 ], [ 136.906721, 35.1781795 ], [ 136.9079534, 35.1782039 ], [ 136.909179099999989, 35.1782667 ], [ 136.9102667, 35.1783486 ] ] ] } },
{ "type": "Feature", "properties": { "lot_id": "L6", "segment_ids": "S68; S69; S70; S72; S997", "n_segments": 5, "length_total_m": 7179.7343780242245, "duration_days": 62, "primary_corridor_id": "1", "hard_disaster": true, "hard_metapath": false, "hard": true, "cost_k": 7179.7343780242245, "impact_weight_k": 0.0 }, "geometry": { "type": "MultiLineString", "coordinates": [ [ [ 136.912131, 35.1973453 ], [ 136.912104126622182, 35.197615423780412 ] ], [ [ 136.912104126622182, 35.197615423780412 ], [ 136.912081635517467, 35.197841498160493 ] ], [ [ 136.912081635517467, 35.197841498160493 ], [ 136.9117424, 35.2012514 ], [ 136.911126599999989, 35.2076335 ], [ 136.910499, 35.2142726 ], [ 136.9104448, 35.21494 ], [ 136.91033920000001, 35.2165641 ], [ 136.910313300000013, 35.217036 ], [ 136.9103266, 35.2172419 ], [ 136.9103628, 35.2174311 ], [ 136.9104714, 35.2178425 ], [ 136.9105298, 35.2181971 ], [ 136.9105552, 35.2184687 ], [ 136.910569900000013, 35.2187279 ], [ 136.9105721, 35.2189492 ], [ 136.9105615, 35.2193766 ], [ 136.9105396, 35.2197855 ], [ 136.9104977, 35.2203217 ], [ 136.910445, 35.2207416 ], [ 136.9103922, 35.2210599 ], [ 136.9103055, 35.221451 ], [ 136.910185500000011, 35.2218599 ], [ 136.9101353, 35.2220869 ] ], [ [ 136.9101353, 35.2220869 ], [ 136.9100791, 35.222323 ], [ 136.9100408, 35.2225152 ], [ 136.9100082, 35.222735 ], [ 136.909975300000013, 35.2231197 ], [ 136.909961399999986, 35.2235167 ], [ 136.909915114550671, 35.225063820814086 ] ], [ [ 136.909915114550671, 35.225063820814086 ], [ 136.9099029, 35.2254721 ], [ 136.9098855, 35.2271098 ] ], [ [ 136.9101353, 35.2220869 ], [ 136.9101509, 35.2222193 ], [ 136.9101057, 35.2225151 ], [ 136.9100487, 35.2234371 ], [ 136.9100171, 35.2247811 ], [ 136.909955200000013, 35.2250194 ], [ 136.909915114550671, 35.225063820814086 ] ], [ [ 136.909915114550671, 35.225063820814086 ], [ 136.9098951, 35.225086 ], [ 136.9098774, 35.225425 ], [ 136.9098536, 35.2254624 ] ], [ [ 136.9098855, 35.2271098 ], [ 136.9098549, 35.2276914 ], [ 136.9098203, 35.2282257 ], [ 136.909789499999988, 35.2283599 ], [ 136.9097467, 35.2284819 ], [ 136.9096716, 35.22858 ], [ 136.9095452, 35.2286811 ], [ 136.9093723, 35.2287442 ], [ 136.9090469, 35.2287737 ], [ 136.908345, 35.2287431 ], [ 136.9079298, 35.228754 ] ], [ [ 136.912117200000012, 35.1972235 ], [ 136.9121108, 35.197415 ], [ 136.912104126622182, 35.197615423780412 ] ], [ [ 136.912104126622182, 35.197615423780412 ], [ 136.9120988, 35.1977754 ], [ 136.912081635517467, 35.197841498160493 ] ], [ [ 136.912081635517467, 35.197841498160493 ], [ 136.91200090000001, 35.1981524 ], [ 136.9119459, 35.1985974 ], [ 136.9118661, 35.1993543 ], [ 136.9117913, 35.2001213 ], [ 136.9117273, 35.2007767 ], [ 136.9116368, 35.2016995 ], [ 136.9115335, 35.202872 ], [ 136.9114518, 35.203638 ], [ 136.911411500000014, 35.204141 ], [ 136.911290799999989, 35.2052221 ], [ 136.911224, 35.2057931 ], [ 136.9111821, 35.206223 ], [ 136.9111547, 35.206504 ], [ 136.9111284, 35.2067733 ], [ 136.9110943, 35.207123 ], [ 136.9110254, 35.2078503 ], [ 136.9109578, 35.2085493 ], [ 136.9108967, 35.2092324 ], [ 136.9108875, 35.2093347 ], [ 136.9108756, 35.2094712 ], [ 136.9108287, 35.2100075 ], [ 136.9107699, 35.2106813 ], [ 136.9107229, 35.2111533 ], [ 136.91071070000001, 35.2112757 ], [ 136.910667499999988, 35.2117301 ], [ 136.9105854, 35.2125703 ], [ 136.9105461, 35.2129987 ], [ 136.910512, 35.2133554 ], [ 136.910484, 35.2138529 ], [ 136.910449199999988, 35.214261 ], [ 136.910417, 35.2146445 ], [ 136.910387500000013, 35.2150193 ], [ 136.910358, 35.215394 ], [ 136.9103524, 35.2154583 ], [ 136.9103355, 35.215631 ], [ 136.9103244, 35.2157452 ], [ 136.9102264, 35.2178867 ], [ 136.9102231, 35.2179906 ], [ 136.9101262, 35.2195753 ], [ 136.910124, 35.2196288 ], [ 136.9101207, 35.2196838 ], [ 136.910045599999989, 35.2213384 ], [ 136.9100429, 35.2214332 ], [ 136.9100401, 35.2214773 ], [ 136.9099778, 35.2225664 ], [ 136.9099065, 35.2235464 ], [ 136.9099018, 35.2236722 ], [ 136.909885, 35.2241188 ], [ 136.9098803, 35.2246407 ], [ 136.90987770000001, 35.2247487 ], [ 136.9098536, 35.2254624 ] ] ] } },
{ "type": "Feature", "properties": { "lot_id": "L7", "segment_ids": "S84", "n_segments": 1, "length_total_m": 665.81946459715539, "duration_days": 7, "primary_corridor_id": "E1", "hard_disaster": true, "hard_metapath": false, "hard": true, "cost_k": 665.81946459715539, "impact_weight_k": 0.0 }, "geometry": { "type": "LineString", "coordinates": [ [ 137.0805444, 35.1325659 ], [ 137.0816347, 35.1321207 ], [ 137.082958600000012, 35.1315137 ], [ 137.0836023, 35.1312001 ], [ 137.084272, 35.130839 ], [ 137.0848364, 35.1304955 ], [ 137.0852904, 35.130178 ], [ 137.0856971, 35.1298681 ], [ 137.0860817, 35.1295569 ], [ 137.0865144, 35.1291757 ] ] } },
{ "type": "Feature", "properties": { "lot_id": "L8", "segment_ids": "S91", "n_segments": 1, "length_total_m": 896.53758562014764, "duration_days": 2, "primary_corridor_id": "segment_91", "hard_disaster": false, "hard_metapath": false, "hard": false, "cost_k": 896.53758562014764, "impact_weight_k": 0.0 }, "geometry": { "type": "LineString", "coordinates": [ [ 136.8186799, 35.2754967 ], [ 136.8187858, 35.2755248 ], [ 136.8217862, 35.2749398 ], [ 136.8231819, 35.2746855 ], [ 136.8235008, 35.2746274 ], [ 136.8240826, 35.2745214 ], [ 136.824876100000012, 35.2744067 ], [ 136.8251886, 35.2743764 ], [ 136.8254058, 35.2743678 ], [ 136.825599, 35.274377 ], [ 136.8257367, 35.2744001 ], [ 136.825901499999986, 35.2744307 ], [ 136.8262066, 35.2745437 ], [ 136.8265084, 35.2746815 ], [ 136.826755600000013, 35.2747931 ], [ 136.826942300000013, 35.2748598 ], [ 136.8270958, 35.2748827 ], [ 136.8272644, 35.2748827 ], [ 136.82742, 35.2748593 ], [ 136.8275683, 35.2748257 ], [ 136.827739900000012, 35.274755 ], [ 136.827867700000013, 35.2746529 ], [ 136.8279532, 35.2745671 ], [ 136.8280479, 35.2744464 ] ] } },
{ "type": "Feature", "properties": { "lot_id": "L9", "segment_ids": "S115", "n_segments": 1, "length_total_m": 150.17617111503176, "duration_days": 1, "primary_corridor_id": "68", "hard_disaster": false, "hard_metapath": false, "hard": false, "cost_k": 150.17617111503176, "impact_weight_k": 0.0 }, "geometry": { "type": "LineString", "coordinates": [ [ 136.88406950000001, 35.1709308 ], [ 136.884012899999988, 35.1710049 ], [ 136.8839662, 35.1710769 ], [ 136.883730500000013, 35.1715564 ], [ 136.8840835, 35.1716802 ], [ 136.8844751, 35.1715363 ] ] } },
{ "type": "Feature", "properties": { "lot_id": "L10", "segment_ids": "S116; S117; S500; S518; S810", "n_segments": 5, "length_total_m": 2388.1685311475121, "duration_days": 8, "primary_corridor_id": "22", "hard_disaster": true, "hard_metapath": false, "hard": true, "cost_k": 2388.1685311475121, "impact_weight_k": 0.0 }, "geometry": { "type": "MultiLineString", "coordinates": [ [ [ 136.897111200000012, 35.1730951 ], [ 136.8971239, 35.1729373 ] ], [ [ 136.897111200000012, 35.1730951 ], [ 136.8982029, 35.1731759 ], [ 136.899193, 35.1732428 ], [ 136.8993337, 35.1732523 ], [ 136.899463200000014, 35.1732613 ], [ 136.9000637, 35.1733032 ], [ 136.9004115, 35.1733275 ], [ 136.900529400000011, 35.1733363 ], [ 136.900647, 35.1733442 ], [ 136.9015329, 35.1734034 ], [ 136.9016987, 35.1734145 ], [ 136.9018656, 35.1734262 ], [ 136.9028868, 35.1734979 ], [ 136.9039468, 35.1735708 ], [ 136.904079599999989, 35.1735799 ], [ 136.9052586, 35.1736594 ], [ 136.9060178, 35.1737 ], [ 136.9062786, 35.1737139 ], [ 136.9064492, 35.1737246 ], [ 136.9067254, 35.1737466 ], [ 136.9075034, 35.1738086 ], [ 136.907715599999989, 35.1738255 ], [ 136.9078728, 35.1738344 ], [ 136.908593599999989, 35.173875 ], [ 136.908850699999988, 35.1738922 ], [ 136.9100517, 35.1739726 ], [ 136.910165799999987, 35.1739802 ], [ 136.910407, 35.1739965 ], [ 136.9105879, 35.1740089 ], [ 136.9115099, 35.1740718 ], [ 136.9116541, 35.1740816 ], [ 136.91303880000001, 35.174161 ], [ 136.9139179, 35.1742178 ], [ 136.914161799999988, 35.174232 ] ], [ [ 136.914161799999988, 35.174232 ], [ 136.9141525, 35.1743926 ], [ 136.914132, 35.1747456 ], [ 136.914109599999989, 35.1751324 ], [ 136.9140921, 35.1754337 ], [ 136.9140526, 35.1761131 ], [ 136.9140083, 35.1768755 ], [ 136.9140033, 35.1769621 ], [ 136.9139753, 35.1774441 ], [ 136.913932499999987, 35.1781816 ], [ 136.9139097, 35.1785746 ], [ 136.913902799999988, 35.1786933 ], [ 136.9138743, 35.1789213 ] ], [ [ 136.8968916, 35.1730792 ], [ 136.897111200000012, 35.1730951 ] ], [ [ 136.896829, 35.1755436 ], [ 136.8968904, 35.1750539 ], [ 136.8969037, 35.1749474 ], [ 136.896914900000013, 35.1748484 ], [ 136.897007300000013, 35.1740326 ], [ 136.897111200000012, 35.1730951 ] ] ] } },
{ "type": "Feature", "properties": { "lot_id": "L11", "segment_ids": "S119", "n_segments": 1, "length_total_m": 836.08985797616117, "duration_days": 2, "primary_corridor_id": "19", "hard_disaster": false, "hard_metapath": false, "hard": false, "cost_k": 836.08985797616117, "impact_weight_k": 0.0 }, "geometry": { "type": "LineString", "coordinates": [ [ 136.9228478, 35.1813618 ], [ 136.922656499999988, 35.1809152 ], [ 136.922516699999989, 35.1805956 ], [ 136.9223207, 35.1801731 ], [ 136.921989200000013, 35.1794529 ], [ 136.9219254, 35.1793142 ], [ 136.921728, 35.1788757 ], [ 136.921341899999987, 35.1780182 ], [ 136.921284899999989, 35.1778916 ], [ 136.9207333, 35.1766721 ], [ 136.920672599999989, 35.1765379 ], [ 136.9204988, 35.1761722 ], [ 136.9201785, 35.1754464 ], [ 136.919863099999986, 35.174755 ], [ 136.9197553, 35.1745635 ], [ 136.919630500000011, 35.1743186 ] ] } },
{ "type": "Feature", "properties": { "lot_id": "L12", "segment_ids": "S1160; S1161; S125", "n_segments": 3, "length_total_m": 2014.1167353017966, "duration_days": 5, "primary_corridor_id": "30", "hard_disaster": true, "hard_metapath": false, "hard": true, "cost_k": 2014.1167353017966, "impact_weight_k": 0.0 }, "geometry": { "type": "MultiLineString", "coordinates": [ [ [ 136.969399, 35.2142887 ], [ 136.9694178, 35.2143983 ] ], [ [ 136.969399, 35.2142887 ], [ 136.969133699999986, 35.2142338 ], [ 136.9689118, 35.2141879 ], [ 136.9685925, 35.2141218 ], [ 136.968265800000012, 35.2140543 ], [ 136.9675115, 35.2138824 ], [ 136.9674195, 35.2138614 ], [ 136.9670825, 35.21379 ], [ 136.9669126, 35.2137541 ], [ 136.96592960000001, 35.2135436 ], [ 136.9655366, 35.2134636 ], [ 136.965032400000013, 35.2133639 ], [ 136.9649672, 35.2133461 ], [ 136.9647114, 35.213287 ], [ 136.964504, 35.2132215 ], [ 136.9644366, 35.2131789 ], [ 136.9643256, 35.2131087 ], [ 136.9641728, 35.2129673 ], [ 136.9639487, 35.2126013 ], [ 136.9637919, 35.212312 ], [ 136.9636564, 35.2120688 ], [ 136.9635503, 35.2119233 ], [ 136.9633949, 35.2117225 ], [ 136.9633507, 35.2116694 ], [ 136.963266299999987, 35.2115679 ], [ 136.9631747, 35.2114679 ], [ 136.9628104, 35.2110699 ], [ 136.9625299, 35.210765 ], [ 136.9622626, 35.2104622 ], [ 136.9621454, 35.210334 ], [ 136.9616206, 35.2097601 ], [ 136.9612158, 35.2092992 ] ], [ [ 136.961068899999987, 35.2093199 ], [ 136.9614785, 35.2097677 ], [ 136.961894199999989, 35.2102116 ], [ 136.9620515, 35.2103857 ], [ 136.9621424, 35.2104863 ], [ 136.9624306, 35.2107945 ], [ 136.9624593, 35.2108264 ], [ 136.9630807, 35.2115169 ], [ 136.963166199999989, 35.2116119 ], [ 136.9632517, 35.2117213 ], [ 136.9634445, 35.2119681 ], [ 136.963634899999988, 35.2122376 ], [ 136.963741, 35.2124304 ], [ 136.964006399999988, 35.2129147 ], [ 136.96409220000001, 35.2130353 ], [ 136.96421380000001, 35.2131608 ], [ 136.9643745, 35.213262 ], [ 136.964503900000011, 35.2133224 ], [ 136.9646615, 35.2133705 ], [ 136.964681899999988, 35.2133748 ], [ 136.9654998, 35.2135458 ], [ 136.9663467, 35.2137255 ], [ 136.967054600000012, 35.2138788 ], [ 136.9671965, 35.2139095 ], [ 136.967482, 35.2139715 ], [ 136.9682707, 35.2141429 ], [ 136.9688616, 35.2142819 ], [ 136.9690958, 35.2143337 ], [ 136.9692837, 35.2143752 ], [ 136.9694178, 35.2143983 ] ] ] } },
{ "type": "Feature", "properties": { "lot_id": "L13", "segment_ids": "S130; S2308", "n_segments": 2, "length_total_m": 681.62839179768412, "duration_days": 2, "primary_corridor_id": "15", "hard_disaster": false, "hard_metapath": false, "hard": false, "cost_k": 681.62839179768412, "impact_weight_k": 0.0 }, "geometry": { "type": "MultiLineString", "coordinates": [ [ [ 136.9820608, 35.2178101 ], [ 136.98209, 35.217759 ], [ 136.982101699999987, 35.2177137 ], [ 136.9821048, 35.2177017 ], [ 136.9821087, 35.217645 ], [ 136.9820307, 35.2174171 ], [ 136.9819793, 35.2172687 ], [ 136.981887300000011, 35.2169961 ], [ 136.981806299999988, 35.2167472 ], [ 136.981719, 35.2164727 ], [ 136.981684800000011, 35.216365 ], [ 136.9816449, 35.2162396 ], [ 136.9816016, 35.2161097 ], [ 136.9815319, 35.2159009 ], [ 136.9814228, 35.2155716 ], [ 136.9812918, 35.2151711 ], [ 136.9811913, 35.2148775 ], [ 136.9811048, 35.2146152 ], [ 136.9810644, 35.2144793 ], [ 136.9810416, 35.2144025 ], [ 136.9810128, 35.2142987 ], [ 136.9810043, 35.2142707 ], [ 136.9809506, 35.2140945 ], [ 136.9809062, 35.2139669 ], [ 136.980852199999987, 35.2138382 ], [ 136.9808296, 35.2137867 ], [ 136.980792400000013, 35.2137185 ], [ 136.9807448, 35.213638 ], [ 136.9806776, 35.2135326 ], [ 136.980640200000011, 35.2134823 ], [ 136.9805145, 35.213348 ], [ 136.9803411, 35.2131628 ], [ 136.9801057, 35.2129159 ], [ 136.9800512, 35.2128587 ], [ 136.9799247, 35.2127353 ], [ 136.9798912, 35.2126987 ], [ 136.9797618, 35.212571 ], [ 136.9797015, 35.2125061 ], [ 136.9796116, 35.2124054 ] ], [ [ 136.9793824, 35.2125743 ], [ 136.9794772, 35.2125044 ], [ 136.9796116, 35.2124054 ] ] ] } },
{ "type": "Feature", "properties": { "lot_id": "L14", "segment_ids": "S135; S1901; S3089", "n_segments": 3, "length_total_m": 2204.6563458341188, "duration_days": 12, "primary_corridor_id": "1", "hard_disaster": true, "hard_metapath": false, "hard": true, "cost_k": 2204.6563458341188, "impact_weight_k": 0.0 }, "geometry": { "type": "MultiLineString", "coordinates": [ [ [ 137.050330300000013, 35.0080976 ], [ 137.0501366, 35.008268 ], [ 137.0500342, 35.008358 ], [ 137.04962470000001, 35.0087067 ], [ 137.0490313, 35.0091542 ], [ 137.0482915, 35.0096486 ], [ 137.0475224, 35.0100961 ], [ 137.046661699999987, 35.0105803 ], [ 137.046268700000013, 35.0107833 ], [ 137.0451364, 35.011368 ], [ 137.044990899999988, 35.0114431 ], [ 137.044846799999988, 35.0115225 ], [ 137.0439523, 35.0120151 ], [ 137.043418800000012, 35.0123183 ], [ 137.0428545, 35.012632 ] ], [ [ 137.0428545, 35.012632 ], [ 137.0429531, 35.0126912 ] ], [ [ 137.038953099999986, 35.0102103 ], [ 137.039008599999988, 35.0101094 ], [ 137.039149400000014, 35.0098538 ], [ 137.0393789, 35.0095325 ], [ 137.03985320000001, 35.0090129 ], [ 137.0399, 35.0089617 ], [ 137.040187, 35.0087146 ], [ 137.0407874, 35.0082627 ], [ 137.040910599999989, 35.0081559 ], [ 137.0413062, 35.0078495 ], [ 137.0417211, 35.0075291 ], [ 137.041826500000013, 35.0074815 ], [ 137.0421148, 35.0073731 ], [ 137.042511499999989, 35.0073141 ], [ 137.0432906, 35.0072457 ], [ 137.0435201, 35.0072337 ], [ 137.0442378, 35.0071958 ], [ 137.0448766, 35.0071633 ], [ 137.0451267, 35.0071472 ], [ 137.045496500000013, 35.0071315 ], [ 137.045631, 35.0071261 ], [ 137.045992899999987, 35.0070973 ], [ 137.0463792, 35.0070357 ], [ 137.0466626, 35.0069666 ], [ 137.046735, 35.0069468 ], [ 137.047078, 35.0068317 ], [ 137.0474951, 35.006657 ], [ 137.0475204, 35.0066469 ], [ 137.0477809, 35.0065427 ], [ 137.0479547, 35.0064712 ], [ 137.0489632, 35.0060547 ], [ 137.049155899999988, 35.0063409 ], [ 137.049216800000011, 35.0064247 ], [ 137.049416900000011, 35.0067185 ], [ 137.0496238, 35.0070325 ], [ 137.0497545, 35.0072337 ], [ 137.049778800000013, 35.0072667 ], [ 137.050117, 35.0077585 ], [ 137.0502411, 35.0079557 ], [ 137.050330300000013, 35.0080976 ] ] ] } },
{ "type": "Feature", "properties": { "lot_id": "L15", "segment_ids": "S142; S2621; S2730; S2731", "n_segments": 4, "length_total_m": 1483.9404642551963, "duration_days": 4, "primary_corridor_id": "55", "hard_disaster": true, "hard_metapath": false, "hard": true, "cost_k": 1483.9404642551963, "impact_weight_k": 0.0 }, "geometry": { "type": "MultiLineString", "coordinates": [ [ [ 136.8975213, 35.0758289 ], [ 136.897518600000012, 35.0757388 ] ], [ [ 136.897518600000012, 35.0757388 ], [ 136.8973612, 35.0757446 ] ], [ [ 136.8973653, 35.0758353 ], [ 136.8975213, 35.0758289 ] ], [ [ 136.8973653, 35.0758353 ], [ 136.8973718, 35.0759437 ], [ 136.8974887, 35.077916 ], [ 136.8976126, 35.0798461 ], [ 136.8976821, 35.0810673 ], [ 136.8978162, 35.0828143 ], [ 136.8978931, 35.0839842 ], [ 136.897952800000013, 35.0848941 ], [ 136.8980076, 35.0859751 ], [ 136.89809, 35.0871985 ], [ 136.8982086, 35.0886294 ], [ 136.8982239, 35.0888144 ] ] ] } },
{ "type": "Feature", "properties": { "lot_id": "L16", "segment_ids": "S149", "n_segments": 1, "length_total_m": 424.54692105392166, "duration_days": 5, "primary_corridor_id": "segment_149", "hard_disaster": true, "hard_metapath": false, "hard": true, "cost_k": 424.54692105392166, "impact_weight_k": 0.0 }, "geometry": { "type": "LineString", "coordinates": [ [ 137.0083366, 35.038812 ], [ 137.0081039, 35.0386797 ], [ 137.0078785, 35.0385871 ], [ 137.007372, 35.0383639 ], [ 137.0070787, 35.038248 ], [ 137.00693960000001, 35.0382013 ], [ 137.006765699999988, 35.0381504 ], [ 137.0065989, 35.0381206 ], [ 137.0064448, 35.0381063 ], [ 137.00631580000001, 35.0381 ], [ 137.0061954, 35.0380993 ], [ 137.0060776, 35.0381114 ], [ 137.0059473, 35.0381324 ], [ 137.00582510000001, 35.0381577 ], [ 137.0057151, 35.0381861 ], [ 137.0055902, 35.0382389 ], [ 137.005469799999986, 35.0382866 ], [ 137.0051205, 35.0384512 ], [ 137.0046255, 35.0386914 ], [ 137.0041192, 35.038907 ] ] } },
{ "type": "Feature", "properties": { "lot_id": "L17", "segment_ids": "S1584; S1585; S160; S647; S649", "n_segments": 5, "length_total_m": 7756.0770584475331, "duration_days": 34, "primary_corridor_id": "23", "hard_disaster": true, "hard_metapath": false, "hard": true, "cost_k": 7756.0770584475331, "impact_weight_k": 0.0 }, "geometry": { "type": "MultiLineString", "coordinates": [ [ [ 136.9437484, 35.0056438 ], [ 136.943863, 35.0056474 ] ], [ [ 136.9437484, 35.0056438 ], [ 136.943745299999989, 35.0059362 ], [ 136.9437412, 35.0063346 ], [ 136.943758, 35.0072447 ], [ 136.9437232, 35.0083921 ], [ 136.943718, 35.0085627 ], [ 136.943719499999986, 35.0088576 ], [ 136.943719499999986, 35.0088922 ], [ 136.9437132, 35.0094791 ], [ 136.943709500000011, 35.0101303 ], [ 136.943776899999989, 35.0102309 ], [ 136.9438332, 35.0101241 ], [ 136.943825299999986, 35.0094828 ], [ 136.9438192, 35.0092184 ], [ 136.94381340000001, 35.0089711 ], [ 136.9438254, 35.0086213 ], [ 136.9438265, 35.0085683 ], [ 136.94384980000001, 35.0073694 ], [ 136.943849, 35.0064091 ], [ 136.943850700000013, 35.0063184 ], [ 136.9438556, 35.0060537 ], [ 136.943863, 35.0056474 ] ], [ [ 136.9320329, 35.005323 ], [ 136.933206899999988, 35.005349 ], [ 136.9344173, 35.0053631 ], [ 136.9356309, 35.0053893 ], [ 136.9368479, 35.0054163 ], [ 136.9377247, 35.005436 ], [ 136.939776099999989, 35.0054873 ], [ 136.94103770000001, 35.0055506 ], [ 136.9416086, 35.0055693 ], [ 136.9419834, 35.0055815 ], [ 136.94294450000001, 35.0056155 ], [ 136.9437484, 35.0056438 ] ], [ [ 136.9429333, 35.0284353 ], [ 136.942835300000013, 35.028348 ], [ 136.942872099999988, 35.0282319 ], [ 136.942890299999988, 35.0281317 ], [ 136.94289, 35.0279956 ], [ 136.9428464, 35.0276392 ], [ 136.9428215, 35.0274361 ], [ 136.9427696, 35.0270124 ], [ 136.9427327, 35.0267442 ], [ 136.9427222, 35.0266651 ], [ 136.942668700000013, 35.026232 ], [ 136.9426784, 35.0261516 ], [ 136.9426996, 35.0260557 ], [ 136.9427245, 35.0259689 ], [ 136.942760099999987, 35.0258781 ], [ 136.9427947, 35.0257565 ], [ 136.9427963, 35.0256471 ], [ 136.942738100000014, 35.0254512 ], [ 136.9426973, 35.0253254 ], [ 136.942691599999989, 35.0253076 ], [ 136.9425228, 35.0247865 ], [ 136.942433, 35.0245493 ], [ 136.9423525, 35.0243867 ], [ 136.9421165, 35.024043 ], [ 136.9420601, 35.0239233 ], [ 136.9420427, 35.0237684 ], [ 136.942095, 35.023007 ], [ 136.942117, 35.022723 ], [ 136.942138, 35.022436 ], [ 136.9421537, 35.0222203 ], [ 136.9421844, 35.0216773 ], [ 136.942208, 35.021521 ], [ 136.942227, 35.021256 ], [ 136.942239699999988, 35.0212133 ], [ 136.942246, 35.021002 ], [ 136.9422452, 35.0206296 ], [ 136.9422506, 35.020467 ], [ 136.942276099999987, 35.0201156 ], [ 136.9422935, 35.0198981 ], [ 136.9423485, 35.0190557 ], [ 136.9423592, 35.0189657 ], [ 136.9423954, 35.0188569 ], [ 136.94248, 35.018698 ], [ 136.9425644, 35.0185736 ], [ 136.9428058, 35.0182737 ], [ 136.942882200000014, 35.0181804 ], [ 136.9431692, 35.0178311 ], [ 136.9432712, 35.0177136 ], [ 136.9433335, 35.017613 ], [ 136.943362400000012, 35.017519 ], [ 136.9433711, 35.0174192 ], [ 136.943358100000012, 35.0172088 ], [ 136.9433148, 35.017041 ], [ 136.943187099999989, 35.0167137 ], [ 136.9431056, 35.016605 ], [ 136.943070400000011, 35.0165726 ], [ 136.9429793, 35.0164886 ], [ 136.9426121, 35.0161489 ], [ 136.9422141, 35.0157933 ], [ 136.9421466, 35.015733 ], [ 136.942120100000011, 35.0157093 ], [ 136.9418871, 35.0154807 ], [ 136.9418777, 35.0154328 ], [ 136.941892200000012, 35.0153832 ], [ 136.9419076, 35.015375 ], [ 136.9419794, 35.0153365 ], [ 136.9423012, 35.0152248 ], [ 136.942678199999989, 35.015092 ], [ 136.942913, 35.0150033 ], [ 136.9430739, 35.014909 ], [ 136.9431626, 35.0148366 ], [ 136.9433218, 35.0146954 ], [ 136.9434478, 35.0145989 ], [ 136.9435559, 35.0145137 ], [ 136.9436881, 35.0144036 ], [ 136.9438106, 35.0142899 ], [ 136.943870800000013, 35.0141972 ], [ 136.943902400000013, 35.0140802 ], [ 136.943916699999988, 35.0139682 ], [ 136.943878899999987, 35.0138813 ], [ 136.943786100000011, 35.0137443 ], [ 136.943676900000014, 35.0136022 ], [ 136.943436100000014, 35.0133374 ], [ 136.943279, 35.0131351 ], [ 136.9431576, 35.0129755 ], [ 136.943051, 35.0127437 ], [ 136.9429936, 35.0125556 ], [ 136.942862100000013, 35.0121262 ], [ 136.9427776, 35.0118593 ], [ 136.9427267, 35.0116571 ], [ 136.9426583, 35.0112573 ], [ 136.942618, 35.0110607 ], [ 136.942517400000014, 35.010701 ], [ 136.942454, 35.0105355 ], [ 136.9423889, 35.0103902 ], [ 136.9422992, 35.0101805 ], [ 136.942047300000013, 35.0101519 ], [ 136.9416042, 35.0100687 ], [ 136.9413452, 35.0100108 ], [ 136.940893, 35.0099282 ], [ 136.9406076, 35.0099014 ], [ 136.940386499999988, 35.0098673 ], [ 136.9401913, 35.0098278 ], [ 136.9400292, 35.0097737 ], [ 136.9397583, 35.0096683 ], [ 136.939315599999986, 35.0094957 ], [ 136.9390156, 35.009357 ], [ 136.9389014, 35.0093067 ], [ 136.9383528, 35.0090647 ], [ 136.937878399999988, 35.0088767 ], [ 136.9377438, 35.0087888 ], [ 136.937636700000013, 35.0087287 ], [ 136.937451, 35.0085824 ], [ 136.937155100000012, 35.0083042 ], [ 136.936983700000013, 35.008132 ], [ 136.9366848, 35.0078621 ], [ 136.9364573, 35.0076941 ], [ 136.9363155, 35.0076031 ], [ 136.9361084, 35.0075212 ], [ 136.935963500000014, 35.0074727 ], [ 136.9358492, 35.0074652 ], [ 136.935591100000011, 35.007456 ], [ 136.9350208, 35.0074861 ], [ 136.934142400000013, 35.0075253 ], [ 136.9336063, 35.0075452 ], [ 136.93308540000001, 35.0075688 ], [ 136.933036499999986, 35.0074463 ], [ 136.9330029, 35.0072249 ], [ 136.932986699999987, 35.0071299 ], [ 136.9329617, 35.0070012 ], [ 136.93290970000001, 35.0067948 ], [ 136.932855600000011, 35.0066682 ], [ 136.9328041, 35.0065566 ], [ 136.9327123, 35.0063987 ], [ 136.932697, 35.0063765 ], [ 136.9325931, 35.0062063 ], [ 136.93258130000001, 35.0061912 ], [ 136.9320329, 35.005323 ] ], [ [ 136.9429333, 35.0284353 ], [ 136.9427221, 35.028706 ], [ 136.9425426, 35.0288263 ], [ 136.942327299999988, 35.0289149 ], [ 136.9420662, 35.0290056 ], [ 136.942165, 35.0293288 ], [ 136.9421286, 35.0293946 ], [ 136.9420721, 35.029448 ], [ 136.9420135, 35.0295038 ], [ 136.9417498, 35.0297678 ], [ 136.941636100000011, 35.0298689 ], [ 136.9416644, 35.0300943 ], [ 136.941672399999987, 35.0301577 ], [ 136.9416754, 35.0302268 ], [ 136.9416891, 35.0303636 ], [ 136.9416927, 35.0303999 ], [ 136.9416799, 35.0304576 ], [ 136.941656599999988, 35.0305015 ], [ 136.9416282, 35.030537 ], [ 136.94147670000001, 35.0307258 ], [ 136.9412878, 35.0309431 ], [ 136.9409346, 35.0313522 ], [ 136.9405138, 35.0318356 ], [ 136.9404543, 35.0319514 ], [ 136.9403762, 35.0320355 ], [ 136.940937, 35.0327067 ], [ 136.940948600000013, 35.0327281 ], [ 136.9409877, 35.0327812 ], [ 136.941335900000013, 35.0331893 ], [ 136.941381799999988, 35.033266 ], [ 136.9414013, 35.0333632 ], [ 136.9413946, 35.0334758 ], [ 136.941425, 35.0335527 ], [ 136.941223799999989, 35.0338857 ], [ 136.9410617, 35.034296 ], [ 136.9409824, 35.0345247 ], [ 136.940864, 35.0348287 ], [ 136.9408157, 35.0349416 ], [ 136.9406131, 35.0354592 ], [ 136.94059630000001, 35.0355022 ], [ 136.940544100000011, 35.0355878 ], [ 136.9404265, 35.0357808 ], [ 136.9398535, 35.0366255 ], [ 136.939607599999988, 35.0369844 ], [ 136.93978820000001, 35.0370699 ], [ 136.939862, 35.0371744 ], [ 136.9398961, 35.0373425 ], [ 136.9399259, 35.0375803 ], [ 136.9399709, 35.0380993 ], [ 136.9399918, 35.0389506 ], [ 136.9399808, 35.0394464 ], [ 136.9399536, 35.0397136 ], [ 136.939885299999986, 35.0399827 ], [ 136.9397912, 35.0402809 ], [ 136.9395996, 35.0407583 ], [ 136.9395695, 35.04084 ], [ 136.939459, 35.0410465 ], [ 136.9392521, 35.0412849 ], [ 136.9390723, 35.0415035 ], [ 136.9385811, 35.0419955 ], [ 136.938236, 35.0423189 ], [ 136.9381651, 35.0424014 ], [ 136.938136500000013, 35.0424347 ], [ 136.9378424, 35.0428434 ], [ 136.93769, 35.0431593 ], [ 136.937531400000012, 35.043547 ], [ 136.937379099999987, 35.0440302 ], [ 136.9373249, 35.0441992 ], [ 136.9372176, 35.0446202 ], [ 136.937166499999989, 35.0447317 ], [ 136.9370906, 35.0448369 ], [ 136.936808899999988, 35.0452547 ], [ 136.9367052, 35.0454096 ], [ 136.936590099999989, 35.0455543 ], [ 136.9364459, 35.0457543 ], [ 136.936310600000013, 35.0459283 ] ] ] } },
{ "type": "Feature", "properties": { "lot_id": "L18", "segment_ids": "S162", "n_segments": 1, "length_total_m": 121.13656300620109, "duration_days": 1, "primary_corridor_id": "155", "hard_disaster": false, "hard_metapath": false, "hard": false, "cost_k": 121.13656300620109, "impact_weight_k": 0.0 }, "geometry": { "type": "LineString", "coordinates": [ [ 137.0389184, 35.0103031 ], [ 137.0390461, 35.0103757 ], [ 137.039794199999989, 35.0108519 ], [ 137.0399672, 35.0109725 ] ] } },
{ "type": "Feature", "properties": { "lot_id": "L19", "segment_ids": "S163; S1775; S2438", "n_segments": 3, "length_total_m": 35.717419394161261, "duration_days": 1, "primary_corridor_id": "54", "hard_disaster": true, "hard_metapath": false, "hard": true, "cost_k": 35.717419394161261, "impact_weight_k": 0.0 }, "geometry": { "type": "MultiLineString", "coordinates": [ [ [ 137.0704365, 35.0963465 ], [ 137.0703704, 35.0962466 ] ], [ [ 137.0703704, 35.0962466 ], [ 137.07028170000001, 35.0963026 ] ], [ [ 137.07028170000001, 35.0963026 ], [ 137.0703446, 35.0964065 ] ] ] } },
{ "type": "Feature", "properties": { "lot_id": "L20", "segment_ids": "S181", "n_segments": 1, "length_total_m": 438.99438929848344, "duration_days": 1, "primary_corridor_id": "36", "hard_disaster": false, "hard_metapath": false, "hard": false, "cost_k": 438.99438929848344, "impact_weight_k": 0.0 }, "geometry": { "type": "LineString", "coordinates": [ [ 137.0674291, 35.1027393 ], [ 137.0671208, 35.1027552 ], [ 137.0665266, 35.1027832 ], [ 137.066395, 35.1027672 ], [ 137.0661872, 35.1027015 ], [ 137.0659427, 35.1026035 ], [ 137.065773, 35.1025002 ], [ 137.065388, 35.1022653 ], [ 137.0651101, 35.1020927 ], [ 137.064758899999987, 35.1018905 ], [ 137.0646769, 35.1018434 ], [ 137.0640257, 35.1014686 ], [ 137.0633143, 35.1009825 ] ] } },
{ "type": "Feature", "properties": { "lot_id": "L21", "segment_ids": "S186; S248; S686; S688", "n_segments": 4, "length_total_m": 1531.3789641624242, "duration_days": 4, "primary_corridor_id": "山王通", "hard_disaster": false, "hard_metapath": false, "hard": false, "cost_k": 1531.3789641624242, "impact_weight_k": 0.0 }, "geometry": { "type": "MultiLineString", "coordinates": [ [ [ 136.9335695, 35.1495122 ], [ 136.933364899999987, 35.149513 ], [ 136.932069, 35.1495161 ], [ 136.930997499999989, 35.1495196 ], [ 136.9299212, 35.1495197 ], [ 136.9297939, 35.1495197 ], [ 136.9296287, 35.1495195 ], [ 136.929153899999989, 35.1495189 ], [ 136.9284692, 35.1495178 ], [ 136.927362499999987, 35.1495238 ], [ 136.926753600000012, 35.1495294 ], [ 136.9265529, 35.1495312 ], [ 136.9264298, 35.1495404 ], [ 136.925909600000011, 35.1495795 ], [ 136.9250247, 35.149646 ], [ 136.9249069, 35.1496548 ], [ 136.924580600000013, 35.149674 ], [ 136.9233127, 35.1497488 ], [ 136.9223872, 35.1498262 ], [ 136.9217636, 35.1498804 ], [ 136.9211132, 35.1499424 ], [ 136.9204757, 35.1499927 ], [ 136.919828200000012, 35.1500464 ], [ 136.9185272, 35.1501362 ], [ 136.9181031, 35.1501607 ], [ 136.917518800000011, 35.1502041 ], [ 136.9173659, 35.1502155 ] ], [ [ 136.9173506, 35.1503711 ], [ 136.9173659, 35.1502155 ] ], [ [ 136.9171264, 35.150377 ], [ 136.9173506, 35.1503711 ] ], [ [ 136.9171413, 35.1502257 ], [ 136.9171264, 35.150377 ] ] ] } },
{ "type": "Feature", "properties": { "lot_id": "L22", "segment_ids": "S203; S204", "n_segments": 2, "length_total_m": 2859.8109943130712, "duration_days": 11, "primary_corridor_id": "3", "hard_disaster": true, "hard_metapath": false, "hard": true, "cost_k": 2859.8109943130712, "impact_weight_k": 0.0 }, "geometry": { "type": "MultiLineString", "coordinates": [ [ [ 136.916840400000012, 35.1535411 ], [ 136.9169372, 35.1532365 ], [ 136.9169968, 35.1529629 ], [ 136.917093599999987, 35.1520651 ], [ 136.91724450000001, 35.15057 ], [ 136.9173194, 35.1498882 ], [ 136.9173749, 35.1492803 ], [ 136.917733700000014, 35.1455866 ], [ 136.9178474, 35.1445153 ], [ 136.91798, 35.1435218 ], [ 136.9181147, 35.1421977 ], [ 136.9182516, 35.1408805 ], [ 136.9185043, 35.1383507 ], [ 136.9187406, 35.1360143 ], [ 136.9188011, 35.1354601 ], [ 136.9188968, 35.1346776 ], [ 136.9191085, 35.1332356 ] ], [ [ 136.916840400000012, 35.1535411 ], [ 136.916865, 35.1532283 ], [ 136.9169836, 35.1522213 ], [ 136.9169962, 35.1520529 ], [ 136.917056699999989, 35.151449 ], [ 136.9170724, 35.1512295 ], [ 136.9170685, 35.151149 ], [ 136.9170579, 35.1510638 ], [ 136.9170447, 35.151005 ], [ 136.917025, 35.150944 ], [ 136.917004100000014, 35.1508927 ], [ 136.916974, 35.1508309 ], [ 136.916942, 35.1507756 ], [ 136.916907400000014, 35.1507248 ], [ 136.916867, 35.150674 ], [ 136.9168152, 35.150619 ], [ 136.9167563, 35.1505679 ], [ 136.9166885, 35.1505201 ], [ 136.916604, 35.1504713 ], [ 136.91651920000001, 35.1504321 ], [ 136.9164199, 35.1503952 ], [ 136.9163223, 35.1503678 ], [ 136.9162144, 35.1503463 ], [ 136.9161159, 35.150331 ], [ 136.9160033, 35.1503193 ], [ 136.915578, 35.1502988 ], [ 136.915008, 35.1502874 ], [ 136.914455, 35.1502573 ], [ 136.9140559, 35.1502149 ] ] ] } },
{ "type": "Feature", "properties": { "lot_id": "L23", "segment_ids": "S206", "n_segments": 1, "length_total_m": 1622.9739328847165, "duration_days": 4, "primary_corridor_id": "16", "hard_disaster": false, "hard_metapath": false, "hard": false, "cost_k": 1622.9739328847165, "impact_weight_k": 0.0 }, "geometry": { "type": "LineString", "coordinates": [ [ 136.839565, 35.2644645 ], [ 136.8398922, 35.2641107 ], [ 136.840222899999986, 35.2637201 ], [ 136.840544099999988, 35.2632917 ], [ 136.8407628, 35.2629591 ], [ 136.840975500000013, 35.2626085 ], [ 136.841225900000012, 35.2621511 ], [ 136.8414751, 35.2615837 ], [ 136.8416556, 35.2610959 ], [ 136.841846800000013, 35.2604036 ], [ 136.8420202, 35.2596537 ], [ 136.842266099999989, 35.2585563 ], [ 136.8426593, 35.2569453 ], [ 136.8430129, 35.2554457 ], [ 136.8434546, 35.2535606 ], [ 136.8440706, 35.2509387 ], [ 136.844173, 35.2505008 ] ] } },
{ "type": "Feature", "properties": { "lot_id": "L24", "segment_ids": "S210", "n_segments": 1, "length_total_m": 220.09024204592382, "duration_days": 1, "primary_corridor_id": "segment_210", "hard_disaster": false, "hard_metapath": false, "hard": false, "cost_k": 220.09024204592382, "impact_weight_k": 0.0 }, "geometry": { "type": "LineString", "coordinates": [ [ 136.853429799999986, 35.2255026 ], [ 136.853591, 35.2252719 ], [ 136.854069399999986, 35.2243229 ], [ 136.8542234, 35.2239673 ], [ 136.8543712, 35.2236816 ] ] } },
{ "type": "Feature", "properties": { "lot_id": "L25", "segment_ids": "S223; S794", "n_segments": 2, "length_total_m": 1568.7516562001281, "duration_days": 16, "primary_corridor_id": "空港線", "hard_disaster": true, "hard_metapath": false, "hard": true, "cost_k": 1568.7516562001281, "impact_weight_k": 0.0 }, "geometry": { "type": "MultiLineString", "coordinates": [ [ [ 136.9218396, 35.115062 ], [ 136.921826399999986, 35.1151711 ] ], [ [ 136.907383399999986, 35.1221295 ], [ 136.90820260000001, 35.1217893 ], [ 136.9089103, 35.1214953 ], [ 136.9095395, 35.121234 ], [ 136.910001, 35.1210423 ], [ 136.910188299999987, 35.1209646 ], [ 136.9104233, 35.120867 ], [ 136.910517700000014, 35.1208248 ], [ 136.9107544, 35.1207214 ], [ 136.9108746, 35.120662 ], [ 136.9112134, 35.120514 ], [ 136.9113511, 35.1204469 ], [ 136.9115241, 35.1203601 ], [ 136.9116649, 35.1202641 ], [ 136.91183190000001, 35.1201303 ], [ 136.9120737, 35.1198593 ], [ 136.9121491, 35.1197586 ], [ 136.912642299999987, 35.1192032 ], [ 136.9129962, 35.118795 ], [ 136.9132055, 35.1185588 ], [ 136.913431300000013, 35.1183299 ], [ 136.9135456, 35.1182242 ], [ 136.9136679, 35.1181273 ], [ 136.9136952, 35.1181046 ], [ 136.9137533, 35.118067 ], [ 136.91401350000001, 35.1178988 ], [ 136.9141433, 35.117823 ], [ 136.9145148, 35.1176311 ], [ 136.9148478, 35.1174995 ], [ 136.917234900000011, 35.1168027 ], [ 136.918117099999989, 35.1165447 ], [ 136.9185124, 35.1164323 ], [ 136.9188331, 35.1163228 ], [ 136.919581599999987, 35.1160189 ], [ 136.9201155, 35.1158143 ], [ 136.9202261, 35.1157719 ], [ 136.920498, 35.1156677 ], [ 136.9211235, 35.1154239 ], [ 136.921826399999986, 35.1151711 ] ] ] } },
{ "type": "Feature", "properties": { "lot_id": "L26", "segment_ids": "S226; S784; S795; S796; S956", "n_segments": 5, "length_total_m": 2007.4820212243735, "duration_days": 10, "primary_corridor_id": "1", "hard_disaster": true, "hard_metapath": false, "hard": true, "cost_k": 2007.4820212243735, "impact_weight_k": 0.0 }, "geometry": { "type": "MultiLineString", "coordinates": [ [ [ 136.9073835, 35.1219304 ], [ 136.9071639, 35.1220226 ] ], [ [ 136.901081299999987, 35.1239625 ], [ 136.900997, 35.1238034 ], [ 136.9009671, 35.123747 ], [ 136.900528799999989, 35.1228728 ], [ 136.9002678, 35.1223522 ], [ 136.899574, 35.1209685 ], [ 136.8995198, 35.1208563 ], [ 136.8991996, 35.1201931 ], [ 136.8989301, 35.1196848 ], [ 136.898857, 35.1195469 ], [ 136.8983579, 35.1186053 ], [ 136.8975477, 35.1170753 ], [ 136.897387900000012, 35.1167546 ], [ 136.8973349, 35.1166483 ], [ 136.8967615, 35.1155723 ], [ 136.8964643, 35.1150073 ], [ 136.8961123, 35.1143203 ], [ 136.8958658, 35.1139184 ], [ 136.895656, 35.113654 ], [ 136.8953275, 35.1132402 ] ], [ [ 136.9071639, 35.1220226 ], [ 136.9071638, 35.1222228 ] ], [ [ 136.9071639, 35.1220226 ], [ 136.9063549, 35.1223607 ], [ 136.9053897, 35.1227642 ], [ 136.9052194, 35.1228354 ], [ 136.904827399999988, 35.1229991 ], [ 136.9039621, 35.1233609 ], [ 136.9034254, 35.1235852 ], [ 136.903082899999987, 35.1237284 ], [ 136.9029912, 35.1237663 ], [ 136.902770800000013, 35.1238576 ], [ 136.9025882, 35.1238952 ], [ 136.9024439, 35.1239072 ], [ 136.902111, 35.1239368 ], [ 136.901471500000014, 35.1239446 ], [ 136.901081299999987, 35.1239625 ] ], [ [ 136.9071638, 35.1222228 ], [ 136.9071638, 35.1227277 ] ] ] } },
{ "type": "Feature", "properties": { "lot_id": "L27", "segment_ids": "S228", "n_segments": 1, "length_total_m": 724.01347095559061, "duration_days": 2, "primary_corridor_id": "22", "hard_disaster": false, "hard_metapath": false, "hard": false, "cost_k": 724.01347095559061, "impact_weight_k": 0.0 }, "geometry": { "type": "LineString", "coordinates": [ [ 136.8826568, 35.1970625 ], [ 136.882600700000012, 35.1970973 ], [ 136.8824961, 35.1971624 ], [ 136.8821747, 35.1973622 ], [ 136.88205640000001, 35.1974446 ], [ 136.8819302, 35.1975565 ], [ 136.8818397, 35.1976538 ], [ 136.8817646, 35.1977646 ], [ 136.8817334, 35.1978265 ], [ 136.8816936, 35.1979056 ], [ 136.8816476, 35.198072 ], [ 136.8815107, 35.1988077 ], [ 136.8814621, 35.1991134 ], [ 136.8813165, 35.2000294 ], [ 136.881263499999989, 35.200693 ], [ 136.881291800000014, 35.2013944 ], [ 136.881352099999987, 35.2018113 ], [ 136.8813824, 35.2023592 ], [ 136.8813977, 35.2027479 ], [ 136.8813715, 35.2028201 ], [ 136.881346900000011, 35.2028734 ], [ 136.881315, 35.2029184 ], [ 136.8812697, 35.2029655 ], [ 136.8812072, 35.2030125 ], [ 136.8811347, 35.2030502 ], [ 136.881050499999986, 35.2030933 ] ] } },
{ "type": "Feature", "properties": { "lot_id": "L28", "segment_ids": "S238", "n_segments": 1, "length_total_m": 1325.845149399735, "duration_days": 14, "primary_corridor_id": "名古屋瀬戸道路", "hard_disaster": true, "hard_metapath": false, "hard": true, "cost_k": 1325.845149399735, "impact_weight_k": 0.0 }, "geometry": { "type": "LineString", "coordinates": [ [ 137.0743797, 35.1730567 ], [ 137.0741133, 35.1729314 ], [ 137.0739314, 35.1728367 ], [ 137.0737567, 35.1727548 ], [ 137.0735799, 35.1726739 ], [ 137.073393900000013, 35.1725974 ], [ 137.073245899999989, 35.172542 ], [ 137.073092699999989, 35.1724876 ], [ 137.0729193, 35.172435 ], [ 137.072735599999987, 35.1723853 ], [ 137.0725713, 35.172344 ], [ 137.072396700000013, 35.1723089 ], [ 137.0722357, 35.172282 ], [ 137.0720638, 35.172261 ], [ 137.0718975, 35.1722456 ], [ 137.0717295, 35.1722341 ], [ 137.071549299999987, 35.1722272 ], [ 137.0713733, 35.1722233 ], [ 137.0705003, 35.1722161 ], [ 137.06916720000001, 35.1722052 ], [ 137.06898240000001, 35.172207 ], [ 137.0688072, 35.172208 ], [ 137.0686542, 35.1722101 ], [ 137.0684841, 35.1722156 ], [ 137.0683007, 35.172224 ], [ 137.068105800000012, 35.172228 ], [ 137.0678962, 35.1722292 ], [ 137.0676485, 35.1722242 ], [ 137.0673625, 35.1722129 ], [ 137.0670807, 35.1721982 ], [ 137.0668364, 35.1721809 ], [ 137.06657340000001, 35.1721571 ], [ 137.0664002, 35.1721405 ], [ 137.0661776, 35.1721165 ], [ 137.0659511, 35.1720912 ], [ 137.065679, 35.1720546 ], [ 137.0654054, 35.1720187 ], [ 137.065120799999988, 35.1719773 ], [ 137.064828299999988, 35.1719258 ], [ 137.0645619, 35.1718747 ], [ 137.06429270000001, 35.1718205 ], [ 137.0639381, 35.1717483 ], [ 137.0636613, 35.1716841 ], [ 137.0633212, 35.1715949 ], [ 137.0630545, 35.1715218 ], [ 137.0626685, 35.1714076 ], [ 137.0623338, 35.1713057 ], [ 137.0620401, 35.1712096 ], [ 137.0618355, 35.1711382 ], [ 137.0617163, 35.1710936 ], [ 137.0615972, 35.1710402 ], [ 137.061523, 35.1710019 ], [ 137.0614338, 35.1709492 ], [ 137.061118099999987, 35.1707437 ], [ 137.0604916, 35.1703764 ] ] } },
{ "type": "Feature", "properties": { "lot_id": "L29", "segment_ids": "S1842; S244", "n_segments": 2, "length_total_m": 5773.7828548822617, "duration_days": 12, "primary_corridor_id": "57", "hard_disaster": false, "hard_metapath": false, "hard": false, "cost_k": 5773.7828548822617, "impact_weight_k": 0.0 }, "geometry": { "type": "MultiLineString", "coordinates": [ [ [ 137.0624885, 35.1868342 ], [ 137.062649, 35.1870559 ] ], [ [ 137.062649, 35.1870559 ], [ 137.06288760000001, 35.1874486 ] ], [ [ 137.06288760000001, 35.1874486 ], [ 137.062959400000011, 35.1875566 ] ], [ [ 137.062959400000011, 35.1875566 ], [ 137.0631519, 35.1878893 ] ], [ [ 137.0631519, 35.1878893 ], [ 137.0636289, 35.1887141 ] ], [ [ 137.0636289, 35.1887141 ], [ 137.0636718, 35.1887632 ] ], [ [ 137.0636718, 35.1887632 ], [ 137.0638606, 35.1889525 ] ], [ [ 137.0638606, 35.1889525 ], [ 137.064770399999986, 35.1895488 ] ], [ [ 137.064770399999986, 35.1895488 ], [ 137.064907799999986, 35.189675 ] ], [ [ 137.064907799999986, 35.189675 ], [ 137.06503810000001, 35.1898106 ] ], [ [ 137.06503810000001, 35.1898106 ], [ 137.065066699999988, 35.1898753 ] ], [ [ 137.065066699999988, 35.1898753 ], [ 137.065119399999986, 35.18998 ] ], [ [ 137.065119399999986, 35.18998 ], [ 137.0651463, 35.1900506 ] ], [ [ 137.0651463, 35.1900506 ], [ 137.0654003, 35.1906189 ] ], [ [ 137.0654003, 35.1906189 ], [ 137.0654623, 35.1907751 ] ], [ [ 137.0654623, 35.1907751 ], [ 137.065533, 35.1909244 ] ], [ [ 137.065533, 35.1909244 ], [ 137.0655633, 35.1910078 ] ], [ [ 137.0655633, 35.1910078 ], [ 137.065572800000012, 35.1911336 ] ], [ [ 137.065572800000012, 35.1911336 ], [ 137.0655636, 35.1912287 ] ], [ [ 137.0655636, 35.1912287 ], [ 137.0655429, 35.1913655 ] ], [ [ 137.0655429, 35.1913655 ], [ 137.065491400000013, 35.191611 ] ], [ [ 137.065491400000013, 35.191611 ], [ 137.0654313, 35.1919056 ] ], [ [ 137.0654313, 35.1919056 ], [ 137.065371199999987, 35.1921862 ] ], [ [ 137.065371199999987, 35.1921862 ], [ 137.0653455, 35.1923125 ] ], [ [ 137.0653455, 35.1923125 ], [ 137.0653197, 35.1925509 ] ], [ [ 137.0653197, 35.1925509 ], [ 137.0653455, 35.1928385 ] ], [ [ 137.0653455, 35.1928385 ], [ 137.0653682, 35.1929513 ] ], [ [ 137.0653682, 35.1929513 ], [ 137.0654194, 35.193301 ] ], [ [ 137.0654194, 35.193301 ], [ 137.0654399, 35.1934768 ] ], [ [ 137.0654399, 35.1934768 ], [ 137.065491400000013, 35.1937854 ] ], [ [ 137.065491400000013, 35.1937854 ], [ 137.0655515, 35.1940169 ] ], [ [ 137.0655515, 35.1940169 ], [ 137.065566, 35.1940835 ] ], [ [ 137.065566, 35.1940835 ], [ 137.0655989, 35.1941563 ] ], [ [ 137.0655989, 35.1941563 ], [ 137.0657947, 35.1945794 ] ], [ [ 137.0657947, 35.1945794 ], [ 137.0665947, 35.1961716 ] ], [ [ 137.0665947, 35.1961716 ], [ 137.0666252, 35.1962186 ] ], [ [ 137.0666252, 35.1962186 ], [ 137.0666818, 35.1963392 ] ], [ [ 137.0666818, 35.1963392 ], [ 137.066708299999988, 35.1964003 ] ], [ [ 137.066708299999988, 35.1964003 ], [ 137.0668277, 35.1966759 ] ], [ [ 137.0668277, 35.1966759 ], [ 137.0668632, 35.1968294 ] ], [ [ 137.0668632, 35.1968294 ], [ 137.0668647, 35.197061 ] ], [ [ 137.0668647, 35.197061 ], [ 137.0668475, 35.1971942 ] ], [ [ 137.0668475, 35.1971942 ], [ 137.066821800000014, 35.1973275 ] ], [ [ 137.066821800000014, 35.1973275 ], [ 137.066804600000012, 35.1973976 ] ], [ [ 137.066804600000012, 35.1973976 ], [ 137.0667703, 35.1975239 ] ], [ [ 137.0667703, 35.1975239 ], [ 137.0667531, 35.1976151 ] ], [ [ 137.0667531, 35.1976151 ], [ 137.066736, 35.1977553 ] ], [ [ 137.066736, 35.1977553 ], [ 137.0667274, 35.1978886 ] ], [ [ 137.0667274, 35.1978886 ], [ 137.066736, 35.1980429 ] ], [ [ 137.066736, 35.1980429 ], [ 137.066830399999986, 35.1982814 ] ], [ [ 137.066830399999986, 35.1982814 ], [ 137.0673282, 35.1989266 ] ], [ [ 137.0673282, 35.1989266 ], [ 137.0676887, 35.1992984 ] ], [ [ 137.0676887, 35.1992984 ], [ 137.06817190000001, 35.199709 ] ], [ [ 137.06817190000001, 35.199709 ], [ 137.068537099999986, 35.2000171 ] ], [ [ 137.068537099999986, 35.2000171 ], [ 137.0694358, 35.2007665 ] ], [ [ 137.0694358, 35.2007665 ], [ 137.0697446, 35.2010264 ] ], [ [ 137.0697446, 35.2010264 ], [ 137.0699377, 35.2011659 ] ], [ [ 137.0699377, 35.2011659 ], [ 137.070105899999987, 35.2012593 ] ], [ [ 137.070105899999987, 35.2012593 ], [ 137.0702662, 35.2013517 ] ], [ [ 137.0702662, 35.2013517 ], [ 137.0709889, 35.2017146 ] ], [ [ 137.0709889, 35.2017146 ], [ 137.0716169, 35.2020216 ] ], [ [ 137.0716169, 35.2020216 ], [ 137.0719249, 35.2021784 ] ], [ [ 137.0719249, 35.2021784 ], [ 137.072109, 35.2022721 ] ], [ [ 137.072109, 35.2022721 ], [ 137.072190799999987, 35.202308 ] ], [ [ 137.072190799999987, 35.202308 ], [ 137.072718400000014, 35.2025737 ] ], [ [ 137.072718400000014, 35.2025737 ], [ 137.0730273, 35.202749 ] ], [ [ 137.0730273, 35.202749 ], [ 137.0731496, 35.2028342 ] ], [ [ 137.0731496, 35.2028342 ], [ 137.0732505, 35.2029244 ] ], [ [ 137.0732505, 35.2029244 ], [ 137.073778800000014, 35.2034386 ] ], [ [ 137.073778800000014, 35.2034386 ], [ 137.0745739, 35.2042264 ] ], [ [ 137.0745739, 35.2042264 ], [ 137.0752814, 35.2049178 ] ], [ [ 137.0752814, 35.2049178 ], [ 137.0753947, 35.205009 ] ], [ [ 137.0753947, 35.205009 ], [ 137.0758265, 35.2054415 ] ], [ [ 137.0758265, 35.2054415 ], [ 137.0758769, 35.2054972 ] ], [ [ 137.0758769, 35.2054972 ], [ 137.0763816, 35.2059887 ] ], [ [ 137.0763816, 35.2059887 ], [ 137.0764448, 35.2060507 ] ], [ [ 137.0764448, 35.2060507 ], [ 137.076772299999988, 35.2063723 ] ], [ [ 137.076772299999988, 35.2063723 ], [ 137.0769546, 35.2065583 ] ], [ [ 137.0769546, 35.2065583 ], [ 137.07700890000001, 35.2066273 ] ], [ [ 137.07700890000001, 35.2066273 ], [ 137.0772383, 35.2069296 ] ], [ [ 137.0772383, 35.2069296 ], [ 137.077366899999987, 35.2071006 ] ], [ [ 137.077366899999987, 35.2071006 ], [ 137.0774563, 35.2072282 ] ], [ [ 137.0774563, 35.2072282 ], [ 137.0779675, 35.2079772 ] ] ] } },
{ "type": "Feature", "properties": { "lot_id": "L30", "segment_ids": "S252; S2704", "n_segments": 2, "length_total_m": 1317.7207215614328, "duration_days": 3, "primary_corridor_id": "153", "hard_disaster": false, "hard_metapath": false, "hard": false, "cost_k": 1317.7207215614328, "impact_weight_k": 0.0 }, "geometry": { "type": "MultiLineString", "coordinates": [ [ [ 136.9493118, 35.1516674 ], [ 136.949236899999988, 35.1517123 ] ], [ [ 136.949236899999988, 35.1517123 ], [ 136.9484014, 35.1522476 ], [ 136.947767, 35.1526471 ], [ 136.947732, 35.1526692 ], [ 136.947595400000012, 35.1527504 ], [ 136.9475754, 35.1527621 ], [ 136.9473437, 35.1529058 ], [ 136.9468132, 35.1532337 ], [ 136.946443, 35.1534625 ], [ 136.9459421, 35.1537684 ], [ 136.9457698, 35.1538671 ], [ 136.945397500000013, 35.1541058 ], [ 136.945281099999988, 35.1541772 ], [ 136.9447324, 35.1545189 ], [ 136.9445909, 35.1546052 ], [ 136.944104, 35.154902 ], [ 136.9439682, 35.1549862 ], [ 136.9437089, 35.1551448 ], [ 136.9433491, 35.1553649 ], [ 136.9432333, 35.1554358 ], [ 136.942565699999989, 35.1558449 ], [ 136.9419461, 35.1562336 ], [ 136.9415964, 35.1564435 ], [ 136.9414419, 35.1565378 ], [ 136.9402293, 35.1572843 ], [ 136.9401645, 35.1573263 ], [ 136.9394528, 35.157779 ], [ 136.9392977, 35.1579125 ], [ 136.93905860000001, 35.1581309 ], [ 136.938967, 35.1582218 ], [ 136.9387635, 35.1584845 ], [ 136.938454400000012, 35.1589275 ], [ 136.9383517, 35.1590919 ], [ 136.9382754, 35.1592102 ] ] ] } },
{ "type": "Feature", "properties": { "lot_id": "L31", "segment_ids": "S262; S263", "n_segments": 2, "length_total_m": 795.08108875176288, "duration_days": 2, "primary_corridor_id": "23", "hard_disaster": false, "hard_metapath": false, "hard": false, "cost_k": 795.08108875176288, "impact_weight_k": 0.0 }, "geometry": { "type": "MultiLineString", "coordinates": [ [ [ 136.9366358, 35.0488553 ], [ 136.937265599999989, 35.0496835 ], [ 136.9379529, 35.0506364 ], [ 136.938078600000011, 35.0508231 ], [ 136.938183, 35.0510169 ], [ 136.9382578, 35.0512226 ], [ 136.938302, 35.0513653 ], [ 136.938330799999989, 35.0514582 ], [ 136.938378, 35.0516722 ], [ 136.9384308, 35.0522463 ], [ 136.9384609, 35.0525744 ], [ 136.9385074, 35.0530751 ], [ 136.9385083, 35.0530973 ], [ 136.938508899999988, 35.0531112 ], [ 136.9385186, 35.0532036 ], [ 136.938532900000013, 35.0535668 ], [ 136.93857890000001, 35.0537398 ], [ 136.938647300000014, 35.0538683 ] ], [ [ 136.9366358, 35.0488553 ], [ 136.9364744, 35.0485401 ], [ 136.93636810000001, 35.0483639 ], [ 136.936271299999987, 35.0482036 ], [ 136.936171300000012, 35.0479763 ], [ 136.936122899999987, 35.0478078 ], [ 136.9360795, 35.047627 ], [ 136.9360787, 35.047381 ], [ 136.936072200000012, 35.0471915 ] ] ] } },
{ "type": "Feature", "properties": { "lot_id": "L32", "segment_ids": "S268; S269; S2825", "n_segments": 3, "length_total_m": 6213.2975993935615, "duration_days": 14, "primary_corridor_id": "247", "hard_disaster": true, "hard_metapath": false, "hard": true, "cost_k": 6213.2975993935615, "impact_weight_k": 0.0 }, "geometry": { "type": "MultiLineString", "coordinates": [ [ [ 136.9124538, 35.0625945 ], [ 136.9124089, 35.0625541 ], [ 136.9123371, 35.0624763 ], [ 136.9127349, 35.0614359 ], [ 136.912979299999989, 35.0608463 ], [ 136.9130203, 35.0607473 ], [ 136.9130529, 35.0606663 ], [ 136.913411200000013, 35.0597747 ], [ 136.9136619, 35.0591978 ], [ 136.9137025, 35.0591043 ], [ 136.913886, 35.0586819 ], [ 136.913647, 35.0583876 ], [ 136.9135124, 35.0582246 ], [ 136.9134673, 35.0581747 ], [ 136.91292150000001, 35.0575716 ], [ 136.912895600000013, 35.0575468 ], [ 136.9128207, 35.0574745 ], [ 136.912801, 35.0574556 ], [ 136.9123323, 35.0569367 ], [ 136.9119695, 35.0565275 ], [ 136.9119254, 35.0564747 ], [ 136.911682500000012, 35.0561821 ], [ 136.9116041, 35.0560901 ], [ 136.9111115, 35.0554672 ], [ 136.910318499999988, 35.0543793 ], [ 136.910124200000013, 35.0541352 ], [ 136.9098871, 35.0537051 ], [ 136.909869500000013, 35.0536613 ], [ 136.909710100000012, 35.0532842 ], [ 136.9095322, 35.0528606 ], [ 136.909293600000012, 35.0524277 ], [ 136.90884890000001, 35.0517803 ], [ 136.9087448, 35.0516115 ], [ 136.9080432, 35.0504779 ], [ 136.906954, 35.0488081 ], [ 136.906465, 35.048119 ], [ 136.906284699999986, 35.0479697 ], [ 136.9059796, 35.0477351 ], [ 136.905705899999987, 35.0475574 ], [ 136.905451199999987, 35.0473975 ], [ 136.9051958, 35.0471917 ], [ 136.9047224, 35.0467758 ], [ 136.9044983, 35.0465789 ], [ 136.9042923, 35.0463568 ], [ 136.9041871, 35.0462156 ], [ 136.9040944, 35.0460913 ], [ 136.9039374, 35.0458158 ], [ 136.903672199999988, 35.0451044 ], [ 136.9034397, 35.0442344 ], [ 136.9033126, 35.043197 ], [ 136.9032437, 35.0421443 ], [ 136.9032402, 35.0420908 ], [ 136.9031622, 35.0412917 ], [ 136.903135, 35.0410699 ], [ 136.9030583, 35.0404503 ], [ 136.902991, 35.0401681 ], [ 136.9029033, 35.0399593 ], [ 136.9024456, 35.0390435 ], [ 136.901344, 35.0371759 ], [ 136.900704499999989, 35.0360966 ], [ 136.9003557, 35.0355238 ], [ 136.8998805, 35.0348457 ], [ 136.8993726, 35.0341159 ], [ 136.8990401, 35.0336917 ], [ 136.8986893, 35.0332407 ], [ 136.898099800000011, 35.0325844 ], [ 136.8976736, 35.0320884 ], [ 136.8976161, 35.0319864 ], [ 136.8975634, 35.0318929 ], [ 136.897284, 35.0312282 ], [ 136.8970637, 35.0307673 ], [ 136.896841599999988, 35.030349 ], [ 136.8966576, 35.0299677 ], [ 136.896553, 35.0297279 ], [ 136.8965054, 35.0296103 ], [ 136.8964549, 35.0294797 ], [ 136.896428899999989, 35.0293976 ], [ 136.8963928, 35.0292056 ], [ 136.896312, 35.0288246 ], [ 136.8962812, 35.0286566 ], [ 136.896212, 35.0284109 ], [ 136.896185300000013, 35.0283146 ], [ 136.8961622, 35.0281663 ], [ 136.8961564, 35.0280966 ], [ 136.89616, 35.0280304 ], [ 136.8961788, 35.0279436 ], [ 136.896204, 35.0278816 ], [ 136.896256, 35.0277841 ], [ 136.8963087, 35.0277031 ], [ 136.89640030000001, 35.0276175 ], [ 136.8964904, 35.0275366 ], [ 136.8965265, 35.027481 ], [ 136.8965806, 35.0273463 ], [ 136.896592199999986, 35.0272784 ], [ 136.8965842, 35.0271029 ], [ 136.8965648, 35.0270386 ], [ 136.8965265, 35.0269623 ], [ 136.8964666, 35.0268726 ], [ 136.896344699999986, 35.0266944 ], [ 136.8961368, 35.0267888 ], [ 136.8959341, 35.0268727 ], [ 136.8958705, 35.0268934 ], [ 136.895778299999989, 35.0269235 ], [ 136.8956902, 35.0269471 ], [ 136.8956063, 35.0269633 ], [ 136.8953894, 35.027005 ], [ 136.8951817, 35.0270339 ], [ 136.8951696, 35.0269046 ], [ 136.89513070000001, 35.026738 ], [ 136.8950412, 35.0265697 ], [ 136.894914199999988, 35.0263883 ], [ 136.894801699999988, 35.0262471 ], [ 136.894581, 35.0259933 ], [ 136.8945362, 35.0259417 ], [ 136.894391899999988, 35.0257515 ], [ 136.8942347, 35.025553 ], [ 136.8940665, 35.0253646 ], [ 136.8939136, 35.0251708 ], [ 136.893711599999989, 35.0249102 ], [ 136.8936127, 35.0247431 ], [ 136.8935835, 35.0246724 ], [ 136.893416699999989, 35.0243893 ], [ 136.8934103, 35.0243789 ], [ 136.893109399999986, 35.0238544 ], [ 136.89296250000001, 35.0236007 ], [ 136.892536799999988, 35.0228653 ], [ 136.8925303, 35.0228541 ], [ 136.892221, 35.022312 ], [ 136.891817300000014, 35.021513 ], [ 136.891512, 35.0210777 ], [ 136.8911139, 35.0204953 ], [ 136.890806199999986, 35.0200553 ], [ 136.8907494, 35.019974 ], [ 136.89021, 35.0192259 ], [ 136.890036400000014, 35.0189825 ], [ 136.889506399999988, 35.0182237 ], [ 136.8891207, 35.0177084 ], [ 136.8889509, 35.0174741 ], [ 136.8889244, 35.0174404 ], [ 136.8888565, 35.0173578 ], [ 136.888120500000014, 35.0164726 ], [ 136.8878822, 35.0161726 ], [ 136.887518699999987, 35.0157413 ], [ 136.8872546, 35.0154332 ] ], [ [ 136.9124538, 35.0625945 ], [ 136.912254100000013, 35.0627881 ], [ 136.9120704, 35.0630037 ], [ 136.9119623, 35.0631924 ], [ 136.9117989, 35.0635652 ], [ 136.9117421, 35.063692 ] ], [ [ 136.8872022, 35.0153689 ], [ 136.8872546, 35.0154332 ] ] ] } },
{ "type": "Feature", "properties": { "lot_id": "L33", "segment_ids": "S2697; S272", "n_segments": 2, "length_total_m": 270.39517777729066, "duration_days": 3, "primary_corridor_id": "153", "hard_disaster": true, "hard_metapath": false, "hard": true, "cost_k": 270.39517777729066, "impact_weight_k": 0.0 }, "geometry": { "type": "MultiLineString", "coordinates": [ [ [ 136.9353797, 35.1593207 ], [ 136.9355244, 35.1593226 ], [ 136.9358446, 35.1593249 ], [ 136.936272300000013, 35.1593364 ], [ 136.9373864, 35.159351 ], [ 136.9379769, 35.159374 ], [ 136.9382046, 35.1593787 ] ], [ [ 136.935231499999986, 35.1593259 ], [ 136.9353797, 35.1593207 ] ] ] } },
{ "type": "Feature", "properties": { "lot_id": "L34", "segment_ids": "S1451; S301", "n_segments": 2, "length_total_m": 681.62401364400068, "duration_days": 2, "primary_corridor_id": "366", "hard_disaster": false, "hard_metapath": false, "hard": false, "cost_k": 681.62401364400068, "impact_weight_k": 0.0 }, "geometry": { "type": "MultiLineString", "coordinates": [ [ [ 136.9793512, 35.0065893 ], [ 136.9793424, 35.0068819 ], [ 136.9793532, 35.0071113 ], [ 136.9793544, 35.0075785 ], [ 136.979283, 35.0081296 ], [ 136.9792343, 35.0084573 ], [ 136.9791861, 35.0087409 ], [ 136.979052200000012, 35.0093044 ], [ 136.9789369, 35.0101045 ], [ 136.978866900000014, 35.0105859 ], [ 136.9788154, 35.0109479 ], [ 136.9787332, 35.0113336 ] ], [ [ 136.9787332, 35.0113336 ], [ 136.9785429, 35.0113132 ], [ 136.978345100000013, 35.0112918 ], [ 136.9777638, 35.0112483 ], [ 136.9774904, 35.0112312 ], [ 136.9773002, 35.0112186 ], [ 136.9770929, 35.0112164 ] ] ] } },
{ "type": "Feature", "properties": { "lot_id": "L35", "segment_ids": "S2349; S312", "n_segments": 2, "length_total_m": 1256.2311803576249, "duration_days": 10, "primary_corridor_id": "23", "hard_disaster": true, "hard_metapath": false, "hard": true, "cost_k": 1256.2311803576249, "impact_weight_k": 0.0 }, "geometry": { "type": "MultiLineString", "coordinates": [ [ [ 136.8640998, 35.100851 ], [ 136.8644363, 35.1009056 ], [ 136.8650568, 35.1009583 ], [ 136.8655779, 35.100978 ], [ 136.868921199999988, 35.1011041 ], [ 136.8707609, 35.1011819 ], [ 136.8722895, 35.1011704 ], [ 136.8742784, 35.1011326 ] ], [ [ 136.8706757, 35.1012735 ], [ 136.8714252, 35.1012672 ], [ 136.8729764, 35.1012307 ], [ 136.8737931, 35.1012114 ], [ 136.8742784, 35.1011326 ] ] ] } },
{ "type": "Feature", "properties": { "lot_id": "L36", "segment_ids": "S2882; S340; S341", "n_segments": 3, "length_total_m": 1294.0695461509195, "duration_days": 3, "primary_corridor_id": "C2", "hard_disaster": false, "hard_metapath": false, "hard": false, "cost_k": 1294.0695461509195, "impact_weight_k": 0.0 }, "geometry": { "type": "MultiLineString", "coordinates": [ [ [ 136.8627435, 35.2222137 ], [ 136.861306899999988, 35.222107 ], [ 136.859719, 35.2219885 ] ], [ [ 136.859719, 35.2219885 ], [ 136.858083599999986, 35.2218695 ], [ 136.8558003, 35.2217027 ], [ 136.8546665, 35.2216255 ], [ 136.85239390000001, 35.221466 ], [ 136.8508127, 35.2213564 ] ], [ [ 136.859719, 35.2219885 ], [ 136.858093599999989, 35.2217685 ], [ 136.8574815, 35.2216809 ] ] ] } },
{ "type": "Feature", "properties": { "lot_id": "L37", "segment_ids": "S389; S740", "n_segments": 2, "length_total_m": 3027.2282875265491, "duration_days": 30, "primary_corridor_id": "60", "hard_disaster": true, "hard_metapath": false, "hard": true, "cost_k": 3027.2282875265491, "impact_weight_k": 0.0 }, "geometry": { "type": "MultiLineString", "coordinates": [ [ [ 137.013191299999988, 35.1742749 ], [ 137.013018499999987, 35.174266 ], [ 137.012795, 35.1742545 ], [ 137.0117749, 35.1741723 ] ], [ [ 137.0117749, 35.1741723 ], [ 137.01184, 35.1738775 ], [ 137.012021, 35.1734978 ], [ 137.0125966, 35.1728538 ], [ 137.0127918, 35.1726364 ], [ 137.012844199999989, 35.1725804 ], [ 137.0132236, 35.1721664 ], [ 137.0133664, 35.1720088 ], [ 137.0134928, 35.1718692 ], [ 137.0136721, 35.17164 ], [ 137.0138284, 35.1713872 ], [ 137.013914199999988, 35.1712073 ], [ 137.013988, 35.1710538 ], [ 137.014052, 35.1707966 ], [ 137.0141175, 35.1704178 ], [ 137.014154100000013, 35.1701324 ], [ 137.014205299999986, 35.1698439 ], [ 137.0142281, 35.1697196 ], [ 137.01425, 35.1696594 ], [ 137.0143079, 35.1693498 ], [ 137.014360900000014, 35.1689726 ], [ 137.0143809, 35.1688558 ], [ 137.0144206, 35.1686247 ], [ 137.0144932, 35.1683635 ], [ 137.0146421, 35.1680551 ], [ 137.0148359, 35.1678097 ], [ 137.01512, 35.1675566 ], [ 137.015422, 35.1673373 ], [ 137.0156486, 35.1671634 ], [ 137.0160142, 35.1668717 ], [ 137.0166762, 35.1663627 ], [ 137.0169501, 35.1660839 ], [ 137.017064800000014, 35.1659312 ], [ 137.0171444, 35.1657949 ], [ 137.0172311, 35.1655864 ], [ 137.017328, 35.165312 ], [ 137.0174185, 35.1650482 ], [ 137.0168679, 35.1647505 ], [ 137.0159128, 35.1642067 ], [ 137.0150813, 35.1637465 ], [ 137.014780300000012, 35.1635753 ], [ 137.014279499999986, 35.1633012 ], [ 137.01395, 35.1631252 ], [ 137.013789800000012, 35.163052 ], [ 137.013398200000012, 35.1629051 ], [ 137.012889199999989, 35.1627033 ], [ 137.0125668, 35.1625757 ], [ 137.01194670000001, 35.1623255 ], [ 137.011635500000011, 35.1621487 ], [ 137.0114336, 35.1620261 ], [ 137.011243799999988, 35.1619002 ], [ 137.0108409, 35.1616359 ], [ 137.0104768, 35.161394 ], [ 137.0102411, 35.1612397 ], [ 137.009991500000012, 35.1610999 ], [ 137.009623, 35.1609529 ], [ 137.0093833, 35.1608803 ], [ 137.0090966, 35.1608078 ], [ 137.008709, 35.1607627 ], [ 137.008411200000012, 35.1607277 ], [ 137.0081633, 35.160691 ], [ 137.0075798, 35.160621 ], [ 137.0076618, 35.1601309 ], [ 137.0077281, 35.1597948 ], [ 137.0077786, 35.1594645 ], [ 137.0077894, 35.1593058 ], [ 137.0077602, 35.1591067 ], [ 137.0077018, 35.1589563 ], [ 137.0076338, 35.1588308 ], [ 137.007451800000013, 35.1586098 ], [ 137.0069961, 35.1581524 ], [ 137.0062476, 35.157458 ], [ 137.0058769, 35.1571042 ], [ 137.0054164, 35.1566318 ], [ 137.00505720000001, 35.1563135 ], [ 137.0049902, 35.1562509 ], [ 137.004496, 35.1557895 ], [ 137.004173, 35.1554877 ] ] ] } },
{ "type": "Feature", "properties": { "lot_id": "L38", "segment_ids": "S394", "n_segments": 1, "length_total_m": 232.9436743814295, "duration_days": 3, "primary_corridor_id": "50", "hard_disaster": true, "hard_metapath": false, "hard": true, "cost_k": 232.9436743814295, "impact_weight_k": 0.0 }, "geometry": { "type": "LineString", "coordinates": [ [ 136.9533036, 35.043753 ], [ 136.953108500000013, 35.0445609 ], [ 136.9530296, 35.0449441 ], [ 136.9529231, 35.0454609 ], [ 136.9528416, 35.0458133 ] ] } },
{ "type": "Feature", "properties": { "lot_id": "L39", "segment_ids": "S404", "n_segments": 1, "length_total_m": 1041.2254113243744, "duration_days": 3, "primary_corridor_id": "6", "hard_disaster": false, "hard_metapath": false, "hard": false, "cost_k": 1041.2254113243744, "impact_weight_k": 0.0 }, "geometry": { "type": "LineString", "coordinates": [ [ 137.0132384, 35.1816338 ], [ 137.0124492, 35.181614 ], [ 137.0111896, 35.1815689 ], [ 137.010309400000011, 35.1815373 ], [ 137.010169499999989, 35.1815361 ], [ 137.0086642, 35.1814811 ], [ 137.0068675, 35.1814177 ], [ 137.0054222, 35.1813704 ], [ 137.005132800000013, 35.1813821 ], [ 137.004750699999988, 35.181423 ], [ 137.0026479, 35.1817296 ], [ 137.0022999, 35.1817924 ], [ 137.0019806, 35.1818342 ], [ 137.0019312, 35.1818347 ], [ 137.00183770000001, 35.1818357 ] ] } },
{ "type": "Feature", "properties": { "lot_id": "L40", "segment_ids": "S414; S415; S682", "n_segments": 3, "length_total_m": 584.24672301063845, "duration_days": 2, "primary_corridor_id": "江川線", "hard_disaster": true, "hard_metapath": false, "hard": true, "cost_k": 584.24672301063845, "impact_weight_k": 0.0 }, "geometry": { "type": "MultiLineString", "coordinates": [ [ [ 136.892759, 35.1522144 ], [ 136.8928266, 35.1520578 ] ], [ [ 136.892759, 35.1522144 ], [ 136.8929654, 35.1521979 ], [ 136.8934379, 35.1521603 ], [ 136.893574699999988, 35.1521512 ], [ 136.8938899, 35.1521088 ], [ 136.893915, 35.1521059 ], [ 136.894027, 35.1520929 ], [ 136.894293299999987, 35.1520632 ], [ 136.895200100000011, 35.151962 ], [ 136.8956387, 35.151907 ], [ 136.8965474, 35.1517931 ], [ 136.8966337, 35.1517823 ], [ 136.896899600000012, 35.1517465 ], [ 136.896909599999987, 35.1517452 ], [ 136.897200199999986, 35.1517094 ], [ 136.897775, 35.1516386 ], [ 136.8987167, 35.1515309 ] ], [ [ 136.8987311, 35.151363 ], [ 136.8987167, 35.1515309 ] ] ] } },
{ "type": "Feature", "properties": { "lot_id": "L41", "segment_ids": "S421", "n_segments": 1, "length_total_m": 1798.8281662232082, "duration_days": 18, "primary_corridor_id": "62", "hard_disaster": true, "hard_metapath": false, "hard": true, "cost_k": 1798.8281662232082, "impact_weight_k": 0.0 }, "geometry": { "type": "LineString", "coordinates": [ [ 136.9354046, 35.240091 ], [ 136.9361993, 35.2399941 ], [ 136.936932899999988, 35.2398697 ], [ 136.9370276, 35.2398536 ], [ 136.9370717, 35.2398461 ], [ 136.937124399999988, 35.2398372 ], [ 136.9376186, 35.2397485 ], [ 136.938241299999987, 35.2396377 ], [ 136.9383952, 35.2396103 ], [ 136.938525, 35.2395875 ], [ 136.9394115, 35.2394321 ], [ 136.9408709, 35.2391965 ], [ 136.941467499999987, 35.2390941 ], [ 136.9420087, 35.2389886 ], [ 136.942454, 35.2389108 ], [ 136.943035400000014, 35.2388158 ], [ 136.943713300000013, 35.2387059 ], [ 136.945007, 35.2385136 ], [ 136.9461078, 35.2383544 ], [ 136.9464581, 35.2382941 ], [ 136.9466693, 35.2382443 ], [ 136.9468698, 35.2381747 ], [ 136.947014700000011, 35.2381091 ], [ 136.9471067, 35.2380603 ], [ 136.9472388, 35.2379935 ], [ 136.947293800000011, 35.2379581 ], [ 136.9474246, 35.2378723 ], [ 136.9474734, 35.2378437 ], [ 136.9479872, 35.2375139 ], [ 136.948501, 35.2371975 ], [ 136.949056500000012, 35.2368592 ], [ 136.9495627, 35.2365354 ], [ 136.9500046, 35.2362511 ], [ 136.950343299999986, 35.2360372 ], [ 136.951010700000012, 35.2356155 ], [ 136.951089599999989, 35.2355657 ], [ 136.9514531, 35.2353365 ], [ 136.951789, 35.2350516 ], [ 136.9520355, 35.2348424 ], [ 136.9526081, 35.2343554 ], [ 136.9529679, 35.2340251 ], [ 136.9530312, 35.2339288 ] ] } },
{ "type": "Feature", "properties": { "lot_id": "L42", "segment_ids": "S1250; S422", "n_segments": 2, "length_total_m": 32.970771612056815, "duration_days": 1, "primary_corridor_id": "15;61", "hard_disaster": true, "hard_metapath": false, "hard": true, "cost_k": 32.970771612056815, "impact_weight_k": 0.0 }, "geometry": { "type": "MultiLineString", "coordinates": [ [ [ 136.936152600000014, 35.1926128 ], [ 136.9362439, 35.1927227 ] ], [ [ 136.936324500000012, 35.1925288 ], [ 136.936152600000014, 35.1926128 ] ] ] } },
{ "type": "Feature", "properties": { "lot_id": "L43", "segment_ids": "S445", "n_segments": 1, "length_total_m": 49.37916005376055, "duration_days": 1, "primary_corridor_id": "41", "hard_disaster": false, "hard_metapath": false, "hard": false, "cost_k": 49.37916005376055, "impact_weight_k": 0.0 }, "geometry": { "type": "LineString", "coordinates": [ [ 136.9100339, 35.2287746 ], [ 136.9100616, 35.2283311 ] ] } },
{ "type": "Feature", "properties": { "lot_id": "L44", "segment_ids": "S451", "n_segments": 1, "length_total_m": 237.52955792901776, "duration_days": 1, "primary_corridor_id": "302", "hard_disaster": false, "hard_metapath": false, "hard": false, "cost_k": 237.52955792901776, "impact_weight_k": 0.0 }, "geometry": { "type": "LineString", "coordinates": [ [ 136.9802646, 35.0860979 ], [ 136.9819458, 35.0877321 ] ] } },
{ "type": "Feature", "properties": { "lot_id": "L45", "segment_ids": "S454", "n_segments": 1, "length_total_m": 645.33032158517346, "duration_days": 2, "primary_corridor_id": "59", "hard_disaster": false, "hard_metapath": false, "hard": false, "cost_k": 645.33032158517346, "impact_weight_k": 0.0 }, "geometry": { "type": "LineString", "coordinates": [ [ 136.9476469, 35.0836654 ], [ 136.9476014, 35.0835526 ], [ 136.947462800000011, 35.0832745 ], [ 136.9472252, 35.0828193 ], [ 136.94695870000001, 35.0823304 ], [ 136.9467846, 35.0819695 ], [ 136.946693, 35.0817935 ], [ 136.9465433, 35.0815267 ], [ 136.9464848, 35.0814179 ], [ 136.9463692, 35.0812346 ], [ 136.9463562, 35.0812113 ], [ 136.9462507, 35.0810399 ], [ 136.9462264, 35.0810016 ], [ 136.946205, 35.0809721 ], [ 136.9461507, 35.0808853 ], [ 136.946002099999987, 35.0806588 ], [ 136.9457587, 35.0803037 ], [ 136.9452047, 35.0794408 ], [ 136.944657, 35.07858 ], [ 136.944573600000012, 35.0784418 ] ] } },
{ "type": "Feature", "properties": { "lot_id": "L46", "segment_ids": "S469", "n_segments": 1, "length_total_m": 222.05809237558088, "duration_days": 1, "primary_corridor_id": "大須通", "hard_disaster": false, "hard_metapath": false, "hard": false, "cost_k": 222.05809237558088, "impact_weight_k": 0.0 }, "geometry": { "type": "LineString", "coordinates": [ [ 136.873133200000012, 35.1557023 ], [ 136.8731956, 35.1556944 ], [ 136.873258, 35.1556961 ], [ 136.873333300000013, 35.155704 ], [ 136.8733899, 35.15572 ], [ 136.8744884, 35.1561519 ], [ 136.8749153, 35.1563228 ], [ 136.875055, 35.1563797 ], [ 136.8753395, 35.1565178 ] ] } },
{ "type": "Feature", "properties": { "lot_id": "L47", "segment_ids": "S484; S489", "n_segments": 2, "length_total_m": 3107.0286692212562, "duration_days": 27, "primary_corridor_id": "19", "hard_disaster": true, "hard_metapath": false, "hard": true, "cost_k": 3107.0286692212562, "impact_weight_k": 0.0 }, "geometry": { "type": "MultiLineString", "coordinates": [ [ [ 136.972629, 35.2495658 ], [ 136.9724979, 35.2494494 ], [ 136.9715204, 35.2485397 ], [ 136.9706707, 35.2477491 ], [ 136.9705777, 35.2476625 ], [ 136.9704887, 35.2475789 ], [ 136.9698463, 35.2469757 ], [ 136.969058100000012, 35.2462551 ], [ 136.9683126, 35.2455571 ], [ 136.9675289, 35.2448218 ], [ 136.9666689, 35.2440217 ], [ 136.9659024, 35.2433284 ], [ 136.965819900000014, 35.243251 ], [ 136.965735200000012, 35.2431698 ], [ 136.965536, 35.2429754 ], [ 136.96525840000001, 35.2427136 ], [ 136.964345900000012, 35.2418703 ], [ 136.9636636, 35.2412393 ], [ 136.9627042, 35.2403373 ], [ 136.9617958, 35.2394936 ], [ 136.960726200000011, 35.2384973 ], [ 136.9595771, 35.2374363 ], [ 136.959485199999989, 35.2373514 ], [ 136.9593975, 35.2372638 ], [ 136.9590766, 35.2369432 ], [ 136.9583491, 35.2362199 ], [ 136.9573001, 35.2352256 ], [ 136.9571267, 35.2350612 ], [ 136.9569425, 35.2348929 ], [ 136.9568027, 35.2347676 ], [ 136.956730099999987, 35.2347194 ], [ 136.956653499999987, 35.2346731 ], [ 136.9565534, 35.234619 ], [ 136.9564522, 35.234571 ], [ 136.9563652, 35.2345345 ], [ 136.9562843, 35.2345043 ], [ 136.956183900000013, 35.2344715 ], [ 136.9560802, 35.2344428 ], [ 136.9559662, 35.2344169 ], [ 136.9558328, 35.2343816 ], [ 136.9557024, 35.2343513 ], [ 136.9554578, 35.2343174 ], [ 136.9552134, 35.2342976 ], [ 136.9544865, 35.2342339 ], [ 136.9544122, 35.2342257 ], [ 136.9543359, 35.2342195 ], [ 136.9542303, 35.2342044 ], [ 136.9541256, 35.2341871 ], [ 136.9539571, 35.234154 ], [ 136.9538107, 35.2341198 ], [ 136.9536991, 35.2340886 ], [ 136.9535909, 35.2340515 ], [ 136.953486, 35.2340085 ], [ 136.9533946, 35.2339648 ], [ 136.953291, 35.2339076 ], [ 136.9531149, 35.2337925 ] ], [ [ 136.9531149, 35.2337925 ], [ 136.953042900000014, 35.2337245 ], [ 136.9525749, 35.2332822 ], [ 136.9519736, 35.2326526 ], [ 136.9517502, 35.2324329 ], [ 136.951489, 35.2321726 ], [ 136.95125010000001, 35.2319245 ], [ 136.950679799999989, 35.2313238 ], [ 136.950607100000013, 35.2312472 ], [ 136.9505029, 35.2311239 ], [ 136.9503039, 35.2309134 ], [ 136.9497474, 35.2303016 ], [ 136.949539499999986, 35.2300781 ], [ 136.949291499999987, 35.2298051 ] ] ] } },
{ "type": "Feature", "properties": { "lot_id": "L48", "segment_ids": "S507; S508; S589", "n_segments": 3, "length_total_m": 991.25554775638466, "duration_days": 6, "primary_corridor_id": "153", "hard_disaster": true, "hard_metapath": false, "hard": true, "cost_k": 991.25554775638466, "impact_weight_k": 0.0 }, "geometry": { "type": "MultiLineString", "coordinates": [ [ [ 136.9195924, 35.1741405 ], [ 136.9193889, 35.1741318 ] ], [ [ 136.9195924, 35.1741405 ], [ 136.9195829, 35.1739239 ], [ 136.9195521, 35.1732265 ], [ 136.919547200000011, 35.173108 ], [ 136.919534, 35.1725204 ], [ 136.919509799999986, 35.1720668 ], [ 136.919472, 35.1709102 ], [ 136.919468200000011, 35.1707924 ], [ 136.9194659, 35.1706669 ], [ 136.9194655, 35.1705419 ], [ 136.919463900000011, 35.1699689 ], [ 136.9194633, 35.1697714 ] ], [ [ 136.919238400000012, 35.1697567 ], [ 136.919240699999989, 35.1699592 ], [ 136.9192444, 35.170286 ], [ 136.9192472, 35.1705316 ], [ 136.9192485, 35.1706504 ], [ 136.9192463, 35.1707779 ], [ 136.9192507, 35.170901 ], [ 136.919301499999989, 35.1723224 ], [ 136.91930880000001, 35.172527 ], [ 136.919323600000013, 35.1728234 ], [ 136.9193367, 35.1730859 ], [ 136.9193481, 35.1733136 ], [ 136.919379, 35.1739335 ], [ 136.9193889, 35.1741318 ] ] ] } },
{ "type": "Feature", "properties": { "lot_id": "L49", "segment_ids": "S514", "n_segments": 1, "length_total_m": 517.16275102586405, "duration_days": 2, "primary_corridor_id": "19;22", "hard_disaster": false, "hard_metapath": false, "hard": false, "cost_k": 517.16275102586405, "impact_weight_k": 0.0 }, "geometry": { "type": "LineString", "coordinates": [ [ 136.8974139, 35.1682857 ], [ 136.8974014, 35.1684039 ], [ 136.897399299999989, 35.1684242 ], [ 136.8973263, 35.169118 ], [ 136.8973169, 35.1692074 ], [ 136.8972999, 35.1693422 ], [ 136.8972863, 35.1694483 ], [ 136.897273500000011, 35.1695478 ], [ 136.8971981, 35.1701363 ], [ 136.8971033, 35.1710668 ], [ 136.897092500000014, 35.1711666 ], [ 136.897089599999987, 35.1711934 ], [ 136.897082399999988, 35.1712591 ], [ 136.8970017, 35.1720016 ], [ 136.8969143, 35.1729185 ] ] } },
{ "type": "Feature", "properties": { "lot_id": "L50", "segment_ids": "S534", "n_segments": 1, "length_total_m": 348.86455116975918, "duration_days": 4, "primary_corridor_id": "19", "hard_disaster": true, "hard_metapath": false, "hard": true, "cost_k": 348.86455116975918, "impact_weight_k": 0.0 }, "geometry": { "type": "LineString", "coordinates": [ [ 136.995776299999989, 35.2679576 ], [ 136.9987815, 35.2699129 ] ] } },
{ "type": "Feature", "properties": { "lot_id": "L51", "segment_ids": "S1387; S2891; S574; S695", "n_segments": 4, "length_total_m": 1193.3273919642886, "duration_days": 3, "primary_corridor_id": "68", "hard_disaster": false, "hard_metapath": false, "hard": false, "cost_k": 1193.3273919642886, "impact_weight_k": 0.0 }, "geometry": { "type": "MultiLineString", "coordinates": [ [ [ 136.8724866, 35.1676942 ], [ 136.872751, 35.1676867 ], [ 136.873012, 35.1676793 ], [ 136.87320840000001, 35.1676738 ], [ 136.873595, 35.1676628 ], [ 136.8741297, 35.1676476 ], [ 136.874510500000014, 35.1676368 ], [ 136.8750049, 35.1676228 ], [ 136.875407599999988, 35.1676114 ], [ 136.8758453, 35.167599 ], [ 136.8760629, 35.1675929 ], [ 136.8763269, 35.1675854 ], [ 136.87661, 35.1675774 ], [ 136.8769811, 35.1675669 ], [ 136.877239, 35.1675596 ], [ 136.877646199999987, 35.167548 ], [ 136.878008, 35.1675378 ], [ 136.8782443, 35.1675319 ], [ 136.878593099999989, 35.1675232 ], [ 136.87899, 35.1675133 ], [ 136.8794517, 35.1675095 ], [ 136.8796486, 35.1675038 ], [ 136.8798089, 35.1674991 ], [ 136.8799831, 35.1674961 ], [ 136.880266400000011, 35.1674912 ], [ 136.880893, 35.1674829 ], [ 136.881029899999987, 35.1674798 ], [ 136.8812725, 35.1674742 ], [ 136.8826415, 35.167443 ], [ 136.8841223, 35.1676075 ], [ 136.8848997, 35.1676914 ], [ 136.8851568, 35.1677227 ] ], [ [ 136.885180100000014, 35.1675923 ], [ 136.8851568, 35.1677227 ] ], [ [ 136.8723368, 35.1676984 ], [ 136.8724866, 35.1676942 ] ], [ [ 136.8723194, 35.1676024 ], [ 136.8723368, 35.1676984 ] ] ] } },
{ "type": "Feature", "properties": { "lot_id": "L52", "segment_ids": "S587", "n_segments": 1, "length_total_m": 63.301934389065629, "duration_days": 1, "primary_corridor_id": "153", "hard_disaster": false, "hard_metapath": false, "hard": false, "cost_k": 63.301934389065629, "impact_weight_k": 0.0 }, "geometry": { "type": "LineString", "coordinates": [ [ 136.933536299999986, 35.1590874 ], [ 136.9330034, 35.1591435 ], [ 136.932846500000011, 35.1591647 ] ] } },
{ "type": "Feature", "properties": { "lot_id": "L53", "segment_ids": "S594", "n_segments": 1, "length_total_m": 19.320373947914071, "duration_days": 1, "primary_corridor_id": "153", "hard_disaster": true, "hard_metapath": false, "hard": true, "cost_k": 19.320373947914071, "impact_weight_k": 0.0 }, "geometry": { "type": "LineString", "coordinates": [ [ 136.919308300000012, 35.1690329 ], [ 136.9195202, 35.1690465 ] ] } },
{ "type": "Feature", "properties": { "lot_id": "L54", "segment_ids": "S602", "n_segments": 1, "length_total_m": 662.12942614592623, "duration_days": 2, "primary_corridor_id": "segment_602", "hard_disaster": false, "hard_metapath": false, "hard": false, "cost_k": 662.12942614592623, "impact_weight_k": 0.0 }, "geometry": { "type": "LineString", "coordinates": [ [ 136.981045099999989, 35.2883852 ], [ 136.980627199999986, 35.2874146 ], [ 136.980476399999986, 35.286994 ], [ 136.980416600000012, 35.2866889 ], [ 136.9803976, 35.2865115 ], [ 136.9803818, 35.2863563 ], [ 136.9803863, 35.2861656 ], [ 136.9804002, 35.2859861 ], [ 136.980448700000011, 35.2857459 ], [ 136.9805256, 35.2855112 ], [ 136.9806189, 35.2852927 ], [ 136.980744499999986, 35.2850631 ], [ 136.980898200000013, 35.2848357 ], [ 136.98106820000001, 35.2846287 ], [ 136.9813062, 35.2843879 ], [ 136.9814886, 35.2842354 ], [ 136.9817354, 35.2840411 ], [ 136.9819647, 35.2838818 ], [ 136.9822945, 35.2836687 ], [ 136.982873500000011, 35.2832918 ] ] } },
{ "type": "Feature", "properties": { "lot_id": "L55", "segment_ids": "S2822; S610", "n_segments": 2, "length_total_m": 246.7865576672144, "duration_days": 1, "primary_corridor_id": "302", "hard_disaster": false, "hard_metapath": false, "hard": false, "cost_k": 246.7865576672144, "impact_weight_k": 0.0 }, "geometry": { "type": "MultiLineString", "coordinates": [ [ [ 136.9993642, 35.189806 ], [ 136.999288799999988, 35.1899383 ], [ 136.9990239, 35.1904172 ], [ 136.998795800000011, 35.1908117 ], [ 136.998714799999988, 35.1909499 ], [ 136.998649699999987, 35.1910706 ], [ 136.99856650000001, 35.1912062 ], [ 136.9984883, 35.1913413 ], [ 136.9982746, 35.1917172 ] ], [ [ 136.9982746, 35.1917172 ], [ 136.998217, 35.1918175 ] ] ] } },
{ "type": "Feature", "properties": { "lot_id": "L56", "segment_ids": "S614", "n_segments": 1, "length_total_m": 1080.1832947338653, "duration_days": 3, "primary_corridor_id": "302", "hard_disaster": false, "hard_metapath": false, "hard": false, "cost_k": 1080.1832947338653, "impact_weight_k": 0.0 }, "geometry": { "type": "LineString", "coordinates": [ [ 136.9715141, 35.2217733 ], [ 136.971664, 35.2216438 ], [ 136.971843400000012, 35.2214889 ], [ 136.9721944, 35.2212025 ], [ 136.9723265, 35.2210924 ], [ 136.972533199999987, 35.2208841 ], [ 136.9727277, 35.22066 ], [ 136.97289330000001, 35.2204467 ], [ 136.973043499999989, 35.2202389 ], [ 136.973197699999986, 35.2200037 ], [ 136.9748276, 35.2174445 ], [ 136.9750331, 35.2171218 ], [ 136.975227499999988, 35.2168144 ], [ 136.975628300000011, 35.216178 ], [ 136.9759876, 35.215711 ], [ 136.976475099999988, 35.2151797 ], [ 136.9768156, 35.2148596 ], [ 136.9776225, 35.2141413 ], [ 136.9777618, 35.2140236 ], [ 136.9779614, 35.2138333 ], [ 136.978059699999989, 35.2137435 ] ] } },
{ "type": "Feature", "properties": { "lot_id": "L57", "segment_ids": "S623", "n_segments": 1, "length_total_m": 22.770384773867271, "duration_days": 1, "primary_corridor_id": "61", "hard_disaster": false, "hard_metapath": false, "hard": false, "cost_k": 22.770384773867271, "impact_weight_k": 0.0 }, "geometry": { "type": "LineString", "coordinates": [ [ 136.9913344, 35.2044102 ], [ 136.9910898, 35.2043656 ] ] } },
{ "type": "Feature", "properties": { "lot_id": "L58", "segment_ids": "S632", "n_segments": 1, "length_total_m": 75.212608709915557, "duration_days": 1, "primary_corridor_id": "59", "hard_disaster": true, "hard_metapath": false, "hard": true, "cost_k": 75.212608709915557, "impact_weight_k": 0.0 }, "geometry": { "type": "LineString", "coordinates": [ [ 136.986279, 35.2080576 ], [ 136.98641520000001, 35.2081478 ], [ 136.9865082, 35.2081932 ], [ 136.986601799999988, 35.2082134 ], [ 136.9867111, 35.208231 ], [ 136.9868363, 35.2082288 ], [ 136.9869382, 35.208215 ], [ 136.987036100000012, 35.2081788 ] ] } },
{ "type": "Feature", "properties": { "lot_id": "L59", "segment_ids": "S633", "n_segments": 1, "length_total_m": 16.288697977031951, "duration_days": 1, "primary_corridor_id": "segment_633", "hard_disaster": false, "hard_metapath": false, "hard": false, "cost_k": 16.288697977031951, "impact_weight_k": 0.0 }, "geometry": { "type": "LineString", "coordinates": [ [ 136.9096878, 35.2294729 ], [ 136.9098663, 35.229487 ] ] } },
{ "type": "Feature", "properties": { "lot_id": "L60", "segment_ids": "S646", "n_segments": 1, "length_total_m": 297.24855372722368, "duration_days": 3, "primary_corridor_id": "segment_646", "hard_disaster": true, "hard_metapath": false, "hard": true, "cost_k": 297.24855372722368, "impact_weight_k": 0.0 }, "geometry": { "type": "LineString", "coordinates": [ [ 136.9452368, 35.0498872 ], [ 136.9455616, 35.0496401 ], [ 136.945796, 35.0494733 ], [ 136.94613480000001, 35.0492448 ], [ 136.9466856, 35.0488186 ], [ 136.947688699999986, 35.0481231 ] ] } },
{ "type": "Feature", "properties": { "lot_id": "L61", "segment_ids": "S671", "n_segments": 1, "length_total_m": 1196.1906965908599, "duration_days": 3, "primary_corridor_id": "C2", "hard_disaster": false, "hard_metapath": false, "hard": false, "cost_k": 1196.1906965908599, "impact_weight_k": 0.0 }, "geometry": { "type": "LineString", "coordinates": [ [ 137.0014282, 35.1862843 ], [ 137.0015124, 35.1860506 ], [ 137.0015664, 35.1858153 ], [ 137.0015977, 35.1856348 ], [ 137.0016306, 35.1853714 ], [ 137.0016425, 35.1850439 ], [ 137.0016716, 35.184438 ], [ 137.0016894, 35.1840121 ], [ 137.0017032, 35.1833519 ], [ 137.0017154, 35.1827355 ], [ 137.0017298, 35.1820905 ], [ 137.0017588, 35.1815444 ], [ 137.0017761, 35.1810514 ], [ 137.0018083, 35.180554 ], [ 137.0018679, 35.1799741 ], [ 137.0019796, 35.1793048 ], [ 137.0020892, 35.1787274 ], [ 137.002310599999987, 35.1777001 ], [ 137.0024751, 35.177144 ], [ 137.002692599999989, 35.1765981 ], [ 137.003080899999986, 35.1756747 ] ] } },
{ "type": "Feature", "properties": { "lot_id": "L62", "segment_ids": "S722", "n_segments": 1, "length_total_m": 21.955489344679393, "duration_days": 1, "primary_corridor_id": "29", "hard_disaster": true, "hard_metapath": false, "hard": true, "cost_k": 21.955489344679393, "impact_weight_k": 0.0 }, "geometry": { "type": "LineString", "coordinates": [ [ 136.893289, 35.1401465 ], [ 136.8930489, 35.1401674 ] ] } },
{ "type": "Feature", "properties": { "lot_id": "L63", "segment_ids": "S743", "n_segments": 1, "length_total_m": 702.32236881390952, "duration_days": 8, "primary_corridor_id": "C2", "hard_disaster": true, "hard_metapath": false, "hard": true, "cost_k": 702.32236881390952, "impact_weight_k": 0.0 }, "geometry": { "type": "LineString", "coordinates": [ [ 137.0185897, 35.1729348 ], [ 137.01828, 35.1730458 ], [ 137.0179756, 35.1731612 ], [ 137.0175312, 35.1733394 ], [ 137.0172374, 35.1734578 ], [ 137.0169502, 35.1735605 ], [ 137.0164588, 35.1737496 ], [ 137.0163064, 35.1737986 ], [ 137.016142800000011, 35.173846 ], [ 137.0159708, 35.1738899 ], [ 137.015720499999986, 35.173955 ], [ 137.0153953, 35.174022 ], [ 137.0149693, 35.1741 ], [ 137.0147489, 35.1741348 ], [ 137.0145128, 35.1741654 ], [ 137.014283, 35.1741909 ], [ 137.014055, 35.1742147 ], [ 137.0138129, 35.1742357 ], [ 137.0135529, 35.1742528 ], [ 137.0132749, 35.1742641 ], [ 137.0129379, 35.1742698 ], [ 137.0126999, 35.1742697 ], [ 137.0124558, 35.1742647 ], [ 137.012212299999987, 35.1742543 ], [ 137.0111642, 35.1741903 ] ] } },
{ "type": "Feature", "properties": { "lot_id": "L64", "segment_ids": "S2030; S750", "n_segments": 2, "length_total_m": 1243.056298740571, "duration_days": 13, "primary_corridor_id": "302", "hard_disaster": true, "hard_metapath": false, "hard": true, "cost_k": 1243.056298740571, "impact_weight_k": 0.0 }, "geometry": { "type": "MultiLineString", "coordinates": [ [ [ 136.8170644, 35.1127503 ], [ 136.8170767, 35.1128922 ], [ 136.8171092, 35.1132658 ], [ 136.817244499999987, 35.1146917 ], [ 136.8173983, 35.1163134 ], [ 136.8174545, 35.1168946 ], [ 136.8174615, 35.116964 ], [ 136.8175082, 35.1174259 ], [ 136.81762710000001, 35.1185262 ], [ 136.817698299999989, 35.11923 ], [ 136.8177451, 35.1196258 ], [ 136.817847300000011, 35.1205895 ], [ 136.8179151, 35.1213344 ], [ 136.8179754, 35.1219974 ], [ 136.817985, 35.1220837 ], [ 136.8179993, 35.1222128 ], [ 136.8180792, 35.1229329 ], [ 136.818095699999986, 35.123693 ] ], [ [ 136.817291, 35.1126694 ], [ 136.8170644, 35.1127503 ] ] ] } },
{ "type": "Feature", "properties": { "lot_id": "L65", "segment_ids": "S764", "n_segments": 1, "length_total_m": 4510.1984729116657, "duration_days": 10, "primary_corridor_id": "60", "hard_disaster": false, "hard_metapath": false, "hard": false, "cost_k": 4510.1984729116657, "impact_weight_k": 0.0 }, "geometry": { "type": "LineString", "coordinates": [ [ 137.0026126, 35.1696814 ], [ 137.002259, 35.1695016 ], [ 137.0016235, 35.1692291 ], [ 137.0012022, 35.1690994 ], [ 137.000281699999988, 35.1688928 ], [ 136.9995204, 35.1687588 ], [ 136.9985091, 35.1685913 ], [ 136.997516600000012, 35.1684333 ], [ 136.9973063, 35.1683939 ], [ 136.9971127, 35.1683576 ], [ 136.9965809, 35.168258 ], [ 136.996231599999987, 35.1681975 ], [ 136.996065499999986, 35.1681709 ], [ 136.9959354, 35.1681501 ], [ 136.995779199999987, 35.1681233 ], [ 136.9951498, 35.1680153 ], [ 136.9943776, 35.1678136 ], [ 136.9940043, 35.1677235 ], [ 136.9933555, 35.1674942 ], [ 136.9928547, 35.1673099 ], [ 136.9925538, 35.1671631 ], [ 136.991969, 35.1668619 ], [ 136.9916039, 35.1666735 ], [ 136.9911601, 35.1664075 ], [ 136.990703200000013, 35.1660781 ], [ 136.990351800000013, 35.1658198 ], [ 136.9899826, 35.1655172 ], [ 136.989775, 35.1653551 ], [ 136.9891864, 35.1648675 ], [ 136.988729400000011, 35.1645006 ], [ 136.9882775, 35.1641487 ], [ 136.9878378, 35.1638326 ], [ 136.9870014, 35.1633089 ], [ 136.9862278, 35.1628204 ], [ 136.9860419, 35.162703 ], [ 136.9859332, 35.1626375 ], [ 136.9857801, 35.162575 ], [ 136.9848733, 35.1622264 ], [ 136.9845262, 35.1620943 ], [ 136.9827888, 35.1614209 ], [ 136.9825266, 35.1613454 ], [ 136.9824615, 35.1613276 ], [ 136.9818991, 35.1611975 ], [ 136.9817908, 35.1611735 ], [ 136.9808687, 35.1609692 ], [ 136.980059399999988, 35.1608006 ], [ 136.979191, 35.1606284 ], [ 136.9786774, 35.1605883 ], [ 136.977947699999987, 35.1605458 ], [ 136.9768269, 35.1604807 ], [ 136.9765993, 35.160466 ], [ 136.97639190000001, 35.1604561 ], [ 136.9737984, 35.1603176 ], [ 136.973419400000012, 35.1603449 ], [ 136.973144600000012, 35.160381 ], [ 136.9727189, 35.1604783 ], [ 136.9723674, 35.1605918 ], [ 136.9712652, 35.1610062 ], [ 136.9702555, 35.1613755 ], [ 136.9696136, 35.1616103 ], [ 136.9689883, 35.1618202 ], [ 136.9680827, 35.1621527 ], [ 136.9670849, 35.1625233 ], [ 136.966131600000011, 35.1628754 ], [ 136.9653705, 35.1631561 ], [ 136.964790099999988, 35.1633681 ], [ 136.9643757, 35.1635358 ], [ 136.9639388, 35.1636898 ], [ 136.963668399999989, 35.1637851 ], [ 136.963538, 35.1638359 ], [ 136.9634111, 35.1638706 ], [ 136.9632019, 35.1639423 ], [ 136.9615546, 35.164507 ], [ 136.9614469, 35.1645439 ], [ 136.9612669, 35.1646055 ], [ 136.9598554, 35.1650883 ], [ 136.9592556, 35.1652923 ], [ 136.959002700000013, 35.1653863 ], [ 136.957786700000014, 35.165776 ], [ 136.9574317, 35.1658834 ] ] } },
{ "type": "Feature", "properties": { "lot_id": "L66", "segment_ids": "S765; S767", "n_segments": 2, "length_total_m": 774.0498745624277, "duration_days": 8, "primary_corridor_id": "segment_765", "hard_disaster": true, "hard_metapath": false, "hard": true, "cost_k": 774.0498745624277, "impact_weight_k": 0.0 }, "geometry": { "type": "MultiLineString", "coordinates": [ [ [ 136.8294133, 35.271801 ], [ 136.8282752, 35.2727897 ] ], [ [ 136.8282752, 35.2727897 ], [ 136.828186, 35.2729036 ], [ 136.828095600000012, 35.2729896 ], [ 136.828002, 35.2730844 ], [ 136.827912, 35.2732037 ], [ 136.827869, 35.2733061 ], [ 136.8278259, 35.2734208 ], [ 136.827817, 35.2735808 ], [ 136.827821204533222, 35.273887588398573 ] ], [ [ 136.827821204533222, 35.273887588398573 ], [ 136.8278229, 35.2740113 ], [ 136.827810699999986, 35.2742053 ], [ 136.8277852, 35.2743402 ], [ 136.827732200000014, 35.2744675 ], [ 136.827624, 35.2746009 ], [ 136.8275047, 35.2746975 ], [ 136.827342499999986, 35.2747666 ], [ 136.8271681, 35.2748024 ], [ 136.8269937, 35.2747882 ], [ 136.8268213, 35.2747241 ], [ 136.826710100000014, 35.2746342 ], [ 136.8266418, 35.2745134 ], [ 136.8266274, 35.2743886 ], [ 136.8266717, 35.2742608 ], [ 136.826758399999989, 35.2741625 ], [ 136.826893, 35.2740759 ], [ 136.827086900000012, 35.2739995 ], [ 136.827821204533222, 35.273887588398573 ] ], [ [ 136.827821204533222, 35.273887588398573 ], [ 136.8279622, 35.2738661 ], [ 136.828358400000013, 35.2738057 ], [ 136.829221100000012, 35.2736954 ], [ 136.8294402, 35.27362 ] ] ] } },
{ "type": "Feature", "properties": { "lot_id": "L67", "segment_ids": "S774", "n_segments": 1, "length_total_m": 71.60322162244951, "duration_days": 1, "primary_corridor_id": "segment_774", "hard_disaster": true, "hard_metapath": false, "hard": true, "cost_k": 71.60322162244951, "impact_weight_k": 0.0 }, "geometry": { "type": "LineString", "coordinates": [ [ 137.0051145, 35.2739609 ], [ 137.0051698, 35.2741133 ], [ 137.0051564, 35.2742376 ], [ 137.00535690000001, 35.2742239 ], [ 137.005591399999986, 35.2742657 ] ] } },
{ "type": "Feature", "properties": { "lot_id": "L68", "segment_ids": "S786", "n_segments": 1, "length_total_m": 82.811056847266514, "duration_days": 1, "primary_corridor_id": "環状線", "hard_disaster": false, "hard_metapath": false, "hard": false, "cost_k": 82.811056847266514, "impact_weight_k": 0.0 }, "geometry": { "type": "LineString", "coordinates": [ [ 136.9350139, 35.1580345 ], [ 136.9350489, 35.1582303 ], [ 136.9351457, 35.1587714 ] ] } },
{ "type": "Feature", "properties": { "lot_id": "L69", "segment_ids": "S805", "n_segments": 1, "length_total_m": 487.49276636388606, "duration_days": 1, "primary_corridor_id": "1", "hard_disaster": false, "hard_metapath": false, "hard": false, "cost_k": 487.49276636388606, "impact_weight_k": 0.0 }, "geometry": { "type": "LineString", "coordinates": [ [ 136.9229259, 35.1080847 ], [ 136.922809699999988, 35.1087671 ], [ 136.922716799999989, 35.109312 ], [ 136.9227075, 35.1093668 ], [ 136.9226708, 35.1096924 ], [ 136.9224073, 35.1115567 ], [ 136.9223122, 35.1119869 ], [ 136.9222301, 35.1124306 ] ] } },
{ "type": "Feature", "properties": { "lot_id": "L70", "segment_ids": "S2260; S823", "n_segments": 2, "length_total_m": 4657.6360054038942, "duration_days": 10, "primary_corridor_id": "15", "hard_disaster": false, "hard_metapath": false, "hard": false, "cost_k": 4657.6360054038942, "impact_weight_k": 0.0 }, "geometry": { "type": "MultiLineString", "coordinates": [ [ [ 136.982002599999987, 35.2178872 ], [ 136.9821001, 35.2179533 ], [ 136.9821442, 35.2179987 ], [ 136.9822265, 35.2180832 ], [ 136.982316700000013, 35.2182525 ], [ 136.98250010000001, 35.2185808 ], [ 136.9826147, 35.2187884 ], [ 136.982762, 35.2190546 ], [ 136.982878, 35.2192716 ], [ 136.982939, 35.219399 ], [ 136.983018499999986, 35.2195487 ], [ 136.9831058, 35.2197085 ], [ 136.9831713, 35.2198263 ], [ 136.98326560000001, 35.2199607 ], [ 136.9832882, 35.2199888 ], [ 136.9833993, 35.2201285 ], [ 136.9835353, 35.2202771 ], [ 136.983735599999989, 35.2204618 ], [ 136.9838408, 35.2205522 ], [ 136.9839445, 35.2206267 ], [ 136.9840988, 35.2207375 ], [ 136.9844238, 35.2209719 ], [ 136.9846803, 35.2211603 ], [ 136.9849312, 35.2213463 ], [ 136.9851807, 35.2215277 ], [ 136.9854052, 35.2216965 ], [ 136.985649099999989, 35.2218659 ], [ 136.9861199, 35.2222001 ], [ 136.9865959, 35.2225479 ], [ 136.9867099, 35.2226312 ], [ 136.9870888, 35.2229057 ], [ 136.9873522, 35.2231011 ], [ 136.9875221, 35.223224 ], [ 136.9877201, 35.2233724 ], [ 136.9880416, 35.2236021 ], [ 136.9880748, 35.2236258 ], [ 136.9882416, 35.2237302 ], [ 136.988371699999988, 35.2238028 ], [ 136.988514400000014, 35.223869 ], [ 136.98867340000001, 35.2239404 ], [ 136.988809800000013, 35.2239919 ], [ 136.9889976, 35.2240556 ], [ 136.9891629, 35.2241123 ], [ 136.9893616, 35.2241772 ], [ 136.9895261, 35.2242396 ], [ 136.989694500000013, 35.2243065 ], [ 136.9898402, 35.2243714 ], [ 136.9900203, 35.224458 ], [ 136.990161300000011, 35.2245338 ], [ 136.9902892, 35.2246 ], [ 136.990827, 35.2249617 ], [ 136.9911021, 35.2251877 ], [ 136.991373399999986, 35.2254507 ], [ 136.9916828, 35.2258244 ], [ 136.992124, 35.2264713 ], [ 136.992181499999987, 35.2265589 ], [ 136.9922386, 35.2266458 ], [ 136.9923126, 35.2267485 ], [ 136.992318899999987, 35.2267572 ], [ 136.992647, 35.2272449 ], [ 136.9928731, 35.2275264 ], [ 136.993071, 35.2277047 ], [ 136.9933984, 35.2279237 ], [ 136.993825500000014, 35.2281121 ], [ 136.994142, 35.2282331 ], [ 136.9943992, 35.2283273 ], [ 136.9946806, 35.2284528 ], [ 136.9948794, 35.2285578 ], [ 136.9950797, 35.2286915 ], [ 136.9952792, 35.2288526 ], [ 136.9955014, 35.2290691 ], [ 136.995584, 35.2291665 ], [ 136.9960883, 35.2298828 ], [ 136.9964546, 35.230403 ], [ 136.996679199999988, 35.2307066 ], [ 136.996782, 35.2308531 ], [ 136.9969418, 35.2310753 ], [ 136.997144, 35.2313497 ], [ 136.9971998, 35.2314255 ], [ 136.9973066, 35.2315547 ], [ 136.997512300000011, 35.2317744 ], [ 136.997709500000013, 35.2319749 ], [ 136.9981055, 35.232362 ], [ 136.9988553, 35.2330713 ], [ 136.9993498, 35.23354 ], [ 136.999432899999988, 35.2336188 ], [ 137.0002131, 35.2343968 ], [ 137.0003597, 35.234533 ], [ 137.0007221, 35.2348825 ], [ 137.000864, 35.2350086 ], [ 137.000924, 35.2350646 ], [ 137.00124120000001, 35.2353664 ], [ 137.0014509, 35.2355574 ], [ 137.0016013, 35.2356745 ], [ 137.0019762, 35.2359266 ], [ 137.0020462, 35.2359635 ], [ 137.0021041, 35.2359941 ], [ 137.00221160000001, 35.2360495 ], [ 137.00256, 35.236201 ], [ 137.0028241, 35.2362813 ], [ 137.0033644, 35.2364461 ], [ 137.0034455, 35.236471 ], [ 137.003740599999986, 35.236551 ], [ 137.0040924, 35.2366473 ], [ 137.0042865, 35.2367021 ], [ 137.004452500000014, 35.2367492 ], [ 137.0047768, 35.2368453 ], [ 137.005008299999986, 35.2369141 ], [ 137.005215600000014, 35.2369644 ], [ 137.0054876, 35.2370446 ], [ 137.0061221, 35.2372286 ], [ 137.00655, 35.2373521 ], [ 137.0077628, 35.2377041 ], [ 137.008335, 35.2378951 ], [ 137.008503600000012, 35.2379608 ], [ 137.008631900000012, 35.2380148 ], [ 137.0087785, 35.2380804 ], [ 137.0089336, 35.2381568 ], [ 137.009080899999987, 35.2382344 ], [ 137.0092259, 35.2383115 ], [ 137.0094075, 35.2384108 ], [ 137.0096078, 35.2385196 ], [ 137.0097544, 35.2386011 ], [ 137.0099438, 35.2387074 ], [ 137.0100297, 35.2387567 ], [ 137.0101113, 35.2388036 ], [ 137.0102322, 35.2388666 ], [ 137.0104239, 35.2389691 ], [ 137.0107591, 35.2391582 ], [ 137.010893900000013, 35.2392314 ], [ 137.0110981, 35.2393422 ], [ 137.011286, 35.2394478 ], [ 137.012132400000013, 35.2399227 ], [ 137.0124583, 35.2401074 ], [ 137.0131987, 35.2405288 ], [ 137.0134131, 35.2406421 ], [ 137.013911900000011, 35.2409133 ], [ 137.0144692, 35.2412335 ], [ 137.0146431, 35.2413315 ], [ 137.0148169, 35.2414296 ], [ 137.0150998, 35.2415843 ], [ 137.0152105, 35.2416441 ], [ 137.015382, 35.2417326 ], [ 137.015513700000014, 35.2418039 ], [ 137.0157249, 35.2419325 ], [ 137.0158691, 35.2420248 ], [ 137.0159954, 35.2421196 ], [ 137.0161443, 35.2422368 ], [ 137.016230799999988, 35.24231 ], [ 137.016377299999988, 35.2424424 ], [ 137.0164623, 35.2425277 ], [ 137.0165068, 35.2425796 ], [ 137.0165371, 35.2426149 ], [ 137.0165402, 35.2426191 ], [ 137.016681299999988, 35.2428052 ], [ 137.0167429, 35.2428842 ], [ 137.0167889, 35.2429421 ], [ 137.0168598, 35.243037 ], [ 137.0169565, 35.2431573 ], [ 137.0170757, 35.2433145 ], [ 137.0171833, 35.2434501 ], [ 137.0173158, 35.2436201 ], [ 137.017429600000014, 35.2437519 ], [ 137.0175099, 35.2438359 ], [ 137.0176081, 35.2439409 ], [ 137.01771020000001, 35.2440415 ], [ 137.0178216, 35.2441465 ], [ 137.017951, 35.244256 ], [ 137.0180664, 35.2443547 ], [ 137.018190299999986, 35.2444565 ], [ 137.0183065, 35.2445425 ], [ 137.0184662, 35.2446539 ], [ 137.0185816, 35.2447271 ], [ 137.0187391, 35.2448188 ], [ 137.0189035, 35.2449104 ], [ 137.018950100000012, 35.2449349 ], [ 137.0190758, 35.2450008 ] ], [ [ 137.0191475, 35.2449117 ], [ 137.0190758, 35.2450008 ] ] ] } },
{ "type": "Feature", "properties": { "lot_id": "L71", "segment_ids": "S825", "n_segments": 1, "length_total_m": 23.945863126366703, "duration_days": 1, "primary_corridor_id": "36", "hard_disaster": true, "hard_metapath": false, "hard": true, "cost_k": 23.945863126366703, "impact_weight_k": 0.0 }, "geometry": { "type": "LineString", "coordinates": [ [ 136.9249169, 35.0781052 ], [ 136.9247219, 35.0779606 ] ] } },
{ "type": "Feature", "properties": { "lot_id": "L72", "segment_ids": "S840", "n_segments": 1, "length_total_m": 9.691373817045088, "duration_days": 1, "primary_corridor_id": "154", "hard_disaster": true, "hard_metapath": false, "hard": true, "cost_k": 9.691373817045088, "impact_weight_k": 0.0 }, "geometry": { "type": "LineString", "coordinates": [ [ 136.895120600000013, 35.113186 ], [ 136.8951801, 35.1132583 ] ] } },
{ "type": "Feature", "properties": { "lot_id": "L73", "segment_ids": "S871; S884", "n_segments": 2, "length_total_m": 887.45811644265211, "duration_days": 8, "primary_corridor_id": "segment_871", "hard_disaster": true, "hard_metapath": false, "hard": true, "cost_k": 887.45811644265211, "impact_weight_k": 0.0 }, "geometry": { "type": "MultiLineString", "coordinates": [ [ [ 136.9154154, 35.2294211 ], [ 136.9144556, 35.2292914 ], [ 136.9142574, 35.2292844 ], [ 136.912502, 35.2291862 ], [ 136.9121318, 35.22917 ], [ 136.9120055, 35.2291452 ], [ 136.9113707, 35.2289606 ], [ 136.9111198, 35.228889 ], [ 136.910708, 35.2287472 ], [ 136.9105458, 35.2286617 ], [ 136.910413799999986, 35.2285624 ], [ 136.9103188, 35.2284588 ], [ 136.910242, 35.2283402 ], [ 136.9102038, 35.2282546 ], [ 136.910147099999989, 35.2280192 ], [ 136.9101225, 35.2277947 ], [ 136.91009840000001, 35.227138 ], [ 136.9101009, 35.2267879 ], [ 136.910055, 35.2267216 ] ], [ [ 136.910055, 35.2267216 ], [ 136.910090200000013, 35.2254262 ], [ 136.9100967, 35.2248839 ] ] ] } },
{ "type": "Feature", "properties": { "lot_id": "L74", "segment_ids": "S898", "n_segments": 1, "length_total_m": 12.968174792769403, "duration_days": 1, "primary_corridor_id": "環状線", "hard_disaster": false, "hard_metapath": false, "hard": false, "cost_k": 12.968174792769403, "impact_weight_k": 0.0 }, "geometry": { "type": "LineString", "coordinates": [ [ 136.8757173, 35.1878709 ], [ 136.8756713, 35.1877605 ] ] } },
{ "type": "Feature", "properties": { "lot_id": "L75", "segment_ids": "S945", "n_segments": 1, "length_total_m": 31.071828871848044, "duration_days": 1, "primary_corridor_id": "55", "hard_disaster": false, "hard_metapath": false, "hard": false, "cost_k": 31.071828871848044, "impact_weight_k": 0.0 }, "geometry": { "type": "LineString", "coordinates": [ [ 136.9214072, 35.0922325 ], [ 136.9212659, 35.0922221 ], [ 136.9210677, 35.0922025 ] ] } },
{ "type": "Feature", "properties": { "lot_id": "L76", "segment_ids": "S952", "n_segments": 1, "length_total_m": 11.476398580909407, "duration_days": 1, "primary_corridor_id": "55", "hard_disaster": false, "hard_metapath": false, "hard": false, "cost_k": 11.476398580909407, "impact_weight_k": 0.0 }, "geometry": { "type": "LineString", "coordinates": [ [ 136.9135166, 35.0909941 ], [ 136.9136364, 35.0910264 ] ] } },
{ "type": "Feature", "properties": { "lot_id": "L77", "segment_ids": "S1668; S1946; S1947; S1948; S965; S967", "n_segments": 6, "length_total_m": 4612.5290143045186, "duration_days": 20, "primary_corridor_id": "56", "hard_disaster": true, "hard_metapath": false, "hard": true, "cost_k": 4612.5290143045186, "impact_weight_k": 0.0 }, "geometry": { "type": "MultiLineString", "coordinates": [ [ [ 136.948083200000013, 35.1496981 ], [ 136.9480182, 35.1497041 ] ], [ [ 136.9480182, 35.1497041 ], [ 136.9474931, 35.1497585 ] ], [ [ 136.9474931, 35.1497585 ], [ 136.9474741, 35.1497604 ] ], [ [ 136.9474741, 35.1497604 ], [ 136.9470656, 35.1498014 ] ], [ [ 136.9470656, 35.1498014 ], [ 136.9470485, 35.1498007 ] ], [ [ 136.9470485, 35.1498007 ], [ 136.9468929, 35.1497976 ] ], [ [ 136.9468929, 35.1497976 ], [ 136.946865699999989, 35.149797 ] ], [ [ 136.946865699999989, 35.149797 ], [ 136.9467443, 35.1497865 ] ], [ [ 136.9467443, 35.1497865 ], [ 136.946553, 35.1497941 ] ], [ [ 136.946553, 35.1497941 ], [ 136.946123699999987, 35.1498243 ] ], [ [ 136.946123699999987, 35.1498243 ], [ 136.9459937, 35.149847 ] ], [ [ 136.9459937, 35.149847 ], [ 136.9455379, 35.1499302 ] ], [ [ 136.9455379, 35.1499302 ], [ 136.9453767, 35.1499492 ] ], [ [ 136.9453767, 35.1499492 ], [ 136.9450851, 35.1499871 ] ], [ [ 136.9450851, 35.1499871 ], [ 136.944941, 35.1500173 ] ], [ [ 136.944941, 35.1500173 ], [ 136.9447468, 35.1500904 ] ], [ [ 136.9447468, 35.1500904 ], [ 136.9447372, 35.1500953 ] ], [ [ 136.9447372, 35.1500953 ], [ 136.9444901, 35.1502205 ] ], [ [ 136.9444901, 35.1502205 ], [ 136.944278200000014, 35.1503459 ] ], [ [ 136.944278200000014, 35.1503459 ], [ 136.944171899999986, 35.1504212 ] ], [ [ 136.944171899999986, 35.1504212 ], [ 136.9440525, 35.1505104 ] ], [ [ 136.9440525, 35.1505104 ], [ 136.9439391, 35.1506216 ] ], [ [ 136.9439391, 35.1506216 ], [ 136.9435709, 35.1510168 ] ], [ [ 136.9435709, 35.1510168 ], [ 136.9434053, 35.1511929 ] ], [ [ 136.9434053, 35.1511929 ], [ 136.943357600000013, 35.1512447 ] ], [ [ 136.943357600000013, 35.1512447 ], [ 136.9432185, 35.1513661 ] ], [ [ 136.9432185, 35.1513661 ], [ 136.9427792, 35.151767 ] ], [ [ 136.9427792, 35.151767 ], [ 136.942474299999986, 35.1520116 ] ], [ [ 136.942474299999986, 35.1520116 ], [ 136.9424479, 35.1520303 ] ], [ [ 136.9424479, 35.1520303 ], [ 136.9418313, 35.1524626 ] ], [ [ 136.9418313, 35.1524626 ], [ 136.9416794, 35.1525676 ] ], [ [ 136.9416794, 35.1525676 ], [ 136.941566, 35.152646 ] ], [ [ 136.941566, 35.152646 ], [ 136.941426799999988, 35.1527379 ] ], [ [ 136.941426799999988, 35.1527379 ], [ 136.9411462, 35.1529185 ] ], [ [ 136.9411462, 35.1529185 ], [ 136.940895500000011, 35.153072 ] ], [ [ 136.940895500000011, 35.153072 ], [ 136.940688099999988, 35.1532032 ] ], [ [ 136.940688099999988, 35.1532032 ], [ 136.9403182, 35.1534357 ] ], [ [ 136.9403182, 35.1534357 ], [ 136.939940799999988, 35.1536986 ] ], [ [ 136.939940799999988, 35.1536986 ], [ 136.939901099999986, 35.1537263 ] ], [ [ 136.939901099999986, 35.1537263 ], [ 136.9398366, 35.1537665 ] ], [ [ 136.9398366, 35.1537665 ], [ 136.9394866, 35.1539847 ] ], [ [ 136.9394866, 35.1539847 ], [ 136.9393772, 35.1540926 ] ], [ [ 136.9393772, 35.1540926 ], [ 136.93853630000001, 35.154797 ] ], [ [ 136.93853630000001, 35.154797 ], [ 136.9384427, 35.1548793 ] ], [ [ 136.9384427, 35.1548793 ], [ 136.937607500000013, 35.1556131 ] ], [ [ 136.937607500000013, 35.1556131 ], [ 136.9370757, 35.1561285 ] ], [ [ 136.9370757, 35.1561285 ], [ 136.9367106, 35.1564641 ] ], [ [ 136.9367106, 35.1564641 ], [ 136.935726, 35.1573917 ] ], [ [ 136.935726, 35.1573917 ], [ 136.9352012, 35.1578666 ] ], [ [ 136.9352012, 35.1578666 ], [ 136.9351322, 35.1579291 ] ], [ [ 136.947627899999986, 35.1489 ], [ 136.947698300000013, 35.1490234 ], [ 136.9479103, 35.1493951 ], [ 136.948040600000013, 35.1496235 ], [ 136.948083200000013, 35.1496981 ] ], [ [ 136.9337214, 35.1496139 ], [ 136.933713899999987, 35.1495301 ] ], [ [ 136.9337214, 35.1496139 ], [ 136.933922, 35.149615 ], [ 136.9346169, 35.1496109 ], [ 136.935539799999987, 35.1496042 ], [ 136.936599199999989, 35.1495965 ], [ 136.936687799999987, 35.1495958 ], [ 136.9368038, 35.1495964 ], [ 136.937563, 35.1496001 ], [ 136.9383044, 35.1495935 ], [ 136.9384464, 35.1495922 ], [ 136.9385816, 35.1495918 ], [ 136.9395864, 35.1495894 ], [ 136.9404887, 35.1495852 ], [ 136.940562699999987, 35.1495841 ], [ 136.941480500000011, 35.1495737 ], [ 136.942719899999986, 35.1495744 ], [ 136.9431591, 35.1495052 ], [ 136.944687499999986, 35.1492977 ], [ 136.945162, 35.1492403 ], [ 136.9454279, 35.149204 ], [ 136.9466332, 35.1490337 ], [ 136.9466926, 35.1490258 ], [ 136.9467043, 35.1490242 ], [ 136.9468683, 35.1490023 ], [ 136.946878, 35.149001 ], [ 136.9469315, 35.1489938 ], [ 136.947333, 35.1489443 ], [ 136.9474468, 35.1489272 ], [ 136.947627899999986, 35.1489 ] ], [ [ 136.935351200000014, 35.1591675 ], [ 136.93533, 35.159046 ], [ 136.935214800000011, 35.1583852 ], [ 136.935181300000011, 35.1582 ], [ 136.9351322, 35.1579291 ] ] ] } },
{ "type": "Feature", "properties": { "lot_id": "L78", "segment_ids": "S971", "n_segments": 1, "length_total_m": 1896.5105159126724, "duration_days": 19, "primary_corridor_id": "60", "hard_disaster": true, "hard_metapath": false, "hard": true, "cost_k": 1896.5105159126724, "impact_weight_k": 0.0 }, "geometry": { "type": "LineString", "coordinates": [ [ 136.9370772, 35.1691396 ], [ 136.9373431, 35.1690726 ], [ 136.9380243, 35.1689011 ], [ 136.938483, 35.1688041 ], [ 136.939547800000014, 35.168573 ], [ 136.9406405, 35.1683123 ], [ 136.9416865, 35.1680723 ], [ 136.9426595, 35.1678455 ], [ 136.9435502, 35.1676405 ], [ 136.9442789, 35.1674681 ], [ 136.9453901, 35.1672145 ], [ 136.9462672, 35.1670282 ], [ 136.9478667, 35.1666554 ], [ 136.9485103, 35.1665116 ], [ 136.948909, 35.1664308 ], [ 136.9493607, 35.1663765 ], [ 136.9500597, 35.1663709 ], [ 136.9506268, 35.1663819 ], [ 136.9514112, 35.1664513 ], [ 136.951898, 35.1665142 ], [ 136.95258, 35.1665778 ], [ 136.952800599999989, 35.1665966 ], [ 136.9536596, 35.1666699 ], [ 136.9539095, 35.1666874 ], [ 136.9542262, 35.1666954 ], [ 136.9544433, 35.1666935 ], [ 136.954747700000013, 35.166682 ], [ 136.955137900000011, 35.1666493 ], [ 136.95542660000001, 35.166603 ], [ 136.95580240000001, 35.1665277 ], [ 136.956731499999989, 35.1662629 ], [ 136.9573361, 35.1660624 ] ] } },
{ "type": "Feature", "properties": { "lot_id": "L79", "segment_ids": "S976", "n_segments": 1, "length_total_m": 12.203541445864916, "duration_days": 1, "primary_corridor_id": "名駅通", "hard_disaster": false, "hard_metapath": false, "hard": false, "cost_k": 12.203541445864916, "impact_weight_k": 0.0 }, "geometry": { "type": "LineString", "coordinates": [ [ 136.8869235, 35.1589921 ], [ 136.8868953, 35.1590994 ] ] } },
{ "type": "Feature", "properties": { "lot_id": "L80", "segment_ids": "S998", "n_segments": 1, "length_total_m": 10.354393385061931, "duration_days": 1, "primary_corridor_id": "41", "hard_disaster": false, "hard_metapath": false, "hard": false, "cost_k": 10.354393385061931, "impact_weight_k": 0.0 }, "geometry": { "type": "LineString", "coordinates": [ [ 136.9123031, 35.1972221 ], [ 136.912313899999987, 35.1971294 ] ] } },
{ "type": "Feature", "properties": { "lot_id": "L81", "segment_ids": "S1017", "n_segments": 1, "length_total_m": 1420.4867515736212, "duration_days": 3, "primary_corridor_id": "19", "hard_disaster": false, "hard_metapath": false, "hard": false, "cost_k": 1420.4867515736212, "impact_weight_k": 0.0 }, "geometry": { "type": "LineString", "coordinates": [ [ 136.9226146, 35.1814258 ], [ 136.9226775, 35.181564 ], [ 136.9230647, 35.1823872 ], [ 136.923434500000013, 35.1831698 ], [ 136.9235117, 35.1833359 ], [ 136.9236052, 35.1835369 ], [ 136.9236632, 35.1836542 ], [ 136.9237989, 35.1838176 ], [ 136.9238351, 35.1838612 ], [ 136.9243922, 35.1844227 ], [ 136.9245316, 35.1845608 ], [ 136.9248437, 35.1848751 ], [ 136.9259514, 35.1860005 ], [ 136.926119699999987, 35.1861714 ], [ 136.9262745, 35.1863274 ], [ 136.9265915, 35.1866468 ], [ 136.927483, 35.1875024 ], [ 136.9281042, 35.1881596 ], [ 136.928128500000014, 35.1881824 ], [ 136.9283484, 35.1884002 ], [ 136.9283697, 35.1884234 ], [ 136.928664199999986, 35.1887321 ], [ 136.929129499999988, 35.1892131 ], [ 136.9292498, 35.1893374 ], [ 136.929622099999989, 35.1897064 ], [ 136.9299682, 35.1900493 ], [ 136.930078, 35.1901581 ], [ 136.9301308, 35.1902057 ], [ 136.9303047, 35.1903492 ], [ 136.9305812, 35.1904508 ], [ 136.9312454, 35.1906947 ], [ 136.931464799999986, 35.1907753 ], [ 136.9322688, 35.1910842 ] ] } },
{ "type": "Feature", "properties": { "lot_id": "L82", "segment_ids": "S1027", "n_segments": 1, "length_total_m": 250.13801016548322, "duration_days": 1, "primary_corridor_id": "1", "hard_disaster": false, "hard_metapath": false, "hard": false, "cost_k": 250.13801016548322, "impact_weight_k": 0.0 }, "geometry": { "type": "LineString", "coordinates": [ [ 136.824084699999986, 35.126204 ], [ 136.8233763, 35.1262046 ], [ 136.8221595, 35.1262071 ], [ 136.8221206, 35.1262072 ], [ 136.8220112, 35.1262074 ], [ 136.8218743, 35.1262084 ], [ 136.8213777, 35.1262279 ], [ 136.821334900000011, 35.1262296 ] ] } },
{ "type": "Feature", "properties": { "lot_id": "L83", "segment_ids": "S1031; S2500; S2888", "n_segments": 3, "length_total_m": 4830.3863534128213, "duration_days": 26, "primary_corridor_id": "67;127", "hard_disaster": true, "hard_metapath": false, "hard": true, "cost_k": 4830.3863534128213, "impact_weight_k": 0.0 }, "geometry": { "type": "MultiLineString", "coordinates": [ [ [ 136.8479858, 35.2151882 ], [ 136.847818600000011, 35.2151556 ] ], [ [ 136.847818600000011, 35.2151556 ], [ 136.847669599999989, 35.2151579 ] ], [ [ 136.847669599999989, 35.2151579 ], [ 136.8475612, 35.2151684 ] ], [ [ 136.8475612, 35.2151684 ], [ 136.847206199999988, 35.2152252 ] ], [ [ 136.847206199999988, 35.2152252 ], [ 136.8471889, 35.215228 ] ], [ [ 136.8471889, 35.215228 ], [ 136.8469063, 35.2152732 ] ], [ [ 136.8469063, 35.2152732 ], [ 136.8458613, 35.2154403 ] ], [ [ 136.8458613, 35.2154403 ], [ 136.8450449, 35.2155744 ] ], [ [ 136.8450449, 35.2155744 ], [ 136.8448237, 35.2155954 ] ], [ [ 136.8448237, 35.2155954 ], [ 136.8446504, 35.215593 ] ], [ [ 136.8446504, 35.215593 ], [ 136.844494200000014, 35.2155712 ] ], [ [ 136.844494200000014, 35.2155712 ], [ 136.8443603, 35.2155371 ] ], [ [ 136.8443603, 35.2155371 ], [ 136.844195, 35.2154775 ] ], [ [ 136.844195, 35.2154775 ], [ 136.8440439, 35.2153944 ] ], [ [ 136.8440439, 35.2153944 ], [ 136.8437755, 35.2152123 ] ], [ [ 136.8437755, 35.2152123 ], [ 136.8435189, 35.2150382 ] ], [ [ 136.8435189, 35.2150382 ], [ 136.843055099999987, 35.2147223 ] ], [ [ 136.843055099999987, 35.2147223 ], [ 136.842794, 35.2144938 ] ], [ [ 136.842794, 35.2144938 ], [ 136.8426647, 35.2143754 ] ], [ [ 136.8426647, 35.2143754 ], [ 136.8425044, 35.2141876 ] ], [ [ 136.8425044, 35.2141876 ], [ 136.8424239, 35.2140932 ] ], [ [ 136.8424239, 35.2140932 ], [ 136.842296800000014, 35.2139097 ] ], [ [ 136.842296800000014, 35.2139097 ], [ 136.8422271, 35.2137969 ] ], [ [ 136.8422271, 35.2137969 ], [ 136.8421836, 35.2137143 ] ], [ [ 136.8421836, 35.2137143 ], [ 136.8420935, 35.2135408 ] ], [ [ 136.8420935, 35.2135408 ], [ 136.8420173, 35.213367 ] ], [ [ 136.8420173, 35.213367 ], [ 136.841984700000012, 35.2132735 ] ], [ [ 136.841984700000012, 35.2132735 ], [ 136.8419412, 35.2131157 ] ], [ [ 136.8419412, 35.2131157 ], [ 136.84188420000001, 35.2129071 ] ], [ [ 136.84188420000001, 35.2129071 ], [ 136.8418825, 35.2129011 ] ], [ [ 136.8418825, 35.2129011 ], [ 136.841829600000011, 35.2126971 ] ], [ [ 136.841829600000011, 35.2126971 ], [ 136.8418014, 35.2125737 ] ], [ [ 136.8418014, 35.2125737 ], [ 136.841733799999986, 35.2122795 ] ], [ [ 136.841733799999986, 35.2122795 ], [ 136.8417026, 35.2121478 ] ], [ [ 136.8417026, 35.2121478 ], [ 136.841538899999989, 35.2121542 ] ], [ [ 136.841538899999989, 35.2121542 ], [ 136.8412836, 35.2121641 ] ], [ [ 136.8412836, 35.2121641 ], [ 136.841146, 35.2121694 ] ], [ [ 136.841146, 35.2121694 ], [ 136.8405699, 35.2121918 ] ], [ [ 136.8405699, 35.2121918 ], [ 136.839994600000011, 35.2122141 ] ], [ [ 136.839994600000011, 35.2122141 ], [ 136.8395213, 35.2122325 ] ], [ [ 136.8395213, 35.2122325 ], [ 136.839365, 35.2122385 ] ], [ [ 136.839365, 35.2122385 ], [ 136.839289900000011, 35.2122414 ] ], [ [ 136.839289900000011, 35.2122414 ], [ 136.8385321, 35.2122753 ] ], [ [ 136.8385321, 35.2122753 ], [ 136.838215, 35.212283 ] ], [ [ 136.838215, 35.212283 ], [ 136.8381738, 35.2122851 ] ], [ [ 136.8381738, 35.2122851 ], [ 136.8381372, 35.2122869 ] ], [ [ 136.8381372, 35.2122869 ], [ 136.8381032, 35.2122886 ] ], [ [ 136.8381032, 35.2122886 ], [ 136.8378204, 35.2123262 ] ], [ [ 136.8378204, 35.2123262 ], [ 136.8376608, 35.2123636 ] ], [ [ 136.8376608, 35.2123636 ], [ 136.8374832, 35.2124177 ] ], [ [ 136.8374832, 35.2124177 ], [ 136.8374011, 35.2124427 ] ], [ [ 136.8374011, 35.2124427 ], [ 136.837294500000013, 35.2124916 ] ], [ [ 136.837294500000013, 35.2124916 ], [ 136.837000499999988, 35.2126443 ] ], [ [ 136.837000499999988, 35.2126443 ], [ 136.8368658, 35.212736 ] ], [ [ 136.8368658, 35.212736 ], [ 136.8368175, 35.2127726 ] ], [ [ 136.8368175, 35.2127726 ], [ 136.8367544, 35.2128319 ] ], [ [ 136.8367544, 35.2128319 ], [ 136.8365854, 35.212989 ] ], [ [ 136.8365854, 35.212989 ], [ 136.8364681, 35.2131314 ] ], [ [ 136.8364681, 35.2131314 ], [ 136.836409, 35.2132032 ] ], [ [ 136.836409, 35.2132032 ], [ 136.8361477, 35.2135809 ] ], [ [ 136.8361477, 35.2135809 ], [ 136.836077, 35.213683 ] ], [ [ 136.836077, 35.213683 ], [ 136.83605, 35.21372 ] ], [ [ 136.83605, 35.21372 ], [ 136.8358036, 35.2140813 ] ], [ [ 136.8358036, 35.2140813 ], [ 136.8355368, 35.2144724 ] ], [ [ 136.8355368, 35.2144724 ], [ 136.8353222, 35.2147841 ] ], [ [ 136.8353222, 35.2147841 ], [ 136.8351362, 35.2150544 ] ], [ [ 136.8351362, 35.2150544 ], [ 136.83502, 35.2152234 ] ], [ [ 136.83502, 35.2152234 ], [ 136.8349188, 35.2153753 ] ], [ [ 136.8349188, 35.2153753 ], [ 136.8346687, 35.2157339 ] ], [ [ 136.8346687, 35.2157339 ], [ 136.8345483, 35.2159064 ] ], [ [ 136.8345483, 35.2159064 ], [ 136.8344713, 35.2160169 ] ], [ [ 136.8344713, 35.2160169 ], [ 136.834349300000014, 35.2161918 ] ], [ [ 136.834349300000014, 35.2161918 ], [ 136.8340138, 35.2166786 ] ], [ [ 136.8340138, 35.2166786 ], [ 136.833694, 35.2171423 ] ], [ [ 136.833694, 35.2171423 ], [ 136.8332543, 35.2177855 ] ], [ [ 136.8332543, 35.2177855 ], [ 136.833218100000011, 35.2178378 ] ], [ [ 136.833218100000011, 35.2178378 ], [ 136.833137, 35.2179548 ] ], [ [ 136.833137, 35.2179548 ], [ 136.8330823, 35.2180338 ] ], [ [ 136.8330823, 35.2180338 ], [ 136.8329673, 35.2181997 ] ], [ [ 136.8329673, 35.2181997 ], [ 136.8328503, 35.2183626 ] ], [ [ 136.8328503, 35.2183626 ], [ 136.8327424, 35.2185128 ] ], [ [ 136.8327424, 35.2185128 ], [ 136.8326604, 35.2186343 ] ], [ [ 136.841288, 35.2200116 ], [ 136.839864, 35.2197981 ], [ 136.838270200000011, 35.2195639 ], [ 136.838128, 35.2195424 ], [ 136.8375437, 35.2194604 ], [ 136.837381, 35.2194364 ], [ 136.836813799999987, 35.2193525 ], [ 136.8361985, 35.2192596 ], [ 136.8361746, 35.219256 ], [ 136.8352468, 35.2191151 ], [ 136.834638, 35.2190227 ], [ 136.834277500000013, 35.2189723 ], [ 136.8341993, 35.2189614 ], [ 136.833897799999988, 35.2189133 ], [ 136.833662800000013, 35.2188762 ], [ 136.8334266, 35.2188295 ], [ 136.833248200000014, 35.2187947 ], [ 136.8329621, 35.2187267 ], [ 136.8328439, 35.2186905 ], [ 136.8326604, 35.2186343 ] ] ] } },
{ "type": "Feature", "properties": { "lot_id": "L84", "segment_ids": "S1041", "n_segments": 1, "length_total_m": 630.13701698743341, "duration_days": 2, "primary_corridor_id": "E87", "hard_disaster": false, "hard_metapath": false, "hard": false, "cost_k": 630.13701698743341, "impact_weight_k": 0.0 }, "geometry": { "type": "LineString", "coordinates": [ [ 136.9323474, 35.0275407 ], [ 136.932398, 35.0280385 ], [ 136.9324527, 35.0284441 ], [ 136.9325092, 35.0288277 ], [ 136.932546300000013, 35.029029 ], [ 136.9325925, 35.0292441 ], [ 136.9326609, 35.0295403 ], [ 136.932744, 35.0298423 ], [ 136.932850300000013, 35.0301638 ], [ 136.9329648, 35.030471 ], [ 136.9331001, 35.0307831 ], [ 136.93327, 35.0311455 ], [ 136.9334447, 35.0314729 ], [ 136.933643100000012, 35.0318175 ], [ 136.933995, 35.0324211 ], [ 136.934287899999987, 35.0329263 ] ] } },
{ "type": "Feature", "properties": { "lot_id": "L85", "segment_ids": "S1044; S1928", "n_segments": 2, "length_total_m": 1775.1169713118647, "duration_days": 18, "primary_corridor_id": "29", "hard_disaster": true, "hard_metapath": false, "hard": true, "cost_k": 1775.1169713118647, "impact_weight_k": 0.0 }, "geometry": { "type": "MultiLineString", "coordinates": [ [ [ 136.870778, 35.1406434 ], [ 136.870649500000013, 35.1406322 ] ], [ [ 136.8690715, 35.1249275 ], [ 136.8690604, 35.1254096 ], [ 136.8690262, 35.1265302 ], [ 136.868981, 35.1278811 ], [ 136.8689732, 35.1281635 ], [ 136.8689427, 35.1289546 ], [ 136.8689278, 35.1297308 ], [ 136.8688981, 35.1306362 ], [ 136.868866200000014, 35.1315473 ], [ 136.868844, 35.1324289 ], [ 136.8688214, 35.1332527 ], [ 136.8688645, 35.1335355 ], [ 136.8690129, 35.1340667 ], [ 136.869311399999987, 35.1352625 ], [ 136.8693653, 35.1354783 ], [ 136.869612, 35.1365195 ], [ 136.869915600000013, 35.137699 ], [ 136.870028, 35.1381506 ], [ 136.870294199999989, 35.1392206 ], [ 136.8705273, 35.1401207 ], [ 136.870649500000013, 35.1406322 ] ] ] } },
{ "type": "Feature", "properties": { "lot_id": "L86", "segment_ids": "S1057; S2813; S2814", "n_segments": 3, "length_total_m": 3111.2677117830749, "duration_days": 17, "primary_corridor_id": "36", "hard_disaster": true, "hard_metapath": false, "hard": true, "cost_k": 3111.2677117830749, "impact_weight_k": 0.0 }, "geometry": { "type": "MultiLineString", "coordinates": [ [ [ 136.9136183, 35.0909181 ], [ 136.9136179, 35.0907819 ], [ 136.9136178, 35.0907258 ], [ 136.9133975, 35.0895509 ], [ 136.913323600000012, 35.0891578 ], [ 136.9132932, 35.0889963 ], [ 136.912986600000011, 35.0872014 ], [ 136.9129384, 35.0868563 ], [ 136.9129222, 35.0867402 ], [ 136.912755, 35.0858856 ], [ 136.91264480000001, 35.0852116 ], [ 136.912474, 35.0842276 ], [ 136.9124294, 35.0839604 ], [ 136.9123423, 35.083438 ], [ 136.9122337, 35.0827968 ], [ 136.912019, 35.0815135 ], [ 136.9116309, 35.0792309 ], [ 136.911610599999989, 35.0791151 ], [ 136.9114323, 35.0780995 ], [ 136.9114577, 35.0780171 ], [ 136.911386, 35.0775279 ], [ 136.9113035, 35.0770165 ], [ 136.9110356, 35.0755643 ], [ 136.910958099999988, 35.0751362 ] ], [ [ 136.910958099999988, 35.0751362 ], [ 136.911619800000011, 35.0752157 ], [ 136.91297560000001, 35.0753826 ], [ 136.9146427, 35.0755878 ], [ 136.91591360000001, 35.0757522 ], [ 136.9170383, 35.0758977 ], [ 136.91834990000001, 35.0760673 ], [ 136.9190037, 35.0761535 ], [ 136.919579199999987, 35.0762294 ], [ 136.9209899, 35.0764153 ], [ 136.921703799999989, 35.0765094 ], [ 136.9221947, 35.0766312 ], [ 136.9223294, 35.0766646 ], [ 136.9229391, 35.0769152 ], [ 136.9233554, 35.0771602 ], [ 136.9234844, 35.0772361 ], [ 136.924548499999986, 35.0779561 ], [ 136.9246981, 35.0780573 ] ], [ [ 136.9246981, 35.0780573 ], [ 136.9248936, 35.0781895 ] ] ] } },
{ "type": "Feature", "properties": { "lot_id": "L87", "segment_ids": "S1065", "n_segments": 1, "length_total_m": 248.02339769379972, "duration_days": 1, "primary_corridor_id": "155", "hard_disaster": false, "hard_metapath": false, "hard": false, "cost_k": 248.02339769379972, "impact_weight_k": 0.0 }, "geometry": { "type": "LineString", "coordinates": [ [ 136.9609413, 35.2981935 ], [ 136.9600953, 35.2982731 ], [ 136.9593262, 35.2983362 ], [ 136.9582188, 35.2983744 ] ] } },
{ "type": "Feature", "properties": { "lot_id": "L88", "segment_ids": "S1066", "n_segments": 1, "length_total_m": 2679.4170695336438, "duration_days": 6, "primary_corridor_id": "155", "hard_disaster": false, "hard_metapath": false, "hard": false, "cost_k": 2679.4170695336438, "impact_weight_k": 0.0 }, "geometry": { "type": "LineString", "coordinates": [ [ 137.0097321, 35.2676709 ], [ 137.0104187, 35.2675391 ], [ 137.0125042, 35.2671658 ], [ 137.0135228, 35.266988 ], [ 137.014271, 35.2668516 ], [ 137.0147009, 35.2667847 ], [ 137.0149935, 35.2667156 ], [ 137.0158142, 35.2664956 ], [ 137.016213099999987, 35.2663392 ], [ 137.0164485, 35.2662348 ], [ 137.016906799999987, 35.266013 ], [ 137.0171579, 35.2663053 ], [ 137.01726, 35.2664203 ], [ 137.0174582, 35.2665893 ], [ 137.0175901, 35.2666955 ], [ 137.0179532, 35.2668884 ], [ 137.0182663, 35.2670027 ], [ 137.0183113, 35.26702 ], [ 137.0187895, 35.2672038 ], [ 137.0188671, 35.2672336 ], [ 137.0191021, 35.2673304 ], [ 137.01950690000001, 35.2674886 ], [ 137.019832900000011, 35.2676143 ], [ 137.020197599999989, 35.2677254 ], [ 137.0205689, 35.2678016 ], [ 137.021179100000012, 35.2678347 ], [ 137.022232699999989, 35.2678839 ], [ 137.0237316, 35.2679279 ], [ 137.024542, 35.2679682 ], [ 137.025099899999987, 35.2679822 ], [ 137.0257976, 35.2679516 ], [ 137.026183300000014, 35.2679222 ], [ 137.0265295, 35.267883 ], [ 137.0267962, 35.2678422 ], [ 137.0270899, 35.2677972 ], [ 137.0275806, 35.2676938 ], [ 137.028008, 35.2675809 ], [ 137.028667399999989, 35.2673973 ], [ 137.0303065, 35.2669053 ], [ 137.0310333, 35.2666831 ], [ 137.0312476, 35.2666176 ], [ 137.0322011, 35.2663839 ], [ 137.0325925, 35.2662819 ], [ 137.0330788, 35.2661657 ], [ 137.0343777, 35.2658554 ], [ 137.0355559, 35.2655678 ], [ 137.037091, 35.2652039 ], [ 137.0372853, 35.265157 ], [ 137.0376723, 35.2650635 ] ] } },
{ "type": "Feature", "properties": { "lot_id": "L89", "segment_ids": "S1068", "n_segments": 1, "length_total_m": 2762.9982976943647, "duration_days": 28, "primary_corridor_id": "155", "hard_disaster": true, "hard_metapath": false, "hard": true, "cost_k": 2762.9982976943647, "impact_weight_k": 0.0 }, "geometry": { "type": "LineString", "coordinates": [ [ 136.9893717, 35.2809775 ], [ 136.9891423, 35.281378 ], [ 136.98895730000001, 35.2817338 ], [ 136.9887507, 35.2822068 ], [ 136.9886109, 35.2825831 ], [ 136.9885725, 35.2826864 ], [ 136.9884845, 35.2829932 ], [ 136.9882665, 35.2836774 ], [ 136.9877195, 35.2853595 ], [ 136.9875805, 35.2857985 ], [ 136.9874462, 35.2862225 ], [ 136.98723050000001, 35.2869177 ], [ 136.9869431, 35.2875464 ], [ 136.9867204, 35.2878996 ], [ 136.986467800000014, 35.2882653 ], [ 136.9863326, 35.2884425 ], [ 136.986033099999986, 35.2888112 ], [ 136.9853541, 35.2894534 ], [ 136.9852655, 35.2895372 ], [ 136.985195800000014, 35.2896027 ], [ 136.9850697, 35.2897203 ], [ 136.9813036, 35.2932327 ], [ 136.979652499999986, 35.294779 ], [ 136.9792865, 35.2951053 ], [ 136.97871330000001, 35.2955434 ], [ 136.978169400000013, 35.2959154 ], [ 136.9775593, 35.2962782 ], [ 136.9767718, 35.2966702 ], [ 136.9761387, 35.2969451 ], [ 136.975405200000012, 35.2972042 ], [ 136.9749273, 35.2973416 ], [ 136.9744579, 35.2974547 ], [ 136.9739784, 35.2975583 ], [ 136.9734836, 35.297636 ], [ 136.9725554, 35.2977455 ], [ 136.972045900000012, 35.2977893 ], [ 136.9716545, 35.2977997 ], [ 136.9702043, 35.2978309 ] ] } },
{ "type": "Feature", "properties": { "lot_id": "L90", "segment_ids": "S1085; S2420", "n_segments": 2, "length_total_m": 713.36525186284689, "duration_days": 2, "primary_corridor_id": "23", "hard_disaster": false, "hard_metapath": false, "hard": false, "cost_k": 713.36525186284689, "impact_weight_k": 0.0 }, "geometry": { "type": "MultiLineString", "coordinates": [ [ [ 136.993282599999986, 35.0429182 ], [ 136.9936473, 35.0428828 ], [ 136.9945878, 35.042591 ], [ 136.9950052, 35.0424641 ], [ 136.9952527, 35.0423847 ], [ 136.995478100000014, 35.0423174 ], [ 136.995623099999989, 35.042274 ], [ 136.996088500000013, 35.0421504 ], [ 136.996822400000013, 35.0419935 ], [ 136.9973367, 35.0419251 ], [ 136.9976038, 35.0418808 ], [ 136.9979285, 35.0418131 ], [ 136.99821080000001, 35.0417372 ], [ 136.998561200000012, 35.041626 ], [ 136.998897699999986, 35.041497 ], [ 136.9992594, 35.0413723 ], [ 136.9995585, 35.0412763 ], [ 136.9996751, 35.0412389 ] ], [ [ 136.998974299999986, 35.0405473 ], [ 136.9996751, 35.0412389 ] ] ] } },
{ "type": "Feature", "properties": { "lot_id": "L91", "segment_ids": "S1090; S2226", "n_segments": 2, "length_total_m": 564.9802981443006, "duration_days": 2, "primary_corridor_id": "23", "hard_disaster": false, "hard_metapath": false, "hard": false, "cost_k": 564.9802981443006, "impact_weight_k": 0.0 }, "geometry": { "type": "MultiLineString", "coordinates": [ [ [ 136.9915202, 35.0432662 ], [ 136.9910692, 35.0433799 ], [ 136.99052, 35.043505 ], [ 136.9900571, 35.0435949 ], [ 136.9895913, 35.0436648 ], [ 136.9889221, 35.0437322 ], [ 136.9883001, 35.0437371 ] ], [ [ 136.994206600000012, 35.0423412 ], [ 136.9936271, 35.0425331 ], [ 136.9925934, 35.042873 ], [ 136.9918003, 35.0431263 ], [ 136.9915202, 35.0432662 ] ] ] } },
{ "type": "Feature", "properties": { "lot_id": "L92", "segment_ids": "S1100; S2429", "n_segments": 2, "length_total_m": 16.915908133988424, "duration_days": 1, "primary_corridor_id": "155", "hard_disaster": true, "hard_metapath": false, "hard": true, "cost_k": 16.915908133988424, "impact_weight_k": 0.0 }, "geometry": { "type": "MultiLineString", "coordinates": [ [ [ 137.0934125, 35.0383134 ], [ 137.0933695, 35.0382647 ] ], [ [ 137.0933695, 35.0382647 ], [ 137.093284899999986, 35.0383253 ] ] ] } },
{ "type": "Feature", "properties": { "lot_id": "L93", "segment_ids": "S1101; S1102; S2495; S2496", "n_segments": 4, "length_total_m": 815.57425586160298, "duration_days": 2, "primary_corridor_id": "155", "hard_disaster": false, "hard_metapath": false, "hard": false, "cost_k": 815.57425586160298, "impact_weight_k": 0.0 }, "geometry": { "type": "MultiLineString", "coordinates": [ [ [ 137.083702, 35.0292054 ], [ 137.083562300000011, 35.0290947 ], [ 137.0830219, 35.0286511 ], [ 137.082344400000011, 35.0281091 ], [ 137.081273399999986, 35.027236 ], [ 137.080925400000012, 35.026946 ], [ 137.0807561, 35.0267918 ], [ 137.0804871, 35.0265371 ] ], [ [ 137.0804871, 35.0265371 ], [ 137.080076600000012, 35.0261143 ], [ 137.0797466, 35.0257431 ], [ 137.0795913, 35.0255744 ], [ 137.079567, 35.0255481 ] ], [ [ 137.0786683, 35.0247987 ], [ 137.07915460000001, 35.0253444 ], [ 137.0793524, 35.0255569 ], [ 137.079543199999989, 35.02577 ], [ 137.0795876, 35.0258197 ] ], [ [ 137.0786683, 35.0247987 ], [ 137.078694899999988, 35.0248222 ], [ 137.078730400000012, 35.0248477 ], [ 137.0787834, 35.0248801 ], [ 137.078822300000013, 35.0249084 ], [ 137.0788629, 35.0249381 ], [ 137.0789609, 35.0250091 ], [ 137.0790231, 35.0250627 ], [ 137.0793837, 35.0254583 ], [ 137.0794275, 35.0254998 ], [ 137.0794553, 35.0255212 ], [ 137.07948780000001, 35.0255402 ], [ 137.0795081, 35.0255474 ], [ 137.0795311, 35.0255514 ], [ 137.079552400000011, 35.0255518 ], [ 137.079567, 35.0255481 ] ] ] } },
{ "type": "Feature", "properties": { "lot_id": "L94", "segment_ids": "S1114", "n_segments": 1, "length_total_m": 80.970793818055768, "duration_days": 1, "primary_corridor_id": "segment_1114", "hard_disaster": false, "hard_metapath": false, "hard": false, "cost_k": 80.970793818055768, "impact_weight_k": 0.0 }, "geometry": { "type": "LineString", "coordinates": [ [ 136.937975099999989, 35.0478293 ], [ 136.9388051, 35.0480911 ] ] } },
{ "type": "Feature", "properties": { "lot_id": "L95", "segment_ids": "S1124", "n_segments": 1, "length_total_m": 479.47501555075002, "duration_days": 1, "primary_corridor_id": "56", "hard_disaster": false, "hard_metapath": false, "hard": false, "cost_k": 479.47501555075002, "impact_weight_k": 0.0 }, "geometry": { "type": "LineString", "coordinates": [ [ 137.0819084, 35.0158075 ], [ 137.0813929, 35.0160593 ], [ 137.0807429, 35.0163913 ], [ 137.0802086, 35.0166583 ], [ 137.079839099999987, 35.0168353 ], [ 137.079216800000012, 35.0171726 ], [ 137.07865240000001, 35.017487 ], [ 137.0775478, 35.0182126 ] ] } },
{ "type": "Feature", "properties": { "lot_id": "L96", "segment_ids": "S1133", "n_segments": 1, "length_total_m": 51.060183050023973, "duration_days": 1, "primary_corridor_id": "302", "hard_disaster": false, "hard_metapath": false, "hard": false, "cost_k": 51.060183050023973, "impact_weight_k": 0.0 }, "geometry": { "type": "LineString", "coordinates": [ [ 137.0047516, 35.1708004 ], [ 137.004533, 35.1712234 ] ] } },
{ "type": "Feature", "properties": { "lot_id": "L97", "segment_ids": "S1136; S1145", "n_segments": 2, "length_total_m": 1562.8348441841406, "duration_days": 4, "primary_corridor_id": "6", "hard_disaster": false, "hard_metapath": false, "hard": false, "cost_k": 1562.8348441841406, "impact_weight_k": 0.0 }, "geometry": { "type": "MultiLineString", "coordinates": [ [ [ 137.0711602, 35.1723322 ], [ 137.071434900000014, 35.1723629 ], [ 137.0716493, 35.1723881 ], [ 137.0718684, 35.17242 ], [ 137.072071200000011, 35.1724509 ], [ 137.0722289, 35.1724776 ], [ 137.0723982, 35.1725125 ], [ 137.0725653, 35.1725509 ], [ 137.0727435, 35.1725995 ], [ 137.0730802, 35.1727162 ], [ 137.07353280000001, 35.1728973 ], [ 137.07387940000001, 35.1730389 ], [ 137.074206800000013, 35.1732121 ], [ 137.074457200000012, 35.1733774 ], [ 137.074794200000014, 35.1735978 ], [ 137.0753358, 35.1739677 ], [ 137.0754393, 35.1740606 ], [ 137.075576, 35.1741539 ], [ 137.0757841, 35.174296 ], [ 137.075839, 35.174333 ], [ 137.0759876, 35.1744196 ], [ 137.076048, 35.1744661 ], [ 137.0766049, 35.174858 ], [ 137.077049499999987, 35.1751457 ], [ 137.0775501, 35.175441 ], [ 137.078023800000011, 35.1756853 ], [ 137.0785592, 35.1759092 ], [ 137.0790065, 35.176094 ], [ 137.0793529, 35.1762025 ], [ 137.0797296, 35.1763061 ], [ 137.079952600000013, 35.1763326 ] ], [ [ 137.0742653, 35.1731429 ], [ 137.074434599999989, 35.1732427 ], [ 137.0746039, 35.173349 ], [ 137.0750174, 35.1736408 ], [ 137.075641499999989, 35.1740755 ], [ 137.0764183, 35.1746168 ], [ 137.0772019, 35.1751596 ], [ 137.0776736, 35.1754313 ], [ 137.077805399999988, 35.1755008 ], [ 137.078016, 35.1756087 ], [ 137.07829670000001, 35.1757428 ], [ 137.0785802, 35.1758681 ], [ 137.0789423, 35.1760112 ], [ 137.0792798, 35.1761314 ], [ 137.079643800000014, 35.1762482 ], [ 137.079952600000013, 35.1763326 ] ] ] } },
{ "type": "Feature", "properties": { "lot_id": "L98", "segment_ids": "S1142; S1840; S2709", "n_segments": 3, "length_total_m": 1631.7255025048325, "duration_days": 4, "primary_corridor_id": "6", "hard_disaster": true, "hard_metapath": false, "hard": true, "cost_k": 1631.7255025048325, "impact_weight_k": 0.0 }, "geometry": { "type": "MultiLineString", "coordinates": [ [ [ 137.0348344, 35.1722672 ], [ 137.035694299999989, 35.1721528 ], [ 137.037098899999989, 35.17197 ], [ 137.038311099999987, 35.1718382 ], [ 137.0383975, 35.1718266 ], [ 137.03928350000001, 35.1717075 ], [ 137.0417573, 35.1713734 ], [ 137.042426799999987, 35.1712973 ], [ 137.0436293, 35.1711417 ], [ 137.0438437, 35.1711248 ], [ 137.0444129, 35.1710898 ], [ 137.044745299999988, 35.1710833 ], [ 137.0449046, 35.171088 ], [ 137.0452522, 35.1710983 ], [ 137.0455972, 35.1711147 ], [ 137.046077200000013, 35.1711471 ], [ 137.0476252, 35.1713484 ], [ 137.048407200000014, 35.1714447 ], [ 137.048541699999987, 35.171463 ], [ 137.048694500000011, 35.171484 ], [ 137.048945300000014, 35.1715172 ], [ 137.0496908, 35.1716174 ], [ 137.0511567, 35.1718089 ], [ 137.051341400000013, 35.171833 ] ], [ [ 137.051341400000013, 35.171833 ], [ 137.0514674, 35.1718365 ] ], [ [ 137.0351624, 35.1731572 ], [ 137.0351569, 35.173094 ], [ 137.0350585, 35.1728126 ], [ 137.0348344, 35.1722672 ] ] ] } },
{ "type": "Feature", "properties": { "lot_id": "L99", "segment_ids": "S1146; S1147", "n_segments": 2, "length_total_m": 769.98497699625, "duration_days": 2, "primary_corridor_id": "6", "hard_disaster": false, "hard_metapath": false, "hard": false, "cost_k": 769.98497699625, "impact_weight_k": 0.0 }, "geometry": { "type": "MultiLineString", "coordinates": [ [ [ 137.0930368, 35.1792868 ], [ 137.0939501, 35.1793308 ], [ 137.09455220000001, 35.1793486 ], [ 137.0952341, 35.1793472 ], [ 137.0954578, 35.179383 ], [ 137.09581080000001, 35.1794802 ], [ 137.0958968, 35.1795099 ], [ 137.096103199999988, 35.1795812 ], [ 137.0964166, 35.1796339 ] ], [ [ 137.0930368, 35.1792868 ], [ 137.0952522, 35.1792916 ], [ 137.0958815, 35.1793237 ], [ 137.0962716, 35.1793406 ], [ 137.0965158, 35.179351 ], [ 137.0973669, 35.1793869 ], [ 137.098068, 35.1794076 ] ] ] } },
{ "type": "Feature", "properties": { "lot_id": "L100", "segment_ids": "S1157", "n_segments": 1, "length_total_m": 946.49797922434379, "duration_days": 10, "primary_corridor_id": "50", "hard_disaster": true, "hard_metapath": false, "hard": true, "cost_k": 946.49797922434379, "impact_weight_k": 0.0 }, "geometry": { "type": "LineString", "coordinates": [ [ 136.9465371, 35.077602 ], [ 136.9464926, 35.0775331 ], [ 136.9462757, 35.0771976 ], [ 136.9460689, 35.0768682 ], [ 136.945855, 35.0765447 ], [ 136.9458391, 35.0765192 ], [ 136.9456465, 35.0762102 ], [ 136.9454089, 35.0758557 ], [ 136.9451689, 35.0754818 ], [ 136.9451306, 35.0754336 ], [ 136.9449782, 35.0751919 ], [ 136.9448095, 35.074922 ], [ 136.944789500000013, 35.0748901 ], [ 136.9446419, 35.0746685 ], [ 136.944616200000013, 35.0746299 ], [ 136.944581199999988, 35.0745738 ], [ 136.9444796, 35.0744155 ], [ 136.9443618, 35.0742348 ], [ 136.9441836, 35.0739677 ], [ 136.9439554, 35.0737109 ], [ 136.943589800000012, 35.0733838 ], [ 136.9428077, 35.0728359 ], [ 136.942439799999988, 35.0725817 ], [ 136.942422599999986, 35.0725698 ], [ 136.941602100000011, 35.0720063 ], [ 136.941075500000011, 35.0716324 ], [ 136.940990199999987, 35.0715718 ], [ 136.9407956, 35.0714389 ], [ 136.9404554, 35.0712024 ], [ 136.9404366, 35.0711891 ], [ 136.9402057, 35.0710257 ] ] } },
{ "type": "Feature", "properties": { "lot_id": "L101", "segment_ids": "S1163", "n_segments": 1, "length_total_m": 3479.4508578767545, "duration_days": 7, "primary_corridor_id": "30", "hard_disaster": false, "hard_metapath": false, "hard": false, "cost_k": 3479.4508578767545, "impact_weight_k": 0.0 }, "geometry": { "type": "LineString", "coordinates": [ [ 136.9567063, 35.1966756 ], [ 136.9567109, 35.1966402 ], [ 136.95671440000001, 35.1966128 ], [ 136.9567441, 35.1961991 ], [ 136.9567463, 35.196163 ], [ 136.956751200000014, 35.1961335 ], [ 136.956769799999989, 35.1959498 ], [ 136.9568071, 35.1955508 ], [ 136.956819599999989, 35.1952919 ], [ 136.956829, 35.1950898 ], [ 136.956814900000012, 35.1947752 ], [ 136.9568007, 35.1944573 ], [ 136.9567889, 35.1943663 ], [ 136.956739700000014, 35.1940247 ], [ 136.9567251, 35.1939231 ], [ 136.956693199999989, 35.1936663 ], [ 136.9566269, 35.1933993 ], [ 136.9566187, 35.1933661 ], [ 136.9561927, 35.1916729 ], [ 136.9561837, 35.191637 ], [ 136.9561721, 35.1916007 ], [ 136.9558151, 35.190454 ], [ 136.95572, 35.1901432 ], [ 136.9557049, 35.1900965 ], [ 136.95568080000001, 35.1900222 ], [ 136.9555444, 35.1895794 ], [ 136.955260900000013, 35.1887405 ], [ 136.9552215, 35.188624 ], [ 136.955215, 35.188605 ], [ 136.9551789, 35.1884789 ], [ 136.9548455, 35.187315 ], [ 136.954582, 35.1864135 ], [ 136.954501099999987, 35.1861242 ], [ 136.954318199999989, 35.1855519 ], [ 136.9542591, 35.1852955 ], [ 136.9542126, 35.1850007 ], [ 136.9542109, 35.1848422 ], [ 136.954208200000011, 35.1845995 ], [ 136.9542564, 35.1843255 ], [ 136.9543128, 35.1840953 ], [ 136.9545032, 35.183635 ], [ 136.9548671, 35.1829841 ], [ 136.9549261, 35.1829036 ], [ 136.9552177, 35.1823478 ], [ 136.9556188, 35.1815939 ], [ 136.955793300000011, 35.181229 ], [ 136.955906, 35.1808826 ], [ 136.9559616, 35.1803836 ], [ 136.9560285, 35.179467 ], [ 136.9561182, 35.1783005 ], [ 136.9561664, 35.1775006 ], [ 136.9562101, 35.1769218 ], [ 136.9562172, 35.1767331 ], [ 136.9562235, 35.1764308 ], [ 136.9562564, 35.1759907 ], [ 136.95626390000001, 35.1758903 ], [ 136.956341, 35.1748605 ], [ 136.956341900000012, 35.1748491 ], [ 136.956342799999987, 35.1747387 ], [ 136.9563638, 35.1743543 ], [ 136.9563999, 35.1741665 ], [ 136.9564849, 35.1738644 ], [ 136.956603800000011, 35.1735267 ], [ 136.9568126, 35.1728878 ], [ 136.9570211, 35.1722814 ], [ 136.9570548, 35.1721888 ], [ 136.9571099, 35.172052 ], [ 136.9571456, 35.171961 ], [ 136.957238600000011, 35.1716909 ], [ 136.9572598, 35.1716124 ], [ 136.957365399999986, 35.1712194 ], [ 136.957388900000012, 35.171014 ], [ 136.9574182, 35.170818 ], [ 136.9574445, 35.1684312 ], [ 136.957454500000011, 35.1677113 ], [ 136.9574542, 35.1675383 ], [ 136.9574531, 35.1673168 ], [ 136.957451099999986, 35.1669101 ], [ 136.9574538, 35.1662905 ], [ 136.9574538, 35.1662675 ], [ 136.9574491, 35.1660195 ] ] } },
{ "type": "Feature", "properties": { "lot_id": "L102", "segment_ids": "S1189", "n_segments": 1, "length_total_m": 924.09375756444433, "duration_days": 2, "primary_corridor_id": "3", "hard_disaster": false, "hard_metapath": false, "hard": false, "cost_k": 924.09375756444433, "impact_weight_k": 0.0 }, "geometry": { "type": "LineString", "coordinates": [ [ 136.940865800000012, 35.0528312 ], [ 136.9407484, 35.0529244 ], [ 136.940620599999988, 35.053013 ], [ 136.940359699999988, 35.0531717 ], [ 136.9401595, 35.0532946 ], [ 136.939715, 35.0535415 ], [ 136.9389061, 35.0539751 ], [ 136.938184400000011, 35.0543538 ], [ 136.9375757, 35.0546831 ], [ 136.936845799999986, 35.0550827 ], [ 136.9361207, 35.0555127 ], [ 136.93562, 35.055806 ], [ 136.935162600000012, 35.0560745 ], [ 136.934512399999988, 35.0564755 ], [ 136.9340523, 35.056774 ], [ 136.9338727, 35.0568966 ], [ 136.933405599999986, 35.0572421 ], [ 136.9329157, 35.0576495 ], [ 136.9327485, 35.0577905 ] ] } },
{ "type": "Feature", "properties": { "lot_id": "L103", "segment_ids": "S1204", "n_segments": 1, "length_total_m": 186.83549034469573, "duration_days": 2, "primary_corridor_id": "2", "hard_disaster": true, "hard_metapath": false, "hard": true, "cost_k": 186.83549034469573, "impact_weight_k": 0.0 }, "geometry": { "type": "LineString", "coordinates": [ [ 136.9248699, 35.1603096 ], [ 136.922831300000013, 35.160523 ] ] } },
{ "type": "Feature", "properties": { "lot_id": "L104", "segment_ids": "S1212", "n_segments": 1, "length_total_m": 463.4891833214196, "duration_days": 1, "primary_corridor_id": "segment_1212", "hard_disaster": false, "hard_metapath": false, "hard": false, "cost_k": 463.4891833214196, "impact_weight_k": 0.0 }, "geometry": { "type": "MultiLineString", "coordinates": [ [ [ 136.9446916, 35.0491788 ], [ 136.944283, 35.0495305 ], [ 136.944158354059113, 35.049642759020578 ] ], [ [ 136.944158354059113, 35.049642759020578 ], [ 136.94397810000001, 35.0498051 ], [ 136.9438054, 35.0499629 ], [ 136.9436686, 35.0500971 ], [ 136.9435958, 35.050157 ], [ 136.9435214, 35.0502051 ], [ 136.9434431, 35.0502472 ], [ 136.943378, 35.0502767 ], [ 136.9432951, 35.0503025 ], [ 136.943204, 35.050315 ], [ 136.943107, 35.0503133 ], [ 136.9430195, 35.0502969 ], [ 136.942932399999989, 35.0502677 ], [ 136.9428541, 35.0502313 ], [ 136.9427862, 35.050182 ], [ 136.9427326, 35.0501304 ], [ 136.942686900000012, 35.0500684 ], [ 136.9426555, 35.0499928 ], [ 136.9426365, 35.049916 ], [ 136.9426334, 35.0498389 ], [ 136.942644300000012, 35.0497681 ], [ 136.942672, 35.0497046 ], [ 136.94271470000001, 35.0496426 ], [ 136.9427696, 35.0495815 ], [ 136.94283440000001, 35.0495301 ], [ 136.9429098, 35.04949 ], [ 136.942993699999988, 35.0494601 ], [ 136.9430784, 35.049442 ], [ 136.9431611, 35.049434 ], [ 136.9432553, 35.0494323 ], [ 136.9433531, 35.0494409 ], [ 136.9434539, 35.0494598 ], [ 136.9435853, 35.0494891 ], [ 136.9440535, 35.04962 ], [ 136.944158354059113, 35.049642759020578 ] ], [ [ 136.944158354059113, 35.049642759020578 ], [ 136.944427600000012, 35.0497012 ] ] ] } },
{ "type": "Feature", "properties": { "lot_id": "L105", "segment_ids": "S1220; S3181", "n_segments": 2, "length_total_m": 2467.147290686642, "duration_days": 8, "primary_corridor_id": "153", "hard_disaster": true, "hard_metapath": false, "hard": true, "cost_k": 2467.147290686642, "impact_weight_k": 0.0 }, "geometry": { "type": "MultiLineString", "coordinates": [ [ [ 137.0494747, 35.1045728 ], [ 137.0487695, 35.1046937 ], [ 137.0485132, 35.1047336 ], [ 137.0480215, 35.1048007 ], [ 137.0478252, 35.1048275 ], [ 137.0476673, 35.1048578 ], [ 137.047149499999989, 35.104957 ], [ 137.046784699999989, 35.1050184 ], [ 137.0462911, 35.1050886 ], [ 137.0458727, 35.1051501 ], [ 137.045512800000012, 35.1052114 ] ], [ [ 137.045512800000012, 35.1052114 ], [ 137.0448839, 35.1053186 ], [ 137.044340299999988, 35.1054532 ], [ 137.044103799999988, 35.1055109 ], [ 137.0437784, 35.1056114 ], [ 137.0433935, 35.1057487 ], [ 137.042974500000014, 35.1059213 ], [ 137.0426162, 35.1060815 ], [ 137.0421433, 35.1063329 ], [ 137.041894, 35.1064692 ], [ 137.0416509, 35.1066115 ], [ 137.0411306, 35.1069757 ], [ 137.040559300000012, 35.1074299 ], [ 137.039731, 35.1081096 ], [ 137.0394354, 35.10838 ], [ 137.0392077, 35.1085759 ], [ 137.0376537, 35.1098676 ], [ 137.0375661, 35.1099377 ], [ 137.03706840000001, 35.1103362 ], [ 137.0364684, 35.1108543 ], [ 137.036185100000012, 35.1110996 ], [ 137.035987299999988, 35.1112581 ], [ 137.0357792, 35.1114248 ], [ 137.035530099999988, 35.111645 ], [ 137.0350436, 35.1120317 ], [ 137.034930800000012, 35.1121165 ], [ 137.0345437, 35.1123998 ], [ 137.034023, 35.1127623 ], [ 137.033983299999989, 35.11279 ], [ 137.0334771, 35.1131087 ], [ 137.0332765, 35.1132355 ], [ 137.0332458, 35.1132549 ], [ 137.032654799999989, 35.1136284 ], [ 137.032062200000013, 35.1139856 ], [ 137.0315879, 35.114282 ], [ 137.0309725, 35.1146895 ], [ 137.0306937, 35.1148572 ], [ 137.030047, 35.1152506 ], [ 137.0296419, 35.1154952 ], [ 137.029520600000012, 35.1155663 ], [ 137.0282411, 35.1163262 ], [ 137.0277781, 35.1166012 ], [ 137.027546, 35.1167407 ] ] ] } },
{ "type": "Feature", "properties": { "lot_id": "L106", "segment_ids": "S1221; S1781", "n_segments": 2, "length_total_m": 1895.5977704540087, "duration_days": 4, "primary_corridor_id": "56", "hard_disaster": false, "hard_metapath": false, "hard": false, "cost_k": 1895.5977704540087, "impact_weight_k": 0.0 }, "geometry": { "type": "MultiLineString", "coordinates": [ [ [ 137.0335522, 35.0596084 ], [ 137.0344614, 35.0580381 ], [ 137.034471, 35.0580215 ], [ 137.0354405, 35.0570172 ], [ 137.0356232, 35.0568588 ], [ 137.0357051, 35.0567878 ], [ 137.0366163, 35.0559762 ], [ 137.037011799999988, 35.0556213 ], [ 137.0383808, 35.0542957 ], [ 137.0397075, 35.0530956 ], [ 137.0405251, 35.0523486 ], [ 137.0407371, 35.0521615 ], [ 137.041394200000013, 35.0515321 ], [ 137.041945, 35.0510621 ] ], [ [ 137.041945, 35.0510621 ], [ 137.042125700000014, 35.0509016 ], [ 137.042556100000013, 35.0505275 ], [ 137.0439461, 35.0492762 ], [ 137.044148799999988, 35.0491082 ], [ 137.0449504, 35.0483757 ], [ 137.0449664, 35.0483615 ], [ 137.0452784, 35.0480837 ], [ 137.045526099999989, 35.0478718 ], [ 137.045811, 35.0476039 ], [ 137.045991500000014, 35.0474342 ], [ 137.0463861, 35.047022 ], [ 137.0465864, 35.0467543 ], [ 137.0467592, 35.0465239 ] ] ] } },
{ "type": "Feature", "properties": { "lot_id": "L107", "segment_ids": "S1227; S1228; S1259", "n_segments": 3, "length_total_m": 3775.7988296375161, "duration_days": 8, "primary_corridor_id": "62", "hard_disaster": false, "hard_metapath": false, "hard": false, "cost_k": 3775.7988296375161, "impact_weight_k": 0.0 }, "geometry": { "type": "MultiLineString", "coordinates": [ [ [ 136.9087217, 35.2443883 ], [ 136.9084196, 35.2443644 ] ], [ [ 136.9087217, 35.2443883 ], [ 136.9087326, 35.2442793 ] ], [ [ 136.9084196, 35.2443644 ], [ 136.9070505, 35.2443302 ], [ 136.90591, 35.2443028 ], [ 136.90436840000001, 35.2442657 ], [ 136.9043445, 35.2442647 ], [ 136.9042186, 35.2442596 ], [ 136.904201699999987, 35.2442589 ], [ 136.9030578, 35.2442078 ], [ 136.9021529, 35.2441814 ], [ 136.9016461, 35.2441767 ], [ 136.90147, 35.244165 ], [ 136.901336500000014, 35.2441629 ], [ 136.900568, 35.2441401 ], [ 136.9005411, 35.2441401 ], [ 136.9003916, 35.2441399 ], [ 136.899979, 35.2441394 ], [ 136.8996779, 35.2441224 ], [ 136.899513, 35.2441131 ], [ 136.899124699999987, 35.2440616 ], [ 136.898739400000011, 35.2439833 ], [ 136.8986156, 35.2439582 ], [ 136.8977411, 35.2437774 ], [ 136.8974818, 35.2437254 ], [ 136.8962775, 35.2434855 ], [ 136.895745, 35.2433749 ], [ 136.8955702, 35.2433386 ], [ 136.8954024, 35.2433058 ], [ 136.895098100000013, 35.2432462 ], [ 136.8948428, 35.2431962 ], [ 136.894228199999986, 35.2430807 ], [ 136.893411, 35.2429519 ], [ 136.893226, 35.2429234 ], [ 136.892926100000011, 35.2428771 ], [ 136.8924465, 35.2428032 ], [ 136.8919406, 35.2427252 ], [ 136.8904159, 35.2424906 ], [ 136.8900315, 35.2424307 ], [ 136.8894419, 35.2423389 ], [ 136.8892726, 35.2423126 ], [ 136.888943, 35.2422613 ], [ 136.8886604, 35.2422172 ], [ 136.8884908, 35.2421908 ], [ 136.8877019, 35.2420581 ], [ 136.8874351, 35.2420224 ], [ 136.887217600000014, 35.2419932 ], [ 136.8870038, 35.2419641 ], [ 136.8868032, 35.2419473 ], [ 136.8866639, 35.2419385 ], [ 136.886369300000013, 35.2419209 ], [ 136.8860128, 35.241914 ], [ 136.8856887, 35.2419077 ], [ 136.8848274, 35.2418935 ], [ 136.8847074, 35.2418903 ], [ 136.884098, 35.2418741 ], [ 136.883339400000011, 35.241815 ], [ 136.8831633, 35.2418014 ], [ 136.8829776, 35.2417871 ], [ 136.882297599999987, 35.2417347 ], [ 136.8819814, 35.2417103 ], [ 136.8811538, 35.2416454 ], [ 136.880793, 35.2416171 ], [ 136.880692900000014, 35.2416093 ], [ 136.8805896, 35.2416018 ], [ 136.880484200000012, 35.2415941 ], [ 136.879786700000011, 35.2415431 ], [ 136.8796451, 35.2415328 ], [ 136.8794696, 35.2415186 ], [ 136.8792391, 35.2414999 ], [ 136.8785202, 35.2414418 ], [ 136.8783769, 35.2414302 ], [ 136.8783459, 35.2414277 ], [ 136.8782072, 35.2414171 ], [ 136.8773732, 35.2413536 ], [ 136.8763796, 35.2412779 ], [ 136.87532, 35.2411961 ], [ 136.874405599999989, 35.2411251 ], [ 136.8736878, 35.2410802 ], [ 136.8735227, 35.2410751 ], [ 136.873363399999988, 35.2410701 ], [ 136.873226, 35.2410733 ], [ 136.872923500000013, 35.2410805 ], [ 136.87244, 35.2410919 ], [ 136.8712595, 35.2411335 ], [ 136.8706666, 35.2411486 ], [ 136.870497300000011, 35.2411535 ], [ 136.86992, 35.241174 ], [ 136.8696841, 35.2411749 ], [ 136.8692997, 35.2411673 ], [ 136.8690423, 35.2411497 ], [ 136.8687108, 35.2411292 ], [ 136.8684796, 35.2411149 ], [ 136.867624400000011, 35.2410387 ] ] ] } },
{ "type": "Feature", "properties": { "lot_id": "L108", "segment_ids": "S1239", "n_segments": 1, "length_total_m": 1203.7244834159844, "duration_days": 3, "primary_corridor_id": "E19", "hard_disaster": false, "hard_metapath": false, "hard": false, "cost_k": 1203.7244834159844, "impact_weight_k": 0.0 }, "geometry": { "type": "LineString", "coordinates": [ [ 136.986142, 35.2810645 ], [ 136.9851324, 35.2817312 ], [ 136.984643299999988, 35.2820453 ], [ 136.984266100000013, 35.2822655 ], [ 136.984153600000013, 35.2823223 ], [ 136.983942500000012, 35.2824287 ], [ 136.983845, 35.2824698 ], [ 136.9835196, 35.2826117 ], [ 136.9831326, 35.2827523 ], [ 136.9826794, 35.28288 ], [ 136.982069599999988, 35.2830408 ], [ 136.9817064, 35.2831334 ], [ 136.9815235, 35.2831866 ], [ 136.9813168, 35.2832518 ], [ 136.9811386, 35.2833059 ], [ 136.980977200000012, 35.2833773 ], [ 136.9807899, 35.283457 ], [ 136.9806054, 35.2835585 ], [ 136.980417100000011, 35.283677 ], [ 136.9802482, 35.2838086 ], [ 136.980092, 35.2839601 ], [ 136.9799648, 35.2840945 ], [ 136.9798726, 35.2842025 ], [ 136.9797747, 35.2843525 ], [ 136.97969470000001, 35.2845015 ], [ 136.979630500000013, 35.2846344 ], [ 136.9795699, 35.2847682 ], [ 136.9795019, 35.2850099 ], [ 136.979471600000011, 35.2851889 ], [ 136.9794579, 35.2853859 ], [ 136.9794599, 35.2855451 ], [ 136.9794834, 35.285729 ], [ 136.9795164, 35.2858952 ], [ 136.979586899999987, 35.2861799 ], [ 136.97962720000001, 35.286308 ], [ 136.9796795, 35.2864241 ], [ 136.9797752, 35.2866424 ], [ 136.9798782, 35.2868443 ], [ 136.9799787, 35.2870156 ], [ 136.980299300000013, 35.2875287 ], [ 136.9806328, 35.2880652 ], [ 136.9809304, 35.2886169 ] ] } },
{ "type": "Feature", "properties": { "lot_id": "L109", "segment_ids": "S1268", "n_segments": 1, "length_total_m": 316.20805777855674, "duration_days": 1, "primary_corridor_id": "segment_1268", "hard_disaster": false, "hard_metapath": false, "hard": false, "cost_k": 316.20805777855674, "impact_weight_k": 0.0 }, "geometry": { "type": "MultiLineString", "coordinates": [ [ [ 136.910317099999986, 35.1945823 ], [ 136.910407, 35.1944187 ], [ 136.9104697, 35.1943597 ], [ 136.9105324, 35.1943183 ], [ 136.9106108, 35.1942922 ], [ 136.910703500000011, 35.1942884 ], [ 136.910834, 35.1943093 ], [ 136.910898800000012, 35.1943457 ], [ 136.9109489, 35.1944034 ], [ 136.91098, 35.1944763 ], [ 136.910965694875983, 35.194544219286207 ] ], [ [ 136.910965694875983, 35.194544219286207 ], [ 136.910956199999987, 35.1945893 ], [ 136.9109176, 35.1946376 ], [ 136.9108357, 35.1946976 ], [ 136.910746100000011, 35.1947264 ], [ 136.910693, 35.1947359 ], [ 136.91064, 35.1947345 ], [ 136.9105869, 35.1947221 ], [ 136.9105365, 35.194702 ], [ 136.9104883, 35.1946633 ], [ 136.910458799999986, 35.1946203 ], [ 136.9104433, 35.1945759 ], [ 136.910442499999988, 35.194527 ], [ 136.9104581, 35.1944469 ], [ 136.9105174, 35.1943802 ], [ 136.9106018, 35.1943374 ], [ 136.9106798, 35.1943263 ], [ 136.91076910000001, 35.1943379 ], [ 136.910853300000014, 35.1943715 ], [ 136.9109028, 35.1944113 ], [ 136.9109362, 35.1944598 ], [ 136.9109618, 35.1945218 ], [ 136.910965694875983, 35.194544219286207 ] ], [ [ 136.910965694875983, 35.194544219286207 ], [ 136.9109741, 35.1945926 ], [ 136.910993600000012, 35.1947478 ], [ 136.9110245, 35.1948285 ], [ 136.9111581, 35.1949266 ], [ 136.9114276, 35.1950185 ] ] ] } },
{ "type": "Feature", "properties": { "lot_id": "L110", "segment_ids": "S1283", "n_segments": 1, "length_total_m": 78.131947128710209, "duration_days": 1, "primary_corridor_id": "302", "hard_disaster": false, "hard_metapath": false, "hard": false, "cost_k": 78.131947128710209, "impact_weight_k": 0.0 }, "geometry": { "type": "LineString", "coordinates": [ [ 136.970774299999988, 35.22236 ], [ 136.9701696, 35.2228597 ] ] } },
{ "type": "Feature", "properties": { "lot_id": "L111", "segment_ids": "S1310; S2584", "n_segments": 2, "length_total_m": 533.02705152595854, "duration_days": 3, "primary_corridor_id": "23", "hard_disaster": true, "hard_metapath": false, "hard": true, "cost_k": 533.02705152595854, "impact_weight_k": 0.0 }, "geometry": { "type": "MultiLineString", "coordinates": [ [ [ 136.939274, 35.0536982 ], [ 136.938857500000012, 35.0539313 ], [ 136.9387964, 35.053963 ], [ 136.9386335, 35.0540474 ], [ 136.9373947, 35.0546895 ], [ 136.9369451, 35.054936 ], [ 136.9356697, 35.0557187 ] ], [ [ 136.9356697, 35.0557187 ], [ 136.9345892, 35.0565524 ] ] ] } },
{ "type": "Feature", "properties": { "lot_id": "L112", "segment_ids": "S1313", "n_segments": 1, "length_total_m": 270.32791860118209, "duration_days": 3, "primary_corridor_id": "23", "hard_disaster": true, "hard_metapath": false, "hard": true, "cost_k": 270.32791860118209, "impact_weight_k": 0.0 }, "geometry": { "type": "LineString", "coordinates": [ [ 136.9323415, 35.0590404 ], [ 136.9332257, 35.0580086 ], [ 136.933652599999988, 35.0575286 ], [ 136.9341511, 35.0571206 ] ] } },
{ "type": "Feature", "properties": { "lot_id": "L113", "segment_ids": "S1314", "n_segments": 1, "length_total_m": 295.96371105725916, "duration_days": 3, "primary_corridor_id": "segment_1314", "hard_disaster": true, "hard_metapath": false, "hard": true, "cost_k": 295.96371105725916, "impact_weight_k": 0.0 }, "geometry": { "type": "LineString", "coordinates": [ [ 136.968287299999986, 35.0435439 ], [ 136.9681519, 35.0434832 ], [ 136.9675511, 35.0434617 ], [ 136.966652399999987, 35.0434169 ], [ 136.965995099999986, 35.0433809 ], [ 136.9658622, 35.0433731 ], [ 136.965468, 35.0433693 ], [ 136.9650594, 35.0433755 ] ] } },
{ "type": "Feature", "properties": { "lot_id": "L114", "segment_ids": "S1317; S1964; S1965", "n_segments": 3, "length_total_m": 166.29686640500137, "duration_days": 1, "primary_corridor_id": "segment_1317", "hard_disaster": true, "hard_metapath": false, "hard": true, "cost_k": 166.29686640500137, "impact_weight_k": 0.0 }, "geometry": { "type": "MultiLineString", "coordinates": [ [ [ 136.9634848, 35.0436682 ], [ 136.964355500000011, 35.0438724 ] ], [ [ 136.9639526, 35.043989 ], [ 136.9640576, 35.043958 ], [ 136.9641168, 35.0438935 ], [ 136.964217, 35.0438821 ], [ 136.964355500000011, 35.0438724 ] ], [ [ 136.964355500000011, 35.0438724 ], [ 136.964826, 35.0438628 ] ] ] } },
{ "type": "Feature", "properties": { "lot_id": "L115", "segment_ids": "S1322; S1377", "n_segments": 2, "length_total_m": 891.75151335451574, "duration_days": 5, "primary_corridor_id": "segment_1322", "hard_disaster": true, "hard_metapath": false, "hard": true, "cost_k": 891.75151335451574, "impact_weight_k": 0.0 }, "geometry": { "type": "MultiLineString", "coordinates": [ [ [ 136.9475876, 35.0504762 ], [ 136.9473285, 35.0504069 ], [ 136.9471799, 35.0503639 ], [ 136.947047, 35.0503173 ], [ 136.9469343, 35.0502681 ], [ 136.9468488, 35.0502181 ], [ 136.946761400000014, 35.0501567 ], [ 136.9466854, 35.0500868 ], [ 136.9466209, 35.0500136 ], [ 136.9465648, 35.0499286 ], [ 136.9465193, 35.0498416 ], [ 136.9464913, 35.0497577 ], [ 136.946469900000011, 35.0496581 ], [ 136.946461, 35.0495444 ], [ 136.946464, 35.0494027 ], [ 136.9464776, 35.0492403 ], [ 136.9464774, 35.0491386 ], [ 136.946472199999988, 35.049056 ], [ 136.9464566, 35.0489737 ], [ 136.946432, 35.0488889 ], [ 136.9463964, 35.0488003 ], [ 136.946349, 35.0487175 ], [ 136.946298500000012, 35.0486309 ], [ 136.946233, 35.0485497 ], [ 136.946137599999986, 35.0484759 ], [ 136.9460474, 35.0484247 ], [ 136.9459522, 35.0483897 ] ], [ [ 136.9425636, 35.0517816 ], [ 136.9434048, 35.0512765 ], [ 136.9437877, 35.0510354 ], [ 136.9439293, 35.0509521 ], [ 136.9440576, 35.0508836 ], [ 136.9441919, 35.050821 ], [ 136.9443101, 35.0507728 ], [ 136.9444402, 35.050723 ], [ 136.9445757, 35.0506769 ], [ 136.944717200000014, 35.0506372 ], [ 136.9448811, 35.0505965 ], [ 136.945049399999988, 35.0505647 ], [ 136.9452956, 35.0505227 ], [ 136.945440499999989, 35.0504948 ], [ 136.9455763, 35.0504599 ], [ 136.9456907, 35.05042 ], [ 136.9457993, 35.0503681 ], [ 136.9458938, 35.050311 ], [ 136.9459798, 35.0502483 ], [ 136.9460512, 35.0501847 ], [ 136.94612, 35.0500971 ], [ 136.946181200000012, 35.0499991 ], [ 136.9462304, 35.0498924 ], [ 136.9462715, 35.0497636 ], [ 136.9463026, 35.0496405 ], [ 136.946325699999989, 35.0495096 ], [ 136.9463442, 35.0493732 ], [ 136.9463577, 35.0492415 ], [ 136.9463653, 35.049126 ], [ 136.946362599999986, 35.0490147 ], [ 136.946351, 35.0489289 ], [ 136.9463298, 35.0488423 ], [ 136.946291300000013, 35.0487478 ], [ 136.9462369, 35.048661 ], [ 136.9461691, 35.0485759 ], [ 136.9461104, 35.0485149 ], [ 136.9460355, 35.0484479 ], [ 136.9459522, 35.0483897 ] ] ] } },
{ "type": "Feature", "properties": { "lot_id": "L116", "segment_ids": "S1350; S1351", "n_segments": 2, "length_total_m": 867.27896919992111, "duration_days": 2, "primary_corridor_id": "C1", "hard_disaster": false, "hard_metapath": false, "hard": false, "cost_k": 867.27896919992111, "impact_weight_k": 0.0 }, "geometry": { "type": "MultiLineString", "coordinates": [ [ [ 136.8897816, 35.1676603 ], [ 136.8897595, 35.1679525 ], [ 136.88974730000001, 35.1682817 ], [ 136.8897493, 35.1686247 ], [ 136.8898079, 35.1697646 ], [ 136.889824299999987, 35.1702151 ], [ 136.8898231, 35.1711012 ], [ 136.889806599999986, 35.1719367 ] ], [ [ 136.8897816, 35.1676603 ], [ 136.8898719, 35.167772 ], [ 136.889863600000012, 35.1681512 ], [ 136.889867900000013, 35.1684604 ], [ 136.8898623, 35.1686383 ], [ 136.889885099999987, 35.1691156 ], [ 136.8899211, 35.1692346 ], [ 136.889986, 35.1693214 ], [ 136.8900779, 35.169416 ], [ 136.8901732, 35.169472 ], [ 136.890281, 35.1695108 ], [ 136.8904234, 35.1695374 ], [ 136.890710399999989, 35.1695846 ], [ 136.8910319, 35.1696113 ], [ 136.8913976, 35.1696292 ], [ 136.8918789, 35.1696304 ], [ 136.8919927, 35.1696341 ], [ 136.8920925, 35.1696865 ] ] ] } },
{ "type": "Feature", "properties": { "lot_id": "L117", "segment_ids": "S1355", "n_segments": 1, "length_total_m": 196.18884601528845, "duration_days": 2, "primary_corridor_id": "segment_1355", "hard_disaster": true, "hard_metapath": false, "hard": true, "cost_k": 196.18884601528845, "impact_weight_k": 0.0 }, "geometry": { "type": "LineString", "coordinates": [ [ 137.0175769, 35.1745263 ], [ 137.0174831, 35.1745038 ], [ 137.017408100000011, 35.1744813 ], [ 137.0173395, 35.1744529 ], [ 137.0172781, 35.1744181 ], [ 137.017227600000012, 35.1743766 ], [ 137.017186400000014, 35.1743351 ], [ 137.0171547, 35.1742879 ], [ 137.017130900000012, 35.1742372 ], [ 137.0171177, 35.1741888 ], [ 137.0171145, 35.1741344 ], [ 137.0171193, 35.1740835 ], [ 137.0171343, 35.1740348 ], [ 137.017158200000011, 35.1739821 ], [ 137.017188800000014, 35.1739382 ], [ 137.017231399999986, 35.1738916 ], [ 137.017285, 35.1738424 ], [ 137.0173615, 35.1737947 ], [ 137.0174433, 35.1737515 ], [ 137.0177179, 35.1736129 ], [ 137.018146300000012, 35.1733866 ] ] } },
{ "type": "Feature", "properties": { "lot_id": "L118", "segment_ids": "S1360", "n_segments": 1, "length_total_m": 1492.5143545815818, "duration_days": 3, "primary_corridor_id": "521", "hard_disaster": false, "hard_metapath": false, "hard": false, "cost_k": 1492.5143545815818, "impact_weight_k": 0.0 }, "geometry": { "type": "LineString", "coordinates": [ [ 137.0520688, 35.1595644 ], [ 137.0522724, 35.160053 ], [ 137.0523705, 35.1603631 ], [ 137.0525614, 35.1608835 ], [ 137.0528261, 35.1615811 ], [ 137.0529422, 35.1618987 ], [ 137.0530392, 35.1622191 ], [ 137.0531943, 35.162697 ], [ 137.053360700000013, 35.1632229 ], [ 137.05355320000001, 35.1637915 ], [ 137.0536406, 35.1640362 ], [ 137.0537438, 35.1642906 ], [ 137.0538434, 35.1645183 ], [ 137.0539923, 35.164854 ], [ 137.0541984, 35.1652648 ], [ 137.0544195, 35.1656712 ], [ 137.0546258, 35.1660049 ], [ 137.0548426, 35.1663189 ], [ 137.0551288, 35.1666983 ], [ 137.0553732, 35.16702 ], [ 137.055818, 35.1675017 ], [ 137.0562641, 35.1679271 ], [ 137.056719, 35.1683249 ], [ 137.057257099999987, 35.1687539 ], [ 137.0577077, 35.1690909 ], [ 137.0581628, 35.1693886 ], [ 137.0585816, 35.1696534 ], [ 137.058928400000013, 35.1698572 ], [ 137.0593694, 35.1700891 ], [ 137.0594314, 35.1701187 ], [ 137.0597894, 35.1703523 ], [ 137.0599116, 35.1704225 ], [ 137.0603274, 35.1706122 ] ] } },
{ "type": "Feature", "properties": { "lot_id": "L119", "segment_ids": "S1362", "n_segments": 1, "length_total_m": 7.7449394616046936, "duration_days": 1, "primary_corridor_id": "6", "hard_disaster": false, "hard_metapath": false, "hard": false, "cost_k": 7.7449394616046936, "impact_weight_k": 0.0 }, "geometry": { "type": "LineString", "coordinates": [ [ 137.0628586, 35.1721185 ], [ 137.0627734, 35.1721175 ] ] } },
{ "type": "Feature", "properties": { "lot_id": "L120", "segment_ids": "S1368", "n_segments": 1, "length_total_m": 10.914441935913779, "duration_days": 1, "primary_corridor_id": "54;284", "hard_disaster": false, "hard_metapath": false, "hard": false, "cost_k": 10.914441935913779, "impact_weight_k": 0.0 }, "geometry": { "type": "LineString", "coordinates": [ [ 137.0369023, 35.0160246 ], [ 137.0368762, 35.0159288 ] ] } },
{ "type": "Feature", "properties": { "lot_id": "L121", "segment_ids": "S1381", "n_segments": 1, "length_total_m": 176.89637167017847, "duration_days": 2, "primary_corridor_id": "segment_1381", "hard_disaster": true, "hard_metapath": false, "hard": true, "cost_k": 176.89637167017847, "impact_weight_k": 0.0 }, "geometry": { "type": "LineString", "coordinates": [ [ 136.9544602, 35.0453722 ], [ 136.95516, 35.0450935 ], [ 136.9553071, 35.0450258 ], [ 136.9554302, 35.0449526 ], [ 136.9555292, 35.0448676 ], [ 136.9556256, 35.0447498 ], [ 136.955705599999987, 35.0446556 ], [ 136.9558035, 35.0445429 ], [ 136.9558825, 35.0444823 ], [ 136.9559745, 35.0444328 ] ] } },
{ "type": "Feature", "properties": { "lot_id": "L122", "segment_ids": "S1389; S1547", "n_segments": 2, "length_total_m": 1769.2568835619686, "duration_days": 4, "primary_corridor_id": "1", "hard_disaster": false, "hard_metapath": false, "hard": false, "cost_k": 1769.2568835619686, "impact_weight_k": 0.0 }, "geometry": { "type": "MultiLineString", "coordinates": [ [ [ 136.8692086, 35.1249351 ], [ 136.8697804, 35.1249653 ], [ 136.8708828, 35.1250209 ], [ 136.8721205, 35.1250787 ], [ 136.8733406, 35.1251401 ], [ 136.8746454, 35.1252095 ], [ 136.8757218, 35.1252423 ], [ 136.8761792, 35.1252519 ], [ 136.8769006, 35.1252651 ], [ 136.8773749, 35.1252738 ], [ 136.878466800000012, 35.1250235 ], [ 136.8797983, 35.1247241 ], [ 136.8810364, 35.1244433 ], [ 136.8819078, 35.124238 ], [ 136.8820763, 35.1241983 ], [ 136.8826301, 35.1240678 ], [ 136.8831204, 35.1239631 ], [ 136.8837345, 35.1238817 ], [ 136.8840427, 35.1238515 ], [ 136.8845383, 35.1238212 ], [ 136.884737800000011, 35.1238161 ], [ 136.885049, 35.1238081 ], [ 136.885565500000013, 35.1238087 ], [ 136.8860311, 35.1238133 ], [ 136.8867171, 35.1238289 ], [ 136.8875381, 35.1238475 ], [ 136.88796450000001, 35.1238572 ], [ 136.888204300000012, 35.1238626 ] ], [ [ 136.888204300000012, 35.1238626 ], [ 136.8884186, 35.1238663 ] ] ] } },
{ "type": "Feature", "properties": { "lot_id": "L123", "segment_ids": "S1432", "n_segments": 1, "length_total_m": 418.17037563937038, "duration_days": 5, "primary_corridor_id": "36", "hard_disaster": true, "hard_metapath": false, "hard": true, "cost_k": 418.17037563937038, "impact_weight_k": 0.0 }, "geometry": { "type": "LineString", "coordinates": [ [ 137.024381, 35.1019461 ], [ 137.0245512, 35.1019462 ], [ 137.0246249, 35.1019462 ], [ 137.024708800000013, 35.1019437 ], [ 137.025111, 35.1019001 ], [ 137.025407199999989, 35.1018578 ], [ 137.0260601, 35.1017679 ], [ 137.02631070000001, 35.1017334 ], [ 137.0271037, 35.1016242 ], [ 137.0275799, 35.1015661 ], [ 137.0280562, 35.1014971 ], [ 137.02840710000001, 35.1014354 ], [ 137.028522, 35.1013968 ], [ 137.0288951, 35.1012938 ] ] } },
{ "type": "Feature", "properties": { "lot_id": "L124", "segment_ids": "S1445", "n_segments": 1, "length_total_m": 11.216676667375854, "duration_days": 1, "primary_corridor_id": "63", "hard_disaster": false, "hard_metapath": false, "hard": false, "cost_k": 11.216676667375854, "impact_weight_k": 0.0 }, "geometry": { "type": "LineString", "coordinates": [ [ 136.8627966, 35.2880647 ], [ 136.8628057, 35.2879641 ] ] } },
{ "type": "Feature", "properties": { "lot_id": "L125", "segment_ids": "S1453; S2075", "n_segments": 2, "length_total_m": 1301.3878271068295, "duration_days": 3, "primary_corridor_id": "25;153;155;166", "hard_disaster": false, "hard_metapath": false, "hard": false, "cost_k": 1301.3878271068295, "impact_weight_k": 0.0 }, "geometry": { "type": "MultiLineString", "coordinates": [ [ [ 136.8403116, 35.274713 ], [ 136.8401039, 35.2747153 ], [ 136.8388735, 35.2746635 ], [ 136.8381733, 35.2746239 ], [ 136.8380597, 35.2746171 ], [ 136.8371252, 35.2745716 ], [ 136.8370473, 35.274561 ], [ 136.8365713, 35.2744904 ], [ 136.8359294, 35.2744303 ], [ 136.835089900000014, 35.2744386 ], [ 136.83446090000001, 35.2744362 ], [ 136.8350494, 35.2756558 ], [ 136.8352983, 35.2761344 ], [ 136.835478099999989, 35.2765106 ], [ 136.835539899999986, 35.2766076 ] ], [ [ 136.835539899999986, 35.2766076 ], [ 136.835355099999987, 35.2765076 ], [ 136.8350709, 35.2764151 ], [ 136.834626500000013, 35.2762747 ], [ 136.8345573, 35.2762532 ], [ 136.8338263, 35.2760255 ], [ 136.8334337, 35.2759307 ], [ 136.8333036, 35.2759003 ], [ 136.8329561, 35.2758687 ], [ 136.8326738, 35.2758568 ], [ 136.8320755, 35.2758529 ], [ 136.8309549, 35.2758553 ], [ 136.8303558, 35.2758634 ], [ 136.830116299999986, 35.2758525 ] ] ] } },
{ "type": "Feature", "properties": { "lot_id": "L126", "segment_ids": "S1482", "n_segments": 1, "length_total_m": 271.15747267912911, "duration_days": 1, "primary_corridor_id": "名古屋高速5号万場線", "hard_disaster": false, "hard_metapath": false, "hard": false, "cost_k": 271.15747267912911, "impact_weight_k": 0.0 }, "geometry": { "type": "LineString", "coordinates": [ [ 136.8180556, 35.1607993 ], [ 136.818153700000011, 35.1605008 ], [ 136.8182146, 35.1603571 ], [ 136.8183009, 35.1601794 ], [ 136.818375300000014, 35.1600517 ], [ 136.8184506, 35.1599471 ], [ 136.8185226, 35.1598608 ], [ 136.8186543, 35.1597161 ], [ 136.8189338, 35.1594486 ], [ 136.8193206, 35.1590874 ], [ 136.8196407, 35.1587761 ] ] } },
{ "type": "Feature", "properties": { "lot_id": "L127", "segment_ids": "S1488", "n_segments": 1, "length_total_m": 21.357056924688166, "duration_days": 1, "primary_corridor_id": "79", "hard_disaster": false, "hard_metapath": false, "hard": false, "cost_k": 21.357056924688166, "impact_weight_k": 0.0 }, "geometry": { "type": "LineString", "coordinates": [ [ 136.816486, 35.1840773 ], [ 136.816251, 35.1840765 ] ] } },
{ "type": "Feature", "properties": { "lot_id": "L128", "segment_ids": "S1491; S2618; S2662", "n_segments": 3, "length_total_m": 2426.7670819938717, "duration_days": 5, "primary_corridor_id": "302", "hard_disaster": false, "hard_metapath": false, "hard": false, "cost_k": 2426.7670819938717, "impact_weight_k": 0.0 }, "geometry": { "type": "MultiLineString", "coordinates": [ [ [ 136.8163288, 35.1693927 ], [ 136.8162118, 35.1701234 ], [ 136.816144, 35.1706448 ], [ 136.8161111, 35.1710661 ], [ 136.8160944, 35.1713927 ], [ 136.8160804, 35.1717401 ], [ 136.8160801, 35.1718793 ], [ 136.816080699999986, 35.1721228 ], [ 136.816082200000011, 35.1728123 ], [ 136.8160904, 35.173429 ], [ 136.8161187, 35.175072 ], [ 136.8161278, 35.1758023 ], [ 136.816143, 35.17663 ], [ 136.8161729, 35.1782458 ], [ 136.8161941, 35.1789051 ], [ 136.816187, 35.1796619 ], [ 136.8162337, 35.1826264 ] ], [ [ 136.8177035, 35.1608875 ], [ 136.8172382, 35.163826 ], [ 136.817095099999989, 35.164709 ], [ 136.816978799999987, 35.1654198 ], [ 136.8168344, 35.1662781 ], [ 136.8167091, 35.1670501 ], [ 136.8166181, 35.1676023 ], [ 136.816449299999988, 35.1686254 ], [ 136.816341, 35.1692952 ] ], [ [ 136.816341, 35.1692952 ], [ 136.8163288, 35.1693927 ] ] ] } },
{ "type": "Feature", "properties": { "lot_id": "L129", "segment_ids": "S1534; S2018; S2019", "n_segments": 3, "length_total_m": 1103.4400687179148, "duration_days": 3, "primary_corridor_id": "segment_1534", "hard_disaster": false, "hard_metapath": false, "hard": false, "cost_k": 1103.4400687179148, "impact_weight_k": 0.0 }, "geometry": { "type": "MultiLineString", "coordinates": [ [ [ 136.852612, 35.2216863 ], [ 136.852798, 35.2217117 ], [ 136.8529575, 35.2217368 ], [ 136.853092800000013, 35.2217675 ], [ 136.8532145, 35.2218027 ], [ 136.85333030000001, 35.2218422 ], [ 136.8534606, 35.2218919 ], [ 136.853597, 35.2219577 ], [ 136.853735199999988, 35.22204 ], [ 136.8538599, 35.2221311 ], [ 136.85398570000001, 35.2222382 ], [ 136.8542372, 35.2224578 ], [ 136.8543491, 35.2225485 ], [ 136.854476799999986, 35.2226351 ], [ 136.8545981, 35.2226991 ], [ 136.854741600000011, 35.2227577 ], [ 136.8548916, 35.2228038 ], [ 136.8550128, 35.2228273 ], [ 136.855146, 35.2228409 ], [ 136.8552847, 35.2228458 ], [ 136.8554248, 35.2228387 ], [ 136.8555509, 35.2228215 ], [ 136.8556811, 35.2227907 ], [ 136.8558079, 35.2227499 ], [ 136.8559252, 35.2227009 ], [ 136.856031800000011, 35.2226431 ], [ 136.8561368, 35.2225736 ], [ 136.8562349, 35.2224954 ], [ 136.8563141, 35.2224149 ], [ 136.8563845, 35.222332 ], [ 136.8564429, 35.2222457 ], [ 136.8564915, 35.2221605 ], [ 136.856535400000013, 35.2220457 ], [ 136.856569900000011, 35.2219233 ], [ 136.8565825, 35.22181 ], [ 136.8565793, 35.2216952 ], [ 136.856558400000011, 35.2215801 ], [ 136.8565242, 35.221452 ], [ 136.8564752, 35.2213196 ], [ 136.8564136, 35.2212053 ], [ 136.856336, 35.2210814 ], [ 136.85619410000001, 35.2208565 ], [ 136.8561271, 35.22074 ], [ 136.8560756, 35.2206118 ], [ 136.8560335, 35.2204858 ], [ 136.856002600000011, 35.2203541 ], [ 136.8559904, 35.2202267 ], [ 136.8559943, 35.2200883 ], [ 136.8560108, 35.2199495 ], [ 136.856041, 35.2198147 ], [ 136.8560779, 35.2196766 ] ], [ [ 136.8560779, 35.2196766 ], [ 136.8561952, 35.2192787 ], [ 136.8563935, 35.2188138 ], [ 136.856547299999988, 35.2185068 ], [ 136.8566559, 35.2183452 ], [ 136.85696, 35.2179562 ] ], [ [ 136.85696, 35.2179562 ], [ 136.8571345, 35.2176473 ], [ 136.857204700000011, 35.217523 ], [ 136.857657499999988, 35.21643 ] ] ] } },
{ "type": "Feature", "properties": { "lot_id": "L130", "segment_ids": "S1554", "n_segments": 1, "length_total_m": 1375.8284050792129, "duration_days": 3, "primary_corridor_id": "環状線", "hard_disaster": false, "hard_metapath": false, "hard": false, "cost_k": 1375.8284050792129, "impact_weight_k": 0.0 }, "geometry": { "type": "LineString", "coordinates": [ [ 136.8705377, 35.1012552 ], [ 136.8703798, 35.1030273 ], [ 136.8702175, 35.1049192 ], [ 136.870035699999988, 35.106828 ], [ 136.8699923, 35.1072835 ], [ 136.8699546, 35.1076791 ], [ 136.869879200000014, 35.1084909 ], [ 136.8698293, 35.1090527 ], [ 136.86980410000001, 35.1093358 ], [ 136.8697771, 35.1096392 ], [ 136.8697273, 35.1102001 ], [ 136.8696219, 35.1113877 ], [ 136.8694261, 35.1135948 ] ] } },
{ "type": "Feature", "properties": { "lot_id": "L131", "segment_ids": "S1555", "n_segments": 1, "length_total_m": 13.424698617617842, "duration_days": 1, "primary_corridor_id": "segment_1555", "hard_disaster": false, "hard_metapath": false, "hard": false, "cost_k": 13.424698617617842, "impact_weight_k": 0.0 }, "geometry": { "type": "LineString", "coordinates": [ [ 136.8707125, 35.1010218 ], [ 136.8705663, 35.1010382 ] ] } },
{ "type": "Feature", "properties": { "lot_id": "L132", "segment_ids": "S1567", "n_segments": 1, "length_total_m": 5490.679802568693, "duration_days": 55, "primary_corridor_id": "1", "hard_disaster": true, "hard_metapath": false, "hard": true, "cost_k": 5490.679802568693, "impact_weight_k": 0.0 }, "geometry": { "type": "LineString", "coordinates": [ [ 137.0116475, 35.0386954 ], [ 137.011517700000013, 35.0388636 ], [ 137.0113026, 35.039117 ], [ 137.010793299999989, 35.0397399 ], [ 137.010441899999989, 35.0401062 ], [ 137.0102818, 35.0402738 ], [ 137.0102659, 35.0402904 ], [ 137.0101144, 35.0404471 ], [ 137.0099957, 35.0405648 ], [ 137.009885200000014, 35.0406642 ], [ 137.009443800000014, 35.0411004 ], [ 137.0094268, 35.0411171 ], [ 137.009008599999987, 35.0415303 ], [ 137.008578300000011, 35.0419567 ], [ 137.0081913, 35.0423455 ], [ 137.00797510000001, 35.0425626 ], [ 137.0076469, 35.042912 ], [ 137.0076307, 35.0429312 ], [ 137.0073414, 35.0432725 ], [ 137.007218200000011, 35.0434344 ], [ 137.0070781, 35.0436186 ], [ 137.0069512, 35.0437853 ], [ 137.006864, 35.0438999 ], [ 137.0067713, 35.0440217 ], [ 137.0066927, 35.0441283 ], [ 137.0066445, 35.0441935 ], [ 137.0065535, 35.0443225 ], [ 137.0065366, 35.0443467 ], [ 137.0065166, 35.0443732 ], [ 137.006385599999987, 35.0445465 ], [ 137.0062632, 35.0447097 ], [ 137.0061, 35.0449272 ], [ 137.0058721, 35.0452285 ], [ 137.0057383, 35.0454054 ], [ 137.0056705, 35.0454948 ], [ 137.005603400000012, 35.0455834 ], [ 137.0054879, 35.045736 ], [ 137.0054422, 35.0457964 ], [ 137.0051315, 35.0462162 ], [ 137.005109, 35.0462466 ], [ 137.0049483, 35.046459 ], [ 137.004840699999988, 35.0466012 ], [ 137.00474, 35.0467342 ], [ 137.0047286, 35.0467502 ], [ 137.0046821, 35.0468107 ], [ 137.0045064, 35.0469983 ], [ 137.0044847, 35.0470214 ], [ 137.004414, 35.0470969 ], [ 137.0039779, 35.0475625 ], [ 137.0037127, 35.0478064 ], [ 137.0035311, 35.0479734 ], [ 137.0032259, 35.048254 ], [ 137.0030606, 35.0484061 ], [ 137.0026306, 35.0488015 ], [ 137.002264, 35.0491414 ], [ 137.0021343, 35.0492616 ], [ 137.001783, 35.0495874 ], [ 137.0016192, 35.0497393 ], [ 137.0008819, 35.050411 ], [ 137.0006756, 35.0505975 ], [ 137.0005014, 35.0507548 ], [ 137.000379400000014, 35.050865 ], [ 137.0001636, 35.05106 ], [ 137.0000144, 35.0511948 ], [ 136.9996793, 35.0515056 ], [ 136.9995768, 35.0516006 ], [ 136.9994432, 35.0517244 ], [ 136.999347, 35.0518136 ], [ 136.998946100000012, 35.0521853 ], [ 136.998609, 35.0524979 ], [ 136.9980698, 35.0529979 ], [ 136.9975942, 35.0534007 ], [ 136.9972957, 35.0536191 ], [ 136.997229800000014, 35.0536582 ], [ 136.99703310000001, 35.0537747 ], [ 136.9966978, 35.0539604 ], [ 136.9963989, 35.0541159 ], [ 136.9962956, 35.0541697 ], [ 136.9962349, 35.0542012 ], [ 136.9959668, 35.0543407 ], [ 136.9959485, 35.0543503 ], [ 136.995519, 35.0545737 ], [ 136.995496300000013, 35.0545854 ], [ 136.995226800000012, 35.0547239 ], [ 136.9951725, 35.0547518 ], [ 136.99466480000001, 35.0550129 ], [ 136.9945577, 35.0550839 ], [ 136.994256799999988, 35.0552834 ], [ 136.993934, 35.0555366 ], [ 136.9938481, 35.0556082 ], [ 136.9935567, 35.0558881 ], [ 136.993456, 35.0559849 ], [ 136.993443899999988, 35.0559965 ], [ 136.9933954, 35.0560432 ], [ 136.9932824, 35.0561518 ], [ 136.9931485, 35.0562804 ], [ 136.993098300000014, 35.0563286 ], [ 136.9930577, 35.0563695 ], [ 136.9929783, 35.0564496 ], [ 136.9928787, 35.0565499 ], [ 136.9926078, 35.0568275 ], [ 136.992509500000011, 35.0569125 ], [ 136.9923886, 35.0570171 ], [ 136.992201099999988, 35.0571792 ], [ 136.991927, 35.0573905 ], [ 136.9917762, 35.0575067 ], [ 136.991569199999986, 35.0576352 ], [ 136.9914657, 35.0576994 ], [ 136.9908555, 35.0580783 ], [ 136.9907387, 35.0581508 ], [ 136.9905594, 35.0582622 ], [ 136.9904147, 35.058352 ], [ 136.990244, 35.0584556 ], [ 136.9899849, 35.0586129 ], [ 136.989843400000012, 35.0586988 ], [ 136.989772, 35.0587422 ], [ 136.9895559, 35.0588733 ], [ 136.989356, 35.0589947 ], [ 136.9891022, 35.0591488 ], [ 136.989021799999989, 35.0591976 ], [ 136.988708300000013, 35.059375 ], [ 136.9885614, 35.0594564 ], [ 136.9885088, 35.0594856 ], [ 136.988360199999988, 35.0595679 ], [ 136.9883338, 35.0595825 ], [ 136.988202300000012, 35.0596554 ], [ 136.988101300000011, 35.0597021 ], [ 136.988085500000011, 35.0597095 ], [ 136.9876975, 35.0598891 ], [ 136.9875084, 35.059973 ], [ 136.9873729, 35.0600332 ], [ 136.987204100000014, 35.0601081 ], [ 136.98684080000001, 35.0602693 ], [ 136.986655399999989, 35.060353 ], [ 136.986443, 35.0604488 ], [ 136.986296399999986, 35.0605149 ], [ 136.9858367, 35.0607223 ], [ 136.9857896, 35.0607436 ], [ 136.9857345, 35.0607684 ], [ 136.9855743, 35.0608334 ], [ 136.9853855, 35.0608931 ], [ 136.9853271, 35.0609116 ], [ 136.985251, 35.060938 ], [ 136.984959, 35.0610071 ], [ 136.984429299999988, 35.0610886 ], [ 136.983973600000013, 35.0611051 ], [ 136.9834773, 35.0610958 ], [ 136.9830618, 35.0610438 ], [ 136.9830446, 35.0610417 ], [ 136.9827128, 35.0610002 ], [ 136.982274499999988, 35.0608974 ], [ 136.9817179, 35.0608123 ], [ 136.9813227, 35.0608052 ], [ 136.981092499999988, 35.0608303 ], [ 136.9809764, 35.0608429 ], [ 136.980802399999988, 35.0608864 ], [ 136.9807136, 35.0609086 ], [ 136.9805624, 35.0609595 ], [ 136.980390699999987, 35.0610173 ], [ 136.980042, 35.0611452 ], [ 136.9792201, 35.0614412 ], [ 136.978145500000011, 35.0618219 ], [ 136.9770347, 35.0622154 ], [ 136.9767028, 35.0623218 ], [ 136.976557, 35.0623685 ], [ 136.9764223, 35.0624117 ], [ 136.9757799, 35.0626538 ], [ 136.9747859, 35.0631879 ], [ 136.9746635, 35.0632536 ], [ 136.9740937, 35.0635592 ], [ 136.9735935, 35.0638052 ], [ 136.9731749, 35.0639873 ], [ 136.9728337, 35.0641295 ], [ 136.9722296, 35.064354 ], [ 136.9717321, 35.0645264 ], [ 136.9716348, 35.0645539 ], [ 136.9715409, 35.064588 ], [ 136.9711227, 35.0647254 ], [ 136.9696525, 35.0652466 ], [ 136.969557900000012, 35.0652774 ], [ 136.969150899999988, 35.0654431 ], [ 136.9688166, 35.0656239 ], [ 136.9686777, 35.065699 ], [ 136.9685208, 35.0658049 ], [ 136.9681254, 35.0660719 ], [ 136.9679155, 35.0662136 ], [ 136.9678748, 35.0662405 ], [ 136.967222, 35.0666907 ], [ 136.9669168, 35.0668815 ], [ 136.9656741, 35.0677387 ] ] } },
{ "type": "Feature", "properties": { "lot_id": "L133", "segment_ids": "S1568; S1839; S2570", "n_segments": 3, "length_total_m": 701.79428296729532, "duration_days": 4, "primary_corridor_id": "23", "hard_disaster": true, "hard_metapath": false, "hard": true, "cost_k": 701.79428296729532, "impact_weight_k": 0.0 }, "geometry": { "type": "MultiLineString", "coordinates": [ [ [ 137.0079081, 35.0362567 ], [ 137.008228699999989, 35.0358076 ], [ 137.0085895, 35.0353167 ], [ 137.0090706, 35.0346733 ], [ 137.00938210000001, 35.0342638 ] ], [ [ 137.00938210000001, 35.0342638 ], [ 137.0096585, 35.0339541 ], [ 137.0098523, 35.0337141 ], [ 137.0099509, 35.0335829 ], [ 137.0101386, 35.0332688 ], [ 137.010382099999987, 35.032841 ], [ 137.010529600000012, 35.0325891 ] ], [ [ 137.0067793, 35.0380819 ], [ 137.006874399999987, 35.0379383 ], [ 137.0069114, 35.0378937 ], [ 137.0069834, 35.0377877 ], [ 137.0070963, 35.0376192 ], [ 137.0072202, 35.0374083 ], [ 137.0075479, 35.0368711 ], [ 137.0078947, 35.0363698 ], [ 137.0079081, 35.0362567 ] ] ] } },
{ "type": "Feature", "properties": { "lot_id": "L134", "segment_ids": "S1582; S3070", "n_segments": 2, "length_total_m": 66.711211158106579, "duration_days": 1, "primary_corridor_id": "segment_1582", "hard_disaster": true, "hard_metapath": false, "hard": true, "cost_k": 66.711211158106579, "impact_weight_k": 0.0 }, "geometry": { "type": "MultiLineString", "coordinates": [ [ [ 137.00604580000001, 35.0488174 ], [ 137.0059611, 35.0487827 ] ], [ [ 137.0059611, 35.0487827 ], [ 137.0058558, 35.0486835 ] ], [ [ 137.0058558, 35.0486835 ], [ 137.005793, 35.0486084 ] ] ] } },
{ "type": "Feature", "properties": { "lot_id": "L135", "segment_ids": "S1601", "n_segments": 1, "length_total_m": 162.8679687307899, "duration_days": 1, "primary_corridor_id": "segment_1601", "hard_disaster": false, "hard_metapath": false, "hard": false, "cost_k": 162.8679687307899, "impact_weight_k": 0.0 }, "geometry": { "type": "LineString", "coordinates": [ [ 136.89710070000001, 35.0432461 ], [ 136.8970774, 35.0431517 ], [ 136.8970626, 35.0430551 ], [ 136.8970735, 35.0429722 ], [ 136.897108300000014, 35.0428917 ], [ 136.8971541, 35.0428232 ], [ 136.897217899999987, 35.0427455 ], [ 136.8972812, 35.042689 ], [ 136.8973799, 35.0426353 ], [ 136.897476399999988, 35.0425971 ], [ 136.8976227, 35.0425435 ], [ 136.897925500000014, 35.042442 ], [ 136.898226, 35.0423308 ] ] } },
{ "type": "Feature", "properties": { "lot_id": "L136", "segment_ids": "S1612", "n_segments": 1, "length_total_m": 71.142804570059951, "duration_days": 1, "primary_corridor_id": "302", "hard_disaster": false, "hard_metapath": false, "hard": false, "cost_k": 71.142804570059951, "impact_weight_k": 0.0 }, "geometry": { "type": "LineString", "coordinates": [ [ 136.900891300000012, 35.0516189 ], [ 136.901319199999989, 35.0515789 ], [ 136.9016677, 35.0515456 ] ] } },
{ "type": "Feature", "properties": { "lot_id": "L137", "segment_ids": "S1616", "n_segments": 1, "length_total_m": 67.549693544221881, "duration_days": 1, "primary_corridor_id": "247", "hard_disaster": true, "hard_metapath": false, "hard": true, "cost_k": 67.549693544221881, "impact_weight_k": 0.0 }, "geometry": { "type": "LineString", "coordinates": [ [ 136.90165970000001, 35.0547588 ], [ 136.9014975, 35.054166 ] ] } },
{ "type": "Feature", "properties": { "lot_id": "L138", "segment_ids": "S1619", "n_segments": 1, "length_total_m": 614.22261377105292, "duration_days": 7, "primary_corridor_id": "segment_1619", "hard_disaster": true, "hard_metapath": false, "hard": true, "cost_k": 614.22261377105292, "impact_weight_k": 0.0 }, "geometry": { "type": "LineString", "coordinates": [ [ 136.8184358, 35.1254564 ], [ 136.8185144, 35.1250764 ], [ 136.8185421, 35.124837 ], [ 136.8185144, 35.1244489 ], [ 136.818452799999989, 35.1237635 ], [ 136.81841270000001, 35.1230402 ], [ 136.8183819, 35.1224833 ], [ 136.818311099999988, 35.1218256 ], [ 136.8182032, 35.1211628 ], [ 136.818135399999989, 35.1208049 ], [ 136.817956, 35.1199683 ] ] } },
{ "type": "Feature", "properties": { "lot_id": "L139", "segment_ids": "S1625; S2155", "n_segments": 2, "length_total_m": 858.66749590780978, "duration_days": 2, "primary_corridor_id": "29", "hard_disaster": false, "hard_metapath": false, "hard": false, "cost_k": 858.66749590780978, "impact_weight_k": 0.0 }, "geometry": { "type": "MultiLineString", "coordinates": [ [ [ 136.824161, 35.136601 ], [ 136.823279, 35.136378 ], [ 136.82297, 35.136322 ], [ 136.822719799999987, 35.1363027 ], [ 136.82247, 35.136305 ], [ 136.8221426, 35.136331 ], [ 136.8218996, 35.1363797 ], [ 136.8214503, 35.1365562 ], [ 136.820613, 35.1368943 ], [ 136.8203225, 35.1369819 ], [ 136.8201779, 35.1370094 ], [ 136.8199952, 35.1370277 ], [ 136.8198535, 35.137032 ], [ 136.819414200000011, 35.1370286 ], [ 136.8190381, 35.1370209 ], [ 136.8188456, 35.137017 ], [ 136.8184861, 35.1370096 ], [ 136.818154600000014, 35.1370028 ], [ 136.8175856, 35.1369911 ], [ 136.816957, 35.1369782 ], [ 136.8167515, 35.136974 ], [ 136.8165775, 35.1369704 ], [ 136.8155256, 35.1369489 ], [ 136.815054300000014, 35.1369392 ] ], [ [ 136.824126299999989, 35.136683 ], [ 136.824161, 35.136601 ] ] ] } },
{ "type": "Feature", "properties": { "lot_id": "L140", "segment_ids": "S1646", "n_segments": 1, "length_total_m": 243.60674131994426, "duration_days": 1, "primary_corridor_id": "56", "hard_disaster": false, "hard_metapath": false, "hard": false, "cost_k": 243.60674131994426, "impact_weight_k": 0.0 }, "geometry": { "type": "LineString", "coordinates": [ [ 137.076772299999988, 35.0187381 ], [ 137.076048500000013, 35.0192075 ], [ 137.0756682, 35.0194641 ], [ 137.0747111, 35.0201341 ] ] } },
{ "type": "Feature", "properties": { "lot_id": "L141", "segment_ids": "S1647", "n_segments": 1, "length_total_m": 98.302756158450421, "duration_days": 1, "primary_corridor_id": "56", "hard_disaster": false, "hard_metapath": false, "hard": false, "cost_k": 98.302756158450421, "impact_weight_k": 0.0 }, "geometry": { "type": "LineString", "coordinates": [ [ 137.0769388, 35.0189871 ], [ 137.0770283, 35.0188907 ], [ 137.077743199999986, 35.0184015 ] ] } },
{ "type": "Feature", "properties": { "lot_id": "L142", "segment_ids": "S1659; S3078", "n_segments": 2, "length_total_m": 3759.1084286618807, "duration_days": 30, "primary_corridor_id": "E1A", "hard_disaster": true, "hard_metapath": false, "hard": true, "cost_k": 3759.1084286618807, "impact_weight_k": 0.0 }, "geometry": { "type": "MultiLineString", "coordinates": [ [ [ 137.0628811, 35.0286893 ], [ 137.0655748, 35.026835 ], [ 137.068931099999986, 35.024458 ], [ 137.0722187, 35.0221661 ], [ 137.075695700000011, 35.0197881 ], [ 137.078148, 35.0180774 ], [ 137.079017099999987, 35.0175114 ], [ 137.079513100000014, 35.0172322 ], [ 137.080351400000012, 35.0167933 ], [ 137.082490799999988, 35.0156963 ], [ 137.084304300000014, 35.014754 ], [ 137.0866971, 35.0135141 ] ], [ [ 137.0544782, 35.0345602 ], [ 137.0566293, 35.0330385 ], [ 137.0607655, 35.0301567 ], [ 137.0628811, 35.0286893 ] ] ] } },
{ "type": "Feature", "properties": { "lot_id": "L143", "segment_ids": "S1720", "n_segments": 1, "length_total_m": 144.68736644725527, "duration_days": 2, "primary_corridor_id": "302", "hard_disaster": true, "hard_metapath": false, "hard": true, "cost_k": 144.68736644725527, "impact_weight_k": 0.0 }, "geometry": { "type": "LineString", "coordinates": [ [ 137.001371, 35.1866233 ], [ 137.001407300000011, 35.18654 ], [ 137.0014591, 35.1864125 ], [ 137.0015065, 35.186286 ], [ 137.001563800000014, 35.186122 ], [ 137.001600200000013, 35.1860076 ], [ 137.001632199999989, 35.1858784 ], [ 137.0016559, 35.1857631 ], [ 137.0016812, 35.185632 ], [ 137.001698800000014, 35.1855095 ], [ 137.0017176, 35.1853577 ] ] } },
{ "type": "Feature", "properties": { "lot_id": "L144", "segment_ids": "S1728", "n_segments": 1, "length_total_m": 94.98916815125034, "duration_days": 1, "primary_corridor_id": "segment_1728", "hard_disaster": true, "hard_metapath": false, "hard": true, "cost_k": 94.98916815125034, "impact_weight_k": 0.0 }, "geometry": { "type": "LineString", "coordinates": [ [ 136.999634, 35.1899336 ], [ 136.9997675, 35.1897874 ], [ 136.9998395, 35.189677 ], [ 136.9999578, 35.1894599 ], [ 137.000022800000011, 35.1893351 ], [ 137.000053799999989, 35.1892595 ], [ 137.0000679, 35.1891665 ] ] } },
{ "type": "Feature", "properties": { "lot_id": "L145", "segment_ids": "S1742", "n_segments": 1, "length_total_m": 12.335607105696431, "duration_days": 1, "primary_corridor_id": "segment_1742", "hard_disaster": true, "hard_metapath": false, "hard": true, "cost_k": 12.335607105696431, "impact_weight_k": 0.0 }, "geometry": { "type": "LineString", "coordinates": [ [ 137.0019168, 35.1825591 ], [ 137.001811800000013, 35.1824888 ] ] } },
{ "type": "Feature", "properties": { "lot_id": "L146", "segment_ids": "S1751", "n_segments": 1, "length_total_m": 143.67304848122288, "duration_days": 1, "primary_corridor_id": "302", "hard_disaster": false, "hard_metapath": false, "hard": false, "cost_k": 143.67304848122288, "impact_weight_k": 0.0 }, "geometry": { "type": "LineString", "coordinates": [ [ 137.001841, 35.1814709 ], [ 137.0018493, 35.1812407 ], [ 137.00185590000001, 35.1811119 ], [ 137.0018636, 35.1809588 ], [ 137.001868, 35.1808322 ], [ 137.0018801, 35.1807034 ], [ 137.0018939, 35.1805525 ], [ 137.001909899999987, 35.1803831 ], [ 137.0019287, 35.1801811 ] ] } },
{ "type": "Feature", "properties": { "lot_id": "L147", "segment_ids": "S1778", "n_segments": 1, "length_total_m": 205.95795290363105, "duration_days": 1, "primary_corridor_id": "56", "hard_disaster": false, "hard_metapath": false, "hard": false, "cost_k": 205.95795290363105, "impact_weight_k": 0.0 }, "geometry": { "type": "LineString", "coordinates": [ [ 137.0488005, 35.04336 ], [ 137.0489063, 35.0432636 ], [ 137.049012299999987, 35.0430865 ], [ 137.049510199999986, 35.0422545 ], [ 137.0498575, 35.0417274 ] ] } },
{ "type": "Feature", "properties": { "lot_id": "L148", "segment_ids": "S1800", "n_segments": 1, "length_total_m": 33.270961408944487, "duration_days": 1, "primary_corridor_id": "36", "hard_disaster": false, "hard_metapath": false, "hard": false, "cost_k": 33.270961408944487, "impact_weight_k": 0.0 }, "geometry": { "type": "LineString", "coordinates": [ [ 136.97409, 35.0797644 ], [ 136.9737256, 35.0797399 ] ] } },
{ "type": "Feature", "properties": { "lot_id": "L149", "segment_ids": "S1814", "n_segments": 1, "length_total_m": 1164.5645915714304, "duration_days": 3, "primary_corridor_id": "302", "hard_disaster": false, "hard_metapath": false, "hard": false, "cost_k": 1164.5645915714304, "impact_weight_k": 0.0 }, "geometry": { "type": "LineString", "coordinates": [ [ 136.993065300000012, 35.2013262 ], [ 136.9931574, 35.2011663 ], [ 136.9932599, 35.2009817 ], [ 136.993429, 35.2006872 ], [ 136.993477, 35.2006143 ], [ 136.9936109, 35.2003743 ], [ 136.993656499999986, 35.2002909 ], [ 136.9937442, 35.2001307 ], [ 136.9938589, 35.1999069 ], [ 136.993947600000013, 35.1997538 ], [ 136.9940683, 35.1995273 ], [ 136.994191699999988, 35.1992931 ], [ 136.9943405, 35.1990193 ], [ 136.994498099999987, 35.1987428 ], [ 136.9945488, 35.1986541 ], [ 136.9946788, 35.1984173 ], [ 136.994797299999988, 35.1982043 ], [ 136.9948894, 35.1980494 ], [ 136.995231, 35.1974446 ], [ 136.9953208, 35.1972883 ], [ 136.9953837, 35.1971784 ], [ 136.9955258, 35.1969285 ], [ 136.9956603, 35.1967025 ], [ 136.9958168, 35.1964476 ], [ 136.9959551, 35.1962184 ], [ 136.9960824, 35.1960121 ], [ 136.996190399999989, 35.1958297 ], [ 136.9962951, 35.1956528 ], [ 136.9963612, 35.1955213 ], [ 136.99641410000001, 35.195424 ], [ 136.9965144, 35.1952448 ], [ 136.9966131, 35.1950669 ], [ 136.996726599999988, 35.1948715 ], [ 136.9967993, 35.1947454 ], [ 136.9969228, 35.1945328 ], [ 136.997011500000013, 35.1943752 ], [ 136.9970947, 35.1942248 ], [ 136.9971889, 35.1940645 ], [ 136.9972859, 35.1938969 ], [ 136.9973989, 35.1936934 ], [ 136.9974485, 35.1936024 ], [ 136.9975449, 35.1934367 ], [ 136.997616599999986, 35.1933138 ], [ 136.9977003, 35.1931588 ], [ 136.9978419, 35.1929035 ], [ 136.9979064, 35.1927878 ], [ 136.9980051, 35.192609 ], [ 136.998134, 35.192396 ], [ 136.998196799999988, 35.1922771 ], [ 136.9982944, 35.1921163 ], [ 136.998354400000011, 35.1920042 ], [ 136.9984566, 35.1918265 ] ] } },
{ "type": "Feature", "properties": { "lot_id": "L150", "segment_ids": "S1869", "n_segments": 1, "length_total_m": 11.080939418017515, "duration_days": 1, "primary_corridor_id": "247", "hard_disaster": false, "hard_metapath": false, "hard": false, "cost_k": 11.080939418017515, "impact_weight_k": 0.0 }, "geometry": { "type": "LineString", "coordinates": [ [ 136.9116904, 35.0638147 ], [ 136.9118032, 35.0638522 ] ] } },
{ "type": "Feature", "properties": { "lot_id": "L151", "segment_ids": "S1893", "n_segments": 1, "length_total_m": 547.82861093259385, "duration_days": 6, "primary_corridor_id": "419", "hard_disaster": true, "hard_metapath": false, "hard": true, "cost_k": 547.82861093259385, "impact_weight_k": 0.0 }, "geometry": { "type": "LineString", "coordinates": [ [ 137.059675700000014, 35.0020123 ], [ 137.0604851, 35.0030432 ], [ 137.060757099999989, 35.0033918 ], [ 137.0611428, 35.0038688 ], [ 137.061848199999986, 35.004729 ], [ 137.0623776, 35.0054003 ], [ 137.0629701, 35.0061341 ] ] } },
{ "type": "Feature", "properties": { "lot_id": "L152", "segment_ids": "S1910", "n_segments": 1, "length_total_m": 627.87047865084412, "duration_days": 7, "primary_corridor_id": "155", "hard_disaster": true, "hard_metapath": false, "hard": true, "cost_k": 627.87047865084412, "impact_weight_k": 0.0 }, "geometry": { "type": "LineString", "coordinates": [ [ 137.045525, 35.0143356 ], [ 137.0447887, 35.0139276 ], [ 137.0441751, 35.0135633 ], [ 137.0436234, 35.0132051 ], [ 137.0408517, 35.0114451 ], [ 137.040168599999987, 35.0110043 ], [ 137.0400507, 35.0109079 ] ] } },
{ "type": "Feature", "properties": { "lot_id": "L153", "segment_ids": "S1912; S2471", "n_segments": 2, "length_total_m": 1893.93480825965, "duration_days": 4, "primary_corridor_id": "155", "hard_disaster": false, "hard_metapath": false, "hard": false, "cost_k": 1893.93480825965, "impact_weight_k": 0.0 }, "geometry": { "type": "MultiLineString", "coordinates": [ [ [ 137.0454848, 35.0143918 ], [ 137.0463265, 35.0148179 ], [ 137.0468497, 35.0150705 ], [ 137.0468873, 35.0150887 ], [ 137.0469584, 35.015123 ], [ 137.0470075, 35.0151525 ], [ 137.0474135, 35.015354 ], [ 137.047468400000014, 35.0153858 ], [ 137.048594400000013, 35.0159057 ], [ 137.0500357, 35.0165906 ], [ 137.050076499999989, 35.01661 ], [ 137.050200600000011, 35.016669 ], [ 137.0503268, 35.0167395 ], [ 137.0510842, 35.0171088 ], [ 137.0529794, 35.0180006 ], [ 137.0542666, 35.0186251 ], [ 137.0549566, 35.0189394 ], [ 137.0553492, 35.0190791 ], [ 137.0558569, 35.01919 ], [ 137.056218, 35.0192423 ], [ 137.0565892, 35.0192689 ], [ 137.0569626, 35.0192778 ], [ 137.0573073, 35.0192516 ], [ 137.0576896, 35.0192078 ], [ 137.0589267, 35.0189605 ], [ 137.06067680000001, 35.0186053 ], [ 137.0634691, 35.0180338 ], [ 137.0637942, 35.0179574 ], [ 137.064401800000013, 35.0178312 ] ], [ [ 137.064401800000013, 35.0178312 ], [ 137.0643246, 35.0177819 ] ] ] } },
{ "type": "Feature", "properties": { "lot_id": "L154", "segment_ids": "S1935", "n_segments": 1, "length_total_m": 199.26553746077769, "duration_days": 1, "primary_corridor_id": "2", "hard_disaster": false, "hard_metapath": false, "hard": false, "cost_k": 199.26553746077769, "impact_weight_k": 0.0 }, "geometry": { "type": "LineString", "coordinates": [ [ 136.9382531, 35.159237 ], [ 136.9379591, 35.1592823 ], [ 136.9368787, 35.1592639 ], [ 136.936354099999988, 35.1592641 ], [ 136.936083200000013, 35.1591853 ] ] } },
{ "type": "Feature", "properties": { "lot_id": "L155", "segment_ids": "S1951", "n_segments": 1, "length_total_m": 1716.9078680214323, "duration_days": 18, "primary_corridor_id": "302", "hard_disaster": true, "hard_metapath": false, "hard": true, "cost_k": 1716.9078680214323, "impact_weight_k": 0.0 }, "geometry": { "type": "LineString", "coordinates": [ [ 137.003066600000011, 35.1542842 ], [ 137.0033918, 35.1549936 ], [ 137.0041861, 35.156727 ], [ 137.0042513, 35.1568694 ], [ 137.0042779, 35.1569353 ], [ 137.004433299999988, 35.1572599 ], [ 137.004716699999989, 35.1578521 ], [ 137.004968600000012, 35.1584149 ], [ 137.0058412, 35.1603644 ], [ 137.0060365, 35.1609535 ], [ 137.0061905, 35.1614178 ], [ 137.0064042, 35.1623074 ], [ 137.0065081, 35.1629277 ], [ 137.00654320000001, 35.1632647 ], [ 137.0065698, 35.1635203 ], [ 137.0065698, 35.163698 ], [ 137.0065698, 35.1639764 ], [ 137.0065684, 35.164176 ], [ 137.0065646, 35.1647344 ], [ 137.0065425, 35.1651067 ], [ 137.006533, 35.1652664 ], [ 137.006531599999988, 35.1652897 ], [ 137.0064214, 35.1660775 ], [ 137.006392, 35.1662874 ], [ 137.0063769, 35.1663951 ], [ 137.0063372, 35.1665812 ], [ 137.00614920000001, 35.1674636 ], [ 137.005979, 35.1680592 ], [ 137.0057301, 35.1687738 ], [ 137.0055998, 35.1690399 ], [ 137.0055438, 35.1691544 ] ] } },
{ "type": "Feature", "properties": { "lot_id": "L156", "segment_ids": "S1983", "n_segments": 1, "length_total_m": 411.21271475451681, "duration_days": 1, "primary_corridor_id": "302", "hard_disaster": false, "hard_metapath": false, "hard": false, "cost_k": 411.21271475451681, "impact_weight_k": 0.0 }, "geometry": { "type": "LineString", "coordinates": [ [ 136.927161399999989, 35.044718 ], [ 136.927433400000012, 35.0447436 ], [ 136.9277107, 35.0447669 ], [ 136.9278572, 35.0447863 ], [ 136.9281942, 35.0448406 ], [ 136.92824250000001, 35.0448484 ], [ 136.9284556, 35.044873 ], [ 136.928761, 35.0449442 ], [ 136.9290393, 35.0450026 ], [ 136.9292773, 35.0450597 ], [ 136.92948530000001, 35.0451078 ], [ 136.9296674, 35.0451617 ], [ 136.9300854, 35.0452902 ], [ 136.93077790000001, 35.0455057 ], [ 136.9314934, 35.0457112 ] ] } },
{ "type": "Feature", "properties": { "lot_id": "L157", "segment_ids": "S1985", "n_segments": 1, "length_total_m": 513.99059204024786, "duration_days": 2, "primary_corridor_id": "segment_1985", "hard_disaster": false, "hard_metapath": false, "hard": false, "cost_k": 513.99059204024786, "impact_weight_k": 0.0 }, "geometry": { "type": "LineString", "coordinates": [ [ 136.927171, 35.0444832 ], [ 136.9269252, 35.0444165 ], [ 136.9266786, 35.0443872 ], [ 136.9265359, 35.044386 ], [ 136.926273, 35.04439 ], [ 136.9260687, 35.0443992 ], [ 136.925894, 35.044407 ], [ 136.9256643, 35.0444423 ], [ 136.9250807, 35.044516 ], [ 136.9247383, 35.0445808 ], [ 136.924403399999989, 35.0446417 ], [ 136.9239795, 35.0447353 ], [ 136.9235895, 35.0448268 ], [ 136.923037099999988, 35.0449962 ], [ 136.922698200000013, 35.045116 ], [ 136.922294, 35.0452559 ], [ 136.9219905, 35.0453737 ], [ 136.9218809, 35.0454384 ], [ 136.9218017, 35.0455126 ] ] } },
{ "type": "Feature", "properties": { "lot_id": "L158", "segment_ids": "S1987", "n_segments": 1, "length_total_m": 1092.4943398817868, "duration_days": 3, "primary_corridor_id": "E1A", "hard_disaster": false, "hard_metapath": false, "hard": false, "cost_k": 1092.4943398817868, "impact_weight_k": 0.0 }, "geometry": { "type": "LineString", "coordinates": [ [ 136.921503699999988, 35.0457452 ], [ 136.922153, 35.0455399 ], [ 136.9228531, 35.0453107 ], [ 136.9234999, 35.0451283 ], [ 136.924033, 35.0449897 ], [ 136.92455, 35.0448625 ], [ 136.9249757, 35.0447798 ], [ 136.925332, 35.0447237 ], [ 136.9257508, 35.0446762 ], [ 136.926202100000012, 35.0446433 ], [ 136.9266321, 35.0446335 ], [ 136.927051299999988, 35.044644 ], [ 136.927505700000012, 35.0446729 ], [ 136.9279745, 35.0447303 ], [ 136.9284226, 35.0448078 ], [ 136.9289186, 35.0449099 ], [ 136.9293533, 35.0450121 ], [ 136.9297788, 35.0451335 ], [ 136.9302108, 35.0452637 ], [ 136.9311745, 35.045566 ], [ 136.9329943, 35.0461332 ] ] } },
{ "type": "Feature", "properties": { "lot_id": "L159", "segment_ids": "S1992", "n_segments": 1, "length_total_m": 526.65523963062151, "duration_days": 2, "primary_corridor_id": "segment_1992", "hard_disaster": false, "hard_metapath": false, "hard": false, "cost_k": 526.65523963062151, "impact_weight_k": 0.0 }, "geometry": { "type": "LineString", "coordinates": [ [ 136.9077768, 35.0496834 ], [ 136.9074261, 35.0497722 ], [ 136.9071626, 35.0498287 ], [ 136.9068413, 35.0498947 ], [ 136.906155399999989, 35.0500377 ], [ 136.90561790000001, 35.0501618 ], [ 136.905000199999989, 35.0503352 ], [ 136.904472199999987, 35.0504826 ], [ 136.903629, 35.0507654 ], [ 136.9034062, 35.0508364 ], [ 136.902792799999986, 35.0510402 ], [ 136.9025743, 35.0511046 ], [ 136.90229690000001, 35.0511822 ] ] } },
{ "type": "Feature", "properties": { "lot_id": "L160", "segment_ids": "S1994", "n_segments": 1, "length_total_m": 2081.403997523254, "duration_days": 5, "primary_corridor_id": "E1A", "hard_disaster": false, "hard_metapath": false, "hard": false, "cost_k": 2081.403997523254, "impact_weight_k": 0.0 }, "geometry": { "type": "LineString", "coordinates": [ [ 136.9104879, 35.0489727 ], [ 136.9093093, 35.049349 ], [ 136.907856, 35.0497966 ], [ 136.906314, 35.050283 ], [ 136.9054859, 35.0505313 ], [ 136.904736, 35.050746 ], [ 136.9041715, 35.050886 ], [ 136.903492300000011, 35.0510398 ], [ 136.902875599999987, 35.0511634 ], [ 136.9021924, 35.0512785 ], [ 136.9015461, 35.0513706 ], [ 136.900918, 35.0514507 ], [ 136.900294699999989, 35.0515073 ], [ 136.899491899999987, 35.0515673 ], [ 136.8985791, 35.0516164 ], [ 136.897611899999987, 35.0516534 ], [ 136.8963186, 35.0517012 ], [ 136.894573400000013, 35.0517642 ], [ 136.89181210000001, 35.0518695 ], [ 136.8894751, 35.0519532 ], [ 136.8881376, 35.0519999 ] ] } },
{ "type": "Feature", "properties": { "lot_id": "L161", "segment_ids": "S1996", "n_segments": 1, "length_total_m": 34.967755500069352, "duration_days": 1, "primary_corridor_id": "302", "hard_disaster": false, "hard_metapath": false, "hard": false, "cost_k": 34.967755500069352, "impact_weight_k": 0.0 }, "geometry": { "type": "LineString", "coordinates": [ [ 136.9012069, 35.0513739 ], [ 136.9008255, 35.0514114 ] ] } },
{ "type": "Feature", "properties": { "lot_id": "L162", "segment_ids": "S2015; S2538", "n_segments": 2, "length_total_m": 2145.772022734825, "duration_days": 12, "primary_corridor_id": "4", "hard_disaster": true, "hard_metapath": false, "hard": true, "cost_k": 2145.772022734825, "impact_weight_k": 0.0 }, "geometry": { "type": "MultiLineString", "coordinates": [ [ [ 136.8975029, 35.0758672 ], [ 136.8974419, 35.0749701 ], [ 136.897386899999987, 35.0743797 ], [ 136.8973306, 35.0739491 ], [ 136.8972637, 35.0735185 ], [ 136.8970496, 35.0723042 ], [ 136.8969959, 35.0719717 ], [ 136.896933, 35.071539 ], [ 136.8968889, 35.0711973 ], [ 136.8968491, 35.0708286 ], [ 136.8968138, 35.0703634 ], [ 136.896714300000014, 35.068938 ], [ 136.896591199999989, 35.0670382 ], [ 136.8965671, 35.0664225 ], [ 136.8965714, 35.0660807 ], [ 136.8965944, 35.0657411 ], [ 136.8966494, 35.065104 ], [ 136.8966992, 35.0645392 ] ], [ [ 136.8966992, 35.0645392 ], [ 136.89672, 35.0642447 ], [ 136.896735, 35.0639077 ], [ 136.8967326, 35.0635664 ], [ 136.896708100000012, 35.0629154 ], [ 136.8966441, 35.0617396 ], [ 136.896628, 35.0613539 ], [ 136.8966244, 35.0610538 ], [ 136.8966342, 35.0607954 ], [ 136.8966486, 35.0605267 ], [ 136.8966718, 35.060255 ], [ 136.8967041, 35.059991 ], [ 136.896751099999989, 35.0597326 ], [ 136.896811500000013, 35.0594788 ], [ 136.8968844, 35.0592405 ], [ 136.8969707, 35.0590154 ], [ 136.8970711, 35.0587931 ], [ 136.897194399999989, 35.0585699 ], [ 136.8973268, 35.0583555 ], [ 136.8975, 35.0581241 ], [ 136.8976693, 35.0579257 ], [ 136.8978646, 35.057722 ], [ 136.8980518, 35.0575403 ], [ 136.898577499999988, 35.0570638 ] ] ] } },
{ "type": "Feature", "properties": { "lot_id": "L163", "segment_ids": "S2016; S2017", "n_segments": 2, "length_total_m": 2755.2695393360023, "duration_days": 9, "primary_corridor_id": "4", "hard_disaster": true, "hard_metapath": false, "hard": true, "cost_k": 2755.2695393360023, "impact_weight_k": 0.0 }, "geometry": { "type": "MultiLineString", "coordinates": [ [ [ 136.898795299999989, 35.0971084 ], [ 136.89882320000001, 35.0978904 ], [ 136.898828900000012, 35.0983224 ], [ 136.898816399999987, 35.0985641 ], [ 136.898774800000012, 35.0988297 ], [ 136.8987222, 35.0990158 ], [ 136.8986649, 35.0991718 ], [ 136.8986074, 35.099289 ], [ 136.8985429, 35.0994059 ], [ 136.8984687, 35.0995238 ], [ 136.8983811, 35.0996425 ], [ 136.898317516600343, 35.09971282441748 ] ], [ [ 136.898317516600343, 35.09971282441748 ], [ 136.8981651, 35.0998814 ], [ 136.8979972, 35.1000383 ], [ 136.8976811, 35.1002811 ], [ 136.8973799, 35.1004882 ], [ 136.8964934, 35.10103 ], [ 136.89539, 35.1017065 ], [ 136.893690099999986, 35.1027828 ], [ 136.8915852, 35.1041518 ], [ 136.8907552, 35.1047096 ], [ 136.8898019, 35.1053736 ], [ 136.886625900000013, 35.1076413 ], [ 136.8863064, 35.1078721 ], [ 136.8861221, 35.108016 ], [ 136.8859363, 35.1081747 ], [ 136.8857832, 35.1083317 ], [ 136.8856424, 35.1085038 ], [ 136.885528, 35.1086697 ], [ 136.885435199999989, 35.1088392 ], [ 136.8853669, 35.1089951 ], [ 136.8853068, 35.1091675 ], [ 136.885273399999988, 35.109295 ], [ 136.8852508, 35.1094297 ], [ 136.8852329, 35.1096013 ], [ 136.8852296, 35.1097505 ], [ 136.8852412, 35.1099141 ], [ 136.885387, 35.1107372 ], [ 136.885683699999987, 35.1121577 ], [ 136.8860004, 35.1135135 ] ], [ [ 136.898795299999989, 35.0971084 ], [ 136.898738, 35.097216 ], [ 136.898739799999987, 35.0978809 ], [ 136.8987411, 35.0982254 ], [ 136.8987237, 35.0985656 ], [ 136.898688, 35.0987562 ], [ 136.898647, 35.0989424 ], [ 136.8985768, 35.0991628 ], [ 136.8984958, 35.0993634 ], [ 136.8983772, 35.0996327 ], [ 136.898317516600343, 35.09971282441748 ] ], [ [ 136.898317516600343, 35.09971282441748 ], [ 136.898268, 35.0997793 ], [ 136.89819, 35.0998889 ], [ 136.8980168, 35.1000479 ], [ 136.897792399999986, 35.100221 ] ] ] } },
{ "type": "Feature", "properties": { "lot_id": "L164", "segment_ids": "S2022", "n_segments": 1, "length_total_m": 472.66810809361169, "duration_days": 5, "primary_corridor_id": "segment_2022", "hard_disaster": true, "hard_metapath": false, "hard": true, "cost_k": 472.66810809361169, "impact_weight_k": 0.0 }, "geometry": { "type": "LineString", "coordinates": [ [ 136.897807, 35.1002679 ], [ 136.8980082, 35.1001112 ], [ 136.8982227, 35.0999142 ], [ 136.898408, 35.0997261 ], [ 136.8987186, 35.0994045 ], [ 136.8988654, 35.0991989 ], [ 136.898959499999989, 35.098949 ], [ 136.8990086, 35.0986855 ], [ 136.899036200000012, 35.0984177 ], [ 136.899029500000012, 35.0978914 ], [ 136.8990066, 35.0973783 ], [ 136.8989401, 35.0964695 ], [ 136.898862900000012, 35.0963638 ] ] } },
{ "type": "Feature", "properties": { "lot_id": "L165", "segment_ids": "S2027", "n_segments": 1, "length_total_m": 23.659229368937261, "duration_days": 1, "primary_corridor_id": "29", "hard_disaster": false, "hard_metapath": false, "hard": false, "cost_k": 23.659229368937261, "impact_weight_k": 0.0 }, "geometry": { "type": "LineString", "coordinates": [ [ 136.814785699999987, 35.1369848 ], [ 136.81504240000001, 35.1370195 ] ] } },
{ "type": "Feature", "properties": { "lot_id": "L166", "segment_ids": "S2037", "n_segments": 1, "length_total_m": 3039.4000844281063, "duration_days": 31, "primary_corridor_id": "59;126", "hard_disaster": true, "hard_metapath": false, "hard": true, "cost_k": 3039.4000844281063, "impact_weight_k": 0.0 }, "geometry": { "type": "LineString", "coordinates": [ [ 136.8577548, 35.2058096 ], [ 136.8577, 35.2057371 ], [ 136.8574963, 35.2054677 ], [ 136.8564696, 35.2042107 ], [ 136.855984299999989, 35.2037359 ], [ 136.8559268, 35.2036485 ], [ 136.8554804, 35.2029704 ], [ 136.855025500000011, 35.2022649 ], [ 136.854757299999989, 35.2017609 ], [ 136.85469040000001, 35.2016351 ], [ 136.8546167, 35.2014965 ], [ 136.8545455, 35.2013905 ], [ 136.8542005, 35.2008772 ], [ 136.8541314, 35.2007655 ], [ 136.8537121, 35.2001519 ], [ 136.8535919, 35.199976 ], [ 136.8535829, 35.1999628 ], [ 136.8531492, 35.1993601 ], [ 136.85310960000001, 35.1993024 ], [ 136.8517391, 35.1973101 ], [ 136.8515285, 35.1970992 ], [ 136.8513807, 35.1969511 ], [ 136.8511658, 35.1967194 ], [ 136.8509087, 35.1963488 ], [ 136.85080450000001, 35.1961882 ], [ 136.8506466, 35.1959361 ], [ 136.8505926, 35.1957971 ], [ 136.8505427, 35.1955536 ], [ 136.8505246, 35.1954652 ], [ 136.8502885, 35.1951252 ], [ 136.8501929, 35.1950004 ], [ 136.8501044, 35.1948848 ], [ 136.8499864, 35.194669 ], [ 136.849804299999988, 35.194326 ], [ 136.849436200000014, 35.1936324 ], [ 136.8494083, 35.1935811 ], [ 136.8491421, 35.1930912 ], [ 136.8490826, 35.1929719 ], [ 136.848972300000014, 35.192751 ], [ 136.848871800000012, 35.1925195 ], [ 136.848824, 35.1924094 ], [ 136.8485751, 35.1918361 ], [ 136.8485278, 35.1917153 ], [ 136.8483429, 35.1912434 ], [ 136.8482277, 35.1909493 ], [ 136.8475718, 35.1894137 ], [ 136.847519799999986, 35.1892919 ], [ 136.8459516, 35.1864892 ], [ 136.845881100000014, 35.1864352 ], [ 136.845753699999989, 35.1863375 ], [ 136.8454915, 35.1862559 ], [ 136.8445577, 35.1860456 ], [ 136.84448, 35.1860238 ], [ 136.844344400000011, 35.1855718 ], [ 136.844076, 35.18468 ], [ 136.8439423, 35.1842736 ], [ 136.8436247, 35.1833082 ], [ 136.843416600000012, 35.1829125 ], [ 136.8428468, 35.1819336 ] ] } },
{ "type": "Feature", "properties": { "lot_id": "L167", "segment_ids": "S2051", "n_segments": 1, "length_total_m": 33.904955108767972, "duration_days": 1, "primary_corridor_id": "segment_2051", "hard_disaster": true, "hard_metapath": false, "hard": true, "cost_k": 33.904955108767972, "impact_weight_k": 0.0 }, "geometry": { "type": "LineString", "coordinates": [ [ 137.0623347, 35.1714545 ], [ 137.0624882, 35.1711766 ] ] } },
{ "type": "Feature", "properties": { "lot_id": "L168", "segment_ids": "S2061", "n_segments": 1, "length_total_m": 1885.3708355529388, "duration_days": 4, "primary_corridor_id": "62", "hard_disaster": false, "hard_metapath": false, "hard": false, "cost_k": 1885.3708355529388, "impact_weight_k": 0.0 }, "geometry": { "type": "LineString", "coordinates": [ [ 136.8675077, 35.24103 ], [ 136.867227, 35.2410161 ], [ 136.8671778, 35.2410137 ], [ 136.8664804, 35.2409791 ], [ 136.8662965, 35.2409697 ], [ 136.8659988, 35.2409544 ], [ 136.8654603, 35.2409305 ], [ 136.8651131, 35.2409345 ], [ 136.8649972, 35.2409374 ], [ 136.8645326, 35.2409543 ], [ 136.863657499999988, 35.240991 ], [ 136.86293520000001, 35.2410227 ], [ 136.8625585, 35.2410392 ], [ 136.862041799999986, 35.241062 ], [ 136.8618296, 35.2410714 ], [ 136.8615718, 35.2410828 ], [ 136.860144600000012, 35.2411443 ], [ 136.8592582, 35.2411825 ], [ 136.8592018, 35.2411849 ], [ 136.859054, 35.2411912 ], [ 136.8589346, 35.2411964 ], [ 136.85853, 35.2412138 ], [ 136.8579699, 35.2412362 ], [ 136.8577669, 35.2412462 ], [ 136.8573795, 35.2412652 ], [ 136.8569176, 35.2412828 ], [ 136.856575099999986, 35.2412958 ], [ 136.8562097, 35.2413111 ], [ 136.8556884, 35.2413329 ], [ 136.8551588, 35.2413551 ], [ 136.85377840000001, 35.241415 ], [ 136.85238240000001, 35.2414756 ], [ 136.852047199999987, 35.2414907 ], [ 136.851724, 35.2415167 ], [ 136.8510793, 35.241582 ], [ 136.850184, 35.2416698 ], [ 136.850153, 35.2416728 ], [ 136.8500032, 35.2416868 ], [ 136.8489018, 35.2418001 ], [ 136.8486093, 35.2418162 ], [ 136.848385799999988, 35.2418285 ], [ 136.848149400000011, 35.2418192 ], [ 136.8476378, 35.2417836 ], [ 136.8475252, 35.2417606 ], [ 136.8473804, 35.2417348 ], [ 136.8472332, 35.2417085 ], [ 136.846980699999989, 35.2416449 ], [ 136.8468244, 35.2416055 ] ] } },
{ "type": "Feature", "properties": { "lot_id": "L169", "segment_ids": "S2079", "n_segments": 1, "length_total_m": 274.02174191381465, "duration_days": 3, "primary_corridor_id": "segment_2079", "hard_disaster": true, "hard_metapath": false, "hard": true, "cost_k": 274.02174191381465, "impact_weight_k": 0.0 }, "geometry": { "type": "LineString", "coordinates": [ [ 136.8550806, 35.2226391 ], [ 136.8553714, 35.2222285 ], [ 136.8554972, 35.2220629 ], [ 136.855617, 35.2219065 ], [ 136.8557231, 35.2217612 ], [ 136.8557855, 35.221654 ], [ 136.855829, 35.2215646 ], [ 136.855889100000013, 35.2214086 ], [ 136.8559156, 35.2213039 ], [ 136.855938, 35.2211726 ], [ 136.8559391, 35.2209857 ], [ 136.8559434, 35.2205113 ], [ 136.8559395, 35.2203492 ] ] } },
{ "type": "Feature", "properties": { "lot_id": "L170", "segment_ids": "S2096; S2957", "n_segments": 2, "length_total_m": 1073.2874926943978, "duration_days": 11, "primary_corridor_id": "22", "hard_disaster": true, "hard_metapath": false, "hard": true, "cost_k": 1073.2874926943978, "impact_weight_k": 0.0 }, "geometry": { "type": "MultiLineString", "coordinates": [ [ [ 136.8560402, 35.2193462 ], [ 136.8563216, 35.2188054 ], [ 136.8566922, 35.2181275 ], [ 136.8570507, 35.2174933 ], [ 136.85730430000001, 35.2170646 ], [ 136.857516800000013, 35.2166995 ], [ 136.857764, 35.2163018 ], [ 136.857795, 35.216252 ], [ 136.8579249, 35.2160739 ], [ 136.8582968, 35.2155956 ], [ 136.8586723, 35.2151277 ], [ 136.8594966, 35.2141973 ], [ 136.860366199999987, 35.213339 ], [ 136.8608721, 35.2128942 ], [ 136.860883, 35.2128847 ], [ 136.8618193, 35.2119866 ], [ 136.8622191, 35.2116064 ], [ 136.862258200000014, 35.2115712 ] ], [ [ 136.862258200000014, 35.2115712 ], [ 136.8623617, 35.2115345 ], [ 136.862425699999989, 35.2115221 ], [ 136.8624867, 35.2115237 ], [ 136.862507, 35.2115298 ], [ 136.8625477, 35.211542 ], [ 136.862598, 35.2115658 ] ] ] } },
{ "type": "Feature", "properties": { "lot_id": "L171", "segment_ids": "S2114; S2117", "n_segments": 2, "length_total_m": 1848.0632822972586, "duration_days": 19, "primary_corridor_id": "東海通", "hard_disaster": true, "hard_metapath": false, "hard": true, "cost_k": 1848.0632822972586, "impact_weight_k": 0.0 }, "geometry": { "type": "MultiLineString", "coordinates": [ [ [ 136.9557533, 35.1021761 ], [ 136.9556662, 35.1022172 ] ], [ [ 136.9556662, 35.1022172 ], [ 136.955444199999988, 35.1023293 ], [ 136.954944500000011, 35.1025689 ], [ 136.954765, 35.102654 ], [ 136.9543256, 35.1028743 ], [ 136.9534913, 35.1032936 ], [ 136.9532719, 35.1033944 ], [ 136.952956199999988, 35.1035593 ], [ 136.9528871, 35.1035866 ], [ 136.952723099999986, 35.1036515 ], [ 136.9525427, 35.1037157 ], [ 136.952454, 35.1037473 ], [ 136.9521542, 35.1038357 ], [ 136.9519971, 35.1038698 ], [ 136.9508324, 35.104096 ], [ 136.9506695, 35.1041277 ], [ 136.9505312, 35.104153 ], [ 136.9495528, 35.1043323 ], [ 136.9495307, 35.1043366 ], [ 136.9486949, 35.1044951 ], [ 136.948668199999986, 35.1045 ], [ 136.947478, 35.1047814 ], [ 136.9462685, 35.1050806 ], [ 136.9461724, 35.1051044 ], [ 136.9460263, 35.1051408 ], [ 136.9447654, 35.1054549 ], [ 136.944355800000011, 35.105557 ], [ 136.9442004, 35.1055782 ], [ 136.9439918, 35.105611 ], [ 136.9434617, 35.1056943 ], [ 136.9420198, 35.105921 ], [ 136.9419072, 35.1059387 ], [ 136.941788699999989, 35.1059596 ], [ 136.9409619, 35.1061053 ], [ 136.9400388, 35.1062952 ], [ 136.9391783, 35.1064913 ], [ 136.9378439, 35.1067908 ], [ 136.9371275, 35.1069602 ], [ 136.936489200000011, 35.1070975 ] ] ] } },
{ "type": "Feature", "properties": { "lot_id": "L172", "segment_ids": "S2121", "n_segments": 1, "length_total_m": 442.38904151170669, "duration_days": 5, "primary_corridor_id": "segment_2121", "hard_disaster": true, "hard_metapath": false, "hard": true, "cost_k": 442.38904151170669, "impact_weight_k": 0.0 }, "geometry": { "type": "LineString", "coordinates": [ [ 136.990989899999988, 35.0969786 ], [ 136.9904769, 35.096273 ], [ 136.9901691, 35.095846 ], [ 136.9899189, 35.0955008 ], [ 136.9894888, 35.0949333 ], [ 136.989096499999988, 35.0944785 ], [ 136.98877250000001, 35.0941701 ], [ 136.988603500000011, 35.0940092 ], [ 136.9882452, 35.0937124 ] ] } },
{ "type": "Feature", "properties": { "lot_id": "L173", "segment_ids": "S2126; S2129", "n_segments": 2, "length_total_m": 881.53818518212802, "duration_days": 9, "primary_corridor_id": "56", "hard_disaster": true, "hard_metapath": false, "hard": true, "cost_k": 881.53818518212802, "impact_weight_k": 0.0 }, "geometry": { "type": "MultiLineString", "coordinates": [ [ [ 136.999167199999988, 35.0932573 ], [ 136.999121, 35.0933093 ] ], [ [ 136.999121, 35.0933093 ], [ 136.9990266, 35.0934113 ], [ 136.998753, 35.0937112 ], [ 136.99848990000001, 35.0939999 ], [ 136.998113499999988, 35.0944246 ], [ 136.9980569, 35.0944851 ], [ 136.9979459, 35.0945897 ], [ 136.997850699999987, 35.0946814 ], [ 136.9976318, 35.0948855 ], [ 136.997522, 35.094978 ], [ 136.9974066, 35.0950658 ], [ 136.997066499999988, 35.0953167 ], [ 136.9970117, 35.0953469 ], [ 136.996904300000011, 35.0954113 ], [ 136.9967383, 35.0955111 ], [ 136.9964157, 35.0956901 ], [ 136.9963902, 35.0957035 ], [ 136.996349, 35.0957223 ], [ 136.9961801, 35.0957963 ], [ 136.996005200000013, 35.0958544 ], [ 136.995081699999986, 35.0962055 ], [ 136.993736399999989, 35.0966917 ], [ 136.9936902, 35.0967087 ], [ 136.9935442, 35.0967566 ], [ 136.9934121, 35.0968093 ], [ 136.992124499999989, 35.0972888 ], [ 136.991454299999987, 35.0975326 ], [ 136.9913099, 35.0975818 ] ] ] } },
{ "type": "Feature", "properties": { "lot_id": "L174", "segment_ids": "S2133", "n_segments": 1, "length_total_m": 16.590368793517747, "duration_days": 1, "primary_corridor_id": "302", "hard_disaster": false, "hard_metapath": false, "hard": false, "cost_k": 16.590368793517747, "impact_weight_k": 0.0 }, "geometry": { "type": "LineString", "coordinates": [ [ 136.9995379, 35.136057 ], [ 136.9995374, 35.1362062 ] ] } },
{ "type": "Feature", "properties": { "lot_id": "L175", "segment_ids": "S2151", "n_segments": 1, "length_total_m": 689.62799034136037, "duration_days": 7, "primary_corridor_id": "segment_2151", "hard_disaster": true, "hard_metapath": false, "hard": true, "cost_k": 689.62799034136037, "impact_weight_k": 0.0 }, "geometry": { "type": "LineString", "coordinates": [ [ 137.004074, 35.1358309 ], [ 137.0021677, 35.1357748 ], [ 137.00131, 35.1357681 ], [ 137.000957699999987, 35.1358352 ], [ 137.0007508, 35.1359072 ], [ 137.000488100000013, 35.1360553 ], [ 137.0004218, 35.1361077 ], [ 137.000284099999988, 35.1362603 ], [ 137.0001513, 35.1364314 ], [ 136.9999215, 35.1368201 ], [ 136.999767100000014, 35.1371272 ], [ 136.999673199999989, 35.1374399 ], [ 136.9996567, 35.1378804 ], [ 136.9996502, 35.1385992 ], [ 136.999656, 35.1388232 ], [ 136.999628699999988, 35.1390851 ] ] } },
{ "type": "Feature", "properties": { "lot_id": "L176", "segment_ids": "S2171", "n_segments": 1, "length_total_m": 177.10563794778616, "duration_days": 1, "primary_corridor_id": "63", "hard_disaster": false, "hard_metapath": false, "hard": false, "cost_k": 177.10563794778616, "impact_weight_k": 0.0 }, "geometry": { "type": "LineString", "coordinates": [ [ 136.8625882, 35.2948805 ], [ 136.8626626, 35.295621 ], [ 136.8627674, 35.2963687 ], [ 136.862799, 35.2964624 ] ] } },
{ "type": "Feature", "properties": { "lot_id": "L177", "segment_ids": "S2182", "n_segments": 1, "length_total_m": 1797.4208427759738, "duration_days": 4, "primary_corridor_id": "4", "hard_disaster": false, "hard_metapath": false, "hard": false, "cost_k": 1797.4208427759738, "impact_weight_k": 0.0 }, "geometry": { "type": "LineString", "coordinates": [ [ 136.8863766, 35.1153794 ], [ 136.8867745, 35.1172943 ], [ 136.8872197, 35.1194197 ], [ 136.8875291, 35.1208527 ], [ 136.8876112, 35.1212482 ], [ 136.8878947, 35.1225999 ], [ 136.8880849, 35.1233925 ], [ 136.8882141, 35.1237774 ], [ 136.888371400000011, 35.1241346 ], [ 136.88855430000001, 35.1245046 ], [ 136.8889199, 35.1251796 ], [ 136.8890707, 35.1254549 ], [ 136.8907975, 35.1286611 ], [ 136.8919678, 35.1307624 ] ] } },
{ "type": "Feature", "properties": { "lot_id": "L178", "segment_ids": "S2209", "n_segments": 1, "length_total_m": 687.65709244572076, "duration_days": 2, "primary_corridor_id": "40;115", "hard_disaster": false, "hard_metapath": false, "hard": false, "cost_k": 687.65709244572076, "impact_weight_k": 0.0 }, "geometry": { "type": "LineString", "coordinates": [ [ 136.809176799999989, 35.1566071 ], [ 136.8086041, 35.1564505 ], [ 136.8077835, 35.1561628 ], [ 136.8073049, 35.155995 ], [ 136.8070624, 35.1559099 ], [ 136.806540399999989, 35.1557229 ], [ 136.806339900000012, 35.1556511 ], [ 136.8061582, 35.155586 ], [ 136.8060648, 35.1555525 ], [ 136.8056676, 35.1554117 ], [ 136.8054319, 35.1553237 ], [ 136.8052592, 35.1552592 ], [ 136.8047903, 35.1550842 ], [ 136.804737499999987, 35.1543057 ], [ 136.8047259, 35.1541341 ], [ 136.8046799, 35.1530719 ], [ 136.804660399999989, 35.153 ], [ 136.8046072, 35.1529053 ], [ 136.804546, 35.152826 ] ] } },
{ "type": "Feature", "properties": { "lot_id": "L179", "segment_ids": "S2228", "n_segments": 1, "length_total_m": 152.19532136754083, "duration_days": 2, "primary_corridor_id": "segment_2228", "hard_disaster": true, "hard_metapath": false, "hard": true, "cost_k": 152.19532136754083, "impact_weight_k": 0.0 }, "geometry": { "type": "LineString", "coordinates": [ [ 136.9513722, 35.0457123 ], [ 136.9511991, 35.0458171 ], [ 136.9510728, 35.045915 ], [ 136.9508213, 35.0461401 ], [ 136.9507117, 35.0462229 ], [ 136.9505901, 35.0463021 ], [ 136.9503458, 35.0464342 ], [ 136.950122599999986, 35.0466135 ] ] } },
{ "type": "Feature", "properties": { "lot_id": "L180", "segment_ids": "S2233", "n_segments": 1, "length_total_m": 117.28285859365158, "duration_days": 1, "primary_corridor_id": "302", "hard_disaster": false, "hard_metapath": false, "hard": false, "cost_k": 117.28285859365158, "impact_weight_k": 0.0 }, "geometry": { "type": "LineString", "coordinates": [ [ 137.0000473, 35.137052 ], [ 137.0001049, 35.1368998 ], [ 137.0001096, 35.1367004 ], [ 137.0001177, 35.1364315 ], [ 137.000115099999988, 35.1363548 ], [ 137.0001245, 35.1362878 ], [ 137.0001272, 35.1362571 ], [ 137.0001647, 35.136211 ], [ 137.0002031, 35.1361696 ], [ 137.000268799999986, 35.1361378 ], [ 137.0003683, 35.1361255 ] ] } },
{ "type": "Feature", "properties": { "lot_id": "L181", "segment_ids": "S2269; S2851", "n_segments": 2, "length_total_m": 191.54627599597003, "duration_days": 1, "primary_corridor_id": "segment_2269", "hard_disaster": false, "hard_metapath": false, "hard": false, "cost_k": 191.54627599597003, "impact_weight_k": 0.0 }, "geometry": { "type": "MultiLineString", "coordinates": [ [ [ 136.9937981, 35.1493607 ], [ 136.9934624, 35.1495635 ], [ 136.9930417, 35.1496734 ], [ 136.9925943, 35.1497903 ], [ 136.992046499999987, 35.1497772 ] ], [ [ 136.994017500000012, 35.1493042 ], [ 136.9937981, 35.1493607 ] ] ] } },
{ "type": "Feature", "properties": { "lot_id": "L182", "segment_ids": "S2274; S2275", "n_segments": 2, "length_total_m": 208.91667519215065, "duration_days": 2, "primary_corridor_id": "segment_2274", "hard_disaster": true, "hard_metapath": false, "hard": true, "cost_k": 208.91667519215065, "impact_weight_k": 0.0 }, "geometry": { "type": "MultiLineString", "coordinates": [ [ [ 136.9973853, 35.148299 ], [ 136.9975302, 35.1481578 ], [ 136.997622400000012, 35.148106 ], [ 136.9979018, 35.1480087 ], [ 136.9981386, 35.1479263 ], [ 136.9983981, 35.1479095 ] ], [ [ 136.9973853, 35.148299 ], [ 136.9976988, 35.1482426 ], [ 136.9979668, 35.1481508 ], [ 136.9981197, 35.1480985 ], [ 136.9983981, 35.1479095 ] ] ] } },
{ "type": "Feature", "properties": { "lot_id": "L183", "segment_ids": "S2281", "n_segments": 1, "length_total_m": 58.244110896701073, "duration_days": 1, "primary_corridor_id": "segment_2281", "hard_disaster": false, "hard_metapath": false, "hard": false, "cost_k": 58.244110896701073, "impact_weight_k": 0.0 }, "geometry": { "type": "LineString", "coordinates": [ [ 137.0054793, 35.1700939 ], [ 137.0057115, 35.1696057 ] ] } },
{ "type": "Feature", "properties": { "lot_id": "L184", "segment_ids": "S2290; S2291", "n_segments": 2, "length_total_m": 1043.4441991093197, "duration_days": 3, "primary_corridor_id": "環状線", "hard_disaster": false, "hard_metapath": false, "hard": false, "cost_k": 1043.4441991093197, "impact_weight_k": 0.0 }, "geometry": { "type": "MultiLineString", "coordinates": [ [ [ 136.9333723, 35.140917 ], [ 136.933369199999987, 35.1408403 ] ], [ [ 136.9333723, 35.140917 ], [ 136.933594, 35.1409295 ], [ 136.9346062, 35.1409862 ], [ 136.9357435, 35.1410431 ], [ 136.9367698, 35.1410965 ], [ 136.938285, 35.1411855 ], [ 136.9394445, 35.1412425 ], [ 136.940754199999986, 35.1413137 ], [ 136.9420557, 35.1413834 ], [ 136.943318299999987, 35.1414544 ], [ 136.9447295, 35.1415254 ] ] ] } },
{ "type": "Feature", "properties": { "lot_id": "L185", "segment_ids": "S2295", "n_segments": 1, "length_total_m": 539.65046241969242, "duration_days": 6, "primary_corridor_id": "江川線", "hard_disaster": true, "hard_metapath": false, "hard": true, "cost_k": 539.65046241969242, "impact_weight_k": 0.0 }, "geometry": { "type": "LineString", "coordinates": [ [ 136.8930459, 35.1402429 ], [ 136.893025, 35.1408613 ], [ 136.892966199999989, 35.141864 ], [ 136.8929518, 35.1422052 ], [ 136.89294240000001, 35.1430776 ], [ 136.8929417, 35.1431388 ], [ 136.8929412, 35.1431821 ], [ 136.8929384, 35.1432827 ], [ 136.892924599999986, 35.1437795 ], [ 136.8929156, 35.1441024 ], [ 136.892908299999988, 35.1442936 ], [ 136.892891, 35.1447463 ], [ 136.892890099999988, 35.1449 ], [ 136.8928889, 35.1450939 ] ] } },
{ "type": "Feature", "properties": { "lot_id": "L186", "segment_ids": "S2298", "n_segments": 1, "length_total_m": 21.926327949189822, "duration_days": 1, "primary_corridor_id": "29", "hard_disaster": true, "hard_metapath": false, "hard": true, "cost_k": 21.926327949189822, "impact_weight_k": 0.0 }, "geometry": { "type": "LineString", "coordinates": [ [ 136.8990067, 35.1401851 ], [ 136.899247800000012, 35.1401885 ] ] } },
{ "type": "Feature", "properties": { "lot_id": "L187", "segment_ids": "S2320", "n_segments": 1, "length_total_m": 11.27092709145043, "duration_days": 1, "primary_corridor_id": "153", "hard_disaster": true, "hard_metapath": false, "hard": true, "cost_k": 11.27092709145043, "impact_weight_k": 0.0 }, "geometry": { "type": "LineString", "coordinates": [ [ 137.0000057, 35.1358828 ], [ 137.0000326, 35.1358585 ], [ 137.0000516, 35.1357917 ] ] } },
{ "type": "Feature", "properties": { "lot_id": "L188", "segment_ids": "S2361", "n_segments": 1, "length_total_m": 14.257360977284126, "duration_days": 1, "primary_corridor_id": "55", "hard_disaster": false, "hard_metapath": false, "hard": false, "cost_k": 14.257360977284126, "impact_weight_k": 0.0 }, "geometry": { "type": "LineString", "coordinates": [ [ 136.9016825, 35.0553446 ], [ 136.9018082, 35.0552681 ] ] } },
{ "type": "Feature", "properties": { "lot_id": "L189", "segment_ids": "S2381; S2383", "n_segments": 2, "length_total_m": 471.21130262214496, "duration_days": 3, "primary_corridor_id": "302", "hard_disaster": true, "hard_metapath": false, "hard": true, "cost_k": 471.21130262214496, "impact_weight_k": 0.0 }, "geometry": { "type": "MultiLineString", "coordinates": [ [ [ 136.8166479, 35.1948263 ], [ 136.8166271, 35.1949864 ], [ 136.816605900000013, 35.1950688 ], [ 136.8165678, 35.1951467 ], [ 136.81650830000001, 35.1952256 ], [ 136.816453700000011, 35.1952992 ], [ 136.8164209, 35.1953543 ], [ 136.816404299999988, 35.1954172 ], [ 136.8163999, 35.195488 ], [ 136.8164022, 35.1955499 ], [ 136.816438, 35.1957968 ], [ 136.8164692, 35.1959614 ], [ 136.8164774, 35.1959927 ], [ 136.8165023, 35.1961185 ], [ 136.8165141, 35.1961772 ], [ 136.8165539, 35.1963441 ], [ 136.8165711, 35.1964024 ], [ 136.8166004, 35.1964564 ], [ 136.816645099999988, 35.1965038 ], [ 136.8166952, 35.1965397 ], [ 136.8168327, 35.196625 ], [ 136.81689, 35.1966617 ], [ 136.8169311, 35.1967061 ], [ 136.8169813, 35.1967849 ] ], [ [ 136.8169813, 35.1967849 ], [ 136.8169452, 35.1966899 ], [ 136.816909399999986, 35.1965871 ], [ 136.8168776, 35.1965303 ], [ 136.8168349, 35.1964811 ], [ 136.8167828, 35.1964373 ], [ 136.8166848, 35.1963552 ], [ 136.8166412, 35.1963082 ], [ 136.8166127, 35.1962622 ], [ 136.8165909, 35.1962074 ], [ 136.8165706, 35.1961148 ], [ 136.8165469, 35.1959921 ], [ 136.8165416, 35.1959608 ], [ 136.8165224, 35.195852 ], [ 136.816511600000013, 35.1957908 ], [ 136.816501, 35.1957148 ], [ 136.8164945, 35.1956299 ], [ 136.8164988, 35.195557 ], [ 136.8165228, 35.1954778 ], [ 136.8165645, 35.195408 ], [ 136.8166215, 35.1953275 ], [ 136.8166531, 35.1952679 ], [ 136.81666340000001, 35.1952012 ], [ 136.8166497, 35.1949165 ], [ 136.8166479, 35.1948263 ] ] ] } },
{ "type": "Feature", "properties": { "lot_id": "L190", "segment_ids": "S2393", "n_segments": 1, "length_total_m": 593.26751559734373, "duration_days": 6, "primary_corridor_id": "22;208", "hard_disaster": true, "hard_metapath": false, "hard": true, "cost_k": 593.26751559734373, "impact_weight_k": 0.0 }, "geometry": { "type": "LineString", "coordinates": [ [ 137.069507499999986, 35.2187427 ], [ 137.0697391, 35.2179991 ], [ 137.0698856, 35.2174758 ], [ 137.069935, 35.2172991 ], [ 137.0701004, 35.2167386 ], [ 137.0703184, 35.2159959 ], [ 137.070537300000012, 35.215265 ], [ 137.0706104, 35.2150191 ], [ 137.0706381, 35.2148394 ], [ 137.070655499999987, 35.2145457 ], [ 137.070667, 35.2137004 ], [ 137.0705932, 35.2135269 ] ] } },
{ "type": "Feature", "properties": { "lot_id": "L191", "segment_ids": "S2403", "n_segments": 1, "length_total_m": 264.26330375551885, "duration_days": 1, "primary_corridor_id": "302", "hard_disaster": false, "hard_metapath": false, "hard": false, "cost_k": 264.26330375551885, "impact_weight_k": 0.0 }, "geometry": { "type": "LineString", "coordinates": [ [ 136.9737915, 35.0798028 ], [ 136.9739564, 35.0799651 ], [ 136.9742441, 35.0802644 ], [ 136.9746333, 35.0806401 ], [ 136.975644100000011, 35.0816328 ] ] } },
{ "type": "Feature", "properties": { "lot_id": "L192", "segment_ids": "S2411", "n_segments": 1, "length_total_m": 154.50714537738219, "duration_days": 1, "primary_corridor_id": "57", "hard_disaster": false, "hard_metapath": false, "hard": false, "cost_k": 154.50714537738219, "impact_weight_k": 0.0 }, "geometry": { "type": "LineString", "coordinates": [ [ 137.05126820000001, 35.1027514 ], [ 137.0515484, 35.1032558 ], [ 137.0518027, 35.1036905 ], [ 137.0519314, 35.1039202 ], [ 137.0519873, 35.1040101 ] ] } },
{ "type": "Feature", "properties": { "lot_id": "L193", "segment_ids": "S2416", "n_segments": 1, "length_total_m": 11.463621543615476, "duration_days": 1, "primary_corridor_id": "153", "hard_disaster": false, "hard_metapath": false, "hard": false, "cost_k": 11.463621543615476, "impact_weight_k": 0.0 }, "geometry": { "type": "LineString", "coordinates": [ [ 136.98935560000001, 35.1407981 ], [ 136.989229599999987, 35.1407946 ] ] } },
{ "type": "Feature", "properties": { "lot_id": "L194", "segment_ids": "S2434", "n_segments": 1, "length_total_m": 3981.7306426852351, "duration_days": 8, "primary_corridor_id": "56", "hard_disaster": false, "hard_metapath": false, "hard": false, "cost_k": 3981.7306426852351, "impact_weight_k": 0.0 }, "geometry": { "type": "LineString", "coordinates": [ [ 137.0782471, 35.0496889 ], [ 137.0778882, 35.0500564 ], [ 137.0777674, 35.050188 ], [ 137.077665599999989, 35.0503016 ], [ 137.0764383, 35.0516711 ], [ 137.075534800000014, 35.0526704 ], [ 137.074985, 35.0532846 ], [ 137.0742339, 35.0541348 ], [ 137.0740336, 35.0544226 ], [ 137.0740054, 35.0544601 ], [ 137.0739319, 35.0545577 ], [ 137.073841499999986, 35.0547041 ], [ 137.0737541, 35.0548457 ], [ 137.0735853, 35.0552605 ], [ 137.0734961, 35.0555159 ], [ 137.073408, 35.0558281 ], [ 137.072987899999987, 35.0575406 ], [ 137.072424, 35.0597269 ], [ 137.072094600000014, 35.0609776 ], [ 137.072064899999987, 35.061091 ], [ 137.072045300000013, 35.061224 ], [ 137.072025599999989, 35.0614702 ], [ 137.0720335, 35.061796 ], [ 137.0720537, 35.0619927 ], [ 137.072201400000012, 35.0625308 ], [ 137.0722097, 35.0625611 ], [ 137.0722376, 35.0626519 ], [ 137.0722533, 35.0627347 ], [ 137.0720315, 35.0627881 ], [ 137.0715506, 35.0628889 ], [ 137.0704724, 35.0631083 ], [ 137.0697888, 35.0632278 ], [ 137.0696342, 35.0632595 ], [ 137.069373899999988, 35.0633118 ], [ 137.068526100000014, 35.0635011 ], [ 137.0678082, 35.0636479 ], [ 137.067095, 35.0637656 ], [ 137.0666802, 35.0638605 ], [ 137.0651854, 35.064131 ], [ 137.0647861, 35.0642092 ], [ 137.0643854, 35.0642876 ], [ 137.0641149, 35.0643551 ], [ 137.06396190000001, 35.0644073 ], [ 137.0638276, 35.0644593 ], [ 137.063696599999986, 35.0645287 ], [ 137.0635748, 35.0646056 ], [ 137.063138, 35.0649577 ], [ 137.062941599999988, 35.0651067 ], [ 137.0628744, 35.0651702 ], [ 137.062782, 35.0652575 ], [ 137.062644299999988, 35.0654188 ], [ 137.0625848, 35.0654916 ], [ 137.06250940000001, 35.0656037 ], [ 137.0624123, 35.0657668 ], [ 137.0623206, 35.0659585 ], [ 137.0622295, 35.0661413 ], [ 137.062105, 35.0664951 ], [ 137.0620542, 35.0666619 ], [ 137.06193, 35.0670836 ], [ 137.061912799999988, 35.0671419 ], [ 137.0618165, 35.0675121 ], [ 137.061649100000011, 35.0681215 ], [ 137.061570499999988, 35.0684078 ], [ 137.0612907, 35.0693854 ], [ 137.0612583, 35.0696795 ], [ 137.0612583, 35.0699435 ], [ 137.0612966, 35.0710719 ], [ 137.0613157, 35.0718398 ], [ 137.0613102, 35.0719138 ], [ 137.0612944, 35.0720014 ], [ 137.0612636, 35.0720774 ], [ 137.0612406, 35.0721303 ], [ 137.0612, 35.0721923 ], [ 137.0611352, 35.0722765 ], [ 137.0610748, 35.0723352 ], [ 137.0610022, 35.0723908 ], [ 137.0608828, 35.0724645 ], [ 137.0605277, 35.0726335 ], [ 137.0595497, 35.0730868 ], [ 137.0588397, 35.0734689 ], [ 137.0586127, 35.0736191 ], [ 137.058064800000011, 35.0739478 ], [ 137.0577993, 35.0741086 ], [ 137.0571991, 35.0744806 ], [ 137.0566082, 35.0748319 ], [ 137.0563051, 35.0750233 ], [ 137.0559178, 35.075278 ], [ 137.05581620000001, 35.0753458 ], [ 137.055444200000011, 35.0755626 ], [ 137.0553051, 35.0756539 ] ] } },
{ "type": "Feature", "properties": { "lot_id": "L195", "segment_ids": "S2443; S2559; S2560; S2569", "n_segments": 4, "length_total_m": 1643.0028870439753, "duration_days": 8, "primary_corridor_id": "153", "hard_disaster": true, "hard_metapath": false, "hard": true, "cost_k": 1643.0028870439753, "impact_weight_k": 0.0 }, "geometry": { "type": "MultiLineString", "coordinates": [ [ [ 137.084741400000013, 35.0884481 ], [ 137.083603399999987, 35.0888482 ], [ 137.0831243, 35.0890418 ], [ 137.0828357, 35.0891867 ], [ 137.082749400000012, 35.0892301 ], [ 137.0821999, 35.0895009 ], [ 137.081704699999989, 35.0897811 ] ], [ [ 137.0903084, 35.0873765 ], [ 137.0888755, 35.0875895 ], [ 137.0886232, 35.0876289 ], [ 137.088241399999987, 35.0876952 ], [ 137.0877643, 35.0877806 ], [ 137.087198199999989, 35.0878664 ], [ 137.0866229, 35.0879826 ], [ 137.0856191, 35.0881929 ], [ 137.0850418, 35.088359 ], [ 137.084741400000013, 35.0884481 ] ], [ [ 137.0903084, 35.0873765 ], [ 137.0898319, 35.0874786 ], [ 137.0897334, 35.087502 ], [ 137.089537, 35.0875679 ], [ 137.0893087, 35.0876819 ], [ 137.0891497, 35.0877506 ], [ 137.08910370000001, 35.0877625 ], [ 137.0888096, 35.0878082 ], [ 137.0886477, 35.0878451 ], [ 137.088596700000011, 35.0878624 ], [ 137.088540200000011, 35.0878885 ] ], [ [ 137.0971697, 35.086324 ], [ 137.0966798, 35.0863917 ], [ 137.0954782, 35.086578 ], [ 137.095249, 35.086617 ], [ 137.093885699999987, 35.0868491 ], [ 137.093839800000012, 35.0868498 ], [ 137.092812900000013, 35.0870318 ], [ 137.0910318, 35.0872821 ], [ 137.0903084, 35.0873765 ] ] ] } },
{ "type": "Feature", "properties": { "lot_id": "L196", "segment_ids": "S2448", "n_segments": 1, "length_total_m": 1943.6415658067131, "duration_days": 4, "primary_corridor_id": "55", "hard_disaster": false, "hard_metapath": false, "hard": false, "cost_k": 1943.6415658067131, "impact_weight_k": 0.0 }, "geometry": { "type": "LineString", "coordinates": [ [ 136.9118533, 35.0637246 ], [ 136.9119101, 35.0635931 ], [ 136.91206170000001, 35.0632251 ], [ 136.912162099999989, 35.0630499 ], [ 136.9123138, 35.0628566 ], [ 136.9125003, 35.0626677 ], [ 136.9127647, 35.0624634 ], [ 136.912792, 35.0624426 ], [ 136.9135943, 35.0618304 ], [ 136.9141339, 35.0614187 ], [ 136.9145149, 35.0611253 ], [ 136.9146313, 35.0610187 ], [ 136.914710899999989, 35.0609286 ], [ 136.9147422, 35.0608875 ], [ 136.9148328, 35.0607687 ], [ 136.914927, 35.0605843 ], [ 136.915016900000012, 35.060353 ], [ 136.9150515, 35.0602093 ], [ 136.915147600000012, 35.0597989 ], [ 136.915553100000011, 35.0578849 ], [ 136.915772800000013, 35.0569209 ], [ 136.9158631, 35.0565801 ], [ 136.9159789, 35.0562501 ], [ 136.9162024, 35.0556583 ], [ 136.9162915, 35.0553482 ], [ 136.916373099999987, 35.0550356 ], [ 136.91644070000001, 35.0546346 ], [ 136.9164714, 35.0542308 ], [ 136.916516, 35.0537605 ], [ 136.9165504, 35.0532376 ], [ 136.9165926, 35.0527042 ], [ 136.9165808, 35.0521874 ], [ 136.9165567, 35.0507467 ], [ 136.916509499999989, 35.0493515 ], [ 136.9165007, 35.0489835 ], [ 136.9164937, 35.0484577 ], [ 136.9164156, 35.047341 ] ] } },
{ "type": "Feature", "properties": { "lot_id": "L197", "segment_ids": "S2509", "n_segments": 1, "length_total_m": 1094.4482307813068, "duration_days": 3, "primary_corridor_id": "22", "hard_disaster": false, "hard_metapath": false, "hard": false, "cost_k": 1094.4482307813068, "impact_weight_k": 0.0 }, "geometry": { "type": "LineString", "coordinates": [ [ 136.829975600000012, 35.2857792 ], [ 136.830027800000011, 35.2853251 ], [ 136.8300668, 35.284852 ], [ 136.8300736, 35.2847112 ], [ 136.8300605, 35.2838096 ], [ 136.8300734, 35.2826811 ], [ 136.8300854, 35.2815887 ], [ 136.830096200000014, 35.2806066 ], [ 136.8300922, 35.2799893 ], [ 136.8300997, 35.2786854 ], [ 136.830094800000012, 35.2784758 ], [ 136.830099100000012, 35.2777306 ], [ 136.830098, 35.2773518 ], [ 136.8300988, 35.2772766 ], [ 136.830086, 35.2769157 ], [ 136.830102900000014, 35.2761433 ], [ 136.83011590000001, 35.2759406 ] ] } },
{ "type": "Feature", "properties": { "lot_id": "L198", "segment_ids": "S2512", "n_segments": 1, "length_total_m": 1766.9847700088585, "duration_days": 4, "primary_corridor_id": "C2", "hard_disaster": false, "hard_metapath": false, "hard": false, "cost_k": 1766.9847700088585, "impact_weight_k": 0.0 }, "geometry": { "type": "LineString", "coordinates": [ [ 136.8661098, 35.2225597 ], [ 136.883424600000012, 35.2238366 ], [ 136.883745299999987, 35.2238613 ], [ 136.8840553, 35.2238898 ], [ 136.8843948, 35.2239292 ], [ 136.884723799999989, 35.2239752 ], [ 136.885093500000011, 35.2240405 ], [ 136.8854619, 35.2241102 ] ] } },
{ "type": "Feature", "properties": { "lot_id": "L199", "segment_ids": "S2518", "n_segments": 1, "length_total_m": 199.21963133152985, "duration_days": 1, "primary_corridor_id": "302", "hard_disaster": false, "hard_metapath": false, "hard": false, "cost_k": 199.21963133152985, "impact_weight_k": 0.0 }, "geometry": { "type": "LineString", "coordinates": [ [ 136.964614, 35.0662671 ], [ 136.964847600000013, 35.0667409 ], [ 136.9650125, 35.0670734 ], [ 136.9653863, 35.067943 ] ] } },
{ "type": "Feature", "properties": { "lot_id": "L200", "segment_ids": "S2531", "n_segments": 1, "length_total_m": 622.83536966942233, "duration_days": 2, "primary_corridor_id": "11", "hard_disaster": false, "hard_metapath": false, "hard": false, "cost_k": 622.83536966942233, "impact_weight_k": 0.0 }, "geometry": { "type": "LineString", "coordinates": [ [ 136.909295500000013, 35.2387434 ], [ 136.9093361, 35.2383694 ], [ 136.9095571, 35.2363407 ], [ 136.909645, 35.2355135 ], [ 136.9097619, 35.2340238 ], [ 136.9098112, 35.2331587 ] ] } },
{ "type": "Feature", "properties": { "lot_id": "L201", "segment_ids": "S2532; S2533", "n_segments": 2, "length_total_m": 3594.9534400765756, "duration_days": 12, "primary_corridor_id": "11", "hard_disaster": true, "hard_metapath": false, "hard": true, "cost_k": 3594.9534400765756, "impact_weight_k": 0.0 }, "geometry": { "type": "MultiLineString", "coordinates": [ [ [ 136.9095227, 35.2353781 ], [ 136.9094221, 35.2363358 ], [ 136.9093231, 35.2370522 ], [ 136.909174, 35.2383343 ], [ 136.909120343597039, 35.238824893943253 ] ], [ [ 136.909120343597039, 35.238824893943253 ], [ 136.9091014, 35.2389981 ], [ 136.908942700000011, 35.2404718 ], [ 136.9088035, 35.2416959 ], [ 136.9086303, 35.2432401 ], [ 136.9084906, 35.2444831 ], [ 136.9082885, 35.2464233 ], [ 136.908172900000011, 35.2476916 ], [ 136.9080438, 35.2489336 ], [ 136.907901, 35.2504814 ], [ 136.9077715, 35.2516451 ], [ 136.9076589, 35.2526452 ], [ 136.907576, 35.2535541 ], [ 136.9074664, 35.2549713 ], [ 136.9074277, 35.2561938 ], [ 136.907438, 35.2569447 ], [ 136.907517399999989, 35.2582017 ], [ 136.907679, 35.2600607 ], [ 136.9077399, 35.2607566 ], [ 136.90777270000001, 35.2611811 ], [ 136.907882, 35.2625039 ] ], [ [ 136.9095227, 35.2353781 ], [ 136.909570699999989, 35.235495 ], [ 136.909430500000013, 35.2368139 ], [ 136.9092904, 35.2378523 ], [ 136.90923380000001, 35.2383417 ], [ 136.9091851, 35.2387807 ], [ 136.909120343597039, 35.238824893943253 ] ], [ [ 136.909120343597039, 35.238824893943253 ], [ 136.90910070000001, 35.2388383 ], [ 136.909011, 35.2396167 ], [ 136.9089108, 35.2403861 ], [ 136.908879899999988, 35.2404286 ] ] ] } },
{ "type": "Feature", "properties": { "lot_id": "L202", "segment_ids": "S2555; S2556", "n_segments": 2, "length_total_m": 548.72183267396429, "duration_days": 6, "primary_corridor_id": "segment_2555", "hard_disaster": true, "hard_metapath": false, "hard": true, "cost_k": 548.72183267396429, "impact_weight_k": 0.0 }, "geometry": { "type": "MultiLineString", "coordinates": [ [ [ 137.03811, 35.1096919 ], [ 137.0382396, 35.1096885 ] ], [ [ 137.03811, 35.1096919 ], [ 137.038237, 35.1095847 ], [ 137.038931600000012, 35.1090036 ], [ 137.0393191, 35.1086694 ], [ 137.0394719, 35.1085429 ], [ 137.0409709, 35.1073189 ], [ 137.041593799999987, 35.1068662 ], [ 137.0416659, 35.1068177 ], [ 137.0420047, 35.1065896 ], [ 137.0423755, 35.106363 ] ] ] } },
{ "type": "Feature", "properties": { "lot_id": "L203", "segment_ids": "S2580", "n_segments": 1, "length_total_m": 2529.8468251518916, "duration_days": 26, "primary_corridor_id": "58", "hard_disaster": true, "hard_metapath": false, "hard": true, "cost_k": 2529.8468251518916, "impact_weight_k": 0.0 }, "geometry": { "type": "LineString", "coordinates": [ [ 137.0253169, 35.1219275 ], [ 137.025880300000011, 35.1222239 ], [ 137.025472, 35.122812 ], [ 137.0252908, 35.123042 ], [ 137.0251518, 35.1231902 ], [ 137.0250127, 35.1233384 ], [ 137.0244913, 35.1238308 ], [ 137.024352599999986, 35.1239777 ], [ 137.024233, 35.1241249 ], [ 137.0240776, 35.1244334 ], [ 137.02398, 35.1248667 ], [ 137.0238258, 35.1255728 ], [ 137.024763299999989, 35.1258612 ], [ 137.0249725, 35.1259311 ], [ 137.02546, 35.1260841 ], [ 137.026010899999989, 35.1262877 ], [ 137.02622740000001, 35.1263822 ], [ 137.0266736, 35.1265771 ], [ 137.0267658, 35.1266174 ], [ 137.027014900000012, 35.1267274 ], [ 137.0280673, 35.127192 ], [ 137.0284495, 35.1273377 ], [ 137.0287945, 35.1274325 ], [ 137.0289718, 35.127482 ], [ 137.0296276, 35.1276034 ], [ 137.030529300000012, 35.1277558 ], [ 137.0308278, 35.1278063 ], [ 137.031102800000014, 35.1278677 ], [ 137.031308, 35.1279269 ], [ 137.0320523, 35.1281638 ], [ 137.032587400000011, 35.1283371 ], [ 137.0327108, 35.1283876 ], [ 137.0330568, 35.1285072 ], [ 137.0334775, 35.1286292 ], [ 137.0335895, 35.1286708 ], [ 137.033768, 35.128774 ], [ 137.033976200000012, 35.1288975 ], [ 137.0340018, 35.1289127 ], [ 137.0346312, 35.1293024 ], [ 137.0349075, 35.1294691 ], [ 137.035217499999987, 35.1296417 ], [ 137.0352478, 35.1296551 ], [ 137.0353762, 35.1297115 ], [ 137.0354184, 35.1297301 ], [ 137.035680899999988, 35.1298204 ], [ 137.036393299999986, 35.130001 ], [ 137.0367089, 35.1300794 ], [ 137.0371297, 35.1301909 ], [ 137.0382172, 35.13046 ], [ 137.038969400000013, 35.130651 ], [ 137.039441, 35.1307721 ], [ 137.0400847, 35.1309343 ], [ 137.040113, 35.1309414 ], [ 137.0405264, 35.1310433 ], [ 137.0407568, 35.131096 ], [ 137.041019299999988, 35.131142 ], [ 137.041226599999987, 35.1311525 ], [ 137.0414036, 35.1311615 ], [ 137.0416856, 35.131174 ], [ 137.0419025, 35.1311837 ], [ 137.0425799, 35.1312311 ], [ 137.0431064, 35.1312554 ], [ 137.043927700000012, 35.1312932 ], [ 137.0440485, 35.1312984 ], [ 137.0448513, 35.1313427 ] ] } },
{ "type": "Feature", "properties": { "lot_id": "L204", "segment_ids": "S2585", "n_segments": 1, "length_total_m": 13.375525981673247, "duration_days": 1, "primary_corridor_id": "23", "hard_disaster": false, "hard_metapath": false, "hard": false, "cost_k": 13.375525981673247, "impact_weight_k": 0.0 }, "geometry": { "type": "LineString", "coordinates": [ [ 136.9278047, 35.0679745 ], [ 136.9277616, 35.0680895 ] ] } },
{ "type": "Feature", "properties": { "lot_id": "L205", "segment_ids": "S2604", "n_segments": 1, "length_total_m": 400.41637093322976, "duration_days": 5, "primary_corridor_id": "segment_2604", "hard_disaster": true, "hard_metapath": false, "hard": true, "cost_k": 400.41637093322976, "impact_weight_k": 0.0 }, "geometry": { "type": "LineString", "coordinates": [ [ 137.0260946, 35.0082068 ], [ 137.0261942, 35.0080169 ], [ 137.0263172, 35.0077625 ], [ 137.0264962, 35.0072516 ], [ 137.026611800000012, 35.0069166 ], [ 137.0267177, 35.0065789 ], [ 137.0269515, 35.005814 ], [ 137.027091, 35.0054919 ], [ 137.0272669, 35.0049151 ], [ 137.027331299999986, 35.004756 ] ] } },
{ "type": "Feature", "properties": { "lot_id": "L206", "segment_ids": "S2664", "n_segments": 1, "length_total_m": 21.717008458539691, "duration_days": 1, "primary_corridor_id": "302", "hard_disaster": false, "hard_metapath": false, "hard": false, "cost_k": 21.717008458539691, "impact_weight_k": 0.0 }, "geometry": { "type": "LineString", "coordinates": [ [ 136.986006300000014, 35.0914621 ], [ 136.9858581, 35.091309 ] ] } },
{ "type": "Feature", "properties": { "lot_id": "L207", "segment_ids": "S2671", "n_segments": 1, "length_total_m": 20.671042514067388, "duration_days": 1, "primary_corridor_id": "59", "hard_disaster": false, "hard_metapath": false, "hard": false, "cost_k": 20.671042514067388, "impact_weight_k": 0.0 }, "geometry": { "type": "LineString", "coordinates": [ [ 136.8620238, 35.2108504 ], [ 136.8619246, 35.2106831 ] ] } },
{ "type": "Feature", "properties": { "lot_id": "L208", "segment_ids": "S2695", "n_segments": 1, "length_total_m": 274.16228456324029, "duration_days": 1, "primary_corridor_id": "segment_2695", "hard_disaster": false, "hard_metapath": false, "hard": false, "cost_k": 274.16228456324029, "impact_weight_k": 0.0 }, "geometry": { "type": "LineString", "coordinates": [ [ 136.9999469, 35.14001 ], [ 136.999952400000012, 35.1395866 ], [ 136.9999563, 35.1390198 ], [ 136.999966300000011, 35.1379795 ], [ 137.0000693, 35.1375527 ] ] } },
{ "type": "Feature", "properties": { "lot_id": "L209", "segment_ids": "S2711", "n_segments": 1, "length_total_m": 1507.4509908957411, "duration_days": 4, "primary_corridor_id": "60", "hard_disaster": false, "hard_metapath": false, "hard": false, "cost_k": 1507.4509908957411, "impact_weight_k": 0.0 }, "geometry": { "type": "LineString", "coordinates": [ [ 137.0347035, 35.1721777 ], [ 137.0335868, 35.172331 ], [ 137.0331562, 35.1724162 ], [ 137.0327202, 35.1725256 ], [ 137.032170799999989, 35.1727093 ], [ 137.0314103, 35.1730295 ], [ 137.029644, 35.1737999 ], [ 137.0274401, 35.1747158 ], [ 137.0274016, 35.1747318 ], [ 137.0271692, 35.1748021 ], [ 137.026961300000011, 35.1748694 ], [ 137.0267354, 35.1749328 ], [ 137.0263746, 35.1750091 ], [ 137.0258781, 35.1751029 ], [ 137.0253227, 35.1751415 ], [ 137.024302299999988, 35.1751518 ], [ 137.0222024, 35.1750051 ], [ 137.0219261, 35.1749749 ], [ 137.0212898, 35.1749004 ], [ 137.02045, 35.1748315 ], [ 137.019138199999986, 35.1747351 ], [ 137.0189124, 35.1747209 ] ] } },
{ "type": "Feature", "properties": { "lot_id": "L210", "segment_ids": "S2718", "n_segments": 1, "length_total_m": 85.153459278544034, "duration_days": 1, "primary_corridor_id": "環状線", "hard_disaster": true, "hard_metapath": false, "hard": true, "cost_k": 85.153459278544034, "impact_weight_k": 0.0 }, "geometry": { "type": "LineString", "coordinates": [ [ 136.8823835, 35.1962725 ], [ 136.8824602, 35.1962985 ], [ 136.8827713, 35.1966415 ], [ 136.8829001, 35.1967983 ], [ 136.88295930000001, 35.1968647 ] ] } },
{ "type": "Feature", "properties": { "lot_id": "L211", "segment_ids": "S2739", "n_segments": 1, "length_total_m": 25.20957103594726, "duration_days": 1, "primary_corridor_id": "155", "hard_disaster": false, "hard_metapath": false, "hard": false, "cost_k": 25.20957103594726, "impact_weight_k": 0.0 }, "geometry": { "type": "LineString", "coordinates": [ [ 136.9067308, 35.2943976 ], [ 136.9064626, 35.2944566 ] ] } },
{ "type": "Feature", "properties": { "lot_id": "L212", "segment_ids": "S2749", "n_segments": 1, "length_total_m": 97.495556143916474, "duration_days": 1, "primary_corridor_id": "302", "hard_disaster": true, "hard_metapath": false, "hard": true, "cost_k": 97.495556143916474, "impact_weight_k": 0.0 }, "geometry": { "type": "LineString", "coordinates": [ [ 136.823316, 35.2094389 ], [ 136.82372860000001, 35.2102483 ] ] } },
{ "type": "Feature", "properties": { "lot_id": "L213", "segment_ids": "S2754", "n_segments": 1, "length_total_m": 989.33611201042447, "duration_days": 2, "primary_corridor_id": "名古屋第二環状自動車道", "hard_disaster": false, "hard_metapath": false, "hard": false, "cost_k": 989.33611201042447, "impact_weight_k": 0.0 }, "geometry": { "type": "LineString", "coordinates": [ [ 136.8180936, 35.0558011 ], [ 136.8181657, 35.0552449 ], [ 136.818192900000014, 35.0549909 ], [ 136.818264, 35.0541542 ], [ 136.818274, 35.0540594 ], [ 136.818316, 35.0536603 ], [ 136.8183516, 35.0532087 ], [ 136.8183594, 35.0529917 ], [ 136.8183578, 35.0528988 ], [ 136.818348500000013, 35.0527758 ], [ 136.8183253, 35.0526553 ], [ 136.8182927, 35.052537 ], [ 136.8182476, 35.0524235 ], [ 136.818189100000012, 35.052311 ], [ 136.8181195, 35.0522147 ], [ 136.818038699999988, 35.052122 ], [ 136.8179485, 35.0520336 ], [ 136.8178614, 35.0519629 ], [ 136.8177669, 35.0518964 ], [ 136.817662500000012, 35.0518361 ], [ 136.817565300000012, 35.0517887 ], [ 136.8174388, 35.0517352 ], [ 136.8173123, 35.0516916 ], [ 136.817178, 35.0516577 ], [ 136.8170393, 35.051633 ], [ 136.816891199999986, 35.0516182 ], [ 136.8167235, 35.0516149 ], [ 136.8165491, 35.0516193 ], [ 136.8160631, 35.0516375 ], [ 136.8154592, 35.051665 ], [ 136.8147822, 35.0516977 ], [ 136.8125746, 35.0517331 ], [ 136.8119423, 35.051766 ] ] } },
{ "type": "Feature", "properties": { "lot_id": "L214", "segment_ids": "S2756", "n_segments": 1, "length_total_m": 1404.6116732075188, "duration_days": 3, "primary_corridor_id": "C2", "hard_disaster": false, "hard_metapath": false, "hard": false, "cost_k": 1404.6116732075188, "impact_weight_k": 0.0 }, "geometry": { "type": "LineString", "coordinates": [ [ 136.8179776, 35.0543933 ], [ 136.8179858, 35.0560537 ], [ 136.8179705, 35.060798 ], [ 136.8179141, 35.0643385 ], [ 136.8178714, 35.0670247 ] ] } },
{ "type": "Feature", "properties": { "lot_id": "L215", "segment_ids": "S2763", "n_segments": 1, "length_total_m": 537.36727526903405, "duration_days": 2, "primary_corridor_id": "segment_2763", "hard_disaster": false, "hard_metapath": false, "hard": false, "cost_k": 537.36727526903405, "impact_weight_k": 0.0 }, "geometry": { "type": "LineString", "coordinates": [ [ 136.8160978, 35.1031409 ], [ 136.8160608, 35.1035636 ], [ 136.8160546, 35.103835 ], [ 136.8160555, 35.1041149 ], [ 136.816082599999987, 35.1044742 ], [ 136.816149599999989, 35.1049426 ], [ 136.816196600000012, 35.1054129 ], [ 136.8162591, 35.1059376 ], [ 136.816367899999989, 35.1064344 ], [ 136.816502, 35.107145 ], [ 136.816633700000011, 35.1079409 ] ] } },
{ "type": "Feature", "properties": { "lot_id": "L216", "segment_ids": "S2767", "n_segments": 1, "length_total_m": 366.41500938176529, "duration_days": 1, "primary_corridor_id": "segment_2767", "hard_disaster": false, "hard_metapath": false, "hard": false, "cost_k": 366.41500938176529, "impact_weight_k": 0.0 }, "geometry": { "type": "LineString", "coordinates": [ [ 136.818309199999987, 35.1567538 ], [ 136.8182606, 35.1569456 ], [ 136.818202500000012, 35.1571073 ], [ 136.818123899999989, 35.1572689 ], [ 136.818030599999986, 35.1574253 ], [ 136.8179548, 35.1575384 ], [ 136.817870699999986, 35.1576368 ], [ 136.8177799, 35.1577265 ], [ 136.817686400000014, 35.1578003 ], [ 136.817585400000013, 35.1578636 ], [ 136.8174787, 35.1579146 ], [ 136.8173577, 35.1579572 ], [ 136.8172394, 35.1579867 ], [ 136.8171256, 35.1580046 ], [ 136.8169883, 35.158017 ], [ 136.81684150000001, 35.158024 ], [ 136.8165367, 35.15803 ], [ 136.8155621, 35.1580511 ], [ 136.815172600000011, 35.1581055 ] ] } },
{ "type": "Feature", "properties": { "lot_id": "L217", "segment_ids": "S2770", "n_segments": 1, "length_total_m": 365.47489785419816, "duration_days": 1, "primary_corridor_id": "56;221", "hard_disaster": false, "hard_metapath": false, "hard": false, "cost_k": 365.47489785419816, "impact_weight_k": 0.0 }, "geometry": { "type": "LineString", "coordinates": [ [ 136.996026199999989, 35.124604 ], [ 136.996325399999989, 35.124502 ], [ 136.9966193, 35.1244252 ], [ 136.9968667, 35.1243786 ], [ 136.9969874, 35.1243661 ], [ 136.997059799999988, 35.1243624 ], [ 136.9971569, 35.124376 ], [ 136.9974487, 35.1244077 ], [ 136.9980454, 35.124507 ], [ 136.9983699, 35.1245437 ], [ 136.9987606, 35.124562 ], [ 136.9992686, 35.124542 ], [ 136.9997807, 35.1244586 ], [ 136.9999593, 35.1244152 ] ] } },
{ "type": "Feature", "properties": { "lot_id": "L218", "segment_ids": "S2781", "n_segments": 1, "length_total_m": 414.28924456764338, "duration_days": 1, "primary_corridor_id": "segment_2781", "hard_disaster": false, "hard_metapath": false, "hard": false, "cost_k": 414.28924456764338, "impact_weight_k": 0.0 }, "geometry": { "type": "LineString", "coordinates": [ [ 136.8136836, 35.0827175 ], [ 136.8141416, 35.0821723 ], [ 136.8143676, 35.0818505 ], [ 136.8146065, 35.0815216 ], [ 136.8148955, 35.0811394 ], [ 136.8151345, 35.0808015 ], [ 136.8152814, 35.0805835 ], [ 136.8153213, 35.0805242 ], [ 136.815456, 35.0802895 ], [ 136.8156937, 35.0798977 ], [ 136.8159353, 35.0794855 ] ] } },
{ "type": "Feature", "properties": { "lot_id": "L219", "segment_ids": "S2796", "n_segments": 1, "length_total_m": 34.136683546237592, "duration_days": 1, "primary_corridor_id": "63;163", "hard_disaster": false, "hard_metapath": false, "hard": false, "cost_k": 34.136683546237592, "impact_weight_k": 0.0 }, "geometry": { "type": "LineString", "coordinates": [ [ 136.8733062, 35.2229492 ], [ 136.8729866, 35.2231107 ] ] } },
{ "type": "Feature", "properties": { "lot_id": "L220", "segment_ids": "S2843", "n_segments": 1, "length_total_m": 300.91636037786986, "duration_days": 1, "primary_corridor_id": "1", "hard_disaster": false, "hard_metapath": false, "hard": false, "cost_k": 300.91636037786986, "impact_weight_k": 0.0 }, "geometry": { "type": "LineString", "coordinates": [ [ 136.955837699999989, 35.0718342 ], [ 136.95590820000001, 35.0718268 ], [ 136.956422, 35.0716354 ], [ 136.9571901, 35.0713877 ], [ 136.957597099999987, 35.0712544 ], [ 136.9580571, 35.0710829 ], [ 136.9582311, 35.0710142 ], [ 136.958824099999987, 35.070778 ], [ 136.9588565, 35.0707481 ] ] } },
{ "type": "Feature", "properties": { "lot_id": "L221", "segment_ids": "S2864", "n_segments": 1, "length_total_m": 1888.7608880540154, "duration_days": 4, "primary_corridor_id": "41", "hard_disaster": false, "hard_metapath": false, "hard": false, "cost_k": 1888.7608880540154, "impact_weight_k": 0.0 }, "geometry": { "type": "LineString", "coordinates": [ [ 136.907399700000013, 35.2570349 ], [ 136.907407299999988, 35.2573065 ], [ 136.9074127, 35.257378 ], [ 136.9074521, 35.2582074 ], [ 136.90748210000001, 35.2585936 ], [ 136.9075642, 35.2594489 ], [ 136.907593600000013, 35.2598046 ], [ 136.9076134, 35.2601184 ], [ 136.9077304, 35.261329 ], [ 136.9077977, 35.2619355 ], [ 136.9078805, 35.2631132 ], [ 136.9079075, 35.2634365 ], [ 136.9079221, 35.2641435 ], [ 136.9078922, 35.2644703 ], [ 136.9077866, 35.2654431 ], [ 136.9076958, 35.2661337 ], [ 136.9075865, 35.2668761 ], [ 136.9074435, 35.2684057 ], [ 136.9073597, 35.2691262 ], [ 136.9072849, 35.2697971 ], [ 136.9072032, 35.2707673 ], [ 136.90715320000001, 35.2713615 ], [ 136.9070413, 35.272691 ], [ 136.9069174, 35.2739711 ] ] } },
{ "type": "Feature", "properties": { "lot_id": "L222", "segment_ids": "S2865", "n_segments": 1, "length_total_m": 49.017184288766046, "duration_days": 1, "primary_corridor_id": "63", "hard_disaster": false, "hard_metapath": false, "hard": false, "cost_k": 49.017184288766046, "impact_weight_k": 0.0 }, "geometry": { "type": "LineString", "coordinates": [ [ 136.890796200000011, 35.2023059 ], [ 136.8908243, 35.2025593 ], [ 136.8908477, 35.2027447 ] ] } },
{ "type": "Feature", "properties": { "lot_id": "L223", "segment_ids": "S2869; S2872", "n_segments": 2, "length_total_m": 20.335600972228377, "duration_days": 1, "primary_corridor_id": "36", "hard_disaster": true, "hard_metapath": false, "hard": true, "cost_k": 20.335600972228377, "impact_weight_k": 0.0 }, "geometry": { "type": "LineString", "coordinates": [ [ 137.0480569, 35.097225 ], [ 137.0479614, 35.0972725 ] ] } },
{ "type": "Feature", "properties": { "lot_id": "L224", "segment_ids": "S2879", "n_segments": 1, "length_total_m": 154.33135722003132, "duration_days": 2, "primary_corridor_id": "segment_2879", "hard_disaster": true, "hard_metapath": false, "hard": true, "cost_k": 154.33135722003132, "impact_weight_k": 0.0 }, "geometry": { "type": "LineString", "coordinates": [ [ 136.933408, 35.045953 ], [ 136.933210300000013, 35.0458663 ], [ 136.9328615, 35.0457761 ], [ 136.932382600000011, 35.0456315 ], [ 136.932264, 35.0455696 ], [ 136.932202, 35.0455199 ], [ 136.9321536, 35.0454658 ], [ 136.932119699999987, 35.0453759 ], [ 136.9321232, 35.0452363 ] ] } },
{ "type": "Feature", "properties": { "lot_id": "L225", "segment_ids": "S2881", "n_segments": 1, "length_total_m": 99.832760549756301, "duration_days": 1, "primary_corridor_id": "302", "hard_disaster": false, "hard_metapath": false, "hard": false, "cost_k": 99.832760549756301, "impact_weight_k": 0.0 }, "geometry": { "type": "LineString", "coordinates": [ [ 136.933026500000011, 35.0459343 ], [ 136.9326639, 35.045839 ], [ 136.9319945, 35.0456314 ] ] } },
{ "type": "Feature", "properties": { "lot_id": "L226", "segment_ids": "S2886", "n_segments": 1, "length_total_m": 720.55755315948818, "duration_days": 8, "primary_corridor_id": "C2", "hard_disaster": true, "hard_metapath": false, "hard": true, "cost_k": 720.55755315948818, "impact_weight_k": 0.0 }, "geometry": { "type": "LineString", "coordinates": [ [ 136.8429794, 35.2204014 ], [ 136.8465641, 35.2209303 ], [ 136.84744520000001, 35.2210574 ], [ 136.848127799999986, 35.2211549 ], [ 136.848839700000013, 35.2212469 ], [ 136.8495279, 35.2213286 ], [ 136.850204100000013, 35.221396 ], [ 136.850805400000013, 35.2214465 ] ] } },
{ "type": "Feature", "properties": { "lot_id": "L227", "segment_ids": "S2900", "n_segments": 1, "length_total_m": 445.87679577637459, "duration_days": 1, "primary_corridor_id": "22", "hard_disaster": false, "hard_metapath": false, "hard": false, "cost_k": 445.87679577637459, "impact_weight_k": 0.0 }, "geometry": { "type": "LineString", "coordinates": [ [ 136.8529696, 35.2262649 ], [ 136.85277450000001, 35.2266988 ], [ 136.8525089, 35.227328 ], [ 136.8522441, 35.227955 ], [ 136.8519895, 35.2285581 ], [ 136.8518929, 35.2287869 ], [ 136.851531, 35.2296358 ], [ 136.851431, 35.2298703 ], [ 136.851364, 35.2300393 ], [ 136.851358800000014, 35.2300526 ] ] } },
{ "type": "Feature", "properties": { "lot_id": "L228", "segment_ids": "S2906", "n_segments": 1, "length_total_m": 511.26342873185592, "duration_days": 2, "primary_corridor_id": "segment_2906", "hard_disaster": false, "hard_metapath": false, "hard": false, "cost_k": 511.26342873185592, "impact_weight_k": 0.0 }, "geometry": { "type": "LineString", "coordinates": [ [ 136.85093, 35.2311259 ], [ 136.8509153, 35.2314312 ], [ 136.8507098, 35.2319357 ], [ 136.8506376, 35.2321109 ], [ 136.8503829, 35.2327282 ], [ 136.850123700000012, 35.2333442 ], [ 136.84995330000001, 35.2337524 ], [ 136.849283899999989, 35.2353441 ], [ 136.8491558, 35.2354635 ] ] } },
{ "type": "Feature", "properties": { "lot_id": "L229", "segment_ids": "S2918", "n_segments": 1, "length_total_m": 396.11546353361621, "duration_days": 4, "primary_corridor_id": "segment_2918", "hard_disaster": true, "hard_metapath": false, "hard": true, "cost_k": 396.11546353361621, "impact_weight_k": 0.0 }, "geometry": { "type": "LineString", "coordinates": [ [ 136.8421097, 35.2584607 ], [ 136.8421261, 35.2587505 ], [ 136.8421069, 35.2588764 ], [ 136.8420915, 35.2589519 ], [ 136.8419996, 35.2593518 ], [ 136.841946299999989, 35.2595632 ], [ 136.841833900000012, 35.2600831 ], [ 136.841737099999989, 35.2605497 ], [ 136.8416083, 35.2609735 ], [ 136.8414957, 35.2612889 ], [ 136.841398199999986, 35.2615295 ], [ 136.841322100000014, 35.2617 ], [ 136.8411606, 35.2619063 ] ] } },
{ "type": "Feature", "properties": { "lot_id": "L230", "segment_ids": "S2921", "n_segments": 1, "length_total_m": 782.25091754443758, "duration_days": 8, "primary_corridor_id": "16", "hard_disaster": true, "hard_metapath": false, "hard": true, "cost_k": 782.25091754443758, "impact_weight_k": 0.0 }, "geometry": { "type": "LineString", "coordinates": [ [ 136.8393657, 35.2644781 ], [ 136.8390986, 35.2647192 ], [ 136.8388612, 35.2649153 ], [ 136.8383074, 35.2653397 ], [ 136.837423199999989, 35.2660126 ], [ 136.8370702, 35.2662421 ], [ 136.8349211, 35.2678008 ], [ 136.8343209, 35.2682508 ], [ 136.833669, 35.268776 ], [ 136.8332895, 35.269099 ], [ 136.8330868, 35.2692877 ] ] } },
{ "type": "Feature", "properties": { "lot_id": "L231", "segment_ids": "S2929; S2930; S2934", "n_segments": 3, "length_total_m": 1009.8345739397722, "duration_days": 3, "primary_corridor_id": "63", "hard_disaster": false, "hard_metapath": false, "hard": false, "cost_k": 1009.8345739397722, "impact_weight_k": 0.0 }, "geometry": { "type": "MultiLineString", "coordinates": [ [ [ 136.8908941, 35.1924639 ], [ 136.890910600000012, 35.1922578 ], [ 136.890916299999986, 35.1921776 ], [ 136.8909306, 35.191996 ], [ 136.8909344, 35.1919477 ] ], [ [ 136.8908941, 35.1924639 ], [ 136.8909279, 35.1923943 ], [ 136.890953599999989, 35.1923571 ], [ 136.890982799999989, 35.1923294 ], [ 136.891009700000012, 35.1923094 ], [ 136.891041199999989, 35.1922913 ], [ 136.891097300000013, 35.1922701 ] ], [ [ 136.8909344, 35.1919477 ], [ 136.890973, 35.1913474 ], [ 136.8910179, 35.1905755 ], [ 136.891051800000014, 35.1899923 ], [ 136.8910793, 35.1895115 ], [ 136.8910677, 35.1892354 ], [ 136.8909768, 35.1882395 ], [ 136.890953200000013, 35.1880548 ], [ 136.8909327, 35.1878938 ], [ 136.890866499999987, 35.187375 ], [ 136.8908377, 35.1871498 ], [ 136.89077, 35.186582 ], [ 136.8906673, 35.1856029 ], [ 136.8906212, 35.1851662 ], [ 136.8905691, 35.1847104 ], [ 136.890458599999988, 35.1837344 ], [ 136.890451899999988, 35.1836752 ] ] ] } },
{ "type": "Feature", "properties": { "lot_id": "L232", "segment_ids": "S2937", "n_segments": 1, "length_total_m": 3047.3499623840403, "duration_days": 7, "primary_corridor_id": "6", "hard_disaster": false, "hard_metapath": false, "hard": false, "cost_k": 3047.3499623840403, "impact_weight_k": 0.0 }, "geometry": { "type": "LineString", "coordinates": [ [ 136.8844147, 35.2030647 ], [ 136.8820301, 35.2030873 ], [ 136.8807603, 35.2031043 ], [ 136.87939080000001, 35.2031107 ], [ 136.8790089, 35.203113 ], [ 136.8788486, 35.203115 ], [ 136.8785919, 35.2031227 ], [ 136.8782176, 35.2031539 ], [ 136.8779772, 35.2031853 ], [ 136.8777785, 35.2032219 ], [ 136.8776254, 35.2032506 ], [ 136.8774333, 35.2032981 ], [ 136.8772375, 35.2033463 ], [ 136.8763213, 35.2035966 ], [ 136.8722693, 35.2047494 ], [ 136.8716264, 35.2049284 ], [ 136.870686, 35.2052413 ], [ 136.870220100000012, 35.2054139 ], [ 136.8695794, 35.2056728 ], [ 136.8689535, 35.2059566 ], [ 136.8683933, 35.2062409 ], [ 136.8679103, 35.2065032 ], [ 136.867502300000012, 35.2067476 ], [ 136.867072, 35.2070198 ], [ 136.8667093, 35.2072712 ], [ 136.86633, 35.2075649 ], [ 136.8659696, 35.2078676 ], [ 136.8654382, 35.2083474 ], [ 136.8647473, 35.2090183 ], [ 136.8640275, 35.2097003 ], [ 136.8632579, 35.2104396 ], [ 136.862771, 35.210903 ], [ 136.862045099999989, 35.2115992 ], [ 136.860776, 35.2128088 ], [ 136.8601993, 35.2133497 ], [ 136.8596044, 35.2139275 ], [ 136.859119099999987, 35.2144425 ], [ 136.8585934, 35.2150356 ], [ 136.858145799999988, 35.2155696 ], [ 136.85781080000001, 35.2160199 ], [ 136.857453, 35.216512 ], [ 136.8574361, 35.2165327 ] ] } },
{ "type": "Feature", "properties": { "lot_id": "L233", "segment_ids": "S2939", "n_segments": 1, "length_total_m": 534.17312070572825, "duration_days": 6, "primary_corridor_id": "segment_2939", "hard_disaster": true, "hard_metapath": false, "hard": true, "cost_k": 534.17312070572825, "impact_weight_k": 0.0 }, "geometry": { "type": "LineString", "coordinates": [ [ 136.880963799999989, 35.2032187 ], [ 136.8813642, 35.2031745 ], [ 136.8827407, 35.2031393 ], [ 136.8848465, 35.2031456 ], [ 136.88488670000001, 35.2031457 ], [ 136.8852796, 35.2031467 ], [ 136.886354399999988, 35.2031894 ], [ 136.886835499999989, 35.2032239 ] ] } },
{ "type": "Feature", "properties": { "lot_id": "L234", "segment_ids": "S2967", "n_segments": 1, "length_total_m": 111.73478858367061, "duration_days": 1, "primary_corridor_id": "302", "hard_disaster": false, "hard_metapath": false, "hard": false, "cost_k": 111.73478858367061, "impact_weight_k": 0.0 }, "geometry": { "type": "LineString", "coordinates": [ [ 136.870907499999987, 35.2229518 ], [ 136.871996, 35.2230376 ], [ 136.872131700000011, 35.2230497 ] ] } },
{ "type": "Feature", "properties": { "lot_id": "L235", "segment_ids": "S2968", "n_segments": 1, "length_total_m": 798.49176056335068, "duration_days": 2, "primary_corridor_id": "302", "hard_disaster": false, "hard_metapath": false, "hard": false, "cost_k": 798.49176056335068, "impact_weight_k": 0.0 }, "geometry": { "type": "LineString", "coordinates": [ [ 136.882216199999988, 35.2236106 ], [ 136.8818695, 35.2235866 ], [ 136.880251500000014, 35.2234601 ], [ 136.8797181, 35.2234193 ], [ 136.878730100000013, 35.2233469 ], [ 136.8780797, 35.2232976 ], [ 136.8779193, 35.2232844 ], [ 136.877606, 35.2232608 ], [ 136.8772593, 35.2232347 ], [ 136.8758027, 35.2231287 ], [ 136.8737108, 35.2229752 ], [ 136.873462, 35.2229599 ] ] } },
{ "type": "Feature", "properties": { "lot_id": "L236", "segment_ids": "S2990", "n_segments": 1, "length_total_m": 574.09457484472944, "duration_days": 2, "primary_corridor_id": "segment_2990", "hard_disaster": false, "hard_metapath": false, "hard": false, "cost_k": 574.09457484472944, "impact_weight_k": 0.0 }, "geometry": { "type": "LineString", "coordinates": [ [ 136.911831, 35.2292478 ], [ 136.91122630000001, 35.2291544 ], [ 136.910591899999986, 35.2291161 ], [ 136.9088128, 35.2290292 ], [ 136.9086462, 35.2290256 ], [ 136.908565399999986, 35.2290276 ], [ 136.908492099999989, 35.2290336 ], [ 136.9084222, 35.229045 ], [ 136.908346599999987, 35.2290656 ], [ 136.9082704, 35.2290947 ], [ 136.9082085, 35.2291338 ], [ 136.9081276, 35.229194 ], [ 136.9080808, 35.2292437 ], [ 136.9080482, 35.2292985 ], [ 136.9080218, 35.2293696 ], [ 136.9080026, 35.2294556 ], [ 136.908003799999989, 35.2295222 ], [ 136.9080108, 35.229594 ], [ 136.9080342, 35.229672 ], [ 136.9080916, 35.229793 ], [ 136.9085288, 35.2304937 ], [ 136.908635299999986, 35.2306405 ], [ 136.9087269, 35.2307434 ], [ 136.9088288, 35.2308464 ], [ 136.9090243, 35.2310067 ] ] } },
{ "type": "Feature", "properties": { "lot_id": "L237", "segment_ids": "S3004", "n_segments": 1, "length_total_m": 113.68670400375998, "duration_days": 1, "primary_corridor_id": "segment_3004", "hard_disaster": false, "hard_metapath": false, "hard": false, "cost_k": 113.68670400375998, "impact_weight_k": 0.0 }, "geometry": { "type": "LineString", "coordinates": [ [ 136.9484546, 35.2270126 ], [ 136.948081800000011, 35.2270753 ], [ 136.9477823, 35.2271212 ], [ 136.947698300000013, 35.2271389 ], [ 136.9474478, 35.2271996 ], [ 136.9474031, 35.227203 ], [ 136.9473626, 35.2271908 ], [ 136.947323399999988, 35.2271654 ], [ 136.9472757, 35.2271128 ] ] } },
{ "type": "Feature", "properties": { "lot_id": "L238", "segment_ids": "S3018", "n_segments": 1, "length_total_m": 23.471245695474845, "duration_days": 1, "primary_corridor_id": "segment_3018", "hard_disaster": false, "hard_metapath": false, "hard": false, "cost_k": 23.471245695474845, "impact_weight_k": 0.0 }, "geometry": { "type": "LineString", "coordinates": [ [ 136.9504029, 35.2266932 ], [ 136.9503891, 35.2266132 ], [ 136.9504004, 35.2265729 ], [ 136.950427100000013, 35.2265371 ], [ 136.950467, 35.2265032 ] ] } },
{ "type": "Feature", "properties": { "lot_id": "L239", "segment_ids": "S3020", "n_segments": 1, "length_total_m": 604.40273275898858, "duration_days": 2, "primary_corridor_id": "segment_3020", "hard_disaster": false, "hard_metapath": false, "hard": false, "cost_k": 604.40273275898858, "impact_weight_k": 0.0 }, "geometry": { "type": "LineString", "coordinates": [ [ 136.951528599999989, 35.2261264 ], [ 136.951602400000013, 35.2261172 ], [ 136.9517423, 35.2260961 ], [ 136.9518679, 35.2260649 ], [ 136.9521834, 35.2259606 ], [ 136.9531969, 35.225595 ], [ 136.954192400000011, 35.2252415 ], [ 136.9545694, 35.2251264 ], [ 136.9548806, 35.2250422 ], [ 136.954998499999988, 35.2250176 ], [ 136.955091900000014, 35.2250049 ], [ 136.955182, 35.2249924 ], [ 136.9553894, 35.2249506 ], [ 136.95567, 35.2248939 ], [ 136.955776500000013, 35.2248666 ], [ 136.955935, 35.2248304 ], [ 136.9561156, 35.2247975 ], [ 136.956327, 35.2247724 ], [ 136.9567348, 35.224734 ], [ 136.9578792, 35.2246868 ] ] } },
{ "type": "Feature", "properties": { "lot_id": "L240", "segment_ids": "S3037", "n_segments": 1, "length_total_m": 161.60750898495985, "duration_days": 2, "primary_corridor_id": "302", "hard_disaster": true, "hard_metapath": false, "hard": true, "cost_k": 161.60750898495985, "impact_weight_k": 0.0 }, "geometry": { "type": "LineString", "coordinates": [ [ 136.8179538, 35.1285326 ], [ 136.8179896, 35.1284074 ], [ 136.818137400000012, 35.1278062 ], [ 136.8181951, 35.1274309 ], [ 136.8182587, 35.1271334 ], [ 136.8182639, 35.1271024 ] ] } },
{ "type": "Feature", "properties": { "lot_id": "L241", "segment_ids": "S3045", "n_segments": 1, "length_total_m": 1307.8300367177837, "duration_days": 3, "primary_corridor_id": "C2", "hard_disaster": false, "hard_metapath": false, "hard": false, "cost_k": 1307.8300367177837, "impact_weight_k": 0.0 }, "geometry": { "type": "LineString", "coordinates": [ [ 136.8178536, 35.1200939 ], [ 136.8181218, 35.1227354 ], [ 136.8181591, 35.1232217 ], [ 136.8181878, 35.123634 ], [ 136.8182174, 35.1241777 ], [ 136.8182301, 35.1246816 ], [ 136.818216400000011, 35.1252675 ], [ 136.818205799999987, 35.1257657 ], [ 136.8181793, 35.1261571 ], [ 136.818103400000012, 35.126761 ], [ 136.8180462, 35.1271433 ], [ 136.8179714, 35.1275132 ], [ 136.8178799, 35.1279135 ], [ 136.8177952, 35.1282358 ], [ 136.8176977, 35.1286183 ], [ 136.8175877, 35.1289899 ], [ 136.8174931, 35.1292956 ], [ 136.8173156, 35.1298079 ], [ 136.8170637, 35.1304475 ], [ 136.816590100000013, 35.1316773 ] ] } },
{ "type": "Feature", "properties": { "lot_id": "L242", "segment_ids": "S3052", "n_segments": 1, "length_total_m": 6.6698546302123312, "duration_days": 1, "primary_corridor_id": "segment_3052", "hard_disaster": false, "hard_metapath": false, "hard": false, "cost_k": 6.6698546302123312, "impact_weight_k": 0.0 }, "geometry": { "type": "LineString", "coordinates": [ [ 136.9500775, 35.1190822 ], [ 136.950144599999987, 35.119058 ] ] } },
{ "type": "Feature", "properties": { "lot_id": "L243", "segment_ids": "S3072", "n_segments": 1, "length_total_m": 24.834652397436155, "duration_days": 1, "primary_corridor_id": "segment_3072", "hard_disaster": false, "hard_metapath": false, "hard": false, "cost_k": 24.834652397436155, "impact_weight_k": 0.0 }, "geometry": { "type": "LineString", "coordinates": [ [ 137.0044106, 35.1715448 ], [ 137.004222, 35.1717064 ] ] } },
{ "type": "Feature", "properties": { "lot_id": "L244", "segment_ids": "S3076", "n_segments": 1, "length_total_m": 32.643510586966066, "duration_days": 1, "primary_corridor_id": "segment_3076", "hard_disaster": false, "hard_metapath": false, "hard": false, "cost_k": 32.643510586966066, "impact_weight_k": 0.0 }, "geometry": { "type": "LineString", "coordinates": [ [ 137.0037179, 35.1733075 ], [ 137.0035389, 35.1734943 ], [ 137.0034881, 35.1735323 ] ] } },
{ "type": "Feature", "properties": { "lot_id": "L245", "segment_ids": "S3079", "n_segments": 1, "length_total_m": 273.35455762044995, "duration_days": 1, "primary_corridor_id": "segment_3079", "hard_disaster": false, "hard_metapath": false, "hard": false, "cost_k": 273.35455762044995, "impact_weight_k": 0.0 }, "geometry": { "type": "LineString", "coordinates": [ [ 136.9330774, 35.0300414 ], [ 136.932771699999989, 35.029169 ], [ 136.932726, 35.0289465 ], [ 136.932688500000012, 35.0287636 ], [ 136.9324646, 35.0276388 ] ] } },
{ "type": "Feature", "properties": { "lot_id": "L246", "segment_ids": "S3083; S3084", "n_segments": 2, "length_total_m": 1137.9223843008222, "duration_days": 3, "primary_corridor_id": "155", "hard_disaster": false, "hard_metapath": false, "hard": false, "cost_k": 1137.9223843008222, "impact_weight_k": 0.0 }, "geometry": { "type": "MultiLineString", "coordinates": [ [ [ 136.9839164, 35.0133526 ], [ 136.9839943, 35.0132854 ], [ 136.9853675, 35.0120987 ], [ 136.9854023, 35.0120679 ], [ 136.9854839, 35.0119957 ], [ 136.985572600000012, 35.011915 ], [ 136.9862673, 35.0112829 ], [ 136.986565399999989, 35.0110117 ], [ 136.986747, 35.0108465 ], [ 136.9867859, 35.0108111 ], [ 136.9868926, 35.010714 ], [ 136.9871331, 35.0104952 ], [ 136.987592799999987, 35.0100786 ], [ 136.9880837, 35.0096618 ], [ 136.9883834, 35.0093872 ], [ 136.9887364, 35.0090704 ], [ 136.988754699999987, 35.0090536 ], [ 136.9887684, 35.0090414 ], [ 136.9891651, 35.0086876 ], [ 136.989810299999988, 35.0081161 ], [ 136.9898575, 35.008077 ], [ 136.9907101, 35.007312 ], [ 136.9907408, 35.0072869 ], [ 136.9908294, 35.0072071 ], [ 136.9909217, 35.0071291 ], [ 136.9913387, 35.0067829 ], [ 136.9916935, 35.0064883 ], [ 136.9919812, 35.0062493 ], [ 136.99226440000001, 35.0060413 ], [ 136.9923928, 35.0059863 ] ], [ [ 136.9923928, 35.0059863 ], [ 136.992385500000012, 35.0058844 ] ] ] } },
{ "type": "Feature", "properties": { "lot_id": "L247", "segment_ids": "S3150", "n_segments": 1, "length_total_m": 27.161183639742188, "duration_days": 1, "primary_corridor_id": "segment_3150", "hard_disaster": true, "hard_metapath": false, "hard": true, "cost_k": 27.161183639742188, "impact_weight_k": 0.0 }, "geometry": { "type": "LineString", "coordinates": [ [ 137.0021418, 35.1528549 ], [ 137.002417799999989, 35.1529484 ] ] } },
{ "type": "Feature", "properties": { "lot_id": "L248", "segment_ids": "S3178", "n_segments": 1, "length_total_m": 336.68986383567602, "duration_days": 4, "primary_corridor_id": "54", "hard_disaster": true, "hard_metapath": false, "hard": true, "cost_k": 336.68986383567602, "impact_weight_k": 0.0 }, "geometry": { "type": "LineString", "coordinates": [ [ 137.0839815, 35.1051973 ], [ 137.0836481, 35.1047368 ], [ 137.0835524, 35.1046278 ], [ 137.0834816, 35.1045232 ], [ 137.0834556, 35.104491 ], [ 137.082868600000012, 35.103691 ], [ 137.0821874, 35.1027742 ], [ 137.0820646, 35.1026078 ] ] } }
]
}
