{
"type": "FeatureCollection",
"name": "industrial_polygons",
"crs": { "type": "name", "properties": { "name": "urn:ogc:def:crs:OGC:1.3:CRS84" } },
"features": [
{ "type": "Feature", "properties": { "element": "node", "id": 13637384714, "name": "錫安生物科技公司", "landuse": "industrial" }, "geometry": { "type": "Point", "coordinates": [ 121.016358, 24.8682034 ] } },
{ "type": "Feature", "properties": { "element": "node", "id": 13637438214, "name": "兆雲科技", "landuse": "industrial" }, "geometry": { "type": "Point", "coordinates": [ 121.0166443, 24.8682477 ] } },
{ "type": "Feature", "properties": { "element": "relation", "id": 2703563, "name": "觀音產業園區", "landuse": "industrial" }, "geometry": { "type": "Polygon", "coordinates": [ [ [ 121.1076123, 25.040456 ], [ 121.1069612, 25.04093 ], [ 121.1061105, 25.0417514 ], [ 121.1056013, 25.042305 ], [ 121.1054174, 25.0426238 ], [ 121.1054214, 25.0434561 ], [ 121.1053455, 25.0448763 ], [ 121.1050579, 25.0454553 ], [ 121.104311, 25.046624 ], [ 121.1043581, 25.0477591 ], [ 121.1036388, 25.0500713 ], [ 121.1029427, 25.0515953 ], [ 121.1015911, 25.0532034 ], [ 121.1008438, 25.054156 ], [ 121.1006641, 25.0546687 ], [ 121.1007094, 25.0548744 ], [ 121.1012199, 25.0557362 ], [ 121.1020884, 25.0564471 ], [ 121.1025425, 25.0568187 ], [ 121.1030993, 25.0581114 ], [ 121.1031805, 25.0583952 ], [ 121.1035485, 25.0587208 ], [ 121.1053666, 25.0600756 ], [ 121.1062143, 25.0607073 ], [ 121.1065978, 25.0609852 ], [ 121.1071252, 25.0613674 ], [ 121.1080644, 25.062048 ], [ 121.1081286, 25.0620945 ], [ 121.1089601, 25.0627827 ], [ 121.1097426, 25.0628196 ], [ 121.1101404, 25.0629639 ], [ 121.110971, 25.0635973 ], [ 121.1111798, 25.0639336 ], [ 121.111683, 25.0645915 ], [ 121.1125604, 25.0648904 ], [ 121.1133609, 25.0651631 ], [ 121.1145577, 25.0654413 ], [ 121.115332, 25.0656119 ], [ 121.1158723, 25.0655174 ], [ 121.1166105, 25.0650783 ], [ 121.1168648, 25.0654573 ], [ 121.1173488, 25.0662078 ], [ 121.1179641, 25.0663416 ], [ 121.1185055, 25.0663713 ], [ 121.119252, 25.0656876 ], [ 121.1208353, 25.0667503 ], [ 121.1210489, 25.0668806 ], [ 121.1212373, 25.0669955 ], [ 121.1219674, 25.0674116 ], [ 121.1225006, 25.0678158 ], [ 121.1227221, 25.0679838 ], [ 121.1230447, 25.0682761 ], [ 121.1232119, 25.0684206 ], [ 121.1232462, 25.0684641 ], [ 121.1233128, 25.0685485 ], [ 121.1226975, 25.069195 ], [ 121.123001, 25.0694179 ], [ 121.1234112, 25.0693882 ], [ 121.1246048, 25.069385 ], [ 121.1250364, 25.0693713 ], [ 121.1252971, 25.0693737 ], [ 121.1265075, 25.0693621 ], [ 121.1268921, 25.0693001 ], [ 121.1276482, 25.0693335 ], [ 121.1280899, 25.0688988 ], [ 121.1284053, 25.0685961 ], [ 121.1284471, 25.0680031 ], [ 121.1285261, 25.0674785 ], [ 121.128801, 25.0670957 ], [ 121.1290757, 25.0667131 ], [ 121.1291485, 25.0665798 ], [ 121.1292794, 25.0663402 ], [ 121.1294613, 25.0660072 ], [ 121.1295598, 25.0650783 ], [ 121.1296159, 25.0646299 ], [ 121.1297156, 25.0638336 ], [ 121.1297812, 25.0627635 ], [ 121.1297894, 25.0617901 ], [ 121.1293711, 25.0613293 ], [ 121.1295076, 25.0609326 ], [ 121.1292416, 25.0605787 ], [ 121.1287804, 25.060341 ], [ 121.1286738, 25.0602072 ], [ 121.1294564, 25.0596628 ], [ 121.1295926, 25.0595681 ], [ 121.1301763, 25.0590866 ], [ 121.1311512, 25.0582825 ], [ 121.1306727, 25.0573278 ], [ 121.1304621, 25.0569077 ], [ 121.1305944, 25.0568355 ], [ 121.1307613, 25.0567443 ], [ 121.1313399, 25.0564284 ], [ 121.1315502, 25.0561975 ], [ 121.1316583, 25.0560787 ], [ 121.1319962, 25.0557075 ], [ 121.1323891, 25.055312 ], [ 121.1328083, 25.05489 ], [ 121.1330626, 25.0544144 ], [ 121.1329314, 25.0538124 ], [ 121.1321931, 25.0537753 ], [ 121.1321521, 25.0535078 ], [ 121.13247, 25.0533418 ], [ 121.1326361, 25.0532551 ], [ 121.1326599, 25.0530798 ], [ 121.1326812, 25.0529222 ], [ 121.1335179, 25.0522162 ], [ 121.1330832, 25.0517034 ], [ 121.1343055, 25.0508413 ], [ 121.1340381, 25.0507826 ], [ 121.1337053, 25.0509636 ], [ 121.1337476, 25.0501799 ], [ 121.1340676, 25.0498826 ], [ 121.1339855, 25.0493475 ], [ 121.1344613, 25.0493103 ], [ 121.1348633, 25.0503805 ], [ 121.1350429, 25.0507485 ], [ 121.1352079, 25.0510865 ], [ 121.1356262, 25.0512352 ], [ 121.1357763, 25.0511723 ], [ 121.1362825, 25.0509602 ], [ 121.1369798, 25.0508413 ], [ 121.137915, 25.0500981 ], [ 121.1369716, 25.0489313 ], [ 121.1358888, 25.0477125 ], [ 121.1358659, 25.0476856 ], [ 121.1357057, 25.0474974 ], [ 121.1355499, 25.0473265 ], [ 121.1353759, 25.0471886 ], [ 121.135052, 25.0468578 ], [ 121.1346172, 25.0470064 ], [ 121.1339527, 25.0466348 ], [ 121.1337649, 25.046433 ], [ 121.1332981, 25.0458692 ], [ 121.1332418, 25.0458077 ], [ 121.1329222, 25.0454587 ], [ 121.1328208, 25.0451668 ], [ 121.1324055, 25.0450422 ], [ 121.1319673, 25.0449068 ], [ 121.1320026, 25.044636 ], [ 121.1320147, 25.0444918 ], [ 121.1309553, 25.044681 ], [ 121.1304405, 25.044879 ], [ 121.1301495, 25.0449524 ], [ 121.1298682, 25.0451081 ], [ 121.1293677, 25.0457653 ], [ 121.1289961, 25.046479 ], [ 121.1284392, 25.0483709 ], [ 121.1282694, 25.0487187 ], [ 121.1280838, 25.0490987 ], [ 121.127279, 25.0498739 ], [ 121.1268835, 25.0501969 ], [ 121.1264843, 25.0505229 ], [ 121.1262059, 25.0510536 ], [ 121.1260416, 25.0510138 ], [ 121.125794, 25.0509538 ], [ 121.1240303, 25.0508653 ], [ 121.1229665, 25.0500989 ], [ 121.1227603, 25.050176 ], [ 121.1219307, 25.0496768 ], [ 121.1217458, 25.049606 ], [ 121.1216001, 25.0491423 ], [ 121.1197442, 25.0478335 ], [ 121.1197688, 25.0477109 ], [ 121.1199821, 25.0473764 ], [ 121.1195391, 25.0472501 ], [ 121.1191658, 25.0474247 ], [ 121.1189156, 25.0474025 ], [ 121.1179066, 25.0464809 ], [ 121.1167232, 25.0454274 ], [ 121.1165797, 25.0456838 ], [ 121.1166136, 25.0461095 ], [ 121.1160904, 25.0465959 ], [ 121.115696, 25.0465591 ], [ 121.1153654, 25.046948 ], [ 121.1151568, 25.0472766 ], [ 121.1145103, 25.0472518 ], [ 121.1140045, 25.0471967 ], [ 121.1133757, 25.0467851 ], [ 121.113016, 25.0463173 ], [ 121.1124012, 25.0459994 ], [ 121.1117167, 25.0452952 ], [ 121.1113628, 25.0448853 ], [ 121.1111946, 25.0443177 ], [ 121.1108872, 25.0441022 ], [ 121.1101173, 25.0437406 ], [ 121.109828, 25.0435233 ], [ 121.1096486, 25.0437053 ], [ 121.1091527, 25.0430564 ], [ 121.1087235, 25.0428094 ], [ 121.1080506, 25.042862 ], [ 121.1079279, 25.0427257 ], [ 121.1079238, 25.0423727 ], [ 121.1075054, 25.0419527 ], [ 121.1075464, 25.0414436 ], [ 121.1078664, 25.0406967 ], [ 121.1076123, 25.040456 ] ] ] } },
{ "type": "Feature", "properties": { "element": "relation", "id": 3605517, "name": "經濟部經貿人員培訓所", "landuse": "industrial" }, "geometry": { "type": "Polygon", "coordinates": [ [ [ 121.0012228, 24.7913632 ], [ 121.0012965, 24.7913951 ], [ 121.0025876, 24.7922028 ], [ 121.0034085, 24.7916551 ], [ 121.0033872, 24.7915948 ], [ 121.0034253, 24.7915413 ], [ 121.0034853, 24.7915141 ], [ 121.0035491, 24.7915541 ], [ 121.0039804, 24.7912339 ], [ 121.0025248, 24.79023 ], [ 121.0026768, 24.7900664 ], [ 121.0020091, 24.7896179 ], [ 121.0016533, 24.7899794 ], [ 121.0015807, 24.7901056 ], [ 121.000699, 24.7910371 ], [ 121.0012228, 24.7913632 ] ] ] } },
{ "type": "Feature", "properties": { "element": "relation", "id": 4647035, "name": "新竹產業園區", "landuse": "industrial" }, "geometry": { "type": "MultiPolygon", "coordinates": [ [ [ [ 121.0170666, 24.8695724 ], [ 121.0182927, 24.870626 ], [ 121.0204138, 24.8720796 ], [ 121.0227063, 24.8733779 ], [ 121.0256297, 24.8743289 ], [ 121.029328, 24.8750394 ], [ 121.0301194, 24.8751915 ], [ 121.0326548, 24.876183 ], [ 121.032994, 24.8762281 ], [ 121.0331406, 24.8762476 ], [ 121.0332552, 24.8762628 ], [ 121.0344123, 24.8764167 ], [ 121.0349977, 24.8764946 ], [ 121.0355676, 24.8765704 ], [ 121.0357874, 24.8765996 ], [ 121.0379269, 24.8766555 ], [ 121.0382491, 24.8766639 ], [ 121.0386152, 24.8766665 ], [ 121.0392896, 24.8766714 ], [ 121.0410044, 24.8767065 ], [ 121.0418495, 24.8747602 ], [ 121.0424793, 24.8744395 ], [ 121.0420973, 24.873894 ], [ 121.0379896, 24.8716233 ], [ 121.0348932, 24.8716015 ], [ 121.0339565, 24.8704006 ], [ 121.0337284, 24.871895 ], [ 121.0337071, 24.8720117 ], [ 121.0323072, 24.8717854 ], [ 121.0291716, 24.8710578 ], [ 121.0241549, 24.8698442 ], [ 121.0237841, 24.86967 ], [ 121.023598, 24.8695324 ], [ 121.0231773, 24.8690808 ], [ 121.0215921, 24.8665038 ], [ 121.0253467, 24.8645393 ], [ 121.0253345, 24.8644351 ], [ 121.0252824, 24.8643001 ], [ 121.0250779, 24.8637344 ], [ 121.0249066, 24.8631664 ], [ 121.0238953, 24.8624782 ], [ 121.0234471, 24.8617119 ], [ 121.0205074, 24.8605302 ], [ 121.0201173, 24.8600491 ], [ 121.0190163, 24.8584658 ], [ 121.0186871, 24.8570464 ], [ 121.0179099, 24.8564187 ], [ 121.0176897, 24.8562409 ], [ 121.0172525, 24.8564047 ], [ 121.0168164, 24.856568 ], [ 121.0166759, 24.8566206 ], [ 121.0155309, 24.8571213 ], [ 121.0154956, 24.8571367 ], [ 121.0152079, 24.8573997 ], [ 121.0149573, 24.8576289 ], [ 121.0144129, 24.8578309 ], [ 121.0134046, 24.8582146 ], [ 121.0129603, 24.8583699 ], [ 121.0124704, 24.8587648 ], [ 121.0126528, 24.8590607 ], [ 121.0126614, 24.859264 ], [ 121.012354, 24.8597228 ], [ 121.0136641, 24.8627728 ], [ 121.0128991, 24.8637875 ], [ 121.0129102, 24.8643084 ], [ 121.0134022, 24.8652489 ], [ 121.0143773, 24.8666518 ], [ 121.0159636, 24.8686246 ], [ 121.0170666, 24.8695724 ] ] ], [ [ [ 121.0113513, 24.8629526 ], [ 121.0103515, 24.8603876 ], [ 121.0087282, 24.8603146 ], [ 121.0077371, 24.8606196 ], [ 121.0069814, 24.8607343 ], [ 121.0049646, 24.86179 ], [ 121.0043842, 24.8624209 ], [ 121.0033586, 24.8631299 ], [ 121.0008045, 24.8643551 ], [ 121.0002155, 24.8644202 ], [ 120.999661, 24.8645975 ], [ 120.9993277, 24.864488 ], [ 120.9991525, 24.8645115 ], [ 120.9987445, 24.8649546 ], [ 120.9969345, 24.866529 ], [ 120.9966817, 24.8669539 ], [ 120.9963197, 24.8669956 ], [ 120.9962593, 24.8671911 ], [ 120.9957166, 24.8677583 ], [ 120.9957709, 24.8681072 ], [ 120.9959911, 24.8683504 ], [ 121.0046437, 24.8755501 ], [ 121.0071328, 24.8776841 ], [ 121.010071, 24.8800311 ], [ 121.0107837, 24.878371 ], [ 121.0112184, 24.8777887 ], [ 121.0120554, 24.8775454 ], [ 121.0124129, 24.8772652 ], [ 121.0123561, 24.8755696 ], [ 121.0121318, 24.8752901 ], [ 121.0100865, 24.8722795 ], [ 121.012437, 24.8709223 ], [ 121.0141697, 24.8698803 ], [ 121.0148078, 24.8695017 ], [ 121.0152545, 24.86919 ], [ 121.015338, 24.8691108 ], [ 121.0155044, 24.8689667 ], [ 121.0155834, 24.8688961 ], [ 121.0144438, 24.8680826 ], [ 121.0121816, 24.8644385 ], [ 121.0113513, 24.8629526 ] ] ] ] } },
{ "type": "Feature", "properties": { "element": "relation", "id": 5413766, "name": null, "landuse": "industrial" }, "geometry": { "type": "Polygon", "coordinates": [ [ [ 121.2488909, 25.016839 ], [ 121.248911, 25.0168029 ], [ 121.2491175, 25.0168777 ], [ 121.2490707, 25.0169815 ], [ 121.249082, 25.0169846 ], [ 121.2490431, 25.0170672 ], [ 121.2490639, 25.0170745 ], [ 121.2489521, 25.0173289 ], [ 121.2489056, 25.0174276 ], [ 121.2493066, 25.017509 ], [ 121.2495291, 25.0166715 ], [ 121.2485918, 25.0164444 ], [ 121.2485328, 25.0166486 ], [ 121.248675, 25.0166814 ], [ 121.2486455, 25.0167896 ], [ 121.2487285, 25.0168064 ], [ 121.2488909, 25.016839 ] ] ] } },
{ "type": "Feature", "properties": { "element": "relation", "id": 7100162, "name": "工業技術研究院", "landuse": "industrial" }, "geometry": { "type": "Polygon", "coordinates": [ [ [ 121.0404799, 24.7777577 ], [ 121.0406639, 24.7778941 ], [ 121.0411748, 24.7782472 ], [ 121.0421825, 24.7784578 ], [ 121.0430006, 24.7782483 ], [ 121.0455878, 24.7769074 ], [ 121.046143, 24.7761957 ], [ 121.0463147, 24.7763227 ], [ 121.0477457, 24.774447 ], [ 121.0481969, 24.7739585 ], [ 121.0486709, 24.7734016 ], [ 121.0481048, 24.7726662 ], [ 121.0483487, 24.7724609 ], [ 121.0486208, 24.7726894 ], [ 121.0487928, 24.7726798 ], [ 121.0490727, 24.7724904 ], [ 121.0489377, 24.7723444 ], [ 121.0497578, 24.7717524 ], [ 121.0494101, 24.770874 ], [ 121.0495407, 24.7700835 ], [ 121.0492818, 24.7701479 ], [ 121.0488824, 24.7708004 ], [ 121.0487048, 24.7707491 ], [ 121.0485664, 24.7705839 ], [ 121.0481319, 24.7704237 ], [ 121.0475686, 24.769942 ], [ 121.0468664, 24.7708323 ], [ 121.0466403, 24.7708493 ], [ 121.0457997, 24.7713204 ], [ 121.0452781, 24.7718385 ], [ 121.0445851, 24.7723504 ], [ 121.044389, 24.7726831 ], [ 121.0443954, 24.7730212 ], [ 121.0442599, 24.7732278 ], [ 121.0438658, 24.7734838 ], [ 121.0428943, 24.773641 ], [ 121.0429129, 24.7738097 ], [ 121.0431777, 24.7744179 ], [ 121.0431249, 24.7744945 ], [ 121.0421744, 24.774508 ], [ 121.0414139, 24.7748305 ], [ 121.0397908, 24.7761606 ], [ 121.0397107, 24.7771902 ], [ 121.0403147, 24.7776463 ], [ 121.0404799, 24.7777577 ] ] ] } },
{ "type": "Feature", "properties": { "element": "relation", "id": 7835444, "name": "信昌機械廠股份有限公司", "landuse": "industrial" }, "geometry": { "type": "Polygon", "coordinates": [ [ [ 121.2547539, 24.8760906 ], [ 121.2550915, 24.8758548 ], [ 121.2552232, 24.875784 ], [ 121.2553179, 24.8757694 ], [ 121.2557788, 24.8759281 ], [ 121.2561402, 24.8758667 ], [ 121.2563887, 24.8757562 ], [ 121.2564418, 24.8757337 ], [ 121.2568382, 24.876363 ], [ 121.2574222, 24.876241 ], [ 121.2576274, 24.8764626 ], [ 121.2582397, 24.8761897 ], [ 121.2583247, 24.8762892 ], [ 121.2586609, 24.8760677 ], [ 121.2587848, 24.875586 ], [ 121.2586573, 24.8753067 ], [ 121.2584981, 24.8746613 ], [ 121.2583353, 24.8744847 ], [ 121.2573974, 24.8740512 ], [ 121.2573089, 24.8743787 ], [ 121.2565763, 24.8746164 ], [ 121.2565055, 24.8742054 ], [ 121.2559782, 24.8742728 ], [ 121.2550332, 24.8745746 ], [ 121.2549978, 24.8747801 ], [ 121.2549801, 24.8753741 ], [ 121.2544859, 24.8758022 ], [ 121.2547539, 24.8760906 ] ] ] } },
{ "type": "Feature", "properties": { "element": "relation", "id": 8383519, "name": "遠東企業研發中心", "landuse": "industrial" }, "geometry": { "type": "Polygon", "coordinates": [ [ [ 121.2605544, 24.9720401 ], [ 121.2604109, 24.9725564 ], [ 121.2606386, 24.9726052 ], [ 121.2607028, 24.9726723 ], [ 121.2606948, 24.973019 ], [ 121.2624905, 24.9734865 ], [ 121.262642, 24.9727003 ], [ 121.2630134, 24.9708073 ], [ 121.2630941, 24.9703544 ], [ 121.2631771, 24.9699437 ], [ 121.2632443, 24.9695569 ], [ 121.2632481, 24.9694388 ], [ 121.2632467, 24.9693267 ], [ 121.2632025, 24.9692806 ], [ 121.263137, 24.9692164 ], [ 121.2628189, 24.9689921 ], [ 121.2626247, 24.9687325 ], [ 121.2625138, 24.9685827 ], [ 121.2624074, 24.9685648 ], [ 121.2617375, 24.9690991 ], [ 121.2612916, 24.9697101 ], [ 121.2612491, 24.9699946 ], [ 121.2611967, 24.9703455 ], [ 121.2611802, 24.9704279 ], [ 121.261153, 24.9705639 ], [ 121.2611469, 24.9706232 ], [ 121.2611515, 24.9707448 ], [ 121.2610224, 24.9711257 ], [ 121.2606515, 24.9719868 ], [ 121.2605544, 24.9720401 ] ] ] } },
{ "type": "Feature", "properties": { "element": "relation", "id": 9312392, "name": "中壢產業園區", "landuse": "industrial" }, "geometry": { "type": "Polygon", "coordinates": [ [ [ 121.2327951, 24.9778115 ], [ 121.2326995, 24.9778115 ], [ 121.23272, 24.9781938 ], [ 121.2327907, 24.9795134 ], [ 121.2331984, 24.9805053 ], [ 121.2333271, 24.9814584 ], [ 121.2337777, 24.9824893 ], [ 121.2342498, 24.9833256 ], [ 121.2342498, 24.9839286 ], [ 121.233885, 24.9844926 ], [ 121.2349579, 24.9855429 ], [ 121.2364385, 24.9856207 ], [ 121.237085, 24.9857654 ], [ 121.2389061, 24.9861264 ], [ 121.239228, 24.9867877 ], [ 121.2403438, 24.9904246 ], [ 121.2418887, 24.992564 ], [ 121.2427031, 24.9933431 ], [ 121.2442061, 24.9947811 ], [ 121.2447628, 24.9953193 ], [ 121.2458307, 24.9963517 ], [ 121.2463037, 24.996809 ], [ 121.24664, 24.9971341 ], [ 121.2468388, 24.9973174 ], [ 121.2469164, 24.997395 ], [ 121.2471029, 24.9975816 ], [ 121.2473212, 24.9977795 ], [ 121.2476244, 24.9980543 ], [ 121.2498281, 25.0000514 ], [ 121.250386, 24.9995069 ], [ 121.2505576, 24.9986512 ], [ 121.2504289, 24.996473 ], [ 121.2498924, 24.9961035 ], [ 121.2498924, 24.9955395 ], [ 121.2506864, 24.9950339 ], [ 121.2506864, 24.9934003 ], [ 121.2520382, 24.9934975 ], [ 121.2523171, 24.9918055 ], [ 121.2520167, 24.9912026 ], [ 121.2514159, 24.9905608 ], [ 121.2507293, 24.9901718 ], [ 121.2503216, 24.9896661 ], [ 121.250386, 24.9884797 ], [ 121.250385, 24.9877764 ], [ 121.2497694, 24.9877108 ], [ 121.2505686, 24.9846558 ], [ 121.2505067, 24.9847014 ], [ 121.2495643, 24.9847419 ], [ 121.248605, 24.9852706 ], [ 121.2454936, 24.98105 ], [ 121.2466979, 24.9803157 ], [ 121.2460082, 24.9793399 ], [ 121.2457376, 24.9792952 ], [ 121.2457577, 24.9778354 ], [ 121.2451212, 24.9774235 ], [ 121.2445258, 24.977018 ], [ 121.2442248, 24.976645 ], [ 121.2439985, 24.9761458 ], [ 121.2440261, 24.9753094 ], [ 121.244334, 24.9753143 ], [ 121.2443391, 24.9749496 ], [ 121.2455971, 24.9753671 ], [ 121.2464253, 24.9750211 ], [ 121.2471758, 24.975264 ], [ 121.2471618, 24.9738884 ], [ 121.2465879, 24.9727639 ], [ 121.2464234, 24.9716113 ], [ 121.2466094, 24.9707992 ], [ 121.2462232, 24.9696516 ], [ 121.246887, 24.9681016 ], [ 121.238375, 24.9651362 ], [ 121.2382144, 24.9651709 ], [ 121.2381018, 24.9652042 ], [ 121.2380124, 24.9652503 ], [ 121.2379515, 24.9653074 ], [ 121.2373368, 24.9662654 ], [ 121.236957, 24.9669739 ], [ 121.2366155, 24.9677501 ], [ 121.2363132, 24.9686979 ], [ 121.2362239, 24.9696656 ], [ 121.2362403, 24.9708872 ], [ 121.2363744, 24.9778104 ], [ 121.2344836, 24.977811 ], [ 121.2344313, 24.977811 ], [ 121.2335593, 24.9778113 ], [ 121.2332327, 24.9778114 ], [ 121.2327951, 24.9778115 ] ] ] } },
{ "type": "Feature", "properties": { "element": "relation", "id": 10351419, "name": "新竹科學園區", "landuse": "industrial" }, "geometry": { "type": "MultiPolygon", "coordinates": [ [ [ [ 121.004743, 24.7871826 ], [ 121.0058508, 24.7874303 ], [ 121.0058829, 24.7876543 ], [ 121.0059849, 24.7878491 ], [ 121.0061351, 24.7880293 ], [ 121.006532, 24.7879221 ], [ 121.0071329, 24.7877176 ], [ 121.007444, 24.7876981 ], [ 121.0078356, 24.7877371 ], [ 121.0079483, 24.7875812 ], [ 121.0082755, 24.7874205 ], [ 121.0086617, 24.7874108 ], [ 121.0087583, 24.7879903 ], [ 121.0094181, 24.7874546 ], [ 121.0095315, 24.7871901 ], [ 121.009223, 24.7868394 ], [ 121.0087268, 24.7863573 ], [ 121.0081796, 24.7859579 ], [ 121.00778, 24.7856073 ], [ 121.0073508, 24.7850715 ], [ 121.0070155, 24.7845382 ], [ 121.006973, 24.7843606 ], [ 121.0068466, 24.783832 ], [ 121.0068573, 24.7834619 ], [ 121.0068841, 24.783082 ], [ 121.0070209, 24.7824294 ], [ 121.0070772, 24.7821152 ], [ 121.0070906, 24.7818985 ], [ 121.006978, 24.7814236 ], [ 121.0066722, 24.7806663 ], [ 121.0065274, 24.7801573 ], [ 121.0066266, 24.7795899 ], [ 121.0067232, 24.7793902 ], [ 121.0070129, 24.7788959 ], [ 121.0075708, 24.7782359 ], [ 121.0076202, 24.7781939 ], [ 121.008193, 24.7777074 ], [ 121.0089253, 24.777291 ], [ 121.0097943, 24.7768088 ], [ 121.011003, 24.7764274 ], [ 121.0122507, 24.7762025 ], [ 121.0159753, 24.7758337 ], [ 121.0171162, 24.7758901 ], [ 121.0191042, 24.7757904 ], [ 121.0204255, 24.7758162 ], [ 121.0222368, 24.7760103 ], [ 121.0235457, 24.7760079 ], [ 121.0239185, 24.7759349 ], [ 121.0243919, 24.7757428 ], [ 121.0250428, 24.7753652 ], [ 121.0252681, 24.775185 ], [ 121.0256812, 24.7744787 ], [ 121.0259172, 24.774016 ], [ 121.0261962, 24.7728811 ], [ 121.0263771, 24.7729101 ], [ 121.0274493, 24.7749909 ], [ 121.0283843, 24.774548 ], [ 121.0280183, 24.773138 ], [ 121.0280628, 24.7728306 ], [ 121.0284573, 24.7726625 ], [ 121.0288904, 24.7726956 ], [ 121.0296143, 24.772439 ], [ 121.0299159, 24.7720859 ], [ 121.0298187, 24.7714808 ], [ 121.0294383, 24.7712317 ], [ 121.0289232, 24.7703556 ], [ 121.0287818, 24.7689373 ], [ 121.0280946, 24.7682375 ], [ 121.027911, 24.7679104 ], [ 121.0274156, 24.768046 ], [ 121.0269982, 24.7673706 ], [ 121.026414, 24.7670424 ], [ 121.0262815, 24.766449 ], [ 121.026215, 24.7662585 ], [ 121.0261838, 24.7659263 ], [ 121.0259652, 24.7652545 ], [ 121.0257465, 24.7651025 ], [ 121.02575, 24.7647801 ], [ 121.0256937, 24.7647026 ], [ 121.0255841, 24.7645716 ], [ 121.0255246, 24.7645451 ], [ 121.0253957, 24.7643467 ], [ 121.0251327, 24.763763 ], [ 121.0249079, 24.7635974 ], [ 121.0248791, 24.7634576 ], [ 121.0247256, 24.7627133 ], [ 121.0246146, 24.7621754 ], [ 121.0239113, 24.7596114 ], [ 121.0200181, 24.7590155 ], [ 121.0195891, 24.7589655 ], [ 121.0194683, 24.7589834 ], [ 121.0194361, 24.7590966 ], [ 121.0193555, 24.7596951 ], [ 121.0191891, 24.7602125 ], [ 121.0191095, 24.7605454 ], [ 121.0190723, 24.760701 ], [ 121.0190157, 24.7611895 ], [ 121.0188848, 24.7618741 ], [ 121.0188317, 24.7633331 ], [ 121.0180707, 24.7647343 ], [ 121.0176071, 24.7654895 ], [ 121.0168568, 24.7661805 ], [ 121.0158021, 24.7663765 ], [ 121.0152996, 24.7663701 ], [ 121.0146094, 24.7664151 ], [ 121.0127407, 24.766444 ], [ 121.0123019, 24.7665757 ], [ 121.0119055, 24.7667911 ], [ 121.0114595, 24.7670867 ], [ 121.0112259, 24.7673052 ], [ 121.0108508, 24.7677776 ], [ 121.0107092, 24.7681954 ], [ 121.0106314, 24.7686132 ], [ 121.010688, 24.7688606 ], [ 121.010741, 24.769278 ], [ 121.0108083, 24.7698087 ], [ 121.0107623, 24.7700979 ], [ 121.0106314, 24.7703742 ], [ 121.0103801, 24.7706635 ], [ 121.0099978, 24.7708884 ], [ 121.0094811, 24.7711744 ], [ 121.0089856, 24.770747 ], [ 121.0086105, 24.7709366 ], [ 121.008522, 24.7711326 ], [ 121.0070461, 24.7711166 ], [ 121.0057791, 24.771078 ], [ 121.0057543, 24.7712033 ], [ 121.0054747, 24.771213 ], [ 121.0046607, 24.7712226 ], [ 121.0041865, 24.771274 ], [ 121.0036293, 24.7713801 ], [ 121.0036972, 24.7719552 ], [ 121.0039866, 24.7741882 ], [ 121.0040724, 24.7748312 ], [ 121.0044157, 24.7751331 ], [ 121.0045123, 24.7755325 ], [ 121.004051, 24.7757469 ], [ 121.0039544, 24.7806661 ], [ 121.0041153, 24.7811629 ], [ 121.0041368, 24.7814746 ], [ 121.0039759, 24.7815233 ], [ 121.0040188, 24.7828481 ], [ 121.0039437, 24.7837345 ], [ 121.0041261, 24.7848839 ], [ 121.0044165, 24.7863905 ], [ 121.004743, 24.7871826 ] ] ], [ [ [ 121.0023673, 24.7712483 ], [ 121.0022045, 24.7712162 ], [ 121.0015887, 24.7714315 ], [ 121.0014294, 24.7716854 ], [ 121.0009481, 24.772267 ], [ 121.0008879, 24.7726591 ], [ 121.0001198, 24.7731361 ], [ 120.9998677, 24.7728268 ], [ 120.9998246, 24.7727986 ], [ 120.9992346, 24.7724128 ], [ 120.9986285, 24.7719598 ], [ 120.9984032, 24.7718819 ], [ 120.9975395, 24.7725541 ], [ 120.9962199, 24.7734411 ], [ 120.9957424, 24.773762 ], [ 120.9954366, 24.7744634 ], [ 120.9951396, 24.7746759 ], [ 120.9950826, 24.7747167 ], [ 120.9951201, 24.7748433 ], [ 120.9946296, 24.7751237 ], [ 120.9929422, 24.77384 ], [ 120.9924919, 24.7742394 ], [ 120.9916333, 24.7738594 ], [ 120.9907803, 24.7739958 ], [ 120.9906838, 24.7742087 ], [ 120.9903219, 24.774265 ], [ 120.9900953, 24.7740626 ], [ 120.9899078, 24.774069 ], [ 120.9898334, 24.7742361 ], [ 120.9892389, 24.7746249 ], [ 120.9889699, 24.7746667 ], [ 120.9885841, 24.7747695 ], [ 120.9883824, 24.7749174 ], [ 120.9884142, 24.7750588 ], [ 120.9883222, 24.7751584 ], [ 120.98817, 24.7751873 ], [ 120.98754, 24.7759874 ], [ 120.9871012, 24.776357 ], [ 120.9869207, 24.7763859 ], [ 120.9867508, 24.7763538 ], [ 120.9865668, 24.7761545 ], [ 120.9858023, 24.7760903 ], [ 120.984687, 24.7760593 ], [ 120.9856117, 24.7769752 ], [ 120.9853222, 24.777272 ], [ 120.9853962, 24.7773316 ], [ 120.9867682, 24.778464 ], [ 120.9871902, 24.7788111 ], [ 120.9879607, 24.7795489 ], [ 120.9884184, 24.7801764 ], [ 120.9892683, 24.781707 ], [ 120.9920126, 24.7817113 ], [ 120.9918723, 24.7827844 ], [ 120.9918839, 24.7833062 ], [ 120.9919003, 24.7840412 ], [ 120.9919174, 24.7847834 ], [ 120.9921021, 24.784789 ], [ 120.9922867, 24.7847946 ], [ 120.9923912, 24.7847908 ], [ 120.9925535, 24.7847038 ], [ 120.9933344, 24.7840088 ], [ 120.9936735, 24.7837369 ], [ 120.9939013, 24.783629 ], [ 120.9942144, 24.7835725 ], [ 120.9945694, 24.7835991 ], [ 120.9951646, 24.7836369 ], [ 120.9954943, 24.7836441 ], [ 120.9956427, 24.7836394 ], [ 120.9958911, 24.7835734 ], [ 120.99661, 24.7830933 ], [ 120.9970537, 24.7828915 ], [ 120.9971087, 24.7828663 ], [ 120.9974388, 24.7827495 ], [ 120.9974642, 24.7827388 ], [ 120.9985781, 24.7824472 ], [ 120.9986634, 24.782689 ], [ 120.9987868, 24.7830762 ], [ 120.9989128, 24.7832248 ], [ 120.9992669, 24.7834269 ], [ 120.9995136, 24.7835 ], [ 120.9997899, 24.7834951 ], [ 121.0003666, 24.7834293 ], [ 121.0004311, 24.7836499 ], [ 121.0005012, 24.7839128 ], [ 121.0010569, 24.7851338 ], [ 121.0012157, 24.7854306 ], [ 121.0015239, 24.7857995 ], [ 121.0018657, 24.7860885 ], [ 121.0021017, 24.7862809 ], [ 121.0023646, 24.787104 ], [ 121.0021071, 24.7873182 ], [ 121.0021554, 24.7876445 ], [ 121.0021628, 24.7878417 ], [ 121.0022853, 24.7878435 ], [ 121.0025098, 24.7876895 ], [ 121.0024652, 24.7875276 ], [ 121.0026731, 24.7874253 ], [ 121.0026972, 24.7872598 ], [ 121.0038398, 24.786651 ], [ 121.0033972, 24.7849099 ], [ 121.0031176, 24.7831111 ], [ 121.0030961, 24.7820396 ], [ 121.0028601, 24.7817571 ], [ 121.0028386, 24.7814551 ], [ 121.0030317, 24.7812116 ], [ 121.0031497, 24.7765067 ], [ 121.002903, 24.7763898 ], [ 121.0029137, 24.7759417 ], [ 121.0031605, 24.7755715 ], [ 121.0032356, 24.7729511 ], [ 121.0031068, 24.7718503 ], [ 121.0028815, 24.7718698 ], [ 121.0027531, 24.7716532 ], [ 121.0023673, 24.7712483 ] ] ] ] } },
{ "type": "Feature", "properties": { "element": "relation", "id": 12215637, "name": null, "landuse": "industrial" }, "geometry": { "type": "Polygon", "coordinates": [ [ [ 121.2061319, 24.8399944 ], [ 121.2054543, 24.840608 ], [ 121.2065202, 24.8416234 ], [ 121.2069716, 24.8412517 ], [ 121.2074116, 24.8417026 ], [ 121.207643, 24.8413962 ], [ 121.2070436, 24.840842 ], [ 121.2073357, 24.8406011 ], [ 121.2078004, 24.8401902 ], [ 121.2075481, 24.8399677 ], [ 121.2078175, 24.8396785 ], [ 121.2077416, 24.8395064 ], [ 121.207165, 24.8391071 ], [ 121.2069754, 24.8392689 ], [ 121.2071954, 24.8394961 ], [ 121.206359, 24.8402155 ], [ 121.2061319, 24.8399944 ] ] ] } },
{ "type": "Feature", "properties": { "element": "relation", "id": 13287979, "name": "福特六和汽車", "landuse": "industrial" }, "geometry": { "type": "Polygon", "coordinates": [ [ [ 121.2505504, 24.9681415 ], [ 121.2505631, 24.9674279 ], [ 121.2505942, 24.9670814 ], [ 121.2506193, 24.966802 ], [ 121.2506698, 24.9653659 ], [ 121.2516226, 24.9653201 ], [ 121.2519084, 24.9638445 ], [ 121.2518172, 24.9632663 ], [ 121.2515588, 24.9628399 ], [ 121.2514906, 24.9628096 ], [ 121.2503186, 24.9611221 ], [ 121.2503286, 24.9595604 ], [ 121.2502896, 24.9595052 ], [ 121.2504372, 24.958881 ], [ 121.249565, 24.9582655 ], [ 121.249046, 24.9589182 ], [ 121.248871, 24.9587401 ], [ 121.2484439, 24.9592875 ], [ 121.2482368, 24.959626 ], [ 121.2480367, 24.9595197 ], [ 121.2477925, 24.9595719 ], [ 121.2476789, 24.9598045 ], [ 121.2476871, 24.9602001 ], [ 121.2476521, 24.9602617 ], [ 121.247509, 24.9603862 ], [ 121.2473923, 24.9607702 ], [ 121.2473486, 24.9613053 ], [ 121.2472307, 24.9614702 ], [ 121.2467241, 24.9619072 ], [ 121.2465008, 24.9619903 ], [ 121.2463499, 24.9619553 ], [ 121.2461255, 24.9620453 ], [ 121.2463288, 24.9621655 ], [ 121.2464185, 24.962292 ], [ 121.2466182, 24.9626483 ], [ 121.2464983, 24.9635696 ], [ 121.2470605, 24.9633907 ], [ 121.2470353, 24.9638705 ], [ 121.246519, 24.964145 ], [ 121.2465026, 24.9645323 ], [ 121.2468535, 24.9649158 ], [ 121.2468717, 24.965158 ], [ 121.2485101, 24.9664499 ], [ 121.2491086, 24.9669218 ], [ 121.2491957, 24.9669905 ], [ 121.2496446, 24.967057 ], [ 121.2496358, 24.9671323 ], [ 121.2496178, 24.9672881 ], [ 121.2494932, 24.9672635 ], [ 121.2496119, 24.9673388 ], [ 121.2503304, 24.9679533 ], [ 121.2505504, 24.9681415 ] ] ] } },
{ "type": "Feature", "properties": { "element": "relation", "id": 17402603, "name": "桃園幼獅產業園區", "landuse": "industrial" }, "geometry": { "type": "MultiPolygon", "coordinates": [ [ [ [ 121.1729654, 24.9212532 ], [ 121.172402, 24.9211505 ], [ 121.1719008, 24.9212686 ], [ 121.1705192, 24.921795 ], [ 121.1702077, 24.9220569 ], [ 121.1705163, 24.9226859 ], [ 121.1711109, 24.9235435 ], [ 121.1713714, 24.9236334 ], [ 121.1715793, 24.9237528 ], [ 121.1715573, 24.9240215 ], [ 121.1718676, 24.9245407 ], [ 121.1723947, 24.9255408 ], [ 121.1728052, 24.9261519 ], [ 121.1738924, 24.9270351 ], [ 121.1742633, 24.9273175 ], [ 121.1757412, 24.9255126 ], [ 121.1760866, 24.925071 ], [ 121.1766812, 24.9240516 ], [ 121.1774315, 24.9231427 ], [ 121.1776941, 24.9228918 ], [ 121.1729654, 24.9212532 ] ] ], [ [ [ 121.1737756, 24.9282197 ], [ 121.1726711, 24.9272423 ], [ 121.1705702, 24.9256263 ], [ 121.1704442, 24.925283 ], [ 121.1702609, 24.9250582 ], [ 121.1694242, 24.9243689 ], [ 121.1693541, 24.9246337 ], [ 121.1690292, 24.925253 ], [ 121.1689087, 24.9257828 ], [ 121.1687553, 24.92569 ], [ 121.1685289, 24.9256635 ], [ 121.1683098, 24.9260129 ], [ 121.1685417, 24.9266056 ], [ 121.1685796, 24.9268018 ], [ 121.1680607, 24.9274878 ], [ 121.167756, 24.9279327 ], [ 121.1679703, 24.9281715 ], [ 121.1674694, 24.9288271 ], [ 121.1683498, 24.9294077 ], [ 121.1686881, 24.9290916 ], [ 121.168874, 24.9293586 ], [ 121.1686674, 24.9298198 ], [ 121.1695943, 24.9306346 ], [ 121.170294, 24.9309249 ], [ 121.169664, 24.9316929 ], [ 121.1710892, 24.9325451 ], [ 121.1720213, 24.9313229 ], [ 121.1725351, 24.930466 ], [ 121.1728555, 24.9297792 ], [ 121.1737756, 24.9282197 ] ] ] ] } },
{ "type": "Feature", "properties": { "element": "relation", "id": 18122591, "name": "山立通運公司", "landuse": "industrial" }, "geometry": { "type": "Polygon", "coordinates": [ [ [ 121.2634466, 24.9587623 ], [ 121.2632687, 24.9586582 ], [ 121.2631622, 24.9585429 ], [ 121.2626389, 24.9581952 ], [ 121.262113, 24.9581258 ], [ 121.2619456, 24.9581463 ], [ 121.2609124, 24.9586784 ], [ 121.2617094, 24.9601583 ], [ 121.2624074, 24.9614543 ], [ 121.2619477, 24.9616689 ], [ 121.2619993, 24.9617652 ], [ 121.2622845, 24.9618161 ], [ 121.2634808, 24.9612693 ], [ 121.2635217, 24.9608228 ], [ 121.2638546, 24.9601611 ], [ 121.2638658, 24.960139 ], [ 121.2640525, 24.9602698 ], [ 121.2642804, 24.9601761 ], [ 121.2643038, 24.9600616 ], [ 121.2643785, 24.9596967 ], [ 121.2644704, 24.9591041 ], [ 121.264553, 24.9587381 ], [ 121.2642761, 24.9586933 ], [ 121.2642714, 24.9586326 ], [ 121.2642674, 24.9591146 ], [ 121.264225, 24.9591187 ], [ 121.2642286, 24.959095 ], [ 121.2636223, 24.9589126 ], [ 121.2634466, 24.9587623 ] ] ] } },
{ "type": "Feature", "properties": { "element": "relation", "id": 18400794, "name": "遠東新世紀公司化纖總廠", "landuse": "industrial" }, "geometry": { "type": "MultiPolygon", "coordinates": [ [ [ [ 121.0589463, 24.8231507 ], [ 121.0587028, 24.8223623 ], [ 121.0585708, 24.8222486 ], [ 121.0573837, 24.8225475 ], [ 121.0572965, 24.8228213 ], [ 121.0567425, 24.8230107 ], [ 121.0566652, 24.8226246 ], [ 121.0544515, 24.8233182 ], [ 121.0545153, 24.8238624 ], [ 121.0544275, 24.8243672 ], [ 121.0540982, 24.8247457 ], [ 121.0535348, 24.8250844 ], [ 121.0531396, 24.8252173 ], [ 121.0534177, 24.826147 ], [ 121.05392, 24.8260033 ], [ 121.0594065, 24.8248282 ], [ 121.0589463, 24.8231507 ] ] ], [ [ [ 121.0541077, 24.8262127 ], [ 121.0542372, 24.826685 ], [ 121.0537909, 24.826851 ], [ 121.0536445, 24.8266119 ], [ 121.0531177, 24.8267447 ], [ 121.0534215, 24.8274126 ], [ 121.0530586, 24.8276796 ], [ 121.0528258, 24.827732 ], [ 121.0527129, 24.827599 ], [ 121.0526241, 24.8276317 ], [ 121.0525174, 24.8275661 ], [ 121.0518398, 24.8279682 ], [ 121.0520757, 24.8282877 ], [ 121.0515553, 24.828548 ], [ 121.0517964, 24.8285536 ], [ 121.0522532, 24.8286164 ], [ 121.0523565, 24.8285532 ], [ 121.052571, 24.8285767 ], [ 121.0533285, 24.8286498 ], [ 121.0560894, 24.8284716 ], [ 121.0561303, 24.828535 ], [ 121.0566726, 24.8287845 ], [ 121.0571111, 24.8288876 ], [ 121.0577963, 24.8289904 ], [ 121.0585197, 24.8289358 ], [ 121.0587845, 24.828911 ], [ 121.0588095, 24.829028 ], [ 121.0591937, 24.8291129 ], [ 121.0597063, 24.829178 ], [ 121.0607501, 24.8288985 ], [ 121.0618974, 24.8287733 ], [ 121.0618772, 24.8285826 ], [ 121.0628842, 24.8282571 ], [ 121.062914, 24.8281422 ], [ 121.0636939, 24.8273398 ], [ 121.0634931, 24.8273216 ], [ 121.0633985, 24.8272652 ], [ 121.0631163, 24.8271713 ], [ 121.0622424, 24.8267912 ], [ 121.0614713, 24.8262804 ], [ 121.0613238, 24.8254996 ], [ 121.0612643, 24.8252225 ], [ 121.0605446, 24.8253647 ], [ 121.0604646, 24.8250695 ], [ 121.0602126, 24.8251208 ], [ 121.0602378, 24.8252367 ], [ 121.0602013, 24.8252624 ], [ 121.0600696, 24.8252263 ], [ 121.0600417, 24.8253853 ], [ 121.0598765, 24.825391 ], [ 121.0598391, 24.8251878 ], [ 121.0592723, 24.8252653 ], [ 121.0592281, 24.8250614 ], [ 121.0577113, 24.8253978 ], [ 121.0541077, 24.8262127 ] ] ] ] } },
{ "type": "Feature", "properties": { "element": "relation", "id": 18726493, "name": "台電大潭發電廠", "landuse": "industrial" }, "geometry": { "type": "MultiPolygon", "coordinates": [ [ [ [ 121.0411299, 25.0186703 ], [ 121.0410622, 25.0186499 ], [ 121.0410104, 25.018658 ], [ 121.0392804, 25.0202236 ], [ 121.0392511, 25.020289 ], [ 121.0392263, 25.020381 ], [ 121.0392376, 25.0204607 ], [ 121.0392804, 25.0205527 ], [ 121.0413879, 25.0228311 ], [ 121.041463, 25.0228384 ], [ 121.0435391, 25.0209353 ], [ 121.0435364, 25.0209062 ], [ 121.0411299, 25.0186703 ] ] ], [ [ [ 121.0417881, 25.0232002 ], [ 121.0436448, 25.0251675 ], [ 121.0456082, 25.0271859 ], [ 121.0474803, 25.0290038 ], [ 121.0507956, 25.0320027 ], [ 121.0516411, 25.0312333 ], [ 121.0514742, 25.0310992 ], [ 121.0516814, 25.030911 ], [ 121.0518982, 25.030714 ], [ 121.0522487, 25.0303957 ], [ 121.0520204, 25.02991 ], [ 121.0522832, 25.0296424 ], [ 121.0513395, 25.0280929 ], [ 121.0440082, 25.0212254 ], [ 121.0439323, 25.0212924 ], [ 121.0438388, 25.0212948 ], [ 121.0436782, 25.0214449 ], [ 121.0436782, 25.0215893 ], [ 121.0435113, 25.0217577 ], [ 121.0433444, 25.0217234 ], [ 121.041791, 25.0231489 ], [ 121.0417881, 25.0232002 ] ] ] ] } },
{ "type": "Feature", "properties": { "element": "relation", "id": 19636930, "name": null, "landuse": "industrial" }, "geometry": { "type": "Polygon", "coordinates": [ [ [ 121.2844231, 24.9365588 ], [ 121.2844305, 24.9361762 ], [ 121.2841615, 24.9361659 ], [ 121.2841292, 24.9362328 ], [ 121.2841303, 24.9363962 ], [ 121.2841315, 24.9365256 ], [ 121.2844231, 24.9365588 ] ] ] } },
{ "type": "Feature", "properties": { "element": "way", "id": 114224555, "name": "YKK 台灣華可貴", "landuse": "industrial" }, "geometry": { "type": "Polygon", "coordinates": [ [ [ 121.2376741, 24.9620682 ], [ 121.2390082, 24.9626435 ], [ 121.2377785, 24.9646518 ], [ 121.2362443, 24.9641558 ], [ 121.2364374, 24.9635532 ], [ 121.2363301, 24.9629113 ], [ 121.2363945, 24.962386 ], [ 121.2364892, 24.9618344 ], [ 121.2374049, 24.9623254 ], [ 121.2376741, 24.9620682 ] ] ] } },
{ "type": "Feature", "properties": { "element": "way", "id": 114224556, "name": "台灣山葉機車", "landuse": "industrial" }, "geometry": { "type": "Polygon", "coordinates": [ [ [ 121.242536, 24.9645681 ], [ 121.2430602, 24.963981 ], [ 121.2431309, 24.9639514 ], [ 121.2438334, 24.9632485 ], [ 121.2439278, 24.9632488 ], [ 121.2443054, 24.9635727 ], [ 121.244462, 24.9634539 ], [ 121.2451904, 24.9640371 ], [ 121.2452857, 24.9641816 ], [ 121.245515, 24.9648165 ], [ 121.2456461, 24.9648929 ], [ 121.2457197, 24.9652553 ], [ 121.2458072, 24.9653915 ], [ 121.2456007, 24.9664652 ], [ 121.2452822, 24.9665744 ], [ 121.2444154, 24.9662721 ], [ 121.2442019, 24.9665261 ], [ 121.244068, 24.9668005 ], [ 121.2434826, 24.9666208 ], [ 121.2431458, 24.9665174 ], [ 121.2432014, 24.9663722 ], [ 121.2430211, 24.9663135 ], [ 121.2429885, 24.966236 ], [ 121.2429185, 24.9662184 ], [ 121.2429176, 24.965819 ], [ 121.2426071, 24.9649959 ], [ 121.2425476, 24.9649223 ], [ 121.2425418, 24.9648093 ], [ 121.2425599, 24.9647882 ], [ 121.242536, 24.9645681 ] ] ] } },
{ "type": "Feature", "properties": { "element": "way", "id": 114224639, "name": "金車", "landuse": "industrial" }, "geometry": { "type": "Polygon", "coordinates": [ [ [ 121.2511788, 24.9497505 ], [ 121.2513076, 24.9495851 ], [ 121.2510501, 24.9489528 ], [ 121.2513934, 24.9489334 ], [ 121.2518011, 24.9486416 ], [ 121.2519406, 24.9483011 ], [ 121.2517153, 24.9476493 ], [ 121.2516402, 24.9472505 ], [ 121.2516616, 24.9467349 ], [ 121.2514148, 24.9462583 ], [ 121.2517045, 24.9462583 ], [ 121.2520157, 24.9463555 ], [ 121.252477, 24.9458983 ], [ 121.252713, 24.9456843 ], [ 121.2530128, 24.9457737 ], [ 121.2551914, 24.9464236 ], [ 121.2560926, 24.9477174 ], [ 121.2556957, 24.9478536 ], [ 121.2558244, 24.9482427 ], [ 121.2554274, 24.9483108 ], [ 121.2550519, 24.9488458 ], [ 121.2545477, 24.9489528 ], [ 121.2544189, 24.9495949 ], [ 121.2543224, 24.949556 ], [ 121.2541614, 24.9500326 ], [ 121.2542848, 24.9501362 ], [ 121.2543604, 24.9505166 ], [ 121.254611, 24.9506713 ], [ 121.253985, 24.9509588 ], [ 121.2538503, 24.9507816 ], [ 121.2537215, 24.9506357 ], [ 121.2538846, 24.9501634 ], [ 121.2531529, 24.9502369 ], [ 121.2526487, 24.9501591 ], [ 121.252595, 24.950305 ], [ 121.2523053, 24.9503147 ], [ 121.2522624, 24.950091 ], [ 121.2518976, 24.9499159 ], [ 121.2514685, 24.9499159 ], [ 121.2511788, 24.9497505 ] ] ] } },
{ "type": "Feature", "properties": { "element": "way", "id": 114224651, "name": "日月光半導體中壢廠", "landuse": "industrial" }, "geometry": { "type": "Polygon", "coordinates": [ [ [ 121.251129, 24.9697439 ], [ 121.2516651, 24.9699653 ], [ 121.2517233, 24.9699939 ], [ 121.2528705, 24.9705578 ], [ 121.2526934, 24.9709668 ], [ 121.2528066, 24.9710134 ], [ 121.2524293, 24.9725351 ], [ 121.2523743, 24.972826 ], [ 121.2525332, 24.9729032 ], [ 121.252434, 24.9730904 ], [ 121.2523976, 24.9730789 ], [ 121.2522651, 24.9730431 ], [ 121.2521409, 24.9730998 ], [ 121.2519149, 24.9732071 ], [ 121.2517564, 24.9732178 ], [ 121.2510824, 24.9732681 ], [ 121.2509372, 24.9730403 ], [ 121.2510086, 24.9729044 ], [ 121.250561, 24.9723199 ], [ 121.2505453, 24.9719052 ], [ 121.2506065, 24.9717946 ], [ 121.2507524, 24.9714008 ], [ 121.2509956, 24.9714526 ], [ 121.2509888, 24.9710204 ], [ 121.2510331, 24.970871 ], [ 121.2510488, 24.9700761 ], [ 121.2510523, 24.9698996 ], [ 121.251129, 24.9697439 ] ] ] } },
{ "type": "Feature", "properties": { "element": "way", "id": 114430823, "name": "技嘉科技", "landuse": "industrial" }, "geometry": { "type": "Polygon", "coordinates": [ [ [ 121.2048647, 24.9196886 ], [ 121.2059617, 24.9192036 ], [ 121.2063796, 24.9199499 ], [ 121.2052498, 24.9204296 ], [ 121.2048647, 24.9196886 ] ] ] } },
{ "type": "Feature", "properties": { "element": "way", "id": 114431434, "name": "平鎮產業園區", "landuse": "industrial" }, "geometry": { "type": "Polygon", "coordinates": [ [ [ 121.1963208, 24.9067335 ], [ 121.1968051, 24.9067922 ], [ 121.1967992, 24.9068555 ], [ 121.1970954, 24.9069514 ], [ 121.2018268, 24.9067665 ], [ 121.2030499, 24.9064551 ], [ 121.2047772, 24.9062897 ], [ 121.2049274, 24.9057156 ], [ 121.2047962, 24.9050267 ], [ 121.2047236, 24.9046452 ], [ 121.2056784, 24.9046938 ], [ 121.2059252, 24.9044116 ], [ 121.2058286, 24.9038861 ], [ 121.2061398, 24.9028449 ], [ 121.2064616, 24.9021248 ], [ 121.2059574, 24.9017161 ], [ 121.2056784, 24.9005872 ], [ 121.2058716, 24.8994583 ], [ 121.206644, 24.8990594 ], [ 121.2070195, 24.8986604 ], [ 121.2071054, 24.8972979 ], [ 121.2076633, 24.8964415 ], [ 121.2063222, 24.8962566 ], [ 121.2062793, 24.8960425 ], [ 121.2069015, 24.8956241 ], [ 121.2062363, 24.8950596 ], [ 121.204863, 24.8949428 ], [ 121.2047772, 24.8959744 ], [ 121.2034468, 24.8959647 ], [ 121.2024598, 24.8962177 ], [ 121.1997883, 24.8964415 ], [ 121.198179, 24.8965875 ], [ 121.1978249, 24.8974147 ], [ 121.1977176, 24.8984365 ], [ 121.1973958, 24.8985436 ], [ 121.1969988, 24.8994681 ], [ 121.1970632, 24.9002174 ], [ 121.1970846, 24.9012003 ], [ 121.1968272, 24.901755 ], [ 121.1965804, 24.9027378 ], [ 121.196398, 24.9030298 ], [ 121.1961512, 24.9048884 ], [ 121.1960654, 24.906027 ], [ 121.1963208, 24.9067335 ] ] ] } },
{ "type": "Feature", "properties": { "element": "way", "id": 183759850, "name": "長榮貨櫃公司", "landuse": "industrial" }, "geometry": { "type": "Polygon", "coordinates": [ [ [ 121.2941769, 25.0350127 ], [ 121.2942865, 25.0350781 ], [ 121.2949723, 25.035511 ], [ 121.2955301, 25.0355638 ], [ 121.2955136, 25.0357355 ], [ 121.2957908, 25.0358708 ], [ 121.2984113, 25.0359137 ], [ 121.2984575, 25.0356299 ], [ 121.2986918, 25.0356596 ], [ 121.2987446, 25.0352536 ], [ 121.2992925, 25.0353262 ], [ 121.3002826, 25.034478 ], [ 121.3000846, 25.0342239 ], [ 121.3001361, 25.0338724 ], [ 121.3002562, 25.0330523 ], [ 121.2944706, 25.0322833 ], [ 121.2941802, 25.0340457 ], [ 121.2941769, 25.0350127 ] ] ] } },
{ "type": "Feature", "properties": { "element": "way", "id": 188230259, "name": "pchome八德物流中心", "landuse": "industrial" }, "geometry": { "type": "Polygon", "coordinates": [ [ [ 121.2935969, 24.9403224 ], [ 121.2944038, 24.9406175 ], [ 121.2942931, 24.9408665 ], [ 121.2941733, 24.9410186 ], [ 121.2941139, 24.9414008 ], [ 121.2943742, 24.9415094 ], [ 121.2943234, 24.9417557 ], [ 121.2944039, 24.9418101 ], [ 121.2955306, 24.9422186 ], [ 121.2956187, 24.9422507 ], [ 121.2965547, 24.9426045 ], [ 121.2970348, 24.9426792 ], [ 121.2971232, 24.9424378 ], [ 121.2971659, 24.9422504 ], [ 121.2973537, 24.9422545 ], [ 121.2973755, 24.9421022 ], [ 121.2973985, 24.9415742 ], [ 121.2969121, 24.9414129 ], [ 121.2963196, 24.9412469 ], [ 121.2963726, 24.9411132 ], [ 121.296089, 24.941044 ], [ 121.2962089, 24.9407259 ], [ 121.294715, 24.9402071 ], [ 121.2947012, 24.9402509 ], [ 121.2936845, 24.9399282 ], [ 121.2935485, 24.9403086 ], [ 121.2935969, 24.9403224 ] ] ] } },
{ "type": "Feature", "properties": { "element": "way", "id": 202794443, "name": "基隆關稅局桃園分局", "landuse": "industrial" }, "geometry": { "type": "Polygon", "coordinates": [ [ [ 121.2688939, 24.9743595 ], [ 121.2685735, 24.9740048 ], [ 121.2684059, 24.9737753 ], [ 121.2693895, 24.9730891 ], [ 121.2693259, 24.9729215 ], [ 121.2691618, 24.9724818 ], [ 121.2690881, 24.9718009 ], [ 121.2689562, 24.9718074 ], [ 121.2686495, 24.9720014 ], [ 121.2686174, 24.9720208 ], [ 121.2685211, 24.9719011 ], [ 121.2679291, 24.9722891 ], [ 121.2677259, 24.9721069 ], [ 121.2674513, 24.9717901 ], [ 121.2673677, 24.9717243 ], [ 121.2669932, 24.9720864 ], [ 121.2653646, 24.9737461 ], [ 121.2647374, 24.9743722 ], [ 121.2660399, 24.9746984 ], [ 121.267359, 24.9751323 ], [ 121.2681277, 24.9754742 ], [ 121.2685773, 24.9746898 ], [ 121.2688939, 24.9743595 ] ] ] } },
{ "type": "Feature", "properties": { "element": "way", "id": 219667100, "name": "頭前溪隆恩堰引水分水工", "landuse": "industrial" }, "geometry": { "type": "Polygon", "coordinates": [ [ [ 121.026154, 24.7989701 ], [ 121.0262926, 24.7982566 ], [ 121.0270275, 24.7984327 ], [ 121.0270556, 24.7984744 ], [ 121.0270485, 24.7985791 ], [ 121.026154, 24.7989701 ] ] ] } },
{ "type": "Feature", "properties": { "element": "way", "id": 229624209, "name": "旭明光電新屋廠 / (舊)力太電子廠房", "landuse": "industrial" }, "geometry": { "type": "Polygon", "coordinates": [ [ [ 121.0904702, 24.9653071 ], [ 121.0910384, 24.965945 ], [ 121.0913603, 24.9656727 ], [ 121.0917465, 24.9653614 ], [ 121.0911354, 24.9648013 ], [ 121.0904702, 24.9653071 ] ] ] } },
{ "type": "Feature", "properties": { "element": "way", "id": 257026308, "name": null, "landuse": "industrial" }, "geometry": { "type": "Polygon", "coordinates": [ [ [ 121.0008861, 24.8017266 ], [ 121.0019454, 24.8012257 ], [ 121.0018629, 24.8017396 ], [ 121.0013745, 24.8018087 ], [ 121.0012619, 24.8018072 ], [ 121.0008861, 24.8017266 ] ] ] } },
{ "type": "Feature", "properties": { "element": "way", "id": 272519555, "name": "大潭濱海特定工業區", "landuse": "industrial" }, "geometry": { "type": "Polygon", "coordinates": [ [ [ 121.0452252, 25.0174557 ], [ 121.0466051, 25.0191831 ], [ 121.0503555, 25.0230059 ], [ 121.0521582, 25.0245342 ], [ 121.0548601, 25.0226229 ], [ 121.0557926, 25.0222248 ], [ 121.0570192, 25.022191 ], [ 121.0604382, 25.0257755 ], [ 121.0607927, 25.0262126 ], [ 121.0621789, 25.0256625 ], [ 121.061663, 25.0268341 ], [ 121.0613045, 25.0279981 ], [ 121.0609292, 25.0282318 ], [ 121.0599954, 25.0279773 ], [ 121.0596826, 25.028269 ], [ 121.0595066, 25.0282842 ], [ 121.0592563, 25.0282633 ], [ 121.0582217, 25.0291206 ], [ 121.0578868, 25.0292904 ], [ 121.0575559, 25.0300111 ], [ 121.0548181, 25.0319485 ], [ 121.0551165, 25.0322676 ], [ 121.0544949, 25.0328421 ], [ 121.0548513, 25.0335105 ], [ 121.0533304, 25.0348997 ], [ 121.051996, 25.0334016 ], [ 121.0516018, 25.0333295 ], [ 121.0478195, 25.0302371 ], [ 121.0460672, 25.0285272 ], [ 121.0446753, 25.0267323 ], [ 121.0430109, 25.025256 ], [ 121.0420526, 25.0242285 ], [ 121.0398197, 25.0216768 ], [ 121.0381788, 25.0199455 ], [ 121.0376032, 25.0192715 ], [ 121.0367329, 25.0185299 ], [ 121.0369691, 25.0181844 ], [ 121.0380839, 25.0179046 ], [ 121.0390163, 25.0178934 ], [ 121.0401021, 25.0175197 ], [ 121.0419773, 25.0162279 ], [ 121.0424629, 25.0162285 ], [ 121.044012, 25.0174672 ], [ 121.0445652, 25.0176868 ], [ 121.0452252, 25.0174557 ] ] ] } },
{ "type": "Feature", "properties": { "element": "way", "id": 272519557, "name": "竹科龍潭園區", "landuse": "industrial" }, "geometry": { "type": "Polygon", "coordinates": [ [ [ 121.1845113, 24.8884096 ], [ 121.1856715, 24.8884352 ], [ 121.1867332, 24.8888847 ], [ 121.1872641, 24.8889232 ], [ 121.1875634, 24.8884964 ], [ 121.1879528, 24.8881876 ], [ 121.1880958, 24.888595 ], [ 121.188469, 24.8887021 ], [ 121.1886818, 24.8892446 ], [ 121.1893351, 24.8891805 ], [ 121.1893095, 24.8883699 ], [ 121.1888961, 24.8876037 ], [ 121.1890875, 24.8867574 ], [ 121.1889762, 24.8860682 ], [ 121.1884529, 24.8854493 ], [ 121.1882712, 24.884772 ], [ 121.1875756, 24.8845954 ], [ 121.1875374, 24.8829465 ], [ 121.1879729, 24.8826388 ], [ 121.1882362, 24.882299 ], [ 121.1886473, 24.8820834 ], [ 121.1889172, 24.8817717 ], [ 121.1883987, 24.8801318 ], [ 121.1872647, 24.8784515 ], [ 121.1870801, 24.8780134 ], [ 121.186896, 24.877683 ], [ 121.1859051, 24.8766649 ], [ 121.1835421, 24.8784621 ], [ 121.1845113, 24.8884096 ] ] ] } },
{ "type": "Feature", "properties": { "element": "way", "id": 308351854, "name": "桃園科技工業園區", "landuse": "industrial" }, "geometry": { "type": "Polygon", "coordinates": [ [ [ 121.0803664, 25.0457814 ], [ 121.0813856, 25.0448094 ], [ 121.0820615, 25.0445664 ], [ 121.0833168, 25.0444692 ], [ 121.0837567, 25.044372 ], [ 121.0843253, 25.0440513 ], [ 121.0847974, 25.0438083 ], [ 121.0852694, 25.0437694 ], [ 121.0856664, 25.0438569 ], [ 121.0868466, 25.0449164 ], [ 121.0869753, 25.0454607 ], [ 121.0874384, 25.0464397 ], [ 121.0875455, 25.0465722 ], [ 121.0881308, 25.0472967 ], [ 121.0893879, 25.0481564 ], [ 121.0900904, 25.0485137 ], [ 121.090454, 25.0489826 ], [ 121.090608, 25.0491166 ], [ 121.0911688, 25.0489212 ], [ 121.0929681, 25.0505178 ], [ 121.0942806, 25.0512045 ], [ 121.0946442, 25.0515841 ], [ 121.0949708, 25.0524326 ], [ 121.0951248, 25.0525052 ], [ 121.095396, 25.0524549 ], [ 121.0956794, 25.0524549 ], [ 121.0962771, 25.052695 ], [ 121.0963572, 25.0525666 ], [ 121.0994568, 25.0547493 ], [ 121.0987112, 25.0568426 ], [ 121.0980487, 25.0582756 ], [ 121.0977723, 25.058283 ], [ 121.097569, 25.0580325 ], [ 121.0966908, 25.0569866 ], [ 121.0965201, 25.0569792 ], [ 121.0963737, 25.0570382 ], [ 121.0962436, 25.0571266 ], [ 121.0961542, 25.0571634 ], [ 121.0960322, 25.0571634 ], [ 121.0958777, 25.0570897 ], [ 121.0956989, 25.0569424 ], [ 121.0953248, 25.0561837 ], [ 121.0951297, 25.0560733 ], [ 121.0943898, 25.0559775 ], [ 121.0928286, 25.0561837 ], [ 121.0926986, 25.0561837 ], [ 121.0922839, 25.0558523 ], [ 121.0899584, 25.0546738 ], [ 121.0898283, 25.0543791 ], [ 121.0898121, 25.0539445 ], [ 121.087698, 25.051941 ], [ 121.0866166, 25.0517495 ], [ 121.085958, 25.0516464 ], [ 121.0846977, 25.0514917 ], [ 121.0846164, 25.0513591 ], [ 121.0846571, 25.050976 ], [ 121.0848359, 25.0506961 ], [ 121.0832179, 25.0494292 ], [ 121.0830959, 25.0492376 ], [ 121.0822828, 25.048722 ], [ 121.0819495, 25.048641 ], [ 121.0815754, 25.0488914 ], [ 121.0803395, 25.0480738 ], [ 121.0801037, 25.0481843 ], [ 121.0788516, 25.0472119 ], [ 121.0803664, 25.0457814 ] ] ] } },
{ "type": "Feature", "properties": { "element": "way", "id": 308352149, "name": "桃園環保科技園區", "landuse": "industrial" }, "geometry": { "type": "Polygon", "coordinates": [ [ [ 121.074749, 25.0435896 ], [ 121.0729497, 25.0420711 ], [ 121.0721116, 25.0412337 ], [ 121.0725183, 25.0408205 ], [ 121.0726903, 25.0401938 ], [ 121.0723951, 25.0389558 ], [ 121.0721979, 25.0381295 ], [ 121.0714338, 25.0372697 ], [ 121.0715571, 25.0368789 ], [ 121.0722472, 25.0361308 ], [ 121.0722595, 25.0354273 ], [ 121.0717997, 25.0347472 ], [ 121.0705958, 25.0336965 ], [ 121.0700535, 25.0334509 ], [ 121.0691045, 25.0329149 ], [ 121.0684637, 25.0335849 ], [ 121.0674161, 25.0334397 ], [ 121.0674284, 25.0332275 ], [ 121.0678721, 25.0328144 ], [ 121.067071, 25.0322672 ], [ 121.0660605, 25.0325464 ], [ 121.0636942, 25.0303465 ], [ 121.062696, 25.0303019 ], [ 121.0623632, 25.029978 ], [ 121.0625234, 25.0293415 ], [ 121.0620181, 25.0296095 ], [ 121.0613526, 25.028839 ], [ 121.0613552, 25.0284346 ], [ 121.0611684, 25.0283499 ], [ 121.0600756, 25.0281722 ], [ 121.0595806, 25.0284515 ], [ 121.0592558, 25.028436 ], [ 121.0584609, 25.0291549 ], [ 121.0586356, 25.0304263 ], [ 121.0588801, 25.0308881 ], [ 121.0587354, 25.0313705 ], [ 121.0578796, 25.0320512 ], [ 121.057263, 25.03161 ], [ 121.0567266, 25.0318821 ], [ 121.0556644, 25.0334667 ], [ 121.0553533, 25.0345554 ], [ 121.0547096, 25.0357219 ], [ 121.055482, 25.0363246 ], [ 121.0580677, 25.0372967 ], [ 121.0633355, 25.0398629 ], [ 121.0646123, 25.0400282 ], [ 121.0654706, 25.0392214 ], [ 121.0658675, 25.039581 ], [ 121.0657603, 25.0401156 ], [ 121.0668117, 25.0406211 ], [ 121.0679811, 25.0415057 ], [ 121.0682172, 25.0415154 ], [ 121.0694188, 25.0410585 ], [ 121.0697621, 25.0419722 ], [ 121.0704058, 25.0424388 ], [ 121.0714465, 25.0428082 ], [ 121.0720044, 25.0434497 ], [ 121.0740215, 25.0443828 ], [ 121.0749441, 25.0447619 ], [ 121.0753089, 25.0444314 ], [ 121.07503, 25.0435566 ], [ 121.074749, 25.0435896 ] ] ] } },
{ "type": "Feature", "properties": { "element": "way", "id": 308893264, "name": "新竹生物醫學園區", "landuse": "industrial" }, "geometry": { "type": "Polygon", "coordinates": [ [ [ 121.0438205, 24.8105863 ], [ 121.0441715, 24.810339 ], [ 121.0479266, 24.8076931 ], [ 121.0483352, 24.8071817 ], [ 121.049961, 24.8042381 ], [ 121.0461519, 24.8028741 ], [ 121.0459076, 24.8027485 ], [ 121.0457394, 24.8028071 ], [ 121.043853, 24.8046006 ], [ 121.0421192, 24.8056042 ], [ 121.0432013, 24.8099802 ], [ 121.0435895, 24.8103055 ], [ 121.0438205, 24.8105863 ] ] ] } },
{ "type": "Feature", "properties": { "element": "way", "id": 316529100, "name": "信通交通器材龍潭一廠", "landuse": "industrial" }, "geometry": { "type": "Polygon", "coordinates": [ [ [ 121.2108346, 24.8885743 ], [ 121.211642, 24.8884891 ], [ 121.2116956, 24.8890877 ], [ 121.2116688, 24.8897227 ], [ 121.2115025, 24.8897251 ], [ 121.2114971, 24.8898614 ], [ 121.2109339, 24.8898614 ], [ 121.2108346, 24.8885743 ] ] ] } },
{ "type": "Feature", "properties": { "element": "way", "id": 318506353, "name": "台灣中油 鑽探工程處", "landuse": "industrial" }, "geometry": { "type": "Polygon", "coordinates": [ [ [ 121.0936975, 24.7268199 ], [ 121.0955306, 24.7276861 ], [ 121.0961833, 24.7277953 ], [ 121.0968895, 24.7268686 ], [ 121.0976596, 24.7261871 ], [ 121.0978483, 24.7259737 ], [ 121.0980912, 24.7254229 ], [ 121.0981813, 24.7251335 ], [ 121.0982517, 24.7248706 ], [ 121.0981762, 24.7247701 ], [ 121.0981307, 24.7245136 ], [ 121.0980997, 24.7243776 ], [ 121.0981342, 24.7240441 ], [ 121.0981745, 24.7238175 ], [ 121.0981734, 24.7235289 ], [ 121.0979744, 24.7238566 ], [ 121.0977466, 24.7237355 ], [ 121.0981106, 24.7231558 ], [ 121.0981166, 24.7231153 ], [ 121.0969215, 24.7225986 ], [ 121.0966991, 24.7229786 ], [ 121.0962092, 24.7227525 ], [ 121.0936975, 24.7268199 ] ] ] } },
{ "type": "Feature", "properties": { "element": "way", "id": 318815795, "name": "台灣山葉機車新竹廠", "landuse": "industrial" }, "geometry": { "type": "Polygon", "coordinates": [ [ [ 121.0510159, 24.9164489 ], [ 121.0512446, 24.9163941 ], [ 121.0515262, 24.9163266 ], [ 121.0520713, 24.9172072 ], [ 121.0533193, 24.9189698 ], [ 121.0546682, 24.92088 ], [ 121.0543349, 24.920937 ], [ 121.0537756, 24.9206768 ], [ 121.0535814, 24.9205183 ], [ 121.0515641, 24.9203887 ], [ 121.0515936, 24.9202508 ], [ 121.0502434, 24.9201643 ], [ 121.0489444, 24.9200544 ], [ 121.0481555, 24.9198892 ], [ 121.0480022, 24.9197965 ], [ 121.0473802, 24.9196425 ], [ 121.0474401, 24.9192256 ], [ 121.0472772, 24.9191753 ], [ 121.0472998, 24.9190847 ], [ 121.0486962, 24.9189579 ], [ 121.0498606, 24.9187542 ], [ 121.0498712, 24.9186456 ], [ 121.0504363, 24.9186332 ], [ 121.0504386, 24.9181043 ], [ 121.0509015, 24.9168139 ], [ 121.0510159, 24.9164489 ] ] ] } },
{ "type": "Feature", "properties": { "element": "way", "id": 323405079, "name": "竹北市清潔隊", "landuse": "industrial" }, "geometry": { "type": "Polygon", "coordinates": [ [ [ 121.0151231, 24.8191997 ], [ 121.015756, 24.8189541 ], [ 121.0160316, 24.8195395 ], [ 121.0153987, 24.819785 ], [ 121.0151231, 24.8191997 ] ] ] } },
{ "type": "Feature", "properties": { "element": "way", "id": 323767379, "name": "東華合纖", "landuse": "industrial" }, "geometry": { "type": "Polygon", "coordinates": [ [ [ 120.9989233, 24.8514138 ], [ 120.9989367, 24.8515307 ], [ 121.0012715, 24.851579 ], [ 121.0034656, 24.8515948 ], [ 121.0041583, 24.8514384 ], [ 121.0044586, 24.8501148 ], [ 121.0042268, 24.8501738 ], [ 121.0041397, 24.8503317 ], [ 121.0031459, 24.8501797 ], [ 121.0031676, 24.8499211 ], [ 121.0035425, 24.8497749 ], [ 121.003807, 24.8492241 ], [ 121.0038353, 24.8491142 ], [ 121.0034687, 24.8491364 ], [ 121.0032645, 24.8491419 ], [ 121.0030338, 24.8491653 ], [ 121.0025842, 24.8491917 ], [ 121.0022702, 24.8492048 ], [ 121.0020317, 24.8492151 ], [ 121.0010456, 24.8492886 ], [ 121.0005731, 24.8497002 ], [ 121.0000412, 24.8499147 ], [ 120.9999145, 24.8500021 ], [ 120.9998047, 24.8501493 ], [ 120.9989233, 24.8514138 ] ] ] } },
{ "type": "Feature", "properties": { "element": "way", "id": 323768283, "name": null, "landuse": "industrial" }, "geometry": { "type": "Polygon", "coordinates": [ [ [ 120.9979498, 24.8506198 ], [ 120.9973114, 24.8498345 ], [ 120.9970898, 24.849562 ], [ 120.9969851, 24.8494331 ], [ 120.9969432, 24.8493816 ], [ 120.9963517, 24.8481735 ], [ 120.9966838, 24.8478339 ], [ 120.9973783, 24.8473354 ], [ 120.9980811, 24.8468716 ], [ 120.9984647, 24.846718 ], [ 120.9985902, 24.846683 ], [ 120.9989859, 24.8465728 ], [ 120.999675, 24.8465131 ], [ 121.0000156, 24.8465598 ], [ 121.0016928, 24.8467271 ], [ 121.0019042, 24.8466427 ], [ 121.0024653, 24.8464473 ], [ 121.0028922, 24.846304 ], [ 121.0029336, 24.846736 ], [ 121.0028272, 24.8470721 ], [ 121.0027144, 24.8473561 ], [ 121.0023482, 24.847727 ], [ 121.0018881, 24.8477727 ], [ 121.0019658, 24.8490944 ], [ 121.0010111, 24.8491388 ], [ 120.9998148, 24.849191 ], [ 120.9998471, 24.8499195 ], [ 120.9993648, 24.8505658 ], [ 120.9988179, 24.8513571 ], [ 120.9986878, 24.8514959 ], [ 120.9977623, 24.851659 ], [ 120.9970356, 24.8515098 ], [ 120.9970278, 24.851141 ], [ 120.9979727, 24.8510684 ], [ 120.9979498, 24.8506198 ] ] ] } },
{ "type": "Feature", "properties": { "element": "way", "id": 323769377, "name": null, "landuse": "industrial" }, "geometry": { "type": "Polygon", "coordinates": [ [ [ 121.0074673, 24.8492142 ], [ 121.0064436, 24.8479557 ], [ 121.005808, 24.8474687 ], [ 121.0059287, 24.84655 ], [ 121.0061908, 24.8456365 ], [ 121.0066721, 24.8455324 ], [ 121.0066601, 24.8453246 ], [ 121.0063545, 24.8453501 ], [ 121.0062465, 24.8449052 ], [ 121.0061994, 24.8447066 ], [ 121.0062819, 24.8446137 ], [ 121.0063746, 24.8447294 ], [ 121.0067925, 24.8449907 ], [ 121.0072569, 24.8452941 ], [ 121.0076099, 24.8455723 ], [ 121.0078512, 24.8455183 ], [ 121.0082823, 24.8451161 ], [ 121.0084536, 24.8449877 ], [ 121.0087407, 24.8448325 ], [ 121.0094466, 24.8457389 ], [ 121.0109063, 24.8477196 ], [ 121.0123917, 24.8465123 ], [ 121.0131499, 24.8458001 ], [ 121.0131504, 24.8464111 ], [ 121.0125402, 24.847283 ], [ 121.0134427, 24.8482085 ], [ 121.0134248, 24.8488409 ], [ 121.0133004, 24.849391 ], [ 121.013192, 24.8498413 ], [ 121.0131756, 24.849846 ], [ 121.0127378, 24.8499725 ], [ 121.011407, 24.8492524 ], [ 121.0111961, 24.8491188 ], [ 121.0103809, 24.8482901 ], [ 121.0090423, 24.849032 ], [ 121.0085938, 24.8491552 ], [ 121.008136, 24.8492189 ], [ 121.0074673, 24.8492142 ] ] ] } },
{ "type": "Feature", "properties": { "element": "way", "id": 323769378, "name": "南茂科技 竹北一廠", "landuse": "industrial" }, "geometry": { "type": "Polygon", "coordinates": [ [ [ 121.0087363, 24.8403551 ], [ 121.0094717, 24.8399714 ], [ 121.0101825, 24.8409946 ], [ 121.0095268, 24.8413727 ], [ 121.0093185, 24.8411045 ], [ 121.0087363, 24.8403551 ] ] ] } },
{ "type": "Feature", "properties": { "element": "way", "id": 323769379, "name": "聯合科技大樓", "landuse": "industrial" }, "geometry": { "type": "Polygon", "coordinates": [ [ [ 121.0087363, 24.8403551 ], [ 121.0079672, 24.840831 ], [ 121.0085304, 24.8416027 ], [ 121.0093185, 24.8411045 ], [ 121.0087363, 24.8403551 ] ] ] } },
{ "type": "Feature", "properties": { "element": "way", "id": 323770944, "name": "台元紡織 竹北廠", "landuse": "industrial" }, "geometry": { "type": "Polygon", "coordinates": [ [ [ 121.0120828, 24.8390456 ], [ 121.0124799, 24.8387982 ], [ 121.0131956, 24.838861 ], [ 121.0134374, 24.8392434 ], [ 121.0150225, 24.8384017 ], [ 121.0152228, 24.838349 ], [ 121.0154095, 24.8384747 ], [ 121.0157424, 24.838939 ], [ 121.0159303, 24.8391946 ], [ 121.0164043, 24.839823 ], [ 121.0153628, 24.8404682 ], [ 121.0139098, 24.841379 ], [ 121.0131761, 24.8404703 ], [ 121.0128093, 24.8400121 ], [ 121.0120828, 24.8390456 ] ] ] } },
{ "type": "Feature", "properties": { "element": "way", "id": 323770945, "name": "台元科技園區", "landuse": "industrial" }, "geometry": { "type": "Polygon", "coordinates": [ [ [ 121.0120828, 24.8390456 ], [ 121.0110025, 24.8396375 ], [ 121.0128753, 24.8421251 ], [ 121.0132174, 24.8419396 ], [ 121.0136498, 24.842535 ], [ 121.0134541, 24.8426465 ], [ 121.0140122, 24.8434285 ], [ 121.0155144, 24.8435533 ], [ 121.0162453, 24.8435533 ], [ 121.0170031, 24.8436597 ], [ 121.017297, 24.8434921 ], [ 121.0177555, 24.8431764 ], [ 121.018098, 24.8428925 ], [ 121.0185943, 24.8424936 ], [ 121.0190473, 24.8420873 ], [ 121.0194977, 24.8416615 ], [ 121.0198402, 24.8415881 ], [ 121.0201638, 24.841316 ], [ 121.020207, 24.8412797 ], [ 121.0206223, 24.8411059 ], [ 121.0207483, 24.8410852 ], [ 121.0208462, 24.8410692 ], [ 121.020865, 24.8403937 ], [ 121.0204071, 24.8395931 ], [ 121.0200857, 24.8394436 ], [ 121.0197324, 24.8396302 ], [ 121.0191903, 24.838808 ], [ 121.0187137, 24.8390815 ], [ 121.0181953, 24.838384 ], [ 121.0169583, 24.8385991 ], [ 121.0161328, 24.8390457 ], [ 121.0163715, 24.8393862 ], [ 121.0165702, 24.8392884 ], [ 121.0167829, 24.8395784 ], [ 121.0164043, 24.839823 ], [ 121.0153628, 24.8404682 ], [ 121.0139098, 24.841379 ], [ 121.0131761, 24.8404703 ], [ 121.0128093, 24.8400121 ], [ 121.0120828, 24.8390456 ] ] ] } },
{ "type": "Feature", "properties": { "element": "way", "id": 323770946, "name": null, "landuse": "industrial" }, "geometry": { "type": "Polygon", "coordinates": [ [ [ 121.0228097, 24.8458809 ], [ 121.0223894, 24.8466107 ], [ 121.0216423, 24.8472511 ], [ 121.0212739, 24.8476089 ], [ 121.0187107, 24.8482021 ], [ 121.0159763, 24.8491014 ], [ 121.014098, 24.8497276 ], [ 121.0142692, 24.8489696 ], [ 121.0143989, 24.8483575 ], [ 121.0144716, 24.8473499 ], [ 121.013797, 24.8454572 ], [ 121.0140409, 24.8451605 ], [ 121.0142018, 24.8445202 ], [ 121.0149077, 24.8441056 ], [ 121.0149968, 24.8444232 ], [ 121.0155947, 24.8442382 ], [ 121.0162565, 24.8443695 ], [ 121.0168324, 24.8442612 ], [ 121.0171222, 24.8442378 ], [ 121.0173496, 24.8444105 ], [ 121.0182421, 24.8438257 ], [ 121.0180235, 24.843737 ], [ 121.0176317, 24.8439484 ], [ 121.0172371, 24.8436868 ], [ 121.0180517, 24.8431594 ], [ 121.0185402, 24.842729 ], [ 121.0186453, 24.8426185 ], [ 121.0189154, 24.8423341 ], [ 121.0195466, 24.8427655 ], [ 121.0202031, 24.8421393 ], [ 121.0207057, 24.8418339 ], [ 121.0205351, 24.843826 ], [ 121.0197024, 24.8441265 ], [ 121.0194865, 24.84417 ], [ 121.019255, 24.8444722 ], [ 121.0195691, 24.8444302 ], [ 121.020013, 24.8447194 ], [ 121.0200491, 24.844743 ], [ 121.0204222, 24.8445739 ], [ 121.0209262, 24.8447321 ], [ 121.0218861, 24.8453206 ], [ 121.0219445, 24.845356 ], [ 121.0228097, 24.8458809 ] ] ] } },
{ "type": "Feature", "properties": { "element": "way", "id": 323776953, "name": "南港輪胎 新豐廠", "landuse": "industrial" }, "geometry": { "type": "Polygon", "coordinates": [ [ [ 121.0057451, 24.8783409 ], [ 121.0035562, 24.8796145 ], [ 121.0021939, 24.8780686 ], [ 121.0009331, 24.8789484 ], [ 120.9991136, 24.8772432 ], [ 121.0008551, 24.8757375 ], [ 121.0007819, 24.8756354 ], [ 121.0013765, 24.8755632 ], [ 121.0016432, 24.8755873 ], [ 121.0020738, 24.8760157 ], [ 121.0023693, 24.8760283 ], [ 121.0025679, 24.8761791 ], [ 121.0030851, 24.8758439 ], [ 121.0032422, 24.8757978 ], [ 121.0036412, 24.8760743 ], [ 121.0044849, 24.8768322 ], [ 121.0057451, 24.8783409 ] ] ] } },
{ "type": "Feature", "properties": { "element": "way", "id": 323776954, "name": "台灣電容器 新豐廠", "landuse": "industrial" }, "geometry": { "type": "Polygon", "coordinates": [ [ [ 121.0020738, 24.8760157 ], [ 121.0016432, 24.8755873 ], [ 121.001201, 24.8752616 ], [ 121.0010486, 24.8749515 ], [ 121.0013672, 24.8743482 ], [ 121.0017598, 24.874696 ], [ 121.0018853, 24.8745972 ], [ 121.0032422, 24.8757978 ], [ 121.0030851, 24.8758439 ], [ 121.0025679, 24.8761791 ], [ 121.0023693, 24.8760283 ], [ 121.0020738, 24.8760157 ] ] ] } },
{ "type": "Feature", "properties": { "element": "way", "id": 326700680, "name": "遠東新世紀公司湖口廠", "landuse": "industrial" }, "geometry": { "type": "Polygon", "coordinates": [ [ [ 121.0446738, 24.9120013 ], [ 121.0449484, 24.911897 ], [ 121.0454949, 24.911632 ], [ 121.0455531, 24.9118673 ], [ 121.0454789, 24.9120977 ], [ 121.0456829, 24.9122025 ], [ 121.0460374, 24.9124956 ], [ 121.0464301, 24.9126052 ], [ 121.0464615, 24.9125428 ], [ 121.04644, 24.9124618 ], [ 121.0466736, 24.9122052 ], [ 121.0467059, 24.9120256 ], [ 121.0476162, 24.9122351 ], [ 121.0478412, 24.9122305 ], [ 121.0481756, 24.9113722 ], [ 121.048046, 24.9112639 ], [ 121.0479056, 24.9109628 ], [ 121.0482983, 24.9108647 ], [ 121.0483246, 24.9109537 ], [ 121.0484507, 24.9109085 ], [ 121.050764, 24.9148482 ], [ 121.0497151, 24.9153303 ], [ 121.0493712, 24.9153008 ], [ 121.0486911, 24.9153193 ], [ 121.0487645, 24.9151661 ], [ 121.0484523, 24.9152539 ], [ 121.0483038, 24.9152628 ], [ 121.0481792, 24.915233 ], [ 121.0479823, 24.9148491 ], [ 121.0476057, 24.9152262 ], [ 121.0471076, 24.9155081 ], [ 121.0465869, 24.9142389 ], [ 121.0465284, 24.9142601 ], [ 121.0465389, 24.9144279 ], [ 121.0464605, 24.9145251 ], [ 121.0463776, 24.9144219 ], [ 121.0462754, 24.9143271 ], [ 121.0454732, 24.913584 ], [ 121.0453785, 24.9134674 ], [ 121.0453406, 24.9133886 ], [ 121.0446738, 24.9120013 ] ] ] } },
{ "type": "Feature", "properties": { "element": "way", "id": 327708854, "name": "新竹縣國際AI智慧園區", "landuse": "industrial" }, "geometry": { "type": "Polygon", "coordinates": [ [ [ 121.0208129, 24.8286887 ], [ 121.021684, 24.8310193 ], [ 121.0234476, 24.8301744 ], [ 121.0241481, 24.8297639 ], [ 121.0235622, 24.8286046 ], [ 121.0253186, 24.8278302 ], [ 121.0252949, 24.8277804 ], [ 121.0249165, 24.8269868 ], [ 121.0249076, 24.826968 ], [ 121.0248659, 24.8268798 ], [ 121.0208129, 24.8286887 ] ] ] } },
{ "type": "Feature", "properties": { "element": "way", "id": 327708855, "name": "緯創資通 竹北AI二廠", "landuse": "industrial" }, "geometry": { "type": "Polygon", "coordinates": [ [ [ 121.0241798, 24.8323777 ], [ 121.0239193, 24.8306081 ], [ 121.0232295, 24.8307423 ], [ 121.0234698, 24.8302557 ], [ 121.0250136, 24.8295229 ], [ 121.0254571, 24.8304259 ], [ 121.025469, 24.8306114 ], [ 121.0256646, 24.8308831 ], [ 121.0253359, 24.8311861 ], [ 121.0255297, 24.8313742 ], [ 121.0250333, 24.8318083 ], [ 121.0242777, 24.8324403 ], [ 121.0241798, 24.8323777 ] ] ] } },
{ "type": "Feature", "properties": { "element": "way", "id": 327708857, "name": "中國砂輪企業 竹北廠", "landuse": "industrial" }, "geometry": { "type": "Polygon", "coordinates": [ [ [ 121.0259973, 24.8310857 ], [ 121.0261898, 24.83127 ], [ 121.0264905, 24.8309612 ], [ 121.0266567, 24.8310905 ], [ 121.0268229, 24.8309851 ], [ 121.0269258, 24.8314352 ], [ 121.0269442, 24.8318373 ], [ 121.026902, 24.8320815 ], [ 121.0265064, 24.8323592 ], [ 121.0256834, 24.8314065 ], [ 121.0259973, 24.8310857 ] ] ] } },
{ "type": "Feature", "properties": { "element": "way", "id": 327709580, "name": "昌益科技產發園區", "landuse": "industrial" }, "geometry": { "type": "Polygon", "coordinates": [ [ [ 121.0058731, 24.8440416 ], [ 121.0057894, 24.8437972 ], [ 121.0059703, 24.843694 ], [ 121.0061917, 24.84379 ], [ 121.0067683, 24.8435297 ], [ 121.0057986, 24.8418769 ], [ 121.0078471, 24.8408114 ], [ 121.0084875, 24.8417072 ], [ 121.009273, 24.8412414 ], [ 121.0095063, 24.8415308 ], [ 121.0102413, 24.8410438 ], [ 121.012557, 24.8438986 ], [ 121.0130244, 24.8449869 ], [ 121.0132605, 24.8456297 ], [ 121.0123917, 24.8465123 ], [ 121.0109063, 24.8477196 ], [ 121.0094466, 24.8457389 ], [ 121.0087407, 24.8448325 ], [ 121.0085756, 24.8446694 ], [ 121.0084884, 24.8446691 ], [ 121.008434, 24.8446967 ], [ 121.0083177, 24.84485 ], [ 121.0082648, 24.8450314 ], [ 121.0077962, 24.845458 ], [ 121.0070294, 24.8448911 ], [ 121.0074674, 24.8444869 ], [ 121.0070018, 24.8439113 ], [ 121.0066126, 24.8440645 ], [ 121.0062521, 24.8440835 ], [ 121.0060692, 24.8442414 ], [ 121.0058731, 24.8440416 ] ] ] } },
{ "type": "Feature", "properties": { "element": "way", "id": 327709581, "name": "致伸科技 台灣創新中心", "landuse": "industrial" }, "geometry": { "type": "Polygon", "coordinates": [ [ [ 121.006244, 24.8441112 ], [ 121.0064759, 24.8445883 ], [ 121.0069959, 24.8448831 ], [ 121.0074396, 24.8444836 ], [ 121.0069966, 24.8439424 ], [ 121.0066084, 24.8440873 ], [ 121.006244, 24.8441112 ] ] ] } },
{ "type": "Feature", "properties": { "element": "way", "id": 327713106, "name": "欣興電子新豐廠", "landuse": "industrial" }, "geometry": { "type": "Polygon", "coordinates": [ [ [ 121.0115792, 24.8847718 ], [ 121.0109335, 24.8841597 ], [ 121.0104905, 24.8837325 ], [ 121.0100895, 24.8840053 ], [ 121.0096375, 24.8841306 ], [ 121.0092824, 24.884253 ], [ 121.0090926, 24.8844072 ], [ 121.0088677, 24.8848253 ], [ 121.0086849, 24.885043 ], [ 121.0082661, 24.8855415 ], [ 121.0079142, 24.8857674 ], [ 121.0074636, 24.8858112 ], [ 121.0070198, 24.8859743 ], [ 121.006583, 24.8862773 ], [ 121.0064759, 24.8863281 ], [ 121.0067669, 24.8868951 ], [ 121.0068895, 24.8871035 ], [ 121.0071682, 24.8874259 ], [ 121.0073536, 24.8873628 ], [ 121.0084625, 24.8868457 ], [ 121.0090577, 24.886607 ], [ 121.0095714, 24.8863171 ], [ 121.0115792, 24.8847718 ] ] ] } },
{ "type": "Feature", "properties": { "element": "way", "id": 327713107, "name": "輝瑞生技 新竹廠", "landuse": "industrial" }, "geometry": { "type": "Polygon", "coordinates": [ [ [ 121.0111627, 24.8852487 ], [ 121.0120336, 24.8862205 ], [ 121.0126475, 24.8868059 ], [ 121.0120148, 24.88684 ], [ 121.0118143, 24.8870105 ], [ 121.0118018, 24.8879709 ], [ 121.0114823, 24.8879312 ], [ 121.0110187, 24.8876356 ], [ 121.0105613, 24.8873515 ], [ 121.0099787, 24.887306 ], [ 121.0092394, 24.8873458 ], [ 121.0076731, 24.8874026 ], [ 121.0087507, 24.8869196 ], [ 121.0094461, 24.8865899 ], [ 121.0102543, 24.8859591 ], [ 121.0111627, 24.8852487 ] ] ] } },
{ "type": "Feature", "properties": { "element": "way", "id": 327713108, "name": "億聲工業", "landuse": "industrial" }, "geometry": { "type": "Polygon", "coordinates": [ [ [ 121.0111941, 24.8852316 ], [ 121.0124659, 24.8842484 ], [ 121.0135936, 24.8850157 ], [ 121.0140482, 24.8855441 ], [ 121.0137773, 24.8858025 ], [ 121.013231, 24.8863108 ], [ 121.0127187, 24.8868358 ], [ 121.0111941, 24.8852316 ] ] ] } },
{ "type": "Feature", "properties": { "element": "way", "id": 327713109, "name": "清惠光電", "landuse": "industrial" }, "geometry": { "type": "Polygon", "coordinates": [ [ [ 121.0128528, 24.8867852 ], [ 121.0141462, 24.885561 ], [ 121.0149961, 24.8863701 ], [ 121.0145852, 24.8867683 ], [ 121.0128528, 24.8867852 ] ] ] } },
{ "type": "Feature", "properties": { "element": "way", "id": 327713110, "name": "士林電機 新豐廠", "landuse": "industrial" }, "geometry": { "type": "Polygon", "coordinates": [ [ [ 121.0172995, 24.887587 ], [ 121.0169653, 24.8876433 ], [ 121.016865, 24.8879638 ], [ 121.0165261, 24.8880288 ], [ 121.015977, 24.8884792 ], [ 121.0167648, 24.8889556 ], [ 121.0163208, 24.8893887 ], [ 121.0167886, 24.8910734 ], [ 121.017013, 24.8910257 ], [ 121.0181827, 24.8891591 ], [ 121.0189848, 24.8886568 ], [ 121.0172995, 24.887587 ] ] ] } },
{ "type": "Feature", "properties": { "element": "way", "id": 327751443, "name": "號誌繼電器室", "landuse": "industrial" }, "geometry": { "type": "Polygon", "coordinates": [ [ [ 121.0555613, 24.9217056 ], [ 121.0557312, 24.9216033 ], [ 121.0556022, 24.9214273 ], [ 121.0554324, 24.9215297 ], [ 121.0555613, 24.9217056 ] ] ] } },
{ "type": "Feature", "properties": { "element": "way", "id": 329124287, "name": "亞通客運龍潭站", "landuse": "industrial" }, "geometry": { "type": "Polygon", "coordinates": [ [ [ 121.2110224, 24.864885 ], [ 121.2108698, 24.86481 ], [ 121.210792, 24.8648259 ], [ 121.2107269, 24.8648629 ], [ 121.2106754, 24.8649326 ], [ 121.2106686, 24.8650076 ], [ 121.2104858, 24.8650825 ], [ 121.2104829, 24.8652007 ], [ 121.2109796, 24.8651888 ], [ 121.2111138, 24.8651954 ], [ 121.2110224, 24.864885 ] ] ] } },
{ "type": "Feature", "properties": { "element": "way", "id": 330314080, "name": "台灣中油", "landuse": "industrial" }, "geometry": { "type": "Polygon", "coordinates": [ [ [ 121.2824619, 24.9294849 ], [ 121.2828111, 24.929486 ], [ 121.2827199, 24.9292476 ], [ 121.2826984, 24.9292063 ], [ 121.2826743, 24.929199 ], [ 121.2826394, 24.9291941 ], [ 121.2824624, 24.9291963 ], [ 121.2824619, 24.9294849 ] ] ] } },
{ "type": "Feature", "properties": { "element": "way", "id": 330480495, "name": null, "landuse": "industrial" }, "geometry": { "type": "Polygon", "coordinates": [ [ [ 121.0048186, 24.851498 ], [ 121.0074508, 24.8516231 ], [ 121.0075007, 24.8512004 ], [ 121.0069192, 24.8511566 ], [ 121.0066574, 24.8512831 ], [ 121.0062629, 24.8511071 ], [ 121.0056319, 24.8510595 ], [ 121.0048773, 24.8507288 ], [ 121.0048186, 24.851498 ] ] ] } },
{ "type": "Feature", "properties": { "element": "way", "id": 330879487, "name": "通盈通運", "landuse": "industrial" }, "geometry": { "type": "Polygon", "coordinates": [ [ [ 121.0053512, 24.8496363 ], [ 121.0056852, 24.8494164 ], [ 121.0058825, 24.8492044 ], [ 121.0049982, 24.8490945 ], [ 121.0049809, 24.8491966 ], [ 121.0053512, 24.8496363 ] ] ] } },
{ "type": "Feature", "properties": { "element": "way", "id": 330880724, "name": "大享容器工業", "landuse": "industrial" }, "geometry": { "type": "Polygon", "coordinates": [ [ [ 121.0273425, 24.8341921 ], [ 121.0273775, 24.834415 ], [ 121.0274654, 24.8346322 ], [ 121.0269506, 24.8350213 ], [ 121.027285, 24.8358934 ], [ 121.0276678, 24.835224 ], [ 121.0277322, 24.8352027 ], [ 121.0285948, 24.8357383 ], [ 121.0281741, 24.8366027 ], [ 121.0280337, 24.8371653 ], [ 121.0279247, 24.8372124 ], [ 121.0280503, 24.83807 ], [ 121.0279221, 24.838527 ], [ 121.0271325, 24.8385896 ], [ 121.0269646, 24.8375351 ], [ 121.0271367, 24.8366027 ], [ 121.0268943, 24.8364516 ], [ 121.0267206, 24.8354797 ], [ 121.0266374, 24.8342963 ], [ 121.0267171, 24.8341966 ], [ 121.0273262, 24.8340853 ], [ 121.0273425, 24.8341921 ] ] ] } },
{ "type": "Feature", "properties": { "element": "way", "id": 333542495, "name": "華映", "landuse": "industrial" }, "geometry": { "type": "Polygon", "coordinates": [ [ [ 121.1894162, 24.857115 ], [ 121.187995, 24.855747 ], [ 121.1860553, 24.8545969 ], [ 121.1868619, 24.8531157 ], [ 121.187198, 24.8533771 ], [ 121.1875533, 24.8533683 ], [ 121.1882447, 24.8538127 ], [ 121.1884752, 24.8543791 ], [ 121.1890513, 24.8546056 ], [ 121.1891954, 24.8544836 ], [ 121.1888593, 24.853804 ], [ 121.1891377, 24.8533335 ], [ 121.1899453, 24.8539262 ], [ 121.1899924, 24.8539608 ], [ 121.1916344, 24.8553201 ], [ 121.1921626, 24.8552852 ], [ 121.1935549, 24.8562698 ], [ 121.1939198, 24.8564179 ], [ 121.1941407, 24.8567665 ], [ 121.1952258, 24.857115 ], [ 121.1937278, 24.8587617 ], [ 121.1903765, 24.8565835 ], [ 121.1897619, 24.8572021 ], [ 121.1894162, 24.857115 ] ] ] } },
{ "type": "Feature", "properties": { "element": "way", "id": 338444983, "name": "渴望工業區", "landuse": "industrial" }, "geometry": { "type": "Polygon", "coordinates": [ [ [ 121.1884193, 24.8422844 ], [ 121.1887989, 24.8422054 ], [ 121.1892102, 24.8429446 ], [ 121.1912348, 24.8441073 ], [ 121.1907286, 24.8447388 ], [ 121.1913455, 24.8457435 ], [ 121.1913534, 24.8460306 ], [ 121.1906654, 24.8464899 ], [ 121.1900485, 24.8472506 ], [ 121.1887515, 24.8472578 ], [ 121.1862998, 24.8491882 ], [ 121.1861021, 24.8499202 ], [ 121.1857462, 24.8502432 ], [ 121.184309, 24.8493842 ], [ 121.1842318, 24.8496042 ], [ 121.1848446, 24.8504154 ], [ 121.1845125, 24.8509034 ], [ 121.1832787, 24.8511976 ], [ 121.180487, 24.8497624 ], [ 121.1808033, 24.8488151 ], [ 121.1810248, 24.8485137 ], [ 121.1828042, 24.8499059 ], [ 121.1841566, 24.8487218 ], [ 121.1856672, 24.8470932 ], [ 121.1856319, 24.8467725 ], [ 121.1830429, 24.8469409 ], [ 121.1831224, 24.8464357 ], [ 121.1846808, 24.8464474 ], [ 121.1854375, 24.8461791 ], [ 121.1865133, 24.8455928 ], [ 121.1873912, 24.8436408 ], [ 121.1884193, 24.8422844 ] ] ] } },
{ "type": "Feature", "properties": { "element": "way", "id": 344487390, "name": "中興化纖", "landuse": "industrial" }, "geometry": { "type": "Polygon", "coordinates": [ [ [ 121.1279725, 24.9039194 ], [ 121.1285864, 24.90285 ], [ 121.128005, 24.9024555 ], [ 121.1295133, 24.8994981 ], [ 121.1301841, 24.8998152 ], [ 121.1300337, 24.9001618 ], [ 121.1311151, 24.9004863 ], [ 121.131729, 24.9008735 ], [ 121.1316395, 24.901021 ], [ 121.1318916, 24.9011353 ], [ 121.1319892, 24.9010358 ], [ 121.1321518, 24.9011501 ], [ 121.1321518, 24.9012755 ], [ 121.1321599, 24.9013308 ], [ 121.1323144, 24.9013861 ], [ 121.1324323, 24.9013308 ], [ 121.1325502, 24.9014193 ], [ 121.1324811, 24.9015852 ], [ 121.1326803, 24.9017253 ], [ 121.132847, 24.901718 ], [ 121.1329974, 24.9017954 ], [ 121.1333633, 24.901777 ], [ 121.1335137, 24.9017106 ], [ 121.1335625, 24.9020314 ], [ 121.1330218, 24.9030233 ], [ 121.1328714, 24.9030602 ], [ 121.1327575, 24.9032557 ], [ 121.1324892, 24.9037535 ], [ 121.1318509, 24.9035322 ], [ 121.13178, 24.9035774 ], [ 121.1313143, 24.9035212 ], [ 121.1312127, 24.9035617 ], [ 121.1310826, 24.9035912 ], [ 121.1309695, 24.9039202 ], [ 121.1308737, 24.9039647 ], [ 121.1304861, 24.9038482 ], [ 121.1302223, 24.9039922 ], [ 121.1300005, 24.9040494 ], [ 121.1298741, 24.9038617 ], [ 121.1296091, 24.9037275 ], [ 121.1292871, 24.9036311 ], [ 121.1289561, 24.9041896 ], [ 121.1288697, 24.9043353 ], [ 121.1279725, 24.9039194 ] ] ] } },
{ "type": "Feature", "properties": { "element": "way", "id": 347792034, "name": null, "landuse": "industrial" }, "geometry": { "type": "Polygon", "coordinates": [ [ [ 121.230701, 25.0164865 ], [ 121.2312065, 25.0167642 ], [ 121.2312857, 25.0166457 ], [ 121.2316102, 25.0168239 ], [ 121.2317394, 25.0166307 ], [ 121.2312812, 25.016379 ], [ 121.2309095, 25.0161749 ], [ 121.230701, 25.0164865 ] ] ] } },
{ "type": "Feature", "properties": { "element": "way", "id": 360086285, "name": null, "landuse": "industrial" }, "geometry": { "type": "Polygon", "coordinates": [ [ [ 121.2273007, 25.0270312 ], [ 121.2274885, 25.0265646 ], [ 121.2279418, 25.0267177 ], [ 121.227754, 25.0271855 ], [ 121.2273007, 25.0270312 ] ] ] } },
{ "type": "Feature", "properties": { "element": "way", "id": 360086286, "name": null, "landuse": "industrial" }, "geometry": { "type": "Polygon", "coordinates": [ [ [ 121.2286512, 25.0276291 ], [ 121.2277782, 25.0273034 ], [ 121.2278264, 25.0271953 ], [ 121.2287062, 25.0274893 ], [ 121.2286512, 25.0276291 ] ] ] } },
{ "type": "Feature", "properties": { "element": "way", "id": 360086314, "name": null, "landuse": "industrial" }, "geometry": { "type": "Polygon", "coordinates": [ [ [ 121.2228389, 25.02558 ], [ 121.2223977, 25.0254256 ], [ 121.2230561, 25.0251048 ], [ 121.2232251, 25.0250429 ], [ 121.2232372, 25.0250635 ], [ 121.2230763, 25.0251814 ], [ 121.2229073, 25.0254196 ], [ 121.2228389, 25.02558 ] ] ] } },
{ "type": "Feature", "properties": { "element": "way", "id": 360088496, "name": null, "landuse": "industrial" }, "geometry": { "type": "Polygon", "coordinates": [ [ [ 121.2214032, 25.0291474 ], [ 121.2205315, 25.0288436 ], [ 121.2206522, 25.0285544 ], [ 121.2215212, 25.0288534 ], [ 121.2214032, 25.0291474 ] ] ] } },
{ "type": "Feature", "properties": { "element": "way", "id": 360088497, "name": null, "landuse": "industrial" }, "geometry": { "type": "Polygon", "coordinates": [ [ [ 121.2204644, 25.0288266 ], [ 121.219751, 25.028569 ], [ 121.2199575, 25.0282871 ], [ 121.2205986, 25.0285082 ], [ 121.2204644, 25.0288266 ] ] ] } },
{ "type": "Feature", "properties": { "element": "way", "id": 360088543, "name": null, "landuse": "industrial" }, "geometry": { "type": "Polygon", "coordinates": [ [ [ 121.2245008, 25.0283334 ], [ 121.2239831, 25.0281596 ], [ 121.2239973, 25.028126 ], [ 121.2241394, 25.0280416 ], [ 121.2243835, 25.0279128 ], [ 121.2244402, 25.0278663 ], [ 121.224659, 25.0279397 ], [ 121.2245008, 25.0283334 ] ] ] } },
{ "type": "Feature", "properties": { "element": "way", "id": 360140521, "name": null, "landuse": "industrial" }, "geometry": { "type": "Polygon", "coordinates": [ [ [ 121.2325851, 25.0261644 ], [ 121.2324738, 25.0261535 ], [ 121.2325113, 25.0255082 ], [ 121.2330558, 25.0256091 ], [ 121.2330344, 25.0256735 ], [ 121.2330062, 25.0257439 ], [ 121.23286, 25.0260684 ], [ 121.2327165, 25.0261753 ], [ 121.2325851, 25.0261644 ] ] ] } },
{ "type": "Feature", "properties": { "element": "way", "id": 360268689, "name": null, "landuse": "industrial" }, "geometry": { "type": "Polygon", "coordinates": [ [ [ 121.2277127, 25.0246661 ], [ 121.2272134, 25.0245935 ], [ 121.2272697, 25.0242922 ], [ 121.227548, 25.0243374 ], [ 121.2275181, 25.0244928 ], [ 121.2277393, 25.0245278 ], [ 121.2277127, 25.0246661 ] ] ] } },
{ "type": "Feature", "properties": { "element": "way", "id": 360268703, "name": null, "landuse": "industrial" }, "geometry": { "type": "Polygon", "coordinates": [ [ [ 121.2285791, 25.026137 ], [ 121.2283139, 25.0260972 ], [ 121.2281691, 25.0259402 ], [ 121.2286044, 25.0260016 ], [ 121.2285791, 25.026137 ] ] ] } },
{ "type": "Feature", "properties": { "element": "way", "id": 360268743, "name": null, "landuse": "industrial" }, "geometry": { "type": "Polygon", "coordinates": [ [ [ 121.2374798, 25.0209909 ], [ 121.236474, 25.020794 ], [ 121.2341399, 25.0254222 ], [ 121.2356152, 25.0260347 ], [ 121.2357099, 25.0258429 ], [ 121.235481, 25.0257471 ], [ 121.2354842, 25.025634 ], [ 121.2355768, 25.0254031 ], [ 121.2356277, 25.0252269 ], [ 121.2358021, 25.0249206 ], [ 121.235676, 25.0247335 ], [ 121.2356291, 25.0247493 ], [ 121.2355642, 25.0247709 ], [ 121.2354354, 25.0244622 ], [ 121.2357385, 25.0243504 ], [ 121.2357546, 25.0243042 ], [ 121.2357224, 25.0239421 ], [ 121.2359933, 25.0239178 ], [ 121.2369112, 25.0221196 ], [ 121.2371926, 25.0215683 ], [ 121.237431, 25.0216623 ], [ 121.2376684, 25.0217559 ], [ 121.237722, 25.0216854 ], [ 121.2379983, 25.0217194 ], [ 121.2382102, 25.0216951 ], [ 121.2383819, 25.0213573 ], [ 121.2381028, 25.0213087 ], [ 121.2381498, 25.0211179 ], [ 121.2374798, 25.0209909 ] ] ] } },
{ "type": "Feature", "properties": { "element": "way", "id": 360310634, "name": null, "landuse": "industrial" }, "geometry": { "type": "Polygon", "coordinates": [ [ [ 121.2343504, 25.0227545 ], [ 121.2349363, 25.0224285 ], [ 121.2351187, 25.0220883 ], [ 121.235624, 25.0223036 ], [ 121.2351571, 25.0232419 ], [ 121.234303, 25.0228638 ], [ 121.2343504, 25.0227545 ] ] ] } },
{ "type": "Feature", "properties": { "element": "way", "id": 361510223, "name": null, "landuse": "industrial" }, "geometry": { "type": "Polygon", "coordinates": [ [ [ 121.2784342, 25.032944 ], [ 121.2783752, 25.0329537 ], [ 121.2780933, 25.0324465 ], [ 121.2779269, 25.0321087 ], [ 121.2777932, 25.0319135 ], [ 121.2776886, 25.0315952 ], [ 121.2776966, 25.031549 ], [ 121.2778441, 25.031515 ], [ 121.2778951, 25.0313667 ], [ 121.2780051, 25.0313667 ], [ 121.2779809, 25.0318187 ], [ 121.2786703, 25.0318868 ], [ 121.2786676, 25.0320788 ], [ 121.2787588, 25.0321201 ], [ 121.2786278, 25.0325074 ], [ 121.2784701, 25.0328587 ], [ 121.2784342, 25.032944 ] ] ] } },
{ "type": "Feature", "properties": { "element": "way", "id": 361510224, "name": null, "landuse": "industrial" }, "geometry": { "type": "Polygon", "coordinates": [ [ [ 121.2758405, 25.0332635 ], [ 121.275818, 25.0332578 ], [ 121.2755317, 25.0331847 ], [ 121.2743117, 25.0328735 ], [ 121.2745692, 25.0323097 ], [ 121.2747381, 25.0322732 ], [ 121.2749474, 25.0323109 ], [ 121.2751029, 25.0322951 ], [ 121.2754302, 25.0321237 ], [ 121.2755884, 25.0320399 ], [ 121.2756903, 25.0320739 ], [ 121.2760953, 25.0319937 ], [ 121.2760524, 25.0325308 ], [ 121.2760082, 25.0327933 ], [ 121.2758405, 25.0332635 ] ] ] } },
{ "type": "Feature", "properties": { "element": "way", "id": 361510225, "name": null, "landuse": "industrial" }, "geometry": { "type": "Polygon", "coordinates": [ [ [ 121.2758285, 25.0315429 ], [ 121.2759317, 25.031713 ], [ 121.2760712, 25.0319245 ], [ 121.2760886, 25.0319634 ], [ 121.2756863, 25.032046 ], [ 121.2755924, 25.0320047 ], [ 121.2754141, 25.0321007 ], [ 121.2750761, 25.0322756 ], [ 121.2749675, 25.0322854 ], [ 121.2747905, 25.032221 ], [ 121.2746322, 25.0320873 ], [ 121.2746, 25.0317811 ], [ 121.2745732, 25.0314579 ], [ 121.2747824, 25.0313704 ], [ 121.2746885, 25.03112 ], [ 121.2749058, 25.0310703 ], [ 121.275229, 25.031052 ], [ 121.2752284, 25.0309228 ], [ 121.2754664, 25.0308308 ], [ 121.2758365, 25.0311225 ], [ 121.2758285, 25.0315429 ] ] ] } },
{ "type": "Feature", "properties": { "element": "way", "id": 361510230, "name": null, "landuse": "industrial" }, "geometry": { "type": "Polygon", "coordinates": [ [ [ 121.275752, 25.0333887 ], [ 121.2757225, 25.0334786 ], [ 121.2754825, 25.0339975 ], [ 121.2747677, 25.0337678 ], [ 121.2748669, 25.0334592 ], [ 121.2744324, 25.0333401 ], [ 121.2745303, 25.0330643 ], [ 121.275752, 25.0333887 ] ] ] } },
{ "type": "Feature", "properties": { "element": "way", "id": 361516168, "name": null, "landuse": "industrial" }, "geometry": { "type": "Polygon", "coordinates": [ [ [ 121.2737893, 25.0355522 ], [ 121.2742212, 25.0356008 ], [ 121.2742493, 25.0354222 ], [ 121.2742963, 25.035404 ], [ 121.2750419, 25.0354866 ], [ 121.2750929, 25.035195 ], [ 121.2737142, 25.0348815 ], [ 121.2737893, 25.0355522 ] ] ] } },
{ "type": "Feature", "properties": { "element": "way", "id": 361516190, "name": null, "landuse": "industrial" }, "geometry": { "type": "Polygon", "coordinates": [ [ [ 121.2736619, 25.0346105 ], [ 121.2737075, 25.0348559 ], [ 121.273957, 25.0349118 ], [ 121.2740904, 25.0344945 ], [ 121.2738329, 25.0344459 ], [ 121.2737819, 25.0346305 ], [ 121.2736619, 25.0346105 ] ] ] } },
{ "type": "Feature", "properties": { "element": "way", "id": 361516192, "name": null, "landuse": "industrial" }, "geometry": { "type": "Polygon", "coordinates": [ [ [ 121.273611, 25.0342557 ], [ 121.2732113, 25.0341779 ], [ 121.2732033, 25.0342994 ], [ 121.2732435, 25.0344695 ], [ 121.2732059, 25.0346081 ], [ 121.2733347, 25.0346858 ], [ 121.2734504, 25.0345248 ], [ 121.2734574, 25.0344397 ], [ 121.2735806, 25.034448 ], [ 121.273611, 25.0342557 ] ] ] } },
{ "type": "Feature", "properties": { "element": "way", "id": 361516211, "name": null, "landuse": "industrial" }, "geometry": { "type": "Polygon", "coordinates": [ [ [ 121.2723369, 25.0333686 ], [ 121.2722618, 25.0336846 ], [ 121.2728063, 25.0338231 ], [ 121.2727312, 25.0341123 ], [ 121.2731925, 25.0343067 ], [ 121.2732301, 25.0344695 ], [ 121.2731925, 25.0346202 ], [ 121.2731496, 25.034698 ], [ 121.272809, 25.0345497 ], [ 121.2725703, 25.0344234 ], [ 121.2726185, 25.0343529 ], [ 121.2720043, 25.0340856 ], [ 121.27161, 25.034715 ], [ 121.2714705, 25.0346372 ], [ 121.2710977, 25.0344914 ], [ 121.2715698, 25.0333565 ], [ 121.271661, 25.0333686 ], [ 121.2716288, 25.0335679 ], [ 121.2717951, 25.033602 ], [ 121.2718568, 25.0332787 ], [ 121.2723369, 25.0333686 ] ] ] } },
{ "type": "Feature", "properties": { "element": "way", "id": 362203494, "name": null, "landuse": "industrial" }, "geometry": { "type": "Polygon", "coordinates": [ [ [ 121.2635002, 25.0227616 ], [ 121.2635064, 25.0230211 ], [ 121.2634348, 25.0230243 ], [ 121.2633344, 25.0230289 ], [ 121.2631463, 25.0230387 ], [ 121.2631081, 25.0229708 ], [ 121.2635002, 25.0227616 ] ] ] } },
{ "type": "Feature", "properties": { "element": "way", "id": 362203495, "name": null, "landuse": "industrial" }, "geometry": { "type": "Polygon", "coordinates": [ [ [ 121.2628965, 25.0236895 ], [ 121.2629109, 25.0237903 ], [ 121.2629131, 25.0238056 ], [ 121.2625784, 25.0238476 ], [ 121.2622346, 25.0234845 ], [ 121.2622413, 25.0234444 ], [ 121.2625009, 25.0232995 ], [ 121.2625319, 25.0233817 ], [ 121.2624218, 25.0234382 ], [ 121.2626664, 25.0235888 ], [ 121.2625096, 25.0236024 ], [ 121.2625249, 25.0236591 ], [ 121.2625885, 25.0237219 ], [ 121.2628965, 25.0236895 ] ] ] } },
{ "type": "Feature", "properties": { "element": "way", "id": 362203503, "name": null, "landuse": "industrial" }, "geometry": { "type": "Polygon", "coordinates": [ [ [ 121.2642627, 25.0247224 ], [ 121.2642827, 25.0242691 ], [ 121.2641026, 25.0241273 ], [ 121.2642245, 25.0239443 ], [ 121.2641125, 25.0238645 ], [ 121.2640275, 25.0236794 ], [ 121.263559, 25.0236624 ], [ 121.263536, 25.0237508 ], [ 121.263539, 25.0240118 ], [ 121.2635308, 25.0241431 ], [ 121.2632927, 25.0241638 ], [ 121.263302, 25.0242823 ], [ 121.263067, 25.0243393 ], [ 121.2631797, 25.0244394 ], [ 121.2632956, 25.0244164 ], [ 121.2635541, 25.0247077 ], [ 121.2642627, 25.0247224 ] ] ] } },
{ "type": "Feature", "properties": { "element": "way", "id": 362227181, "name": "統一企業公司湖口總廠", "landuse": "industrial" }, "geometry": { "type": "Polygon", "coordinates": [ [ [ 121.0894536, 24.8884748 ], [ 121.0899437, 24.8879672 ], [ 121.0902417, 24.887796 ], [ 121.0906158, 24.8876849 ], [ 121.091278, 24.8874416 ], [ 121.0923938, 24.886928 ], [ 121.0935791, 24.8876789 ], [ 121.0943142, 24.8880754 ], [ 121.0952479, 24.888619 ], [ 121.0968898, 24.8897367 ], [ 121.0968052, 24.8902404 ], [ 121.0966494, 24.8901974 ], [ 121.0965377, 24.89044 ], [ 121.0963956, 24.8903908 ], [ 121.0960164, 24.8911739 ], [ 121.0949704, 24.8909251 ], [ 121.0943441, 24.8907655 ], [ 121.093948, 24.8906641 ], [ 121.0936197, 24.8905781 ], [ 121.0932947, 24.8904246 ], [ 121.0927192, 24.8901237 ], [ 121.0920726, 24.8896569 ], [ 121.0917612, 24.8894849 ], [ 121.0911823, 24.8891656 ], [ 121.0906914, 24.888966 ], [ 121.0902886, 24.8888093 ], [ 121.0894536, 24.8884748 ] ] ] } },
{ "type": "Feature", "properties": { "element": "way", "id": 362629616, "name": "大竹工業區", "landuse": "industrial" }, "geometry": { "type": "Polygon", "coordinates": [ [ [ 121.2527803, 25.0224838 ], [ 121.2526243, 25.0228446 ], [ 121.2523732, 25.0229259 ], [ 121.2522595, 25.0229385 ], [ 121.252155, 25.0228712 ], [ 121.2517881, 25.0230071 ], [ 121.2513562, 25.0233515 ], [ 121.2513361, 25.0232432 ], [ 121.2512821, 25.0228976 ], [ 121.2511365, 25.0226448 ], [ 121.2509588, 25.0223787 ], [ 121.2508946, 25.0220231 ], [ 121.2508675, 25.0217569 ], [ 121.250939, 25.0215981 ], [ 121.2511772, 25.0213053 ], [ 121.2514249, 25.0210522 ], [ 121.2515678, 25.0209225 ], [ 121.2516372, 25.0209127 ], [ 121.2519926, 25.0209581 ], [ 121.2525028, 25.0210194 ], [ 121.2526815, 25.0215064 ], [ 121.2527161, 25.0217279 ], [ 121.2526791, 25.0218799 ], [ 121.2527803, 25.0224838 ] ] ] } },
{ "type": "Feature", "properties": { "element": "way", "id": 362629630, "name": null, "landuse": "industrial" }, "geometry": { "type": "Polygon", "coordinates": [ [ [ 121.2554942, 25.0268401 ], [ 121.2553042, 25.027015 ], [ 121.2544677, 25.026776 ], [ 121.2545731, 25.0265254 ], [ 121.2554942, 25.0268401 ] ] ] } },
{ "type": "Feature", "properties": { "element": "way", "id": 362951838, "name": null, "landuse": "industrial" }, "geometry": { "type": "Polygon", "coordinates": [ [ [ 121.2431156, 25.031448 ], [ 121.2424319, 25.0309637 ], [ 121.2423889, 25.030934 ], [ 121.2424317, 25.0309025 ], [ 121.2426373, 25.0306634 ], [ 121.2433546, 25.0311721 ], [ 121.2431156, 25.031448 ] ] ] } },
{ "type": "Feature", "properties": { "element": "way", "id": 362964265, "name": null, "landuse": "industrial" }, "geometry": { "type": "Polygon", "coordinates": [ [ [ 121.2453253, 25.0302495 ], [ 121.2442148, 25.0294683 ], [ 121.2441061, 25.0293919 ], [ 121.2438472, 25.0292098 ], [ 121.2440571, 25.0289656 ], [ 121.2442824, 25.0291077 ], [ 121.2451358, 25.0293912 ], [ 121.2453029, 25.029451 ], [ 121.2454223, 25.0295057 ], [ 121.2453968, 25.0295738 ], [ 121.2454055, 25.0297118 ], [ 121.2457225, 25.0298879 ], [ 121.2453857, 25.0302903 ], [ 121.2453253, 25.0302495 ] ] ] } },
{ "type": "Feature", "properties": { "element": "way", "id": 362964305, "name": null, "landuse": "industrial" }, "geometry": { "type": "Polygon", "coordinates": [ [ [ 121.2522524, 25.0245631 ], [ 121.25196, 25.02454 ], [ 121.2520271, 25.0242191 ], [ 121.2523101, 25.0242349 ], [ 121.2522524, 25.0245631 ] ] ] } },
{ "type": "Feature", "properties": { "element": "way", "id": 362992248, "name": null, "landuse": "industrial" }, "geometry": { "type": "Polygon", "coordinates": [ [ [ 121.2502379, 25.0230028 ], [ 121.2512024, 25.0236513 ], [ 121.2510261, 25.0240775 ], [ 121.250457, 25.0238477 ], [ 121.250397, 25.0238939 ], [ 121.2500859, 25.023767 ], [ 121.2501077, 25.0237274 ], [ 121.2498748, 25.0235823 ], [ 121.2498657, 25.0234455 ], [ 121.2502379, 25.0230028 ] ] ] } },
{ "type": "Feature", "properties": { "element": "way", "id": 362992373, "name": null, "landuse": "industrial" }, "geometry": { "type": "Polygon", "coordinates": [ [ [ 121.2480291, 25.0269454 ], [ 121.2481541, 25.0270315 ], [ 121.2480621, 25.0271421 ], [ 121.2477933, 25.0269558 ], [ 121.2478127, 25.0269322 ], [ 121.247959, 25.0270309 ], [ 121.2480291, 25.0269454 ] ] ] } },
{ "type": "Feature", "properties": { "element": "way", "id": 362992374, "name": null, "landuse": "industrial" }, "geometry": { "type": "Polygon", "coordinates": [ [ [ 121.2467109, 25.0287319 ], [ 121.2462576, 25.0284147 ], [ 121.2463662, 25.0282859 ], [ 121.2468222, 25.0286019 ], [ 121.2467109, 25.0287319 ] ] ] } },
{ "type": "Feature", "properties": { "element": "way", "id": 363329601, "name": null, "landuse": "industrial" }, "geometry": { "type": "Polygon", "coordinates": [ [ [ 121.2495435, 25.0224273 ], [ 121.2501032, 25.0228109 ], [ 121.2501488, 25.0227595 ], [ 121.2496775, 25.022436 ], [ 121.2497255, 25.0223786 ], [ 121.2498295, 25.02245 ], [ 121.249896, 25.0223706 ], [ 121.2500094, 25.0222365 ], [ 121.2500726, 25.0222782 ], [ 121.250187, 25.022142 ], [ 121.2499382, 25.0219661 ], [ 121.2495435, 25.0224273 ] ] ] } },
{ "type": "Feature", "properties": { "element": "way", "id": 365213597, "name": null, "landuse": "industrial" }, "geometry": { "type": "Polygon", "coordinates": [ [ [ 121.2463536, 25.0253699 ], [ 121.2462925, 25.025409 ], [ 121.24601, 25.0255004 ], [ 121.2457422, 25.0252732 ], [ 121.2459799, 25.0250349 ], [ 121.2462001, 25.0252323 ], [ 121.246333, 25.0253514 ], [ 121.2463536, 25.0253699 ] ] ] } },
{ "type": "Feature", "properties": { "element": "way", "id": 365285231, "name": "新桃電廠", "landuse": "industrial" }, "geometry": { "type": "Polygon", "coordinates": [ [ [ 121.197686, 24.8156511 ], [ 121.1988361, 24.8147526 ], [ 121.199017, 24.8148347 ], [ 121.1991928, 24.8149192 ], [ 121.199534, 24.8147948 ], [ 121.1990481, 24.8134412 ], [ 121.1984898, 24.8130517 ], [ 121.1984303, 24.8127116 ], [ 121.198053, 24.8125849 ], [ 121.1975774, 24.8126904 ], [ 121.1972311, 24.8125919 ], [ 121.1971173, 24.8126224 ], [ 121.1969157, 24.8128945 ], [ 121.1966366, 24.8131104 ], [ 121.1963626, 24.8132676 ], [ 121.1963368, 24.8134646 ], [ 121.1963962, 24.8139667 ], [ 121.1967762, 24.8142412 ], [ 121.1968123, 24.8146541 ], [ 121.1963057, 24.8148253 ], [ 121.1967064, 24.8153063 ], [ 121.1971432, 24.8152406 ], [ 121.197686, 24.8156511 ] ] ] } },
{ "type": "Feature", "properties": { "element": "way", "id": 366900592, "name": "龍潭給水廠", "landuse": "industrial" }, "geometry": { "type": "Polygon", "coordinates": [ [ [ 121.2422731, 24.8489282 ], [ 121.2421754, 24.8489027 ], [ 121.2420326, 24.8488665 ], [ 121.241779, 24.8487491 ], [ 121.2415414, 24.848598 ], [ 121.2413401, 24.8484284 ], [ 121.2406096, 24.8475559 ], [ 121.2399482, 24.8467275 ], [ 121.2402387, 24.8465655 ], [ 121.2400037, 24.8459743 ], [ 121.2396059, 24.8452319 ], [ 121.2405559, 24.8446908 ], [ 121.241321, 24.8441818 ], [ 121.2412323, 24.8440877 ], [ 121.2414283, 24.8439429 ], [ 121.2415291, 24.8439729 ], [ 121.2415762, 24.8440868 ], [ 121.2417563, 24.8447856 ], [ 121.2417431, 24.8451823 ], [ 121.2417925, 24.8453154 ], [ 121.2419865, 24.8454598 ], [ 121.241728, 24.8459278 ], [ 121.2414416, 24.846598 ], [ 121.2417714, 24.8475664 ], [ 121.2422457, 24.8484767 ], [ 121.2422638, 24.8487815 ], [ 121.2422731, 24.8489282 ] ] ] } },
{ "type": "Feature", "properties": { "element": "way", "id": 369064710, "name": "亞洲水泥公司 新竹廠", "landuse": "industrial" }, "geometry": { "type": "Polygon", "coordinates": [ [ [ 121.1346426, 24.7234139 ], [ 121.1381714, 24.7200498 ], [ 121.1385942, 24.7202239 ], [ 121.1392537, 24.7194251 ], [ 121.1405446, 24.720526 ], [ 121.1396483, 24.7215501 ], [ 121.1391297, 24.7224155 ], [ 121.1382559, 24.7229992 ], [ 121.1377148, 24.7231989 ], [ 121.1358489, 24.7234242 ], [ 121.1347553, 24.7237519 ], [ 121.1346426, 24.7234139 ] ] ] } },
{ "type": "Feature", "properties": { "element": "way", "id": 380942176, "name": "允力工業", "landuse": "industrial" }, "geometry": { "type": "Polygon", "coordinates": [ [ [ 121.0091541, 24.8630992 ], [ 121.0096562, 24.8628112 ], [ 121.0099056, 24.8631844 ], [ 121.0093983, 24.8634649 ], [ 121.0091541, 24.8630992 ] ] ] } },
{ "type": "Feature", "properties": { "element": "way", "id": 380942178, "name": "英屬開曼群島商壹久科技", "landuse": "industrial" }, "geometry": { "type": "Polygon", "coordinates": [ [ [ 121.0072419, 24.8682394 ], [ 121.007473, 24.8680954 ], [ 121.0078031, 24.8685714 ], [ 121.0075335, 24.8687207 ], [ 121.0072419, 24.8682394 ] ] ] } },
{ "type": "Feature", "properties": { "element": "way", "id": 380942180, "name": "台灣揚析", "landuse": "industrial" }, "geometry": { "type": "Polygon", "coordinates": [ [ [ 121.0091541, 24.8630992 ], [ 121.0087419, 24.8624819 ], [ 121.0092226, 24.862212 ], [ 121.0096562, 24.8628112 ], [ 121.0091541, 24.8630992 ] ] ] } },
{ "type": "Feature", "properties": { "element": "way", "id": 380944435, "name": null, "landuse": "industrial" }, "geometry": { "type": "Polygon", "coordinates": [ [ [ 121.0432542, 24.8890307 ], [ 121.0435285, 24.8889896 ], [ 121.0439912, 24.8890163 ], [ 121.044334, 24.8890307 ], [ 121.045158, 24.8890929 ], [ 121.0453404, 24.8890874 ], [ 121.0455962, 24.8895005 ], [ 121.0458937, 24.8898248 ], [ 121.0463516, 24.8903845 ], [ 121.0466797, 24.8908565 ], [ 121.0467825, 24.8910031 ], [ 121.0469295, 24.8908831 ], [ 121.0469441, 24.8908698 ], [ 121.0470898, 24.8910475 ], [ 121.0468132, 24.8913073 ], [ 121.0461582, 24.8915383 ], [ 121.0453881, 24.8918293 ], [ 121.0451739, 24.8914162 ], [ 121.045169, 24.8913151 ], [ 121.0452412, 24.8912296 ], [ 121.0452008, 24.8911274 ], [ 121.0450539, 24.891083 ], [ 121.0448972, 24.8911274 ], [ 121.0447735, 24.8910974 ], [ 121.0447625, 24.8910475 ], [ 121.044585, 24.8908331 ], [ 121.0443793, 24.8907532 ], [ 121.0442361, 24.8906566 ], [ 121.0442422, 24.8904134 ], [ 121.0443206, 24.8903323 ], [ 121.0442312, 24.8900136 ], [ 121.0440818, 24.889867 ], [ 121.0437354, 24.8898059 ], [ 121.0434795, 24.889767 ], [ 121.0432652, 24.8896759 ], [ 121.0432542, 24.8890307 ] ] ] } },
{ "type": "Feature", "properties": { "element": "way", "id": 380946791, "name": null, "landuse": "industrial" }, "geometry": { "type": "Polygon", "coordinates": [ [ [ 121.0900538, 24.8957158 ], [ 121.0913447, 24.8962286 ], [ 121.0914375, 24.8962975 ], [ 121.0912603, 24.8968945 ], [ 121.0911928, 24.8972848 ], [ 121.0912688, 24.8976368 ], [ 121.090906, 24.8985552 ], [ 121.0872609, 24.8974378 ], [ 121.0867884, 24.8968256 ], [ 121.0869234, 24.8965118 ], [ 121.0874381, 24.8964659 ], [ 121.0881216, 24.8962286 ], [ 121.0888556, 24.8959454 ], [ 121.0895138, 24.8957541 ], [ 121.0898513, 24.895601 ], [ 121.0900538, 24.8957158 ] ] ] } },
{ "type": "Feature", "properties": { "element": "way", "id": 380946797, "name": null, "landuse": "industrial" }, "geometry": { "type": "Polygon", "coordinates": [ [ [ 121.1123017, 24.870545 ], [ 121.1120928, 24.8705558 ], [ 121.1118184, 24.8715572 ], [ 121.1121883, 24.8720227 ], [ 121.1128804, 24.871633 ], [ 121.1125105, 24.8712108 ], [ 121.1123673, 24.8710646 ], [ 121.1124389, 24.8708806 ], [ 121.1124568, 24.8706641 ], [ 121.1123017, 24.870545 ] ] ] } },
{ "type": "Feature", "properties": { "element": "way", "id": 380948108, "name": "同禧實業", "landuse": "industrial" }, "geometry": { "type": "Polygon", "coordinates": [ [ [ 121.0523343, 24.8031558 ], [ 121.0526582, 24.8030186 ], [ 121.052624, 24.8029402 ], [ 121.0526636, 24.8029239 ], [ 121.0526474, 24.8028504 ], [ 121.0526168, 24.8028128 ], [ 121.0525808, 24.8026919 ], [ 121.0523919, 24.8027834 ], [ 121.0521255, 24.8023897 ], [ 121.051982, 24.8021902 ], [ 121.0518747, 24.8020956 ], [ 121.0516432, 24.8022818 ], [ 121.0516396, 24.8023096 ], [ 121.0517404, 24.802491 ], [ 121.051609, 24.8027262 ], [ 121.0518808, 24.8028683 ], [ 121.0518664, 24.8028912 ], [ 121.0523343, 24.8031558 ] ] ] } },
{ "type": "Feature", "properties": { "element": "way", "id": 380948109, "name": null, "landuse": "industrial" }, "geometry": { "type": "Polygon", "coordinates": [ [ [ 121.0529093, 24.8018882 ], [ 121.0530709, 24.8017742 ], [ 121.0530461, 24.8017166 ], [ 121.053047, 24.8016946 ], [ 121.0530362, 24.8016627 ], [ 121.0529957, 24.8016104 ], [ 121.052966, 24.801559 ], [ 121.0529354, 24.8015132 ], [ 121.0528949, 24.8014814 ], [ 121.0528121, 24.801523 ], [ 121.0526268, 24.8016096 ], [ 121.0525476, 24.8016431 ], [ 121.0525575, 24.8016856 ], [ 121.0525962, 24.801755 ], [ 121.0525314, 24.801786 ], [ 121.0525611, 24.801844 ], [ 121.05258, 24.8018522 ], [ 121.0526016, 24.8018342 ], [ 121.0526169, 24.8018547 ], [ 121.0527428, 24.8018048 ], [ 121.0528022, 24.8017909 ], [ 121.0528427, 24.8018514 ], [ 121.0528553, 24.8018988 ], [ 121.0529093, 24.8018882 ] ] ] } },
{ "type": "Feature", "properties": { "element": "way", "id": 380948144, "name": "國產建材實業", "landuse": "industrial" }, "geometry": { "type": "Polygon", "coordinates": [ [ [ 121.056663, 24.7921557 ], [ 121.0561489, 24.792022 ], [ 121.0560064, 24.7919503 ], [ 121.0559987, 24.7919272 ], [ 121.0560751, 24.791784 ], [ 121.05621, 24.791583 ], [ 121.0559198, 24.7913912 ], [ 121.056154, 24.7913057 ], [ 121.0563245, 24.7912087 ], [ 121.0564034, 24.7911948 ], [ 121.0564798, 24.7911994 ], [ 121.0566325, 24.7911463 ], [ 121.0566783, 24.791107 ], [ 121.0567597, 24.7912503 ], [ 121.0568335, 24.7913126 ], [ 121.0569455, 24.7913843 ], [ 121.0570244, 24.7914605 ], [ 121.0570728, 24.7915252 ], [ 121.0570259, 24.7915698 ], [ 121.056663, 24.7921557 ] ] ] } },
{ "type": "Feature", "properties": { "element": "way", "id": 383607114, "name": "盛虹科技園區", "landuse": "industrial" }, "geometry": { "type": "Polygon", "coordinates": [ [ [ 121.049025, 24.7781794 ], [ 121.0477699, 24.7767587 ], [ 121.0474157, 24.7763578 ], [ 121.0474332, 24.7762777 ], [ 121.0476517, 24.7762896 ], [ 121.0476732, 24.7760558 ], [ 121.0479092, 24.7758221 ], [ 121.0484885, 24.7754421 ], [ 121.0484885, 24.7756467 ], [ 121.0485958, 24.7758708 ], [ 121.0486173, 24.7759487 ], [ 121.0487139, 24.7759682 ], [ 121.048789, 24.7760656 ], [ 121.0490464, 24.7758123 ], [ 121.0492288, 24.7755396 ], [ 121.0494112, 24.7755396 ], [ 121.0496687, 24.7754519 ], [ 121.0501944, 24.775335 ], [ 121.0503983, 24.7752571 ], [ 121.0504841, 24.7752668 ], [ 121.0509884, 24.775598 ], [ 121.0511869, 24.7756175 ], [ 121.051321, 24.7757539 ], [ 121.0513961, 24.7759195 ], [ 121.0511922, 24.7761143 ], [ 121.0509669, 24.7763189 ], [ 121.0507845, 24.7761435 ], [ 121.0503661, 24.7761533 ], [ 121.0502159, 24.7759974 ], [ 121.0501193, 24.7767864 ], [ 121.0500657, 24.7771663 ], [ 121.0499584, 24.7773222 ], [ 121.0500383, 24.7775738 ], [ 121.0499387, 24.7777063 ], [ 121.0495957, 24.7778638 ], [ 121.0494649, 24.777858 ], [ 121.049025, 24.7781794 ] ] ] } },
{ "type": "Feature", "properties": { "element": "way", "id": 386344468, "name": null, "landuse": "industrial" }, "geometry": { "type": "Polygon", "coordinates": [ [ [ 121.2799632, 25.0366711 ], [ 121.2795777, 25.0361643 ], [ 121.2799734, 25.0358619 ], [ 121.2803528, 25.0363355 ], [ 121.2802079, 25.0364402 ], [ 121.2805287, 25.036812 ], [ 121.2804203, 25.0368888 ], [ 121.2801277, 25.0365547 ], [ 121.2799632, 25.0366711 ] ] ] } },
{ "type": "Feature", "properties": { "element": "way", "id": 386344493, "name": null, "landuse": "industrial" }, "geometry": { "type": "Polygon", "coordinates": [ [ [ 121.2801102, 25.0357297 ], [ 121.2798818, 25.0354896 ], [ 121.2795892, 25.0357422 ], [ 121.2792462, 25.0354699 ], [ 121.2796647, 25.0349483 ], [ 121.2797717, 25.0350118 ], [ 121.2798373, 25.0350749 ], [ 121.2800251, 25.0351976 ], [ 121.2802683, 25.0352406 ], [ 121.2803919, 25.0352352 ], [ 121.2803771, 25.0352755 ], [ 121.2803267, 25.0352809 ], [ 121.2802387, 25.035375 ], [ 121.2803217, 25.035435 ], [ 121.2803059, 25.0355577 ], [ 121.2801102, 25.0357297 ] ] ] } },
{ "type": "Feature", "properties": { "element": "way", "id": 387949160, "name": null, "landuse": "industrial" }, "geometry": { "type": "Polygon", "coordinates": [ [ [ 121.2730627, 25.0217923 ], [ 121.2731002, 25.0216429 ], [ 121.2731391, 25.021593 ], [ 121.2734932, 25.0216331 ], [ 121.2735562, 25.0217838 ], [ 121.2735388, 25.0218215 ], [ 121.2730627, 25.0217923 ] ] ] } },
{ "type": "Feature", "properties": { "element": "way", "id": 387949168, "name": null, "landuse": "industrial" }, "geometry": { "type": "Polygon", "coordinates": [ [ [ 121.2762371, 25.022214 ], [ 121.2763202, 25.0223659 ], [ 121.2762921, 25.0226114 ], [ 121.2762532, 25.0227037 ], [ 121.2761606, 25.0228143 ], [ 121.2758723, 25.0230258 ], [ 121.2755907, 25.0232227 ], [ 121.2753208, 25.0234173 ], [ 121.2751105, 25.0236016 ], [ 121.2750891, 25.0236176 ], [ 121.2746989, 25.0234402 ], [ 121.2743366, 25.0233227 ], [ 121.2746371, 25.0229128 ], [ 121.2749423, 25.0226176 ], [ 121.275069, 25.0223371 ], [ 121.2751316, 25.0222864 ], [ 121.2752137, 25.0222414 ], [ 121.2753006, 25.022068 ], [ 121.2753571, 25.0218064 ], [ 121.2754027, 25.0217217 ], [ 121.2756571, 25.0217415 ], [ 121.2757703, 25.0219093 ], [ 121.2760209, 25.0220982 ], [ 121.2762371, 25.022214 ] ] ] } },
{ "type": "Feature", "properties": { "element": "way", "id": 387988311, "name": null, "landuse": "industrial" }, "geometry": { "type": "Polygon", "coordinates": [ [ [ 121.2737886, 25.0327486 ], [ 121.2738476, 25.0325371 ], [ 121.2737738, 25.0324448 ], [ 121.2736813, 25.0324023 ], [ 121.2735901, 25.0323549 ], [ 121.2736732, 25.0322188 ], [ 121.2737296, 25.0321386 ], [ 121.2738181, 25.0320657 ], [ 121.2739026, 25.0321446 ], [ 121.2739703, 25.0322237 ], [ 121.2740246, 25.0323585 ], [ 121.2740622, 25.0324934 ], [ 121.2743089, 25.0324375 ], [ 121.2743143, 25.0325651 ], [ 121.2740903, 25.0325712 ], [ 121.2739857, 25.0325845 ], [ 121.273924, 25.0327826 ], [ 121.2737886, 25.0327486 ] ] ] } },
{ "type": "Feature", "properties": { "element": "way", "id": 387988326, "name": null, "landuse": "industrial" }, "geometry": { "type": "Polygon", "coordinates": [ [ [ 121.2728444, 25.0314994 ], [ 121.2729451, 25.0317641 ], [ 121.2729128, 25.0317753 ], [ 121.2728631, 25.0317269 ], [ 121.2727885, 25.0317898 ], [ 121.2727717, 25.0317811 ], [ 121.2727135, 25.0317404 ], [ 121.2727425, 25.0317065 ], [ 121.272667, 25.0316535 ], [ 121.2727452, 25.0315663 ], [ 121.2728444, 25.0314994 ] ] ] } },
{ "type": "Feature", "properties": { "element": "way", "id": 387988333, "name": null, "landuse": "industrial" }, "geometry": { "type": "Polygon", "coordinates": [ [ [ 121.2721912, 25.0319343 ], [ 121.2721216, 25.0320207 ], [ 121.2719303, 25.0318943 ], [ 121.2718727, 25.0317722 ], [ 121.2719424, 25.0317412 ], [ 121.2719752, 25.0318014 ], [ 121.2721451, 25.0317253 ], [ 121.2721927, 25.0318186 ], [ 121.2722107, 25.0318115 ], [ 121.2722619, 25.0318446 ], [ 121.2721912, 25.0319343 ] ] ] } },
{ "type": "Feature", "properties": { "element": "way", "id": 387988335, "name": null, "landuse": "industrial" }, "geometry": { "type": "Polygon", "coordinates": [ [ [ 121.2716656, 25.0317999 ], [ 121.27173, 25.0318491 ], [ 121.27173, 25.0318712 ], [ 121.2717279, 25.0319399 ], [ 121.2717246, 25.0319867 ], [ 121.2716267, 25.0320341 ], [ 121.2715851, 25.0320377 ], [ 121.271325, 25.031847 ], [ 121.2714868, 25.031666 ], [ 121.2716656, 25.0317999 ] ] ] } },
{ "type": "Feature", "properties": { "element": "way", "id": 387988339, "name": null, "landuse": "industrial" }, "geometry": { "type": "Polygon", "coordinates": [ [ [ 121.2727219, 25.0313092 ], [ 121.2726106, 25.0314076 ], [ 121.2725234, 25.0315176 ], [ 121.2724619, 25.0314695 ], [ 121.2722737, 25.031346 ], [ 121.2722852, 25.0313317 ], [ 121.2722384, 25.031301 ], [ 121.2722109, 25.0312758 ], [ 121.2722163, 25.0311889 ], [ 121.2722431, 25.0311044 ], [ 121.2722266, 25.0310339 ], [ 121.2724645, 25.0309763 ], [ 121.2725084, 25.0311175 ], [ 121.2725091, 25.031122 ], [ 121.2723926, 25.0311506 ], [ 121.2724375, 25.0313008 ], [ 121.2725625, 25.0312701 ], [ 121.2725842, 25.0313408 ], [ 121.2727219, 25.0313092 ] ] ] } },
{ "type": "Feature", "properties": { "element": "way", "id": 387988340, "name": null, "landuse": "industrial" }, "geometry": { "type": "Polygon", "coordinates": [ [ [ 121.2723459, 25.0317247 ], [ 121.2722878, 25.0318013 ], [ 121.2722302, 25.0318029 ], [ 121.2721813, 25.0317091 ], [ 121.2721252, 25.0316061 ], [ 121.2718512, 25.0317302 ], [ 121.2717473, 25.0315158 ], [ 121.2721617, 25.0313396 ], [ 121.2721691, 25.0313803 ], [ 121.2722584, 25.0314363 ], [ 121.2721767, 25.0315385 ], [ 121.2721752, 25.0315456 ], [ 121.2721229, 25.0315711 ], [ 121.2723459, 25.0317247 ] ] ] } },
{ "type": "Feature", "properties": { "element": "way", "id": 388166158, "name": null, "landuse": "industrial" }, "geometry": { "type": "Polygon", "coordinates": [ [ [ 121.2383856, 25.033733 ], [ 121.2378157, 25.0339736 ], [ 121.237636, 25.033682 ], [ 121.2376789, 25.0336577 ], [ 121.2377325, 25.0336784 ], [ 121.2378438, 25.0336431 ], [ 121.2378928, 25.0336099 ], [ 121.2379472, 25.0335463 ], [ 121.2379444, 25.0334937 ], [ 121.2379833, 25.0334463 ], [ 121.2383856, 25.033733 ] ] ] } },
{ "type": "Feature", "properties": { "element": "way", "id": 388166159, "name": null, "landuse": "industrial" }, "geometry": { "type": "Polygon", "coordinates": [ [ [ 121.23972, 25.0336 ], [ 121.2396664, 25.0336437 ], [ 121.2388859, 25.0339256 ], [ 121.238761, 25.0338645 ], [ 121.2386131, 25.0337608 ], [ 121.2388151, 25.0335245 ], [ 121.2388202, 25.0335095 ], [ 121.2389476, 25.0333686 ], [ 121.2390045, 25.0333091 ], [ 121.239113, 25.0331768 ], [ 121.23972, 25.0336 ] ] ] } },
{ "type": "Feature", "properties": { "element": "way", "id": 391900414, "name": "華通電腦", "landuse": "industrial" }, "geometry": { "type": "Polygon", "coordinates": [ [ [ 121.2425184, 25.0253231 ], [ 121.2417352, 25.0265306 ], [ 121.2408854, 25.0260743 ], [ 121.2413138, 25.0254135 ], [ 121.2404539, 25.024955 ], [ 121.2421152, 25.0224014 ], [ 121.2421928, 25.0223992 ], [ 121.2428853, 25.0229991 ], [ 121.2427341, 25.0232186 ], [ 121.2436133, 25.0237009 ], [ 121.2433176, 25.02415 ], [ 121.2442199, 25.0246302 ], [ 121.2437363, 25.0251323 ], [ 121.2432443, 25.0255614 ], [ 121.2430851, 25.0256294 ], [ 121.2425184, 25.0253231 ] ] ] } },
{ "type": "Feature", "properties": { "element": "way", "id": 393301910, "name": "勝宏實業大園廠", "landuse": "industrial" }, "geometry": { "type": "Polygon", "coordinates": [ [ [ 121.2278039, 25.0084081 ], [ 121.2295043, 25.0083931 ], [ 121.2295046, 25.008846 ], [ 121.2297497, 25.0088447 ], [ 121.2297627, 25.0091735 ], [ 121.2301234, 25.0091674 ], [ 121.2301943, 25.0091187 ], [ 121.2303373, 25.0090349 ], [ 121.2304179, 25.0090085 ], [ 121.2304997, 25.0089939 ], [ 121.2304969, 25.0083751 ], [ 121.230497, 25.0082957 ], [ 121.2304835, 25.0075255 ], [ 121.2304744, 25.0067633 ], [ 121.2283258, 25.0067804 ], [ 121.2279521, 25.0078838 ], [ 121.2279174, 25.0080066 ], [ 121.2278039, 25.0084081 ] ] ] } },
{ "type": "Feature", "properties": { "element": "way", "id": 393303533, "name": "3M 大園物流中心", "landuse": "industrial" }, "geometry": { "type": "Polygon", "coordinates": [ [ [ 121.2367624, 25.0189743 ], [ 121.237745, 25.0190998 ], [ 121.2374795, 25.0208721 ], [ 121.2365025, 25.0207098 ], [ 121.2367624, 25.0189743 ] ] ] } },
{ "type": "Feature", "properties": { "element": "way", "id": 393303766, "name": "正隆 大園紙器廠", "landuse": "industrial" }, "geometry": { "type": "Polygon", "coordinates": [ [ [ 121.2336596, 25.022866 ], [ 121.2336247, 25.0233059 ], [ 121.2336778, 25.0233205 ], [ 121.2339728, 25.0234517 ], [ 121.2342451, 25.0229061 ], [ 121.2342812, 25.0228817 ], [ 121.2351492, 25.0232616 ], [ 121.2340833, 25.0253669 ], [ 121.2336622, 25.0251895 ], [ 121.2325786, 25.0249902 ], [ 121.2326886, 25.0228247 ], [ 121.2336596, 25.022866 ] ] ] } },
{ "type": "Feature", "properties": { "element": "way", "id": 397118390, "name": "台灣東電化楊梅廠", "landuse": "industrial" }, "geometry": { "type": "Polygon", "coordinates": [ [ [ 121.1526645, 24.9076845 ], [ 121.1536041, 24.9078269 ], [ 121.1537263, 24.907418 ], [ 121.1536455, 24.9071063 ], [ 121.1540981, 24.9071665 ], [ 121.1540486, 24.9067817 ], [ 121.1542194, 24.9059876 ], [ 121.1551532, 24.9058197 ], [ 121.1553054, 24.9048756 ], [ 121.1545546, 24.904569 ], [ 121.1536431, 24.9041656 ], [ 121.1535384, 24.9042571 ], [ 121.1534325, 24.9045869 ], [ 121.1533328, 24.9049813 ], [ 121.1532073, 24.9051567 ], [ 121.1530141, 24.9052749 ], [ 121.1528832, 24.9054807 ], [ 121.1525196, 24.906333 ], [ 121.1524917, 24.9066554 ], [ 121.1525059, 24.9067784 ], [ 121.1524522, 24.90681 ], [ 121.1527494, 24.9072169 ], [ 121.1526645, 24.9076845 ] ] ] } },
{ "type": "Feature", "properties": { "element": "way", "id": 412616328, "name": null, "landuse": "industrial" }, "geometry": { "type": "Polygon", "coordinates": [ [ [ 121.264066, 24.9917305 ], [ 121.264294, 24.9909099 ], [ 121.2671338, 24.9914589 ], [ 121.2670101, 24.9918486 ], [ 121.2665802, 24.9916596 ], [ 121.2662545, 24.9918309 ], [ 121.2658184, 24.99237 ], [ 121.2654678, 24.9922316 ], [ 121.2654057, 24.9921483 ], [ 121.2651759, 24.9920701 ], [ 121.2651277, 24.9920139 ], [ 121.264066, 24.9917305 ] ] ] } },
{ "type": "Feature", "properties": { "element": "way", "id": 412616329, "name": null, "landuse": "industrial" }, "geometry": { "type": "Polygon", "coordinates": [ [ [ 121.2664667, 24.9930113 ], [ 121.2666327, 24.9927855 ], [ 121.2662492, 24.9925561 ], [ 121.2663559, 24.9924128 ], [ 121.2659961, 24.9922121 ], [ 121.2657588, 24.9925848 ], [ 121.2664667, 24.9930113 ] ] ] } },
{ "type": "Feature", "properties": { "element": "way", "id": 412616330, "name": null, "landuse": "industrial" }, "geometry": { "type": "Polygon", "coordinates": [ [ [ 121.2656132, 24.9889926 ], [ 121.2662063, 24.9891109 ], [ 121.2661905, 24.9892865 ], [ 121.2672582, 24.9894335 ], [ 121.2672186, 24.990075 ], [ 121.2672107, 24.990609 ], [ 121.2665108, 24.990609 ], [ 121.2664792, 24.991032 ], [ 121.2650003, 24.9907596 ], [ 121.2651031, 24.9902363 ], [ 121.2648856, 24.98967 ], [ 121.265455, 24.9895482 ], [ 121.2656132, 24.9889926 ] ] ] } },
{ "type": "Feature", "properties": { "element": "way", "id": 412616331, "name": null, "landuse": "industrial" }, "geometry": { "type": "Polygon", "coordinates": [ [ [ 121.2673848, 24.9902253 ], [ 121.2680818, 24.9903257 ], [ 121.2683293, 24.9896173 ], [ 121.2683163, 24.9882535 ], [ 121.2680427, 24.9881354 ], [ 121.2679906, 24.9876454 ], [ 121.2678929, 24.9871259 ], [ 121.2678017, 24.9871141 ], [ 121.2675216, 24.9880705 ], [ 121.2674956, 24.9884779 ], [ 121.2674435, 24.9889442 ], [ 121.2673848, 24.9902253 ] ] ] } },
{ "type": "Feature", "properties": { "element": "way", "id": 412616332, "name": null, "landuse": "industrial" }, "geometry": { "type": "Polygon", "coordinates": [ [ [ 121.2620749, 24.9912175 ], [ 121.2633729, 24.991475 ], [ 121.2637073, 24.9907419 ], [ 121.2624005, 24.9904973 ], [ 121.2620749, 24.9912175 ] ] ] } },
{ "type": "Feature", "properties": { "element": "way", "id": 412616333, "name": null, "landuse": "industrial" }, "geometry": { "type": "Polygon", "coordinates": [ [ [ 121.2625948, 24.9902801 ], [ 121.2642596, 24.9906027 ], [ 121.2642715, 24.990488 ], [ 121.2632354, 24.9902156 ], [ 121.2627886, 24.9899683 ], [ 121.2625948, 24.9902801 ] ] ] } },
{ "type": "Feature", "properties": { "element": "way", "id": 414746154, "name": null, "landuse": "industrial" }, "geometry": { "type": "Polygon", "coordinates": [ [ [ 121.243389, 25.0241641 ], [ 121.2438043, 25.0235308 ], [ 121.2439103, 25.0235375 ], [ 121.2438714, 25.0235995 ], [ 121.2439637, 25.0236155 ], [ 121.2439424, 25.0237125 ], [ 121.2439934, 25.0237356 ], [ 121.2440377, 25.0237575 ], [ 121.2441181, 25.0237988 ], [ 121.2445982, 25.0240607 ], [ 121.2442308, 25.0246148 ], [ 121.243389, 25.0241641 ] ] ] } },
{ "type": "Feature", "properties": { "element": "way", "id": 427565986, "name": null, "landuse": "industrial" }, "geometry": { "type": "Polygon", "coordinates": [ [ [ 121.1911468, 24.9468631 ], [ 121.1913683, 24.9469047 ], [ 121.1917062, 24.9470336 ], [ 121.1920951, 24.9472987 ], [ 121.1913978, 24.9477024 ], [ 121.1913254, 24.9475613 ], [ 121.1907524, 24.9478235 ], [ 121.1906981, 24.9477305 ], [ 121.1905359, 24.9478084 ], [ 121.190451, 24.9477486 ], [ 121.1901827, 24.9476246 ], [ 121.1902999, 24.9472922 ], [ 121.1904644, 24.9470676 ], [ 121.1907487, 24.9472063 ], [ 121.1908271, 24.9470986 ], [ 121.1909343, 24.9471624 ], [ 121.1911468, 24.9468631 ] ] ] } },
{ "type": "Feature", "properties": { "element": "way", "id": 427566015, "name": null, "landuse": "industrial" }, "geometry": { "type": "Polygon", "coordinates": [ [ [ 121.1945561, 24.9530854 ], [ 121.1944139, 24.952689 ], [ 121.1943174, 24.9525017 ], [ 121.1940223, 24.9521515 ], [ 121.1940336, 24.9521324 ], [ 121.1941644, 24.9520622 ], [ 121.1945775, 24.9527109 ], [ 121.1948753, 24.9525504 ], [ 121.1944751, 24.9518954 ], [ 121.1947027, 24.9517732 ], [ 121.1948618, 24.9518913 ], [ 121.1950166, 24.9519716 ], [ 121.1952561, 24.952098 ], [ 121.195299, 24.952137 ], [ 121.195283, 24.952312 ], [ 121.1949665, 24.9525188 ], [ 121.1949209, 24.9527157 ], [ 121.1945561, 24.9530854 ] ] ] } },
{ "type": "Feature", "properties": { "element": "way", "id": 427566038, "name": null, "landuse": "industrial" }, "geometry": { "type": "Polygon", "coordinates": [ [ [ 121.1932177, 24.9512396 ], [ 121.193046, 24.9510888 ], [ 121.1931023, 24.9508797 ], [ 121.1932177, 24.9507143 ], [ 121.1934, 24.9504541 ], [ 121.1935234, 24.9503495 ], [ 121.1936629, 24.950386 ], [ 121.1936254, 24.9505149 ], [ 121.1934859, 24.9508529 ], [ 121.1936334, 24.950887 ], [ 121.1938185, 24.9506632 ], [ 121.1938802, 24.9507362 ], [ 121.1939499, 24.9510523 ], [ 121.1932177, 24.9512396 ] ] ] } },
{ "type": "Feature", "properties": { "element": "way", "id": 427929894, "name": null, "landuse": "industrial" }, "geometry": { "type": "Polygon", "coordinates": [ [ [ 121.2382249, 25.0221412 ], [ 121.2380564, 25.0220673 ], [ 121.2381905, 25.0218024 ], [ 121.2382602, 25.0217295 ], [ 121.2383326, 25.0216006 ], [ 121.2388056, 25.0217951 ], [ 121.2390328, 25.0218885 ], [ 121.2395254, 25.0221011 ], [ 121.2393814, 25.0222301 ], [ 121.2392741, 25.0222277 ], [ 121.2392121, 25.0222048 ], [ 121.2383724, 25.0218525 ], [ 121.2382249, 25.0221412 ] ] ] } },
{ "type": "Feature", "properties": { "element": "way", "id": 427933897, "name": null, "landuse": "industrial" }, "geometry": { "type": "Polygon", "coordinates": [ [ [ 121.2422567, 25.0203227 ], [ 121.2423526, 25.0201796 ], [ 121.2425242, 25.0199233 ], [ 121.2425581, 25.0199341 ], [ 121.2425698, 25.0199379 ], [ 121.2425765, 25.0200147 ], [ 121.2425055, 25.0203234 ], [ 121.2425444, 25.0205227 ], [ 121.2426061, 25.0205409 ], [ 121.2426101, 25.020633 ], [ 121.2425806, 25.0207594 ], [ 121.2425765, 25.0209578 ], [ 121.2422799, 25.0207978 ], [ 121.2423681, 25.0206517 ], [ 121.2423087, 25.0206223 ], [ 121.2424358, 25.0204115 ], [ 121.2422567, 25.0203227 ] ] ] } },
{ "type": "Feature", "properties": { "element": "way", "id": 427933921, "name": null, "landuse": "industrial" }, "geometry": { "type": "Polygon", "coordinates": [ [ [ 121.244248, 25.0211964 ], [ 121.2449704, 25.0215791 ], [ 121.2450938, 25.0213956 ], [ 121.2443679, 25.0210095 ], [ 121.244248, 25.0211964 ] ] ] } },
{ "type": "Feature", "properties": { "element": "way", "id": 427933978, "name": null, "landuse": "industrial" }, "geometry": { "type": "Polygon", "coordinates": [ [ [ 121.2400375, 25.0180852 ], [ 121.2400593, 25.0179518 ], [ 121.2409659, 25.018077 ], [ 121.2409415, 25.0182086 ], [ 121.2407108, 25.0181812 ], [ 121.2406881, 25.0183374 ], [ 121.2406293, 25.018331 ], [ 121.2405019, 25.0190845 ], [ 121.2400726, 25.0190289 ], [ 121.2400811, 25.0189757 ], [ 121.2398763, 25.0189488 ], [ 121.2399076, 25.0187591 ], [ 121.2402963, 25.0188078 ], [ 121.2403164, 25.0186768 ], [ 121.2404535, 25.0186942 ], [ 121.2404654, 25.0186167 ], [ 121.2403366, 25.0186004 ], [ 121.2403531, 25.0184932 ], [ 121.2404302, 25.0185029 ], [ 121.2404535, 25.0183502 ], [ 121.2404616, 25.0183355 ], [ 121.2404928, 25.018147 ], [ 121.2400375, 25.0180852 ] ] ] } },
{ "type": "Feature", "properties": { "element": "way", "id": 428001754, "name": null, "landuse": "industrial" }, "geometry": { "type": "Polygon", "coordinates": [ [ [ 121.2663192, 25.0173647 ], [ 121.2661187, 25.0174991 ], [ 121.2660275, 25.017538 ], [ 121.2659698, 25.0176085 ], [ 121.2659899, 25.0176802 ], [ 121.2660329, 25.017792 ], [ 121.2660275, 25.0178892 ], [ 121.2659765, 25.018001 ], [ 121.265951, 25.0180521 ], [ 121.2659611, 25.0180562 ], [ 121.2662883, 25.0177475 ], [ 121.2667416, 25.0181364 ], [ 121.2664224, 25.0184475 ], [ 121.2665143, 25.0184896 ], [ 121.2668214, 25.0186111 ], [ 121.2674973, 25.017978 ], [ 121.2675617, 25.0179123 ], [ 121.2675577, 25.0178856 ], [ 121.2673284, 25.0177215 ], [ 121.2672437, 25.0176558 ], [ 121.2669489, 25.0174042 ], [ 121.2668486, 25.0173278 ], [ 121.2667851, 25.0173207 ], [ 121.2666243, 25.0172756 ], [ 121.2664414, 25.0173065 ], [ 121.2663192, 25.0173647 ] ] ] } },
{ "type": "Feature", "properties": { "element": "way", "id": 438776061, "name": "湖口鄉公所清潔隊", "landuse": "industrial" }, "geometry": { "type": "Polygon", "coordinates": [ [ [ 121.0274091, 24.8789479 ], [ 121.0274601, 24.8801454 ], [ 121.0256064, 24.8801454 ], [ 121.0256552, 24.8789616 ], [ 121.0274091, 24.8789479 ] ] ] } },
{ "type": "Feature", "properties": { "element": "way", "id": 440173303, "name": "全家福比麵包湖口廠", "landuse": "industrial" }, "geometry": { "type": "Polygon", "coordinates": [ [ [ 121.0378354, 24.8800055 ], [ 121.0382309, 24.880561 ], [ 121.0383227, 24.8808295 ], [ 121.0384707, 24.8809649 ], [ 121.0387259, 24.8809475 ], [ 121.039624, 24.8805564 ], [ 121.0397515, 24.8805263 ], [ 121.0398255, 24.8805656 ], [ 121.0398561, 24.8805934 ], [ 121.0399148, 24.8805818 ], [ 121.0400858, 24.881216 ], [ 121.0371338, 24.8819336 ], [ 121.0367383, 24.8812484 ], [ 121.0360571, 24.8815216 ], [ 121.0356948, 24.8806767 ], [ 121.0378354, 24.8800055 ] ] ] } },
{ "type": "Feature", "properties": { "element": "way", "id": 440336006, "name": "磐昌科技企業公司", "landuse": "industrial" }, "geometry": { "type": "Polygon", "coordinates": [ [ [ 121.0569027, 24.8991407 ], [ 121.0572992, 24.8999603 ], [ 121.0575644, 24.8998492 ], [ 121.0578384, 24.9003701 ], [ 121.0580046, 24.900304 ], [ 121.058022, 24.9003595 ], [ 121.0581416, 24.9003198 ], [ 121.0584797, 24.9003754 ], [ 121.0588528, 24.9002247 ], [ 121.0583398, 24.8994368 ], [ 121.0582115, 24.8992094 ], [ 121.0580891, 24.8988763 ], [ 121.0572321, 24.8990508 ], [ 121.0569027, 24.8991407 ] ] ] } },
{ "type": "Feature", "properties": { "element": "way", "id": 443124146, "name": null, "landuse": "industrial" }, "geometry": { "type": "Polygon", "coordinates": [ [ [ 121.2722795, 25.016268 ], [ 121.2720381, 25.0162024 ], [ 121.2720542, 25.0160626 ], [ 121.2720984, 25.0159216 ], [ 121.2722835, 25.0157369 ], [ 121.2727542, 25.0157272 ], [ 121.2727435, 25.0157746 ], [ 121.272655, 25.0161197 ], [ 121.2726483, 25.0161902 ], [ 121.2726174, 25.0163409 ], [ 121.272498, 25.0163269 ], [ 121.2722795, 25.016268 ] ] ] } },
{ "type": "Feature", "properties": { "element": "way", "id": 443593845, "name": null, "landuse": "industrial" }, "geometry": { "type": "Polygon", "coordinates": [ [ [ 121.2736496, 25.0160647 ], [ 121.2734375, 25.0160142 ], [ 121.2734603, 25.0158611 ], [ 121.27351, 25.015595 ], [ 121.2735368, 25.0153604 ], [ 121.2735448, 25.0151617 ], [ 121.2735743, 25.015172 ], [ 121.2737609, 25.0152373 ], [ 121.2737937, 25.0152507 ], [ 121.2739525, 25.0153154 ], [ 121.2739056, 25.0156071 ], [ 121.2738989, 25.015927 ], [ 121.2738727, 25.0160924 ], [ 121.2736496, 25.0160647 ] ] ] } },
{ "type": "Feature", "properties": { "element": "way", "id": 444098355, "name": "興達隆交通", "landuse": "industrial" }, "geometry": { "type": "Polygon", "coordinates": [ [ [ 121.0111701, 24.8596508 ], [ 121.0123785, 24.8588378 ], [ 121.0124669, 24.8589662 ], [ 121.0124846, 24.8591427 ], [ 121.0124551, 24.8593406 ], [ 121.0118826, 24.8601985 ], [ 121.0117474, 24.8602027 ], [ 121.0114586, 24.8601326 ], [ 121.0112826, 24.8599923 ], [ 121.0112134, 24.8597967 ], [ 121.0111701, 24.8596508 ] ] ] } },
{ "type": "Feature", "properties": { "element": "way", "id": 445402055, "name": null, "landuse": "industrial" }, "geometry": { "type": "Polygon", "coordinates": [ [ [ 121.2594849, 25.0345229 ], [ 121.2597156, 25.0340685 ], [ 121.2602574, 25.0342362 ], [ 121.2601635, 25.0344306 ], [ 121.2594849, 25.0345229 ] ] ] } },
{ "type": "Feature", "properties": { "element": "way", "id": 445402059, "name": null, "landuse": "industrial" }, "geometry": { "type": "Polygon", "coordinates": [ [ [ 121.2598631, 25.0337774 ], [ 121.2596928, 25.0340824 ], [ 121.2595397, 25.0340336 ], [ 121.2593561, 25.0339738 ], [ 121.2590008, 25.0338613 ], [ 121.2591295, 25.0335344 ], [ 121.2591573, 25.0335438 ], [ 121.259478, 25.03365 ], [ 121.2598631, 25.0337774 ] ] ] } },
{ "type": "Feature", "properties": { "element": "way", "id": 445402084, "name": null, "landuse": "industrial" }, "geometry": { "type": "Polygon", "coordinates": [ [ [ 121.2598095, 25.0354798 ], [ 121.2600468, 25.0350399 ], [ 121.2595614, 25.0348334 ], [ 121.2594715, 25.0348249 ], [ 121.2593709, 25.0348638 ], [ 121.2589592, 25.0352927 ], [ 121.2591362, 25.0354166 ], [ 121.2592395, 25.0352818 ], [ 121.2598095, 25.0354798 ] ] ] } },
{ "type": "Feature", "properties": { "element": "way", "id": 445402088, "name": null, "landuse": "industrial" }, "geometry": { "type": "Polygon", "coordinates": [ [ [ 121.2600857, 25.0349683 ], [ 121.2603325, 25.0345223 ], [ 121.2602587, 25.0344591 ], [ 121.2596351, 25.034549 ], [ 121.2595345, 25.0347265 ], [ 121.2600857, 25.0349683 ] ] ] } },
{ "type": "Feature", "properties": { "element": "way", "id": 446200419, "name": null, "landuse": "industrial" }, "geometry": { "type": "Polygon", "coordinates": [ [ [ 121.1320426, 24.8873392 ], [ 121.1322916, 24.8870369 ], [ 121.1323103, 24.8869322 ], [ 121.1323425, 24.8867765 ], [ 121.1322942, 24.8865892 ], [ 121.1321065, 24.8864164 ], [ 121.1318785, 24.8863264 ], [ 121.13179, 24.8862583 ], [ 121.1316586, 24.8862218 ], [ 121.1315888, 24.8862364 ], [ 121.1314762, 24.886397 ], [ 121.1313662, 24.8864772 ], [ 121.131283, 24.8864699 ], [ 121.1311811, 24.8863897 ], [ 121.1311275, 24.8864042 ], [ 121.1311409, 24.8866816 ], [ 121.1312053, 24.8866914 ], [ 121.1312589, 24.8867108 ], [ 121.1312857, 24.8867571 ], [ 121.1312804, 24.887015 ], [ 121.1312723, 24.8872023 ], [ 121.1313179, 24.8873897 ], [ 121.1313313, 24.8877011 ], [ 121.1313823, 24.8878276 ], [ 121.1315674, 24.8879152 ], [ 121.1316831, 24.8877697 ], [ 121.1320426, 24.8873392 ] ] ] } },
{ "type": "Feature", "properties": { "element": "way", "id": 447327786, "name": null, "landuse": "industrial" }, "geometry": { "type": "Polygon", "coordinates": [ [ [ 121.2325564, 25.0286046 ], [ 121.2331465, 25.0288477 ], [ 121.233184, 25.0287675 ], [ 121.2334683, 25.0288525 ], [ 121.2335113, 25.0287723 ], [ 121.2331974, 25.0286654 ], [ 121.2326422, 25.0284321 ], [ 121.2325564, 25.0286046 ] ] ] } },
{ "type": "Feature", "properties": { "element": "way", "id": 447327787, "name": null, "landuse": "industrial" }, "geometry": { "type": "Polygon", "coordinates": [ [ [ 121.2327173, 25.0282692 ], [ 121.2333476, 25.0285196 ], [ 121.2335084, 25.0282052 ], [ 121.2328756, 25.0279484 ], [ 121.2327173, 25.0282692 ] ] ] } },
{ "type": "Feature", "properties": { "element": "way", "id": 447601426, "name": null, "landuse": "industrial" }, "geometry": { "type": "Polygon", "coordinates": [ [ [ 121.2324464, 25.0286586 ], [ 121.2323486, 25.0288524 ], [ 121.2321609, 25.0288184 ], [ 121.2319034, 25.0288305 ], [ 121.2316942, 25.0287746 ], [ 121.2315842, 25.0287042 ], [ 121.231611, 25.0286167 ], [ 121.2317115, 25.0284977 ], [ 121.2318631, 25.0283372 ], [ 121.2320026, 25.0281355 ], [ 121.2320804, 25.0279094 ], [ 121.2321072, 25.0276251 ], [ 121.232818, 25.0278997 ], [ 121.2325672, 25.028412 ], [ 121.2324464, 25.0286586 ] ] ] } },
{ "type": "Feature", "properties": { "element": "way", "id": 447607675, "name": null, "landuse": "industrial" }, "geometry": { "type": "Polygon", "coordinates": [ [ [ 121.2414427, 25.027838 ], [ 121.2416237, 25.0279365 ], [ 121.241617, 25.0282694 ], [ 121.2415647, 25.0283071 ], [ 121.2412455, 25.0281212 ], [ 121.2414427, 25.027838 ] ] ] } },
{ "type": "Feature", "properties": { "element": "way", "id": 447617529, "name": null, "landuse": "industrial" }, "geometry": { "type": "Polygon", "coordinates": [ [ [ 121.2442905, 25.0284338 ], [ 121.2440813, 25.0286841 ], [ 121.2433437, 25.0281701 ], [ 121.2435515, 25.0279246 ], [ 121.2442905, 25.0284338 ] ] ] } },
{ "type": "Feature", "properties": { "element": "way", "id": 451335060, "name": "民富工業區", "landuse": "industrial" }, "geometry": { "type": "Polygon", "coordinates": [ [ [ 121.1013288, 24.9298569 ], [ 121.1011861, 24.9302951 ], [ 121.1007354, 24.9303026 ], [ 121.1003904, 24.9313054 ], [ 121.1004357, 24.9316889 ], [ 121.1000882, 24.9325821 ], [ 121.1002509, 24.932611 ], [ 121.1003426, 24.9329506 ], [ 121.1004587, 24.9330542 ], [ 121.0997847, 24.9339923 ], [ 121.0999166, 24.9340988 ], [ 121.0988468, 24.9352041 ], [ 121.0989185, 24.9356355 ], [ 121.0988508, 24.9363384 ], [ 121.100154, 24.9358392 ], [ 121.1015481, 24.9345058 ], [ 121.1017898, 24.9342298 ], [ 121.1023334, 24.9338485 ], [ 121.1035601, 24.9339391 ], [ 121.1039345, 24.9335716 ], [ 121.1040015, 24.9331931 ], [ 121.103968, 24.9329168 ], [ 121.1038492, 24.9327427 ], [ 121.1039497, 24.9327565 ], [ 121.1041447, 24.9325079 ], [ 121.1013288, 24.9298569 ] ] ] } },
{ "type": "Feature", "properties": { "element": "way", "id": 451335061, "name": null, "landuse": "industrial" }, "geometry": { "type": "Polygon", "coordinates": [ [ [ 121.1014823, 24.9294359 ], [ 121.1020885, 24.9299856 ], [ 121.1025656, 24.9297373 ], [ 121.1021471, 24.9290955 ], [ 121.1014823, 24.9294359 ] ] ] } },
{ "type": "Feature", "properties": { "element": "way", "id": 451335062, "name": null, "landuse": "industrial" }, "geometry": { "type": "Polygon", "coordinates": [ [ [ 121.1020885, 24.9299856 ], [ 121.1030114, 24.9308047 ], [ 121.103684, 24.9304608 ], [ 121.1032773, 24.9297196 ], [ 121.1031326, 24.9297586 ], [ 121.1029644, 24.9295317 ], [ 121.1025656, 24.9297373 ], [ 121.1020885, 24.9299856 ] ] ] } },
{ "type": "Feature", "properties": { "element": "way", "id": 451803958, "name": null, "landuse": "industrial" }, "geometry": { "type": "Polygon", "coordinates": [ [ [ 121.2747554, 24.8755107 ], [ 121.2743799, 24.8745689 ], [ 121.2737764, 24.8741163 ], [ 121.2737523, 24.8741504 ], [ 121.2739561, 24.8745032 ], [ 121.2740661, 24.8748147 ], [ 121.2742565, 24.8750605 ], [ 121.2745811, 24.8754158 ], [ 121.2747554, 24.8755107 ] ] ] } },
{ "type": "Feature", "properties": { "element": "way", "id": 452794938, "name": null, "landuse": "industrial" }, "geometry": { "type": "Polygon", "coordinates": [ [ [ 121.2894898, 25.031745 ], [ 121.2891464, 25.031448 ], [ 121.2894308, 25.0311933 ], [ 121.2897312, 25.0315044 ], [ 121.2894898, 25.031745 ] ] ] } },
{ "type": "Feature", "properties": { "element": "way", "id": 452794940, "name": null, "landuse": "industrial" }, "geometry": { "type": "Polygon", "coordinates": [ [ [ 121.2886405, 25.0309948 ], [ 121.287799, 25.03036 ], [ 121.2870329, 25.029983 ], [ 121.2871697, 25.0299635 ], [ 121.2872287, 25.0299951 ], [ 121.2877384, 25.0299344 ], [ 121.2877732, 25.0299806 ], [ 121.2879342, 25.0300146 ], [ 121.2879529, 25.030175 ], [ 121.288071, 25.0301969 ], [ 121.2881005, 25.0303427 ], [ 121.2884062, 25.03035 ], [ 121.2885886, 25.0302965 ], [ 121.2887469, 25.0306926 ], [ 121.2886932, 25.030977 ], [ 121.2886405, 25.0309948 ] ] ] } },
{ "type": "Feature", "properties": { "element": "way", "id": 452794974, "name": null, "landuse": "industrial" }, "geometry": { "type": "Polygon", "coordinates": [ [ [ 121.2908692, 25.0310064 ], [ 121.2907247, 25.0311158 ], [ 121.2904991, 25.0309133 ], [ 121.2906405, 25.0306635 ], [ 121.2907974, 25.0307218 ], [ 121.2908256, 25.0306841 ], [ 121.2911407, 25.0307643 ], [ 121.2908692, 25.0310064 ] ] ] } },
{ "type": "Feature", "properties": { "element": "way", "id": 452795005, "name": null, "landuse": "industrial" }, "geometry": { "type": "Polygon", "coordinates": [ [ [ 121.2919682, 25.02904 ], [ 121.2919079, 25.0289343 ], [ 121.2917563, 25.0287824 ], [ 121.291582, 25.0287095 ], [ 121.2915699, 25.0287848 ], [ 121.2916168, 25.0289902 ], [ 121.2916879, 25.0291907 ], [ 121.2919682, 25.02904 ] ] ] } },
{ "type": "Feature", "properties": { "element": "way", "id": 456152110, "name": null, "landuse": "industrial" }, "geometry": { "type": "Polygon", "coordinates": [ [ [ 121.1701726, 24.9114998 ], [ 121.1704699, 24.911503 ], [ 121.1704805, 24.9109734 ], [ 121.1701691, 24.9109477 ], [ 121.1701726, 24.9114998 ] ] ] } },
{ "type": "Feature", "properties": { "element": "way", "id": 456714718, "name": null, "landuse": "industrial" }, "geometry": { "type": "Polygon", "coordinates": [ [ [ 121.2478213, 25.0310641 ], [ 121.248626, 25.03147 ], [ 121.2482934, 25.0317543 ], [ 121.2477274, 25.0323935 ], [ 121.2473546, 25.0321286 ], [ 121.2478213, 25.0310641 ] ] ] } },
{ "type": "Feature", "properties": { "element": "way", "id": 456714722, "name": null, "landuse": "industrial" }, "geometry": { "type": "Polygon", "coordinates": [ [ [ 121.2469549, 25.0313187 ], [ 121.2472258, 25.0309396 ], [ 121.2469912, 25.0307938 ], [ 121.2469013, 25.0308448 ], [ 121.2466049, 25.0310076 ], [ 121.2467162, 25.0311486 ], [ 121.2469549, 25.0313187 ] ] ] } },
{ "type": "Feature", "properties": { "element": "way", "id": 460694893, "name": "石梅化學工業股份有限公司", "landuse": "industrial" }, "geometry": { "type": "Polygon", "coordinates": [ [ [ 121.1197148, 25.0301265 ], [ 121.1206844, 25.0296968 ], [ 121.1208612, 25.0298566 ], [ 121.1210173, 25.0299964 ], [ 121.1210704, 25.0300441 ], [ 121.1211676, 25.0301311 ], [ 121.1213197, 25.0302675 ], [ 121.1215322, 25.0304451 ], [ 121.1216942, 25.030293 ], [ 121.1210232, 25.0297371 ], [ 121.1208653, 25.0295351 ], [ 121.1204223, 25.0290092 ], [ 121.1204769, 25.0288335 ], [ 121.1201702, 25.028807 ], [ 121.1197107, 25.0285406 ], [ 121.1196272, 25.0284922 ], [ 121.1194095, 25.0285464 ], [ 121.1191099, 25.0287903 ], [ 121.1190805, 25.0288143 ], [ 121.1188487, 25.0293295 ], [ 121.1193705, 25.029816 ], [ 121.1187887, 25.0304727 ], [ 121.1189932, 25.0306333 ], [ 121.1195974, 25.0300183 ], [ 121.1197148, 25.0301265 ] ] ] } },
{ "type": "Feature", "properties": { "element": "way", "id": 463589416, "name": "屏榮食品 新豐廠", "landuse": "industrial" }, "geometry": { "type": "Polygon", "coordinates": [ [ [ 121.0055643, 24.8882274 ], [ 121.0051718, 24.8876155 ], [ 121.004824, 24.8870732 ], [ 121.0046603, 24.8870192 ], [ 121.0046268, 24.8868741 ], [ 121.0048314, 24.8867087 ], [ 121.0059438, 24.8863578 ], [ 121.0064759, 24.8863281 ], [ 121.0067669, 24.8868951 ], [ 121.0068895, 24.8871035 ], [ 121.007097, 24.8874444 ], [ 121.0064534, 24.8877043 ], [ 121.0055643, 24.8882274 ] ] ] } },
{ "type": "Feature", "properties": { "element": "way", "id": 463589417, "name": "大瑄科技", "landuse": "industrial" }, "geometry": { "type": "Polygon", "coordinates": [ [ [ 121.0051718, 24.8876155 ], [ 121.0049914, 24.887711 ], [ 121.005408, 24.8883286 ], [ 121.0055643, 24.8882274 ], [ 121.0051718, 24.8876155 ] ] ] } },
{ "type": "Feature", "properties": { "element": "way", "id": 466278517, "name": null, "landuse": "industrial" }, "geometry": { "type": "Polygon", "coordinates": [ [ [ 121.2802733, 25.0236779 ], [ 121.2803873, 25.0233181 ], [ 121.2810243, 25.0234506 ], [ 121.2809304, 25.023837 ], [ 121.2802733, 25.0236779 ] ] ] } },
{ "type": "Feature", "properties": { "element": "way", "id": 466278521, "name": null, "landuse": "industrial" }, "geometry": { "type": "Polygon", "coordinates": [ [ [ 121.2811235, 25.0248396 ], [ 121.2812831, 25.0249757 ], [ 121.2816184, 25.0235867 ], [ 121.2814186, 25.023543 ], [ 121.2813949, 25.0236384 ], [ 121.2812687, 25.02419 ], [ 121.2811235, 25.0248396 ] ] ] } },
{ "type": "Feature", "properties": { "element": "way", "id": 466278532, "name": null, "landuse": "industrial" }, "geometry": { "type": "Polygon", "coordinates": [ [ [ 121.2792044, 25.0211362 ], [ 121.2791186, 25.0211168 ], [ 121.2782951, 25.0205359 ], [ 121.2783863, 25.0202588 ], [ 121.2784936, 25.0200498 ], [ 121.2787511, 25.0198019 ], [ 121.2790515, 25.0200255 ], [ 121.2791964, 25.0205116 ], [ 121.2794378, 25.0205504 ], [ 121.2794297, 25.0206501 ], [ 121.2792956, 25.020757 ], [ 121.2792634, 25.0209831 ], [ 121.2792044, 25.0211362 ] ] ] } },
{ "type": "Feature", "properties": { "element": "way", "id": 466278593, "name": null, "landuse": "industrial" }, "geometry": { "type": "Polygon", "coordinates": [ [ [ 121.2850919, 25.0123931 ], [ 121.2855747, 25.0122473 ], [ 121.2858107, 25.0121185 ], [ 121.2858375, 25.0119046 ], [ 121.2857275, 25.0116736 ], [ 121.2855934, 25.011416 ], [ 121.2855934, 25.0111753 ], [ 121.2858643, 25.0108837 ], [ 121.2857777, 25.0108251 ], [ 121.2859222, 25.0102766 ], [ 121.2861626, 25.0102622 ], [ 121.2861946, 25.0102201 ], [ 121.2866738, 25.0101388 ], [ 121.2866282, 25.0099101 ], [ 121.2861449, 25.0099908 ], [ 121.2860319, 25.0093832 ], [ 121.285692, 25.009433 ], [ 121.2858336, 25.0100258 ], [ 121.2854321, 25.0100828 ], [ 121.285479, 25.0105079 ], [ 121.2854352, 25.0105871 ], [ 121.2850221, 25.0107937 ], [ 121.2847459, 25.0109517 ], [ 121.284534, 25.0112337 ], [ 121.2846493, 25.0112945 ], [ 121.2846325, 25.0114077 ], [ 121.284452, 25.0116867 ], [ 121.2843087, 25.0117636 ], [ 121.2840834, 25.0118 ], [ 121.2838715, 25.011817 ], [ 121.2838071, 25.0118851 ], [ 121.2838393, 25.0122351 ], [ 121.2839573, 25.0123202 ], [ 121.2841531, 25.0123251 ], [ 121.2845527, 25.0123761 ], [ 121.2845501, 25.0124466 ], [ 121.2848987, 25.0124369 ], [ 121.2850919, 25.0123931 ] ] ] } },
{ "type": "Feature", "properties": { "element": "way", "id": 466636520, "name": null, "landuse": "industrial" }, "geometry": { "type": "Polygon", "coordinates": [ [ [ 121.282492, 25.0151316 ], [ 121.2823059, 25.0149855 ], [ 121.2823287, 25.0148567 ], [ 121.2823408, 25.014627 ], [ 121.2823274, 25.0144714 ], [ 121.2823622, 25.0144046 ], [ 121.2824333, 25.0143985 ], [ 121.2825619, 25.0144203 ], [ 121.2825259, 25.0145577 ], [ 121.2827659, 25.0146185 ], [ 121.2826372, 25.015022 ], [ 121.2825715, 25.0151107 ], [ 121.2825569, 25.0151235 ], [ 121.282545, 25.0151316 ], [ 121.282492, 25.0151316 ] ] ] } },
{ "type": "Feature", "properties": { "element": "way", "id": 466636544, "name": null, "landuse": "industrial" }, "geometry": { "type": "Polygon", "coordinates": [ [ [ 121.2843739, 25.0172411 ], [ 121.2842626, 25.0175425 ], [ 121.2841037, 25.0174714 ], [ 121.283992, 25.0174253 ], [ 121.2840454, 25.0173225 ], [ 121.284103, 25.0171657 ], [ 121.2843739, 25.0172411 ] ] ] } },
{ "type": "Feature", "properties": { "element": "way", "id": 468586578, "name": "黛安芬國際股份有限公司", "landuse": "industrial" }, "geometry": { "type": "Polygon", "coordinates": [ [ [ 121.1971676, 24.8429001 ], [ 121.1984555, 24.8420557 ], [ 121.1982367, 24.8409765 ], [ 121.1967516, 24.841902 ], [ 121.1971676, 24.8429001 ] ] ] } },
{ "type": "Feature", "properties": { "element": "way", "id": 487311837, "name": null, "landuse": "industrial" }, "geometry": { "type": "Polygon", "coordinates": [ [ [ 121.2910652, 25.0103804 ], [ 121.2901828, 25.0105214 ], [ 121.2896865, 25.0104947 ], [ 121.2893969, 25.0100741 ], [ 121.2888953, 25.0101179 ], [ 121.2887826, 25.0101082 ], [ 121.2887826, 25.0100061 ], [ 121.2887209, 25.0099891 ], [ 121.288788, 25.0098748 ], [ 121.2894398, 25.0095248 ], [ 121.2907021, 25.0088731 ], [ 121.2908935, 25.009179 ], [ 121.2909968, 25.0094574 ], [ 121.2910652, 25.0103804 ] ] ] } },
{ "type": "Feature", "properties": { "element": "way", "id": 487748032, "name": null, "landuse": "industrial" }, "geometry": { "type": "Polygon", "coordinates": [ [ [ 121.2631605, 25.0139962 ], [ 121.2627285, 25.0136219 ], [ 121.2629035, 25.0134428 ], [ 121.2630827, 25.0135975 ], [ 121.2631377, 25.0135441 ], [ 121.2633992, 25.0137604 ], [ 121.2631605, 25.0139962 ] ] ] } },
{ "type": "Feature", "properties": { "element": "way", "id": 487748062, "name": null, "landuse": "industrial" }, "geometry": { "type": "Polygon", "coordinates": [ [ [ 121.26146, 25.0125718 ], [ 121.2602718, 25.0115327 ], [ 121.2603523, 25.0114112 ], [ 121.2604502, 25.0112337 ], [ 121.2605145, 25.0110368 ], [ 121.2607157, 25.0109627 ], [ 121.2609651, 25.0110065 ], [ 121.2611113, 25.0111487 ], [ 121.2612387, 25.0111632 ], [ 121.2613366, 25.0111316 ], [ 121.2615606, 25.0113115 ], [ 121.2613849, 25.0114756 ], [ 121.2614359, 25.0115424 ], [ 121.261228, 25.0116931 ], [ 121.2614962, 25.0118426 ], [ 121.2616987, 25.0120115 ], [ 121.2618663, 25.0121088 ], [ 121.2618301, 25.0121635 ], [ 121.2617899, 25.0121647 ], [ 121.2617514, 25.0121438 ], [ 121.261625, 25.0123409 ], [ 121.2615592, 25.0124831 ], [ 121.26146, 25.0125718 ] ] ] } },
{ "type": "Feature", "properties": { "element": "way", "id": 487748068, "name": null, "landuse": "industrial" }, "geometry": { "type": "Polygon", "coordinates": [ [ [ 121.2601417, 25.0114464 ], [ 121.2599285, 25.0112872 ], [ 121.2600583, 25.0111302 ], [ 121.2602037, 25.0110059 ], [ 121.2603304, 25.0108298 ], [ 121.2604671, 25.0109105 ], [ 121.2603469, 25.0111523 ], [ 121.2602463, 25.0113152 ], [ 121.2601417, 25.0114464 ] ] ] } },
{ "type": "Feature", "properties": { "element": "way", "id": 488044877, "name": null, "landuse": "industrial" }, "geometry": { "type": "Polygon", "coordinates": [ [ [ 121.2831953, 25.0191881 ], [ 121.2831358, 25.01923 ], [ 121.2829132, 25.0190598 ], [ 121.2828783, 25.0190641 ], [ 121.2827335, 25.018962 ], [ 121.2827321, 25.0188891 ], [ 121.2827273, 25.0188106 ], [ 121.2826205, 25.0187081 ], [ 121.2824786, 25.0185221 ], [ 121.2823767, 25.0183471 ], [ 121.2822574, 25.0181137 ], [ 121.2824894, 25.018008 ], [ 121.2826181, 25.0179983 ], [ 121.2826932, 25.0180724 ], [ 121.282775, 25.0180116 ], [ 121.283007, 25.0182899 ], [ 121.2830808, 25.0182438 ], [ 121.2831264, 25.0183142 ], [ 121.2832028, 25.0182219 ], [ 121.2833222, 25.0183057 ], [ 121.2835569, 25.0179557 ], [ 121.2837098, 25.0177783 ], [ 121.283868, 25.0175571 ], [ 121.2839005, 25.0175194 ], [ 121.2842049, 25.0176567 ], [ 121.2841546, 25.0177552 ], [ 121.284105, 25.0178548 ], [ 121.283991, 25.0180493 ], [ 121.283932, 25.0181349 ], [ 121.2838639, 25.0182496 ], [ 121.2838301, 25.0183005 ], [ 121.2837684, 25.0183965 ], [ 121.2836843, 25.0185437 ], [ 121.2836649, 25.0185777 ], [ 121.2836425, 25.0186168 ], [ 121.2836293, 25.0186399 ], [ 121.2835502, 25.0187522 ], [ 121.2835064, 25.0188144 ], [ 121.2833569, 25.0190267 ], [ 121.2831953, 25.0191881 ] ] ] } },
{ "type": "Feature", "properties": { "element": "way", "id": 488285835, "name": null, "landuse": "industrial" }, "geometry": { "type": "Polygon", "coordinates": [ [ [ 121.286323, 25.0124722 ], [ 121.2861701, 25.0121417 ], [ 121.286374, 25.0120906 ], [ 121.2864866, 25.0121587 ], [ 121.2865564, 25.0121295 ], [ 121.2867146, 25.0121708 ], [ 121.2873074, 25.0124212 ], [ 121.2868755, 25.0129341 ], [ 121.2863606, 25.0127566 ], [ 121.2862345, 25.0125111 ], [ 121.286323, 25.0124722 ] ] ] } },
{ "type": "Feature", "properties": { "element": "way", "id": 489266012, "name": null, "landuse": "industrial" }, "geometry": { "type": "Polygon", "coordinates": [ [ [ 121.2813661, 25.0113645 ], [ 121.2812775, 25.010679 ], [ 121.2812588, 25.0103776 ], [ 121.2813151, 25.0102804 ], [ 121.2810242, 25.0103465 ], [ 121.2809973, 25.0103526 ], [ 121.2808403, 25.0103898 ], [ 121.2808968, 25.0105462 ], [ 121.2810871, 25.0108662 ], [ 121.2811166, 25.01117 ], [ 121.2813661, 25.0113645 ] ] ] } },
{ "type": "Feature", "properties": { "element": "way", "id": 489266144, "name": null, "landuse": "industrial" }, "geometry": { "type": "Polygon", "coordinates": [ [ [ 121.2781648, 25.0133025 ], [ 121.2789856, 25.0128504 ], [ 121.2789454, 25.0125782 ], [ 121.2788381, 25.0126171 ], [ 121.2785833, 25.0127556 ], [ 121.2781648, 25.0133025 ] ] ] } },
{ "type": "Feature", "properties": { "element": "way", "id": 489266162, "name": null, "landuse": "industrial" }, "geometry": { "type": "Polygon", "coordinates": [ [ [ 121.2790392, 25.0143057 ], [ 121.2785792, 25.014358 ], [ 121.2785712, 25.0142912 ], [ 121.2785269, 25.014296 ], [ 121.2785082, 25.0141587 ], [ 121.2785193, 25.0141576 ], [ 121.278708, 25.0141356 ], [ 121.2790084, 25.0140943 ], [ 121.2790392, 25.0143057 ] ] ] } },
{ "type": "Feature", "properties": { "element": "way", "id": 489270306, "name": null, "landuse": "industrial" }, "geometry": { "type": "Polygon", "coordinates": [ [ [ 121.2762504, 25.0133687 ], [ 121.2760492, 25.0131184 ], [ 121.2756939, 25.013342 ], [ 121.2757462, 25.0134149 ], [ 121.2754082, 25.013647 ], [ 121.2758669, 25.0141405 ], [ 121.2761525, 25.0139411 ], [ 121.2759715, 25.0136859 ], [ 121.2759111, 25.0136045 ], [ 121.2762504, 25.0133687 ] ] ] } },
{ "type": "Feature", "properties": { "element": "way", "id": 492155872, "name": null, "landuse": "industrial" }, "geometry": { "type": "Polygon", "coordinates": [ [ [ 121.2545652, 25.0070731 ], [ 121.254647, 25.0068215 ], [ 121.2552102, 25.0069734 ], [ 121.2551311, 25.0072226 ], [ 121.2545652, 25.0070731 ] ] ] } },
{ "type": "Feature", "properties": { "element": "way", "id": 492586695, "name": null, "landuse": "industrial" }, "geometry": { "type": "Polygon", "coordinates": [ [ [ 121.2279329, 25.0135719 ], [ 121.2278283, 25.0135756 ], [ 121.227835, 25.0134249 ], [ 121.2279018, 25.0134227 ], [ 121.2280001, 25.013419 ], [ 121.2280518, 25.0134178 ], [ 121.2282695, 25.0134128 ], [ 121.2285133, 25.0134047 ], [ 121.2285186, 25.0135581 ], [ 121.2283384, 25.0135632 ], [ 121.228057, 25.013569 ], [ 121.2279329, 25.0135719 ] ] ] } },
{ "type": "Feature", "properties": { "element": "way", "id": 492586696, "name": null, "landuse": "industrial" }, "geometry": { "type": "Polygon", "coordinates": [ [ [ 121.2279004, 25.0132374 ], [ 121.2278364, 25.013239 ], [ 121.227839, 25.0131624 ], [ 121.2282709, 25.0131563 ], [ 121.2285136, 25.0132402 ], [ 121.2285136, 25.0133131 ], [ 121.2282655, 25.0132305 ], [ 121.228267, 25.0133227 ], [ 121.2279976, 25.0133289 ], [ 121.2279956, 25.0132369 ], [ 121.2279004, 25.0132374 ] ] ] } },
{ "type": "Feature", "properties": { "element": "way", "id": 492586705, "name": null, "landuse": "industrial" }, "geometry": { "type": "Polygon", "coordinates": [ [ [ 121.2283956, 25.0138733 ], [ 121.2282945, 25.0138746 ], [ 121.2278169, 25.0138816 ], [ 121.2278015, 25.0138819 ], [ 121.2278069, 25.013747 ], [ 121.2283949, 25.0137379 ], [ 121.2283956, 25.0138733 ] ] ] } },
{ "type": "Feature", "properties": { "element": "way", "id": 492586706, "name": null, "landuse": "industrial" }, "geometry": { "type": "Polygon", "coordinates": [ [ [ 121.2285931, 25.0136651 ], [ 121.2285944, 25.0135484 ], [ 121.2292623, 25.0135409 ], [ 121.2293227, 25.0135402 ], [ 121.2295614, 25.0135375 ], [ 121.2295587, 25.0136554 ], [ 121.2295064, 25.0136559 ], [ 121.2292623, 25.0136584 ], [ 121.2285931, 25.0136651 ] ] ] } },
{ "type": "Feature", "properties": { "element": "way", "id": 492586726, "name": "永全倉儲物流", "landuse": "industrial" }, "geometry": { "type": "Polygon", "coordinates": [ [ [ 121.2285676, 25.0125622 ], [ 121.2285086, 25.0095044 ], [ 121.2295037, 25.0094898 ], [ 121.2295426, 25.0108906 ], [ 121.2295493, 25.0111305 ], [ 121.22945, 25.0111475 ], [ 121.2294742, 25.011308 ], [ 121.2298497, 25.0112666 ], [ 121.2299677, 25.0112885 ], [ 121.2302574, 25.0112739 ], [ 121.2305497, 25.0126059 ], [ 121.2298497, 25.0126084 ], [ 121.2298537, 25.0124978 ], [ 121.2285676, 25.0125622 ] ] ] } },
{ "type": "Feature", "properties": { "element": "way", "id": 492632384, "name": null, "landuse": "industrial" }, "geometry": { "type": "Polygon", "coordinates": [ [ [ 121.248649, 24.957536 ], [ 121.248536, 24.957451 ], [ 121.248379, 24.957608 ], [ 121.2485, 24.957692 ], [ 121.248649, 24.957536 ] ] ] } },
{ "type": "Feature", "properties": { "element": "way", "id": 492632385, "name": null, "landuse": "industrial" }, "geometry": { "type": "Polygon", "coordinates": [ [ [ 121.248514, 24.957439 ], [ 121.2484258, 24.9573778 ], [ 121.2482709, 24.9575348 ], [ 121.2483427, 24.9576009 ], [ 121.248514, 24.957439 ] ] ] } },
{ "type": "Feature", "properties": { "element": "way", "id": 492900829, "name": null, "landuse": "industrial" }, "geometry": { "type": "Polygon", "coordinates": [ [ [ 121.2338932, 25.0131242 ], [ 121.2348267, 25.0133175 ], [ 121.2349138, 25.0129772 ], [ 121.234309, 25.0128532 ], [ 121.2343174, 25.0128227 ], [ 121.2343455, 25.0127072 ], [ 121.2343559, 25.0126685 ], [ 121.2340247, 25.012598 ], [ 121.2338932, 25.0131242 ] ] ] } },
{ "type": "Feature", "properties": { "element": "way", "id": 492900832, "name": null, "landuse": "industrial" }, "geometry": { "type": "Polygon", "coordinates": [ [ [ 121.2341873, 25.01208 ], [ 121.2341387, 25.0120693 ], [ 121.2341816, 25.0118943 ], [ 121.2342088, 25.0119003 ], [ 121.2343575, 25.0119325 ], [ 121.2351284, 25.0121033 ], [ 121.2350801, 25.0122759 ], [ 121.234754, 25.012206 ], [ 121.2341873, 25.01208 ] ] ] } },
{ "type": "Feature", "properties": { "element": "way", "id": 492900849, "name": null, "landuse": "industrial" }, "geometry": { "type": "Polygon", "coordinates": [ [ [ 121.23644, 25.01428 ], [ 121.2365378, 25.0139094 ], [ 121.2365656, 25.0137992 ], [ 121.2374122, 25.0139745 ], [ 121.2374619, 25.0139847 ], [ 121.2373868, 25.0144659 ], [ 121.23644, 25.01428 ] ] ] } },
{ "type": "Feature", "properties": { "element": "way", "id": 492900872, "name": null, "landuse": "industrial" }, "geometry": { "type": "Polygon", "coordinates": [ [ [ 121.2345329, 25.0104894 ], [ 121.2348331, 25.0105487 ], [ 121.2349085, 25.0105647 ], [ 121.2349983, 25.0102208 ], [ 121.2349233, 25.0102056 ], [ 121.2346188, 25.0101442 ], [ 121.2345329, 25.0104894 ] ] ] } },
{ "type": "Feature", "properties": { "element": "way", "id": 492900877, "name": null, "landuse": "industrial" }, "geometry": { "type": "Polygon", "coordinates": [ [ [ 121.235815, 25.0113 ], [ 121.2358901, 25.0109949 ], [ 121.2362944, 25.0110724 ], [ 121.2362167, 25.0113786 ], [ 121.235815, 25.0113 ] ] ] } },
{ "type": "Feature", "properties": { "element": "way", "id": 493172775, "name": null, "landuse": "industrial" }, "geometry": { "type": "Polygon", "coordinates": [ [ [ 121.2321575, 25.0372823 ], [ 121.232246, 25.0370733 ], [ 121.2319884, 25.0369866 ], [ 121.2317277, 25.0368975 ], [ 121.231621, 25.0368595 ], [ 121.2312522, 25.0369603 ], [ 121.2321575, 25.0372823 ] ] ] } },
{ "type": "Feature", "properties": { "element": "way", "id": 493178164, "name": null, "landuse": "industrial" }, "geometry": { "type": "Polygon", "coordinates": [ [ [ 121.2244191, 25.0398261 ], [ 121.2244649, 25.039879 ], [ 121.2242865, 25.0399519 ], [ 121.2240746, 25.0400564 ], [ 121.2238641, 25.0401268 ], [ 121.2236763, 25.0402009 ], [ 121.2235757, 25.0402155 ], [ 121.2234765, 25.0402301 ], [ 121.2234054, 25.0402337 ], [ 121.2233397, 25.0401475 ], [ 121.2236897, 25.0399105 ], [ 121.2238922, 25.0397951 ], [ 121.2240129, 25.039721 ], [ 121.2241524, 25.0396068 ], [ 121.224198, 25.039574 ], [ 121.2244191, 25.0398261 ] ] ] } },
{ "type": "Feature", "properties": { "element": "way", "id": 493178168, "name": null, "landuse": "industrial" }, "geometry": { "type": "Polygon", "coordinates": [ [ [ 121.224536, 25.0421146 ], [ 121.2245816, 25.0421073 ], [ 121.2247398, 25.0419081 ], [ 121.2246593, 25.0418485 ], [ 121.2247452, 25.0417586 ], [ 121.2248176, 25.0415837 ], [ 121.2249356, 25.0414597 ], [ 121.2246701, 25.0412192 ], [ 121.22423, 25.0408287 ], [ 121.2240739, 25.0407165 ], [ 121.2239322, 25.0406114 ], [ 121.2237618, 25.0408002 ], [ 121.223746, 25.0407902 ], [ 121.2234456, 25.0409871 ], [ 121.2232874, 25.0410782 ], [ 121.2232297, 25.0411037 ], [ 121.2231278, 25.0411742 ], [ 121.2231707, 25.0412216 ], [ 121.2233679, 25.041365 ], [ 121.224434, 25.0421402 ], [ 121.224489, 25.0420806 ], [ 121.224536, 25.0421146 ] ] ] } },
{ "type": "Feature", "properties": { "element": "way", "id": 493188946, "name": null, "landuse": "industrial" }, "geometry": { "type": "Polygon", "coordinates": [ [ [ 121.2220763, 25.0478767 ], [ 121.2219859, 25.0480516 ], [ 121.2211047, 25.0476714 ], [ 121.2212657, 25.0473627 ], [ 121.2221468, 25.0477443 ], [ 121.2221401, 25.0477547 ], [ 121.2220763, 25.0478767 ] ] ] } },
{ "type": "Feature", "properties": { "element": "way", "id": 493188967, "name": null, "landuse": "industrial" }, "geometry": { "type": "Polygon", "coordinates": [ [ [ 121.2237722, 25.0474855 ], [ 121.2242282, 25.0477698 ], [ 121.224066, 25.0479787 ], [ 121.2236113, 25.0476944 ], [ 121.2237722, 25.0474855 ] ] ] } },
{ "type": "Feature", "properties": { "element": "way", "id": 493188983, "name": null, "landuse": "industrial" }, "geometry": { "type": "Polygon", "coordinates": [ [ [ 121.2233152, 25.0489864 ], [ 121.2233498, 25.0488875 ], [ 121.2234114, 25.0488462 ], [ 121.2235268, 25.0490491 ], [ 121.2235113, 25.0490565 ], [ 121.223401, 25.0491679 ], [ 121.2234279, 25.0491898 ], [ 121.2233919, 25.0492261 ], [ 121.2232179, 25.0490847 ], [ 121.2233152, 25.0489864 ] ] ] } },
{ "type": "Feature", "properties": { "element": "way", "id": 493196063, "name": null, "landuse": "industrial" }, "geometry": { "type": "Polygon", "coordinates": [ [ [ 121.2200594, 25.0500185 ], [ 121.2199009, 25.0499482 ], [ 121.2200243, 25.0497223 ], [ 121.2201803, 25.0497921 ], [ 121.2200594, 25.0500185 ] ] ] } },
{ "type": "Feature", "properties": { "element": "way", "id": 493196065, "name": null, "landuse": "industrial" }, "geometry": { "type": "Polygon", "coordinates": [ [ [ 121.2225657, 25.0502611 ], [ 121.2227883, 25.0498103 ], [ 121.2232416, 25.0499999 ], [ 121.223106, 25.0502482 ], [ 121.2229975, 25.050447 ], [ 121.2229509, 25.0504269 ], [ 121.2225657, 25.0502611 ] ] ] } },
{ "type": "Feature", "properties": { "element": "way", "id": 503901186, "name": null, "landuse": "industrial" }, "geometry": { "type": "Polygon", "coordinates": [ [ [ 121.2319937, 25.018344 ], [ 121.2317576, 25.0178992 ], [ 121.2308819, 25.0183124 ], [ 121.2310582, 25.0186287 ], [ 121.2311206, 25.0187387 ], [ 121.2318005, 25.0184318 ], [ 121.2319937, 25.018344 ] ] ] } },
{ "type": "Feature", "properties": { "element": "way", "id": 504905846, "name": "台電電料堆置場", "landuse": "industrial" }, "geometry": { "type": "Polygon", "coordinates": [ [ [ 121.1960131, 24.8171031 ], [ 121.1961072, 24.816701 ], [ 121.1962559, 24.8166874 ], [ 121.1987627, 24.8169596 ], [ 121.1988651, 24.8170112 ], [ 121.1986527, 24.8187981 ], [ 121.1957972, 24.8185122 ], [ 121.1960131, 24.8171031 ] ] ] } },
{ "type": "Feature", "properties": { "element": "way", "id": 504905847, "name": "台電電料堆置場", "landuse": "industrial" }, "geometry": { "type": "Polygon", "coordinates": [ [ [ 121.1988651, 24.8170112 ], [ 121.1988755, 24.816955 ], [ 121.1993063, 24.8170118 ], [ 121.1994533, 24.8194437 ], [ 121.1992295, 24.819998 ], [ 121.1985467, 24.8201667 ], [ 121.198247, 24.8198534 ], [ 121.1986527, 24.8187981 ], [ 121.1988651, 24.8170112 ] ] ] } },
{ "type": "Feature", "properties": { "element": "way", "id": 505264809, "name": null, "landuse": "industrial" }, "geometry": { "type": "Polygon", "coordinates": [ [ [ 121.2297811, 25.0214009 ], [ 121.2297469, 25.0216227 ], [ 121.2296432, 25.0216087 ], [ 121.2294035, 25.0215757 ], [ 121.2292464, 25.0215543 ], [ 121.2291507, 25.0215409 ], [ 121.229161, 25.0214807 ], [ 121.229191, 25.0213198 ], [ 121.2297811, 25.0214009 ] ] ] } },
{ "type": "Feature", "properties": { "element": "way", "id": 505274943, "name": null, "landuse": "industrial" }, "geometry": { "type": "Polygon", "coordinates": [ [ [ 121.2339953, 25.0161634 ], [ 121.2342493, 25.0163017 ], [ 121.2341997, 25.0163394 ], [ 121.2341836, 25.0163831 ], [ 121.2341822, 25.0164305 ], [ 121.2341125, 25.0163938 ], [ 121.2334807, 25.0160424 ], [ 121.2335621, 25.0159244 ], [ 121.2339953, 25.0161634 ] ] ] } },
{ "type": "Feature", "properties": { "element": "way", "id": 505274945, "name": null, "landuse": "industrial" }, "geometry": { "type": "Polygon", "coordinates": [ [ [ 121.2348796, 25.0175377 ], [ 121.234842, 25.0175389 ], [ 121.2341675, 25.0171913 ], [ 121.2341011, 25.0172855 ], [ 121.2339382, 25.0172011 ], [ 121.2343123, 25.0166396 ], [ 121.2342479, 25.0164245 ], [ 121.23426, 25.016388 ], [ 121.2343244, 25.0163588 ], [ 121.2344478, 25.016343 ], [ 121.2345148, 25.0163248 ], [ 121.2346664, 25.0161109 ], [ 121.2350278, 25.0163033 ], [ 121.2354569, 25.0165398 ], [ 121.235463, 25.0165873 ], [ 121.2353825, 25.0167198 ], [ 121.2353235, 25.0168401 ], [ 121.2353329, 25.0168838 ], [ 121.2348796, 25.0175377 ] ] ] } },
{ "type": "Feature", "properties": { "element": "way", "id": 505461219, "name": null, "landuse": "industrial" }, "geometry": { "type": "Polygon", "coordinates": [ [ [ 121.2641105, 25.0148207 ], [ 121.2644646, 25.0125019 ], [ 121.2645692, 25.0124436 ], [ 121.2646738, 25.0124606 ], [ 121.2658969, 25.0133818 ], [ 121.2659103, 25.013479 ], [ 121.265634, 25.0135568 ], [ 121.2655214, 25.0138631 ], [ 121.2655536, 25.0138922 ], [ 121.2658459, 25.013812 ], [ 121.2661088, 25.0138534 ], [ 121.2663636, 25.0139384 ], [ 121.2665862, 25.0140016 ], [ 121.2668759, 25.0142034 ], [ 121.2666586, 25.0144197 ], [ 121.2670556, 25.014743 ], [ 121.2673372, 25.0148426 ], [ 121.2675813, 25.0150273 ], [ 121.2675196, 25.0151172 ], [ 121.2679635, 25.0153919 ], [ 121.2683612, 25.0153251 ], [ 121.2684651, 25.015427 ], [ 121.2690125, 25.0164045 ], [ 121.2684839, 25.0170394 ], [ 121.2683104, 25.0172279 ], [ 121.2677074, 25.0178347 ], [ 121.2641105, 25.0148207 ] ] ] } },
{ "type": "Feature", "properties": { "element": "way", "id": 505461220, "name": null, "landuse": "industrial" }, "geometry": { "type": "Polygon", "coordinates": [ [ [ 121.2654403, 25.0167786 ], [ 121.2651632, 25.0171822 ], [ 121.2646368, 25.0169123 ], [ 121.2645324, 25.0169605 ], [ 121.263836, 25.016559 ], [ 121.2639389, 25.0158945 ], [ 121.2645605, 25.0162238 ], [ 121.2647865, 25.0159112 ], [ 121.2651083, 25.0161166 ], [ 121.2650594, 25.0161761 ], [ 121.2652579, 25.0163493 ], [ 121.2651197, 25.0165134 ], [ 121.2654403, 25.0167786 ] ] ] } },
{ "type": "Feature", "properties": { "element": "way", "id": 505476567, "name": null, "landuse": "industrial" }, "geometry": { "type": "Polygon", "coordinates": [ [ [ 121.2688137, 25.0189503 ], [ 121.2699135, 25.018978 ], [ 121.2699195, 25.018649 ], [ 121.2698846, 25.0185287 ], [ 121.2698612, 25.0184184 ], [ 121.2695795, 25.0181559 ], [ 121.2694199, 25.018055 ], [ 121.2693287, 25.0180234 ], [ 121.2689425, 25.0180392 ], [ 121.2689383, 25.0179924 ], [ 121.2692642, 25.0176716 ], [ 121.2692402, 25.0176333 ], [ 121.269273, 25.0175891 ], [ 121.2693891, 25.0174765 ], [ 121.2693341, 25.0174097 ], [ 121.2693564, 25.0173878 ], [ 121.2693658, 25.017366 ], [ 121.2693994, 25.0172363 ], [ 121.269406, 25.0172156 ], [ 121.2694589, 25.0171093 ], [ 121.26915, 25.0169832 ], [ 121.2690793, 25.0169005 ], [ 121.2689023, 25.0171168 ], [ 121.2686729, 25.0172869 ], [ 121.2686769, 25.0173781 ], [ 121.2685201, 25.0174729 ], [ 121.2687574, 25.017812 ], [ 121.2683564, 25.0182154 ], [ 121.2688204, 25.0185739 ], [ 121.2688137, 25.0189503 ] ] ] } },
{ "type": "Feature", "properties": { "element": "way", "id": 505960792, "name": null, "landuse": "industrial" }, "geometry": { "type": "Polygon", "coordinates": [ [ [ 121.2592276, 25.0121387 ], [ 121.2591767, 25.0121812 ], [ 121.2592022, 25.0122615 ], [ 121.2592705, 25.0122627 ], [ 121.2594288, 25.0121314 ], [ 121.2596474, 25.0119443 ], [ 121.2598719, 25.0117626 ], [ 121.2599937, 25.0116344 ], [ 121.2600551, 25.0116052 ], [ 121.2598205, 25.0114285 ], [ 121.2594368, 25.0111579 ], [ 121.259174, 25.0110075 ], [ 121.2590204, 25.0112591 ], [ 121.2591592, 25.0113393 ], [ 121.2590533, 25.0115143 ], [ 121.2591673, 25.0115781 ], [ 121.259386, 25.0113083 ], [ 121.2597332, 25.0115372 ], [ 121.2596943, 25.0116523 ], [ 121.2595857, 25.0117677 ], [ 121.2592276, 25.0121387 ] ] ] } },
{ "type": "Feature", "properties": { "element": "way", "id": 506720640, "name": null, "landuse": "industrial" }, "geometry": { "type": "Polygon", "coordinates": [ [ [ 121.2227668, 25.0326191 ], [ 121.222575, 25.0328438 ], [ 121.2224194, 25.0327685 ], [ 121.2222679, 25.0326725 ], [ 121.2223645, 25.0324659 ], [ 121.2227668, 25.0326191 ] ] ] } },
{ "type": "Feature", "properties": { "element": "way", "id": 507019847, "name": null, "landuse": "industrial" }, "geometry": { "type": "Polygon", "coordinates": [ [ [ 121.2357437, 25.0195607 ], [ 121.2356855, 25.0195529 ], [ 121.2357325, 25.0193111 ], [ 121.2357834, 25.0191069 ], [ 121.2358062, 25.0190219 ], [ 121.2357606, 25.0188906 ], [ 121.2357419, 25.0187739 ], [ 121.2358961, 25.0177397 ], [ 121.2368778, 25.0178759 ], [ 121.2365847, 25.0196954 ], [ 121.2361782, 25.0196352 ], [ 121.2361448, 25.0196143 ], [ 121.2357437, 25.0195607 ] ] ] } },
{ "type": "Feature", "properties": { "element": "way", "id": 507955211, "name": "關西鎮農會仙草加工廠", "landuse": "industrial" }, "geometry": { "type": "Polygon", "coordinates": [ [ [ 121.1624298, 24.8035741 ], [ 121.1627471, 24.8033622 ], [ 121.1630816, 24.8031217 ], [ 121.1623831, 24.8022617 ], [ 121.1618466, 24.8025928 ], [ 121.1624298, 24.8035741 ] ] ] } },
{ "type": "Feature", "properties": { "element": "way", "id": 508727358, "name": "啟銘機械", "landuse": "industrial" }, "geometry": { "type": "Polygon", "coordinates": [ [ [ 121.2975203, 24.9442264 ], [ 121.2985962, 24.944451 ], [ 121.2990351, 24.9444639 ], [ 121.2994485, 24.9440258 ], [ 121.2997713, 24.9430326 ], [ 121.2997783, 24.9428144 ], [ 121.2994173, 24.9427246 ], [ 121.2991787, 24.9432899 ], [ 121.2991135, 24.9433743 ], [ 121.2989856, 24.94336 ], [ 121.2976185, 24.942956 ], [ 121.2975203, 24.9442264 ] ] ] } },
{ "type": "Feature", "properties": { "element": "way", "id": 508727359, "name": "中台橡膠工業", "landuse": "industrial" }, "geometry": { "type": "Polygon", "coordinates": [ [ [ 121.2965641, 24.9444472 ], [ 121.2973343, 24.9444612 ], [ 121.2973713, 24.9434136 ], [ 121.2964039, 24.9431454 ], [ 121.2957815, 24.9429079 ], [ 121.2954272, 24.9427766 ], [ 121.2952392, 24.9431398 ], [ 121.2948387, 24.9431314 ], [ 121.2947493, 24.9434918 ], [ 121.2954395, 24.9434946 ], [ 121.2954518, 24.9439723 ], [ 121.2965693, 24.9439859 ], [ 121.2965641, 24.9444472 ] ] ] } },
{ "type": "Feature", "properties": { "element": "way", "id": 514617916, "name": "台電電料堆置區", "landuse": "industrial" }, "geometry": { "type": "Polygon", "coordinates": [ [ [ 121.2861896, 24.913511 ], [ 121.2860788, 24.9135118 ], [ 121.2861489, 24.912599 ], [ 121.2861946, 24.9120035 ], [ 121.2862281, 24.9120059 ], [ 121.2868461, 24.9120497 ], [ 121.288533, 24.9121693 ], [ 121.2887947, 24.9123103 ], [ 121.2889324, 24.9125634 ], [ 121.2887949, 24.9128032 ], [ 121.2887859, 24.9128533 ], [ 121.2887978, 24.9136909 ], [ 121.2867887, 24.9135594 ], [ 121.2868079, 24.9134289 ], [ 121.2867356, 24.9134221 ], [ 121.2862002, 24.9133716 ], [ 121.2861896, 24.913511 ] ] ] } },
{ "type": "Feature", "properties": { "element": "way", "id": 517896932, "name": "聯成鋼鐵公司", "landuse": "industrial" }, "geometry": { "type": "Polygon", "coordinates": [ [ [ 121.1026475, 24.990815 ], [ 121.1031904, 24.9915266 ], [ 121.1044326, 24.9907259 ], [ 121.103585, 24.9887477 ], [ 121.1034586, 24.9885187 ], [ 121.1031245, 24.9888523 ], [ 121.1031549, 24.9889977 ], [ 121.1030963, 24.9890392 ], [ 121.1030613, 24.9890142 ], [ 121.1029106, 24.9890768 ], [ 121.1020873, 24.9899191 ], [ 121.1027354, 24.9907469 ], [ 121.1026475, 24.990815 ] ] ] } },
{ "type": "Feature", "properties": { "element": "way", "id": 518557753, "name": "新普科技股份有限公司", "landuse": "industrial" }, "geometry": { "type": "Polygon", "coordinates": [ [ [ 121.0784904, 24.8858794 ], [ 121.0786965, 24.885213 ], [ 121.0778908, 24.8850041 ], [ 121.0776579, 24.8843307 ], [ 121.078997, 24.8846163 ], [ 121.0804603, 24.8848726 ], [ 121.0798546, 24.8851649 ], [ 121.0799444, 24.885563 ], [ 121.0797137, 24.8858175 ], [ 121.0794178, 24.8862323 ], [ 121.0792748, 24.8862926 ], [ 121.0791252, 24.8862534 ], [ 121.0786798, 24.8859187 ], [ 121.0784904, 24.8858794 ] ] ] } },
{ "type": "Feature", "properties": { "element": "way", "id": 518557761, "name": "久聯化學工業股份有限公司", "landuse": "industrial" }, "geometry": { "type": "Polygon", "coordinates": [ [ [ 121.0733229, 24.8765958 ], [ 121.0733617, 24.8771689 ], [ 121.0726559, 24.8773642 ], [ 121.0734182, 24.879266 ], [ 121.0734711, 24.8802361 ], [ 121.0743958, 24.8803513 ], [ 121.0745687, 24.8811742 ], [ 121.0735911, 24.8810557 ], [ 121.0724018, 24.8803674 ], [ 121.0718936, 24.8798871 ], [ 121.0722394, 24.8794101 ], [ 121.0714983, 24.8788498 ], [ 121.0719289, 24.8766278 ], [ 121.0733229, 24.8765958 ] ] ] } },
{ "type": "Feature", "properties": { "element": "way", "id": 519524085, "name": "台全電機公司", "landuse": "industrial" }, "geometry": { "type": "Polygon", "coordinates": [ [ [ 121.1886109, 24.8274922 ], [ 121.1876319, 24.8283296 ], [ 121.1873503, 24.8284611 ], [ 121.1870901, 24.828741 ], [ 121.1863971, 24.8290555 ], [ 121.1859723, 24.8291295 ], [ 121.1858642, 24.8287216 ], [ 121.1854052, 24.8288145 ], [ 121.1843013, 24.8294652 ], [ 121.1835579, 24.8295426 ], [ 121.1830562, 24.8294457 ], [ 121.181916, 24.8298245 ], [ 121.1811603, 24.8294447 ], [ 121.1794551, 24.8300596 ], [ 121.178308, 24.8288355 ], [ 121.1813578, 24.8275103 ], [ 121.1824597, 24.8272725 ], [ 121.1842387, 24.8270079 ], [ 121.185381, 24.8268361 ], [ 121.1862235, 24.8269795 ], [ 121.1862938, 24.8272848 ], [ 121.1876158, 24.8270143 ], [ 121.1878883, 24.8270587 ], [ 121.1883801, 24.8272558 ], [ 121.1886109, 24.8274922 ] ] ] } },
{ "type": "Feature", "properties": { "element": "way", "id": 521243709, "name": null, "landuse": "industrial" }, "geometry": { "type": "Polygon", "coordinates": [ [ [ 121.2728671, 25.0263662 ], [ 121.2729677, 25.0261353 ], [ 121.2734062, 25.0263006 ], [ 121.2734599, 25.0262313 ], [ 121.2735229, 25.0262094 ], [ 121.2736221, 25.0262277 ], [ 121.273653, 25.0261426 ], [ 121.2736919, 25.0261487 ], [ 121.2738837, 25.0256128 ], [ 121.2736114, 25.0245082 ], [ 121.2736141, 25.0244486 ], [ 121.2737455, 25.0243392 ], [ 121.2737562, 25.0242068 ], [ 121.2739574, 25.0235955 ], [ 121.2741425, 25.0236429 ], [ 121.2742605, 25.0234011 ], [ 121.2749807, 25.0236818 ], [ 121.2749096, 25.0238434 ], [ 121.2749217, 25.024016 ], [ 121.2749012, 25.024158 ], [ 121.2747849, 25.0246005 ], [ 121.2746414, 25.0250611 ], [ 121.2745462, 25.0254098 ], [ 121.2745368, 25.0256748 ], [ 121.2744939, 25.0259773 ], [ 121.2744979, 25.0261778 ], [ 121.2746534, 25.0264318 ], [ 121.274168, 25.0263662 ], [ 121.2738823, 25.0263261 ], [ 121.2737952, 25.0263332 ], [ 121.2737267, 25.0263223 ], [ 121.2736315, 25.0263074 ], [ 121.2735797, 25.0263159 ], [ 121.2730897, 25.0264488 ], [ 121.2728671, 25.0263662 ] ] ] } },
{ "type": "Feature", "properties": { "element": "way", "id": 521243712, "name": null, "landuse": "industrial" }, "geometry": { "type": "Polygon", "coordinates": [ [ [ 121.2729784, 25.0212817 ], [ 121.2727102, 25.0214737 ], [ 121.27245, 25.0216439 ], [ 121.2722284, 25.0217557 ], [ 121.2719753, 25.0219623 ], [ 121.2718143, 25.0221944 ], [ 121.2718379, 25.0222086 ], [ 121.2719499, 25.0222652 ], [ 121.272059, 25.02232 ], [ 121.2721812, 25.0223834 ], [ 121.2727236, 25.0227084 ], [ 121.2727559, 25.022655 ], [ 121.2729316, 25.0223823 ], [ 121.2728332, 25.0223303 ], [ 121.2728122, 25.0223201 ], [ 121.272849, 25.0222636 ], [ 121.2726759, 25.0221826 ], [ 121.2725621, 25.0221349 ], [ 121.2724446, 25.0220692 ], [ 121.2725251, 25.0218663 ], [ 121.2725948, 25.0218824 ], [ 121.2726672, 25.0218992 ], [ 121.2726869, 25.0218294 ], [ 121.2727196, 25.0217848 ], [ 121.2729194, 25.0218286 ], [ 121.2729851, 25.0216208 ], [ 121.2729891, 25.0215649 ], [ 121.2730535, 25.0215406 ], [ 121.2730347, 25.0213717 ], [ 121.2729784, 25.0212817 ] ] ] } },
{ "type": "Feature", "properties": { "element": "way", "id": 521437041, "name": "聯茂電子 新埔廠", "landuse": "industrial" }, "geometry": { "type": "Polygon", "coordinates": [ [ [ 121.0873388, 24.8147612 ], [ 121.0872164, 24.8139175 ], [ 121.0873945, 24.8137609 ], [ 121.0872219, 24.8132203 ], [ 121.0869826, 24.813094 ], [ 121.0866431, 24.8120685 ], [ 121.0896319, 24.8114117 ], [ 121.0899548, 24.8128465 ], [ 121.0899714, 24.8132809 ], [ 121.0904111, 24.8142408 ], [ 121.0873388, 24.8147612 ] ] ] } },
{ "type": "Feature", "properties": { "element": "way", "id": 521512897, "name": null, "landuse": "industrial" }, "geometry": { "type": "Polygon", "coordinates": [ [ [ 121.2755222, 25.0247562 ], [ 121.2756674, 25.0248468 ], [ 121.2758431, 25.0249403 ], [ 121.2757204, 25.0251168 ], [ 121.275741, 25.0251268 ], [ 121.2759879, 25.0252782 ], [ 121.2761149, 25.0251081 ], [ 121.2763184, 25.0252453 ], [ 121.2763226, 25.0253562 ], [ 121.2763521, 25.0253793 ], [ 121.276502, 25.0254149 ], [ 121.2765924, 25.0252856 ], [ 121.2766251, 25.0252429 ], [ 121.2766591, 25.0252779 ], [ 121.276694, 25.0252087 ], [ 121.2767504, 25.0251192 ], [ 121.2768684, 25.0249576 ], [ 121.2769905, 25.0249904 ], [ 121.2770562, 25.0249657 ], [ 121.2771206, 25.0248965 ], [ 121.2771809, 25.0248166 ], [ 121.2779695, 25.0252213 ], [ 121.278176, 25.0249187 ], [ 121.2784951, 25.0244437 ], [ 121.2786319, 25.0242347 ], [ 121.278711, 25.0241229 ], [ 121.2788157, 25.0239781 ], [ 121.2780365, 25.023345 ], [ 121.277771, 25.02339 ], [ 121.2776942, 25.0234693 ], [ 121.2775831, 25.0233986 ], [ 121.2774973, 25.0234047 ], [ 121.277103, 25.0234715 ], [ 121.2768993, 25.0234961 ], [ 121.2766662, 25.0235495 ], [ 121.2761791, 25.0236464 ], [ 121.2759979, 25.023672 ], [ 121.2755996, 25.0238069 ], [ 121.2755935, 25.0237961 ], [ 121.2756384, 25.0236518 ], [ 121.275587, 25.0236386 ], [ 121.2755646, 25.0237105 ], [ 121.2755232, 25.0236999 ], [ 121.2754809, 25.0238356 ], [ 121.2760021, 25.024113 ], [ 121.2755222, 25.0247562 ] ] ] } },
{ "type": "Feature", "properties": { "element": "way", "id": 522941420, "name": "大同磁器股份有限公司", "landuse": "industrial" }, "geometry": { "type": "Polygon", "coordinates": [ [ [ 121.0559031, 24.8360995 ], [ 121.0565524, 24.8357033 ], [ 121.0572923, 24.8354199 ], [ 121.0571, 24.8349016 ], [ 121.0586179, 24.834474 ], [ 121.0588754, 24.8353477 ], [ 121.0592952, 24.8360284 ], [ 121.0565306, 24.836966 ], [ 121.0559031, 24.8360995 ] ] ] } },
{ "type": "Feature", "properties": { "element": "way", "id": 523942742, "name": "新光園區", "landuse": "industrial" }, "geometry": { "type": "Polygon", "coordinates": [ [ [ 121.2831713, 24.9197811 ], [ 121.2831259, 24.9191632 ], [ 121.2846793, 24.9167822 ], [ 121.2856786, 24.9171529 ], [ 121.2878771, 24.9172518 ], [ 121.2898848, 24.9176802 ], [ 121.2905298, 24.9181169 ], [ 121.2897849, 24.919155 ], [ 121.2898733, 24.9196358 ], [ 121.2896771, 24.9199524 ], [ 121.2894225, 24.9202759 ], [ 121.2898116, 24.9206044 ], [ 121.2895074, 24.9209251 ], [ 121.2894116, 24.921142 ], [ 121.2896632, 24.9214919 ], [ 121.2897833, 24.9216451 ], [ 121.2893214, 24.9219655 ], [ 121.2896599, 24.9224001 ], [ 121.2895081, 24.9226912 ], [ 121.2882157, 24.9220785 ], [ 121.2879588, 24.9220954 ], [ 121.2857452, 24.9207825 ], [ 121.2851895, 24.9206089 ], [ 121.2851241, 24.9207105 ], [ 121.2831713, 24.9197811 ] ] ] } },
{ "type": "Feature", "properties": { "element": "way", "id": 523942745, "name": "金蘭醬油", "landuse": "industrial" }, "geometry": { "type": "Polygon", "coordinates": [ [ [ 121.2920682, 24.9194438 ], [ 121.2922865, 24.9196495 ], [ 121.2909001, 24.9211305 ], [ 121.2906279, 24.9214442 ], [ 121.290007, 24.9220741 ], [ 121.2899163, 24.9222901 ], [ 121.2897349, 24.9228198 ], [ 121.2895081, 24.9227195 ], [ 121.2896952, 24.9223698 ], [ 121.2893805, 24.9219739 ], [ 121.2898086, 24.9216602 ], [ 121.2894514, 24.9211408 ], [ 121.2895449, 24.9209248 ], [ 121.2898483, 24.9205983 ], [ 121.2894684, 24.9202743 ], [ 121.2907187, 24.9189064 ], [ 121.2910801, 24.9192038 ], [ 121.291542, 24.9188028 ], [ 121.2917961, 24.9191851 ], [ 121.2914271, 24.9195366 ], [ 121.2917336, 24.9197781 ], [ 121.2920682, 24.9194438 ] ] ] } },
{ "type": "Feature", "properties": { "element": "way", "id": 523982740, "name": "長興電機", "landuse": "industrial" }, "geometry": { "type": "Polygon", "coordinates": [ [ [ 121.2827767, 24.9070319 ], [ 121.2842897, 24.9072733 ], [ 121.2833464, 24.9050496 ], [ 121.283281, 24.9050326 ], [ 121.2823937, 24.9053969 ], [ 121.2825385, 24.9056976 ], [ 121.2821882, 24.9058586 ], [ 121.2821509, 24.9057993 ], [ 121.281852, 24.9059475 ], [ 121.2827767, 24.9070319 ] ] ] } },
{ "type": "Feature", "properties": { "element": "way", "id": 524127248, "name": "英業達桃園科技園區", "landuse": "industrial" }, "geometry": { "type": "Polygon", "coordinates": [ [ [ 121.2607443, 24.9010676 ], [ 121.2592654, 24.8993238 ], [ 121.258107, 24.9000392 ], [ 121.2575154, 24.8994244 ], [ 121.2564264, 24.9003319 ], [ 121.2562812, 24.9005595 ], [ 121.2560962, 24.9012604 ], [ 121.2556868, 24.9022548 ], [ 121.2559773, 24.9024705 ], [ 121.2564264, 24.9026322 ], [ 121.2565916, 24.9030395 ], [ 121.2565651, 24.9034109 ], [ 121.2564727, 24.9036086 ], [ 121.2565982, 24.90401 ], [ 121.2568161, 24.9045131 ], [ 121.2586191, 24.9049145 ], [ 121.2587512, 24.9054416 ], [ 121.2588172, 24.9056932 ], [ 121.2587446, 24.9059208 ], [ 121.2588767, 24.9059807 ], [ 121.260891, 24.906442 ], [ 121.2614227, 24.9060759 ], [ 121.2612137, 24.9058297 ], [ 121.2620721, 24.9052126 ], [ 121.2622617, 24.9054533 ], [ 121.263863, 24.9042556 ], [ 121.2636582, 24.9040339 ], [ 121.2644111, 24.9036206 ], [ 121.2643913, 24.903393 ], [ 121.2647149, 24.9032552 ], [ 121.2646753, 24.9031294 ], [ 121.2639356, 24.9030395 ], [ 121.2640083, 24.9026681 ], [ 121.2619752, 24.9024524 ], [ 121.26201, 24.9019742 ], [ 121.261936, 24.9019505 ], [ 121.2619316, 24.9012391 ], [ 121.2611255, 24.9011284 ], [ 121.2607443, 24.9010676 ] ] ] } },
{ "type": "Feature", "properties": { "element": "way", "id": 524356341, "name": null, "landuse": "industrial" }, "geometry": { "type": "Polygon", "coordinates": [ [ [ 121.2605579, 25.0207408 ], [ 121.2605921, 25.0206852 ], [ 121.2606176, 25.0203583 ], [ 121.260694, 25.0199196 ], [ 121.2602997, 25.0199415 ], [ 121.2599323, 25.0199561 ], [ 121.2595527, 25.0199658 ], [ 121.2593918, 25.0199998 ], [ 121.259391, 25.0200189 ], [ 121.2593575, 25.020454 ], [ 121.2593073, 25.0204519 ], [ 121.2592993, 25.0206852 ], [ 121.2597981, 25.0207199 ], [ 121.2598945, 25.0207224 ], [ 121.2603016, 25.0208112 ], [ 121.2603113, 25.0207797 ], [ 121.2602862, 25.0207648 ], [ 121.2602871, 25.0207338 ], [ 121.2603176, 25.0207033 ], [ 121.2604424, 25.0206727 ], [ 121.2605579, 25.0207408 ] ] ] } },
{ "type": "Feature", "properties": { "element": "way", "id": 524418696, "name": null, "landuse": "industrial" }, "geometry": { "type": "Polygon", "coordinates": [ [ [ 121.2546852, 25.0158969 ], [ 121.2546423, 25.016067 ], [ 121.2545001, 25.0162785 ], [ 121.2544009, 25.0164583 ], [ 121.2542695, 25.0164948 ], [ 121.2542534, 25.0166042 ], [ 121.2543955, 25.0166698 ], [ 121.2543848, 25.0168035 ], [ 121.2545913, 25.0167938 ], [ 121.2546316, 25.0166625 ], [ 121.2547281, 25.016682 ], [ 121.2548435, 25.0168715 ], [ 121.25505, 25.0168229 ], [ 121.2550144, 25.0166541 ], [ 121.2550039, 25.0166155 ], [ 121.2549202, 25.0163073 ], [ 121.2549031, 25.0162533 ], [ 121.2548488, 25.0160591 ], [ 121.2548274, 25.0159352 ], [ 121.2546852, 25.0158969 ] ] ] } },
{ "type": "Feature", "properties": { "element": "way", "id": 524533774, "name": "中華台亞公司", "landuse": "industrial" }, "geometry": { "type": "Polygon", "coordinates": [ [ [ 121.2778518, 24.9604374 ], [ 121.2790064, 24.9607249 ], [ 121.2790389, 24.9607728 ], [ 121.2788804, 24.9615873 ], [ 121.2786893, 24.9633159 ], [ 121.2778396, 24.9633012 ], [ 121.2779087, 24.962752 ], [ 121.2777908, 24.9626378 ], [ 121.2777461, 24.9624424 ], [ 121.2774046, 24.9623466 ], [ 121.2773477, 24.9616537 ], [ 121.2778518, 24.9604374 ] ] ] } },
{ "type": "Feature", "properties": { "element": "way", "id": 524534782, "name": null, "landuse": "industrial" }, "geometry": { "type": "Polygon", "coordinates": [ [ [ 121.2937782, 24.9694032 ], [ 121.2942822, 24.9694036 ], [ 121.2943736, 24.9697412 ], [ 121.294548, 24.9702275 ], [ 121.2946806, 24.9703914 ], [ 121.2946955, 24.9704099 ], [ 121.2939364, 24.9706408 ], [ 121.2937782, 24.9694032 ] ] ] } },
{ "type": "Feature", "properties": { "element": "way", "id": 524791294, "name": null, "landuse": "industrial" }, "geometry": { "type": "Polygon", "coordinates": [ [ [ 121.2628042, 25.0233556 ], [ 121.2626909, 25.0232177 ], [ 121.2627767, 25.023166 ], [ 121.2628847, 25.0233046 ], [ 121.2628042, 25.0233556 ] ] ] } },
{ "type": "Feature", "properties": { "element": "way", "id": 524850946, "name": "士林紙業公司永安廠", "landuse": "industrial" }, "geometry": { "type": "Polygon", "coordinates": [ [ [ 121.0223622, 24.9814148 ], [ 121.0228421, 24.9814111 ], [ 121.0228462, 24.9815291 ], [ 121.0230129, 24.9815475 ], [ 121.0230211, 24.9817466 ], [ 121.023623, 24.9817761 ], [ 121.0236149, 24.9819457 ], [ 121.0238183, 24.9819641 ], [ 121.0238061, 24.98279 ], [ 121.0241762, 24.9829227 ], [ 121.0245382, 24.9827384 ], [ 121.0247578, 24.9829964 ], [ 121.024465, 24.9831845 ], [ 121.0247049, 24.9835789 ], [ 121.0254774, 24.9840012 ], [ 121.026763, 24.9831955 ], [ 121.0267101, 24.9827826 ], [ 121.0266532, 24.9820858 ], [ 121.0266898, 24.9812157 ], [ 121.0267061, 24.979859 ], [ 121.0251564, 24.9799511 ], [ 121.0242331, 24.9801569 ], [ 121.0242386, 24.980254 ], [ 121.0239415, 24.980363 ], [ 121.0236336, 24.9803655 ], [ 121.0236005, 24.9805187 ], [ 121.023473, 24.9806011 ], [ 121.0229967, 24.9806332 ], [ 121.0229977, 24.9808691 ], [ 121.0229272, 24.9808779 ], [ 121.0229294, 24.980987 ], [ 121.0225269, 24.980975 ], [ 121.0225295, 24.9811178 ], [ 121.02235, 24.9811162 ], [ 121.0223622, 24.9814148 ] ] ] } },
{ "type": "Feature", "properties": { "element": "way", "id": 524850976, "name": "永豐餘工業用紙公司新屋廠", "landuse": "industrial" }, "geometry": { "type": "Polygon", "coordinates": [ [ [ 121.0393142, 24.9796958 ], [ 121.040786, 24.9823708 ], [ 121.0412193, 24.9821677 ], [ 121.0416152, 24.9833257 ], [ 121.0424968, 24.9829261 ], [ 121.0428742, 24.9823618 ], [ 121.0427188, 24.9820284 ], [ 121.0438579, 24.9814683 ], [ 121.0436913, 24.9811103 ], [ 121.0436457, 24.980857 ], [ 121.0432319, 24.9810665 ], [ 121.0431701, 24.9809496 ], [ 121.0437773, 24.9805453 ], [ 121.0452737, 24.9804796 ], [ 121.0453563, 24.9798196 ], [ 121.0452237, 24.9791196 ], [ 121.0433203, 24.9784655 ], [ 121.0418771, 24.9782781 ], [ 121.0412647, 24.9782958 ], [ 121.040313, 24.9787483 ], [ 121.0393142, 24.9796958 ] ] ] } },
{ "type": "Feature", "properties": { "element": "way", "id": 525596352, "name": null, "landuse": "industrial" }, "geometry": { "type": "Polygon", "coordinates": [ [ [ 121.2532567, 25.0172295 ], [ 121.2533162, 25.0170833 ], [ 121.2534114, 25.0171161 ], [ 121.2534654, 25.0171725 ], [ 121.2533108, 25.0175816 ], [ 121.2532599, 25.0177626 ], [ 121.2531499, 25.0176679 ], [ 121.2530654, 25.0176192 ], [ 121.2531566, 25.0174831 ], [ 121.253226, 25.0173106 ], [ 121.2532567, 25.0172295 ] ] ] } },
{ "type": "Feature", "properties": { "element": "way", "id": 535990788, "name": "東培工業", "landuse": "industrial" }, "geometry": { "type": "Polygon", "coordinates": [ [ [ 121.3008385, 24.9688972 ], [ 121.3003092, 24.9688922 ], [ 121.2994295, 24.9678897 ], [ 121.3002099, 24.9657748 ], [ 121.3007063, 24.9678597 ], [ 121.3010262, 24.9677997 ], [ 121.3011037, 24.9681608 ], [ 121.3006868, 24.9682197 ], [ 121.3008385, 24.9688972 ] ] ] } },
{ "type": "Feature", "properties": { "element": "way", "id": 538194567, "name": "金車公司平鎮廠", "landuse": "industrial" }, "geometry": { "type": "Polygon", "coordinates": [ [ [ 121.1969869, 24.8926216 ], [ 121.1952274, 24.89259 ], [ 121.1949914, 24.8929647 ], [ 121.1950517, 24.8930705 ], [ 121.1950584, 24.8933199 ], [ 121.1947607, 24.8933114 ], [ 121.194325, 24.8940788 ], [ 121.1941175, 24.8946209 ], [ 121.1940837, 24.8953022 ], [ 121.194051, 24.8963592 ], [ 121.1944529, 24.8967845 ], [ 121.1944322, 24.8975527 ], [ 121.1955867, 24.8976789 ], [ 121.1961957, 24.8974396 ], [ 121.196234, 24.8966703 ], [ 121.1973009, 24.8965128 ], [ 121.197549, 24.8963082 ], [ 121.197576, 24.8960034 ], [ 121.197152, 24.8956842 ], [ 121.1973608, 24.8950332 ], [ 121.198256, 24.8944121 ], [ 121.198646, 24.8938786 ], [ 121.1986205, 24.8935863 ], [ 121.1988467, 24.8932253 ], [ 121.1978586, 24.8929965 ], [ 121.1979951, 24.8926954 ], [ 121.1978889, 24.8926558 ], [ 121.1970297, 24.8929087 ], [ 121.1969869, 24.8926216 ] ] ] } },
{ "type": "Feature", "properties": { "element": "way", "id": 538194570, "name": "台達電子平鎮廠", "landuse": "industrial" }, "geometry": { "type": "Polygon", "coordinates": [ [ [ 121.1919319, 24.9012872 ], [ 121.1914538, 24.9008187 ], [ 121.1911154, 24.8995789 ], [ 121.1909801, 24.899491 ], [ 121.1908822, 24.8991175 ], [ 121.191785, 24.8989283 ], [ 121.1915935, 24.8986479 ], [ 121.1916357, 24.8983231 ], [ 121.1917569, 24.8983246 ], [ 121.1918064, 24.8978747 ], [ 121.1921968, 24.8980495 ], [ 121.1922814, 24.8979656 ], [ 121.1925069, 24.8979738 ], [ 121.1926181, 24.8982512 ], [ 121.192577, 24.8992226 ], [ 121.1925958, 24.8996119 ], [ 121.1926977, 24.9000011 ], [ 121.1919319, 24.9012872 ] ] ] } },
{ "type": "Feature", "properties": { "element": "way", "id": 550259400, "name": null, "landuse": "industrial" }, "geometry": { "type": "Polygon", "coordinates": [ [ [ 121.2336538, 25.0385341 ], [ 121.2336599, 25.0384383 ], [ 121.2334242, 25.0382082 ], [ 121.2334071, 25.0381751 ], [ 121.2333635, 25.0381015 ], [ 121.2333571, 25.0380918 ], [ 121.2335297, 25.0380174 ], [ 121.2336013, 25.0379892 ], [ 121.2337561, 25.0379205 ], [ 121.2339255, 25.038244 ], [ 121.2339969, 25.038343 ], [ 121.2340737, 25.0384757 ], [ 121.2339891, 25.0385099 ], [ 121.2338757, 25.0385284 ], [ 121.2337659, 25.0385344 ], [ 121.2336538, 25.0385341 ] ] ] } },
{ "type": "Feature", "properties": { "element": "way", "id": 550354828, "name": null, "landuse": "industrial" }, "geometry": { "type": "Polygon", "coordinates": [ [ [ 121.2408549, 25.0403951 ], [ 121.2410916, 25.0401782 ], [ 121.2409165, 25.0400283 ], [ 121.2409868, 25.0399496 ], [ 121.2403539, 25.0395173 ], [ 121.2403098, 25.0395561 ], [ 121.2397114, 25.0390964 ], [ 121.2396218, 25.0392887 ], [ 121.2401311, 25.0396858 ], [ 121.2400974, 25.0397122 ], [ 121.240453, 25.040077 ], [ 121.2408549, 25.0403951 ] ] ] } },
{ "type": "Feature", "properties": { "element": "way", "id": 550354855, "name": null, "landuse": "industrial" }, "geometry": { "type": "Polygon", "coordinates": [ [ [ 121.2395133, 25.0423046 ], [ 121.2394113, 25.0421871 ], [ 121.2393341, 25.0420647 ], [ 121.2394265, 25.041971 ], [ 121.2400524, 25.0424345 ], [ 121.2402, 25.0425007 ], [ 121.24, 25.042838 ], [ 121.2398566, 25.042763 ], [ 121.2394471, 25.0423595 ], [ 121.2395133, 25.0423046 ] ] ] } },
{ "type": "Feature", "properties": { "element": "way", "id": 550546469, "name": null, "landuse": "industrial" }, "geometry": { "type": "Polygon", "coordinates": [ [ [ 121.2254815, 25.0132227 ], [ 121.2251784, 25.0132227 ], [ 121.2251283, 25.0130797 ], [ 121.2251398, 25.0129954 ], [ 121.2251513, 25.0128534 ], [ 121.2251481, 25.0126716 ], [ 121.2251732, 25.0125911 ], [ 121.2252234, 25.0123032 ], [ 121.2253373, 25.0122843 ], [ 121.2253216, 25.0122312 ], [ 121.2254731, 25.0121915 ], [ 121.2254815, 25.0132227 ] ] ] } },
{ "type": "Feature", "properties": { "element": "way", "id": 550546472, "name": null, "landuse": "industrial" }, "geometry": { "type": "Polygon", "coordinates": [ [ [ 121.2244675, 25.0134299 ], [ 121.2254811, 25.0134185 ], [ 121.2254811, 25.0133068 ], [ 121.2253185, 25.0133107 ], [ 121.2247797, 25.0133176 ], [ 121.2244466, 25.0133191 ], [ 121.2244675, 25.0134299 ] ] ] } },
{ "type": "Feature", "properties": { "element": "way", "id": 550574564, "name": null, "landuse": "industrial" }, "geometry": { "type": "Polygon", "coordinates": [ [ [ 121.2265937, 25.0170186 ], [ 121.2265846, 25.0164011 ], [ 121.2277398, 25.0163789 ], [ 121.2277422, 25.0165959 ], [ 121.2270919, 25.0166115 ], [ 121.2270931, 25.016758 ], [ 121.2273233, 25.0167543 ], [ 121.2273202, 25.0169157 ], [ 121.2269083, 25.0169236 ], [ 121.2269096, 25.0170115 ], [ 121.2265937, 25.0170186 ] ] ] } },
{ "type": "Feature", "properties": { "element": "way", "id": 550574636, "name": null, "landuse": "industrial" }, "geometry": { "type": "Polygon", "coordinates": [ [ [ 121.22696, 25.0163273 ], [ 121.2269454, 25.0154943 ], [ 121.2265688, 25.015493 ], [ 121.2265679, 25.0152861 ], [ 121.227394, 25.0152754 ], [ 121.2273946, 25.0153181 ], [ 121.2273972, 25.0154601 ], [ 121.2276315, 25.0154615 ], [ 121.2276817, 25.0159122 ], [ 121.2276846, 25.0160557 ], [ 121.227741, 25.0163172 ], [ 121.22696, 25.0163273 ] ] ] } },
{ "type": "Feature", "properties": { "element": "way", "id": 551787267, "name": "葡萄王生技", "landuse": "industrial" }, "geometry": { "type": "Polygon", "coordinates": [ [ [ 121.2241073, 24.9345512 ], [ 121.2240362, 24.9344204 ], [ 121.2239108, 24.9343769 ], [ 121.2234389, 24.9336431 ], [ 121.2239054, 24.933558 ], [ 121.2242139, 24.934037 ], [ 121.2253888, 24.933755 ], [ 121.2253024, 24.9340974 ], [ 121.2248482, 24.9342004 ], [ 121.2248729, 24.9343928 ], [ 121.2241073, 24.9345512 ] ] ] } },
{ "type": "Feature", "properties": { "element": "way", "id": 554212249, "name": "佃益五金", "landuse": "industrial" }, "geometry": { "type": "Polygon", "coordinates": [ [ [ 121.2759637, 24.9700165 ], [ 121.276101, 24.9697038 ], [ 121.2772762, 24.9697828 ], [ 121.2772628, 24.9700833 ], [ 121.2759637, 24.9700165 ] ] ] } },
{ "type": "Feature", "properties": { "element": "way", "id": 555384803, "name": "瑞健科技", "landuse": "industrial" }, "geometry": { "type": "Polygon", "coordinates": [ [ [ 121.2866947, 24.9859649 ], [ 121.2874102, 24.9858606 ], [ 121.2876118, 24.983744 ], [ 121.2876221, 24.983636 ], [ 121.2867751, 24.9835465 ], [ 121.2866947, 24.9859649 ] ] ] } },
{ "type": "Feature", "properties": { "element": "way", "id": 557845769, "name": null, "landuse": "industrial" }, "geometry": { "type": "Polygon", "coordinates": [ [ [ 121.2684292, 25.0346108 ], [ 121.2684077, 25.034485 ], [ 121.2682674, 25.0344842 ], [ 121.2682648, 25.0345294 ], [ 121.2679774, 25.034478 ], [ 121.2679447, 25.03446 ], [ 121.2679584, 25.0344421 ], [ 121.2678724, 25.0343828 ], [ 121.26785, 25.0343867 ], [ 121.2677562, 25.0344585 ], [ 121.2676779, 25.0344249 ], [ 121.2676796, 25.0343875 ], [ 121.2676374, 25.0342518 ], [ 121.2675643, 25.0342534 ], [ 121.26756, 25.0343579 ], [ 121.2674094, 25.0346386 ], [ 121.2672123, 25.0345778 ], [ 121.2671047, 25.0348312 ], [ 121.2672574, 25.0348743 ], [ 121.2673321, 25.0348667 ], [ 121.2673936, 25.0348403 ], [ 121.2674644, 25.0347232 ], [ 121.2674945, 25.0346972 ], [ 121.2675651, 25.0346494 ], [ 121.2677931, 25.0345558 ], [ 121.268035, 25.0346228 ], [ 121.2681615, 25.0346447 ], [ 121.2684292, 25.0346108 ] ] ] } },
{ "type": "Feature", "properties": { "element": "way", "id": 558648365, "name": null, "landuse": "industrial" }, "geometry": { "type": "Polygon", "coordinates": [ [ [ 121.2839364, 25.0199611 ], [ 121.2842551, 25.0201538 ], [ 121.2843671, 25.0202215 ], [ 121.2846643, 25.0200747 ], [ 121.2849453, 25.0200835 ], [ 121.2850751, 25.0200583 ], [ 121.2851876, 25.0200025 ], [ 121.2851106, 25.0198709 ], [ 121.2851264, 25.0198072 ], [ 121.2854365, 25.0196359 ], [ 121.2852198, 25.019466 ], [ 121.2850645, 25.0196217 ], [ 121.2848711, 25.0194709 ], [ 121.2847209, 25.0196289 ], [ 121.2847111, 25.0196396 ], [ 121.2846941, 25.0196264 ], [ 121.2844983, 25.0194806 ], [ 121.2844583, 25.0194467 ], [ 121.2844296, 25.0194239 ], [ 121.2845076, 25.0193362 ], [ 121.2845764, 25.0193831 ], [ 121.2846254, 25.0194206 ], [ 121.2846656, 25.0194502 ], [ 121.2850207, 25.0190933 ], [ 121.2841892, 25.0186721 ], [ 121.2840045, 25.0189939 ], [ 121.2840091, 25.0189967 ], [ 121.2841056, 25.0190417 ], [ 121.2840519, 25.0191367 ], [ 121.2840237, 25.0191363 ], [ 121.2838536, 25.0190282 ], [ 121.2837515, 25.0191602 ], [ 121.2837355, 25.0191796 ], [ 121.2841924, 25.0194887 ], [ 121.2839364, 25.0199611 ] ] ] } },
{ "type": "Feature", "properties": { "element": "way", "id": 558661801, "name": null, "landuse": "industrial" }, "geometry": { "type": "Polygon", "coordinates": [ [ [ 121.2802119, 25.0223067 ], [ 121.2806679, 25.0225605 ], [ 121.2812607, 25.0217771 ], [ 121.2809628, 25.021551 ], [ 121.2804272, 25.0220183 ], [ 121.2802119, 25.0223067 ] ] ] } },
{ "type": "Feature", "properties": { "element": "way", "id": 558674261, "name": null, "landuse": "industrial" }, "geometry": { "type": "Polygon", "coordinates": [ [ [ 121.2856849, 25.0200755 ], [ 121.2857943, 25.0201046 ], [ 121.2858818, 25.0201256 ], [ 121.2860097, 25.020164 ], [ 121.2861119, 25.0201794 ], [ 121.2865232, 25.0201992 ], [ 121.2865321, 25.0198368 ], [ 121.2856849, 25.0194211 ], [ 121.2855668, 25.0195939 ], [ 121.2855286, 25.0196088 ], [ 121.2856849, 25.0200755 ] ] ] } },
{ "type": "Feature", "properties": { "element": "way", "id": 559089338, "name": null, "landuse": "industrial" }, "geometry": { "type": "Polygon", "coordinates": [ [ [ 121.2319314, 25.0218365 ], [ 121.2319358, 25.0218266 ], [ 121.2322086, 25.0219139 ], [ 121.2320759, 25.0221915 ], [ 121.2318215, 25.0221481 ], [ 121.2317985, 25.0221238 ], [ 121.2318008, 25.0220605 ], [ 121.2318178, 25.0220314 ], [ 121.2319314, 25.0218365 ] ] ] } },
{ "type": "Feature", "properties": { "element": "way", "id": 559390843, "name": "慶機實業", "landuse": "industrial" }, "geometry": { "type": "Polygon", "coordinates": [ [ [ 121.2924771, 24.967028 ], [ 121.29302, 24.9669617 ], [ 121.2930092, 24.9667016 ], [ 121.2923468, 24.9667169 ], [ 121.2923727, 24.9670355 ], [ 121.2924771, 24.967028 ] ] ] } },
{ "type": "Feature", "properties": { "element": "way", "id": 559390845, "name": "經國消防工程", "landuse": "industrial" }, "geometry": { "type": "Polygon", "coordinates": [ [ [ 121.2922748, 24.9652412 ], [ 121.292773, 24.9652657 ], [ 121.2928013, 24.9651502 ], [ 121.2922969, 24.9651277 ], [ 121.2922748, 24.9652412 ] ] ] } },
{ "type": "Feature", "properties": { "element": "way", "id": 569500982, "name": null, "landuse": "industrial" }, "geometry": { "type": "Polygon", "coordinates": [ [ [ 121.2485079, 24.9084199 ], [ 121.2513781, 24.9074833 ], [ 121.2508577, 24.9064656 ], [ 121.2504187, 24.9065541 ], [ 121.2492641, 24.906237 ], [ 121.2487843, 24.9062296 ], [ 121.2477354, 24.9065688 ], [ 121.2473614, 24.9066721 ], [ 121.2470199, 24.9066131 ], [ 121.2471744, 24.9076677 ], [ 121.2473533, 24.9078668 ], [ 121.2483209, 24.9076603 ], [ 121.2485079, 24.9084199 ] ] ] } },
{ "type": "Feature", "properties": { "element": "way", "id": 569500983, "name": null, "landuse": "industrial" }, "geometry": { "type": "Polygon", "coordinates": [ [ [ 121.2473289, 24.9063918 ], [ 121.2466052, 24.905883 ], [ 121.2483859, 24.9051897 ], [ 121.2484428, 24.9049611 ], [ 121.2491909, 24.9047178 ], [ 121.2506219, 24.906178 ], [ 121.2503455, 24.9062517 ], [ 121.2496543, 24.9060083 ], [ 121.2488575, 24.9058977 ], [ 121.2473289, 24.9063918 ] ] ] } },
{ "type": "Feature", "properties": { "element": "way", "id": 569500984, "name": null, "landuse": "industrial" }, "geometry": { "type": "Polygon", "coordinates": [ [ [ 121.2492, 24.9044206 ], [ 121.2498585, 24.9042094 ], [ 121.2497936, 24.904051 ], [ 121.2508485, 24.9037657 ], [ 121.251035, 24.905331 ], [ 121.2504523, 24.9055196 ], [ 121.2492, 24.9044206 ] ] ] } },
{ "type": "Feature", "properties": { "element": "way", "id": 569500985, "name": null, "landuse": "industrial" }, "geometry": { "type": "Polygon", "coordinates": [ [ [ 121.2511393, 24.9052818 ], [ 121.2516872, 24.9051972 ], [ 121.2518097, 24.9056466 ], [ 121.2526025, 24.9053082 ], [ 121.2527949, 24.9048799 ], [ 121.2525267, 24.9034575 ], [ 121.2509702, 24.9037854 ], [ 121.2511393, 24.9052818 ] ] ] } },
{ "type": "Feature", "properties": { "element": "way", "id": 569500986, "name": null, "landuse": "industrial" }, "geometry": { "type": "Polygon", "coordinates": [ [ [ 121.2510244, 24.906112 ], [ 121.2508967, 24.9059413 ], [ 121.2504597, 24.9055334 ], [ 121.2516763, 24.9052152 ], [ 121.2518283, 24.9057539 ], [ 121.2512707, 24.9059953 ], [ 121.2511993, 24.9058619 ], [ 121.2510504, 24.9059466 ], [ 121.2511358, 24.9060561 ], [ 121.2510244, 24.906112 ] ] ] } },
{ "type": "Feature", "properties": { "element": "way", "id": 569500988, "name": null, "landuse": "industrial" }, "geometry": { "type": "Polygon", "coordinates": [ [ [ 121.2482536, 24.9023842 ], [ 121.2476997, 24.9023154 ], [ 121.2478571, 24.9027067 ], [ 121.2482127, 24.9031932 ], [ 121.2490755, 24.9041555 ], [ 121.2503989, 24.9037907 ], [ 121.2503697, 24.9035157 ], [ 121.2499267, 24.9035845 ], [ 121.2498509, 24.9029711 ], [ 121.2498811, 24.9025914 ], [ 121.2482536, 24.9023842 ] ] ] } },
{ "type": "Feature", "properties": { "element": "way", "id": 569500989, "name": null, "landuse": "industrial" }, "geometry": { "type": "Polygon", "coordinates": [ [ [ 121.249091, 24.9011619 ], [ 121.2485352, 24.9010865 ], [ 121.2484573, 24.9011796 ], [ 121.247484, 24.9009099 ], [ 121.247431, 24.9016611 ], [ 121.2476893, 24.9022775 ], [ 121.2482308, 24.9023352 ], [ 121.2482945, 24.9018023 ], [ 121.2482025, 24.9017799 ], [ 121.2482414, 24.9016804 ], [ 121.2489801, 24.9017703 ], [ 121.249091, 24.9011619 ] ] ] } },
{ "type": "Feature", "properties": { "element": "way", "id": 569500990, "name": null, "landuse": "industrial" }, "geometry": { "type": "Polygon", "coordinates": [ [ [ 121.2507237, 24.9013297 ], [ 121.2506645, 24.9008238 ], [ 121.2488183, 24.9005775 ], [ 121.2485271, 24.9010431 ], [ 121.2507237, 24.9013297 ] ] ] } },
{ "type": "Feature", "properties": { "element": "way", "id": 569500991, "name": null, "landuse": "industrial" }, "geometry": { "type": "Polygon", "coordinates": [ [ [ 121.2471943, 24.9008103 ], [ 121.2484432, 24.9011103 ], [ 121.2487739, 24.9005641 ], [ 121.2482704, 24.9004342 ], [ 121.2484728, 24.8996596 ], [ 121.2475102, 24.8994358 ], [ 121.2472585, 24.9004924 ], [ 121.2471943, 24.9008103 ] ] ] } },
{ "type": "Feature", "properties": { "element": "way", "id": 569500993, "name": null, "landuse": "industrial" }, "geometry": { "type": "Polygon", "coordinates": [ [ [ 121.2508034, 24.9036839 ], [ 121.2519111, 24.9034565 ], [ 121.251707, 24.9024148 ], [ 121.2508326, 24.9025735 ], [ 121.2508034, 24.9036839 ] ] ] } },
{ "type": "Feature", "properties": { "element": "way", "id": 569500994, "name": null, "landuse": "industrial" }, "geometry": { "type": "Polygon", "coordinates": [ [ [ 121.2508034, 24.9025259 ], [ 121.2517303, 24.9023355 ], [ 121.2517536, 24.9018596 ], [ 121.2516662, 24.9016851 ], [ 121.2516254, 24.9011088 ], [ 121.2508734, 24.9011669 ], [ 121.2508967, 24.9019918 ], [ 121.2508034, 24.9025259 ] ] ] } },
{ "type": "Feature", "properties": { "element": "way", "id": 569500995, "name": null, "landuse": "industrial" }, "geometry": { "type": "Polygon", "coordinates": [ [ [ 121.2508617, 24.9011088 ], [ 121.2507596, 24.8999342 ], [ 121.2514159, 24.8999043 ], [ 121.2515418, 24.9003283 ], [ 121.2517096, 24.9003664 ], [ 121.2518894, 24.9005349 ], [ 121.2518624, 24.9010187 ], [ 121.2516556, 24.9010459 ], [ 121.2516706, 24.9010975 ], [ 121.2508617, 24.9011088 ] ] ] } },
{ "type": "Feature", "properties": { "element": "way", "id": 575988508, "name": "微邦科技", "landuse": "industrial" }, "geometry": { "type": "Polygon", "coordinates": [ [ [ 121.2797233, 24.9702108 ], [ 121.2800693, 24.9700844 ], [ 121.2799835, 24.969834 ], [ 121.2795168, 24.9698412 ], [ 121.2795516, 24.9700115 ], [ 121.2797233, 24.9702108 ] ] ] } },
{ "type": "Feature", "properties": { "element": "way", "id": 581521237, "name": "三和紙業", "landuse": "industrial" }, "geometry": { "type": "Polygon", "coordinates": [ [ [ 121.2773478, 24.9417769 ], [ 121.2779927, 24.9416765 ], [ 121.2779184, 24.9414016 ], [ 121.2778347, 24.9413804 ], [ 121.2777465, 24.9406166 ], [ 121.2777188, 24.9405055 ], [ 121.2776041, 24.9402437 ], [ 121.2776318, 24.9400788 ], [ 121.2777544, 24.9399784 ], [ 121.2779126, 24.9398816 ], [ 121.2778928, 24.939774 ], [ 121.2778493, 24.9396091 ], [ 121.2778611, 24.9394728 ], [ 121.2779284, 24.9393294 ], [ 121.2774697, 24.9390605 ], [ 121.2771217, 24.9387629 ], [ 121.2767342, 24.9383326 ], [ 121.2764534, 24.9384151 ], [ 121.276493, 24.9389529 ], [ 121.2765365, 24.9394944 ], [ 121.2765997, 24.9399676 ], [ 121.2765997, 24.9402258 ], [ 121.2764732, 24.9404051 ], [ 121.276837, 24.9405306 ], [ 121.2769872, 24.9405844 ], [ 121.2772008, 24.9405628 ], [ 121.2773478, 24.9417769 ] ] ] } },
{ "type": "Feature", "properties": { "element": "way", "id": 581925888, "name": "友達光電", "landuse": "industrial" }, "geometry": { "type": "Polygon", "coordinates": [ [ [ 121.187772, 24.8478778 ], [ 121.1869832, 24.8465022 ], [ 121.1865272, 24.8456299 ], [ 121.1865026, 24.8454286 ], [ 121.1873283, 24.8439635 ], [ 121.1876857, 24.8437622 ], [ 121.1877473, 24.843259 ], [ 121.1884251, 24.8421518 ], [ 121.1886223, 24.8421406 ], [ 121.1888442, 24.8422972 ], [ 121.1891523, 24.8427669 ], [ 121.1904833, 24.8435945 ], [ 121.1910995, 24.8440866 ], [ 121.1911365, 24.8441537 ], [ 121.1909516, 24.8443214 ], [ 121.1907256, 24.8446515 ], [ 121.1906558, 24.8449141 ], [ 121.191346, 24.8458647 ], [ 121.1913213, 24.8460213 ], [ 121.1910872, 24.8460996 ], [ 121.1907298, 24.8463568 ], [ 121.1900396, 24.8471061 ], [ 121.1895959, 24.8471844 ], [ 121.189103, 24.8471397 ], [ 121.1886839, 24.8471844 ], [ 121.187772, 24.8478778 ] ] ] } },
{ "type": "Feature", "properties": { "element": "way", "id": 582786461, "name": "鳳山工業區", "landuse": "industrial" }, "geometry": { "type": "Polygon", "coordinates": [ [ [ 121.0050029, 24.8615558 ], [ 121.004253, 24.8612209 ], [ 121.0032076, 24.8606431 ], [ 121.0027607, 24.8601726 ], [ 121.0022929, 24.8594996 ], [ 121.0021633, 24.8587995 ], [ 121.0022431, 24.8583121 ], [ 121.0015983, 24.8581094 ], [ 121.0012583, 24.8583093 ], [ 121.0015588, 24.8588553 ], [ 121.0013561, 24.8590721 ], [ 121.0006075, 24.8588986 ], [ 121.0003529, 24.8589988 ], [ 121.0000948, 24.8604419 ], [ 121.0000541, 24.861387 ], [ 121.0001029, 24.8620368 ], [ 121.0002169, 24.8625315 ], [ 121.0010958, 24.8639713 ], [ 121.0031791, 24.8630409 ], [ 121.0043103, 24.862214 ], [ 121.0050029, 24.8615558 ] ] ] } },
{ "type": "Feature", "properties": { "element": "way", "id": 582794565, "name": "功學社", "landuse": "industrial" }, "geometry": { "type": "Polygon", "coordinates": [ [ [ 121.175909, 24.9725003 ], [ 121.1773055, 24.9732664 ], [ 121.1779108, 24.972321 ], [ 121.1779288, 24.9718863 ], [ 121.1769938, 24.9708812 ], [ 121.175909, 24.9725003 ] ] ] } },
{ "type": "Feature", "properties": { "element": "way", "id": 582794566, "name": "台灣山葉", "landuse": "industrial" }, "geometry": { "type": "Polygon", "coordinates": [ [ [ 121.1761908, 24.9743808 ], [ 121.1761144, 24.9742752 ], [ 121.174095, 24.9732197 ], [ 121.1735091, 24.9740377 ], [ 121.1737165, 24.9741598 ], [ 121.1738002, 24.9743082 ], [ 121.1737566, 24.9744731 ], [ 121.1736074, 24.9746249 ], [ 121.1734145, 24.9746249 ], [ 121.1731926, 24.9749415 ], [ 121.1727414, 24.9746743 ], [ 121.1726431, 24.9747337 ], [ 121.1725121, 24.9750504 ], [ 121.1722865, 24.9753406 ], [ 121.1721592, 24.975466 ], [ 121.1719663, 24.9758222 ], [ 121.1717953, 24.9761487 ], [ 121.1732035, 24.9769338 ], [ 121.1741386, 24.9753571 ], [ 121.1751647, 24.9759145 ], [ 121.1752921, 24.9757958 ], [ 121.1759798, 24.9747271 ], [ 121.1761908, 24.9743808 ] ] ] } },
{ "type": "Feature", "properties": { "element": "way", "id": 585205811, "name": "景碩科技石磊廠", "landuse": "industrial" }, "geometry": { "type": "Polygon", "coordinates": [ [ [ 121.1007141, 24.9928689 ], [ 121.1006816, 24.9930494 ], [ 121.1009062, 24.9930832 ], [ 121.1008319, 24.9934172 ], [ 121.1008216, 24.9934613 ], [ 121.1007966, 24.9935658 ], [ 121.1004214, 24.9935063 ], [ 121.1000058, 24.9937705 ], [ 121.099839, 24.9936305 ], [ 121.0997479, 24.9934983 ], [ 121.0996784, 24.9933634 ], [ 121.0995433, 24.9931931 ], [ 121.0993238, 24.9930089 ], [ 121.0992262, 24.9929702 ], [ 121.099138, 24.9929956 ], [ 121.0985383, 24.9933714 ], [ 121.0977138, 24.9923013 ], [ 121.0977827, 24.9922972 ], [ 121.0980907, 24.9921206 ], [ 121.0984208, 24.9920034 ], [ 121.0991571, 24.9918666 ], [ 121.0993481, 24.9919366 ], [ 121.0996185, 24.9918463 ], [ 121.0997404, 24.9919813 ], [ 121.1000677, 24.9923088 ], [ 121.1000311, 24.9923714 ], [ 121.1006206, 24.9928983 ], [ 121.1007141, 24.9928689 ] ] ] } },
{ "type": "Feature", "properties": { "element": "way", "id": 588874915, "name": "秀波電子 大溪廠", "landuse": "industrial" }, "geometry": { "type": "Polygon", "coordinates": [ [ [ 121.2997998, 24.8957688 ], [ 121.3001088, 24.8956917 ], [ 121.3006702, 24.8953445 ], [ 121.3007694, 24.8952597 ], [ 121.3006277, 24.8945344 ], [ 121.3003555, 24.894627 ], [ 121.3002438, 24.894227 ], [ 121.3000846, 24.8936725 ], [ 121.2992442, 24.8938973 ], [ 121.2990902, 24.8935693 ], [ 121.2989094, 24.8933202 ], [ 121.298598, 24.8935237 ], [ 121.2987587, 24.8941949 ], [ 121.2985645, 24.8942709 ], [ 121.2984942, 24.8945321 ], [ 121.2986047, 24.8949451 ], [ 121.2988156, 24.895018 ], [ 121.2991505, 24.895021 ], [ 121.2995456, 24.8952093 ], [ 121.2995288, 24.8954645 ], [ 121.2997998, 24.8957688 ] ] ] } },
{ "type": "Feature", "properties": { "element": "way", "id": 589128470, "name": "高林縫紉", "landuse": "industrial" }, "geometry": { "type": "Polygon", "coordinates": [ [ [ 121.2923727, 24.9670355 ], [ 121.2924771, 24.967028 ], [ 121.29302, 24.9669617 ], [ 121.2930957, 24.9678251 ], [ 121.2924518, 24.9679397 ], [ 121.2924403, 24.9677026 ], [ 121.292377, 24.9673872 ], [ 121.2923727, 24.9670355 ] ] ] } },
{ "type": "Feature", "properties": { "element": "way", "id": 594268061, "name": "榮民製藥廠", "landuse": "industrial" }, "geometry": { "type": "Polygon", "coordinates": [ [ [ 121.2536922, 24.9381155 ], [ 121.2546977, 24.9385593 ], [ 121.2545061, 24.9388623 ], [ 121.2550728, 24.9391419 ], [ 121.2546487, 24.9398479 ], [ 121.2545015, 24.9398194 ], [ 121.2541737, 24.9396769 ], [ 121.2535956, 24.9393583 ], [ 121.2531692, 24.938957 ], [ 121.2534496, 24.9385183 ], [ 121.2536922, 24.9381155 ] ] ] } },
{ "type": "Feature", "properties": { "element": "way", "id": 596747494, "name": null, "landuse": "industrial" }, "geometry": { "type": "Polygon", "coordinates": [ [ [ 121.2883731, 25.0099874 ], [ 121.288277, 25.0099874 ], [ 121.2882151, 25.0098742 ], [ 121.2878287, 25.0100572 ], [ 121.287845, 25.0102445 ], [ 121.2880061, 25.0102445 ], [ 121.288033, 25.0103334 ], [ 121.2880695, 25.010343 ], [ 121.2881886, 25.0103652 ], [ 121.2881886, 25.0104065 ], [ 121.2883485, 25.0104118 ], [ 121.2883538, 25.0103039 ], [ 121.2883622, 25.0101602 ], [ 121.2883731, 25.0099874 ] ] ] } },
{ "type": "Feature", "properties": { "element": "way", "id": 596758030, "name": null, "landuse": "industrial" }, "geometry": { "type": "Polygon", "coordinates": [ [ [ 121.2841631, 25.0123416 ], [ 121.2842976, 25.0128625 ], [ 121.284225, 25.012868 ], [ 121.2842082, 25.0127965 ], [ 121.2841877, 25.0127999 ], [ 121.284184, 25.0127802 ], [ 121.2840856, 25.0127976 ], [ 121.2840271, 25.0128049 ], [ 121.2839666, 25.0128443 ], [ 121.2839704, 25.0129003 ], [ 121.2838381, 25.0129109 ], [ 121.2837994, 25.0128009 ], [ 121.2835618, 25.0127298 ], [ 121.2835323, 25.012691 ], [ 121.2835098, 25.0126032 ], [ 121.2835435, 25.0124812 ], [ 121.283621, 25.0122743 ], [ 121.2838147, 25.0122346 ], [ 121.2839503, 25.0123371 ], [ 121.2841631, 25.0123416 ] ] ] } },
{ "type": "Feature", "properties": { "element": "way", "id": 612681405, "name": "乖乖公司", "landuse": "industrial" }, "geometry": { "type": "Polygon", "coordinates": [ [ [ 121.2396548, 24.9819514 ], [ 121.2421117, 24.9819709 ], [ 121.2419722, 24.979277 ], [ 121.2397191, 24.9792478 ], [ 121.2396548, 24.9819514 ] ] ] } },
{ "type": "Feature", "properties": { "element": "way", "id": 612694631, "name": "統一企業股份有限公司", "landuse": "industrial" }, "geometry": { "type": "Polygon", "coordinates": [ [ [ 121.2447628, 24.9953193 ], [ 121.2454349, 24.9933292 ], [ 121.2445551, 24.9932952 ], [ 121.243096, 24.9929694 ], [ 121.2427031, 24.9933431 ], [ 121.2447628, 24.9953193 ] ] ] } },
{ "type": "Feature", "properties": { "element": "way", "id": 612694633, "name": "東元機電公司中壢廠", "landuse": "industrial" }, "geometry": { "type": "Polygon", "coordinates": [ [ [ 121.2424738, 24.9844994 ], [ 121.243493, 24.9844702 ], [ 121.2444744, 24.9843237 ], [ 121.2450916, 24.9841687 ], [ 121.2471079, 24.9833906 ], [ 121.2454139, 24.9810534 ], [ 121.244877, 24.9815138 ], [ 121.244362, 24.9817764 ], [ 121.2435681, 24.9820292 ], [ 121.2429458, 24.9821167 ], [ 121.2423128, 24.9821265 ], [ 121.2424738, 24.9844994 ] ] ] } },
{ "type": "Feature", "properties": { "element": "way", "id": 612694638, "name": "鄭康特殊鋼公司", "landuse": "industrial" }, "geometry": { "type": "Polygon", "coordinates": [ [ [ 121.2442601, 24.9816208 ], [ 121.2447858, 24.9813582 ], [ 121.2453223, 24.9810373 ], [ 121.2447805, 24.9803322 ], [ 121.244303, 24.9804343 ], [ 121.2438149, 24.9805802 ], [ 121.2442601, 24.9816208 ] ] ] } },
{ "type": "Feature", "properties": { "element": "way", "id": 612694639, "name": "峻新電腦公司", "landuse": "industrial" }, "geometry": { "type": "Polygon", "coordinates": [ [ [ 121.2433803, 24.9818639 ], [ 121.2435735, 24.9818396 ], [ 121.2441475, 24.9816499 ], [ 121.2442601, 24.9816208 ], [ 121.2438149, 24.9805802 ], [ 121.2434018, 24.9806823 ], [ 121.2433803, 24.9818639 ] ] ] } },
{ "type": "Feature", "properties": { "element": "way", "id": 612694641, "name": "臺灣國際航電公司", "landuse": "industrial" }, "geometry": { "type": "Polygon", "coordinates": [ [ [ 121.2422914, 24.981966 ], [ 121.2433803, 24.9818639 ], [ 121.2434018, 24.9806823 ], [ 121.2422055, 24.9807358 ], [ 121.2422914, 24.981966 ] ] ] } },
{ "type": "Feature", "properties": { "element": "way", "id": 612694643, "name": "嘉德晶光電公司", "landuse": "industrial" }, "geometry": { "type": "Polygon", "coordinates": [ [ [ 121.2422055, 24.9807358 ], [ 121.242109, 24.9793256 ], [ 121.2433857, 24.9793256 ], [ 121.2434018, 24.9806823 ], [ 121.2422055, 24.9807358 ] ] ] } },
{ "type": "Feature", "properties": { "element": "way", "id": 612694645, "name": "易鼎公司", "landuse": "industrial" }, "geometry": { "type": "Polygon", "coordinates": [ [ [ 121.244303, 24.9804343 ], [ 121.2447805, 24.9803322 ], [ 121.2445981, 24.9801231 ], [ 121.2445551, 24.9800356 ], [ 121.2444961, 24.9799043 ], [ 121.2444371, 24.9797584 ], [ 121.244421, 24.9796952 ], [ 121.2442708, 24.9797049 ], [ 121.244303, 24.9804343 ] ] ] } },
{ "type": "Feature", "properties": { "element": "way", "id": 612694647, "name": "益森彩藝工業公司", "landuse": "industrial" }, "geometry": { "type": "Polygon", "coordinates": [ [ [ 121.2434018, 24.9806823 ], [ 121.2438149, 24.9805802 ], [ 121.244303, 24.9804343 ], [ 121.2442708, 24.9797049 ], [ 121.244421, 24.9796952 ], [ 121.2443942, 24.9796271 ], [ 121.2443781, 24.9795444 ], [ 121.244362, 24.9794423 ], [ 121.2443513, 24.9793986 ], [ 121.2433857, 24.9793256 ], [ 121.2434018, 24.9806823 ] ] ] } },
{ "type": "Feature", "properties": { "element": "way", "id": 617364605, "name": "平鎮給水廠", "landuse": "industrial" }, "geometry": { "type": "Polygon", "coordinates": [ [ [ 121.2013891, 24.8998328 ], [ 121.2025473, 24.8998778 ], [ 121.2025749, 24.8991224 ], [ 121.2027789, 24.8991074 ], [ 121.202812, 24.898272 ], [ 121.202085, 24.8978723 ], [ 121.2019477, 24.8976597 ], [ 121.2015426, 24.8974502 ], [ 121.2014321, 24.897514 ], [ 121.2013986, 24.8988989 ], [ 121.2013891, 24.8998328 ] ] ] } },
{ "type": "Feature", "properties": { "element": "way", "id": 617527134, "name": "Toyota國瑞汽車中壢廠", "landuse": "industrial" }, "geometry": { "type": "Polygon", "coordinates": [ [ [ 121.2456406, 24.9933101 ], [ 121.2457544, 24.9931086 ], [ 121.2464509, 24.9910875 ], [ 121.2464651, 24.990366 ], [ 121.2486507, 24.990349 ], [ 121.2486741, 24.9933392 ], [ 121.2487261, 24.9977569 ], [ 121.24779, 24.9977794 ], [ 121.2477419, 24.9977794 ], [ 121.2473212, 24.9977795 ], [ 121.2471029, 24.9975816 ], [ 121.2469164, 24.997395 ], [ 121.2468388, 24.9973174 ], [ 121.24664, 24.9971341 ], [ 121.2458307, 24.9963517 ], [ 121.2453509, 24.9958309 ], [ 121.2452329, 24.9955952 ], [ 121.2452058, 24.9954745 ], [ 121.2452284, 24.9953491 ], [ 121.2455424, 24.9937124 ], [ 121.2456406, 24.9933101 ] ] ] } },
{ "type": "Feature", "properties": { "element": "way", "id": 632035757, "name": "聯程工業股份有限公司", "landuse": "industrial" }, "geometry": { "type": "Polygon", "coordinates": [ [ [ 121.1823805, 25.046443 ], [ 121.1821587, 25.0463983 ], [ 121.1821525, 25.0459629 ], [ 121.1823066, 25.0459015 ], [ 121.1821833, 25.0453264 ], [ 121.1822105, 25.045082 ], [ 121.1824179, 25.0451689 ], [ 121.1824782, 25.0451264 ], [ 121.1824467, 25.0450487 ], [ 121.1829043, 25.0449915 ], [ 121.182781, 25.0453209 ], [ 121.18312, 25.0460354 ], [ 121.1823805, 25.046443 ] ] ] } },
{ "type": "Feature", "properties": { "element": "way", "id": 639413550, "name": "矽晶電子竹東廠", "landuse": "industrial" }, "geometry": { "type": "Polygon", "coordinates": [ [ [ 121.0499457, 24.7739665 ], [ 121.0504412, 24.7735552 ], [ 121.050335, 24.7733046 ], [ 121.0497404, 24.7727775 ], [ 121.0495281, 24.7728097 ], [ 121.0494714, 24.772739 ], [ 121.0489547, 24.7733881 ], [ 121.0494007, 24.7738123 ], [ 121.0495918, 24.7736323 ], [ 121.0499457, 24.7739665 ] ] ] } },
{ "type": "Feature", "properties": { "element": "way", "id": 645206860, "name": "三福氣體觀音一廠", "landuse": "industrial" }, "geometry": { "type": "Polygon", "coordinates": [ [ [ 121.1080285, 25.0455163 ], [ 121.1077289, 25.0458606 ], [ 121.1086431, 25.046513 ], [ 121.1086839, 25.0465818 ], [ 121.1092027, 25.0469327 ], [ 121.1094913, 25.0465976 ], [ 121.1089157, 25.0461626 ], [ 121.1085672, 25.0459887 ], [ 121.1086172, 25.0459346 ], [ 121.1080285, 25.0455163 ] ] ] } },
{ "type": "Feature", "properties": { "element": "way", "id": 650295782, "name": "厚生科技工業園區", "landuse": "industrial" }, "geometry": { "type": "Polygon", "coordinates": [ [ [ 121.1761174, 24.8674005 ], [ 121.1765385, 24.8675952 ], [ 121.1767101, 24.8676341 ], [ 121.1770732, 24.8675144 ], [ 121.1773537, 24.8672936 ], [ 121.1778322, 24.8673946 ], [ 121.1785499, 24.867215 ], [ 121.1788923, 24.8669118 ], [ 121.1789253, 24.8665188 ], [ 121.1789666, 24.8662157 ], [ 121.1792595, 24.8658077 ], [ 121.17899, 24.8656751 ], [ 121.1790678, 24.8651154 ], [ 121.177893, 24.8646202 ], [ 121.177787, 24.8648258 ], [ 121.1773565, 24.8646482 ], [ 121.1764513, 24.8658017 ], [ 121.1762796, 24.86575 ], [ 121.1760411, 24.8656485 ], [ 121.17546, 24.8663613 ], [ 121.175475, 24.866494 ], [ 121.176061, 24.8672058 ], [ 121.1761174, 24.8674005 ] ] ] } },
{ "type": "Feature", "properties": { "element": "way", "id": 650295784, "name": null, "landuse": "industrial" }, "geometry": { "type": "Polygon", "coordinates": [ [ [ 121.1745262, 24.8701545 ], [ 121.1744305, 24.8704335 ], [ 121.1747454, 24.8705458 ], [ 121.1748017, 24.8706164 ], [ 121.1747119, 24.8707648 ], [ 121.1752403, 24.8711286 ], [ 121.1756319, 24.8708366 ], [ 121.1758116, 24.8710434 ], [ 121.176969, 24.8701978 ], [ 121.1768349, 24.8699934 ], [ 121.1770843, 24.8697257 ], [ 121.1757633, 24.8687231 ], [ 121.1754676, 24.8689099 ], [ 121.1747494, 24.8697841 ], [ 121.1745262, 24.8701545 ] ] ] } },
{ "type": "Feature", "properties": { "element": "way", "id": 650295786, "name": "台灣杜邦", "landuse": "industrial" }, "geometry": { "type": "Polygon", "coordinates": [ [ [ 121.1789471, 24.8691234 ], [ 121.1795989, 24.8695809 ], [ 121.1813678, 24.8687073 ], [ 121.1814898, 24.8686258 ], [ 121.1813262, 24.868442 ], [ 121.1812538, 24.8684737 ], [ 121.181058, 24.8681963 ], [ 121.1808676, 24.868296 ], [ 121.1807334, 24.8680989 ], [ 121.1789471, 24.8691234 ] ] ] } },
{ "type": "Feature", "properties": { "element": "way", "id": 654276133, "name": "大全彩藝工業股份有限公司", "landuse": "industrial" }, "geometry": { "type": "Polygon", "coordinates": [ [ [ 121.0223968, 24.8680997 ], [ 121.0223691, 24.8682212 ], [ 121.0214274, 24.8687122 ], [ 121.0208367, 24.8677796 ], [ 121.0218571, 24.8672476 ], [ 121.0223968, 24.8680997 ] ] ] } },
{ "type": "Feature", "properties": { "element": "way", "id": 654276134, "name": "元晶太陽能科技", "landuse": "industrial" }, "geometry": { "type": "Polygon", "coordinates": [ [ [ 121.0203538, 24.8674166 ], [ 121.0212447, 24.8688068 ], [ 121.0202972, 24.8693066 ], [ 121.0201791, 24.8692731 ], [ 121.019432, 24.8680282 ], [ 121.0200798, 24.8676877 ], [ 121.0200195, 24.8675879 ], [ 121.0203538, 24.8674166 ] ] ] } },
{ "type": "Feature", "properties": { "element": "way", "id": 654276135, "name": "台灣松下多層材料", "landuse": "industrial" }, "geometry": { "type": "Polygon", "coordinates": [ [ [ 121.0224295, 24.8703462 ], [ 121.0237203, 24.8697275 ], [ 121.0239007, 24.8698121 ], [ 121.0242292, 24.869952 ], [ 121.0243754, 24.8699897 ], [ 121.0238484, 24.8718319 ], [ 121.0235547, 24.8716773 ], [ 121.0233615, 24.871552 ], [ 121.0231496, 24.8713792 ], [ 121.0229565, 24.87117 ], [ 121.0228767, 24.8710592 ], [ 121.0224295, 24.8703462 ] ] ] } },
{ "type": "Feature", "properties": { "element": "way", "id": 654276136, "name": "三陽工業", "landuse": "industrial" }, "geometry": { "type": "Polygon", "coordinates": [ [ [ 120.9986261, 24.8672239 ], [ 121.0022257, 24.8701856 ], [ 121.002502, 24.8702075 ], [ 121.0065173, 24.8678544 ], [ 121.0065481, 24.8676913 ], [ 121.004, 24.8640957 ], [ 121.003882, 24.864069 ], [ 120.998651, 24.867106 ], [ 120.9986261, 24.8672239 ] ] ] } },
{ "type": "Feature", "properties": { "element": "way", "id": 654276138, "name": "道達爾潤滑油", "landuse": "industrial" }, "geometry": { "type": "Polygon", "coordinates": [ [ [ 121.0274854, 24.8745877 ], [ 121.0284953, 24.8747623 ], [ 121.0286951, 24.8740597 ], [ 121.0276893, 24.8738139 ], [ 121.0274854, 24.8745877 ] ] ] } },
{ "type": "Feature", "properties": { "element": "way", "id": 654276139, "name": "台灣富士電子材料", "landuse": "industrial" }, "geometry": { "type": "Polygon", "coordinates": [ [ [ 121.0272281, 24.8737073 ], [ 121.0276893, 24.8738139 ], [ 121.0274854, 24.8745877 ], [ 121.0269648, 24.874501 ], [ 121.0272281, 24.8737073 ] ] ] } },
{ "type": "Feature", "properties": { "element": "way", "id": 654276140, "name": "錸寶科技", "landuse": "industrial" }, "geometry": { "type": "Polygon", "coordinates": [ [ [ 121.0379269, 24.8766555 ], [ 121.0357874, 24.8765996 ], [ 121.0355676, 24.8765704 ], [ 121.0357332, 24.8752386 ], [ 121.0381002, 24.875531 ], [ 121.0379269, 24.8766555 ] ] ] } },
{ "type": "Feature", "properties": { "element": "way", "id": 654276141, "name": "中華汽車工業 新竹工廠", "landuse": "industrial" }, "geometry": { "type": "Polygon", "coordinates": [ [ [ 121.0362871, 24.8743358 ], [ 121.036425, 24.8735378 ], [ 121.0373921, 24.8736467 ], [ 121.0375548, 24.8725963 ], [ 121.0379154, 24.8726243 ], [ 121.0401991, 24.873865 ], [ 121.0402755, 24.8739343 ], [ 121.0403091, 24.8740317 ], [ 121.0402018, 24.8748469 ], [ 121.0362871, 24.8743358 ] ] ] } },
{ "type": "Feature", "properties": { "element": "way", "id": 654528426, "name": "白金科技 湖口廠", "landuse": "industrial" }, "geometry": { "type": "Polygon", "coordinates": [ [ [ 121.0304491, 24.8733626 ], [ 121.0305244, 24.8734562 ], [ 121.0317072, 24.8737299 ], [ 121.0322128, 24.871945 ], [ 121.0321518, 24.871841 ], [ 121.0310246, 24.8715618 ], [ 121.0309656, 24.8715666 ], [ 121.030868, 24.8715894 ], [ 121.0307824, 24.8719586 ], [ 121.0304491, 24.8733626 ] ] ] } },
{ "type": "Feature", "properties": { "element": "way", "id": 654528429, "name": "新能光電科技", "landuse": "industrial" }, "geometry": { "type": "Polygon", "coordinates": [ [ [ 121.0331406, 24.8762476 ], [ 121.0333152, 24.8750227 ], [ 121.0334265, 24.8749558 ], [ 121.0346201, 24.8751097 ], [ 121.0344123, 24.8764167 ], [ 121.0332552, 24.8762628 ], [ 121.0331406, 24.8762476 ] ] ] } },
{ "type": "Feature", "properties": { "element": "way", "id": 654528432, "name": "台灣田中貴金屬工業股份有限公司", "landuse": "industrial" }, "geometry": { "type": "Polygon", "coordinates": [ [ [ 121.0340407, 24.8741941 ], [ 121.0334775, 24.8741229 ], [ 121.0333662, 24.8747069 ], [ 121.0334373, 24.8748177 ], [ 121.0339391, 24.8748789 ], [ 121.0340407, 24.8741941 ] ] ] } },
{ "type": "Feature", "properties": { "element": "way", "id": 654528433, "name": "台灣日亞化學", "landuse": "industrial" }, "geometry": { "type": "Polygon", "coordinates": [ [ [ 121.0387969, 24.8756215 ], [ 121.0394186, 24.8757022 ], [ 121.0392896, 24.8766714 ], [ 121.0386152, 24.8766665 ], [ 121.0387969, 24.8756215 ] ] ] } },
{ "type": "Feature", "properties": { "element": "way", "id": 654528435, "name": "旭德科技", "landuse": "industrial" }, "geometry": { "type": "Polygon", "coordinates": [ [ [ 121.0386152, 24.8766665 ], [ 121.0382491, 24.8766639 ], [ 121.0379269, 24.8766555 ], [ 121.0381002, 24.875531 ], [ 121.0387969, 24.8756215 ], [ 121.0386152, 24.8766665 ] ] ] } },
{ "type": "Feature", "properties": { "element": "way", "id": 654528627, "name": "協祥機械工業 新竹二廠", "landuse": "industrial" }, "geometry": { "type": "Polygon", "coordinates": [ [ [ 121.0339391, 24.8748789 ], [ 121.0349587, 24.8750032 ], [ 121.0350533, 24.8749107 ], [ 121.0351438, 24.8743334 ], [ 121.0340407, 24.8741941 ], [ 121.0339391, 24.8748789 ] ] ] } },
{ "type": "Feature", "properties": { "element": "way", "id": 654551157, "name": "頎邦科技 光復廠", "landuse": "industrial" }, "geometry": { "type": "Polygon", "coordinates": [ [ [ 121.0277188, 24.8727894 ], [ 121.028844, 24.8730571 ], [ 121.0293737, 24.8711931 ], [ 121.0282619, 24.8709193 ], [ 121.0277188, 24.8727894 ] ] ] } },
{ "type": "Feature", "properties": { "element": "way", "id": 654551158, "name": "益得生物科技", "landuse": "industrial" }, "geometry": { "type": "Polygon", "coordinates": [ [ [ 121.0238484, 24.8718319 ], [ 121.0241836, 24.8719608 ], [ 121.0247952, 24.8721141 ], [ 121.0253303, 24.870227 ], [ 121.0243754, 24.8699897 ], [ 121.0238484, 24.8718319 ] ] ] } },
{ "type": "Feature", "properties": { "element": "way", "id": 654551159, "name": "宏力生化科技股份有限公司", "landuse": "industrial" }, "geometry": { "type": "Polygon", "coordinates": [ [ [ 121.019432, 24.8680282 ], [ 121.0190601, 24.8674605 ], [ 121.0200478, 24.8669391 ], [ 121.0203538, 24.8674166 ], [ 121.0200195, 24.8675879 ], [ 121.0200798, 24.8676877 ], [ 121.019432, 24.8680282 ] ] ] } },
{ "type": "Feature", "properties": { "element": "way", "id": 654905491, "name": "中華電信研究院", "landuse": "industrial" }, "geometry": { "type": "Polygon", "coordinates": [ [ [ 121.1668843, 24.9567592 ], [ 121.1675562, 24.9557946 ], [ 121.1678005, 24.9554669 ], [ 121.1673882, 24.9545947 ], [ 121.1669759, 24.9540778 ], [ 121.1662022, 24.9533348 ], [ 121.1661513, 24.953164 ], [ 121.1661767, 24.9528594 ], [ 121.1659782, 24.9529656 ], [ 121.1653114, 24.9532794 ], [ 121.164217, 24.953344 ], [ 121.1637283, 24.953284 ], [ 121.1637028, 24.9528087 ], [ 121.1633566, 24.9529711 ], [ 121.1631952, 24.9532533 ], [ 121.1631721, 24.9536452 ], [ 121.1632528, 24.9539692 ], [ 121.1629589, 24.9541312 ], [ 121.1629589, 24.9544814 ], [ 121.1632125, 24.9545754 ], [ 121.1629877, 24.9552391 ], [ 121.1629127, 24.955469 ], [ 121.1632067, 24.9554899 ], [ 121.1633468, 24.9556031 ], [ 121.1634695, 24.9558637 ], [ 121.1642829, 24.9560545 ], [ 121.165475, 24.9560926 ], [ 121.166667, 24.956712 ], [ 121.1668843, 24.9567592 ] ] ] } },
{ "type": "Feature", "properties": { "element": "way", "id": 661603056, "name": "大洋塑膠工業新屋廠", "landuse": "industrial" }, "geometry": { "type": "Polygon", "coordinates": [ [ [ 121.0425132, 25.0155058 ], [ 121.043437, 25.0161936 ], [ 121.044612, 25.0163919 ], [ 121.044801, 25.0171672 ], [ 121.0451718, 25.0170445 ], [ 121.0458229, 25.0166948 ], [ 121.0459313, 25.0165561 ], [ 121.0461195, 25.0164361 ], [ 121.0462694, 25.0163797 ], [ 121.0465246, 25.0158927 ], [ 121.0467399, 25.0156354 ], [ 121.0469616, 25.0151542 ], [ 121.0470319, 25.0149522 ], [ 121.0472533, 25.0148484 ], [ 121.0474591, 25.0145043 ], [ 121.047882, 25.0141323 ], [ 121.0479479, 25.0140906 ], [ 121.0483295, 25.0139303 ], [ 121.047875, 25.0135182 ], [ 121.0473444, 25.0139222 ], [ 121.047273, 25.013946 ], [ 121.0464116, 25.0146388 ], [ 121.0463537, 25.0147957 ], [ 121.0458325, 25.0148044 ], [ 121.0456395, 25.0148203 ], [ 121.0454305, 25.0148767 ], [ 121.0449728, 25.0147668 ], [ 121.0447368, 25.0147914 ], [ 121.0443588, 25.0147611 ], [ 121.0438048, 25.0145804 ], [ 121.0430359, 25.0140744 ], [ 121.042771, 25.0144622 ], [ 121.0427108, 25.0146377 ], [ 121.0425781, 25.0147386 ], [ 121.0425082, 25.0148424 ], [ 121.0424589, 25.0149945 ], [ 121.0424163, 25.0150552 ], [ 121.0425132, 25.0155058 ] ] ] } },
{ "type": "Feature", "properties": { "element": "way", "id": 661605371, "name": "台電大潭發電廠", "landuse": "industrial" }, "geometry": { "type": "Polygon", "coordinates": [ [ [ 121.0510679, 25.0322648 ], [ 121.0518165, 25.0329783 ], [ 121.0518712, 25.0331613 ], [ 121.0519312, 25.0333618 ], [ 121.0520972, 25.0334224 ], [ 121.0524171, 25.0336859 ], [ 121.0526072, 25.0337386 ], [ 121.0527612, 25.0337203 ], [ 121.053953, 25.0325976 ], [ 121.054528, 25.0319235 ], [ 121.0551241, 25.0314518 ], [ 121.0549128, 25.0312663 ], [ 121.0540224, 25.0306983 ], [ 121.0532141, 25.0301924 ], [ 121.053057, 25.0301897 ], [ 121.0527708, 25.0304552 ], [ 121.0525127, 25.0308212 ], [ 121.0522657, 25.0311272 ], [ 121.052312, 25.0311909 ], [ 121.0522385, 25.0312665 ], [ 121.0522103, 25.0312399 ], [ 121.0510679, 25.0322648 ] ] ] } },
{ "type": "Feature", "properties": { "element": "way", "id": 661605372, "name": "台電大潭發電廠", "landuse": "industrial" }, "geometry": { "type": "Polygon", "coordinates": [ [ [ 121.0444239, 25.0208558 ], [ 121.0445277, 25.0207515 ], [ 121.0445344, 25.0206718 ], [ 121.0448051, 25.0204245 ], [ 121.0449269, 25.0204491 ], [ 121.0450555, 25.0203223 ], [ 121.0450374, 25.020214 ], [ 121.0457727, 25.0195559 ], [ 121.0458494, 25.0195396 ], [ 121.0515828, 25.0248387 ], [ 121.0518522, 25.0250277 ], [ 121.0520987, 25.0251033 ], [ 121.0522618, 25.0251239 ], [ 121.0524477, 25.0251239 ], [ 121.0526753, 25.0250552 ], [ 121.052937, 25.0248799 ], [ 121.0533189, 25.0244461 ], [ 121.0546766, 25.0257875 ], [ 121.0565361, 25.0276146 ], [ 121.0553566, 25.0282844 ], [ 121.054689, 25.0285833 ], [ 121.0544048, 25.0286548 ], [ 121.0540958, 25.0286691 ], [ 121.0527313, 25.0281561 ], [ 121.0522509, 25.027917 ], [ 121.0444239, 25.0208558 ] ] ] } },
{ "type": "Feature", "properties": { "element": "way", "id": 661605374, "name": "台電大潭發電廠", "landuse": "industrial" }, "geometry": { "type": "Polygon", "coordinates": [ [ [ 121.0440112, 25.0204516 ], [ 121.0440866, 25.0203821 ], [ 121.0441504, 25.0203943 ], [ 121.0455696, 25.0191172 ], [ 121.0424472, 25.0163268 ], [ 121.0421575, 25.0162393 ], [ 121.0419403, 25.0162684 ], [ 121.0408739, 25.0170181 ], [ 121.0407594, 25.0172116 ], [ 121.040755, 25.0174098 ], [ 121.0408756, 25.0175817 ], [ 121.0440112, 25.0204516 ] ] ] } },
{ "type": "Feature", "properties": { "element": "way", "id": 661662183, "name": "大潭發電廠", "landuse": "industrial" }, "geometry": { "type": "Polygon", "coordinates": [ [ [ 121.0391703, 25.0260044 ], [ 121.0392958, 25.026115 ], [ 121.0395519, 25.0258761 ], [ 121.0395879, 25.0258074 ], [ 121.0400014, 25.0261837 ], [ 121.0404452, 25.0257781 ], [ 121.0412424, 25.0264598 ], [ 121.0403748, 25.0273615 ], [ 121.0418401, 25.0287281 ], [ 121.0408988, 25.0295803 ], [ 121.0381012, 25.0269871 ], [ 121.0391703, 25.0260044 ] ] ] } },
{ "type": "Feature", "properties": { "element": "way", "id": 661662185, "name": "高銀化學工業(土地遭汙染)", "landuse": "industrial" }, "geometry": { "type": "Polygon", "coordinates": [ [ [ 121.0556525, 25.0310455 ], [ 121.0554819, 25.0308735 ], [ 121.0547206, 25.0295364 ], [ 121.0546469, 25.0292545 ], [ 121.0547542, 25.0290406 ], [ 121.0554422, 25.0286919 ], [ 121.055705, 25.0285692 ], [ 121.0558136, 25.0285886 ], [ 121.0558673, 25.0286348 ], [ 121.0559652, 25.028574 ], [ 121.0559491, 25.0285339 ], [ 121.0559639, 25.0284464 ], [ 121.0560068, 25.028416 ], [ 121.0563179, 25.0285947 ], [ 121.0566934, 25.0288807 ], [ 121.0576091, 25.0297492 ], [ 121.057456, 25.0299544 ], [ 121.0573029, 25.0300469 ], [ 121.0571577, 25.0300729 ], [ 121.0562216, 25.030726 ], [ 121.0559051, 25.0309228 ], [ 121.0556525, 25.0310455 ] ] ] } },
{ "type": "Feature", "properties": { "element": "way", "id": 664585261, "name": "中華電信器材場", "landuse": "industrial" }, "geometry": { "type": "Polygon", "coordinates": [ [ [ 121.2508453, 24.9413813 ], [ 121.2501613, 24.9408462 ], [ 121.2500326, 24.94098 ], [ 121.2500058, 24.9407562 ], [ 121.2503276, 24.9404157 ], [ 121.2504296, 24.9402698 ], [ 121.2504081, 24.940102 ], [ 121.2514676, 24.9392289 ], [ 121.2514622, 24.9391097 ], [ 121.2516822, 24.9389954 ], [ 121.2520443, 24.9385746 ], [ 121.2526692, 24.9392191 ], [ 121.2523849, 24.9396812 ], [ 121.251717, 24.9404352 ], [ 121.2508453, 24.9413813 ] ] ] } },
{ "type": "Feature", "properties": { "element": "way", "id": 664718079, "name": "中油加油站龍岡站", "landuse": "industrial" }, "geometry": { "type": "Polygon", "coordinates": [ [ [ 121.2302237, 24.9447429 ], [ 121.229707, 24.9444276 ], [ 121.229783, 24.9440909 ], [ 121.2299271, 24.9440878 ], [ 121.2301471, 24.9441051 ], [ 121.2302014, 24.9441225 ], [ 121.230305, 24.9441326 ], [ 121.2302293, 24.9447011 ], [ 121.2302237, 24.9447429 ] ] ] } },
{ "type": "Feature", "properties": { "element": "way", "id": 665170366, "name": "桃園市南區垃圾焚化廠", "landuse": "industrial" }, "geometry": { "type": "Polygon", "coordinates": [ [ [ 121.2490345, 24.9924996 ], [ 121.2505365, 24.9925069 ], [ 121.250566, 24.9913643 ], [ 121.2505124, 24.9910361 ], [ 121.2504453, 24.9908198 ], [ 121.2503407, 24.9906739 ], [ 121.2489835, 24.9906812 ], [ 121.2489889, 24.9920863 ], [ 121.2490345, 24.9924996 ] ] ] } },
{ "type": "Feature", "properties": { "element": "way", "id": 666008199, "name": "三陽工業零件中心", "landuse": "industrial" }, "geometry": { "type": "Polygon", "coordinates": [ [ [ 121.0115902, 24.8847102 ], [ 121.0123125, 24.8841281 ], [ 121.0108258, 24.8829004 ], [ 121.0106049, 24.8834029 ], [ 121.0104472, 24.8836765 ], [ 121.0115902, 24.8847102 ] ] ] } },
{ "type": "Feature", "properties": { "element": "way", "id": 666008571, "name": "欣興電子中園廠", "landuse": "industrial" }, "geometry": { "type": "Polygon", "coordinates": [ [ [ 121.238127, 24.9850491 ], [ 121.2380787, 24.9849878 ], [ 121.2385956, 24.9846091 ], [ 121.238511, 24.9845018 ], [ 121.2394271, 24.9845503 ], [ 121.2393636, 24.9846682 ], [ 121.239238, 24.9848958 ], [ 121.2391344, 24.9849848 ], [ 121.2390083, 24.9850766 ], [ 121.2386487, 24.9846726 ], [ 121.238127, 24.9850491 ] ] ] } },
{ "type": "Feature", "properties": { "element": "way", "id": 666009180, "name": "欣興電子合江廠", "landuse": "industrial" }, "geometry": { "type": "Polygon", "coordinates": [ [ [ 121.2438559, 24.9851217 ], [ 121.2446282, 24.9848422 ], [ 121.2444899, 24.9844844 ], [ 121.2435129, 24.9846307 ], [ 121.243121, 24.9846489 ], [ 121.2431123, 24.9847038 ], [ 121.2438559, 24.9851217 ] ] ] } },
{ "type": "Feature", "properties": { "element": "way", "id": 666009181, "name": "欣興電子合江二廠", "landuse": "industrial" }, "geometry": { "type": "Polygon", "coordinates": [ [ [ 121.2456888, 24.9851844 ], [ 121.2461412, 24.9849389 ], [ 121.2457118, 24.9841604 ], [ 121.2453372, 24.9842754 ], [ 121.2452853, 24.9843407 ], [ 121.2456888, 24.9851844 ] ] ] } },
{ "type": "Feature", "properties": { "element": "way", "id": 666707660, "name": "視航科技", "landuse": "industrial" }, "geometry": { "type": "Polygon", "coordinates": [ [ [ 121.2985366, 24.8884659 ], [ 121.2978149, 24.8883902 ], [ 121.2976525, 24.8883144 ], [ 121.2967345, 24.8874879 ], [ 121.2971157, 24.8869743 ], [ 121.2976119, 24.8867042 ], [ 121.2978239, 24.8868106 ], [ 121.2980156, 24.8867595 ], [ 121.2983855, 24.8873078 ], [ 121.298293, 24.8873385 ], [ 121.2986201, 24.8878602 ], [ 121.2984532, 24.8879503 ], [ 121.298399, 24.8880771 ], [ 121.2985096, 24.8882756 ], [ 121.2985366, 24.8884659 ] ] ] } },
{ "type": "Feature", "properties": { "element": "way", "id": 666712231, "name": "台灣松下電器", "landuse": "industrial" }, "geometry": { "type": "Polygon", "coordinates": [ [ [ 121.2953887, 24.886317 ], [ 121.2952005, 24.8861897 ], [ 121.2961606, 24.8852507 ], [ 121.2962451, 24.8852261 ], [ 121.2963488, 24.885255 ], [ 121.2965098, 24.8853824 ], [ 121.2965354, 24.8855762 ], [ 121.2968113, 24.8858656 ], [ 121.2963229, 24.8863629 ], [ 121.2962842, 24.8863318 ], [ 121.295994, 24.8861598 ], [ 121.2955881, 24.8866054 ], [ 121.2953245, 24.8863955 ], [ 121.2953887, 24.886317 ] ] ] } },
{ "type": "Feature", "properties": { "element": "way", "id": 668777711, "name": null, "landuse": "industrial" }, "geometry": { "type": "Polygon", "coordinates": [ [ [ 121.2983136, 24.9379725 ], [ 121.2988082, 24.9381176 ], [ 121.2989038, 24.9367157 ], [ 121.2984761, 24.9365749 ], [ 121.2983781, 24.936616 ], [ 121.2983016, 24.9368175 ], [ 121.2982992, 24.9372032 ], [ 121.2983399, 24.9372921 ], [ 121.2983136, 24.9379725 ] ] ] } },
{ "type": "Feature", "properties": { "element": "way", "id": 670161673, "name": "亞東工業氣體", "landuse": "industrial" }, "geometry": { "type": "Polygon", "coordinates": [ [ [ 121.108244, 25.0506263 ], [ 121.110983, 25.0474919 ], [ 121.1128041, 25.0487943 ], [ 121.1128924, 25.0497871 ], [ 121.1130305, 25.0506908 ], [ 121.1129385, 25.0508229 ], [ 121.1126802, 25.0510833 ], [ 121.1126829, 25.0511718 ], [ 121.1128946, 25.0514225 ], [ 121.1133205, 25.0521843 ], [ 121.1133775, 25.0525358 ], [ 121.1133178, 25.052816 ], [ 121.1128756, 25.05331 ], [ 121.1127481, 25.0538113 ], [ 121.1127214, 25.0538431 ], [ 121.108244, 25.0506263 ] ] ] } },
{ "type": "Feature", "properties": { "element": "way", "id": 670163112, "name": "台灣科慕觀音廠", "landuse": "industrial" }, "geometry": { "type": "Polygon", "coordinates": [ [ [ 121.1078817, 25.0462591 ], [ 121.1080091, 25.0462459 ], [ 121.1081753, 25.0462971 ], [ 121.1083672, 25.0465616 ], [ 121.1083946, 25.0468027 ], [ 121.1083608, 25.0470263 ], [ 121.1082414, 25.0473127 ], [ 121.107893, 25.0476547 ], [ 121.1094706, 25.0487932 ], [ 121.1105449, 25.047529 ], [ 121.1105272, 25.0474925 ], [ 121.1103159, 25.0473391 ], [ 121.1102788, 25.04719 ], [ 121.1102449, 25.0471315 ], [ 121.1089157, 25.0461626 ], [ 121.1085672, 25.0459887 ], [ 121.1086172, 25.0459346 ], [ 121.1080285, 25.0455163 ], [ 121.1070912, 25.0448502 ], [ 121.1069106, 25.0448575 ], [ 121.1068089, 25.0449701 ], [ 121.1067009, 25.0448999 ], [ 121.1069638, 25.0446018 ], [ 121.1059717, 25.0438623 ], [ 121.1056523, 25.0438506 ], [ 121.105626, 25.044465 ], [ 121.1064266, 25.0450223 ], [ 121.1064501, 25.0450387 ], [ 121.1061298, 25.0454076 ], [ 121.1056499, 25.045082 ], [ 121.1056714, 25.0450452 ], [ 121.1054874, 25.044924 ], [ 121.1054731, 25.0449085 ], [ 121.1048082, 25.0458809 ], [ 121.1044615, 25.0464327 ], [ 121.1043725, 25.0466435 ], [ 121.1040988, 25.048392 ], [ 121.1033765, 25.0505563 ], [ 121.1032475, 25.0510327 ], [ 121.1030313, 25.0514828 ], [ 121.1028157, 25.0517198 ], [ 121.1012315, 25.0535854 ], [ 121.1009621, 25.0539565 ], [ 121.100683, 25.0546755 ], [ 121.1008105, 25.0551402 ], [ 121.1011008, 25.0553726 ], [ 121.1012041, 25.0553039 ], [ 121.1012605, 25.0551548 ], [ 121.1016493, 25.0552863 ], [ 121.1017106, 25.0551402 ], [ 121.101559, 25.0550028 ], [ 121.1017918, 25.054458 ], [ 121.1018745, 25.0541778 ], [ 121.1019342, 25.0538903 ], [ 121.1021987, 25.0535118 ], [ 121.1022801, 25.0534688 ], [ 121.1025677, 25.0535782 ], [ 121.1033029, 25.0533902 ], [ 121.1036664, 25.053196 ], [ 121.1039078, 25.0529871 ], [ 121.1041432, 25.0523649 ], [ 121.1043144, 25.0505997 ], [ 121.1044392, 25.0503343 ], [ 121.1049533, 25.0501524 ], [ 121.1050293, 25.0500947 ], [ 121.1051744, 25.0498415 ], [ 121.1052613, 25.0495761 ], [ 121.1054607, 25.049146 ], [ 121.1058521, 25.0472891 ], [ 121.1060556, 25.0470114 ], [ 121.1061994, 25.0469155 ], [ 121.1069916, 25.0467496 ], [ 121.1075961, 25.0464741 ], [ 121.1078817, 25.0462591 ] ] ] } },
{ "type": "Feature", "properties": { "element": "way", "id": 670339212, "name": "瑞智精密", "landuse": "industrial" }, "geometry": { "type": "Polygon", "coordinates": [ [ [ 121.1065721, 25.0432242 ], [ 121.1056257, 25.0423117 ], [ 121.1069172, 25.0409938 ], [ 121.1075602, 25.0404714 ], [ 121.1076645, 25.0404267 ], [ 121.1077986, 25.0405753 ], [ 121.1077933, 25.0406645 ], [ 121.1074303, 25.0416323 ], [ 121.1073897, 25.0418754 ], [ 121.1074348, 25.0419817 ], [ 121.1075122, 25.0420962 ], [ 121.1065721, 25.0432242 ] ] ] } },
{ "type": "Feature", "properties": { "element": "way", "id": 670377487, "name": "新光鋼鐵觀音廠", "landuse": "industrial" }, "geometry": { "type": "Polygon", "coordinates": [ [ [ 121.1095439, 25.0432431 ], [ 121.1099203, 25.0426912 ], [ 121.1100096, 25.0416884 ], [ 121.1111304, 25.0402164 ], [ 121.1125565, 25.0410825 ], [ 121.1119048, 25.0424214 ], [ 121.111657, 25.0423034 ], [ 121.1114409, 25.042281 ], [ 121.1111814, 25.0426553 ], [ 121.1117655, 25.0429883 ], [ 121.1118332, 25.0432479 ], [ 121.1118084, 25.0434972 ], [ 121.1116731, 25.043914 ], [ 121.1115964, 25.0440734 ], [ 121.1114588, 25.0443513 ], [ 121.1105341, 25.0454363 ], [ 121.1104697, 25.0453852 ], [ 121.1097031, 25.0448116 ], [ 121.110415, 25.0440029 ], [ 121.1104732, 25.0439447 ], [ 121.1098101, 25.0434972 ], [ 121.1095439, 25.0432431 ] ] ] } },
{ "type": "Feature", "properties": { "element": "way", "id": 670377488, "name": "觀音香素食", "landuse": "industrial" }, "geometry": { "type": "Polygon", "coordinates": [ [ [ 121.1129501, 25.0459625 ], [ 121.1132962, 25.0457082 ], [ 121.113494, 25.0459336 ], [ 121.1136997, 25.0457732 ], [ 121.1139022, 25.0459596 ], [ 121.1133903, 25.0463208 ], [ 121.1131718, 25.0460708 ], [ 121.1129501, 25.0459625 ] ] ] } },
{ "type": "Feature", "properties": { "element": "way", "id": 670447123, "name": "台唐工業", "landuse": "industrial" }, "geometry": { "type": "Polygon", "coordinates": [ [ [ 121.1160259, 25.0531283 ], [ 121.116781, 25.0516151 ], [ 121.1140115, 25.0495975 ], [ 121.1140259, 25.0496754 ], [ 121.1144212, 25.05052 ], [ 121.1144722, 25.050673 ], [ 121.1160259, 25.0531283 ] ] ] } },
{ "type": "Feature", "properties": { "element": "way", "id": 681843189, "name": "中華電信", "landuse": "industrial" }, "geometry": { "type": "Polygon", "coordinates": [ [ [ 121.2121826, 24.8122899 ], [ 121.2120498, 24.8120747 ], [ 121.2120859, 24.8120369 ], [ 121.2122338, 24.8119491 ], [ 121.2122831, 24.8119732 ], [ 121.2124292, 24.811906 ], [ 121.2124747, 24.8120369 ], [ 121.212543, 24.812104 ], [ 121.2126549, 24.8121522 ], [ 121.2126624, 24.812209 ], [ 121.2126283, 24.8122848 ], [ 121.2125581, 24.8123089 ], [ 121.2121826, 24.8122899 ] ] ] } },
{ "type": "Feature", "properties": { "element": "way", "id": 695007707, "name": null, "landuse": "industrial" }, "geometry": { "type": "Polygon", "coordinates": [ [ [ 121.0632654, 25.0363546 ], [ 121.066195, 25.0375465 ], [ 121.0667254, 25.0364275 ], [ 121.0640748, 25.0353163 ], [ 121.0632654, 25.0363546 ] ] ] } },
{ "type": "Feature", "properties": { "element": "way", "id": 696280472, "name": "變電所", "landuse": "industrial" }, "geometry": { "type": "Polygon", "coordinates": [ [ [ 121.0621136, 25.025711 ], [ 121.0610136, 25.0261795 ], [ 121.0610155, 25.0261835 ], [ 121.0612164, 25.0265883 ], [ 121.0617552, 25.0263532 ], [ 121.0618915, 25.0262937 ], [ 121.061937, 25.0261037 ], [ 121.0620265, 25.0258909 ], [ 121.0621228, 25.0257332 ], [ 121.0621136, 25.025711 ] ] ] } },
{ "type": "Feature", "properties": { "element": "way", "id": 696280473, "name": "台電北部儲運中心", "landuse": "industrial" }, "geometry": { "type": "Polygon", "coordinates": [ [ [ 121.0610155, 25.0261835 ], [ 121.0591221, 25.0270198 ], [ 121.0594685, 25.0273321 ], [ 121.0596916, 25.0275878 ], [ 121.0599399, 25.0278006 ], [ 121.0600278, 25.0277639 ], [ 121.0601275, 25.0277792 ], [ 121.060212, 25.0278159 ], [ 121.0603269, 25.0278986 ], [ 121.0609842, 25.0280793 ], [ 121.0612849, 25.0277501 ], [ 121.061345, 25.0273249 ], [ 121.0615248, 25.0268266 ], [ 121.0617552, 25.0263532 ], [ 121.0612164, 25.0265883 ], [ 121.0610155, 25.0261835 ] ] ] } },
{ "type": "Feature", "properties": { "element": "way", "id": 708442747, "name": "桃園客運觀音站", "landuse": "industrial" }, "geometry": { "type": "Polygon", "coordinates": [ [ [ 121.0811912, 25.0381777 ], [ 121.0808441, 25.0379776 ], [ 121.0807766, 25.0379311 ], [ 121.0807633, 25.0379147 ], [ 121.0807627, 25.0378955 ], [ 121.0807686, 25.0378773 ], [ 121.0808055, 25.0378333 ], [ 121.0810185, 25.0376073 ], [ 121.081458, 25.037816 ], [ 121.0811912, 25.0381777 ] ] ] } },
{ "type": "Feature", "properties": { "element": "way", "id": 710381266, "name": null, "landuse": "industrial" }, "geometry": { "type": "Polygon", "coordinates": [ [ [ 121.2453655, 24.9011032 ], [ 121.2457341, 24.8998132 ], [ 121.2457663, 24.8996162 ], [ 121.2461753, 24.8993838 ], [ 121.2441663, 24.8995845 ], [ 121.2441291, 24.8997196 ], [ 121.2447739, 24.8998667 ], [ 121.2443029, 24.9013197 ], [ 121.2447014, 24.901363 ], [ 121.2453655, 24.9011032 ] ] ] } },
{ "type": "Feature", "properties": { "element": "way", "id": 710381267, "name": null, "landuse": "industrial" }, "geometry": { "type": "Polygon", "coordinates": [ [ [ 121.2498811, 24.9025914 ], [ 121.2499267, 24.9020193 ], [ 121.248341, 24.9017919 ], [ 121.2482536, 24.9023842 ], [ 121.2498811, 24.9025914 ] ] ] } },
{ "type": "Feature", "properties": { "element": "way", "id": 710381268, "name": null, "landuse": "industrial" }, "geometry": { "type": "Polygon", "coordinates": [ [ [ 121.2497188, 24.901247 ], [ 121.249091, 24.9011619 ], [ 121.2489801, 24.9017703 ], [ 121.2496245, 24.9018487 ], [ 121.2497188, 24.901247 ] ] ] } },
{ "type": "Feature", "properties": { "element": "way", "id": 710381302, "name": null, "landuse": "industrial" }, "geometry": { "type": "Polygon", "coordinates": [ [ [ 121.2496245, 24.9018487 ], [ 121.2507472, 24.9019853 ], [ 121.2507366, 24.901385 ], [ 121.2497188, 24.901247 ], [ 121.2496245, 24.9018487 ] ] ] } },
{ "type": "Feature", "properties": { "element": "way", "id": 710382206, "name": null, "landuse": "industrial" }, "geometry": { "type": "Polygon", "coordinates": [ [ [ 121.2437288, 24.901171 ], [ 121.2437067, 24.9012514 ], [ 121.2437814, 24.9013703 ], [ 121.2442653, 24.9014358 ], [ 121.2445003, 24.9014676 ], [ 121.2452432, 24.9015308 ], [ 121.2453655, 24.9011032 ], [ 121.2447014, 24.901363 ], [ 121.2443029, 24.9013197 ], [ 121.2437288, 24.901171 ] ] ] } },
{ "type": "Feature", "properties": { "element": "way", "id": 710382207, "name": null, "landuse": "industrial" }, "geometry": { "type": "Polygon", "coordinates": [ [ [ 121.2443029, 24.9013197 ], [ 121.2447739, 24.8998667 ], [ 121.2441291, 24.8997196 ], [ 121.2437288, 24.901171 ], [ 121.2443029, 24.9013197 ] ] ] } },
{ "type": "Feature", "properties": { "element": "way", "id": 711547019, "name": "毛寶", "landuse": "industrial" }, "geometry": { "type": "Polygon", "coordinates": [ [ [ 121.0164611, 24.8667473 ], [ 121.0159396, 24.8659112 ], [ 121.0166576, 24.8655433 ], [ 121.0169081, 24.8659372 ], [ 121.017198, 24.8663883 ], [ 121.0164611, 24.8667473 ] ] ] } },
{ "type": "Feature", "properties": { "element": "way", "id": 711547020, "name": "台灣德亞瑪", "landuse": "industrial" }, "geometry": { "type": "Polygon", "coordinates": [ [ [ 121.0154703, 24.8651513 ], [ 121.0161653, 24.8647737 ], [ 121.0166576, 24.8655433 ], [ 121.0159396, 24.8659112 ], [ 121.0154703, 24.8651513 ] ] ] } },
{ "type": "Feature", "properties": { "element": "way", "id": 711547021, "name": "穩好高分子化學工業", "landuse": "industrial" }, "geometry": { "type": "Polygon", "coordinates": [ [ [ 121.0136195, 24.8622859 ], [ 121.0151548, 24.8615029 ], [ 121.015763, 24.8625953 ], [ 121.0150653, 24.8629527 ], [ 121.0148508, 24.862616 ], [ 121.0140769, 24.8630131 ], [ 121.0136195, 24.8622859 ] ] ] } },
{ "type": "Feature", "properties": { "element": "way", "id": 711547022, "name": "台灣三菱化學", "landuse": "industrial" }, "geometry": { "type": "Polygon", "coordinates": [ [ [ 121.0158849, 24.8600608 ], [ 121.0162786, 24.8604495 ], [ 121.0166317, 24.8609593 ], [ 121.0175941, 24.8604372 ], [ 121.0163784, 24.8584862 ], [ 121.0159036, 24.8589851 ], [ 121.0155576, 24.8593161 ], [ 121.0150158, 24.8596178 ], [ 121.0150427, 24.8597128 ], [ 121.015453, 24.8598004 ], [ 121.0158849, 24.8600608 ] ] ] } },
{ "type": "Feature", "properties": { "element": "way", "id": 711547023, "name": "台豐印刷電路工業", "landuse": "industrial" }, "geometry": { "type": "Polygon", "coordinates": [ [ [ 121.0166206, 24.8582666 ], [ 121.0172186, 24.8576192 ], [ 121.0175055, 24.8580567 ], [ 121.0177125, 24.8583724 ], [ 121.0179162, 24.8586829 ], [ 121.0180441, 24.858878 ], [ 121.0184782, 24.8596246 ], [ 121.0186611, 24.8599392 ], [ 121.0188159, 24.8602054 ], [ 121.0189955, 24.8605143 ], [ 121.0182608, 24.8608765 ], [ 121.0166206, 24.8582666 ] ] ] } },
{ "type": "Feature", "properties": { "element": "way", "id": 711547024, "name": "榮創能源科技", "landuse": "industrial" }, "geometry": { "type": "Polygon", "coordinates": [ [ [ 121.0158849, 24.8582355 ], [ 121.0154973, 24.8583414 ], [ 121.0152079, 24.8573997 ], [ 121.0154956, 24.8571367 ], [ 121.0155309, 24.8571213 ], [ 121.0158849, 24.8582355 ] ] ] } },
{ "type": "Feature", "properties": { "element": "way", "id": 711547025, "name": "必翔電能高科技", "landuse": "industrial" }, "geometry": { "type": "Polygon", "coordinates": [ [ [ 121.0155309, 24.8571213 ], [ 121.0158849, 24.8582355 ], [ 121.0164079, 24.8580749 ], [ 121.0170828, 24.8573804 ], [ 121.0168164, 24.856568 ], [ 121.0166759, 24.8566206 ], [ 121.0155309, 24.8571213 ] ] ] } },
{ "type": "Feature", "properties": { "element": "way", "id": 717426540, "name": "聯亞科技", "landuse": "industrial" }, "geometry": { "type": "Polygon", "coordinates": [ [ [ 121.0228693, 24.7626636 ], [ 121.0229364, 24.7626173 ], [ 121.0238376, 24.7620133 ], [ 121.0234085, 24.7609221 ], [ 121.0232985, 24.7608174 ], [ 121.0228801, 24.760888 ], [ 121.0219547, 24.7613873 ], [ 121.0220996, 24.7618477 ], [ 121.0226134, 24.7623923 ], [ 121.0228693, 24.7626636 ] ] ] } },
{ "type": "Feature", "properties": { "element": "way", "id": 717426548, "name": "TSMC Fab 12", "landuse": "industrial" }, "geometry": { "type": "Polygon", "coordinates": [ [ [ 121.0094811, 24.7711744 ], [ 121.0092035, 24.7713267 ], [ 121.0102174, 24.7728001 ], [ 121.0104065, 24.7727268 ], [ 121.0107146, 24.7726054 ], [ 121.0111458, 24.7724307 ], [ 121.0125048, 24.771505 ], [ 121.0128942, 24.7712098 ], [ 121.0133421, 24.7708834 ], [ 121.0136828, 24.7705205 ], [ 121.0154825, 24.7676662 ], [ 121.0161611, 24.7668016 ], [ 121.0158021, 24.7663765 ], [ 121.0152996, 24.7663701 ], [ 121.0146094, 24.7664151 ], [ 121.0127407, 24.766444 ], [ 121.0123019, 24.7665757 ], [ 121.0119055, 24.7667911 ], [ 121.0114595, 24.7670867 ], [ 121.0112259, 24.7673052 ], [ 121.0108508, 24.7677776 ], [ 121.0107092, 24.7681954 ], [ 121.0106314, 24.7686132 ], [ 121.010688, 24.7688606 ], [ 121.010741, 24.769278 ], [ 121.0108083, 24.7698087 ], [ 121.0107623, 24.7700979 ], [ 121.0106314, 24.7703742 ], [ 121.0103801, 24.7706635 ], [ 121.0099978, 24.7708884 ], [ 121.0094811, 24.7711744 ] ] ] } },
{ "type": "Feature", "properties": { "element": "way", "id": 717567694, "name": "台積電二、五廠", "landuse": "industrial" }, "geometry": { "type": "Polygon", "coordinates": [ [ [ 120.9975386, 24.7749237 ], [ 121.0000491, 24.7732774 ], [ 121.0001198, 24.7731361 ], [ 120.9998677, 24.7728268 ], [ 120.9998246, 24.7727986 ], [ 120.9992346, 24.7724128 ], [ 120.9986285, 24.7719598 ], [ 120.9984032, 24.7718819 ], [ 120.9975395, 24.7725541 ], [ 120.9962199, 24.7734411 ], [ 120.9975386, 24.7749237 ] ] ] } },
{ "type": "Feature", "properties": { "element": "way", "id": 718282658, "name": "物流共和國楊梅園區", "landuse": "industrial" }, "geometry": { "type": "Polygon", "coordinates": [ [ [ 121.1317995, 24.9465846 ], [ 121.1326284, 24.9456333 ], [ 121.1332054, 24.9452337 ], [ 121.1340016, 24.9460431 ], [ 121.1341773, 24.9459082 ], [ 121.1354717, 24.9472228 ], [ 121.1349816, 24.9476334 ], [ 121.1339103, 24.9479888 ], [ 121.1337973, 24.9479757 ], [ 121.1336197, 24.9479551 ], [ 121.1334135, 24.9480471 ], [ 121.1329438, 24.9478601 ], [ 121.1328187, 24.9476303 ], [ 121.1329809, 24.94752 ], [ 121.1328796, 24.9473637 ], [ 121.1321969, 24.9466161 ], [ 121.1321665, 24.9466559 ], [ 121.1320921, 24.9465762 ], [ 121.1320212, 24.9466345 ], [ 121.1319603, 24.9465946 ], [ 121.1319029, 24.9466651 ], [ 121.1317995, 24.9465846 ] ] ] } },
{ "type": "Feature", "properties": { "element": "way", "id": 731237959, "name": "桃園客運龍潭新站", "landuse": "industrial" }, "geometry": { "type": "Polygon", "coordinates": [ [ [ 121.2095618, 24.8666072 ], [ 121.2103558, 24.8665123 ], [ 121.2105462, 24.8668943 ], [ 121.2105918, 24.8671231 ], [ 121.2105926, 24.8671673 ], [ 121.2103255, 24.8672838 ], [ 121.2101465, 24.867145 ], [ 121.2098327, 24.8670184 ], [ 121.2096664, 24.8669673 ], [ 121.2095779, 24.8668749 ], [ 121.2095618, 24.8666072 ] ] ] } },
{ "type": "Feature", "properties": { "element": "way", "id": 740631033, "name": "中祥食品", "landuse": "industrial" }, "geometry": { "type": "Polygon", "coordinates": [ [ [ 121.2839273, 24.960338 ], [ 121.2848046, 24.9602238 ], [ 121.2845554, 24.9585265 ], [ 121.2844151, 24.9585914 ], [ 121.2840988, 24.9585454 ], [ 121.2841108, 24.9588998 ], [ 121.2837318, 24.959054 ], [ 121.283344, 24.9591108 ], [ 121.2834454, 24.9593489 ], [ 121.2835319, 24.9593597 ], [ 121.2835588, 24.9596518 ], [ 121.283705, 24.9599332 ], [ 121.2839273, 24.960338 ] ] ] } },
{ "type": "Feature", "properties": { "element": "way", "id": 740631842, "name": "園亨鋼鐵", "landuse": "industrial" }, "geometry": { "type": "Polygon", "coordinates": [ [ [ 121.2877083, 24.9641275 ], [ 121.2881549, 24.9644665 ], [ 121.2882463, 24.964386 ], [ 121.2884373, 24.9645031 ], [ 121.2885288, 24.9643836 ], [ 121.2879719, 24.9639836 ], [ 121.2879612, 24.96393 ], [ 121.2878509, 24.9638641 ], [ 121.2877083, 24.9641275 ] ] ] } },
{ "type": "Feature", "properties": { "element": "way", "id": 740634163, "name": null, "landuse": "industrial" }, "geometry": { "type": "Polygon", "coordinates": [ [ [ 121.2832261, 24.9683499 ], [ 121.2830769, 24.967974 ], [ 121.2836889, 24.9671968 ], [ 121.2839013, 24.9672839 ], [ 121.2841795, 24.9672977 ], [ 121.2841845, 24.9674375 ], [ 121.2841542, 24.9676141 ], [ 121.2838912, 24.967637 ], [ 121.2837951, 24.9678525 ], [ 121.2837394, 24.9679717 ], [ 121.2835498, 24.9680152 ], [ 121.2833601, 24.9680863 ], [ 121.2834006, 24.9683293 ], [ 121.2832261, 24.9683499 ] ] ] } },
{ "type": "Feature", "properties": { "element": "way", "id": 747277002, "name": "美達工業區", "landuse": "industrial" }, "geometry": { "type": "Polygon", "coordinates": [ [ [ 121.1685995, 24.828466 ], [ 121.1670748, 24.8283444 ], [ 121.1666346, 24.8279912 ], [ 121.1658563, 24.8277249 ], [ 121.1661944, 24.826289 ], [ 121.1644036, 24.8258835 ], [ 121.1651925, 24.8245931 ], [ 121.1693614, 24.8266861 ], [ 121.1690074, 24.8272304 ], [ 121.1687522, 24.8286807 ], [ 121.1685544, 24.8286807 ], [ 121.1685995, 24.828466 ] ] ] } },
{ "type": "Feature", "properties": { "element": "way", "id": 747277003, "name": "宏關發電廠預定地", "landuse": "industrial" }, "geometry": { "type": "Polygon", "coordinates": [ [ [ 121.16876, 24.8276022 ], [ 121.168701, 24.8275827 ], [ 121.1663057, 24.826183 ], [ 121.1645328, 24.8258324 ], [ 121.1651899, 24.8247078 ], [ 121.1652409, 24.8246883 ], [ 121.1689343, 24.8266017 ], [ 121.1690443, 24.8266966 ], [ 121.1690952, 24.8267599 ], [ 121.1688992, 24.8271478 ], [ 121.1688461, 24.8275472 ], [ 121.16876, 24.8276022 ] ] ] } },
{ "type": "Feature", "properties": { "element": "way", "id": 748682435, "name": "崙坪工業區", "landuse": "industrial" }, "geometry": { "type": "Polygon", "coordinates": [ [ [ 121.1586249, 24.9852106 ], [ 121.1598342, 24.9843313 ], [ 121.1603524, 24.9840302 ], [ 121.1605717, 24.9839007 ], [ 121.1607544, 24.9836869 ], [ 121.1614986, 24.9838706 ], [ 121.1622892, 24.9841507 ], [ 121.1625617, 24.9842591 ], [ 121.1630168, 24.9843404 ], [ 121.1631231, 24.9844096 ], [ 121.1622195, 24.985316 ], [ 121.161944, 24.985606 ], [ 121.1617723, 24.9857557 ], [ 121.1614554, 24.986105 ], [ 121.1610766, 24.986385 ], [ 121.1607843, 24.9864844 ], [ 121.1603491, 24.9864422 ], [ 121.1599106, 24.98637 ], [ 121.1600567, 24.9861712 ], [ 121.1586249, 24.9852106 ] ] ] } },
{ "type": "Feature", "properties": { "element": "way", "id": 752296180, "name": "欣興光電園區", "landuse": "industrial" }, "geometry": { "type": "Polygon", "coordinates": [ [ [ 121.0368383, 24.7757956 ], [ 121.0371467, 24.7760878 ], [ 121.0371655, 24.7764847 ], [ 121.0372058, 24.776738 ], [ 121.0358646, 24.7769377 ], [ 121.0358512, 24.7767989 ], [ 121.0359907, 24.7766771 ], [ 121.035803, 24.7753645 ], [ 121.0361999, 24.7753182 ], [ 121.0364923, 24.7757128 ], [ 121.0366639, 24.7757395 ], [ 121.0368383, 24.7757956 ] ] ] } },
{ "type": "Feature", "properties": { "element": "way", "id": 764862667, "name": "力成科技 3A", "landuse": "industrial" }, "geometry": { "type": "Polygon", "coordinates": [ [ [ 121.0005045, 24.8709568 ], [ 121.0009933, 24.8704122 ], [ 120.9997606, 24.8694429 ], [ 120.9992642, 24.869972 ], [ 121.0005045, 24.8709568 ] ] ] } },
{ "type": "Feature", "properties": { "element": "way", "id": 774940111, "name": "石門淨水場", "landuse": "industrial" }, "geometry": { "type": "Polygon", "coordinates": [ [ [ 121.1918668, 24.927369 ], [ 121.1907167, 24.9267672 ], [ 121.1892602, 24.9258694 ], [ 121.188421, 24.925982 ], [ 121.1885618, 24.9272354 ], [ 121.1886687, 24.9275405 ], [ 121.1890156, 24.9275027 ], [ 121.1900613, 24.9273963 ], [ 121.1903378, 24.9275358 ], [ 121.1904082, 24.927725 ], [ 121.1904682, 24.928302 ], [ 121.1905281, 24.9285314 ], [ 121.1907576, 24.9288459 ], [ 121.1908724, 24.9288176 ], [ 121.1914383, 24.9283233 ], [ 121.1916547, 24.9277888 ], [ 121.1918668, 24.927369 ] ] ] } },
{ "type": "Feature", "properties": { "element": "way", "id": 776391184, "name": "中華汽車楊梅廠", "landuse": "industrial" }, "geometry": { "type": "Polygon", "coordinates": [ [ [ 121.1287913, 24.8939971 ], [ 121.133463, 24.8953209 ], [ 121.1340017, 24.89485 ], [ 121.1344033, 24.8938772 ], [ 121.1345991, 24.8933619 ], [ 121.1346971, 24.8933086 ], [ 121.1348538, 24.8933175 ], [ 121.135079, 24.893433 ], [ 121.135985, 24.8934685 ], [ 121.1365384, 24.8931665 ], [ 121.1358441, 24.8921975 ], [ 121.1353907, 24.8921828 ], [ 121.1355427, 24.891939 ], [ 121.1349047, 24.8914834 ], [ 121.1345192, 24.8907347 ], [ 121.1346694, 24.8905715 ], [ 121.1349043, 24.890403 ], [ 121.1348928, 24.8901005 ], [ 121.1345769, 24.8900747 ], [ 121.1341059, 24.8900093 ], [ 121.1338844, 24.8899961 ], [ 121.1336986, 24.8901646 ], [ 121.1336986, 24.8903649 ], [ 121.1331169, 24.8903522 ], [ 121.13284, 24.8907718 ], [ 121.1326192, 24.8906828 ], [ 121.132465, 24.8904825 ], [ 121.1314381, 24.8907368 ], [ 121.1312454, 24.890136 ], [ 121.1312383, 24.8897926 ], [ 121.1315292, 24.8898435 ], [ 121.1321776, 24.8895828 ], [ 121.1320024, 24.8893698 ], [ 121.131347, 24.8892299 ], [ 121.1314626, 24.8887594 ], [ 121.1312664, 24.8886863 ], [ 121.1311227, 24.8881458 ], [ 121.130625, 24.8880822 ], [ 121.1295105, 24.888273 ], [ 121.1299136, 24.8887308 ], [ 121.1304848, 24.8894048 ], [ 121.1306285, 24.8895383 ], [ 121.1308178, 24.8896019 ], [ 121.1308458, 24.8896527 ], [ 121.1307652, 24.8901487 ], [ 121.130611, 24.8907336 ], [ 121.1302535, 24.8912487 ], [ 121.1301203, 24.8916683 ], [ 121.1299661, 24.8919958 ], [ 121.1294334, 24.8929114 ], [ 121.1287395, 24.893846 ], [ 121.1287913, 24.8939971 ] ] ] } },
{ "type": "Feature", "properties": { "element": "way", "id": 782911686, "name": "太平洋電線電纜楊梅廠", "landuse": "industrial" }, "geometry": { "type": "Polygon", "coordinates": [ [ [ 121.1585443, 24.9526566 ], [ 121.1615314, 24.9506834 ], [ 121.1624514, 24.9513185 ], [ 121.1628857, 24.9516996 ], [ 121.1625495, 24.9522754 ], [ 121.1623393, 24.9527454 ], [ 121.1620591, 24.9529995 ], [ 121.161905, 24.953317 ], [ 121.1618601, 24.9534524 ], [ 121.1605876, 24.954215 ], [ 121.1598975, 24.9538938 ], [ 121.1594538, 24.9537262 ], [ 121.1588684, 24.9533519 ], [ 121.1582984, 24.9530111 ], [ 121.1581875, 24.9529496 ], [ 121.1581875, 24.9528826 ], [ 121.1585443, 24.9526566 ] ] ] } },
{ "type": "Feature", "properties": { "element": "way", "id": 782913266, "name": "烏樹林工業區", "landuse": "industrial" }, "geometry": { "type": "Polygon", "coordinates": [ [ [ 121.2101214, 24.890225 ], [ 121.2104467, 24.8901206 ], [ 121.2105018, 24.8898073 ], [ 121.2122286, 24.8898437 ], [ 121.2121385, 24.8890082 ], [ 121.2120534, 24.888872 ], [ 121.2116354, 24.8889515 ], [ 121.2115028, 24.8874736 ], [ 121.211643, 24.8874327 ], [ 121.2116029, 24.8872057 ], [ 121.2115629, 24.8867381 ], [ 121.2115579, 24.8863839 ], [ 121.2113476, 24.8859026 ], [ 121.2103583, 24.8858857 ], [ 121.2103275, 24.8842031 ], [ 121.2099947, 24.884164 ], [ 121.2094709, 24.884041 ], [ 121.2088177, 24.8838174 ], [ 121.208294, 24.8835547 ], [ 121.2076161, 24.8832864 ], [ 121.2067103, 24.8829677 ], [ 121.2063011, 24.8838792 ], [ 121.2062052, 24.8838641 ], [ 121.2058375, 24.8845569 ], [ 121.2055458, 24.8849697 ], [ 121.2049847, 24.8857552 ], [ 121.2045131, 24.8863563 ], [ 121.2043058, 24.8865039 ], [ 121.2039602, 24.8864707 ], [ 121.2033748, 24.8862088 ], [ 121.2031919, 24.8871603 ], [ 121.2032, 24.8873742 ], [ 121.2030049, 24.8878463 ], [ 121.2035821, 24.8880085 ], [ 121.2038586, 24.8886023 ], [ 121.2039358, 24.8891297 ], [ 121.2040212, 24.8897898 ], [ 121.2044074, 24.8897861 ], [ 121.206928, 24.8909404 ], [ 121.2073752, 24.8911063 ], [ 121.208042, 24.8911838 ], [ 121.2081558, 24.8911838 ], [ 121.2082412, 24.8911875 ], [ 121.2086396, 24.8911949 ], [ 121.2105178, 24.8913719 ], [ 121.2102536, 24.8905495 ], [ 121.2101214, 24.890225 ] ] ] } },
{ "type": "Feature", "properties": { "element": "way", "id": 784127590, "name": "永安產業園區", "landuse": "industrial" }, "geometry": { "type": "Polygon", "coordinates": [ [ [ 121.028858, 24.9850742 ], [ 121.0285471, 24.9851413 ], [ 121.028177, 24.9849669 ], [ 121.0279845, 24.9852822 ], [ 121.0282806, 24.9855842 ], [ 121.0288432, 24.9854097 ], [ 121.0287248, 24.986027 ], [ 121.0285693, 24.986282 ], [ 121.0282362, 24.9862686 ], [ 121.0281474, 24.9867316 ], [ 121.0281696, 24.9869933 ], [ 121.0283768, 24.9871879 ], [ 121.028895, 24.9873556 ], [ 121.0294132, 24.9874495 ], [ 121.0298722, 24.9874764 ], [ 121.0306643, 24.9872818 ], [ 121.0309086, 24.9872617 ], [ 121.0314046, 24.9868255 ], [ 121.0314638, 24.9864028 ], [ 121.0318636, 24.9865773 ], [ 121.031982, 24.9867182 ], [ 121.0323744, 24.9866645 ], [ 121.0326409, 24.9865437 ], [ 121.033011, 24.9861277 ], [ 121.0333589, 24.9860606 ], [ 121.033581, 24.9862887 ], [ 121.0342843, 24.9860539 ], [ 121.0344323, 24.9859331 ], [ 121.0345138, 24.9854567 ], [ 121.0352688, 24.9849669 ], [ 121.0354021, 24.984685 ], [ 121.0355798, 24.9843093 ], [ 121.0359573, 24.9841684 ], [ 121.0362534, 24.983853 ], [ 121.036705, 24.9832893 ], [ 121.0372824, 24.9829874 ], [ 121.0385113, 24.982256 ], [ 121.0399178, 24.9812629 ], [ 121.0405766, 24.9825848 ], [ 121.0407247, 24.9829404 ], [ 121.0413539, 24.9827257 ], [ 121.0415464, 24.9833229 ], [ 121.0424125, 24.9830478 ], [ 121.0430085, 24.9822984 ], [ 121.0427905, 24.9820387 ], [ 121.043915, 24.9814535 ], [ 121.0438466, 24.9812752 ], [ 121.0436584, 24.9806977 ], [ 121.04359, 24.9804962 ], [ 121.0442271, 24.9804032 ], [ 121.0452533, 24.9803528 ], [ 121.0453086, 24.9798331 ], [ 121.0451902, 24.9791432 ], [ 121.0432881, 24.9784352 ], [ 121.0428274, 24.9783476 ], [ 121.0417473, 24.9782297 ], [ 121.0414281, 24.9782297 ], [ 121.0411568, 24.9783021 ], [ 121.0404998, 24.9785745 ], [ 121.0391806, 24.9796764 ], [ 121.0384873, 24.9802422 ], [ 121.0374126, 24.981179 ], [ 121.0371367, 24.9813544 ], [ 121.0362102, 24.9818807 ], [ 121.0357614, 24.9821756 ], [ 121.0352055, 24.9826757 ], [ 121.0344602, 24.9834781 ], [ 121.0334487, 24.9840425 ], [ 121.0329135, 24.9841163 ], [ 121.0316048, 24.9838527 ], [ 121.0304648, 24.9838263 ], [ 121.029854, 24.9836207 ], [ 121.0286035, 24.9837999 ], [ 121.027952, 24.9840161 ], [ 121.0276146, 24.9843641 ], [ 121.0282538, 24.9847877 ], [ 121.0290852, 24.9849626 ], [ 121.028858, 24.9850742 ] ] ] } },
{ "type": "Feature", "properties": { "element": "way", "id": 791605553, "name": "瀧澤科技楊梅廠", "landuse": "industrial" }, "geometry": { "type": "Polygon", "coordinates": [ [ [ 121.1813718, 24.9189634 ], [ 121.1819887, 24.9191775 ], [ 121.1825627, 24.9195034 ], [ 121.1828792, 24.9198294 ], [ 121.1819404, 24.9205664 ], [ 121.1818707, 24.920564 ], [ 121.1810794, 24.9198269 ], [ 121.1810419, 24.9197856 ], [ 121.1810365, 24.9196688 ], [ 121.181235, 24.9189585 ], [ 121.1813718, 24.9189634 ] ] ] } },
{ "type": "Feature", "properties": { "element": "way", "id": 817097628, "name": null, "landuse": "industrial" }, "geometry": { "type": "Polygon", "coordinates": [ [ [ 121.1599658, 24.908797 ], [ 121.1605904, 24.9088779 ], [ 121.1616148, 24.9089103 ], [ 121.1619396, 24.9083114 ], [ 121.1619003, 24.9082142 ], [ 121.1605833, 24.9075215 ], [ 121.1599658, 24.908797 ] ] ] } },
{ "type": "Feature", "properties": { "element": "way", "id": 817097629, "name": null, "landuse": "industrial" }, "geometry": { "type": "Polygon", "coordinates": [ [ [ 121.1622561, 24.9083061 ], [ 121.1621588, 24.9084467 ], [ 121.1620805, 24.9084916 ], [ 121.1619281, 24.908415 ], [ 121.1619843, 24.9083212 ], [ 121.1619435, 24.9082309 ], [ 121.1606332, 24.9075053 ], [ 121.1607403, 24.9072916 ], [ 121.1615077, 24.9065956 ], [ 121.1610901, 24.9062298 ], [ 121.1614506, 24.9059579 ], [ 121.1620609, 24.9065276 ], [ 121.1616362, 24.9069323 ], [ 121.1621109, 24.9071719 ], [ 121.1623072, 24.9068093 ], [ 121.1624964, 24.9068837 ], [ 121.1624785, 24.9073402 ], [ 121.162889, 24.9075538 ], [ 121.1628283, 24.9079941 ], [ 121.1629675, 24.9080265 ], [ 121.1627287, 24.9083506 ], [ 121.1626422, 24.908389 ], [ 121.1625259, 24.9084124 ], [ 121.1623483, 24.9083502 ], [ 121.1622561, 24.9083061 ] ] ] } },
{ "type": "Feature", "properties": { "element": "way", "id": 817097630, "name": null, "landuse": "industrial" }, "geometry": { "type": "Polygon", "coordinates": [ [ [ 121.1591591, 24.9086675 ], [ 121.1598373, 24.9087743 ], [ 121.1604976, 24.9074373 ], [ 121.1602942, 24.9071751 ], [ 121.160265, 24.9070678 ], [ 121.1601969, 24.9071429 ], [ 121.1599207, 24.9077491 ], [ 121.1598127, 24.9079038 ], [ 121.1594019, 24.9079682 ], [ 121.158663, 24.9080589 ], [ 121.1589468, 24.9083437 ], [ 121.1591591, 24.9086675 ] ] ] } },
{ "type": "Feature", "properties": { "element": "way", "id": 818247630, "name": "永聯物流  OMEGA 2  楊梅", "landuse": "industrial" }, "geometry": { "type": "Polygon", "coordinates": [ [ [ 121.1553556, 24.9046083 ], [ 121.1562634, 24.9050054 ], [ 121.1569781, 24.9053325 ], [ 121.1571971, 24.9055836 ], [ 121.1574224, 24.9058289 ], [ 121.1576735, 24.9061092 ], [ 121.1577186, 24.9063428 ], [ 121.1576719, 24.9071222 ], [ 121.158675, 24.90555 ], [ 121.1592248, 24.9045222 ], [ 121.1581671, 24.9040159 ], [ 121.1568115, 24.9036923 ], [ 121.1565722, 24.9043242 ], [ 121.1564547, 24.904309 ], [ 121.1564295, 24.9041263 ], [ 121.1563372, 24.9040273 ], [ 121.1561021, 24.903875 ], [ 121.1559343, 24.9038256 ], [ 121.1557957, 24.90362 ], [ 121.1556698, 24.9036086 ], [ 121.1553556, 24.9046083 ] ] ] } },
{ "type": "Feature", "properties": { "element": "way", "id": 818247631, "name": "東亞楊梅運輸部", "landuse": "industrial" }, "geometry": { "type": "Polygon", "coordinates": [ [ [ 121.1557638, 24.9064608 ], [ 121.1562203, 24.9065365 ], [ 121.1563768, 24.9064774 ], [ 121.1565855, 24.9062337 ], [ 121.1567707, 24.9061201 ], [ 121.1569141, 24.9060823 ], [ 121.1570185, 24.9061343 ], [ 121.1573184, 24.9060279 ], [ 121.1570993, 24.9056659 ], [ 121.1567602, 24.9053867 ], [ 121.1565385, 24.9052755 ], [ 121.1553804, 24.9048236 ], [ 121.1551822, 24.9057984 ], [ 121.1553856, 24.905725 ], [ 121.1559673, 24.9059096 ], [ 121.1557638, 24.9064608 ] ] ] } },
{ "type": "Feature", "properties": { "element": "way", "id": 818661979, "name": "台鈴工業平鎮廠", "landuse": "industrial" }, "geometry": { "type": "Polygon", "coordinates": [ [ [ 121.1973097, 24.9278971 ], [ 121.1983909, 24.9284519 ], [ 121.1982724, 24.9287271 ], [ 121.1991212, 24.9291787 ], [ 121.1991544, 24.9293464 ], [ 121.1991924, 24.9296259 ], [ 121.199273, 24.929742 ], [ 121.1992777, 24.9298409 ], [ 121.1990359, 24.9303054 ], [ 121.1968876, 24.9291916 ], [ 121.1969256, 24.9288776 ], [ 121.197139, 24.9283014 ], [ 121.1971153, 24.9282627 ], [ 121.1973097, 24.9278971 ] ] ] } },
{ "type": "Feature", "properties": { "element": "way", "id": 818661987, "name": "新光合成纖維中壢廠", "landuse": "industrial" }, "geometry": { "type": "Polygon", "coordinates": [ [ [ 121.2001996, 24.9341778 ], [ 121.2004434, 24.9339034 ], [ 121.200704, 24.9336747 ], [ 121.2008889, 24.9333317 ], [ 121.2016622, 24.9329505 ], [ 121.2020405, 24.932577 ], [ 121.2022507, 24.9325542 ], [ 121.2032426, 24.9330496 ], [ 121.2041084, 24.9334536 ], [ 121.2045623, 24.9338653 ], [ 121.2049406, 24.9343379 ], [ 121.2050078, 24.9349858 ], [ 121.2050078, 24.9369142 ], [ 121.2050583, 24.9376917 ], [ 121.205176, 24.9384387 ], [ 121.20526, 24.9386978 ], [ 121.2046548, 24.9386521 ], [ 121.2040748, 24.9380576 ], [ 121.2036377, 24.93821 ], [ 121.203789, 24.938614 ], [ 121.2034611, 24.938614 ], [ 121.202982, 24.9387207 ], [ 121.2024692, 24.9381567 ], [ 121.2016622, 24.9373258 ], [ 121.2013008, 24.9368761 ], [ 121.20083, 24.9353669 ], [ 121.2006535, 24.9349553 ], [ 121.2001996, 24.9341778 ] ] ] } },
{ "type": "Feature", "properties": { "element": "way", "id": 820355596, "name": null, "landuse": "industrial" }, "geometry": { "type": "Polygon", "coordinates": [ [ [ 121.0112177, 24.9160559 ], [ 121.0120956, 24.9155654 ], [ 121.0115901, 24.9148214 ], [ 121.0107124, 24.915312 ], [ 121.0112177, 24.9160559 ] ] ] } },
{ "type": "Feature", "properties": { "element": "way", "id": 822427316, "name": "士林電機 重電廠", "landuse": "industrial" }, "geometry": { "type": "Polygon", "coordinates": [ [ [ 121.0114968, 24.8746546 ], [ 121.0106036, 24.873399 ], [ 121.0098341, 24.8742181 ], [ 121.0068659, 24.8773775 ], [ 121.0083693, 24.8786112 ], [ 121.0091257, 24.8784239 ], [ 121.009807, 24.8780759 ], [ 121.0102951, 24.8776695 ], [ 121.0105097, 24.8772729 ], [ 121.0111696, 24.8755185 ], [ 121.0114968, 24.8746546 ] ] ] } },
{ "type": "Feature", "properties": { "element": "way", "id": 823113919, "name": "春源鋼鐵", "landuse": "industrial" }, "geometry": { "type": "Polygon", "coordinates": [ [ [ 121.1993707, 24.8798824 ], [ 121.2006748, 24.8804926 ], [ 121.2009162, 24.8796897 ], [ 121.200251, 24.8789013 ], [ 121.2001491, 24.8786141 ], [ 121.200766, 24.8788477 ], [ 121.2012649, 24.8790035 ], [ 121.2016779, 24.8789791 ], [ 121.2019622, 24.8788867 ], [ 121.2019944, 24.8790473 ], [ 121.2018067, 24.8791787 ], [ 121.2017959, 24.8796069 ], [ 121.2023914, 24.8796167 ], [ 121.2023002, 24.8812956 ], [ 121.203298, 24.8814075 ], [ 121.2036374, 24.8812219 ], [ 121.2042678, 24.881244 ], [ 121.2046123, 24.8810036 ], [ 121.2047839, 24.880371 ], [ 121.2047893, 24.8788721 ], [ 121.2047195, 24.8781713 ], [ 121.2043762, 24.8769449 ], [ 121.2032282, 24.8738983 ], [ 121.2018388, 24.8752026 ], [ 121.2011522, 24.8760056 ], [ 121.2007338, 24.8762782 ], [ 121.2004602, 24.8765118 ], [ 121.2000257, 24.8771104 ], [ 121.1998808, 24.8773829 ], [ 121.1993707, 24.8798824 ] ] ] } },
{ "type": "Feature", "properties": { "element": "way", "id": 823561735, "name": "黑貓宅急便中壢轉運中心", "landuse": "industrial" }, "geometry": { "type": "Polygon", "coordinates": [ [ [ 121.2226319, 24.9843479 ], [ 121.224929, 24.9846505 ], [ 121.2250804, 24.9856391 ], [ 121.2251828, 24.9860547 ], [ 121.2251249, 24.9863775 ], [ 121.2250537, 24.9864744 ], [ 121.2246397, 24.986204 ], [ 121.2240298, 24.9855745 ], [ 121.2234777, 24.985506 ], [ 121.2234644, 24.9853244 ], [ 121.2224761, 24.9852195 ], [ 121.2226319, 24.9843479 ] ] ] } },
{ "type": "Feature", "properties": { "element": "way", "id": 823561743, "name": "台泥中壢二廠", "landuse": "industrial" }, "geometry": { "type": "Polygon", "coordinates": [ [ [ 121.1612464, 24.959054 ], [ 121.1614851, 24.9591539 ], [ 121.161583, 24.9594369 ], [ 121.1617238, 24.9595922 ], [ 121.1618339, 24.9598086 ], [ 121.1619257, 24.9596921 ], [ 121.1625438, 24.9603134 ], [ 121.1623418, 24.9605465 ], [ 121.1626356, 24.9608128 ], [ 121.1622868, 24.9611068 ], [ 121.1620358, 24.9612954 ], [ 121.16184, 24.961251 ], [ 121.1619747, 24.9608571 ], [ 121.1614239, 24.9604244 ], [ 121.161173, 24.9602247 ], [ 121.1609527, 24.9599473 ], [ 121.1608609, 24.9598363 ], [ 121.1610996, 24.959054 ], [ 121.1612464, 24.959054 ] ] ] } },
{ "type": "Feature", "properties": { "element": "way", "id": 824745534, "name": "中航物流怡聯前場", "landuse": "industrial" }, "geometry": { "type": "Polygon", "coordinates": [ [ [ 121.1756485, 24.913654 ], [ 121.1753957, 24.9138415 ], [ 121.174434, 24.9152342 ], [ 121.1746392, 24.9156164 ], [ 121.1753522, 24.9161748 ], [ 121.175806, 24.9164002 ], [ 121.1759626, 24.9160965 ], [ 121.1766541, 24.9163463 ], [ 121.1766487, 24.9164198 ], [ 121.1767675, 24.9164835 ], [ 121.1768755, 24.9163365 ], [ 121.1772969, 24.9165668 ], [ 121.1774157, 24.9167137 ], [ 121.177703, 24.9166425 ], [ 121.1778543, 24.9160791 ], [ 121.1779515, 24.9159958 ], [ 121.1781244, 24.9160301 ], [ 121.1784107, 24.9155108 ], [ 121.1787402, 24.9155402 ], [ 121.1791399, 24.9155206 ], [ 121.1791723, 24.9154226 ], [ 121.1785515, 24.91499 ], [ 121.1776984, 24.9145072 ], [ 121.1758799, 24.913698 ], [ 121.1756485, 24.913654 ] ] ] } },
{ "type": "Feature", "properties": { "element": "way", "id": 829385577, "name": null, "landuse": "industrial" }, "geometry": { "type": "Polygon", "coordinates": [ [ [ 121.2528257, 25.0178903 ], [ 121.2525462, 25.0181134 ], [ 121.2524929, 25.0182039 ], [ 121.2523532, 25.0183154 ], [ 121.2522467, 25.0183622 ], [ 121.2519157, 25.0181677 ], [ 121.2518092, 25.0181587 ], [ 121.2520321, 25.0177222 ], [ 121.2520546, 25.0176699 ], [ 121.2522721, 25.0177466 ], [ 121.2523062, 25.017681 ], [ 121.2528257, 25.0178903 ] ] ] } },
{ "type": "Feature", "properties": { "element": "way", "id": 829385578, "name": null, "landuse": "industrial" }, "geometry": { "type": "Polygon", "coordinates": [ [ [ 121.2522346, 25.0183687 ], [ 121.2519713, 25.0185031 ], [ 121.2519095, 25.0184828 ], [ 121.2518199, 25.0183021 ], [ 121.251757, 25.0182712 ], [ 121.2518028, 25.0181668 ], [ 121.2519148, 25.0181784 ], [ 121.2522346, 25.0183687 ] ] ] } },
{ "type": "Feature", "properties": { "element": "way", "id": 829385626, "name": null, "landuse": "industrial" }, "geometry": { "type": "Polygon", "coordinates": [ [ [ 121.2514378, 25.0160144 ], [ 121.2514248, 25.0160658 ], [ 121.2508978, 25.0159421 ], [ 121.2508672, 25.0159023 ], [ 121.2509226, 25.0157258 ], [ 121.251435, 25.0158409 ], [ 121.2514037, 25.015951 ], [ 121.2514526, 25.0159624 ], [ 121.2514378, 25.0160144 ] ] ] } },
{ "type": "Feature", "properties": { "element": "way", "id": 831927214, "name": null, "landuse": "industrial" }, "geometry": { "type": "Polygon", "coordinates": [ [ [ 121.2550992, 25.0195777 ], [ 121.2549088, 25.0193954 ], [ 121.2548397, 25.0193529 ], [ 121.2543992, 25.0192198 ], [ 121.25432, 25.0192168 ], [ 121.2542691, 25.0192508 ], [ 121.2541578, 25.0194774 ], [ 121.2543743, 25.0195625 ], [ 121.2546189, 25.0196152 ], [ 121.2546365, 25.0195606 ], [ 121.2549439, 25.0196424 ], [ 121.2550335, 25.0196652 ], [ 121.2550992, 25.0195777 ] ] ] } },
{ "type": "Feature", "properties": { "element": "way", "id": 840541426, "name": "蛋寶生技不老村", "landuse": "industrial" }, "geometry": { "type": "Polygon", "coordinates": [ [ [ 121.227556, 24.9282617 ], [ 121.2276085, 24.9277249 ], [ 121.227946, 24.9277852 ], [ 121.2279708, 24.9277906 ], [ 121.2287796, 24.927965 ], [ 121.2286616, 24.9284618 ], [ 121.227556, 24.9282617 ] ] ] } },
{ "type": "Feature", "properties": { "element": "way", "id": 849679824, "name": "玉禮實業", "landuse": "industrial" }, "geometry": { "type": "Polygon", "coordinates": [ [ [ 121.2098531, 24.816979 ], [ 121.2102907, 24.8172176 ], [ 121.210742, 24.8171992 ], [ 121.2113838, 24.8164826 ], [ 121.2114322, 24.8161185 ], [ 121.2113046, 24.8160716 ], [ 121.2113059, 24.8158545 ], [ 121.2115857, 24.815457 ], [ 121.2114388, 24.8148704 ], [ 121.2111264, 24.8150009 ], [ 121.2105389, 24.8152739 ], [ 121.2098531, 24.816979 ] ] ] } },
{ "type": "Feature", "properties": { "element": "way", "id": 851346470, "name": "錦鋐氣密窗", "landuse": "industrial" }, "geometry": { "type": "Polygon", "coordinates": [ [ [ 121.224844, 25.0062327 ], [ 121.2271534, 25.0062301 ], [ 121.2268336, 25.0055753 ], [ 121.226658, 25.0052356 ], [ 121.2248544, 25.0052564 ], [ 121.224844, 25.0062327 ] ] ] } },
{ "type": "Feature", "properties": { "element": "way", "id": 851346471, "name": "正隆-大園紙器二廠", "landuse": "industrial" }, "geometry": { "type": "Polygon", "coordinates": [ [ [ 121.2239801, 25.005259 ], [ 121.2248544, 25.0052564 ], [ 121.226658, 25.0052356 ], [ 121.2268326, 25.0048747 ], [ 121.2270354, 25.0046133 ], [ 121.2270758, 25.0045216 ], [ 121.2270867, 25.0042803 ], [ 121.2270587, 25.0042168 ], [ 121.2269638, 25.0041745 ], [ 121.2255254, 25.0042126 ], [ 121.2255098, 25.0037076 ], [ 121.2250304, 25.0040715 ], [ 121.2245712, 25.0045046 ], [ 121.2241135, 25.0049928 ], [ 121.2239801, 25.005259 ] ] ] } },
{ "type": "Feature", "properties": { "element": "way", "id": 865610004, "name": null, "landuse": "industrial" }, "geometry": { "type": "Polygon", "coordinates": [ [ [ 121.2622845, 24.9618161 ], [ 121.2622254, 24.9617055 ], [ 121.2631114, 24.9612818 ], [ 121.2630996, 24.961263 ], [ 121.2632729, 24.9611804 ], [ 121.2631574, 24.9608451 ], [ 121.2632909, 24.9604926 ], [ 121.2635002, 24.9605776 ], [ 121.2635742, 24.9604009 ], [ 121.2635264, 24.9603805 ], [ 121.2634993, 24.9603077 ], [ 121.2635904, 24.959992 ], [ 121.2638546, 24.9601611 ], [ 121.2635217, 24.9608228 ], [ 121.2634808, 24.9612693 ], [ 121.2622845, 24.9618161 ] ] ] } },
{ "type": "Feature", "properties": { "element": "way", "id": 895931928, "name": "鴻谷科技", "landuse": "industrial" }, "geometry": { "type": "Polygon", "coordinates": [ [ [ 121.0214388, 24.8665504 ], [ 121.0216406, 24.8668715 ], [ 121.0206536, 24.8673821 ], [ 121.0204517, 24.8670608 ], [ 121.0214388, 24.8665504 ] ] ] } },
{ "type": "Feature", "properties": { "element": "way", "id": 907152218, "name": null, "landuse": "industrial" }, "geometry": { "type": "Polygon", "coordinates": [ [ [ 121.217531, 24.907344 ], [ 121.2175286, 24.9072583 ], [ 121.2178617, 24.9071842 ], [ 121.2179847, 24.9071798 ], [ 121.2181863, 24.9071522 ], [ 121.2182174, 24.9074001 ], [ 121.2177651, 24.9075563 ], [ 121.2178173, 24.9078193 ], [ 121.2175488, 24.9079382 ], [ 121.2174093, 24.9079206 ], [ 121.2174776, 24.9076758 ], [ 121.2174659, 24.9075332 ], [ 121.2174234, 24.9074915 ], [ 121.217439, 24.9074358 ], [ 121.2174903, 24.9073881 ], [ 121.217531, 24.907344 ] ] ] } },
{ "type": "Feature", "properties": { "element": "way", "id": 911972932, "name": null, "landuse": "industrial" }, "geometry": { "type": "Polygon", "coordinates": [ [ [ 121.0980247, 24.9699041 ], [ 121.0981499, 24.9697924 ], [ 121.0982011, 24.9696841 ], [ 121.0982276, 24.9695362 ], [ 121.0982727, 24.9693681 ], [ 121.0983059, 24.9692968 ], [ 121.098332, 24.9692744 ], [ 121.0983874, 24.9692456 ], [ 121.0985008, 24.9692435 ], [ 121.0993673, 24.9692726 ], [ 121.0992506, 24.9695322 ], [ 121.0991862, 24.9696221 ], [ 121.098564, 24.9702495 ], [ 121.0981802, 24.9707449 ], [ 121.0980664, 24.9708532 ], [ 121.0977535, 24.9706056 ], [ 121.0982314, 24.9700657 ], [ 121.0980247, 24.9699041 ] ] ] } },
{ "type": "Feature", "properties": { "element": "way", "id": 911972933, "name": null, "landuse": "industrial" }, "geometry": { "type": "Polygon", "coordinates": [ [ [ 121.0985823, 24.9724745 ], [ 121.0987504, 24.9725436 ], [ 121.0989475, 24.972411 ], [ 121.0992064, 24.9727174 ], [ 121.0992407, 24.9727359 ], [ 121.0991148, 24.9706737 ], [ 121.098827, 24.970726 ], [ 121.0988384, 24.9708429 ], [ 121.0985539, 24.9708463 ], [ 121.0983263, 24.9712211 ], [ 121.0984818, 24.9713724 ], [ 121.0983718, 24.9714584 ], [ 121.0985387, 24.9715753 ], [ 121.0991018, 24.9711892 ], [ 121.0991313, 24.9714494 ], [ 121.0991087, 24.9715311 ], [ 121.099107, 24.9715371 ], [ 121.0989692, 24.9720361 ], [ 121.0988573, 24.9721839 ], [ 121.0985823, 24.9724745 ] ] ] } },
{ "type": "Feature", "properties": { "element": "way", "id": 920977152, "name": "TSMC R&D CENTER", "landuse": "industrial" }, "geometry": { "type": "Polygon", "coordinates": [ [ [ 121.0085209, 24.7635635 ], [ 121.0098187, 24.7635165 ], [ 121.0106063, 24.7635307 ], [ 121.0113251, 24.7637499 ], [ 121.0113507, 24.7637634 ], [ 121.0126448, 24.7644464 ], [ 121.0139966, 24.765143 ], [ 121.0140744, 24.765199 ], [ 121.0141844, 24.7655229 ], [ 121.0142246, 24.7658079 ], [ 121.0144579, 24.7662999 ], [ 121.0137293, 24.7662977 ], [ 121.0129237, 24.7663072 ], [ 121.0117328, 24.7666822 ], [ 121.0108343, 24.7677246 ], [ 121.0106814, 24.7682044 ], [ 121.0106009, 24.7686136 ], [ 121.0107136, 24.7692906 ], [ 121.0107699, 24.7698094 ], [ 121.0107163, 24.7700821 ], [ 121.0105339, 24.7704377 ], [ 121.0103005, 24.7706788 ], [ 121.0094878, 24.7711221 ], [ 121.008997, 24.7706934 ], [ 121.0087636, 24.7707689 ], [ 121.0085533, 24.7703449 ], [ 121.0082656, 24.769479 ], [ 121.0081583, 24.7688788 ], [ 121.0081661, 24.7680652 ], [ 121.0082885, 24.7672145 ], [ 121.0085785, 24.7657178 ], [ 121.0086429, 24.76431 ], [ 121.0085209, 24.7635635 ] ] ] } },
{ "type": "Feature", "properties": { "element": "way", "id": 934908250, "name": "瑞泰纖維工業", "landuse": "industrial" }, "geometry": { "type": "Polygon", "coordinates": [ [ [ 121.3001171, 24.977795 ], [ 121.3013057, 24.9774094 ], [ 121.30105, 24.9765433 ], [ 121.2997397, 24.9768445 ], [ 121.3001171, 24.977795 ] ] ] } },
{ "type": "Feature", "properties": { "element": "way", "id": 936644527, "name": "士林電機 電裝廠", "landuse": "industrial" }, "geometry": { "type": "Polygon", "coordinates": [ [ [ 121.0083674, 24.8728267 ], [ 121.0096722, 24.8720844 ], [ 121.0106036, 24.873399 ], [ 121.0098341, 24.8742181 ], [ 121.0083674, 24.8728267 ] ] ] } },
{ "type": "Feature", "properties": { "element": "way", "id": 936644528, "name": "正文科技湖口廠", "landuse": "industrial" }, "geometry": { "type": "Polygon", "coordinates": [ [ [ 121.0083674, 24.8728267 ], [ 121.0075797, 24.8720451 ], [ 121.0090455, 24.8711946 ], [ 121.0096722, 24.8720844 ], [ 121.0083674, 24.8728267 ] ] ] } },
{ "type": "Feature", "properties": { "element": "way", "id": 936644529, "name": "東元電機", "landuse": "industrial" }, "geometry": { "type": "Polygon", "coordinates": [ [ [ 121.0075797, 24.8720451 ], [ 121.0061545, 24.8706395 ], [ 121.0078537, 24.8695459 ], [ 121.0090455, 24.8711946 ], [ 121.0075797, 24.8720451 ] ] ] } },
{ "type": "Feature", "properties": { "element": "way", "id": 936644530, "name": "新竹客運 修車廠", "landuse": "industrial" }, "geometry": { "type": "Polygon", "coordinates": [ [ [ 121.0072033, 24.8686001 ], [ 121.0060944, 24.86926 ], [ 121.0059547, 24.8690266 ], [ 121.0057636, 24.8691392 ], [ 121.0052947, 24.8694154 ], [ 121.0050416, 24.8695645 ], [ 121.0051789, 24.8696972 ], [ 121.0061545, 24.8706395 ], [ 121.0078537, 24.8695459 ], [ 121.0072033, 24.8686001 ] ] ] } },
{ "type": "Feature", "properties": { "element": "way", "id": 936644531, "name": "美強光學", "landuse": "industrial" }, "geometry": { "type": "Polygon", "coordinates": [ [ [ 121.0059547, 24.8690266 ], [ 121.0060237, 24.8689865 ], [ 121.0065612, 24.8686744 ], [ 121.0070473, 24.8683922 ], [ 121.0072033, 24.8686001 ], [ 121.0060944, 24.86926 ], [ 121.0059547, 24.8690266 ] ] ] } },
{ "type": "Feature", "properties": { "element": "way", "id": 936644533, "name": "櫻宮化學", "landuse": "industrial" }, "geometry": { "type": "Polygon", "coordinates": [ [ [ 121.0062744, 24.8682593 ], [ 121.0057352, 24.8685608 ], [ 121.0060237, 24.8689865 ], [ 121.0065612, 24.8686744 ], [ 121.0062744, 24.8682593 ] ] ] } },
{ "type": "Feature", "properties": { "element": "way", "id": 936644534, "name": "一興國際化學", "landuse": "industrial" }, "geometry": { "type": "Polygon", "coordinates": [ [ [ 121.0057352, 24.8685608 ], [ 121.0054651, 24.8686989 ], [ 121.0057636, 24.8691392 ], [ 121.0060237, 24.8689865 ], [ 121.0057352, 24.8685608 ] ] ] } },
{ "type": "Feature", "properties": { "element": "way", "id": 936644535, "name": "居易科技", "landuse": "industrial" }, "geometry": { "type": "Polygon", "coordinates": [ [ [ 121.0054651, 24.8686989 ], [ 121.0049782, 24.868982 ], [ 121.0052947, 24.8694154 ], [ 121.0057636, 24.8691392 ], [ 121.0054651, 24.8686989 ] ] ] } },
{ "type": "Feature", "properties": { "element": "way", "id": 936644536, "name": "三皇化工", "landuse": "industrial" }, "geometry": { "type": "Polygon", "coordinates": [ [ [ 121.0049782, 24.868982 ], [ 121.0047139, 24.8691167 ], [ 121.0050416, 24.8695645 ], [ 121.0052947, 24.8694154 ], [ 121.0049782, 24.868982 ] ] ] } },
{ "type": "Feature", "properties": { "element": "way", "id": 936644537, "name": "世禾科技", "landuse": "industrial" }, "geometry": { "type": "Polygon", "coordinates": [ [ [ 121.0047139, 24.8691167 ], [ 121.0050416, 24.8695645 ], [ 121.0051789, 24.8696972 ], [ 121.004886, 24.8700004 ], [ 121.0043973, 24.8692985 ], [ 121.0047139, 24.8691167 ] ] ] } },
{ "type": "Feature", "properties": { "element": "way", "id": 936644538, "name": "三福氣體 湖口廠", "landuse": "industrial" }, "geometry": { "type": "Polygon", "coordinates": [ [ [ 121.0043973, 24.8692985 ], [ 121.0040119, 24.8695382 ], [ 121.0045365, 24.8703011 ], [ 121.004886, 24.8700004 ], [ 121.0043973, 24.8692985 ] ] ] } },
{ "type": "Feature", "properties": { "element": "way", "id": 936644539, "name": "納爾科", "landuse": "industrial" }, "geometry": { "type": "Polygon", "coordinates": [ [ [ 121.0040119, 24.8695382 ], [ 121.0035665, 24.8697998 ], [ 121.0041743, 24.8706755 ], [ 121.0045365, 24.8703011 ], [ 121.0040119, 24.8695382 ] ] ] } },
{ "type": "Feature", "properties": { "element": "way", "id": 936644540, "name": "安和金屬", "landuse": "industrial" }, "geometry": { "type": "Polygon", "coordinates": [ [ [ 121.0035665, 24.8697998 ], [ 121.0030259, 24.8701328 ], [ 121.0035381, 24.8705279 ], [ 121.0039893, 24.8708759 ], [ 121.0041743, 24.8706755 ], [ 121.0035665, 24.8697998 ] ] ] } },
{ "type": "Feature", "properties": { "element": "way", "id": 936644541, "name": "隆山元工業", "landuse": "industrial" }, "geometry": { "type": "Polygon", "coordinates": [ [ [ 121.0030259, 24.8701328 ], [ 121.0025967, 24.8704141 ], [ 121.0031652, 24.8709019 ], [ 121.0035381, 24.8705279 ], [ 121.0030259, 24.8701328 ] ] ] } },
{ "type": "Feature", "properties": { "element": "way", "id": 936644542, "name": "添鴻", "landuse": "industrial" }, "geometry": { "type": "Polygon", "coordinates": [ [ [ 121.0031652, 24.8709019 ], [ 121.0035381, 24.8705279 ], [ 121.0039893, 24.8708759 ], [ 121.0035913, 24.8712574 ], [ 121.0031652, 24.8709019 ] ] ] } },
{ "type": "Feature", "properties": { "element": "way", "id": 936644543, "name": "唐榮科技園區", "landuse": "industrial" }, "geometry": { "type": "Polygon", "coordinates": [ [ [ 121.0051789, 24.8696972 ], [ 121.004886, 24.8700004 ], [ 121.0045365, 24.8703011 ], [ 121.0041743, 24.8706755 ], [ 121.0039893, 24.8708759 ], [ 121.0035913, 24.8712574 ], [ 121.0018041, 24.8731699 ], [ 121.0068659, 24.8773775 ], [ 121.0098341, 24.8742181 ], [ 121.0083674, 24.8728267 ], [ 121.0075797, 24.8720451 ], [ 121.0061545, 24.8706395 ], [ 121.0051789, 24.8696972 ] ] ] } },
{ "type": "Feature", "properties": { "element": "way", "id": 936644550, "name": "清晰科技", "landuse": "industrial" }, "geometry": { "type": "Polygon", "coordinates": [ [ [ 121.0108011, 24.8772432 ], [ 121.0110171, 24.8766631 ], [ 121.0120185, 24.8775172 ], [ 121.0113656, 24.8777105 ], [ 121.0108011, 24.8772432 ] ] ] } },
{ "type": "Feature", "properties": { "element": "way", "id": 936644552, "name": "旭源包裝科技", "landuse": "industrial" }, "geometry": { "type": "Polygon", "coordinates": [ [ [ 121.0110171, 24.8766631 ], [ 121.0111863, 24.8761999 ], [ 121.0116469, 24.8764083 ], [ 121.0123336, 24.8769496 ], [ 121.0123764, 24.8772326 ], [ 121.0120185, 24.8775172 ], [ 121.0110171, 24.8766631 ] ] ] } },
{ "type": "Feature", "properties": { "element": "way", "id": 936644553, "name": "四維創新材料", "landuse": "industrial" }, "geometry": { "type": "Polygon", "coordinates": [ [ [ 121.0005045, 24.8709568 ], [ 121.0009933, 24.8704122 ], [ 121.0015559, 24.8698461 ], [ 121.0033235, 24.8713284 ], [ 121.0022502, 24.8724218 ], [ 121.0005045, 24.8709568 ] ] ] } },
{ "type": "Feature", "properties": { "element": "way", "id": 936644554, "name": "三陽工業 員工宿舍暨訓練中心", "landuse": "industrial" }, "geometry": { "type": "Polygon", "coordinates": [ [ [ 120.9997606, 24.8694429 ], [ 121.0003175, 24.8688631 ], [ 121.0015559, 24.8698461 ], [ 121.0009933, 24.8704122 ], [ 120.9997606, 24.8694429 ] ] ] } },
{ "type": "Feature", "properties": { "element": "way", "id": 936644555, "name": "德亞樹脂", "landuse": "industrial" }, "geometry": { "type": "Polygon", "coordinates": [ [ [ 121.0000329, 24.8686344 ], [ 120.9994428, 24.8691754 ], [ 120.9988692, 24.8686924 ], [ 120.9994422, 24.8681119 ], [ 121.0000329, 24.8686344 ] ] ] } },
{ "type": "Feature", "properties": { "element": "way", "id": 936644556, "name": "厚聲", "landuse": "industrial" }, "geometry": { "type": "Polygon", "coordinates": [ [ [ 121.0000329, 24.8686344 ], [ 121.0003175, 24.8688631 ], [ 120.9997606, 24.8694429 ], [ 120.9994428, 24.8691754 ], [ 121.0000329, 24.8686344 ] ] ] } },
{ "type": "Feature", "properties": { "element": "way", "id": 936644560, "name": "台一國際", "landuse": "industrial" }, "geometry": { "type": "Polygon", "coordinates": [ [ [ 121.0011719, 24.8717057 ], [ 121.0022324, 24.8726121 ], [ 121.0017723, 24.8730883 ], [ 121.0006736, 24.8722166 ], [ 121.0011719, 24.8717057 ] ] ] } },
{ "type": "Feature", "properties": { "element": "way", "id": 936644561, "name": "巍昌兄弟", "landuse": "industrial" }, "geometry": { "type": "Polygon", "coordinates": [ [ [ 121.0006736, 24.8722166 ], [ 120.9999361, 24.8716049 ], [ 121.000439, 24.8711055 ], [ 121.0011719, 24.8717057 ], [ 121.0006736, 24.8722166 ] ] ] } },
{ "type": "Feature", "properties": { "element": "way", "id": 936644564, "name": null, "landuse": "industrial" }, "geometry": { "type": "Polygon", "coordinates": [ [ [ 120.9996398, 24.8704759 ], [ 121.0000572, 24.8708229 ], [ 120.999788, 24.8710766 ], [ 120.9993781, 24.8707562 ], [ 120.9996398, 24.8704759 ] ] ] } },
{ "type": "Feature", "properties": { "element": "way", "id": 936644578, "name": "建成機械", "landuse": "industrial" }, "geometry": { "type": "Polygon", "coordinates": [ [ [ 120.9988827, 24.8648611 ], [ 120.9998707, 24.8663072 ], [ 121.0039097, 24.8639581 ], [ 121.0033927, 24.8631652 ], [ 121.0008224, 24.8643877 ], [ 121.0002311, 24.8644365 ], [ 120.9996253, 24.8646315 ], [ 120.9993193, 24.8645238 ], [ 120.99915, 24.8645552 ], [ 120.9988827, 24.8648611 ] ] ] } },
{ "type": "Feature", "properties": { "element": "way", "id": 936644579, "name": "花王(台灣)", "landuse": "industrial" }, "geometry": { "type": "Polygon", "coordinates": [ [ [ 121.0042455, 24.8639076 ], [ 121.0062256, 24.8627607 ], [ 121.0074889, 24.8645758 ], [ 121.0055443, 24.865728 ], [ 121.0042455, 24.8639076 ] ] ] } },
{ "type": "Feature", "properties": { "element": "way", "id": 936644580, "name": "台灣普利司通", "landuse": "industrial" }, "geometry": { "type": "Polygon", "coordinates": [ [ [ 121.0062256, 24.8627607 ], [ 121.0082753, 24.8616464 ], [ 121.0085742, 24.8616297 ], [ 121.0088808, 24.8617316 ], [ 121.0092226, 24.862212 ], [ 121.0087419, 24.8624819 ], [ 121.0091541, 24.8630992 ], [ 121.0093983, 24.8634649 ], [ 121.0074889, 24.8645758 ], [ 121.0062256, 24.8627607 ] ] ] } },
{ "type": "Feature", "properties": { "element": "way", "id": 936644581, "name": "健喬", "landuse": "industrial" }, "geometry": { "type": "Polygon", "coordinates": [ [ [ 121.0065983, 24.8623704 ], [ 121.0059251, 24.861323 ], [ 121.0050379, 24.8618059 ], [ 121.004376, 24.8625317 ], [ 121.0036455, 24.863016 ], [ 121.0041882, 24.863788 ], [ 121.0065983, 24.8623704 ] ] ] } },
{ "type": "Feature", "properties": { "element": "way", "id": 936644582, "name": "台灣積水化成品", "landuse": "industrial" }, "geometry": { "type": "Polygon", "coordinates": [ [ [ 121.0059251, 24.861323 ], [ 121.0064419, 24.8610545 ], [ 121.0071256, 24.8620318 ], [ 121.0065983, 24.8623704 ], [ 121.0059251, 24.861323 ] ] ] } },
{ "type": "Feature", "properties": { "element": "way", "id": 936644583, "name": "台灣荏原精密", "landuse": "industrial" }, "geometry": { "type": "Polygon", "coordinates": [ [ [ 121.0064419, 24.8610545 ], [ 121.0069404, 24.8607929 ], [ 121.0076417, 24.8617217 ], [ 121.0071256, 24.8620318 ], [ 121.0064419, 24.8610545 ] ] ] } },
{ "type": "Feature", "properties": { "element": "way", "id": 936644584, "name": "前鼎光電", "landuse": "industrial" }, "geometry": { "type": "Polygon", "coordinates": [ [ [ 121.0069404, 24.8607929 ], [ 121.0075851, 24.8606952 ], [ 121.0081461, 24.8614913 ], [ 121.0076417, 24.8617217 ], [ 121.0069404, 24.8607929 ] ] ] } },
{ "type": "Feature", "properties": { "element": "way", "id": 936644586, "name": "兆赫電子", "landuse": "industrial" }, "geometry": { "type": "Polygon", "coordinates": [ [ [ 121.0091706, 24.8617808 ], [ 121.0094929, 24.8616364 ], [ 121.0094206, 24.861462 ], [ 121.010422, 24.8607929 ], [ 121.0102596, 24.8604677 ], [ 121.0087284, 24.8603983 ], [ 121.008243, 24.8605512 ], [ 121.0091706, 24.8617808 ] ] ] } },
{ "type": "Feature", "properties": { "element": "way", "id": 936644587, "name": "恆顥科技", "landuse": "industrial" }, "geometry": { "type": "Polygon", "coordinates": [ [ [ 121.0091706, 24.8617808 ], [ 121.0094929, 24.8616364 ], [ 121.0094206, 24.861462 ], [ 121.010422, 24.8607929 ], [ 121.0106375, 24.8614692 ], [ 121.0094632, 24.862212 ], [ 121.0091706, 24.8617808 ] ] ] } },
{ "type": "Feature", "properties": { "element": "way", "id": 936644588, "name": "力成科技 文化一廠", "landuse": "industrial" }, "geometry": { "type": "Polygon", "coordinates": [ [ [ 121.0094632, 24.862212 ], [ 121.0106375, 24.8614692 ], [ 121.0108248, 24.8620071 ], [ 121.0097562, 24.8626476 ], [ 121.0094632, 24.862212 ] ] ] } },
{ "type": "Feature", "properties": { "element": "way", "id": 936644589, "name": "中國砂輪企業", "landuse": "industrial" }, "geometry": { "type": "Polygon", "coordinates": [ [ [ 121.0097562, 24.8626476 ], [ 121.0100631, 24.8631005 ], [ 121.0110569, 24.8625012 ], [ 121.0108248, 24.8620071 ], [ 121.0097562, 24.8626476 ] ] ] } },
{ "type": "Feature", "properties": { "element": "way", "id": 936644590, "name": "長春人造樹脂廠", "landuse": "industrial" }, "geometry": { "type": "Polygon", "coordinates": [ [ [ 121.009974, 24.8633509 ], [ 121.0112181, 24.8650881 ], [ 121.0068723, 24.8676202 ], [ 121.0056162, 24.8658105 ], [ 121.009974, 24.8633509 ] ] ] } },
{ "type": "Feature", "properties": { "element": "way", "id": 936644591, "name": "崇越石英製造廠", "landuse": "industrial" }, "geometry": { "type": "Polygon", "coordinates": [ [ [ 121.0100631, 24.8631005 ], [ 121.0110569, 24.8625012 ], [ 121.0112346, 24.863046 ], [ 121.0104022, 24.8635509 ], [ 121.0100631, 24.8631005 ] ] ] } },
{ "type": "Feature", "properties": { "element": "way", "id": 936644592, "name": "台光電子材料", "landuse": "industrial" }, "geometry": { "type": "Polygon", "coordinates": [ [ [ 121.0110146, 24.8644157 ], [ 121.0117625, 24.8639502 ], [ 121.0124246, 24.8650951 ], [ 121.0117836, 24.8655052 ], [ 121.0110146, 24.8644157 ] ] ] } },
{ "type": "Feature", "properties": { "element": "way", "id": 936644593, "name": "富士達", "landuse": "industrial" }, "geometry": { "type": "Polygon", "coordinates": [ [ [ 121.0110146, 24.8644157 ], [ 121.0104022, 24.8635509 ], [ 121.0112346, 24.863046 ], [ 121.0117625, 24.8639502 ], [ 121.0110146, 24.8644157 ] ] ] } },
{ "type": "Feature", "properties": { "element": "way", "id": 936644594, "name": "永大順", "landuse": "industrial" }, "geometry": { "type": "Polygon", "coordinates": [ [ [ 121.0124246, 24.8650951 ], [ 121.0126789, 24.8654556 ], [ 121.0120397, 24.8658748 ], [ 121.0117836, 24.8655052 ], [ 121.0124246, 24.8650951 ] ] ] } },
{ "type": "Feature", "properties": { "element": "way", "id": 936644595, "name": "晶兆成科技 P2廠", "landuse": "industrial" }, "geometry": { "type": "Polygon", "coordinates": [ [ [ 121.0126789, 24.8654556 ], [ 121.0133967, 24.8665512 ], [ 121.0127156, 24.8668656 ], [ 121.0120397, 24.8658748 ], [ 121.0126789, 24.8654556 ] ] ] } },
{ "type": "Feature", "properties": { "element": "way", "id": 936644596, "name": "傳奇酒業", "landuse": "industrial" }, "geometry": { "type": "Polygon", "coordinates": [ [ [ 121.0110216, 24.8666317 ], [ 121.0107482, 24.8662542 ], [ 121.0105016, 24.8663814 ], [ 121.0108002, 24.8667674 ], [ 121.0110216, 24.8666317 ] ] ] } },
{ "type": "Feature", "properties": { "element": "way", "id": 936644597, "name": "康普材料科技", "landuse": "industrial" }, "geometry": { "type": "Polygon", "coordinates": [ [ [ 121.0105016, 24.8663814 ], [ 121.0102302, 24.8660075 ], [ 121.0111984, 24.8653835 ], [ 121.0114846, 24.8658319 ], [ 121.0107482, 24.8662542 ], [ 121.0105016, 24.8663814 ] ] ] } },
{ "type": "Feature", "properties": { "element": "way", "id": 936644598, "name": "天弘化學", "landuse": "industrial" }, "geometry": { "type": "Polygon", "coordinates": [ [ [ 121.0111984, 24.8653835 ], [ 121.0114023, 24.8652818 ], [ 121.0119599, 24.8661061 ], [ 121.0110216, 24.8666317 ], [ 121.0107482, 24.8662542 ], [ 121.0114846, 24.8658319 ], [ 121.0111984, 24.8653835 ] ] ] } },
{ "type": "Feature", "properties": { "element": "way", "id": 936644599, "name": "崇文科技", "landuse": "industrial" }, "geometry": { "type": "Polygon", "coordinates": [ [ [ 121.0108002, 24.8667674 ], [ 121.010563, 24.86692 ], [ 121.0102649, 24.8665244 ], [ 121.0105016, 24.8663814 ], [ 121.0108002, 24.8667674 ] ] ] } },
{ "type": "Feature", "properties": { "element": "way", "id": 936644600, "name": "盛翔紙器", "landuse": "industrial" }, "geometry": { "type": "Polygon", "coordinates": [ [ [ 121.0102649, 24.8665244 ], [ 121.0099579, 24.8661405 ], [ 121.0102302, 24.8660075 ], [ 121.0105016, 24.8663814 ], [ 121.0102649, 24.8665244 ] ] ] } },
{ "type": "Feature", "properties": { "element": "way", "id": 936644601, "name": "惠豐化工廠", "landuse": "industrial" }, "geometry": { "type": "Polygon", "coordinates": [ [ [ 121.0099579, 24.8661405 ], [ 121.0094837, 24.8664131 ], [ 121.009733, 24.8667872 ], [ 121.0099925, 24.866659 ], [ 121.0102649, 24.8665244 ], [ 121.0099579, 24.8661405 ] ] ] } },
{ "type": "Feature", "properties": { "element": "way", "id": 936644602, "name": "立州油脂", "landuse": "industrial" }, "geometry": { "type": "Polygon", "coordinates": [ [ [ 121.0072419, 24.8682394 ], [ 121.0069607, 24.8678206 ], [ 121.0071767, 24.8676905 ], [ 121.007473, 24.8680954 ], [ 121.0072419, 24.8682394 ] ] ] } },
{ "type": "Feature", "properties": { "element": "way", "id": 936644603, "name": "長春人造樹脂廠", "landuse": "industrial" }, "geometry": { "type": "Polygon", "coordinates": [ [ [ 121.0071767, 24.8676905 ], [ 121.0079469, 24.8672337 ], [ 121.0082305, 24.8676627 ], [ 121.007473, 24.8680954 ], [ 121.0071767, 24.8676905 ] ] ] } },
{ "type": "Feature", "properties": { "element": "way", "id": 936644604, "name": "台灣盛禧奧", "landuse": "industrial" }, "geometry": { "type": "Polygon", "coordinates": [ [ [ 121.007473, 24.8680954 ], [ 121.0082305, 24.8676627 ], [ 121.0084979, 24.8675132 ], [ 121.0087321, 24.8673822 ], [ 121.0090527, 24.8678461 ], [ 121.0078031, 24.8685714 ], [ 121.007473, 24.8680954 ] ] ] } },
{ "type": "Feature", "properties": { "element": "way", "id": 936644605, "name": "錫宬國際", "landuse": "industrial" }, "geometry": { "type": "Polygon", "coordinates": [ [ [ 121.0087321, 24.8673822 ], [ 121.0090034, 24.867237 ], [ 121.0093078, 24.8676711 ], [ 121.0090527, 24.8678461 ], [ 121.0087321, 24.8673822 ] ] ] } },
{ "type": "Feature", "properties": { "element": "way", "id": 936644606, "name": "臻宏", "landuse": "industrial" }, "geometry": { "type": "Polygon", "coordinates": [ [ [ 121.0102649, 24.8665244 ], [ 121.0099925, 24.866659 ], [ 121.0102961, 24.8670888 ], [ 121.010563, 24.86692 ], [ 121.0102649, 24.8665244 ] ] ] } },
{ "type": "Feature", "properties": { "element": "way", "id": 936644607, "name": "捷盟工業", "landuse": "industrial" }, "geometry": { "type": "Polygon", "coordinates": [ [ [ 121.0099925, 24.866659 ], [ 121.009733, 24.8667872 ], [ 121.0100458, 24.8672414 ], [ 121.0102961, 24.8670888 ], [ 121.0099925, 24.866659 ] ] ] } },
{ "type": "Feature", "properties": { "element": "way", "id": 936644608, "name": "恩良企業", "landuse": "industrial" }, "geometry": { "type": "Polygon", "coordinates": [ [ [ 121.0090034, 24.867237 ], [ 121.008744, 24.8668289 ], [ 121.008467, 24.8669747 ], [ 121.0087321, 24.8673822 ], [ 121.0090034, 24.867237 ] ] ] } },
{ "type": "Feature", "properties": { "element": "way", "id": 936644609, "name": "逸典科技", "landuse": "industrial" }, "geometry": { "type": "Polygon", "coordinates": [ [ [ 121.008467, 24.8669747 ], [ 121.0082161, 24.8671241 ], [ 121.0084979, 24.8675132 ], [ 121.0087321, 24.8673822 ], [ 121.008467, 24.8669747 ] ] ] } },
{ "type": "Feature", "properties": { "element": "way", "id": 936644610, "name": "向陽科技", "landuse": "industrial" }, "geometry": { "type": "Polygon", "coordinates": [ [ [ 121.0082161, 24.8671241 ], [ 121.0079469, 24.8672337 ], [ 121.0082305, 24.8676627 ], [ 121.0084979, 24.8675132 ], [ 121.0082161, 24.8671241 ] ] ] } },
{ "type": "Feature", "properties": { "element": "way", "id": 936644611, "name": "亞泰半導體設備", "landuse": "industrial" }, "geometry": { "type": "Polygon", "coordinates": [ [ [ 121.008744, 24.8668289 ], [ 121.0089666, 24.8667065 ], [ 121.0092338, 24.8670896 ], [ 121.0090034, 24.867237 ], [ 121.008744, 24.8668289 ] ] ] } },
{ "type": "Feature", "properties": { "element": "way", "id": 936644612, "name": "裕鑫工業", "landuse": "industrial" }, "geometry": { "type": "Polygon", "coordinates": [ [ [ 121.0089666, 24.8667065 ], [ 121.0094837, 24.8664131 ], [ 121.009733, 24.8667872 ], [ 121.0092338, 24.8670896 ], [ 121.0089666, 24.8667065 ] ] ] } },
{ "type": "Feature", "properties": { "element": "way", "id": 936644613, "name": "潤昇系統測試", "landuse": "industrial" }, "geometry": { "type": "Polygon", "coordinates": [ [ [ 121.0090034, 24.867237 ], [ 121.0092338, 24.8670896 ], [ 121.009733, 24.8667872 ], [ 121.0100458, 24.8672414 ], [ 121.0093078, 24.8676711 ], [ 121.0090034, 24.867237 ] ] ] } },
{ "type": "Feature", "properties": { "element": "way", "id": 936644614, "name": "友發化工股份有限公司新竹廠", "landuse": "industrial" }, "geometry": { "type": "Polygon", "coordinates": [ [ [ 121.0113857, 24.8666094 ], [ 121.012061, 24.8662423 ], [ 121.0125831, 24.8669813 ], [ 121.0119187, 24.8673477 ], [ 121.0113857, 24.8666094 ] ] ] } },
{ "type": "Feature", "properties": { "element": "way", "id": 936644615, "name": "中升農機", "landuse": "industrial" }, "geometry": { "type": "Polygon", "coordinates": [ [ [ 121.0103621, 24.8671853 ], [ 121.0113857, 24.8666094 ], [ 121.0119187, 24.8673477 ], [ 121.010912, 24.8679503 ], [ 121.0103621, 24.8671853 ] ] ] } },
{ "type": "Feature", "properties": { "element": "way", "id": 936644616, "name": "欣銓科技", "landuse": "industrial" }, "geometry": { "type": "Polygon", "coordinates": [ [ [ 121.0103621, 24.8671853 ], [ 121.0101132, 24.8673326 ], [ 121.0104037, 24.8677369 ], [ 121.010663, 24.8680976 ], [ 121.010912, 24.8679503 ], [ 121.0103621, 24.8671853 ] ] ] } },
{ "type": "Feature", "properties": { "element": "way", "id": 936644617, "name": "香澤實業", "landuse": "industrial" }, "geometry": { "type": "Polygon", "coordinates": [ [ [ 121.0101132, 24.8673326 ], [ 121.0098697, 24.8674897 ], [ 121.0101667, 24.8678779 ], [ 121.0104037, 24.8677369 ], [ 121.0101132, 24.8673326 ] ] ] } },
{ "type": "Feature", "properties": { "element": "way", "id": 936644618, "name": "百傑電子科技", "landuse": "industrial" }, "geometry": { "type": "Polygon", "coordinates": [ [ [ 121.0104037, 24.8677369 ], [ 121.010663, 24.8680976 ], [ 121.0104064, 24.8682375 ], [ 121.0101667, 24.8678779 ], [ 121.0104037, 24.8677369 ] ] ] } },
{ "type": "Feature", "properties": { "element": "way", "id": 936644619, "name": "多聯科技股份有限公司", "landuse": "industrial" }, "geometry": { "type": "Polygon", "coordinates": [ [ [ 121.0098697, 24.8674897 ], [ 121.0088718, 24.8680686 ], [ 121.0091954, 24.8685048 ], [ 121.0094432, 24.8688388 ], [ 121.0104064, 24.8682375 ], [ 121.0098697, 24.8674897 ] ] ] } },
{ "type": "Feature", "properties": { "element": "way", "id": 936644620, "name": "世禾科技 四廠", "landuse": "industrial" }, "geometry": { "type": "Polygon", "coordinates": [ [ [ 121.0088718, 24.8680686 ], [ 121.0083905, 24.8683503 ], [ 121.0086731, 24.8687988 ], [ 121.008882, 24.8686774 ], [ 121.0091954, 24.8685048 ], [ 121.0088718, 24.8680686 ] ] ] } },
{ "type": "Feature", "properties": { "element": "way", "id": 936644622, "name": "昭和興精機", "landuse": "industrial" }, "geometry": { "type": "Polygon", "coordinates": [ [ [ 121.0081265, 24.8684973 ], [ 121.0078635, 24.8686604 ], [ 121.0081685, 24.8690922 ], [ 121.0084262, 24.8689424 ], [ 121.0081265, 24.8684973 ] ] ] } },
{ "type": "Feature", "properties": { "element": "way", "id": 936644623, "name": "辛耘企業", "landuse": "industrial" }, "geometry": { "type": "Polygon", "coordinates": [ [ [ 121.008882, 24.8686774 ], [ 121.0091255, 24.8690221 ], [ 121.0082054, 24.8695573 ], [ 121.0076566, 24.8687807 ], [ 121.0078635, 24.8686604 ], [ 121.0081685, 24.8690922 ], [ 121.0084262, 24.8689424 ], [ 121.0086731, 24.8687988 ], [ 121.008882, 24.8686774 ] ] ] } },
{ "type": "Feature", "properties": { "element": "way", "id": 936644624, "name": "精中電企業", "landuse": "industrial" }, "geometry": { "type": "Polygon", "coordinates": [ [ [ 121.008882, 24.8686774 ], [ 121.0091954, 24.8685048 ], [ 121.0094432, 24.8688388 ], [ 121.0091255, 24.8690221 ], [ 121.008882, 24.8686774 ] ] ] } },
{ "type": "Feature", "properties": { "element": "way", "id": 936644625, "name": "華淵電機工業", "landuse": "industrial" }, "geometry": { "type": "Polygon", "coordinates": [ [ [ 121.0083575, 24.869766 ], [ 121.0093002, 24.8691999 ], [ 121.0100976, 24.8703984 ], [ 121.0092036, 24.8709181 ], [ 121.0083575, 24.869766 ] ] ] } },
{ "type": "Feature", "properties": { "element": "way", "id": 936644626, "name": "群浤科技 仁義厰", "landuse": "industrial" }, "geometry": { "type": "Polygon", "coordinates": [ [ [ 121.0093002, 24.8691999 ], [ 121.0099385, 24.8688472 ], [ 121.0107602, 24.8700116 ], [ 121.0100976, 24.8703984 ], [ 121.0093002, 24.8691999 ] ] ] } },
{ "type": "Feature", "properties": { "element": "way", "id": 936644627, "name": "全興避震器", "landuse": "industrial" }, "geometry": { "type": "Polygon", "coordinates": [ [ [ 121.0099385, 24.8688472 ], [ 121.0106844, 24.8684272 ], [ 121.011506, 24.8695871 ], [ 121.0107602, 24.8700116 ], [ 121.0099385, 24.8688472 ] ] ] } },
{ "type": "Feature", "properties": { "element": "way", "id": 936644628, "name": "新三興", "landuse": "industrial" }, "geometry": { "type": "Polygon", "coordinates": [ [ [ 121.0106844, 24.8684272 ], [ 121.0119633, 24.8676461 ], [ 121.0123806, 24.8682553 ], [ 121.0127793, 24.8688374 ], [ 121.011506, 24.8695871 ], [ 121.0106844, 24.8684272 ] ] ] } },
{ "type": "Feature", "properties": { "element": "way", "id": 936644629, "name": "志同塑膠工業", "landuse": "industrial" }, "geometry": { "type": "Polygon", "coordinates": [ [ [ 121.0119633, 24.8676461 ], [ 121.0123208, 24.8674672 ], [ 121.0125092, 24.8677261 ], [ 121.0127384, 24.8680408 ], [ 121.0123806, 24.8682553 ], [ 121.0119633, 24.8676461 ] ] ] } },
{ "type": "Feature", "properties": { "element": "way", "id": 936644630, "name": "三梅企業", "landuse": "industrial" }, "geometry": { "type": "Polygon", "coordinates": [ [ [ 121.0127384, 24.8680408 ], [ 121.0128281, 24.8681795 ], [ 121.0129845, 24.868421 ], [ 121.0131233, 24.8686353 ], [ 121.0127793, 24.8688374 ], [ 121.0123806, 24.8682553 ], [ 121.0127384, 24.8680408 ] ] ] } },
{ "type": "Feature", "properties": { "element": "way", "id": 936644631, "name": "台灣極水", "landuse": "industrial" }, "geometry": { "type": "Polygon", "coordinates": [ [ [ 121.0123208, 24.8674672 ], [ 121.012751, 24.867238 ], [ 121.0129284, 24.8674799 ], [ 121.0125092, 24.8677261 ], [ 121.0123208, 24.8674672 ] ] ] } },
{ "type": "Feature", "properties": { "element": "way", "id": 936644632, "name": "東義科技", "landuse": "industrial" }, "geometry": { "type": "Polygon", "coordinates": [ [ [ 121.0129284, 24.8674799 ], [ 121.0132684, 24.8679518 ], [ 121.0128281, 24.8681795 ], [ 121.0127384, 24.8680408 ], [ 121.0125092, 24.8677261 ], [ 121.0129284, 24.8674799 ] ] ] } },
{ "type": "Feature", "properties": { "element": "way", "id": 936644633, "name": null, "landuse": "industrial" }, "geometry": { "type": "Polygon", "coordinates": [ [ [ 121.0128281, 24.8681795 ], [ 121.0132684, 24.8679518 ], [ 121.0134097, 24.868174 ], [ 121.0129845, 24.868421 ], [ 121.0128281, 24.8681795 ] ] ] } },
{ "type": "Feature", "properties": { "element": "way", "id": 936644634, "name": "精鈺金屬工業", "landuse": "industrial" }, "geometry": { "type": "Polygon", "coordinates": [ [ [ 121.0129845, 24.868421 ], [ 121.0131233, 24.8686353 ], [ 121.0135425, 24.868384 ], [ 121.0134097, 24.868174 ], [ 121.0129845, 24.868421 ] ] ] } },
{ "type": "Feature", "properties": { "element": "way", "id": 936644635, "name": "永信容器工業", "landuse": "industrial" }, "geometry": { "type": "Polygon", "coordinates": [ [ [ 121.0128846, 24.867114 ], [ 121.0135711, 24.8667266 ], [ 121.0139395, 24.8672058 ], [ 121.0132289, 24.8676334 ], [ 121.0128846, 24.867114 ] ] ] } },
{ "type": "Feature", "properties": { "element": "way", "id": 936644636, "name": "欣銓科技", "landuse": "industrial" }, "geometry": { "type": "Polygon", "coordinates": [ [ [ 121.0132289, 24.8676334 ], [ 121.0139395, 24.8672058 ], [ 121.0143601, 24.8677872 ], [ 121.0136291, 24.8682054 ], [ 121.0132289, 24.8676334 ] ] ] } },
{ "type": "Feature", "properties": { "element": "way", "id": 936644637, "name": "晶兆成科技", "landuse": "industrial" }, "geometry": { "type": "Polygon", "coordinates": [ [ [ 121.0143601, 24.8677872 ], [ 121.0148129, 24.868278 ], [ 121.014003, 24.8687051 ], [ 121.0136291, 24.8682054 ], [ 121.0143601, 24.8677872 ] ] ] } },
{ "type": "Feature", "properties": { "element": "way", "id": 936644638, "name": "榮錦塑膠工業", "landuse": "industrial" }, "geometry": { "type": "Polygon", "coordinates": [ [ [ 121.0148129, 24.868278 ], [ 121.0153613, 24.8688519 ], [ 121.0145243, 24.8694834 ], [ 121.014003, 24.8687051 ], [ 121.0148129, 24.868278 ] ] ] } },
{ "type": "Feature", "properties": { "element": "way", "id": 936644639, "name": "裕器工業", "landuse": "industrial" }, "geometry": { "type": "Polygon", "coordinates": [ [ [ 121.0122429, 24.8692985 ], [ 121.0136206, 24.8685107 ], [ 121.014393, 24.8695569 ], [ 121.0129688, 24.8703894 ], [ 121.0126518, 24.8698955 ], [ 121.0122429, 24.8692985 ] ] ] } },
{ "type": "Feature", "properties": { "element": "way", "id": 936644640, "name": "南茂科技 湖口一廠", "landuse": "industrial" }, "geometry": { "type": "Polygon", "coordinates": [ [ [ 121.0119669, 24.8703034 ], [ 121.0115526, 24.8696798 ], [ 121.0122429, 24.8692985 ], [ 121.0126518, 24.8698955 ], [ 121.0122947, 24.8701081 ], [ 121.0119669, 24.8703034 ] ] ] } },
{ "type": "Feature", "properties": { "element": "way", "id": 936644641, "name": "天虹科技", "landuse": "industrial" }, "geometry": { "type": "Polygon", "coordinates": [ [ [ 121.0126518, 24.8698955 ], [ 121.0122947, 24.8701081 ], [ 121.0126339, 24.8705645 ], [ 121.0129688, 24.8703894 ], [ 121.0126518, 24.8698955 ] ] ] } },
{ "type": "Feature", "properties": { "element": "way", "id": 936644642, "name": "晧晟實業", "landuse": "industrial" }, "geometry": { "type": "Polygon", "coordinates": [ [ [ 121.0122947, 24.8701081 ], [ 121.0119669, 24.8703034 ], [ 121.0123352, 24.8707852 ], [ 121.0126339, 24.8705645 ], [ 121.0122947, 24.8701081 ] ] ] } },
{ "type": "Feature", "properties": { "element": "way", "id": 936644643, "name": "威爾司科技", "landuse": "industrial" }, "geometry": { "type": "Polygon", "coordinates": [ [ [ 121.0119669, 24.8703034 ], [ 121.0116188, 24.8704907 ], [ 121.0119832, 24.8709984 ], [ 121.0123352, 24.8707852 ], [ 121.0119669, 24.8703034 ] ] ] } },
{ "type": "Feature", "properties": { "element": "way", "id": 936644644, "name": "立捷國際", "landuse": "industrial" }, "geometry": { "type": "Polygon", "coordinates": [ [ [ 121.0116188, 24.8704907 ], [ 121.0112941, 24.870661 ], [ 121.0109482, 24.8708424 ], [ 121.0113357, 24.8713739 ], [ 121.0119832, 24.8709984 ], [ 121.0116188, 24.8704907 ] ] ] } },
{ "type": "Feature", "properties": { "element": "way", "id": 936644645, "name": null, "landuse": "industrial" }, "geometry": { "type": "Polygon", "coordinates": [ [ [ 121.0115526, 24.8696798 ], [ 121.0109023, 24.8700777 ], [ 121.0112941, 24.870661 ], [ 121.0116188, 24.8704907 ], [ 121.0119669, 24.8703034 ], [ 121.0115526, 24.8696798 ] ] ] } },
{ "type": "Feature", "properties": { "element": "way", "id": 936644646, "name": "特耐第國際", "landuse": "industrial" }, "geometry": { "type": "Polygon", "coordinates": [ [ [ 121.0109023, 24.8700777 ], [ 121.0102175, 24.8704855 ], [ 121.0106106, 24.8710273 ], [ 121.0109482, 24.8708424 ], [ 121.0112941, 24.870661 ], [ 121.0109023, 24.8700777 ] ] ] } },
{ "type": "Feature", "properties": { "element": "way", "id": 936644647, "name": "亞翔工程", "landuse": "industrial" }, "geometry": { "type": "Polygon", "coordinates": [ [ [ 121.0109482, 24.8708424 ], [ 121.0106106, 24.8710273 ], [ 121.0110011, 24.8715931 ], [ 121.0113357, 24.8713739 ], [ 121.0109482, 24.8708424 ] ] ] } },
{ "type": "Feature", "properties": { "element": "way", "id": 936644648, "name": "翔勝企業", "landuse": "industrial" }, "geometry": { "type": "Polygon", "coordinates": [ [ [ 121.0106106, 24.8710273 ], [ 121.0101492, 24.8713192 ], [ 121.0105333, 24.8718391 ], [ 121.0110011, 24.8715931 ], [ 121.0106106, 24.8710273 ] ] ] } },
{ "type": "Feature", "properties": { "element": "way", "id": 936644649, "name": "台神工具", "landuse": "industrial" }, "geometry": { "type": "Polygon", "coordinates": [ [ [ 121.0102175, 24.8704855 ], [ 121.0095463, 24.870877 ], [ 121.0099388, 24.8714259 ], [ 121.0101492, 24.8713192 ], [ 121.0106106, 24.8710273 ], [ 121.0102175, 24.8704855 ] ] ] } },
{ "type": "Feature", "properties": { "element": "way", "id": 936644650, "name": "精銘塑膠", "landuse": "industrial" }, "geometry": { "type": "Polygon", "coordinates": [ [ [ 121.0095463, 24.870877 ], [ 121.0092794, 24.8710284 ], [ 121.0096427, 24.8715994 ], [ 121.0099388, 24.8714259 ], [ 121.0095463, 24.870877 ] ] ] } },
{ "type": "Feature", "properties": { "element": "way", "id": 937034815, "name": "中日金屬化工", "landuse": "industrial" }, "geometry": { "type": "Polygon", "coordinates": [ [ [ 121.0140169, 24.859776 ], [ 121.0125477, 24.8601032 ], [ 121.0123804, 24.8597258 ], [ 121.0127228, 24.8591506 ], [ 121.0129856, 24.8592693 ], [ 121.0130768, 24.859611 ], [ 121.0138332, 24.8594421 ], [ 121.0140169, 24.859776 ] ] ] } },
{ "type": "Feature", "properties": { "element": "way", "id": 937034816, "name": "台灣帕卡可博", "landuse": "industrial" }, "geometry": { "type": "Polygon", "coordinates": [ [ [ 121.0129856, 24.8592693 ], [ 121.0136521, 24.8591457 ], [ 121.0138332, 24.8594421 ], [ 121.0130768, 24.859611 ], [ 121.0129856, 24.8592693 ] ] ] } },
{ "type": "Feature", "properties": { "element": "way", "id": 937034817, "name": "統立環保工程", "landuse": "industrial" }, "geometry": { "type": "Polygon", "coordinates": [ [ [ 121.012811, 24.858351 ], [ 121.0121676, 24.856844 ], [ 121.0118231, 24.8569857 ], [ 121.0113988, 24.8575059 ], [ 121.011121, 24.8582904 ], [ 121.0110469, 24.8588465 ], [ 121.0112679, 24.8593015 ], [ 121.011991, 24.8588455 ], [ 121.0118627, 24.8584154 ], [ 121.0121103, 24.8583381 ], [ 121.0122391, 24.8586936 ], [ 121.012811, 24.858351 ] ] ] } },
{ "type": "Feature", "properties": { "element": "way", "id": 937034818, "name": "仁翔氣體", "landuse": "industrial" }, "geometry": { "type": "Polygon", "coordinates": [ [ [ 121.011991, 24.8588455 ], [ 121.0122391, 24.8586936 ], [ 121.0121103, 24.8583381 ], [ 121.0118627, 24.8584154 ], [ 121.011991, 24.8588455 ] ] ] } },
{ "type": "Feature", "properties": { "element": "way", "id": 937034821, "name": "華友材料科技", "landuse": "industrial" }, "geometry": { "type": "Polygon", "coordinates": [ [ [ 121.0139252, 24.8590941 ], [ 121.0161901, 24.8584222 ], [ 121.0154892, 24.8591967 ], [ 121.0148466, 24.8595275 ], [ 121.0142456, 24.8597136 ], [ 121.0139252, 24.8590941 ] ] ] } },
{ "type": "Feature", "properties": { "element": "way", "id": 937034822, "name": "光頡科技", "landuse": "industrial" }, "geometry": { "type": "Polygon", "coordinates": [ [ [ 121.013526, 24.8588812 ], [ 121.0133259, 24.8583017 ], [ 121.0138843, 24.8580705 ], [ 121.0141164, 24.8587277 ], [ 121.013526, 24.8588812 ] ] ] } },
{ "type": "Feature", "properties": { "element": "way", "id": 937034823, "name": "華友材料科技", "landuse": "industrial" }, "geometry": { "type": "Polygon", "coordinates": [ [ [ 121.0147044, 24.8585588 ], [ 121.014468, 24.8578839 ], [ 121.0150225, 24.8576758 ], [ 121.0151932, 24.8574579 ], [ 121.0154537, 24.8583444 ], [ 121.0147044, 24.8585588 ] ] ] } },
{ "type": "Feature", "properties": { "element": "way", "id": 937034824, "name": "華健醫藥生技", "landuse": "industrial" }, "geometry": { "type": "Polygon", "coordinates": [ [ [ 121.0170828, 24.8573804 ], [ 121.0174292, 24.8569717 ], [ 121.0172525, 24.8564047 ], [ 121.0168164, 24.856568 ], [ 121.0170828, 24.8573804 ] ] ] } },
{ "type": "Feature", "properties": { "element": "way", "id": 937034825, "name": "豪成科技", "landuse": "industrial" }, "geometry": { "type": "Polygon", "coordinates": [ [ [ 121.0172525, 24.8564047 ], [ 121.0176897, 24.8562409 ], [ 121.0179099, 24.8564187 ], [ 121.0174292, 24.8569717 ], [ 121.0172525, 24.8564047 ] ] ] } },
{ "type": "Feature", "properties": { "element": "way", "id": 937034827, "name": "富泰空調科技", "landuse": "industrial" }, "geometry": { "type": "Polygon", "coordinates": [ [ [ 121.0175941, 24.8604372 ], [ 121.0178837, 24.8609092 ], [ 121.0169148, 24.8614378 ], [ 121.0166317, 24.8609593 ], [ 121.0175941, 24.8604372 ] ] ] } },
{ "type": "Feature", "properties": { "element": "way", "id": 937034828, "name": "台灣高絲", "landuse": "industrial" }, "geometry": { "type": "Polygon", "coordinates": [ [ [ 121.0178837, 24.8609092 ], [ 121.0181629, 24.8613903 ], [ 121.0171991, 24.8618632 ], [ 121.0169148, 24.8614378 ], [ 121.0178837, 24.8609092 ] ] ] } },
{ "type": "Feature", "properties": { "element": "way", "id": 937034829, "name": "博威電子", "landuse": "industrial" }, "geometry": { "type": "Polygon", "coordinates": [ [ [ 121.0189955, 24.8605143 ], [ 121.0191923, 24.8608439 ], [ 121.0184564, 24.861216 ], [ 121.0182608, 24.8608765 ], [ 121.0189955, 24.8605143 ] ] ] } },
{ "type": "Feature", "properties": { "element": "way", "id": 937034830, "name": "華上光電 二廠", "landuse": "industrial" }, "geometry": { "type": "Polygon", "coordinates": [ [ [ 121.0148712, 24.8606248 ], [ 121.0157569, 24.8601468 ], [ 121.0153771, 24.8599727 ], [ 121.0149746, 24.8598775 ], [ 121.0147362, 24.8598664 ], [ 121.0144119, 24.8599113 ], [ 121.0148712, 24.8606248 ] ] ] } },
{ "type": "Feature", "properties": { "element": "way", "id": 937034831, "name": "世禾科技 光復廠", "landuse": "industrial" }, "geometry": { "type": "Polygon", "coordinates": [ [ [ 121.0148712, 24.8606248 ], [ 121.0150724, 24.860956 ], [ 121.0160277, 24.8604463 ], [ 121.0157569, 24.8601468 ], [ 121.0148712, 24.8606248 ] ] ] } },
{ "type": "Feature", "properties": { "element": "way", "id": 937034832, "name": "台灣中央精機", "landuse": "industrial" }, "geometry": { "type": "Polygon", "coordinates": [ [ [ 121.0150724, 24.860956 ], [ 121.0157364, 24.8620357 ], [ 121.0167158, 24.8615307 ], [ 121.0160277, 24.8604463 ], [ 121.0150724, 24.860956 ] ] ] } },
{ "type": "Feature", "properties": { "element": "way", "id": 937034833, "name": "泓格科技", "landuse": "industrial" }, "geometry": { "type": "Polygon", "coordinates": [ [ [ 121.0157364, 24.8620357 ], [ 121.0167158, 24.8615307 ], [ 121.0169873, 24.8619787 ], [ 121.0160124, 24.8624775 ], [ 121.0157364, 24.8620357 ] ] ] } },
{ "type": "Feature", "properties": { "element": "way", "id": 937034834, "name": "大城輪胎機械", "landuse": "industrial" }, "geometry": { "type": "Polygon", "coordinates": [ [ [ 121.0148508, 24.862616 ], [ 121.0150653, 24.8629527 ], [ 121.0143281, 24.8633476 ], [ 121.0140769, 24.8630131 ], [ 121.0148508, 24.862616 ] ] ] } },
{ "type": "Feature", "properties": { "element": "way", "id": 937034835, "name": "青春泉食品", "landuse": "industrial" }, "geometry": { "type": "Polygon", "coordinates": [ [ [ 121.0141768, 24.863537 ], [ 121.0130461, 24.8636815 ], [ 121.0137451, 24.8627859 ], [ 121.0141768, 24.863537 ] ] ] } },
{ "type": "Feature", "properties": { "element": "way", "id": 937034836, "name": "保力達 新竹廠", "landuse": "industrial" }, "geometry": { "type": "Polygon", "coordinates": [ [ [ 121.0137945, 24.8657365 ], [ 121.0150953, 24.8650494 ], [ 121.0142187, 24.8636067 ], [ 121.0129536, 24.8637981 ], [ 121.0129656, 24.8643273 ], [ 121.0133442, 24.8650303 ], [ 121.0137945, 24.8657365 ] ] ] } },
{ "type": "Feature", "properties": { "element": "way", "id": 937034837, "name": "明台化工 湖口廠", "landuse": "industrial" }, "geometry": { "type": "Polygon", "coordinates": [ [ [ 121.0161653, 24.8647737 ], [ 121.0160708, 24.8646249 ], [ 121.0159609, 24.8644517 ], [ 121.0158443, 24.864268 ], [ 121.0154124, 24.8635876 ], [ 121.0151649, 24.8631977 ], [ 121.0144702, 24.8635759 ], [ 121.0154703, 24.8651513 ], [ 121.0161653, 24.8647737 ] ] ] } },
{ "type": "Feature", "properties": { "element": "way", "id": 937034838, "name": "天弘化學 新竹二廠", "landuse": "industrial" }, "geometry": { "type": "Polygon", "coordinates": [ [ [ 121.0137945, 24.8657365 ], [ 121.0150953, 24.8650494 ], [ 121.0155066, 24.8656706 ], [ 121.0142061, 24.8663482 ], [ 121.0137945, 24.8657365 ] ] ] } },
{ "type": "Feature", "properties": { "element": "way", "id": 937034839, "name": "加國陽光能源科技", "landuse": "industrial" }, "geometry": { "type": "Polygon", "coordinates": [ [ [ 121.0142061, 24.8663482 ], [ 121.0144829, 24.866729 ], [ 121.0160919, 24.8668875 ], [ 121.0162328, 24.8668412 ], [ 121.0155066, 24.8656706 ], [ 121.0142061, 24.8663482 ] ] ] } },
{ "type": "Feature", "properties": { "element": "way", "id": 937034840, "name": "長榮鋼鐵", "landuse": "industrial" }, "geometry": { "type": "Polygon", "coordinates": [ [ [ 121.0170782, 24.8622055 ], [ 121.0190835, 24.8653826 ], [ 121.0181359, 24.865876 ], [ 121.0161274, 24.8626665 ], [ 121.0170782, 24.8622055 ] ] ] } },
{ "type": "Feature", "properties": { "element": "way", "id": 937034843, "name": "德謙企業", "landuse": "industrial" }, "geometry": { "type": "Polygon", "coordinates": [ [ [ 121.0159028, 24.8627737 ], [ 121.0165832, 24.8638535 ], [ 121.0158443, 24.864268 ], [ 121.0154124, 24.8635876 ], [ 121.0156722, 24.8634385 ], [ 121.0159308, 24.8633251 ], [ 121.015679, 24.8628951 ], [ 121.0159028, 24.8627737 ] ] ] } },
{ "type": "Feature", "properties": { "element": "way", "id": 937034844, "name": "晃誼科技", "landuse": "industrial" }, "geometry": { "type": "Polygon", "coordinates": [ [ [ 121.0159609, 24.8644517 ], [ 121.0167239, 24.8640685 ], [ 121.0168076, 24.8642343 ], [ 121.0160708, 24.8646249 ], [ 121.0159609, 24.8644517 ] ] ] } },
{ "type": "Feature", "properties": { "element": "way", "id": 937034845, "name": "富泰空調科技 二廠", "landuse": "industrial" }, "geometry": { "type": "Polygon", "coordinates": [ [ [ 121.0160708, 24.8646249 ], [ 121.0161653, 24.8647737 ], [ 121.0169081, 24.8659372 ], [ 121.0176537, 24.8655555 ], [ 121.0168076, 24.8642343 ], [ 121.0160708, 24.8646249 ] ] ] } },
{ "type": "Feature", "properties": { "element": "way", "id": 937034846, "name": null, "landuse": "industrial" }, "geometry": { "type": "Polygon", "coordinates": [ [ [ 121.0158443, 24.864268 ], [ 121.0159609, 24.8644517 ], [ 121.0167239, 24.8640685 ], [ 121.0165832, 24.8638535 ], [ 121.0158443, 24.864268 ] ] ] } },
{ "type": "Feature", "properties": { "element": "way", "id": 937034847, "name": "穩好高分子化學工業", "landuse": "industrial" }, "geometry": { "type": "Polygon", "coordinates": [ [ [ 121.0169081, 24.8659372 ], [ 121.0176537, 24.8655555 ], [ 121.0179277, 24.866011 ], [ 121.017198, 24.8663883 ], [ 121.0169081, 24.8659372 ] ] ] } },
{ "type": "Feature", "properties": { "element": "way", "id": 937034849, "name": "奇鈦科技", "landuse": "industrial" }, "geometry": { "type": "Polygon", "coordinates": [ [ [ 121.0178567, 24.8617959 ], [ 121.0183001, 24.8615751 ], [ 121.018561, 24.8620066 ], [ 121.0181177, 24.8622273 ], [ 121.0178567, 24.8617959 ] ] ] } },
{ "type": "Feature", "properties": { "element": "way", "id": 937034850, "name": "詮達", "landuse": "industrial" }, "geometry": { "type": "Polygon", "coordinates": [ [ [ 121.0174402, 24.8619919 ], [ 121.0178567, 24.8617959 ], [ 121.0181177, 24.8622273 ], [ 121.018561, 24.8620066 ], [ 121.0191531, 24.8629431 ], [ 121.0181482, 24.8634475 ], [ 121.0175713, 24.8625076 ], [ 121.0177264, 24.8624228 ], [ 121.0174402, 24.8619919 ] ] ] } },
{ "type": "Feature", "properties": { "element": "way", "id": 937034851, "name": "金兆益科技", "landuse": "industrial" }, "geometry": { "type": "Polygon", "coordinates": [ [ [ 121.0181482, 24.8634475 ], [ 121.0193339, 24.8652655 ], [ 121.0202454, 24.8647736 ], [ 121.0191531, 24.8629431 ], [ 121.0181482, 24.8634475 ] ] ] } },
{ "type": "Feature", "properties": { "element": "way", "id": 937034852, "name": "寰邦科技", "landuse": "industrial" }, "geometry": { "type": "Polygon", "coordinates": [ [ [ 121.0185892, 24.8614233 ], [ 121.019356, 24.8610199 ], [ 121.0196372, 24.8614764 ], [ 121.0197743, 24.8616989 ], [ 121.019907, 24.8619143 ], [ 121.0201287, 24.8622742 ], [ 121.0193633, 24.8626629 ], [ 121.0185892, 24.8614233 ] ] ] } },
{ "type": "Feature", "properties": { "element": "way", "id": 937034853, "name": "展宇科技材料", "landuse": "industrial" }, "geometry": { "type": "Polygon", "coordinates": [ [ [ 121.0193633, 24.8626629 ], [ 121.0201287, 24.8622742 ], [ 121.0202128, 24.8623988 ], [ 121.0203556, 24.8626104 ], [ 121.0195777, 24.8630252 ], [ 121.0193633, 24.8626629 ] ] ] } },
{ "type": "Feature", "properties": { "element": "way", "id": 937034854, "name": "立達鋼鐵", "landuse": "industrial" }, "geometry": { "type": "Polygon", "coordinates": [ [ [ 121.0203556, 24.8626104 ], [ 121.0205365, 24.8628969 ], [ 121.0206681, 24.8631054 ], [ 121.0208252, 24.8633543 ], [ 121.0210026, 24.8636353 ], [ 121.0211267, 24.8638319 ], [ 121.0212525, 24.8640312 ], [ 121.0213497, 24.8641852 ], [ 121.0205799, 24.8645982 ], [ 121.0195777, 24.8630252 ], [ 121.0203556, 24.8626104 ] ] ] } },
{ "type": "Feature", "properties": { "element": "way", "id": 937034856, "name": "泓格科技 湖口二廠", "landuse": "industrial" }, "geometry": { "type": "Polygon", "coordinates": [ [ [ 121.0197355, 24.8652773 ], [ 121.0203596, 24.8649659 ], [ 121.0206327, 24.8653659 ], [ 121.0199907, 24.8657001 ], [ 121.0197355, 24.8652773 ] ] ] } },
{ "type": "Feature", "properties": { "element": "way", "id": 937034857, "name": "日鼎", "landuse": "industrial" }, "geometry": { "type": "Polygon", "coordinates": [ [ [ 121.0206327, 24.8653659 ], [ 121.0208463, 24.8656865 ], [ 121.0198723, 24.8661703 ], [ 121.0196679, 24.8658606 ], [ 121.0199907, 24.8657001 ], [ 121.0206327, 24.8653659 ] ] ] } },
{ "type": "Feature", "properties": { "element": "way", "id": 937034858, "name": "廣大保利龍", "landuse": "industrial" }, "geometry": { "type": "Polygon", "coordinates": [ [ [ 121.0198723, 24.8661703 ], [ 121.0204517, 24.8670608 ], [ 121.0214388, 24.8665504 ], [ 121.0208463, 24.8656865 ], [ 121.0198723, 24.8661703 ] ] ] } },
{ "type": "Feature", "properties": { "element": "way", "id": 937034859, "name": "日揚科技 湖口廠", "landuse": "industrial" }, "geometry": { "type": "Polygon", "coordinates": [ [ [ 121.0206536, 24.8673821 ], [ 121.0216406, 24.8668715 ], [ 121.0218571, 24.8672476 ], [ 121.0208367, 24.8677796 ], [ 121.0206536, 24.8673821 ] ] ] } },
{ "type": "Feature", "properties": { "element": "way", "id": 937034860, "name": "永大順", "landuse": "industrial" }, "geometry": { "type": "Polygon", "coordinates": [ [ [ 121.0208757, 24.8650938 ], [ 121.0216609, 24.8647011 ], [ 121.0214743, 24.8643874 ], [ 121.0207078, 24.8647938 ], [ 121.0208757, 24.8650938 ] ] ] } },
{ "type": "Feature", "properties": { "element": "way", "id": 937034861, "name": "天益齒輪", "landuse": "industrial" }, "geometry": { "type": "Polygon", "coordinates": [ [ [ 121.0208757, 24.8650938 ], [ 121.0213135, 24.8658052 ], [ 121.0220919, 24.8653956 ], [ 121.0219463, 24.865161 ], [ 121.0218006, 24.8649262 ], [ 121.0216609, 24.8647011 ], [ 121.0208757, 24.8650938 ] ] ] } },
{ "type": "Feature", "properties": { "element": "way", "id": 937034862, "name": null, "landuse": "industrial" }, "geometry": { "type": "Polygon", "coordinates": [ [ [ 121.0220919, 24.8653956 ], [ 121.0221485, 24.8654963 ], [ 121.0223814, 24.8659104 ], [ 121.0216487, 24.8663311 ], [ 121.0213135, 24.8658052 ], [ 121.0220919, 24.8653956 ] ] ] } },
{ "type": "Feature", "properties": { "element": "way", "id": 937034863, "name": "台灣田邊製藥 新竹廠", "landuse": "industrial" }, "geometry": { "type": "Polygon", "coordinates": [ [ [ 121.0182437, 24.8660499 ], [ 121.0190601, 24.8674605 ], [ 121.0200478, 24.8669391 ], [ 121.0192323, 24.8655578 ], [ 121.0182437, 24.8660499 ] ] ] } },
{ "type": "Feature", "properties": { "element": "way", "id": 937034864, "name": "互力精密化學", "landuse": "industrial" }, "geometry": { "type": "Polygon", "coordinates": [ [ [ 121.0172523, 24.8665444 ], [ 121.0175662, 24.8670264 ], [ 121.0183584, 24.8666559 ], [ 121.0180339, 24.8661536 ], [ 121.0172523, 24.8665444 ] ] ] } },
{ "type": "Feature", "properties": { "element": "way", "id": 937034865, "name": "優陽材料科技", "landuse": "industrial" }, "geometry": { "type": "Polygon", "coordinates": [ [ [ 121.0183584, 24.8666559 ], [ 121.0185702, 24.8669993 ], [ 121.017793, 24.8673939 ], [ 121.0175662, 24.8670264 ], [ 121.0183584, 24.8666559 ] ] ] } },
{ "type": "Feature", "properties": { "element": "way", "id": 937034866, "name": "大陽日酸系統科技", "landuse": "industrial" }, "geometry": { "type": "Polygon", "coordinates": [ [ [ 121.0185702, 24.8669993 ], [ 121.0189017, 24.8675389 ], [ 121.0181632, 24.8679584 ], [ 121.0180836, 24.8678369 ], [ 121.017793, 24.8673939 ], [ 121.0185702, 24.8669993 ] ] ] } },
{ "type": "Feature", "properties": { "element": "way", "id": 937034867, "name": "秦岱", "landuse": "industrial" }, "geometry": { "type": "Polygon", "coordinates": [ [ [ 121.0181632, 24.8679584 ], [ 121.0189017, 24.8675389 ], [ 121.0190742, 24.8678485 ], [ 121.0183386, 24.8682286 ], [ 121.0181632, 24.8679584 ] ] ] } },
{ "type": "Feature", "properties": { "element": "way", "id": 937034868, "name": "光頡科技", "landuse": "industrial" }, "geometry": { "type": "Polygon", "coordinates": [ [ [ 121.0190742, 24.8678485 ], [ 121.0192913, 24.8682067 ], [ 121.0185648, 24.8685714 ], [ 121.0183386, 24.8682286 ], [ 121.0190742, 24.8678485 ] ] ] } },
{ "type": "Feature", "properties": { "element": "way", "id": 937034870, "name": "世瑩", "landuse": "industrial" }, "geometry": { "type": "Polygon", "coordinates": [ [ [ 121.0185648, 24.8685714 ], [ 121.0188141, 24.8690045 ], [ 121.0195302, 24.8686045 ], [ 121.0192913, 24.8682067 ], [ 121.0185648, 24.8685714 ] ] ] } },
{ "type": "Feature", "properties": { "element": "way", "id": 937034871, "name": "儒成工業", "landuse": "industrial" }, "geometry": { "type": "Polygon", "coordinates": [ [ [ 121.0195302, 24.8686045 ], [ 121.0198284, 24.8690261 ], [ 121.019093, 24.8694185 ], [ 121.0188141, 24.8690045 ], [ 121.0195302, 24.8686045 ] ] ] } },
{ "type": "Feature", "properties": { "element": "way", "id": 937034872, "name": "欣銓科技", "landuse": "industrial" }, "geometry": { "type": "Polygon", "coordinates": [ [ [ 121.0172523, 24.8665444 ], [ 121.0175662, 24.8670264 ], [ 121.017793, 24.8673939 ], [ 121.0180836, 24.8678369 ], [ 121.0173597, 24.8682386 ], [ 121.0165395, 24.8669092 ], [ 121.0172523, 24.8665444 ] ] ] } },
{ "type": "Feature", "properties": { "element": "way", "id": 937034873, "name": "豪門彩色印刷事業", "landuse": "industrial" }, "geometry": { "type": "Polygon", "coordinates": [ [ [ 121.0173597, 24.8682386 ], [ 121.0175836, 24.8685752 ], [ 121.0183386, 24.8682286 ], [ 121.0180836, 24.8678369 ], [ 121.0173597, 24.8682386 ] ] ] } },
{ "type": "Feature", "properties": { "element": "way", "id": 937034874, "name": "濟生醫藥生技", "landuse": "industrial" }, "geometry": { "type": "Polygon", "coordinates": [ [ [ 121.0183386, 24.8682286 ], [ 121.0185648, 24.8685714 ], [ 121.0188182, 24.8689908 ], [ 121.019093, 24.8694185 ], [ 121.0193233, 24.8697736 ], [ 121.0185718, 24.8701825 ], [ 121.0175836, 24.8685752 ], [ 121.0183386, 24.8682286 ] ] ] } },
{ "type": "Feature", "properties": { "element": "way", "id": 937034875, "name": "台灣高美可科技", "landuse": "industrial" }, "geometry": { "type": "Polygon", "coordinates": [ [ [ 121.0154485, 24.8678778 ], [ 121.016532, 24.8673356 ], [ 121.0164007, 24.867079 ], [ 121.0159274, 24.8671672 ], [ 121.0152554, 24.867056 ], [ 121.014892, 24.8671787 ], [ 121.0154485, 24.8678778 ] ] ] } },
{ "type": "Feature", "properties": { "element": "way", "id": 937034876, "name": "台灣精星科技", "landuse": "industrial" }, "geometry": { "type": "Polygon", "coordinates": [ [ [ 121.016532, 24.8673356 ], [ 121.0167913, 24.8677585 ], [ 121.0158266, 24.8682878 ], [ 121.0154485, 24.8678778 ], [ 121.016532, 24.8673356 ] ] ] } },
{ "type": "Feature", "properties": { "element": "way", "id": 937034877, "name": "鴻發精密", "landuse": "industrial" }, "geometry": { "type": "Polygon", "coordinates": [ [ [ 121.0167913, 24.8677585 ], [ 121.0170971, 24.8682599 ], [ 121.0162787, 24.8687118 ], [ 121.0158266, 24.8682878 ], [ 121.0167913, 24.8677585 ] ] ] } },
{ "type": "Feature", "properties": { "element": "way", "id": 937034878, "name": "朝陽電裝", "landuse": "industrial" }, "geometry": { "type": "Polygon", "coordinates": [ [ [ 121.0170971, 24.8682599 ], [ 121.0173571, 24.8686461 ], [ 121.0166657, 24.869039 ], [ 121.0162787, 24.8687118 ], [ 121.0170971, 24.8682599 ] ] ] } },
{ "type": "Feature", "properties": { "element": "way", "id": 937034879, "name": "味島食品", "landuse": "industrial" }, "geometry": { "type": "Polygon", "coordinates": [ [ [ 121.0173571, 24.8686461 ], [ 121.0176351, 24.8690788 ], [ 121.0170457, 24.8694089 ], [ 121.0166657, 24.869039 ], [ 121.0173571, 24.8686461 ] ] ] } },
{ "type": "Feature", "properties": { "element": "way", "id": 937034880, "name": "復盛精密 湖口廠", "landuse": "industrial" }, "geometry": { "type": "Polygon", "coordinates": [ [ [ 121.0176351, 24.8690788 ], [ 121.0181734, 24.8699394 ], [ 121.0178541, 24.8701575 ], [ 121.0170457, 24.8694089 ], [ 121.0176351, 24.8690788 ] ] ] } },
{ "type": "Feature", "properties": { "element": "way", "id": 937034881, "name": "豪門彩色印刷事業 （二廠）", "landuse": "industrial" }, "geometry": { "type": "Polygon", "coordinates": [ [ [ 121.0181734, 24.8699394 ], [ 121.0183988, 24.870302 ], [ 121.0181816, 24.8704509 ], [ 121.0178541, 24.8701575 ], [ 121.0181734, 24.8699394 ] ] ] } },
{ "type": "Feature", "properties": { "element": "way", "id": 937034882, "name": "華立捷科技", "landuse": "industrial" }, "geometry": { "type": "Polygon", "coordinates": [ [ [ 121.0221485, 24.8654963 ], [ 121.0225104, 24.8653007 ], [ 121.0228021, 24.8657089 ], [ 121.0223814, 24.8659104 ], [ 121.0221485, 24.8654963 ] ] ] } },
{ "type": "Feature", "properties": { "element": "way", "id": 937034883, "name": "雅信鑄造", "landuse": "industrial" }, "geometry": { "type": "Polygon", "coordinates": [ [ [ 121.0221485, 24.8654963 ], [ 121.0220919, 24.8653956 ], [ 121.0219463, 24.865161 ], [ 121.0223213, 24.8649824 ], [ 121.0225104, 24.8653007 ], [ 121.0221485, 24.8654963 ] ] ] } },
{ "type": "Feature", "properties": { "element": "way", "id": 937034884, "name": null, "landuse": "industrial" }, "geometry": { "type": "Polygon", "coordinates": [ [ [ 121.0219463, 24.865161 ], [ 121.0218006, 24.8649262 ], [ 121.0221622, 24.8647365 ], [ 121.0223213, 24.8649824 ], [ 121.0219463, 24.865161 ] ] ] } },
{ "type": "Feature", "properties": { "element": "way", "id": 937034885, "name": "後大實業", "landuse": "industrial" }, "geometry": { "type": "Polygon", "coordinates": [ [ [ 121.0218006, 24.8649262 ], [ 121.0216609, 24.8647011 ], [ 121.0220041, 24.8645173 ], [ 121.0221622, 24.8647365 ], [ 121.0218006, 24.8649262 ] ] ] } },
{ "type": "Feature", "properties": { "element": "way", "id": 937034886, "name": "崧智科技", "landuse": "industrial" }, "geometry": { "type": "Polygon", "coordinates": [ [ [ 121.0216609, 24.8647011 ], [ 121.0214743, 24.8643874 ], [ 121.0218181, 24.8642212 ], [ 121.0220041, 24.8645173 ], [ 121.0216609, 24.8647011 ] ] ] } },
{ "type": "Feature", "properties": { "element": "way", "id": 937034887, "name": "原廣科技", "landuse": "industrial" }, "geometry": { "type": "Polygon", "coordinates": [ [ [ 121.0213497, 24.8641852 ], [ 121.0217256, 24.8640049 ], [ 121.0216356, 24.8638393 ], [ 121.0212525, 24.8640312 ], [ 121.0213497, 24.8641852 ] ] ] } },
{ "type": "Feature", "properties": { "element": "way", "id": 937034888, "name": "聚昌科技", "landuse": "industrial" }, "geometry": { "type": "Polygon", "coordinates": [ [ [ 121.0216356, 24.8638393 ], [ 121.021508, 24.8636385 ], [ 121.0211267, 24.8638319 ], [ 121.0212525, 24.8640312 ], [ 121.0216356, 24.8638393 ] ] ] } },
{ "type": "Feature", "properties": { "element": "way", "id": 937034889, "name": "友琍國際", "landuse": "industrial" }, "geometry": { "type": "Polygon", "coordinates": [ [ [ 121.021508, 24.8636385 ], [ 121.0213692, 24.8634247 ], [ 121.0210026, 24.8636353 ], [ 121.0211267, 24.8638319 ], [ 121.021508, 24.8636385 ] ] ] } },
{ "type": "Feature", "properties": { "element": "way", "id": 937034890, "name": "精密聚合", "landuse": "industrial" }, "geometry": { "type": "Polygon", "coordinates": [ [ [ 121.0210026, 24.8636353 ], [ 121.0208252, 24.8633543 ], [ 121.0212149, 24.8631479 ], [ 121.0213692, 24.8634247 ], [ 121.0210026, 24.8636353 ] ] ] } },
{ "type": "Feature", "properties": { "element": "way", "id": 937034891, "name": "凱益", "landuse": "industrial" }, "geometry": { "type": "Polygon", "coordinates": [ [ [ 121.0208252, 24.8633543 ], [ 121.0206681, 24.8631054 ], [ 121.0210545, 24.8628992 ], [ 121.0212149, 24.8631479 ], [ 121.0208252, 24.8633543 ] ] ] } },
{ "type": "Feature", "properties": { "element": "way", "id": 937034892, "name": "寶坤化學工業", "landuse": "industrial" }, "geometry": { "type": "Polygon", "coordinates": [ [ [ 121.0206681, 24.8631054 ], [ 121.0205365, 24.8628969 ], [ 121.0209305, 24.8626747 ], [ 121.0210545, 24.8628992 ], [ 121.0206681, 24.8631054 ] ] ] } },
{ "type": "Feature", "properties": { "element": "way", "id": 937034893, "name": "德謙企業", "landuse": "industrial" }, "geometry": { "type": "Polygon", "coordinates": [ [ [ 121.0205365, 24.8628969 ], [ 121.0202128, 24.8623988 ], [ 121.0206397, 24.86219 ], [ 121.0209305, 24.8626747 ], [ 121.0205365, 24.8628969 ] ] ] } },
{ "type": "Feature", "properties": { "element": "way", "id": 937034894, "name": null, "landuse": "industrial" }, "geometry": { "type": "Polygon", "coordinates": [ [ [ 121.0202128, 24.8623988 ], [ 121.0201287, 24.8622742 ], [ 121.019907, 24.8619143 ], [ 121.0203416, 24.8617171 ], [ 121.0206397, 24.86219 ], [ 121.0202128, 24.8623988 ] ] ] } },
{ "type": "Feature", "properties": { "element": "way", "id": 937034895, "name": "王子製藥 新竹廠", "landuse": "industrial" }, "geometry": { "type": "Polygon", "coordinates": [ [ [ 121.019907, 24.8619143 ], [ 121.0197743, 24.8616989 ], [ 121.0201728, 24.8614875 ], [ 121.0203416, 24.8617171 ], [ 121.019907, 24.8619143 ] ] ] } },
{ "type": "Feature", "properties": { "element": "way", "id": 937034896, "name": "誠遠科技", "landuse": "industrial" }, "geometry": { "type": "Polygon", "coordinates": [ [ [ 121.0197743, 24.8616989 ], [ 121.0196372, 24.8614764 ], [ 121.0200413, 24.8612548 ], [ 121.0201728, 24.8614875 ], [ 121.0197743, 24.8616989 ] ] ] } },
{ "type": "Feature", "properties": { "element": "way", "id": 937034897, "name": "瑞士遠東", "landuse": "industrial" }, "geometry": { "type": "Polygon", "coordinates": [ [ [ 121.0196372, 24.8614764 ], [ 121.019356, 24.8610199 ], [ 121.0197619, 24.860824 ], [ 121.0200413, 24.8612548 ], [ 121.0196372, 24.8614764 ] ] ] } },
{ "type": "Feature", "properties": { "element": "way", "id": 937034898, "name": "誼虹科技", "landuse": "industrial" }, "geometry": { "type": "Polygon", "coordinates": [ [ [ 121.0191923, 24.8608439 ], [ 121.0189955, 24.8605143 ], [ 121.0194338, 24.8603212 ], [ 121.0196394, 24.8606246 ], [ 121.0191923, 24.8608439 ] ] ] } },
{ "type": "Feature", "properties": { "element": "way", "id": 937034899, "name": "聯怡耐火陶瓷", "landuse": "industrial" }, "geometry": { "type": "Polygon", "coordinates": [ [ [ 121.0189955, 24.8605143 ], [ 121.0188159, 24.8602054 ], [ 121.0192362, 24.8599933 ], [ 121.0194338, 24.8603212 ], [ 121.0189955, 24.8605143 ] ] ] } },
{ "type": "Feature", "properties": { "element": "way", "id": 937034900, "name": "晶禾光電", "landuse": "industrial" }, "geometry": { "type": "Polygon", "coordinates": [ [ [ 121.0188159, 24.8602054 ], [ 121.0186611, 24.8599392 ], [ 121.0190524, 24.8597396 ], [ 121.0192362, 24.8599933 ], [ 121.0188159, 24.8602054 ] ] ] } },
{ "type": "Feature", "properties": { "element": "way", "id": 937034901, "name": "城東玻璃", "landuse": "industrial" }, "geometry": { "type": "Polygon", "coordinates": [ [ [ 121.0186611, 24.8599392 ], [ 121.0184782, 24.8596246 ], [ 121.0188643, 24.8594142 ], [ 121.0190524, 24.8597396 ], [ 121.0186611, 24.8599392 ] ] ] } },
{ "type": "Feature", "properties": { "element": "way", "id": 937034902, "name": "銀荷光電", "landuse": "industrial" }, "geometry": { "type": "Polygon", "coordinates": [ [ [ 121.0184782, 24.8596246 ], [ 121.0180441, 24.858878 ], [ 121.0184169, 24.8586909 ], [ 121.0188643, 24.8594142 ], [ 121.0184782, 24.8596246 ] ] ] } },
{ "type": "Feature", "properties": { "element": "way", "id": 937034903, "name": "錸鑫精密", "landuse": "industrial" }, "geometry": { "type": "Polygon", "coordinates": [ [ [ 121.0184169, 24.8586909 ], [ 121.0182787, 24.8584797 ], [ 121.0179162, 24.8586829 ], [ 121.0180441, 24.858878 ], [ 121.0184169, 24.8586909 ] ] ] } },
{ "type": "Feature", "properties": { "element": "way", "id": 937034904, "name": "國靖金屬", "landuse": "industrial" }, "geometry": { "type": "Polygon", "coordinates": [ [ [ 121.0182787, 24.8584797 ], [ 121.0180795, 24.8581271 ], [ 121.0177125, 24.8583724 ], [ 121.0179162, 24.8586829 ], [ 121.0182787, 24.8584797 ] ] ] } },
{ "type": "Feature", "properties": { "element": "way", "id": 937034905, "name": "創技工業", "landuse": "industrial" }, "geometry": { "type": "Polygon", "coordinates": [ [ [ 121.0177125, 24.8583724 ], [ 121.0175055, 24.8580567 ], [ 121.0178804, 24.8578461 ], [ 121.0180795, 24.8581271 ], [ 121.0177125, 24.8583724 ] ] ] } },
{ "type": "Feature", "properties": { "element": "way", "id": 937034906, "name": "瑞耘科技", "landuse": "industrial" }, "geometry": { "type": "Polygon", "coordinates": [ [ [ 121.0175055, 24.8580567 ], [ 121.0172186, 24.8576192 ], [ 121.0175302, 24.8572914 ], [ 121.0178804, 24.8578461 ], [ 121.0175055, 24.8580567 ] ] ] } },
{ "type": "Feature", "properties": { "element": "way", "id": 937034907, "name": "創技工業 二廠", "landuse": "industrial" }, "geometry": { "type": "Polygon", "coordinates": [ [ [ 121.0177342, 24.8571489 ], [ 121.0181779, 24.8567001 ], [ 121.0186444, 24.8570667 ], [ 121.0179217, 24.8574649 ], [ 121.0177342, 24.8571489 ] ] ] } },
{ "type": "Feature", "properties": { "element": "way", "id": 937034908, "name": "為同科技", "landuse": "industrial" }, "geometry": { "type": "Polygon", "coordinates": [ [ [ 121.0179217, 24.8574649 ], [ 121.0181674, 24.8578512 ], [ 121.018744, 24.8575217 ], [ 121.0186444, 24.8570667 ], [ 121.0179217, 24.8574649 ] ] ] } },
{ "type": "Feature", "properties": { "element": "way", "id": 937034909, "name": "德揚科技", "landuse": "industrial" }, "geometry": { "type": "Polygon", "coordinates": [ [ [ 121.0181674, 24.8578512 ], [ 121.0183567, 24.8581478 ], [ 121.0188084, 24.8579285 ], [ 121.018744, 24.8575217 ], [ 121.0181674, 24.8578512 ] ] ] } },
{ "type": "Feature", "properties": { "element": "way", "id": 937034910, "name": "台灣耶馬都惠須龍", "landuse": "industrial" }, "geometry": { "type": "Polygon", "coordinates": [ [ [ 121.0183567, 24.8581478 ], [ 121.018516, 24.8583936 ], [ 121.0188733, 24.8582034 ], [ 121.0188084, 24.8579285 ], [ 121.0183567, 24.8581478 ] ] ] } },
{ "type": "Feature", "properties": { "element": "way", "id": 937034911, "name": "創圓科技", "landuse": "industrial" }, "geometry": { "type": "Polygon", "coordinates": [ [ [ 121.018516, 24.8583936 ], [ 121.0186583, 24.8586056 ], [ 121.01894, 24.858451 ], [ 121.0188733, 24.8582034 ], [ 121.018516, 24.8583936 ] ] ] } },
{ "type": "Feature", "properties": { "element": "way", "id": 937034912, "name": "奈晶科技", "landuse": "industrial" }, "geometry": { "type": "Polygon", "coordinates": [ [ [ 121.0186583, 24.8586056 ], [ 121.0188113, 24.8588382 ], [ 121.0190851, 24.8587004 ], [ 121.01894, 24.858451 ], [ 121.0186583, 24.8586056 ] ] ] } },
{ "type": "Feature", "properties": { "element": "way", "id": 937034913, "name": "翔泓科技", "landuse": "industrial" }, "geometry": { "type": "Polygon", "coordinates": [ [ [ 121.0188113, 24.8588382 ], [ 121.0189395, 24.8590288 ], [ 121.0192037, 24.8588699 ], [ 121.0190851, 24.8587004 ], [ 121.0188113, 24.8588382 ] ] ] } },
{ "type": "Feature", "properties": { "element": "way", "id": 937034914, "name": "弘潔科技", "landuse": "industrial" }, "geometry": { "type": "Polygon", "coordinates": [ [ [ 121.0189395, 24.8590288 ], [ 121.0198889, 24.8605753 ], [ 121.020436, 24.8605227 ], [ 121.0192037, 24.8588699 ], [ 121.0189395, 24.8590288 ] ] ] } },
{ "type": "Feature", "properties": { "element": "way", "id": 937034915, "name": "帆宣系統科技", "landuse": "industrial" }, "geometry": { "type": "Polygon", "coordinates": [ [ [ 121.020248, 24.8611466 ], [ 121.01998, 24.8607207 ], [ 121.0205107, 24.8606446 ], [ 121.0208769, 24.8607983 ], [ 121.020248, 24.8611466 ] ] ] } },
{ "type": "Feature", "properties": { "element": "way", "id": 937034916, "name": "展宇科技材料 第三廠", "landuse": "industrial" }, "geometry": { "type": "Polygon", "coordinates": [ [ [ 121.0215751, 24.8612708 ], [ 121.0215139, 24.8612625 ], [ 121.0213966, 24.8610369 ], [ 121.0212781, 24.8608904 ], [ 121.0227498, 24.8614725 ], [ 121.0221316, 24.8617929 ], [ 121.0218435, 24.8613943 ], [ 121.0215751, 24.8612708 ] ] ] } },
{ "type": "Feature", "properties": { "element": "way", "id": 937034917, "name": "帆宣系統科技", "landuse": "industrial" }, "geometry": { "type": "Polygon", "coordinates": [ [ [ 121.0205833, 24.8616957 ], [ 121.0214089, 24.8612772 ], [ 121.0215139, 24.8612625 ], [ 121.0213966, 24.8610369 ], [ 121.0204731, 24.8615235 ], [ 121.0205833, 24.8616957 ] ] ] } },
{ "type": "Feature", "properties": { "element": "way", "id": 937034918, "name": "和淞科技", "landuse": "industrial" }, "geometry": { "type": "Polygon", "coordinates": [ [ [ 121.020248, 24.8611466 ], [ 121.0204731, 24.8615235 ], [ 121.0213966, 24.8610369 ], [ 121.0212781, 24.8608904 ], [ 121.0208769, 24.8607983 ], [ 121.020248, 24.8611466 ] ] ] } },
{ "type": "Feature", "properties": { "element": "way", "id": 937034919, "name": "榮創能源科技", "landuse": "industrial" }, "geometry": { "type": "Polygon", "coordinates": [ [ [ 121.0221316, 24.8617929 ], [ 121.0222956, 24.8620451 ], [ 121.0230791, 24.8616168 ], [ 121.0227498, 24.8614725 ], [ 121.0221316, 24.8617929 ] ] ] } },
{ "type": "Feature", "properties": { "element": "way", "id": 937034920, "name": "瑞士遠東", "landuse": "industrial" }, "geometry": { "type": "Polygon", "coordinates": [ [ [ 121.0222956, 24.8620451 ], [ 121.0224329, 24.8622742 ], [ 121.0233887, 24.861776 ], [ 121.0230791, 24.8616168 ], [ 121.0222956, 24.8620451 ] ] ] } },
{ "type": "Feature", "properties": { "element": "way", "id": 937034921, "name": "大宇鋼鐵", "landuse": "industrial" }, "geometry": { "type": "Polygon", "coordinates": [ [ [ 121.0224329, 24.8622742 ], [ 121.0230984, 24.8633012 ], [ 121.0241858, 24.8627673 ], [ 121.0238694, 24.8625601 ], [ 121.0233887, 24.861776 ], [ 121.0224329, 24.8622742 ] ] ] } },
{ "type": "Feature", "properties": { "element": "way", "id": 937034922, "name": "中發工業", "landuse": "industrial" }, "geometry": { "type": "Polygon", "coordinates": [ [ [ 121.0237023, 24.8642857 ], [ 121.0231888, 24.8635053 ], [ 121.024411, 24.8629251 ], [ 121.0248783, 24.8632065 ], [ 121.0249796, 24.8636513 ], [ 121.0237023, 24.8642857 ] ] ] } },
{ "type": "Feature", "properties": { "element": "way", "id": 937034923, "name": "矽格", "landuse": "industrial" }, "geometry": { "type": "Polygon", "coordinates": [ [ [ 121.0237023, 24.8642857 ], [ 121.0241816, 24.8649815 ], [ 121.0252439, 24.8643822 ], [ 121.0249796, 24.8636513 ], [ 121.0237023, 24.8642857 ] ] ] } },
{ "type": "Feature", "properties": { "element": "way", "id": 937034924, "name": "台灣信越矽利光", "landuse": "industrial" }, "geometry": { "type": "Polygon", "coordinates": [ [ [ 121.0206992, 24.861879 ], [ 121.0211499, 24.861631 ], [ 121.021425, 24.8620818 ], [ 121.0217153, 24.8625576 ], [ 121.0218411, 24.8627638 ], [ 121.0214083, 24.8629987 ], [ 121.0206992, 24.861879 ] ] ] } },
{ "type": "Feature", "properties": { "element": "way", "id": 937034925, "name": "上品保利龍", "landuse": "industrial" }, "geometry": { "type": "Polygon", "coordinates": [ [ [ 121.0218411, 24.8627638 ], [ 121.0220052, 24.8630464 ], [ 121.0222816, 24.8635223 ], [ 121.0218778, 24.8637202 ], [ 121.0214083, 24.8629987 ], [ 121.0218411, 24.8627638 ] ] ] } },
{ "type": "Feature", "properties": { "element": "way", "id": 937034926, "name": "竹大機電", "landuse": "industrial" }, "geometry": { "type": "Polygon", "coordinates": [ [ [ 121.0218778, 24.8637202 ], [ 121.021982, 24.8638953 ], [ 121.0223859, 24.8636974 ], [ 121.0222816, 24.8635223 ], [ 121.0218778, 24.8637202 ] ] ] } },
{ "type": "Feature", "properties": { "element": "way", "id": 937034927, "name": "易生堂", "landuse": "industrial" }, "geometry": { "type": "Polygon", "coordinates": [ [ [ 121.0211499, 24.861631 ], [ 121.0215301, 24.8614284 ], [ 121.021614, 24.8614451 ], [ 121.0217143, 24.8615142 ], [ 121.0219093, 24.8618222 ], [ 121.021425, 24.8620818 ], [ 121.0211499, 24.861631 ] ] ] } },
{ "type": "Feature", "properties": { "element": "way", "id": 937034928, "name": "台灣信越矽利光", "landuse": "industrial" }, "geometry": { "type": "Polygon", "coordinates": [ [ [ 121.021425, 24.8620818 ], [ 121.0217153, 24.8625576 ], [ 121.0222112, 24.862326 ], [ 121.0219093, 24.8618222 ], [ 121.021425, 24.8620818 ] ] ] } },
{ "type": "Feature", "properties": { "element": "way", "id": 937034929, "name": "瑞林電機", "landuse": "industrial" }, "geometry": { "type": "Polygon", "coordinates": [ [ [ 121.0217153, 24.8625576 ], [ 121.0218411, 24.8627638 ], [ 121.0223412, 24.8625384 ], [ 121.0222112, 24.862326 ], [ 121.0217153, 24.8625576 ] ] ] } },
{ "type": "Feature", "properties": { "element": "way", "id": 937034930, "name": "榮璋工業", "landuse": "industrial" }, "geometry": { "type": "Polygon", "coordinates": [ [ [ 121.0218411, 24.8627638 ], [ 121.0220052, 24.8630464 ], [ 121.0224946, 24.8627905 ], [ 121.0223412, 24.8625384 ], [ 121.0218411, 24.8627638 ] ] ] } },
{ "type": "Feature", "properties": { "element": "way", "id": 937034931, "name": null, "landuse": "industrial" }, "geometry": { "type": "Polygon", "coordinates": [ [ [ 121.0220052, 24.8630464 ], [ 121.0222816, 24.8635223 ], [ 121.0227803, 24.8632558 ], [ 121.0224946, 24.8627905 ], [ 121.0220052, 24.8630464 ] ] ] } },
{ "type": "Feature", "properties": { "element": "way", "id": 937034932, "name": "寬度科技", "landuse": "industrial" }, "geometry": { "type": "Polygon", "coordinates": [ [ [ 121.0222816, 24.8635223 ], [ 121.0223859, 24.8636974 ], [ 121.0228938, 24.8634336 ], [ 121.0227803, 24.8632558 ], [ 121.0222816, 24.8635223 ] ] ] } },
{ "type": "Feature", "properties": { "element": "way", "id": 937034933, "name": "聯華氣體工業", "landuse": "industrial" }, "geometry": { "type": "Polygon", "coordinates": [ [ [ 121.0220949, 24.8640838 ], [ 121.0225853, 24.8648493 ], [ 121.0230065, 24.8646203 ], [ 121.0228536, 24.8643686 ], [ 121.0227103, 24.8641329 ], [ 121.0225307, 24.8638374 ], [ 121.0220949, 24.8640838 ] ] ] } },
{ "type": "Feature", "properties": { "element": "way", "id": 937034934, "name": "亞富科技", "landuse": "industrial" }, "geometry": { "type": "Polygon", "coordinates": [ [ [ 121.0225853, 24.8648493 ], [ 121.0227505, 24.8651175 ], [ 121.0231765, 24.8649015 ], [ 121.0230065, 24.8646203 ], [ 121.0225853, 24.8648493 ] ] ] } },
{ "type": "Feature", "properties": { "element": "way", "id": 937034935, "name": "配水池", "landuse": "industrial" }, "geometry": { "type": "Polygon", "coordinates": [ [ [ 121.0227505, 24.8651175 ], [ 121.0230496, 24.8655706 ], [ 121.0234701, 24.8653549 ], [ 121.0233061, 24.8651017 ], [ 121.0231765, 24.8649015 ], [ 121.0227505, 24.8651175 ] ] ] } },
{ "type": "Feature", "properties": { "element": "way", "id": 937034936, "name": "長瀛", "landuse": "industrial" }, "geometry": { "type": "Polygon", "coordinates": [ [ [ 121.0225307, 24.8638374 ], [ 121.0229934, 24.863615 ], [ 121.0231745, 24.8638941 ], [ 121.0227103, 24.8641329 ], [ 121.0225307, 24.8638374 ] ] ] } },
{ "type": "Feature", "properties": { "element": "way", "id": 937034937, "name": "禾邑", "landuse": "industrial" }, "geometry": { "type": "Polygon", "coordinates": [ [ [ 121.0227103, 24.8641329 ], [ 121.0228536, 24.8643686 ], [ 121.0233199, 24.8641556 ], [ 121.0231745, 24.8638941 ], [ 121.0227103, 24.8641329 ] ] ] } },
{ "type": "Feature", "properties": { "element": "way", "id": 937034938, "name": "遠志工業", "landuse": "industrial" }, "geometry": { "type": "Polygon", "coordinates": [ [ [ 121.0228536, 24.8643686 ], [ 121.0230065, 24.8646203 ], [ 121.0234588, 24.8643652 ], [ 121.0233199, 24.8641556 ], [ 121.0228536, 24.8643686 ] ] ] } },
{ "type": "Feature", "properties": { "element": "way", "id": 937034939, "name": "昌昱科技", "landuse": "industrial" }, "geometry": { "type": "Polygon", "coordinates": [ [ [ 121.0230065, 24.8646203 ], [ 121.0231765, 24.8649015 ], [ 121.0236316, 24.8646332 ], [ 121.0234588, 24.8643652 ], [ 121.0230065, 24.8646203 ] ] ] } },
{ "type": "Feature", "properties": { "element": "way", "id": 937034940, "name": "一興化學工業", "landuse": "industrial" }, "geometry": { "type": "Polygon", "coordinates": [ [ [ 121.0231765, 24.8649015 ], [ 121.0233061, 24.8651017 ], [ 121.0237574, 24.8648508 ], [ 121.0236316, 24.8646332 ], [ 121.0231765, 24.8649015 ] ] ] } },
{ "type": "Feature", "properties": { "element": "way", "id": 937034941, "name": "祥德科技", "landuse": "industrial" }, "geometry": { "type": "Polygon", "coordinates": [ [ [ 121.0233061, 24.8651017 ], [ 121.0234701, 24.8653549 ], [ 121.0239396, 24.8651145 ], [ 121.0237574, 24.8648508 ], [ 121.0233061, 24.8651017 ] ] ] } },
{ "type": "Feature", "properties": { "element": "way", "id": 937034942, "name": "台灣資生堂 新竹工廠", "landuse": "industrial" }, "geometry": { "type": "Polygon", "coordinates": [ [ [ 121.0183265, 24.8705305 ], [ 121.0201454, 24.8695509 ], [ 121.0210374, 24.871012 ], [ 121.0198618, 24.8716045 ], [ 121.0183265, 24.8705305 ] ] ] } },
{ "type": "Feature", "properties": { "element": "way", "id": 937034943, "name": "錸德科技", "landuse": "industrial" }, "geometry": { "type": "Polygon", "coordinates": [ [ [ 121.0198618, 24.8716045 ], [ 121.0210374, 24.871012 ], [ 121.0213838, 24.8716625 ], [ 121.0217459, 24.8720749 ], [ 121.0221932, 24.8724238 ], [ 121.022694, 24.8726178 ], [ 121.0244668, 24.8730608 ], [ 121.024249, 24.8738469 ], [ 121.0237803, 24.8736916 ], [ 121.0227045, 24.8733461 ], [ 121.0204457, 24.8720271 ], [ 121.0198618, 24.8716045 ] ] ] } },
{ "type": "Feature", "properties": { "element": "way", "id": 937034944, "name": "權亞石材", "landuse": "industrial" }, "geometry": { "type": "Polygon", "coordinates": [ [ [ 121.024249, 24.8738469 ], [ 121.0250624, 24.8741001 ], [ 121.025496, 24.8733169 ], [ 121.0244668, 24.8730608 ], [ 121.024249, 24.8738469 ] ] ] } },
{ "type": "Feature", "properties": { "element": "way", "id": 937034945, "name": null, "landuse": "industrial" }, "geometry": { "type": "Polygon", "coordinates": [ [ [ 121.0248417, 24.8729323 ], [ 121.0250034, 24.8723402 ], [ 121.0257001, 24.8725076 ], [ 121.0255087, 24.8731108 ], [ 121.0248417, 24.8729323 ] ] ] } },
{ "type": "Feature", "properties": { "element": "way", "id": 937034946, "name": "權亞石材", "landuse": "industrial" }, "geometry": { "type": "Polygon", "coordinates": [ [ [ 121.0248417, 24.8729323 ], [ 121.0236227, 24.8726201 ], [ 121.0237997, 24.8719953 ], [ 121.0240274, 24.8720993 ], [ 121.0250034, 24.8723402 ], [ 121.0248417, 24.8729323 ] ] ] } },
{ "type": "Feature", "properties": { "element": "way", "id": 937034947, "name": "欣興電子 光復廠", "landuse": "industrial" }, "geometry": { "type": "Polygon", "coordinates": [ [ [ 121.0223772, 24.8722454 ], [ 121.0219141, 24.8718937 ], [ 121.021645, 24.8715105 ], [ 121.0215069, 24.8712869 ], [ 121.0225077, 24.8707604 ], [ 121.0227948, 24.8712052 ], [ 121.0230845, 24.8715268 ], [ 121.0223772, 24.8722454 ] ] ] } },
{ "type": "Feature", "properties": { "element": "way", "id": 937034948, "name": "台灣麥德美", "landuse": "industrial" }, "geometry": { "type": "Polygon", "coordinates": [ [ [ 121.0215069, 24.8712869 ], [ 121.0212218, 24.8708217 ], [ 121.0222001, 24.8703352 ], [ 121.0225077, 24.8707604 ], [ 121.0215069, 24.8712869 ] ] ] } },
{ "type": "Feature", "properties": { "element": "way", "id": 937034949, "name": "中國電器", "landuse": "industrial" }, "geometry": { "type": "Polygon", "coordinates": [ [ [ 121.0212218, 24.8708217 ], [ 121.0203612, 24.8694629 ], [ 121.0213754, 24.8689199 ], [ 121.0222001, 24.8703352 ], [ 121.0212218, 24.8708217 ] ] ] } },
{ "type": "Feature", "properties": { "element": "way", "id": 937034950, "name": "立達鋼鐵", "landuse": "industrial" }, "geometry": { "type": "Polygon", "coordinates": [ [ [ 121.0215443, 24.868853 ], [ 121.0224295, 24.8703462 ], [ 121.0237203, 24.8697275 ], [ 121.0234681, 24.869583 ], [ 121.0230431, 24.8691283 ], [ 121.0225233, 24.8683514 ], [ 121.0215443, 24.868853 ] ] ] } },
{ "type": "Feature", "properties": { "element": "way", "id": 937034951, "name": "健喬信元醫藥生技 健喬廠", "landuse": "industrial" }, "geometry": { "type": "Polygon", "coordinates": [ [ [ 121.0253303, 24.870227 ], [ 121.0262695, 24.8704758 ], [ 121.0257367, 24.8723353 ], [ 121.0247952, 24.8721141 ], [ 121.0253303, 24.870227 ] ] ] } },
{ "type": "Feature", "properties": { "element": "way", "id": 937034952, "name": "國碩科技工業", "landuse": "industrial" }, "geometry": { "type": "Polygon", "coordinates": [ [ [ 121.0259767, 24.8723835 ], [ 121.0262229, 24.8714735 ], [ 121.0270479, 24.8716747 ], [ 121.0268003, 24.8725727 ], [ 121.0259767, 24.8723835 ] ] ] } },
{ "type": "Feature", "properties": { "element": "way", "id": 937034953, "name": "台灣唯綠包裝", "landuse": "industrial" }, "geometry": { "type": "Polygon", "coordinates": [ [ [ 121.0262229, 24.8714735 ], [ 121.0264775, 24.8705416 ], [ 121.0273043, 24.8707201 ], [ 121.0270479, 24.8716747 ], [ 121.0262229, 24.8714735 ] ] ] } },
{ "type": "Feature", "properties": { "element": "way", "id": 937034954, "name": "台惟工業", "landuse": "industrial" }, "geometry": { "type": "Polygon", "coordinates": [ [ [ 121.0282619, 24.8709193 ], [ 121.0273043, 24.8707201 ], [ 121.0270479, 24.8716747 ], [ 121.0268003, 24.8725727 ], [ 121.0277188, 24.8727894 ], [ 121.0282619, 24.8709193 ] ] ] } },
{ "type": "Feature", "properties": { "element": "way", "id": 937034955, "name": "優良化學製藥", "landuse": "industrial" }, "geometry": { "type": "Polygon", "coordinates": [ [ [ 121.0293737, 24.8711931 ], [ 121.0305053, 24.8715208 ], [ 121.0299081, 24.8733369 ], [ 121.028844, 24.8730571 ], [ 121.0293737, 24.8711931 ] ] ] } },
{ "type": "Feature", "properties": { "element": "way", "id": 937034956, "name": "台灣富士電子材料", "landuse": "industrial" }, "geometry": { "type": "Polygon", "coordinates": [ [ [ 121.0258866, 24.8734111 ], [ 121.0256706, 24.8742481 ], [ 121.0252396, 24.8741404 ], [ 121.0256178, 24.873345 ], [ 121.0258866, 24.8734111 ] ] ] } },
{ "type": "Feature", "properties": { "element": "way", "id": 937034957, "name": "台灣日美", "landuse": "industrial" }, "geometry": { "type": "Polygon", "coordinates": [ [ [ 121.0258866, 24.8734111 ], [ 121.0262281, 24.8734934 ], [ 121.0259816, 24.8743204 ], [ 121.0256706, 24.8742481 ], [ 121.0258866, 24.8734111 ] ] ] } },
{ "type": "Feature", "properties": { "element": "way", "id": 937034958, "name": "台灣貝克休斯", "landuse": "industrial" }, "geometry": { "type": "Polygon", "coordinates": [ [ [ 121.0262281, 24.8734934 ], [ 121.0266834, 24.8735815 ], [ 121.0264622, 24.8744162 ], [ 121.0259816, 24.8743204 ], [ 121.0262281, 24.8734934 ] ] ] } },
{ "type": "Feature", "properties": { "element": "way", "id": 937034959, "name": "旭德科技", "landuse": "industrial" }, "geometry": { "type": "Polygon", "coordinates": [ [ [ 121.0264622, 24.8744162 ], [ 121.0269648, 24.874501 ], [ 121.0272281, 24.8737073 ], [ 121.0266834, 24.8735815 ], [ 121.0264622, 24.8744162 ] ] ] } },
{ "type": "Feature", "properties": { "element": "way", "id": 937034960, "name": "展宇科技材料", "landuse": "industrial" }, "geometry": { "type": "Polygon", "coordinates": [ [ [ 121.0285599, 24.8747904 ], [ 121.0287262, 24.8740954 ], [ 121.0295366, 24.8742984 ], [ 121.0293295, 24.874947 ], [ 121.0285599, 24.8747904 ] ] ] } },
{ "type": "Feature", "properties": { "element": "way", "id": 937034961, "name": "健亞生物科技", "landuse": "industrial" }, "geometry": { "type": "Polygon", "coordinates": [ [ [ 121.0257425, 24.8731716 ], [ 121.025908, 24.8725821 ], [ 121.0274717, 24.8729354 ], [ 121.0273111, 24.8735422 ], [ 121.0257425, 24.8731716 ] ] ] } },
{ "type": "Feature", "properties": { "element": "way", "id": 937034962, "name": "聯亞生技開發", "landuse": "industrial" }, "geometry": { "type": "Polygon", "coordinates": [ [ [ 121.0273111, 24.8735422 ], [ 121.029615, 24.8740771 ], [ 121.0298488, 24.8734626 ], [ 121.0274717, 24.8729354 ], [ 121.0273111, 24.8735422 ] ] ] } },
{ "type": "Feature", "properties": { "element": "way", "id": 937034963, "name": "艾克爾先進科技", "landuse": "industrial" }, "geometry": { "type": "Polygon", "coordinates": [ [ [ 121.030301, 24.8742236 ], [ 121.0304739, 24.8736108 ], [ 121.0310758, 24.8737668 ], [ 121.0309107, 24.874377 ], [ 121.030301, 24.8742236 ] ] ] } },
{ "type": "Feature", "properties": { "element": "way", "id": 937034964, "name": "台灣田中貴金屬工業", "landuse": "industrial" }, "geometry": { "type": "Polygon", "coordinates": [ [ [ 121.0310758, 24.8737668 ], [ 121.0316282, 24.8738939 ], [ 121.0314376, 24.8744839 ], [ 121.0309107, 24.874377 ], [ 121.0310758, 24.8737668 ] ] ] } },
{ "type": "Feature", "properties": { "element": "way", "id": 937034965, "name": "台灣三菱電梯", "landuse": "industrial" }, "geometry": { "type": "Polygon", "coordinates": [ [ [ 121.0318892, 24.8737106 ], [ 121.0333234, 24.8739142 ], [ 121.0335978, 24.8721384 ], [ 121.0324013, 24.8719049 ], [ 121.0318892, 24.8737106 ] ] ] } },
{ "type": "Feature", "properties": { "element": "way", "id": 937034966, "name": "達運精密工業", "landuse": "industrial" }, "geometry": { "type": "Polygon", "coordinates": [ [ [ 121.0316783, 24.8745517 ], [ 121.0318461, 24.8739419 ], [ 121.0328489, 24.8740542 ], [ 121.0327227, 24.8746813 ], [ 121.0316783, 24.8745517 ] ] ] } },
{ "type": "Feature", "properties": { "element": "way", "id": 937034967, "name": "岩田友嘉精機", "landuse": "industrial" }, "geometry": { "type": "Polygon", "coordinates": [ [ [ 121.0328489, 24.8740542 ], [ 121.0327227, 24.8746813 ], [ 121.0331962, 24.8747362 ], [ 121.0333028, 24.8741105 ], [ 121.0328489, 24.8740542 ] ] ] } },
{ "type": "Feature", "properties": { "element": "way", "id": 937034968, "name": null, "landuse": "industrial" }, "geometry": { "type": "Polygon", "coordinates": [ [ [ 121.0308201, 24.8754357 ], [ 121.0301642, 24.875174 ], [ 121.0302797, 24.8744946 ], [ 121.0310388, 24.8746631 ], [ 121.0308201, 24.8754357 ] ] ] } },
{ "type": "Feature", "properties": { "element": "way", "id": 937034969, "name": "達運精密工業", "landuse": "industrial" }, "geometry": { "type": "Polygon", "coordinates": [ [ [ 121.0310388, 24.8746631 ], [ 121.0319133, 24.8747879 ], [ 121.0317572, 24.8758026 ], [ 121.0308201, 24.8754357 ], [ 121.0310388, 24.8746631 ] ] ] } },
{ "type": "Feature", "properties": { "element": "way", "id": 937034970, "name": "旺矽科技 湖口三廠", "landuse": "industrial" }, "geometry": { "type": "Polygon", "coordinates": [ [ [ 121.0319133, 24.8747879 ], [ 121.0324547, 24.8748595 ], [ 121.0324214, 24.8751377 ], [ 121.0326665, 24.8751714 ], [ 121.0325499, 24.8758864 ], [ 121.032354, 24.8758758 ], [ 121.0323392, 24.8760278 ], [ 121.0317572, 24.8758026 ], [ 121.0319133, 24.8747879 ] ] ] } },
{ "type": "Feature", "properties": { "element": "way", "id": 937034971, "name": "信隆車料工業", "landuse": "industrial" }, "geometry": { "type": "Polygon", "coordinates": [ [ [ 121.0324547, 24.8748595 ], [ 121.0324214, 24.8751377 ], [ 121.0326665, 24.8751714 ], [ 121.0325499, 24.8758864 ], [ 121.032354, 24.8758758 ], [ 121.0323392, 24.8760278 ], [ 121.0326579, 24.8761488 ], [ 121.0329804, 24.8761895 ], [ 121.0331649, 24.8749592 ], [ 121.0324547, 24.8748595 ] ] ] } },
{ "type": "Feature", "properties": { "element": "way", "id": 937034972, "name": "豐裕", "landuse": "industrial" }, "geometry": { "type": "Polygon", "coordinates": [ [ [ 121.033544, 24.8739554 ], [ 121.0338587, 24.8722014 ], [ 121.0348418, 24.8723076 ], [ 121.0343657, 24.8736255 ], [ 121.0341852, 24.8738232 ], [ 121.0339337, 24.8739502 ], [ 121.0337445, 24.8739847 ], [ 121.033544, 24.8739554 ] ] ] } },
{ "type": "Feature", "properties": { "element": "way", "id": 937034973, "name": "加力興", "landuse": "industrial" }, "geometry": { "type": "Polygon", "coordinates": [ [ [ 121.0348611, 24.8727933 ], [ 121.0350033, 24.8723253 ], [ 121.0354446, 24.8723717 ], [ 121.0353583, 24.8728709 ], [ 121.0348611, 24.8727933 ] ] ] } },
{ "type": "Feature", "properties": { "element": "way", "id": 937034975, "name": "台灣近畿金屬", "landuse": "industrial" }, "geometry": { "type": "Polygon", "coordinates": [ [ [ 121.0338645, 24.8718999 ], [ 121.0340424, 24.8706122 ], [ 121.034449, 24.8711637 ], [ 121.0343246, 24.8719669 ], [ 121.0338645, 24.8718999 ] ] ] } },
{ "type": "Feature", "properties": { "element": "way", "id": 937034976, "name": "力福", "landuse": "industrial" }, "geometry": { "type": "Polygon", "coordinates": [ [ [ 121.0343246, 24.8719669 ], [ 121.034449, 24.8711637 ], [ 121.0348706, 24.8716683 ], [ 121.035073, 24.8716705 ], [ 121.0348527, 24.8720336 ], [ 121.0343246, 24.8719669 ] ] ] } },
{ "type": "Feature", "properties": { "element": "way", "id": 937034977, "name": "健喬信元醫藥生技", "landuse": "industrial" }, "geometry": { "type": "Polygon", "coordinates": [ [ [ 121.0340462, 24.8740709 ], [ 121.0343227, 24.8739367 ], [ 121.0345177, 24.8737339 ], [ 121.0351873, 24.8738252 ], [ 121.0351205, 24.8742206 ], [ 121.0340462, 24.8740709 ] ] ] } },
{ "type": "Feature", "properties": { "element": "way", "id": 937034978, "name": "臺灣得力電化", "landuse": "industrial" }, "geometry": { "type": "Polygon", "coordinates": [ [ [ 121.0345177, 24.8737339 ], [ 121.034588, 24.8735434 ], [ 121.0352204, 24.8736202 ], [ 121.0351873, 24.8738252 ], [ 121.0345177, 24.8737339 ] ] ] } },
{ "type": "Feature", "properties": { "element": "way", "id": 937034979, "name": "新燕企業", "landuse": "industrial" }, "geometry": { "type": "Polygon", "coordinates": [ [ [ 121.0346772, 24.8733532 ], [ 121.0348611, 24.8727933 ], [ 121.0353583, 24.8728709 ], [ 121.0352612, 24.8734351 ], [ 121.0346772, 24.8733532 ] ] ] } },
{ "type": "Feature", "properties": { "element": "way", "id": 937034980, "name": "榮技實業", "landuse": "industrial" }, "geometry": { "type": "Polygon", "coordinates": [ [ [ 121.0352204, 24.8736202 ], [ 121.034588, 24.8735434 ], [ 121.0346772, 24.8733532 ], [ 121.0352612, 24.8734351 ], [ 121.0352204, 24.8736202 ] ] ] } },
{ "type": "Feature", "properties": { "element": "way", "id": 937034981, "name": "聯城工業", "landuse": "industrial" }, "geometry": { "type": "Polygon", "coordinates": [ [ [ 121.036425, 24.8735378 ], [ 121.0365488, 24.8725011 ], [ 121.0375548, 24.8725963 ], [ 121.0373921, 24.8736467 ], [ 121.036425, 24.8735378 ] ] ] } },
{ "type": "Feature", "properties": { "element": "way", "id": 937034982, "name": "添鴻科技", "landuse": "industrial" }, "geometry": { "type": "Polygon", "coordinates": [ [ [ 121.036425, 24.8735378 ], [ 121.0354808, 24.873411 ], [ 121.0356439, 24.8723555 ], [ 121.0365488, 24.8725011 ], [ 121.036425, 24.8735378 ] ] ] } },
{ "type": "Feature", "properties": { "element": "way", "id": 937034983, "name": "FedEx Station 新竹站", "landuse": "industrial" }, "geometry": { "type": "Polygon", "coordinates": [ [ [ 121.0354808, 24.873411 ], [ 121.036425, 24.8735378 ], [ 121.0362871, 24.8743358 ], [ 121.0353635, 24.8742027 ], [ 121.0354808, 24.873411 ] ] ] } },
{ "type": "Feature", "properties": { "element": "way", "id": 937034984, "name": "健喬信元醫藥生技 光復廠", "landuse": "industrial" }, "geometry": { "type": "Polygon", "coordinates": [ [ [ 121.0352448, 24.8750233 ], [ 121.0353212, 24.8743652 ], [ 121.0357747, 24.8744337 ], [ 121.0357002, 24.8750873 ], [ 121.0352448, 24.8750233 ] ] ] } },
{ "type": "Feature", "properties": { "element": "way", "id": 937034985, "name": "錸德科技 新竹三廠", "landuse": "industrial" }, "geometry": { "type": "Polygon", "coordinates": [ [ [ 121.0357747, 24.8744337 ], [ 121.036763, 24.8745545 ], [ 121.0366575, 24.8751883 ], [ 121.0357002, 24.8750873 ], [ 121.0357747, 24.8744337 ] ] ] } },
{ "type": "Feature", "properties": { "element": "way", "id": 937034986, "name": "致佳科技", "landuse": "industrial" }, "geometry": { "type": "Polygon", "coordinates": [ [ [ 121.0366575, 24.8751883 ], [ 121.0371423, 24.8752776 ], [ 121.0372279, 24.874609 ], [ 121.036763, 24.8745545 ], [ 121.0366575, 24.8751883 ] ] ] } },
{ "type": "Feature", "properties": { "element": "way", "id": 937034987, "name": "佐藤製藥", "landuse": "industrial" }, "geometry": { "type": "Polygon", "coordinates": [ [ [ 121.0371423, 24.8752776 ], [ 121.0380963, 24.8754011 ], [ 121.038189, 24.8747133 ], [ 121.0372279, 24.874609 ], [ 121.0371423, 24.8752776 ] ] ] } },
{ "type": "Feature", "properties": { "element": "way", "id": 937034988, "name": "康峰", "landuse": "industrial" }, "geometry": { "type": "Polygon", "coordinates": [ [ [ 121.0380963, 24.8754011 ], [ 121.0390947, 24.8755333 ], [ 121.039183, 24.8748615 ], [ 121.038189, 24.8747133 ], [ 121.0380963, 24.8754011 ] ] ] } },
{ "type": "Feature", "properties": { "element": "way", "id": 937034989, "name": "台灣彌滿和", "landuse": "industrial" }, "geometry": { "type": "Polygon", "coordinates": [ [ [ 121.039183, 24.8748615 ], [ 121.0396715, 24.8749324 ], [ 121.0395875, 24.875582 ], [ 121.0390947, 24.8755333 ], [ 121.039183, 24.8748615 ] ] ] } },
{ "type": "Feature", "properties": { "element": "way", "id": 937034990, "name": "華上光電一廠", "landuse": "industrial" }, "geometry": { "type": "Polygon", "coordinates": [ [ [ 121.0395875, 24.875582 ], [ 121.0399244, 24.8756274 ], [ 121.0400558, 24.8755364 ], [ 121.0401263, 24.8750009 ], [ 121.0396715, 24.8749324 ], [ 121.0395875, 24.875582 ] ] ] } },
{ "type": "Feature", "properties": { "element": "way", "id": 937034991, "name": "福星機電", "landuse": "industrial" }, "geometry": { "type": "Polygon", "coordinates": [ [ [ 121.0346201, 24.8751097 ], [ 121.0351762, 24.8751994 ], [ 121.0349977, 24.8764946 ], [ 121.0344123, 24.8764167 ], [ 121.0346201, 24.8751097 ] ] ] } },
{ "type": "Feature", "properties": { "element": "way", "id": 937034992, "name": "科治新技", "landuse": "industrial" }, "geometry": { "type": "Polygon", "coordinates": [ [ [ 121.0351762, 24.8751994 ], [ 121.0357332, 24.8752386 ], [ 121.0355676, 24.8765704 ], [ 121.0349977, 24.8764946 ], [ 121.0351762, 24.8751994 ] ] ] } },
{ "type": "Feature", "properties": { "element": "way", "id": 937034993, "name": "協祥機械工業", "landuse": "industrial" }, "geometry": { "type": "Polygon", "coordinates": [ [ [ 121.0394186, 24.8757022 ], [ 121.039956, 24.8757689 ], [ 121.040155, 24.8756204 ], [ 121.0403283, 24.8750338 ], [ 121.0414114, 24.875118 ], [ 121.0415364, 24.8752436 ], [ 121.0410044, 24.8767065 ], [ 121.0392896, 24.8766714 ], [ 121.0394186, 24.8757022 ] ] ] } },
{ "type": "Feature", "properties": { "element": "way", "id": 937034994, "name": "歐帕生技醫藥", "landuse": "industrial" }, "geometry": { "type": "Polygon", "coordinates": [ [ [ 121.0403639, 24.8749061 ], [ 121.0405063, 24.8739922 ], [ 121.0416755, 24.8741182 ], [ 121.0417313, 24.8737162 ], [ 121.0420791, 24.8739026 ], [ 121.0424521, 24.8744268 ], [ 121.0418337, 24.874739 ], [ 121.041681, 24.8750366 ], [ 121.0403639, 24.8749061 ] ] ] } },
{ "type": "Feature", "properties": { "element": "way", "id": 937034995, "name": "協祥機械工業 研發廠", "landuse": "industrial" }, "geometry": { "type": "Polygon", "coordinates": [ [ [ 121.0405063, 24.8739922 ], [ 121.0404242, 24.8738398 ], [ 121.040268, 24.8737163 ], [ 121.040652, 24.8731254 ], [ 121.0417313, 24.8737162 ], [ 121.0416755, 24.8741182 ], [ 121.0405063, 24.8739922 ] ] ] } },
{ "type": "Feature", "properties": { "element": "way", "id": 937034996, "name": "佳乳食品", "landuse": "industrial" }, "geometry": { "type": "Polygon", "coordinates": [ [ [ 121.0390055, 24.8729965 ], [ 121.0393963, 24.8724326 ], [ 121.040652, 24.8731254 ], [ 121.040268, 24.8737163 ], [ 121.0390055, 24.8729965 ] ] ] } },
{ "type": "Feature", "properties": { "element": "way", "id": 937034997, "name": null, "landuse": "industrial" }, "geometry": { "type": "Polygon", "coordinates": [ [ [ 121.0390055, 24.8729965 ], [ 121.0385823, 24.8727386 ], [ 121.038993, 24.8722121 ], [ 121.0393963, 24.8724326 ], [ 121.0390055, 24.8729965 ] ] ] } },
{ "type": "Feature", "properties": { "element": "way", "id": 937034998, "name": "艾克爾國際科技", "landuse": "industrial" }, "geometry": { "type": "Polygon", "coordinates": [ [ [ 121.0385823, 24.8727386 ], [ 121.0380033, 24.8724116 ], [ 121.0377504, 24.8723804 ], [ 121.0378329, 24.8716581 ], [ 121.038009, 24.8716558 ], [ 121.038993, 24.8722121 ], [ 121.0385823, 24.8727386 ] ] ] } },
{ "type": "Feature", "properties": { "element": "way", "id": 937034999, "name": "愛德萬測試", "landuse": "industrial" }, "geometry": { "type": "Polygon", "coordinates": [ [ [ 121.0377504, 24.8723804 ], [ 121.0370858, 24.8723093 ], [ 121.0367811, 24.8722745 ], [ 121.0368477, 24.8716596 ], [ 121.0378329, 24.8716581 ], [ 121.0377504, 24.8723804 ] ] ] } },
{ "type": "Feature", "properties": { "element": "way", "id": 937035000, "name": "倫輝實業", "landuse": "industrial" }, "geometry": { "type": "Polygon", "coordinates": [ [ [ 121.0368477, 24.8716596 ], [ 121.0367811, 24.8722745 ], [ 121.0358071, 24.8721579 ], [ 121.0358478, 24.8716673 ], [ 121.0368477, 24.8716596 ] ] ] } },
{ "type": "Feature", "properties": { "element": "way", "id": 940036988, "name": null, "landuse": "industrial" }, "geometry": { "type": "Polygon", "coordinates": [ [ [ 121.0435503, 24.8354858 ], [ 121.043776, 24.8353291 ], [ 121.0443886, 24.83604 ], [ 121.0441762, 24.8361863 ], [ 121.0435503, 24.8354858 ] ] ] } },
{ "type": "Feature", "properties": { "element": "way", "id": 940439536, "name": null, "landuse": "industrial" }, "geometry": { "type": "Polygon", "coordinates": [ [ [ 121.076417, 24.8343951 ], [ 121.0761112, 24.8340397 ], [ 121.076248, 24.8339715 ], [ 121.0763526, 24.8339423 ], [ 121.077168, 24.8340129 ], [ 121.0772136, 24.8341541 ], [ 121.0767388, 24.8343367 ], [ 121.076417, 24.8343951 ] ] ] } },
{ "type": "Feature", "properties": { "element": "way", "id": 941515324, "name": null, "landuse": "industrial" }, "geometry": { "type": "Polygon", "coordinates": [ [ [ 121.0934141, 25.0204747 ], [ 121.0938598, 25.0199351 ], [ 121.0938996, 25.0199557 ], [ 121.0940222, 25.0198039 ], [ 121.0940551, 25.0197632 ], [ 121.0942391, 25.019911 ], [ 121.0940629, 25.0201256 ], [ 121.094021, 25.0201766 ], [ 121.0936265, 25.0206569 ], [ 121.0934141, 25.0204747 ] ] ] } },
{ "type": "Feature", "properties": { "element": "way", "id": 941515340, "name": null, "landuse": "industrial" }, "geometry": { "type": "Polygon", "coordinates": [ [ [ 121.088206, 25.025988 ], [ 121.0889931, 25.0266187 ], [ 121.0894255, 25.0258694 ], [ 121.0894217, 25.0258436 ], [ 121.0890765, 25.0256666 ], [ 121.0890158, 25.0256786 ], [ 121.0887712, 25.0258677 ], [ 121.0886839, 25.0258849 ], [ 121.0883824, 25.0259158 ], [ 121.0882382, 25.0259536 ], [ 121.088206, 25.025988 ] ] ] } },
{ "type": "Feature", "properties": { "element": "way", "id": 941515362, "name": null, "landuse": "industrial" }, "geometry": { "type": "Polygon", "coordinates": [ [ [ 121.0887674, 25.0235424 ], [ 121.088921, 25.0233775 ], [ 121.0895226, 25.0238668 ], [ 121.0895696, 25.0239051 ], [ 121.0894312, 25.023948 ], [ 121.089342, 25.0239927 ], [ 121.0892983, 25.0239585 ], [ 121.0887674, 25.0235424 ] ] ] } },
{ "type": "Feature", "properties": { "element": "way", "id": 941515382, "name": null, "landuse": "industrial" }, "geometry": { "type": "Polygon", "coordinates": [ [ [ 121.0863492, 25.0238449 ], [ 121.0863416, 25.0238759 ], [ 121.0859831, 25.0242333 ], [ 121.085949, 25.0242196 ], [ 121.0859077, 25.0241831 ], [ 121.0857944, 25.024083 ], [ 121.0858529, 25.0240277 ], [ 121.0861856, 25.0237137 ], [ 121.0863492, 25.0238449 ] ] ] } },
{ "type": "Feature", "properties": { "element": "way", "id": 941515397, "name": null, "landuse": "industrial" }, "geometry": { "type": "Polygon", "coordinates": [ [ [ 121.0827711, 25.0237939 ], [ 121.0828999, 25.0238595 ], [ 121.0828543, 25.02393 ], [ 121.0827497, 25.0238863 ], [ 121.0827711, 25.0237939 ] ] ] } },
{ "type": "Feature", "properties": { "element": "way", "id": 941515398, "name": null, "landuse": "industrial" }, "geometry": { "type": "Polygon", "coordinates": [ [ [ 121.0830715, 25.0238279 ], [ 121.0828596, 25.023721 ], [ 121.0828221, 25.0236675 ], [ 121.0828167, 25.0236019 ], [ 121.0828516, 25.0235314 ], [ 121.0829508, 25.0235023 ], [ 121.0831037, 25.0234634 ], [ 121.0831842, 25.0234877 ], [ 121.0832566, 25.0235509 ], [ 121.0832754, 25.023597 ], [ 121.0830715, 25.0238279 ] ] ] } },
{ "type": "Feature", "properties": { "element": "way", "id": 941515401, "name": null, "landuse": "industrial" }, "geometry": { "type": "Polygon", "coordinates": [ [ [ 121.0854211, 25.0251598 ], [ 121.085912, 25.0255584 ], [ 121.0857537, 25.0256921 ], [ 121.0857618, 25.0257577 ], [ 121.0858235, 25.0258914 ], [ 121.0856702, 25.0260866 ], [ 121.085625, 25.0261441 ], [ 121.0855553, 25.0261393 ], [ 121.0849759, 25.0259059 ], [ 121.0848364, 25.0258233 ], [ 121.0848558, 25.0257969 ], [ 121.0849115, 25.0257212 ], [ 121.0849598, 25.0256507 ], [ 121.085, 25.0255827 ], [ 121.0850644, 25.0255414 ], [ 121.0851368, 25.0254855 ], [ 121.0852012, 25.0253737 ], [ 121.0852629, 25.025274 ], [ 121.0853219, 25.025291 ], [ 121.085397, 25.0251914 ], [ 121.0854211, 25.0251598 ] ] ] } },
{ "type": "Feature", "properties": { "element": "way", "id": 941515402, "name": null, "landuse": "industrial" }, "geometry": { "type": "Polygon", "coordinates": [ [ [ 121.0855982, 25.0243116 ], [ 121.0864753, 25.0250091 ], [ 121.0866067, 25.0251501 ], [ 121.086612, 25.0254344 ], [ 121.0865906, 25.0254782 ], [ 121.0865101, 25.0255608 ], [ 121.0862231, 25.0253737 ], [ 121.0860568, 25.0255487 ], [ 121.0859334, 25.0254636 ], [ 121.0857967, 25.0253421 ], [ 121.085338, 25.0249581 ], [ 121.0853273, 25.0248998 ], [ 121.0853801, 25.024845 ], [ 121.0854587, 25.0247636 ], [ 121.0852951, 25.024613 ], [ 121.0855982, 25.0243116 ] ] ] } },
{ "type": "Feature", "properties": { "element": "way", "id": 941515417, "name": null, "landuse": "industrial" }, "geometry": { "type": "Polygon", "coordinates": [ [ [ 121.0814568, 25.0246786 ], [ 121.0816306, 25.024461 ], [ 121.0816607, 25.0244234 ], [ 121.0816987, 25.024455 ], [ 121.0817572, 25.0245036 ], [ 121.0817763, 25.0245195 ], [ 121.0818083, 25.0245463 ], [ 121.0823366, 25.0249872 ], [ 121.0820898, 25.025223 ], [ 121.0820473, 25.025184 ], [ 121.0815909, 25.0247661 ], [ 121.0814568, 25.0246786 ] ] ] } },
{ "type": "Feature", "properties": { "element": "way", "id": 944564198, "name": null, "landuse": "industrial" }, "geometry": { "type": "Polygon", "coordinates": [ [ [ 121.2993364, 25.0451156 ], [ 121.2988774, 25.0448132 ], [ 121.2985588, 25.0448441 ], [ 121.2983995, 25.0448544 ], [ 121.2983691, 25.044827 ], [ 121.2988167, 25.0441843 ], [ 121.2990557, 25.0445692 ], [ 121.299344, 25.0444317 ], [ 121.2990481, 25.0438888 ], [ 121.2991354, 25.0437032 ], [ 121.299215, 25.0437307 ], [ 121.2995981, 25.0444592 ], [ 121.2996854, 25.044497 ], [ 121.2999926, 25.0451569 ], [ 121.2997612, 25.0452462 ], [ 121.2995185, 25.0452153 ], [ 121.2993364, 25.0451156 ] ] ] } },
{ "type": "Feature", "properties": { "element": "way", "id": 944564200, "name": null, "landuse": "industrial" }, "geometry": { "type": "Polygon", "coordinates": [ [ [ 121.2995147, 25.043765 ], [ 121.2992112, 25.0435863 ], [ 121.3004478, 25.0417581 ], [ 121.3011344, 25.0408233 ], [ 121.3014265, 25.0404624 ], [ 121.3047076, 25.042143 ], [ 121.30426, 25.0425519 ], [ 121.3042676, 25.0426069 ], [ 121.305489, 25.04293 ], [ 121.3057166, 25.0425657 ], [ 121.3063728, 25.0428509 ], [ 121.3062666, 25.0430124 ], [ 121.306259, 25.0435348 ], [ 121.3060656, 25.04393 ], [ 121.3062818, 25.0440434 ], [ 121.3061414, 25.0442908 ], [ 121.3058873, 25.0446998 ], [ 121.3057431, 25.044851 ], [ 121.3054966, 25.044985 ], [ 121.3055724, 25.0445761 ], [ 121.3047114, 25.0443802 ], [ 121.304719, 25.0442221 ], [ 121.3040627, 25.0442324 ], [ 121.3040855, 25.0451225 ], [ 121.3038162, 25.0452393 ], [ 121.3036113, 25.0453149 ], [ 121.30327, 25.0453527 ], [ 121.3031865, 25.0454524 ], [ 121.302773, 25.045449 ], [ 121.302773, 25.0455555 ], [ 121.3022875, 25.045717 ], [ 121.3020751, 25.045717 ], [ 121.3020713, 25.0456345 ], [ 121.301654, 25.0456139 ], [ 121.3016958, 25.0447926 ], [ 121.3011685, 25.0447376 ], [ 121.3011533, 25.0446379 ], [ 121.3011609, 25.0444592 ], [ 121.3011306, 25.0443974 ], [ 121.3007816, 25.0438681 ], [ 121.3007171, 25.0438235 ], [ 121.3006261, 25.0435382 ], [ 121.3004213, 25.0435142 ], [ 121.2999205, 25.0436585 ], [ 121.2996361, 25.0436001 ], [ 121.2995754, 25.0437582 ], [ 121.2995147, 25.043765 ] ] ] } },
{ "type": "Feature", "properties": { "element": "way", "id": 948058579, "name": "台灣精材股份有限公司", "landuse": "industrial" }, "geometry": { "type": "Polygon", "coordinates": [ [ [ 121.0952478, 24.8879952 ], [ 121.0957813, 24.8874165 ], [ 121.0958982, 24.8874758 ], [ 121.0958321, 24.8875609 ], [ 121.096754, 24.888278 ], [ 121.0967673, 24.8886337 ], [ 121.095997, 24.8884915 ], [ 121.0952478, 24.8879952 ] ] ] } },
{ "type": "Feature", "properties": { "element": "way", "id": 970317594, "name": null, "landuse": "industrial" }, "geometry": { "type": "Polygon", "coordinates": [ [ [ 121.0754862, 24.9680222 ], [ 121.0747363, 24.9669176 ], [ 121.0753223, 24.9666064 ], [ 121.0757187, 24.9671927 ], [ 121.0755651, 24.9673767 ], [ 121.0755594, 24.9674386 ], [ 121.0755423, 24.9678168 ], [ 121.0755784, 24.9679664 ], [ 121.0754862, 24.9680222 ] ] ] } },
{ "type": "Feature", "properties": { "element": "way", "id": 970317595, "name": null, "landuse": "industrial" }, "geometry": { "type": "Polygon", "coordinates": [ [ [ 121.067335, 24.9740936 ], [ 121.0671231, 24.9736778 ], [ 121.0676716, 24.9734553 ], [ 121.067811, 24.9737881 ], [ 121.0674825, 24.9739501 ], [ 121.0673685, 24.974079 ], [ 121.067335, 24.9740936 ] ] ] } },
{ "type": "Feature", "properties": { "element": "way", "id": 970317603, "name": null, "landuse": "industrial" }, "geometry": { "type": "Polygon", "coordinates": [ [ [ 121.0667101, 24.9706993 ], [ 121.0660717, 24.9696513 ], [ 121.0660207, 24.9696124 ], [ 121.0658464, 24.9695127 ], [ 121.0655647, 24.9692866 ], [ 121.0655218, 24.9692088 ], [ 121.0659805, 24.9690161 ], [ 121.0668408, 24.968717 ], [ 121.0677511, 24.9684083 ], [ 121.0680137, 24.9688674 ], [ 121.0683276, 24.9693677 ], [ 121.0675102, 24.9697528 ], [ 121.0678042, 24.970217 ], [ 121.0673433, 24.9703546 ], [ 121.0671347, 24.9704578 ], [ 121.0667101, 24.9706993 ] ] ] } },
{ "type": "Feature", "properties": { "element": "way", "id": 970317604, "name": null, "landuse": "industrial" }, "geometry": { "type": "Polygon", "coordinates": [ [ [ 121.072669, 24.9695585 ], [ 121.0724205, 24.9693196 ], [ 121.0721114, 24.9690513 ], [ 121.0733271, 24.9685888 ], [ 121.0734238, 24.9686163 ], [ 121.0735623, 24.9686043 ], [ 121.0735452, 24.9687883 ], [ 121.0736723, 24.9687728 ], [ 121.0736571, 24.9689327 ], [ 121.0735983, 24.9691115 ], [ 121.0736381, 24.969182 ], [ 121.0735755, 24.9693041 ], [ 121.073475, 24.96939 ], [ 121.0733593, 24.9694072 ], [ 121.0726974, 24.9696187 ], [ 121.072669, 24.9695585 ] ] ] } },
{ "type": "Feature", "properties": { "element": "way", "id": 970317609, "name": null, "landuse": "industrial" }, "geometry": { "type": "Polygon", "coordinates": [ [ [ 121.0977118, 24.9656315 ], [ 121.0976131, 24.9656659 ], [ 121.0975145, 24.9656728 ], [ 121.0971409, 24.9656762 ], [ 121.0970138, 24.9656676 ], [ 121.0969986, 24.9656865 ], [ 121.0966573, 24.9657897 ], [ 121.0968336, 24.966266 ], [ 121.0971333, 24.9662367 ], [ 121.0972661, 24.966388 ], [ 121.0976511, 24.9667835 ], [ 121.0977763, 24.9668626 ], [ 121.0978654, 24.9668729 ], [ 121.0979318, 24.9668583 ], [ 121.0983592, 24.9667427 ], [ 121.098074, 24.9664723 ], [ 121.0983011, 24.9662836 ], [ 121.0981745, 24.966168 ], [ 121.098093, 24.9661645 ], [ 121.0978976, 24.9660837 ], [ 121.0977213, 24.9658207 ], [ 121.0978142, 24.965745 ], [ 121.0977118, 24.9656315 ] ] ] } },
{ "type": "Feature", "properties": { "element": "way", "id": 970317610, "name": null, "landuse": "industrial" }, "geometry": { "type": "Polygon", "coordinates": [ [ [ 121.0984875, 24.9658189 ], [ 121.0987871, 24.9657037 ], [ 121.0987701, 24.9656951 ], [ 121.0986183, 24.965298 ], [ 121.0983756, 24.9653908 ], [ 121.0984875, 24.9658189 ] ] ] } },
{ "type": "Feature", "properties": { "element": "way", "id": 970317612, "name": null, "landuse": "industrial" }, "geometry": { "type": "Polygon", "coordinates": [ [ [ 121.0989287, 24.9670471 ], [ 121.0987663, 24.9666821 ], [ 121.0988137, 24.9666511 ], [ 121.0997791, 24.9665187 ], [ 121.0998376, 24.9668287 ], [ 121.0997763, 24.966821 ], [ 121.0996959, 24.9668283 ], [ 121.0995698, 24.966855 ], [ 121.0996127, 24.9670885 ], [ 121.0992613, 24.9671395 ], [ 121.0992131, 24.966911 ], [ 121.0990414, 24.9669718 ], [ 121.098969, 24.9670082 ], [ 121.0989287, 24.9670471 ] ] ] } },
{ "type": "Feature", "properties": { "element": "way", "id": 970317613, "name": null, "landuse": "industrial" }, "geometry": { "type": "Polygon", "coordinates": [ [ [ 121.0983263, 24.9690135 ], [ 121.0983092, 24.9687264 ], [ 121.0979659, 24.9680937 ], [ 121.0979033, 24.9681195 ], [ 121.0977782, 24.9679114 ], [ 121.0976909, 24.9679045 ], [ 121.0976378, 24.9678598 ], [ 121.0972699, 24.9678667 ], [ 121.0968488, 24.9679578 ], [ 121.0967142, 24.967399 ], [ 121.097249, 24.9672873 ], [ 121.0974671, 24.9672048 ], [ 121.0976226, 24.9670947 ], [ 121.0977554, 24.9669778 ], [ 121.0978749, 24.9669331 ], [ 121.0986051, 24.9667199 ], [ 121.0986449, 24.9667336 ], [ 121.0986696, 24.966768 ], [ 121.0995572, 24.9683223 ], [ 121.0996342, 24.968438 ], [ 121.0986578, 24.9689559 ], [ 121.098709, 24.9690568 ], [ 121.0983301, 24.9690324 ], [ 121.0983263, 24.9690135 ] ] ] } },
{ "type": "Feature", "properties": { "element": "way", "id": 970317616, "name": null, "landuse": "industrial" }, "geometry": { "type": "Polygon", "coordinates": [ [ [ 121.0949181, 24.9615015 ], [ 121.0951229, 24.9612762 ], [ 121.0955933, 24.9616407 ], [ 121.0957488, 24.9614826 ], [ 121.0958227, 24.9615445 ], [ 121.0953846, 24.9620259 ], [ 121.0953412, 24.9619954 ], [ 121.0952917, 24.9619606 ], [ 121.0953638, 24.9618488 ], [ 121.0949181, 24.9615015 ] ] ] } },
{ "type": "Feature", "properties": { "element": "way", "id": 970317620, "name": null, "landuse": "industrial" }, "geometry": { "type": "Polygon", "coordinates": [ [ [ 121.0947379, 24.9602789 ], [ 121.0949826, 24.9597132 ], [ 121.0950963, 24.9594295 ], [ 121.0952974, 24.9588071 ], [ 121.0953315, 24.958587 ], [ 121.0955876, 24.9587039 ], [ 121.0956141, 24.9587503 ], [ 121.0956995, 24.9588019 ], [ 121.0957924, 24.9587778 ], [ 121.0959271, 24.9587073 ], [ 121.0959953, 24.9587297 ], [ 121.096039, 24.9589326 ], [ 121.0961167, 24.959034 ], [ 121.0962628, 24.9591406 ], [ 121.09646, 24.9593332 ], [ 121.0963804, 24.9593779 ], [ 121.0966033, 24.959886 ], [ 121.096209, 24.9600465 ], [ 121.0959488, 24.9602386 ], [ 121.0955948, 24.9598933 ], [ 121.0953815, 24.9602191 ], [ 121.0951549, 24.9604623 ], [ 121.0947379, 24.9602789 ] ] ] } },
{ "type": "Feature", "properties": { "element": "way", "id": 970317621, "name": null, "landuse": "industrial" }, "geometry": { "type": "Polygon", "coordinates": [ [ [ 121.0936625, 24.9607518 ], [ 121.092919, 24.9598955 ], [ 121.093067, 24.9599196 ], [ 121.0931978, 24.9598645 ], [ 121.0933041, 24.959782 ], [ 121.0933818, 24.9597029 ], [ 121.0934273, 24.9596204 ], [ 121.0934691, 24.9595327 ], [ 121.0934634, 24.9594605 ], [ 121.0934539, 24.9591252 ], [ 121.0933894, 24.9590598 ], [ 121.0933647, 24.9587486 ], [ 121.0933704, 24.9585681 ], [ 121.0934349, 24.9583824 ], [ 121.0935601, 24.958176 ], [ 121.0938199, 24.95771 ], [ 121.0938522, 24.9575793 ], [ 121.0939053, 24.9573214 ], [ 121.0940058, 24.9571237 ], [ 121.094148, 24.9569053 ], [ 121.0942599, 24.9567419 ], [ 121.094296, 24.9567282 ], [ 121.0943415, 24.9567351 ], [ 121.094717, 24.9576051 ], [ 121.0947625, 24.9580023 ], [ 121.0947874, 24.958478 ], [ 121.094774, 24.9586507 ], [ 121.0946211, 24.9592027 ], [ 121.0942912, 24.9599225 ], [ 121.0938294, 24.9607243 ], [ 121.0937668, 24.960812 ], [ 121.093746, 24.9608274 ], [ 121.0936625, 24.9607518 ] ] ] } },
{ "type": "Feature", "properties": { "element": "way", "id": 970317650, "name": null, "landuse": "industrial" }, "geometry": { "type": "Polygon", "coordinates": [ [ [ 121.0969228, 24.9738396 ], [ 121.0967587, 24.9738697 ], [ 121.0967303, 24.9738517 ], [ 121.0966269, 24.9736264 ], [ 121.0965036, 24.9733084 ], [ 121.0975762, 24.9731863 ], [ 121.0976217, 24.9732009 ], [ 121.0976369, 24.9732241 ], [ 121.0976654, 24.9736705 ], [ 121.0976426, 24.973724 ], [ 121.0974709, 24.9737417 ], [ 121.0974482, 24.9735405 ], [ 121.0969133, 24.973604 ], [ 121.0969228, 24.9738396 ] ] ] } },
{ "type": "Feature", "properties": { "element": "way", "id": 970317651, "name": null, "landuse": "industrial" }, "geometry": { "type": "Polygon", "coordinates": [ [ [ 121.0950334, 24.9741753 ], [ 121.0949257, 24.9735078 ], [ 121.0951817, 24.973476 ], [ 121.0952603, 24.9741347 ], [ 121.0952265, 24.9741408 ], [ 121.0950334, 24.9741753 ] ] ] } },
{ "type": "Feature", "properties": { "element": "way", "id": 970317653, "name": null, "landuse": "industrial" }, "geometry": { "type": "Polygon", "coordinates": [ [ [ 121.0931861, 24.9748716 ], [ 121.0931191, 24.9746577 ], [ 121.0923775, 24.9747975 ], [ 121.0923425, 24.9742694 ], [ 121.092388, 24.9742488 ], [ 121.0938285, 24.973772 ], [ 121.0945514, 24.9736365 ], [ 121.0945809, 24.973848 ], [ 121.0939747, 24.9739696 ], [ 121.0940498, 24.9743562 ], [ 121.0939849, 24.9745136 ], [ 121.0939982, 24.9747044 ], [ 121.0942456, 24.9746601 ], [ 121.0944119, 24.9746747 ], [ 121.094428, 24.9747938 ], [ 121.0937601, 24.9748984 ], [ 121.093685, 24.9750102 ], [ 121.0933202, 24.9751391 ], [ 121.0931861, 24.9748716 ] ] ] } },
{ "type": "Feature", "properties": { "element": "way", "id": 970317654, "name": null, "landuse": "industrial" }, "geometry": { "type": "Polygon", "coordinates": [ [ [ 121.0864404, 24.9680951 ], [ 121.0863653, 24.9680416 ], [ 121.0863116, 24.9679687 ], [ 121.0858905, 24.9672149 ], [ 121.0864967, 24.9669061 ], [ 121.0866094, 24.9670739 ], [ 121.0875669, 24.966483 ], [ 121.0875455, 24.966376 ], [ 121.0875884, 24.9663079 ], [ 121.0877225, 24.9662253 ], [ 121.0883287, 24.9658824 ], [ 121.089474, 24.965508 ], [ 121.0901445, 24.9652283 ], [ 121.0901526, 24.9647542 ], [ 121.0904503, 24.9647055 ], [ 121.0906514, 24.9645718 ], [ 121.090579, 24.9644964 ], [ 121.0905817, 24.9644235 ], [ 121.0906568, 24.9643043 ], [ 121.0906783, 24.9642873 ], [ 121.0906997, 24.9641463 ], [ 121.0911396, 24.9637864 ], [ 121.0910243, 24.9636697 ], [ 121.091491, 24.9633292 ], [ 121.0917646, 24.9633365 ], [ 121.0921964, 24.9632393 ], [ 121.0923064, 24.9630958 ], [ 121.0923412, 24.9628234 ], [ 121.0923707, 24.96277 ], [ 121.092424, 24.9626329 ], [ 121.0940466, 24.9614275 ], [ 121.09547, 24.9630988 ], [ 121.0953524, 24.9632037 ], [ 121.0953012, 24.9632587 ], [ 121.0952993, 24.9633069 ], [ 121.095764, 24.963888 ], [ 121.0955933, 24.9640995 ], [ 121.0954245, 24.9640376 ], [ 121.0953695, 24.9639895 ], [ 121.0953277, 24.9639551 ], [ 121.0947474, 24.9643746 ], [ 121.0943556, 24.9646058 ], [ 121.0942724, 24.9646204 ], [ 121.094192, 24.964652 ], [ 121.0939586, 24.9644867 ], [ 121.0940552, 24.9643773 ], [ 121.094031, 24.9643359 ], [ 121.0938781, 24.9641779 ], [ 121.093905, 24.9640952 ], [ 121.0939211, 24.9639517 ], [ 121.0939586, 24.9637061 ], [ 121.0938889, 24.9636526 ], [ 121.0936019, 24.9638156 ], [ 121.0935724, 24.9638812 ], [ 121.0934195, 24.9638812 ], [ 121.0932425, 24.9639542 ], [ 121.0930842, 24.9639396 ], [ 121.0930145, 24.9640587 ], [ 121.0930869, 24.9642241 ], [ 121.093213, 24.964207 ], [ 121.0932854, 24.9642824 ], [ 121.0933819, 24.9644697 ], [ 121.0925344, 24.9651116 ], [ 121.0924298, 24.9651383 ], [ 121.0923439, 24.9651432 ], [ 121.0922608, 24.9652769 ], [ 121.0922286, 24.9653159 ], [ 121.092293, 24.9653791 ], [ 121.0922983, 24.9654374 ], [ 121.0923868, 24.9654472 ], [ 121.0924941, 24.965418 ], [ 121.0926685, 24.9653912 ], [ 121.0927436, 24.9654374 ], [ 121.0927865, 24.9654861 ], [ 121.0926068, 24.9654934 ], [ 121.0925129, 24.9655225 ], [ 121.0921562, 24.9656757 ], [ 121.0919577, 24.9658362 ], [ 121.090925, 24.9667821 ], [ 121.0904503, 24.9670787 ], [ 121.0901177, 24.9673268 ], [ 121.0899501, 24.9675468 ], [ 121.0897569, 24.9677328 ], [ 121.0895772, 24.9678094 ], [ 121.0889429, 24.9679492 ], [ 121.0885606, 24.9680644 ], [ 121.0874303, 24.9680902 ], [ 121.0864404, 24.9680951 ] ] ] } },
{ "type": "Feature", "properties": { "element": "way", "id": 975346532, "name": null, "landuse": "industrial" }, "geometry": { "type": "Polygon", "coordinates": [ [ [ 121.0689009, 25.0340408 ], [ 121.0685147, 25.0336986 ], [ 121.069116, 25.0330544 ], [ 121.0696162, 25.03348 ], [ 121.0695775, 25.0334868 ], [ 121.0695228, 25.0334675 ], [ 121.0694288, 25.0335761 ], [ 121.0693816, 25.0335553 ], [ 121.0689009, 25.0340408 ] ] ] } },
{ "type": "Feature", "properties": { "element": "way", "id": 984994233, "name": null, "landuse": "industrial" }, "geometry": { "type": "Polygon", "coordinates": [ [ [ 121.222463, 24.9261651 ], [ 121.2215976, 24.9260069 ], [ 121.2208335, 24.9259342 ], [ 121.2204206, 24.926046 ], [ 121.2200448, 24.9262974 ], [ 121.2198291, 24.9265433 ], [ 121.2195949, 24.9274765 ], [ 121.2196319, 24.927985 ], [ 121.219749, 24.9283986 ], [ 121.2199154, 24.9289294 ], [ 121.2197428, 24.9290076 ], [ 121.2200148, 24.9295798 ], [ 121.2206538, 24.9291389 ], [ 121.2207839, 24.9290088 ], [ 121.2210976, 24.9285268 ], [ 121.2214696, 24.9279246 ], [ 121.2217384, 24.9274322 ], [ 121.2219917, 24.9269782 ], [ 121.222295, 24.9264541 ], [ 121.2224923, 24.9261715 ], [ 121.222463, 24.9261651 ] ] ] } },
{ "type": "Feature", "properties": { "element": "way", "id": 984994234, "name": "清淨海生技股份有限公司", "landuse": "industrial" }, "geometry": { "type": "Polygon", "coordinates": [ [ [ 121.2214306, 24.9284927 ], [ 121.2214977, 24.9283419 ], [ 121.2213394, 24.9282981 ], [ 121.2214386, 24.9281424 ], [ 121.2221333, 24.9283565 ], [ 121.2220448, 24.9286459 ], [ 121.2214306, 24.9284927 ] ] ] } },
{ "type": "Feature", "properties": { "element": "way", "id": 984994235, "name": null, "landuse": "industrial" }, "geometry": { "type": "Polygon", "coordinates": [ [ [ 121.2211061, 24.9286629 ], [ 121.2210014, 24.9288721 ], [ 121.2212643, 24.9289621 ], [ 121.2212348, 24.929057 ], [ 121.2211463, 24.9291786 ], [ 121.2211687, 24.9291849 ], [ 121.2218142, 24.9293659 ], [ 121.2219724, 24.9288916 ], [ 121.2211061, 24.9286629 ] ] ] } },
{ "type": "Feature", "properties": { "element": "way", "id": 984994236, "name": null, "landuse": "industrial" }, "geometry": { "type": "Polygon", "coordinates": [ [ [ 121.2211543, 24.9286192 ], [ 121.2212563, 24.9284416 ], [ 121.2220395, 24.9286605 ], [ 121.2219778, 24.9288575 ], [ 121.2211543, 24.9286192 ] ] ] } },
{ "type": "Feature", "properties": { "element": "way", "id": 985012313, "name": "平鎮工業城工業園區", "landuse": "industrial" }, "geometry": { "type": "Polygon", "coordinates": [ [ [ 121.239428, 24.9123447 ], [ 121.2399376, 24.9109338 ], [ 121.2401252, 24.9105309 ], [ 121.2406047, 24.909661 ], [ 121.240718, 24.909279 ], [ 121.2408242, 24.9089965 ], [ 121.2409834, 24.9088248 ], [ 121.2412949, 24.9085728 ], [ 121.2418753, 24.9082165 ], [ 121.2419461, 24.9082598 ], [ 121.2417444, 24.908714 ], [ 121.2415232, 24.9092613 ], [ 121.2410949, 24.9102949 ], [ 121.2408631, 24.9108342 ], [ 121.240603, 24.9114762 ], [ 121.2402579, 24.9123958 ], [ 121.239428, 24.9123447 ] ] ] } },
{ "type": "Feature", "properties": { "element": "way", "id": 985012314, "name": "平鎮工業城工業園區", "landuse": "industrial" }, "geometry": { "type": "Polygon", "coordinates": [ [ [ 121.2407678, 24.9113212 ], [ 121.241612, 24.911623 ], [ 121.2416706, 24.911637 ], [ 121.2413563, 24.9125228 ], [ 121.2422964, 24.9126644 ], [ 121.2428722, 24.9109608 ], [ 121.2420495, 24.9106925 ], [ 121.2427212, 24.908851 ], [ 121.242142, 24.9081607 ], [ 121.2420865, 24.90813 ], [ 121.2415781, 24.9093121 ], [ 121.2411098, 24.9104634 ], [ 121.2408787, 24.9110362 ], [ 121.2407678, 24.9113212 ] ] ] } },
{ "type": "Feature", "properties": { "element": "way", "id": 985012315, "name": "艾克發工業園區", "landuse": "industrial" }, "geometry": { "type": "Polygon", "coordinates": [ [ [ 121.2436622, 24.9068833 ], [ 121.2437182, 24.9069553 ], [ 121.2439377, 24.9069172 ], [ 121.2442179, 24.9082048 ], [ 121.2442599, 24.9082175 ], [ 121.2448857, 24.9078406 ], [ 121.2451239, 24.9076034 ], [ 121.2448162, 24.907141 ], [ 121.2445533, 24.906579 ], [ 121.2445667, 24.9064185 ], [ 121.2446204, 24.9061874 ], [ 121.2445587, 24.9061022 ], [ 121.244218, 24.9061192 ], [ 121.2441644, 24.9062482 ], [ 121.2440651, 24.9063917 ], [ 121.2438077, 24.9066496 ], [ 121.2436494, 24.9068539 ], [ 121.2436622, 24.9068833 ] ] ] } },
{ "type": "Feature", "properties": { "element": "way", "id": 987861695, "name": "安捷", "landuse": "industrial" }, "geometry": { "type": "Polygon", "coordinates": [ [ [ 121.1966818, 24.8590859 ], [ 121.196156, 24.85879 ], [ 121.1974671, 24.8569306 ], [ 121.1979821, 24.857248 ], [ 121.1966818, 24.8590859 ] ] ] } },
{ "type": "Feature", "properties": { "element": "way", "id": 987861769, "name": "友達 龍科廠", "landuse": "industrial" }, "geometry": { "type": "Polygon", "coordinates": [ [ [ 121.1840747, 24.8821556 ], [ 121.1873293, 24.8819114 ], [ 121.1870506, 24.8780793 ], [ 121.1860012, 24.8768292 ], [ 121.1854567, 24.8770712 ], [ 121.1836889, 24.878508 ], [ 121.1838745, 24.8802065 ], [ 121.1840747, 24.8821556 ] ] ] } },
{ "type": "Feature", "properties": { "element": "way", "id": 988446029, "name": "台星科股", "landuse": "industrial" }, "geometry": { "type": "Polygon", "coordinates": [ [ [ 121.1367333, 24.7430239 ], [ 121.1369455, 24.7432212 ], [ 121.137138, 24.7436112 ], [ 121.1375033, 24.7438667 ], [ 121.1377995, 24.7442926 ], [ 121.1374836, 24.7445123 ], [ 121.1368172, 24.7442881 ], [ 121.1366296, 24.7442119 ], [ 121.1364075, 24.7441268 ], [ 121.1362643, 24.7439833 ], [ 121.1361557, 24.7439698 ], [ 121.1360076, 24.7438085 ], [ 121.1359385, 24.7435978 ], [ 121.1362248, 24.7433243 ], [ 121.1367333, 24.7430239 ] ] ] } },
{ "type": "Feature", "properties": { "element": "way", "id": 988816250, "name": "仁寶電腦平鎮廠", "landuse": "industrial" }, "geometry": { "type": "Polygon", "coordinates": [ [ [ 121.2125755, 24.9194963 ], [ 121.2119451, 24.9193074 ], [ 121.2122396, 24.9185195 ], [ 121.2125443, 24.9178339 ], [ 121.2126166, 24.9174573 ], [ 121.2129881, 24.9175723 ], [ 121.2135028, 24.9177998 ], [ 121.2140083, 24.9179465 ], [ 121.2142665, 24.9177938 ], [ 121.2142019, 24.9179987 ], [ 121.2140681, 24.9182183 ], [ 121.2139116, 24.918288 ], [ 121.2138396, 24.9184264 ], [ 121.2137249, 24.9188519 ], [ 121.2137682, 24.9189226 ], [ 121.2133514, 24.9202858 ], [ 121.2124125, 24.9200436 ], [ 121.2125755, 24.9194963 ] ] ] } },
{ "type": "Feature", "properties": { "element": "way", "id": 988817247, "name": null, "landuse": "industrial" }, "geometry": { "type": "Polygon", "coordinates": [ [ [ 121.2194723, 24.9193807 ], [ 121.2181203, 24.9197819 ], [ 121.2182088, 24.9200516 ], [ 121.2185769, 24.9202024 ], [ 121.2189414, 24.9202955 ], [ 121.2192352, 24.920318 ], [ 121.2192614, 24.9203224 ], [ 121.2192463, 24.9202646 ], [ 121.2192773, 24.919991 ], [ 121.2193286, 24.9198417 ], [ 121.2194516, 24.9195512 ], [ 121.2194976, 24.9194293 ], [ 121.2194723, 24.9193807 ] ] ] } },
{ "type": "Feature", "properties": { "element": "way", "id": 988817248, "name": null, "landuse": "industrial" }, "geometry": { "type": "Polygon", "coordinates": [ [ [ 121.2195998, 24.9193563 ], [ 121.2200925, 24.9191996 ], [ 121.2202186, 24.9192568 ], [ 121.2200575, 24.919693 ], [ 121.220333, 24.919837 ], [ 121.2201322, 24.9201017 ], [ 121.2200645, 24.9201737 ], [ 121.2199151, 24.9203156 ], [ 121.2198941, 24.9203643 ], [ 121.2197703, 24.9203834 ], [ 121.2197493, 24.9202944 ], [ 121.219287, 24.9202944 ], [ 121.219322, 24.9200806 ], [ 121.2193967, 24.9198074 ], [ 121.2195788, 24.9193648 ], [ 121.2195998, 24.9193563 ] ] ] } },
{ "type": "Feature", "properties": { "element": "way", "id": 988817249, "name": null, "landuse": "industrial" }, "geometry": { "type": "Polygon", "coordinates": [ [ [ 121.2199076, 24.9186684 ], [ 121.2199476, 24.9187984 ], [ 121.2191943, 24.9189353 ], [ 121.2189601, 24.9190317 ], [ 121.2189709, 24.918797 ], [ 121.218649, 24.9187914 ], [ 121.2186567, 24.9185776 ], [ 121.219866, 24.9186168 ], [ 121.2199076, 24.9186684 ] ] ] } },
{ "type": "Feature", "properties": { "element": "way", "id": 988817250, "name": null, "landuse": "industrial" }, "geometry": { "type": "Polygon", "coordinates": [ [ [ 121.2187174, 24.9185507 ], [ 121.2187282, 24.9183317 ], [ 121.21962, 24.9183475 ], [ 121.21962, 24.9183962 ], [ 121.2197192, 24.9184327 ], [ 121.2198145, 24.9185835 ], [ 121.2187174, 24.9185507 ] ] ] } },
{ "type": "Feature", "properties": { "element": "way", "id": 988817251, "name": "紘慶實業股份有限公司", "landuse": "industrial" }, "geometry": { "type": "Polygon", "coordinates": [ [ [ 121.2196479, 24.9183274 ], [ 121.2186993, 24.9183242 ], [ 121.2186268, 24.9183274 ], [ 121.2184321, 24.9182552 ], [ 121.2184994, 24.9180755 ], [ 121.2188427, 24.9178123 ], [ 121.2189241, 24.9178027 ], [ 121.2193806, 24.9178989 ], [ 121.2195523, 24.9180065 ], [ 121.219593, 24.9180498 ], [ 121.2196744, 24.9183323 ], [ 121.2196479, 24.9183274 ] ] ] } },
{ "type": "Feature", "properties": { "element": "way", "id": 988826995, "name": "仁寶電腦工業股份有限公司觀音廠", "landuse": "industrial" }, "geometry": { "type": "Polygon", "coordinates": [ [ [ 121.1196903, 25.0209012 ], [ 121.1184565, 25.0216547 ], [ 121.1178718, 25.0212998 ], [ 121.1176947, 25.0215088 ], [ 121.1176196, 25.0215234 ], [ 121.1176035, 25.0213387 ], [ 121.1176625, 25.0211054 ], [ 121.1177108, 25.0206193 ], [ 121.1176733, 25.020138 ], [ 121.1175499, 25.0196957 ], [ 121.1174748, 25.0194964 ], [ 121.1173836, 25.0193117 ], [ 121.1173621, 25.019263 ], [ 121.117507, 25.0191901 ], [ 121.1175874, 25.0190686 ], [ 121.1177269, 25.0189033 ], [ 121.117743, 25.0185582 ], [ 121.1177376, 25.0184561 ], [ 121.1178986, 25.0183783 ], [ 121.1186442, 25.0183443 ], [ 121.1187515, 25.0183492 ], [ 121.1188588, 25.0183394 ], [ 121.1191217, 25.0189131 ], [ 121.1193416, 25.019511 ], [ 121.1195294, 25.0202596 ], [ 121.1196903, 25.0209012 ] ] ] } },
{ "type": "Feature", "properties": { "element": "way", "id": 988828717, "name": "東元電機股份有限公司觀音廠", "landuse": "industrial" }, "geometry": { "type": "Polygon", "coordinates": [ [ [ 121.1187344, 25.0182307 ], [ 121.116441, 25.0157292 ], [ 121.1187061, 25.0135482 ], [ 121.1188831, 25.0137535 ], [ 121.1187415, 25.014055 ], [ 121.11901, 25.0143147 ], [ 121.1195873, 25.0147163 ], [ 121.1198557, 25.0145247 ], [ 121.1202134, 25.0151915 ], [ 121.1205915, 25.0149005 ], [ 121.1211282, 25.0154605 ], [ 121.1215266, 25.0157957 ], [ 121.1217055, 25.0158842 ], [ 121.1215225, 25.0168089 ], [ 121.1212908, 25.0169562 ], [ 121.1210143, 25.0166947 ], [ 121.1187946, 25.0183083 ], [ 121.1187344, 25.0182307 ] ] ] } },
{ "type": "Feature", "properties": { "element": "way", "id": 988982896, "name": "和群纖維股份有限公司", "landuse": "industrial" }, "geometry": { "type": "Polygon", "coordinates": [ [ [ 121.2030021, 24.9228193 ], [ 121.2035278, 24.9220312 ], [ 121.2037316, 24.9221188 ], [ 121.204007, 24.9216955 ], [ 121.203895, 24.9214736 ], [ 121.2040473, 24.9213972 ], [ 121.2039706, 24.9211811 ], [ 121.2046919, 24.9208734 ], [ 121.2048977, 24.9211222 ], [ 121.2047959, 24.9212068 ], [ 121.2050727, 24.9219047 ], [ 121.2048743, 24.9221577 ], [ 121.2046972, 24.9223864 ], [ 121.2045041, 24.9225664 ], [ 121.204252, 24.9229799 ], [ 121.2040911, 24.9232231 ], [ 121.2040267, 24.9233642 ], [ 121.2035063, 24.9232183 ], [ 121.2034741, 24.9230772 ], [ 121.2030021, 24.9228193 ] ] ] } },
{ "type": "Feature", "properties": { "element": "way", "id": 989041443, "name": "復旦工業城", "landuse": "industrial" }, "geometry": { "type": "Polygon", "coordinates": [ [ [ 121.1955971, 24.9431642 ], [ 121.1970983, 24.9439934 ], [ 121.1977965, 24.9431063 ], [ 121.1972781, 24.9427189 ], [ 121.1970609, 24.9430068 ], [ 121.1967037, 24.942776 ], [ 121.1964141, 24.9425029 ], [ 121.1962891, 24.9424989 ], [ 121.1960276, 24.9425885 ], [ 121.1960608, 24.942614 ], [ 121.1960266, 24.9426649 ], [ 121.1958457, 24.9427748 ], [ 121.195641, 24.9429322 ], [ 121.1955482, 24.9430774 ], [ 121.1956266, 24.9431142 ], [ 121.1955971, 24.9431642 ] ] ] } },
{ "type": "Feature", "properties": { "element": "way", "id": 989042069, "name": "新竹物流股份有限公司平鎮營業所", "landuse": "industrial" }, "geometry": { "type": "Polygon", "coordinates": [ [ [ 121.195296, 24.9449334 ], [ 121.1952866, 24.9446497 ], [ 121.1952773, 24.9443702 ], [ 121.1952365, 24.9443052 ], [ 121.1952726, 24.9440913 ], [ 121.1952563, 24.9439973 ], [ 121.1953234, 24.9439513 ], [ 121.1955612, 24.9439937 ], [ 121.195612, 24.9439881 ], [ 121.1957685, 24.9440066 ], [ 121.1961548, 24.9443899 ], [ 121.1961568, 24.94446 ], [ 121.1962767, 24.9445374 ], [ 121.1963296, 24.9446019 ], [ 121.1963418, 24.9446498 ], [ 121.196295, 24.9447456 ], [ 121.1960572, 24.9452119 ], [ 121.1958336, 24.9450848 ], [ 121.1955632, 24.9449981 ], [ 121.195301, 24.945 ], [ 121.195296, 24.9449334 ] ] ] } },
{ "type": "Feature", "properties": { "element": "way", "id": 989891250, "name": null, "landuse": "industrial" }, "geometry": { "type": "Polygon", "coordinates": [ [ [ 121.2218702, 24.9274266 ], [ 121.2221614, 24.9269004 ], [ 121.2232586, 24.9272118 ], [ 121.2230027, 24.927707 ], [ 121.2218702, 24.9274266 ] ] ] } },
{ "type": "Feature", "properties": { "element": "way", "id": 991429729, "name": null, "landuse": "industrial" }, "geometry": { "type": "Polygon", "coordinates": [ [ [ 121.2260681, 24.9234023 ], [ 121.2266689, 24.9227195 ], [ 121.2272055, 24.9230864 ], [ 121.227488, 24.9232633 ], [ 121.2279474, 24.9235896 ], [ 121.227982, 24.9236449 ], [ 121.2280003, 24.9237094 ], [ 121.2279678, 24.9240449 ], [ 121.2273542, 24.9239649 ], [ 121.2265963, 24.9238825 ], [ 121.2265162, 24.9243631 ], [ 121.2267288, 24.9243827 ], [ 121.2266856, 24.9245517 ], [ 121.2265732, 24.924799 ], [ 121.2265288, 24.9249083 ], [ 121.2268032, 24.9249782 ], [ 121.2268067, 24.9251137 ], [ 121.2267145, 24.9251381 ], [ 121.2262311, 24.9250693 ], [ 121.2262194, 24.9250661 ], [ 121.2263047, 24.9248448 ], [ 121.2263338, 24.9247326 ], [ 121.2263841, 24.9245875 ], [ 121.225889, 24.9244213 ], [ 121.2261459, 24.9240815 ], [ 121.226251, 24.9239851 ], [ 121.2263175, 24.9239523 ], [ 121.2260968, 24.9234568 ], [ 121.2260681, 24.9234023 ] ] ] } },
{ "type": "Feature", "properties": { "element": "way", "id": 993362160, "name": null, "landuse": "industrial" }, "geometry": { "type": "Polygon", "coordinates": [ [ [ 121.2180482, 24.9746427 ], [ 121.2180502, 24.9748414 ], [ 121.2180687, 24.9750145 ], [ 121.218118, 24.9751654 ], [ 121.218195, 24.9753357 ], [ 121.2182597, 24.9755033 ], [ 121.218346, 24.9758776 ], [ 121.2184847, 24.9759167 ], [ 121.2185401, 24.97571 ], [ 121.2185802, 24.9756206 ], [ 121.2186202, 24.9755871 ], [ 121.2185956, 24.9754419 ], [ 121.2186911, 24.9751961 ], [ 121.2187188, 24.9750788 ], [ 121.2187244, 24.9748062 ], [ 121.2184781, 24.9747621 ], [ 121.2180482, 24.9746427 ] ] ] } },
{ "type": "Feature", "properties": { "element": "way", "id": 995993185, "name": "宏全合板有限公司", "landuse": "industrial" }, "geometry": { "type": "Polygon", "coordinates": [ [ [ 121.2279708, 24.9277906 ], [ 121.228056, 24.927243 ], [ 121.2287268, 24.927302 ], [ 121.2287634, 24.927385 ], [ 121.2288102, 24.9273868 ], [ 121.2289748, 24.927232 ], [ 121.2290561, 24.9272596 ], [ 121.2291212, 24.9273168 ], [ 121.2291578, 24.9273647 ], [ 121.229174, 24.9274384 ], [ 121.2291578, 24.9274735 ], [ 121.2291293, 24.9275288 ], [ 121.229113, 24.9275656 ], [ 121.2289606, 24.9276762 ], [ 121.2289098, 24.9276947 ], [ 121.2288976, 24.9277186 ], [ 121.2288773, 24.9277371 ], [ 121.228798, 24.9279693 ], [ 121.2287796, 24.927965 ], [ 121.2279708, 24.9277906 ] ] ] } },
{ "type": "Feature", "properties": { "element": "way", "id": 996551272, "name": "中航物流", "landuse": "industrial" }, "geometry": { "type": "Polygon", "coordinates": [ [ [ 121.1742779, 24.9156611 ], [ 121.1745547, 24.9159647 ], [ 121.1755772, 24.9165942 ], [ 121.1751706, 24.9172452 ], [ 121.1751437, 24.9173824 ], [ 121.1752821, 24.9177648 ], [ 121.1752596, 24.9179847 ], [ 121.1752714, 24.9183135 ], [ 121.174957, 24.9183359 ], [ 121.1743959, 24.918406 ], [ 121.1742543, 24.9182941 ], [ 121.1739528, 24.9182581 ], [ 121.1736213, 24.9181569 ], [ 121.173529, 24.9181111 ], [ 121.1739324, 24.9176743 ], [ 121.1741266, 24.9173639 ], [ 121.1744882, 24.9175127 ], [ 121.1746212, 24.9170973 ], [ 121.1748229, 24.9171313 ], [ 121.1748616, 24.9166935 ], [ 121.1745172, 24.9166652 ], [ 121.1740891, 24.916565 ], [ 121.1738262, 24.9164531 ], [ 121.1742779, 24.9156611 ] ] ] } },
{ "type": "Feature", "properties": { "element": "way", "id": 996551277, "name": "家樂福楊梅物流中心", "landuse": "industrial" }, "geometry": { "type": "Polygon", "coordinates": [ [ [ 121.1801761, 24.9285733 ], [ 121.1862383, 24.9319388 ], [ 121.1864076, 24.9314158 ], [ 121.187384, 24.9298281 ], [ 121.1877505, 24.9287516 ], [ 121.1819054, 24.9259398 ], [ 121.1801761, 24.9285733 ] ] ] } },
{ "type": "Feature", "properties": { "element": "way", "id": 997100215, "name": "欣隆倉儲物流", "landuse": "industrial" }, "geometry": { "type": "Polygon", "coordinates": [ [ [ 121.180849, 24.8982068 ], [ 121.1820849, 24.8982432 ], [ 121.1837376, 24.8984446 ], [ 121.1838089, 24.8982714 ], [ 121.1832636, 24.8980365 ], [ 121.1831909, 24.8979303 ], [ 121.1830117, 24.8978705 ], [ 121.183105, 24.8976814 ], [ 121.1828376, 24.8976785 ], [ 121.1828954, 24.8974076 ], [ 121.1831767, 24.8973946 ], [ 121.1832061, 24.8972839 ], [ 121.1813748, 24.8966297 ], [ 121.1807834, 24.8966296 ], [ 121.180849, 24.8982068 ] ] ] } },
{ "type": "Feature", "properties": { "element": "way", "id": 997373245, "name": "連結機械", "landuse": "industrial" }, "geometry": { "type": "Polygon", "coordinates": [ [ [ 121.180318, 24.9032902 ], [ 121.1810604, 24.9033214 ], [ 121.1813758, 24.9031267 ], [ 121.1816591, 24.9029983 ], [ 121.1829272, 24.9032474 ], [ 121.1830817, 24.9032027 ], [ 121.1830843, 24.9020884 ], [ 121.1830081, 24.9020705 ], [ 121.1814074, 24.9017567 ], [ 121.1808081, 24.9024668 ], [ 121.1803878, 24.9031398 ], [ 121.180318, 24.9032902 ] ] ] } },
{ "type": "Feature", "properties": { "element": "way", "id": 997373246, "name": "大東電業廠", "landuse": "industrial" }, "geometry": { "type": "Polygon", "coordinates": [ [ [ 121.1819791, 24.9052889 ], [ 121.1848966, 24.9055647 ], [ 121.1849323, 24.9052612 ], [ 121.1845166, 24.9051759 ], [ 121.1846251, 24.9043933 ], [ 121.1839785, 24.9042041 ], [ 121.1838334, 24.9041617 ], [ 121.1831596, 24.9044361 ], [ 121.1829386, 24.904296 ], [ 121.1830952, 24.903934 ], [ 121.1827733, 24.9038269 ], [ 121.1823013, 24.9039476 ], [ 121.1819188, 24.9041816 ], [ 121.1818759, 24.9043957 ], [ 121.181789, 24.9044424 ], [ 121.1817697, 24.9045806 ], [ 121.1817085, 24.904637 ], [ 121.1816205, 24.9050204 ], [ 121.1819791, 24.9052889 ] ] ] } },
{ "type": "Feature", "properties": { "element": "way", "id": 997373247, "name": "合晶科技", "landuse": "industrial" }, "geometry": { "type": "Polygon", "coordinates": [ [ [ 121.1831596, 24.9044361 ], [ 121.1829386, 24.904296 ], [ 121.1830952, 24.903934 ], [ 121.1830817, 24.9032027 ], [ 121.1830843, 24.9020884 ], [ 121.183973, 24.9022467 ], [ 121.1839785, 24.9042041 ], [ 121.1838334, 24.9041617 ], [ 121.1831596, 24.9044361 ] ] ] } },
{ "type": "Feature", "properties": { "element": "way", "id": 997373248, "name": "BMW整備中心", "landuse": "industrial" }, "geometry": { "type": "Polygon", "coordinates": [ [ [ 121.1839785, 24.9042041 ], [ 121.1846251, 24.9043933 ], [ 121.1846795, 24.9042679 ], [ 121.1848101, 24.9042752 ], [ 121.1848688, 24.9031213 ], [ 121.1848836, 24.9024459 ], [ 121.183973, 24.9022467 ], [ 121.1839785, 24.9042041 ] ] ] } },
{ "type": "Feature", "properties": { "element": "way", "id": 997373249, "name": null, "landuse": "industrial" }, "geometry": { "type": "Polygon", "coordinates": [ [ [ 121.1848688, 24.9031213 ], [ 121.1852774, 24.9031944 ], [ 121.18539, 24.9025608 ], [ 121.1848836, 24.9024459 ], [ 121.1848688, 24.9031213 ] ] ] } },
{ "type": "Feature", "properties": { "element": "way", "id": 997373250, "name": "富達航太", "landuse": "industrial" }, "geometry": { "type": "Polygon", "coordinates": [ [ [ 121.184882, 24.9042898 ], [ 121.1866088, 24.9045782 ], [ 121.1863624, 24.9028029 ], [ 121.18539, 24.9025608 ], [ 121.1852774, 24.9031944 ], [ 121.1849649, 24.9042113 ], [ 121.184882, 24.9042898 ] ] ] } },
{ "type": "Feature", "properties": { "element": "way", "id": 997373251, "name": null, "landuse": "industrial" }, "geometry": { "type": "Polygon", "coordinates": [ [ [ 121.1867473, 24.9052855 ], [ 121.1870007, 24.9053186 ], [ 121.1868732, 24.9028758 ], [ 121.1863624, 24.9028029 ], [ 121.1866088, 24.9045782 ], [ 121.1867473, 24.9052855 ] ] ] } },
{ "type": "Feature", "properties": { "element": "way", "id": 997373252, "name": null, "landuse": "industrial" }, "geometry": { "type": "Polygon", "coordinates": [ [ [ 121.1863145, 24.9026232 ], [ 121.1865041, 24.9026728 ], [ 121.1867682, 24.9026012 ], [ 121.1868471, 24.9026439 ], [ 121.186844, 24.9024099 ], [ 121.1862857, 24.9013684 ], [ 121.1861263, 24.9013953 ], [ 121.1863145, 24.9026232 ] ] ] } },
{ "type": "Feature", "properties": { "element": "way", "id": 997373253, "name": "DENSO台灣電綜", "landuse": "industrial" }, "geometry": { "type": "Polygon", "coordinates": [ [ [ 121.182901, 24.9003338 ], [ 121.1855381, 24.9006655 ], [ 121.1853939, 24.9011582 ], [ 121.1859432, 24.9012298 ], [ 121.1859071, 24.900874 ], [ 121.186156, 24.9009084 ], [ 121.1862083, 24.9006318 ], [ 121.1858851, 24.9005726 ], [ 121.1860217, 24.8995718 ], [ 121.1836199, 24.8992663 ], [ 121.1832527, 24.899792 ], [ 121.1828339, 24.9002021 ], [ 121.182901, 24.9003338 ] ] ] } },
{ "type": "Feature", "properties": { "element": "way", "id": 997373255, "name": "HONDA台灣先進捷通", "landuse": "industrial" }, "geometry": { "type": "Polygon", "coordinates": [ [ [ 121.182505, 24.9003135 ], [ 121.1818248, 24.8998619 ], [ 121.182469, 24.8990561 ], [ 121.1829394, 24.8984678 ], [ 121.1836222, 24.8985559 ], [ 121.1836646, 24.8986054 ], [ 121.1836783, 24.8986743 ], [ 121.1833885, 24.8993417 ], [ 121.1832034, 24.8996046 ], [ 121.182505, 24.9003135 ] ] ] } },
{ "type": "Feature", "properties": { "element": "way", "id": 997373256, "name": "Rinnai台灣林內工業", "landuse": "industrial" }, "geometry": { "type": "Polygon", "coordinates": [ [ [ 121.1836199, 24.8992663 ], [ 121.1839182, 24.8985569 ], [ 121.1854582, 24.8986532 ], [ 121.1854608, 24.898682 ], [ 121.1862198, 24.8987477 ], [ 121.1861967, 24.8989895 ], [ 121.1861399, 24.8991802 ], [ 121.1861538, 24.8995909 ], [ 121.1860217, 24.8995718 ], [ 121.1836199, 24.8992663 ] ] ] } },
{ "type": "Feature", "properties": { "element": "way", "id": 997373257, "name": "DKSH大昌華嘉", "landuse": "industrial" }, "geometry": { "type": "Polygon", "coordinates": [ [ [ 121.1839182, 24.8985569 ], [ 121.1854582, 24.8986532 ], [ 121.1854608, 24.898682 ], [ 121.1862198, 24.8987477 ], [ 121.1863092, 24.8983765 ], [ 121.1863396, 24.8982224 ], [ 121.186291, 24.8981412 ], [ 121.1858389, 24.8980146 ], [ 121.1858788, 24.8978208 ], [ 121.1856143, 24.8977503 ], [ 121.1856213, 24.8976462 ], [ 121.1854963, 24.8976106 ], [ 121.1854925, 24.897524 ], [ 121.1853874, 24.8974282 ], [ 121.1853181, 24.8972495 ], [ 121.184347, 24.8971105 ], [ 121.184039, 24.8981703 ], [ 121.1839182, 24.8985569 ] ] ] } },
{ "type": "Feature", "properties": { "element": "way", "id": 997373258, "name": "GFC崇有實業", "landuse": "industrial" }, "geometry": { "type": "Polygon", "coordinates": [ [ [ 121.1827237, 24.8958115 ], [ 121.1842343, 24.8957803 ], [ 121.1841871, 24.8950329 ], [ 121.1825561, 24.8941701 ], [ 121.1824443, 24.8944516 ], [ 121.1825656, 24.8946131 ], [ 121.1825613, 24.8947036 ], [ 121.1826321, 24.894725 ], [ 121.1826342, 24.8948379 ], [ 121.1827136, 24.894873 ], [ 121.1827237, 24.8958115 ] ] ] } },
{ "type": "Feature", "properties": { "element": "way", "id": 997373259, "name": null, "landuse": "industrial" }, "geometry": { "type": "Polygon", "coordinates": [ [ [ 121.1825972, 24.8969716 ], [ 121.1840265, 24.8974794 ], [ 121.184119, 24.8974106 ], [ 121.1842359, 24.8963371 ], [ 121.1842313, 24.8958086 ], [ 121.1832987, 24.8958186 ], [ 121.1831887, 24.8960273 ], [ 121.1831094, 24.8960132 ], [ 121.1825972, 24.8969716 ] ] ] } },
{ "type": "Feature", "properties": { "element": "way", "id": 997373261, "name": "福佑木業", "landuse": "industrial" }, "geometry": { "type": "Polygon", "coordinates": [ [ [ 121.1825972, 24.8969716 ], [ 121.1823129, 24.8968726 ], [ 121.182977, 24.8958634 ], [ 121.1831094, 24.8960132 ], [ 121.1825972, 24.8969716 ] ] ] } },
{ "type": "Feature", "properties": { "element": "way", "id": 997373262, "name": "鑫茂環保", "landuse": "industrial" }, "geometry": { "type": "Polygon", "coordinates": [ [ [ 121.1823129, 24.8968726 ], [ 121.1819084, 24.8967548 ], [ 121.1826133, 24.8957038 ], [ 121.1827184, 24.8958332 ], [ 121.182977, 24.8958634 ], [ 121.1823129, 24.8968726 ] ] ] } },
{ "type": "Feature", "properties": { "element": "way", "id": 997373263, "name": null, "landuse": "industrial" }, "geometry": { "type": "Polygon", "coordinates": [ [ [ 121.1805561, 24.8981917 ], [ 121.180849, 24.8982068 ], [ 121.1807834, 24.8966296 ], [ 121.1806913, 24.8964964 ], [ 121.1805529, 24.8964497 ], [ 121.1804553, 24.8964536 ], [ 121.1803727, 24.8965354 ], [ 121.1803029, 24.8969188 ], [ 121.1803083, 24.8974443 ], [ 121.180363, 24.8976789 ], [ 121.1805561, 24.8981917 ] ] ] } },
{ "type": "Feature", "properties": { "element": "way", "id": 997373264, "name": null, "landuse": "industrial" }, "geometry": { "type": "Polygon", "coordinates": [ [ [ 121.1816629, 24.8987665 ], [ 121.1819043, 24.8987733 ], [ 121.1822272, 24.8983869 ], [ 121.1819558, 24.8983607 ], [ 121.1816918, 24.8983422 ], [ 121.1816629, 24.8987665 ] ] ] } },
{ "type": "Feature", "properties": { "element": "way", "id": 997373265, "name": "百福林", "landuse": "industrial" }, "geometry": { "type": "Polygon", "coordinates": [ [ [ 121.1814859, 24.8987574 ], [ 121.1816629, 24.8987665 ], [ 121.1816918, 24.8983422 ], [ 121.1815159, 24.8983346 ], [ 121.1814859, 24.8987574 ] ] ] } },
{ "type": "Feature", "properties": { "element": "way", "id": 997373266, "name": "欣華揚", "landuse": "industrial" }, "geometry": { "type": "Polygon", "coordinates": [ [ [ 121.1811183, 24.8989096 ], [ 121.1814596, 24.8989357 ], [ 121.1814859, 24.8987574 ], [ 121.1815159, 24.8983346 ], [ 121.1811071, 24.8983239 ], [ 121.1811071, 24.8987754 ], [ 121.1811183, 24.8989096 ] ] ] } },
{ "type": "Feature", "properties": { "element": "way", "id": 997373267, "name": "Needleless尼得立斯", "landuse": "industrial" }, "geometry": { "type": "Polygon", "coordinates": [ [ [ 121.182469, 24.8990561 ], [ 121.1824278, 24.8990297 ], [ 121.1820555, 24.8987915 ], [ 121.1823988, 24.8983925 ], [ 121.1829394, 24.8984678 ], [ 121.182469, 24.8990561 ] ] ] } },
{ "type": "Feature", "properties": { "element": "way", "id": 997373268, "name": "華揚", "landuse": "industrial" }, "geometry": { "type": "Polygon", "coordinates": [ [ [ 121.1817664, 24.8998428 ], [ 121.1814265, 24.8996281 ], [ 121.181651, 24.8993233 ], [ 121.1820091, 24.8995325 ], [ 121.1817664, 24.8998428 ] ] ] } },
{ "type": "Feature", "properties": { "element": "way", "id": 997373269, "name": "達邡化工", "landuse": "industrial" }, "geometry": { "type": "Polygon", "coordinates": [ [ [ 121.1820091, 24.8995325 ], [ 121.1821426, 24.8993687 ], [ 121.18178, 24.8991513 ], [ 121.181651, 24.8993233 ], [ 121.1820091, 24.8995325 ] ] ] } },
{ "type": "Feature", "properties": { "element": "way", "id": 997373270, "name": "弘帆工業", "landuse": "industrial" }, "geometry": { "type": "Polygon", "coordinates": [ [ [ 121.1823268, 24.8991554 ], [ 121.1819703, 24.898918 ], [ 121.1820555, 24.8987915 ], [ 121.1824278, 24.8990297 ], [ 121.1823268, 24.8991554 ] ] ] } },
{ "type": "Feature", "properties": { "element": "way", "id": 997373271, "name": "世兆鋁業", "landuse": "industrial" }, "geometry": { "type": "Polygon", "coordinates": [ [ [ 121.1822229, 24.8992662 ], [ 121.1823268, 24.8991554 ], [ 121.1819703, 24.898918 ], [ 121.1818648, 24.8990419 ], [ 121.1822229, 24.8992662 ] ] ] } },
{ "type": "Feature", "properties": { "element": "way", "id": 997373272, "name": null, "landuse": "industrial" }, "geometry": { "type": "Polygon", "coordinates": [ [ [ 121.1821426, 24.8993687 ], [ 121.1822229, 24.8992662 ], [ 121.1818648, 24.8990419 ], [ 121.18178, 24.8991513 ], [ 121.1821426, 24.8993687 ] ] ] } },
{ "type": "Feature", "properties": { "element": "way", "id": 997373273, "name": "有宸科技", "landuse": "industrial" }, "geometry": { "type": "Polygon", "coordinates": [ [ [ 121.1814596, 24.8989357 ], [ 121.1817971, 24.898958 ], [ 121.1819043, 24.8987733 ], [ 121.1816629, 24.8987665 ], [ 121.1814859, 24.8987574 ], [ 121.1814596, 24.8989357 ] ] ] } },
{ "type": "Feature", "properties": { "element": "way", "id": 997373274, "name": "廣源機械", "landuse": "industrial" }, "geometry": { "type": "Polygon", "coordinates": [ [ [ 121.1815344, 24.8992925 ], [ 121.1817971, 24.898958 ], [ 121.1814596, 24.8989357 ], [ 121.1811183, 24.8989096 ], [ 121.18107, 24.8989094 ], [ 121.1810701, 24.899051 ], [ 121.181253, 24.8991122 ], [ 121.1814525, 24.8991095 ], [ 121.1815344, 24.8992925 ] ] ] } },
{ "type": "Feature", "properties": { "element": "way", "id": 997373275, "name": "冠格科技", "landuse": "industrial" }, "geometry": { "type": "Polygon", "coordinates": [ [ [ 121.1806799, 24.9022062 ], [ 121.1804417, 24.9020077 ], [ 121.1811133, 24.9012711 ], [ 121.1813944, 24.9014871 ], [ 121.1806799, 24.9022062 ] ] ] } },
{ "type": "Feature", "properties": { "element": "way", "id": 997373276, "name": null, "landuse": "industrial" }, "geometry": { "type": "Polygon", "coordinates": [ [ [ 121.1813953, 24.9014429 ], [ 121.1809779, 24.9011082 ], [ 121.1812107, 24.9006819 ], [ 121.1813084, 24.9004513 ], [ 121.1811646, 24.90028 ], [ 121.1812515, 24.8999744 ], [ 121.181436, 24.8998616 ], [ 121.1815315, 24.8999151 ], [ 121.1815798, 24.9000542 ], [ 121.1822504, 24.9005515 ], [ 121.1813953, 24.9014429 ] ] ] } },
{ "type": "Feature", "properties": { "element": "way", "id": 997373277, "name": "大陸工程-埔頂環保", "landuse": "industrial" }, "geometry": { "type": "Polygon", "coordinates": [ [ [ 121.184347, 24.8971105 ], [ 121.1853181, 24.8972495 ], [ 121.1852922, 24.8970049 ], [ 121.1856305, 24.8965934 ], [ 121.1858517, 24.8956995 ], [ 121.1857979, 24.8955192 ], [ 121.1856196, 24.8953788 ], [ 121.1846189, 24.8951455 ], [ 121.184386, 24.8951668 ], [ 121.1844381, 24.8963758 ], [ 121.184347, 24.8971105 ] ] ] } },
{ "type": "Feature", "properties": { "element": "way", "id": 997707215, "name": "建得櫃場空櫃場", "landuse": "industrial" }, "geometry": { "type": "Polygon", "coordinates": [ [ [ 121.184241, 24.8947634 ], [ 121.1842796, 24.8947449 ], [ 121.1846181, 24.8939749 ], [ 121.184788, 24.8933363 ], [ 121.1846135, 24.892922 ], [ 121.1836819, 24.8930528 ], [ 121.1841356, 24.8945048 ], [ 121.184241, 24.8947634 ] ] ] } },
{ "type": "Feature", "properties": { "element": "way", "id": 997707216, "name": "泰電電業", "landuse": "industrial" }, "geometry": { "type": "Polygon", "coordinates": [ [ [ 121.1840868, 24.8949086 ], [ 121.1841458, 24.8948813 ], [ 121.1837374, 24.8936136 ], [ 121.1834507, 24.8934663 ], [ 121.1834173, 24.8931181 ], [ 121.1835743, 24.8930066 ], [ 121.1835766, 24.8929743 ], [ 121.1835227, 24.8929041 ], [ 121.1825972, 24.8924526 ], [ 121.1823059, 24.8923178 ], [ 121.1821208, 24.8922042 ], [ 121.1817786, 24.8918608 ], [ 121.1809711, 24.8915056 ], [ 121.180808, 24.8913829 ], [ 121.1809518, 24.8924778 ], [ 121.180973, 24.8929391 ], [ 121.1809915, 24.8936637 ], [ 121.1817452, 24.8936612 ], [ 121.1820275, 24.8938345 ], [ 121.1822771, 24.8938833 ], [ 121.1823256, 24.8939721 ], [ 121.1828908, 24.8942859 ], [ 121.1839522, 24.8948419 ], [ 121.1840868, 24.8949086 ] ] ] } },
{ "type": "Feature", "properties": { "element": "way", "id": 997707219, "name": "鎮田機械", "landuse": "industrial" }, "geometry": { "type": "Polygon", "coordinates": [ [ [ 121.1802535, 24.8937487 ], [ 121.1808242, 24.8936533 ], [ 121.1808789, 24.893589 ], [ 121.1808596, 24.8928893 ], [ 121.1802191, 24.8928864 ], [ 121.1802535, 24.8937487 ] ] ] } },
{ "type": "Feature", "properties": { "element": "way", "id": 997707220, "name": "金力誠汽車", "landuse": "industrial" }, "geometry": { "type": "Polygon", "coordinates": [ [ [ 121.1808596, 24.8928893 ], [ 121.1808081, 24.8921954 ], [ 121.1799691, 24.8921633 ], [ 121.1799316, 24.8923122 ], [ 121.1800839, 24.8928893 ], [ 121.1802191, 24.8928864 ], [ 121.1808596, 24.8928893 ] ] ] } },
{ "type": "Feature", "properties": { "element": "way", "id": 997821892, "name": "葡萄王生技(股)公司", "landuse": "industrial" }, "geometry": { "type": "Polygon", "coordinates": [ [ [ 121.2310293, 24.936838 ], [ 121.2323818, 24.9371718 ], [ 121.2316858, 24.9380121 ], [ 121.2316614, 24.9380047 ], [ 121.2316879, 24.9379181 ], [ 121.2311817, 24.9377872 ], [ 121.2312137, 24.9376252 ], [ 121.2309677, 24.9375875 ], [ 121.2309272, 24.9375608 ], [ 121.2308017, 24.937706 ], [ 121.2306693, 24.9377018 ], [ 121.2306772, 24.9376424 ], [ 121.2306675, 24.9376296 ], [ 121.2307029, 24.9375718 ], [ 121.2306578, 24.9375517 ], [ 121.2307392, 24.9373151 ], [ 121.230894, 24.9368216 ], [ 121.2310293, 24.936838 ] ] ] } },
{ "type": "Feature", "properties": { "element": "way", "id": 997822520, "name": "欣鴻科技", "landuse": "industrial" }, "geometry": { "type": "Polygon", "coordinates": [ [ [ 121.2152744, 24.9339048 ], [ 121.2150904, 24.9333977 ], [ 121.2157964, 24.9331233 ], [ 121.2160017, 24.933656 ], [ 121.2152744, 24.9339048 ] ] ] } },
{ "type": "Feature", "properties": { "element": "way", "id": 997824815, "name": "絲竹樂有限公司", "landuse": "industrial" }, "geometry": { "type": "Polygon", "coordinates": [ [ [ 121.2258421, 24.9320965 ], [ 121.2256898, 24.9320497 ], [ 121.2257575, 24.9319156 ], [ 121.2254679, 24.9318542 ], [ 121.2234529, 24.9323319 ], [ 121.2235823, 24.9328097 ], [ 121.2245652, 24.9325582 ], [ 121.2255234, 24.93229 ], [ 121.2255553, 24.932275 ], [ 121.2256055, 24.932284 ], [ 121.2256166, 24.9322239 ], [ 121.2257891, 24.9322634 ], [ 121.2258421, 24.9320965 ] ] ] } },
{ "type": "Feature", "properties": { "element": "way", "id": 1000725730, "name": "奇鼎科技", "landuse": "industrial" }, "geometry": { "type": "Polygon", "coordinates": [ [ [ 121.0013694, 24.8632827 ], [ 121.0021523, 24.8628528 ], [ 121.0023774, 24.8632184 ], [ 121.0016019, 24.8636212 ], [ 121.0013694, 24.8632827 ] ] ] } },
{ "type": "Feature", "properties": { "element": "way", "id": 1001007153, "name": null, "landuse": "industrial" }, "geometry": { "type": "Polygon", "coordinates": [ [ [ 121.1045074, 24.880939 ], [ 121.1044963, 24.8806368 ], [ 121.1061457, 24.8807627 ], [ 121.1068899, 24.8810448 ], [ 121.1068399, 24.8813522 ], [ 121.1063734, 24.8814832 ], [ 121.1051905, 24.8811909 ], [ 121.1045074, 24.880939 ] ] ] } },
{ "type": "Feature", "properties": { "element": "way", "id": 1001050203, "name": null, "landuse": "industrial" }, "geometry": { "type": "Polygon", "coordinates": [ [ [ 121.0285563, 24.8849067 ], [ 121.0293031, 24.8844038 ], [ 121.028997, 24.8840298 ], [ 121.0282502, 24.8845326 ], [ 121.0285563, 24.8849067 ] ] ] } },
{ "type": "Feature", "properties": { "element": "way", "id": 1002519808, "name": "亞崴機電股份有限公司", "landuse": "industrial" }, "geometry": { "type": "Polygon", "coordinates": [ [ [ 121.0646972, 24.8222879 ], [ 121.0633515, 24.8207484 ], [ 121.0643813, 24.8201514 ], [ 121.0655701, 24.8216219 ], [ 121.0646972, 24.8222879 ] ] ] } },
{ "type": "Feature", "properties": { "element": "way", "id": 1002519821, "name": null, "landuse": "industrial" }, "geometry": { "type": "Polygon", "coordinates": [ [ [ 121.069548, 24.8179874 ], [ 121.0693056, 24.8178263 ], [ 121.0692148, 24.8173236 ], [ 121.0703658, 24.8171233 ], [ 121.070474, 24.8177085 ], [ 121.0704545, 24.8178617 ], [ 121.0702014, 24.8178028 ], [ 121.069548, 24.8179874 ] ] ] } },
{ "type": "Feature", "properties": { "element": "way", "id": 1002679934, "name": "白馬窯業股份有限公司", "landuse": "industrial" }, "geometry": { "type": "Polygon", "coordinates": [ [ [ 121.1615263, 24.9506096 ], [ 121.1629606, 24.9517377 ], [ 121.1627057, 24.952142 ], [ 121.1634277, 24.9523024 ], [ 121.163364, 24.9525399 ], [ 121.1634631, 24.9525591 ], [ 121.1635339, 24.9523409 ], [ 121.163718, 24.9523794 ], [ 121.1638029, 24.9523217 ], [ 121.1639799, 24.9522896 ], [ 121.1640648, 24.9522383 ], [ 121.1639586, 24.9520971 ], [ 121.1649071, 24.951436 ], [ 121.1649708, 24.9515002 ], [ 121.1651124, 24.9514553 ], [ 121.1653035, 24.951282 ], [ 121.1652469, 24.9510574 ], [ 121.1652257, 24.9509355 ], [ 121.1653885, 24.9505568 ], [ 121.1653248, 24.9504926 ], [ 121.1656974, 24.9501078 ], [ 121.1653984, 24.9498 ], [ 121.1652426, 24.9495771 ], [ 121.1650593, 24.9492487 ], [ 121.1647117, 24.9489837 ], [ 121.1646431, 24.9490627 ], [ 121.1645781, 24.9492168 ], [ 121.1643935, 24.9493755 ], [ 121.1642799, 24.9494184 ], [ 121.1642123, 24.9494073 ], [ 121.1638793, 24.9491505 ], [ 121.1637749, 24.9490128 ], [ 121.1615263, 24.9506096 ] ] ] } },
{ "type": "Feature", "properties": { "element": "way", "id": 1003098115, "name": null, "landuse": "industrial" }, "geometry": { "type": "Polygon", "coordinates": [ [ [ 121.2212928, 24.9180874 ], [ 121.221108, 24.9178457 ], [ 121.2210202, 24.9179015 ], [ 121.2211511, 24.9181572 ], [ 121.2208045, 24.9183905 ], [ 121.2200881, 24.9179728 ], [ 121.2202946, 24.9175956 ], [ 121.2202268, 24.9170032 ], [ 121.2203762, 24.9162026 ], [ 121.2201914, 24.9157094 ], [ 121.2199603, 24.9152889 ], [ 121.220615, 24.9153308 ], [ 121.22149, 24.9156116 ], [ 121.2216918, 24.9158031 ], [ 121.2217673, 24.9158352 ], [ 121.2218952, 24.9158156 ], [ 121.2223563, 24.9157215 ], [ 121.222604, 24.9156798 ], [ 121.2228447, 24.9154519 ], [ 121.2230252, 24.9153621 ], [ 121.2231491, 24.9153845 ], [ 121.2232694, 24.9154038 ], [ 121.2232912, 24.9154325 ], [ 121.2232871, 24.9155192 ], [ 121.2232697, 24.9155949 ], [ 121.2232662, 24.9156182 ], [ 121.2232977, 24.9157375 ], [ 121.2233401, 24.916376 ], [ 121.2233439, 24.9165932 ], [ 121.2234025, 24.9167036 ], [ 121.2212928, 24.9180874 ] ] ] } },
{ "type": "Feature", "properties": { "element": "way", "id": 1003484484, "name": "國產建材實業股份有限公司中壢廠", "landuse": "industrial" }, "geometry": { "type": "Polygon", "coordinates": [ [ [ 121.2126128, 24.9246964 ], [ 121.2130598, 24.9246516 ], [ 121.2136027, 24.9246919 ], [ 121.2136515, 24.9246611 ], [ 121.2142921, 24.9249179 ], [ 121.2145593, 24.9245697 ], [ 121.2146425, 24.9245793 ], [ 121.2147168, 24.9245649 ], [ 121.2147345, 24.9245279 ], [ 121.2147363, 24.924475 ], [ 121.2147168, 24.9244028 ], [ 121.2146814, 24.9243707 ], [ 121.2146991, 24.9243402 ], [ 121.2146319, 24.9242808 ], [ 121.2145558, 24.9242599 ], [ 121.2145062, 24.9242134 ], [ 121.2144514, 24.9241701 ], [ 121.2144071, 24.9240882 ], [ 121.2141523, 24.9239743 ], [ 121.2141346, 24.9239294 ], [ 121.2140196, 24.9238892 ], [ 121.2140196, 24.9237705 ], [ 121.2139258, 24.9237464 ], [ 121.2138603, 24.9236999 ], [ 121.2136993, 24.9236196 ], [ 121.2135294, 24.9234945 ], [ 121.2131136, 24.923679 ], [ 121.2129985, 24.9236838 ], [ 121.2129225, 24.9236854 ], [ 121.2128729, 24.9237432 ], [ 121.2128552, 24.9238122 ], [ 121.2128198, 24.9239695 ], [ 121.2128057, 24.9240642 ], [ 121.2128357, 24.9241364 ], [ 121.2128641, 24.9242439 ], [ 121.2128605, 24.9242856 ], [ 121.2128269, 24.9243033 ], [ 121.2128216, 24.9243482 ], [ 121.2127508, 24.924406 ], [ 121.2126623, 24.9244734 ], [ 121.2126482, 24.9245488 ], [ 121.2125756, 24.9245905 ], [ 121.2126128, 24.9246964 ] ] ] } },
{ "type": "Feature", "properties": { "element": "way", "id": 1003933509, "name": "營豐環保工程有限公司", "landuse": "industrial" }, "geometry": { "type": "Polygon", "coordinates": [ [ [ 121.24126, 24.8938043 ], [ 121.2412553, 24.8931265 ], [ 121.2421286, 24.8931265 ], [ 121.242117, 24.8937344 ], [ 121.2417177, 24.8937259 ], [ 121.2417153, 24.8938085 ], [ 121.24126, 24.8938043 ] ] ] } },
{ "type": "Feature", "properties": { "element": "way", "id": 1006874266, "name": null, "landuse": "industrial" }, "geometry": { "type": "Polygon", "coordinates": [ [ [ 121.2617416, 24.871365 ], [ 121.2620273, 24.8712311 ], [ 121.2621247, 24.8713995 ], [ 121.2623059, 24.8713121 ], [ 121.2624685, 24.8716083 ], [ 121.2620849, 24.8718078 ], [ 121.2617416, 24.871365 ] ] ] } },
{ "type": "Feature", "properties": { "element": "way", "id": 1008721174, "name": "幸福水泥股份有限公司埔心廠", "landuse": "industrial" }, "geometry": { "type": "Polygon", "coordinates": [ [ [ 121.1793226, 24.9178566 ], [ 121.1798993, 24.917302 ], [ 121.1802855, 24.9174188 ], [ 121.1806181, 24.9173385 ], [ 121.1809427, 24.9171925 ], [ 121.181919, 24.9181704 ], [ 121.181802, 24.9182982 ], [ 121.1815209, 24.9186636 ], [ 121.1812797, 24.918671 ], [ 121.1812216, 24.9187761 ], [ 121.180454, 24.9183186 ], [ 121.1803445, 24.9181607 ], [ 121.1801541, 24.9181242 ], [ 121.1798725, 24.9181534 ], [ 121.1793226, 24.9178566 ] ] ] } },
{ "type": "Feature", "properties": { "element": "way", "id": 1013420994, "name": null, "landuse": "industrial" }, "geometry": { "type": "Polygon", "coordinates": [ [ [ 121.0933437, 24.7497445 ], [ 121.0941554, 24.7493867 ], [ 121.0942087, 24.7500109 ], [ 121.0948752, 24.7504144 ], [ 121.0946057, 24.7507345 ], [ 121.094185, 24.7504897 ], [ 121.0933437, 24.7497445 ] ] ] } },
{ "type": "Feature", "properties": { "element": "way", "id": 1013420995, "name": null, "landuse": "industrial" }, "geometry": { "type": "Polygon", "coordinates": [ [ [ 121.0967593, 24.7484738 ], [ 121.0975982, 24.7481227 ], [ 121.0978534, 24.7483299 ], [ 121.0970531, 24.7493831 ], [ 121.0967362, 24.7489723 ], [ 121.0967593, 24.7484738 ] ] ] } },
{ "type": "Feature", "properties": { "element": "way", "id": 1017313101, "name": "美亞鋼管埔心總廠", "landuse": "industrial" }, "geometry": { "type": "Polygon", "coordinates": [ [ [ 121.1831494, 24.9226371 ], [ 121.1846687, 24.9229807 ], [ 121.1852353, 24.9231476 ], [ 121.1856683, 24.9225945 ], [ 121.185708, 24.9224178 ], [ 121.1856827, 24.9222935 ], [ 121.1855095, 24.9222313 ], [ 121.1851847, 24.9221985 ], [ 121.1849682, 24.9221036 ], [ 121.1848311, 24.9219236 ], [ 121.1847084, 24.9217404 ], [ 121.1832468, 24.9214295 ], [ 121.1831638, 24.9216618 ], [ 121.1831999, 24.9217371 ], [ 121.1830375, 24.9222215 ], [ 121.1831494, 24.9226371 ] ] ] } },
{ "type": "Feature", "properties": { "element": "way", "id": 1017314104, "name": "和昌國際工業股份有限公司楊梅廠", "landuse": "industrial" }, "geometry": { "type": "Polygon", "coordinates": [ [ [ 121.1800886, 24.9190479 ], [ 121.1804688, 24.9186799 ], [ 121.1806959, 24.9188998 ], [ 121.1808567, 24.9189784 ], [ 121.1811501, 24.9190456 ], [ 121.1809944, 24.9196033 ], [ 121.18096, 24.919712 ], [ 121.1804356, 24.9193024 ], [ 121.1800886, 24.9190479 ] ] ] } },
{ "type": "Feature", "properties": { "element": "way", "id": 1021906238, "name": "三福氣體", "landuse": "industrial" }, "geometry": { "type": "Polygon", "coordinates": [ [ [ 121.0083173, 24.8460176 ], [ 121.0085891, 24.8462884 ], [ 121.0093623, 24.8457582 ], [ 121.008725, 24.8448723 ], [ 121.0084501, 24.8450041 ], [ 121.0078597, 24.84553 ], [ 121.0083173, 24.8460176 ] ] ] } },
{ "type": "Feature", "properties": { "element": "way", "id": 1021906239, "name": "同欣電子工業 竹北廠", "landuse": "industrial" }, "geometry": { "type": "Polygon", "coordinates": [ [ [ 121.0099203, 24.8478124 ], [ 121.0105085, 24.847337 ], [ 121.0097558, 24.8463267 ], [ 121.0090481, 24.8467844 ], [ 121.0099203, 24.8478124 ] ] ] } },
{ "type": "Feature", "properties": { "element": "way", "id": 1021906240, "name": "天宇工業 竹北廠", "landuse": "industrial" }, "geometry": { "type": "Polygon", "coordinates": [ [ [ 121.0090481, 24.8467844 ], [ 121.0085891, 24.8462884 ], [ 121.0093623, 24.8457582 ], [ 121.0097558, 24.8463267 ], [ 121.0090481, 24.8467844 ] ] ] } },
{ "type": "Feature", "properties": { "element": "way", "id": 1021906246, "name": "千鴻電子", "landuse": "industrial" }, "geometry": { "type": "Polygon", "coordinates": [ [ [ 121.0110581, 24.8489409 ], [ 121.011509, 24.8486358 ], [ 121.0116435, 24.8487994 ], [ 121.0111993, 24.8490965 ], [ 121.0110581, 24.8489409 ] ] ] } },
{ "type": "Feature", "properties": { "element": "way", "id": 1021906247, "name": "竹金倉儲", "landuse": "industrial" }, "geometry": { "type": "Polygon", "coordinates": [ [ [ 121.0110581, 24.8489409 ], [ 121.0106608, 24.8485546 ], [ 121.0111324, 24.8482256 ], [ 121.0109166, 24.8479672 ], [ 121.0110975, 24.8478296 ], [ 121.0116716, 24.848436 ], [ 121.011509, 24.8486358 ], [ 121.0110581, 24.8489409 ] ] ] } },
{ "type": "Feature", "properties": { "element": "way", "id": 1021906248, "name": null, "landuse": "industrial" }, "geometry": { "type": "Polygon", "coordinates": [ [ [ 121.0106608, 24.8485546 ], [ 121.0104695, 24.8483487 ], [ 121.0109166, 24.8479672 ], [ 121.0111324, 24.8482256 ], [ 121.0106608, 24.8485546 ] ] ] } },
{ "type": "Feature", "properties": { "element": "way", "id": 1021906249, "name": "登揚營造 竹北料廠", "landuse": "industrial" }, "geometry": { "type": "Polygon", "coordinates": [ [ [ 121.0125694, 24.8498424 ], [ 121.0127651, 24.8497657 ], [ 121.0126161, 24.8495981 ], [ 121.012952, 24.8493822 ], [ 121.012903, 24.8492631 ], [ 121.0131321, 24.849037 ], [ 121.0133368, 24.8490935 ], [ 121.0131711, 24.8498319 ], [ 121.0127406, 24.8499574 ], [ 121.0125694, 24.8498424 ] ] ] } },
{ "type": "Feature", "properties": { "element": "way", "id": 1021906250, "name": "旺矽科技 竹北三廠", "landuse": "industrial" }, "geometry": { "type": "Polygon", "coordinates": [ [ [ 121.0090215, 24.8485851 ], [ 121.0085672, 24.8479847 ], [ 121.0090089, 24.8476947 ], [ 121.0094574, 24.8473982 ], [ 121.0096124, 24.8475718 ], [ 121.009105, 24.847898 ], [ 121.0094343, 24.8483197 ], [ 121.0090215, 24.8485851 ] ] ] } },
{ "type": "Feature", "properties": { "element": "way", "id": 1021906251, "name": "大通食品企業", "landuse": "industrial" }, "geometry": { "type": "Polygon", "coordinates": [ [ [ 121.0094574, 24.8473982 ], [ 121.009341, 24.8472508 ], [ 121.0089244, 24.8475649 ], [ 121.0090089, 24.8476947 ], [ 121.0094574, 24.8473982 ] ] ] } },
{ "type": "Feature", "properties": { "element": "way", "id": 1021906262, "name": "新竹物流", "landuse": "industrial" }, "geometry": { "type": "Polygon", "coordinates": [ [ [ 121.006792, 24.8457782 ], [ 121.0074327, 24.8456359 ], [ 121.0076301, 24.8454777 ], [ 121.007266, 24.8452056 ], [ 121.0067183, 24.8452722 ], [ 121.006792, 24.8457782 ] ] ] } },
{ "type": "Feature", "properties": { "element": "way", "id": 1021906270, "name": "晶彩科技", "landuse": "industrial" }, "geometry": { "type": "Polygon", "coordinates": [ [ [ 121.0122209, 24.84966 ], [ 121.0124714, 24.8493081 ], [ 121.0116725, 24.8488212 ], [ 121.0115901, 24.8489631 ], [ 121.0113896, 24.8490523 ], [ 121.0119181, 24.8493615 ], [ 121.011844, 24.8494742 ], [ 121.0122209, 24.84966 ] ] ] } },
{ "type": "Feature", "properties": { "element": "way", "id": 1021906274, "name": "恩良企業 竹北廠", "landuse": "industrial" }, "geometry": { "type": "Polygon", "coordinates": [ [ [ 120.999794, 24.847256 ], [ 120.9997783, 24.8466694 ], [ 121.0008739, 24.8467865 ], [ 121.0008963, 24.8472026 ], [ 120.999794, 24.847256 ] ] ] } },
{ "type": "Feature", "properties": { "element": "way", "id": 1021906278, "name": "中環科技大樓", "landuse": "industrial" }, "geometry": { "type": "Polygon", "coordinates": [ [ [ 121.0039879, 24.848923 ], [ 121.0039821, 24.8488356 ], [ 121.0038355, 24.8488017 ], [ 121.0037306, 24.8486974 ], [ 121.0030694, 24.8487391 ], [ 121.0027374, 24.8486647 ], [ 121.0025778, 24.8486269 ], [ 121.0025836, 24.8485056 ], [ 121.0020532, 24.8485224 ], [ 121.002069, 24.8489869 ], [ 121.0039879, 24.848923 ] ] ] } },
{ "type": "Feature", "properties": { "element": "way", "id": 1023242177, "name": "雄獅鉛筆廠股份有限公司(龍潭廠)", "landuse": "industrial" }, "geometry": { "type": "Polygon", "coordinates": [ [ [ 121.1949048, 24.8414663 ], [ 121.1954636, 24.8412116 ], [ 121.1962317, 24.8410495 ], [ 121.1965864, 24.8418577 ], [ 121.1954024, 24.8423694 ], [ 121.1949048, 24.8414663 ] ] ] } },
{ "type": "Feature", "properties": { "element": "way", "id": 1029578018, "name": "緯創全球營運總部", "landuse": "industrial" }, "geometry": { "type": "Polygon", "coordinates": [ [ [ 121.0233773, 24.8285874 ], [ 121.0222898, 24.8290855 ], [ 121.0222364, 24.8291644 ], [ 121.0222142, 24.8292675 ], [ 121.0222323, 24.8293645 ], [ 121.0212781, 24.8297488 ], [ 121.0209228, 24.8288282 ], [ 121.0230304, 24.8278555 ], [ 121.0233773, 24.8285874 ] ] ] } },
{ "type": "Feature", "properties": { "element": "way", "id": 1030570278, "name": null, "landuse": "industrial" }, "geometry": { "type": "Polygon", "coordinates": [ [ [ 121.194988, 24.9142291 ], [ 121.1954236, 24.9145814 ], [ 121.1955931, 24.9141805 ], [ 121.1955502, 24.9139625 ], [ 121.1952777, 24.9138574 ], [ 121.1951532, 24.9140618 ], [ 121.194988, 24.9142291 ] ] ] } },
{ "type": "Feature", "properties": { "element": "way", "id": 1031551492, "name": null, "landuse": "industrial" }, "geometry": { "type": "Polygon", "coordinates": [ [ [ 121.1917863, 24.9115838 ], [ 121.1922476, 24.9116223 ], [ 121.1922703, 24.9112535 ], [ 121.1918, 24.9112549 ], [ 121.1917863, 24.9115838 ] ] ] } },
{ "type": "Feature", "properties": { "element": "way", "id": 1033157995, "name": null, "landuse": "industrial" }, "geometry": { "type": "Polygon", "coordinates": [ [ [ 121.205433, 24.9298567 ], [ 121.2055019, 24.9297178 ], [ 121.2052518, 24.9295952 ], [ 121.2052531, 24.9295165 ], [ 121.2050757, 24.9294795 ], [ 121.2050272, 24.9297178 ], [ 121.205433, 24.9298567 ] ] ] } },
{ "type": "Feature", "properties": { "element": "way", "id": 1034338627, "name": null, "landuse": "industrial" }, "geometry": { "type": "Polygon", "coordinates": [ [ [ 121.1744244, 24.9124924 ], [ 121.1752719, 24.9126715 ], [ 121.1751303, 24.9131074 ], [ 121.1743342, 24.9129653 ], [ 121.1744244, 24.9124924 ] ] ] } },
{ "type": "Feature", "properties": { "element": "way", "id": 1034339545, "name": null, "landuse": "industrial" }, "geometry": { "type": "Polygon", "coordinates": [ [ [ 121.1778089, 24.9176088 ], [ 121.1784265, 24.9179536 ], [ 121.1789266, 24.9178008 ], [ 121.178577, 24.9171529 ], [ 121.1782427, 24.9173172 ], [ 121.177985, 24.9173958 ], [ 121.1778089, 24.9176088 ] ] ] } },
{ "type": "Feature", "properties": { "element": "way", "id": 1034352729, "name": "仁隆毛紡織廠股份有限公司埔心廠", "landuse": "industrial" }, "geometry": { "type": "Polygon", "coordinates": [ [ [ 121.1764401, 24.9085412 ], [ 121.1772852, 24.9088687 ], [ 121.1777146, 24.9087517 ], [ 121.1780863, 24.9078751 ], [ 121.1778687, 24.90782 ], [ 121.1772491, 24.9079628 ], [ 121.1770925, 24.9083155 ], [ 121.1770375, 24.9082929 ], [ 121.1764401, 24.9085412 ] ] ] } },
{ "type": "Feature", "properties": { "element": "way", "id": 1035331848, "name": "永隆鋼鐵股份有限公司", "landuse": "industrial" }, "geometry": { "type": "Polygon", "coordinates": [ [ [ 121.1983938, 24.9209427 ], [ 121.1992315, 24.9209773 ], [ 121.1992425, 24.92076 ], [ 121.1991294, 24.9204801 ], [ 121.1990077, 24.9201791 ], [ 121.1984333, 24.9201554 ], [ 121.1983938, 24.9209427 ] ] ] } },
{ "type": "Feature", "properties": { "element": "way", "id": 1036537768, "name": null, "landuse": "industrial" }, "geometry": { "type": "Polygon", "coordinates": [ [ [ 121.1970362, 24.8507297 ], [ 121.1980459, 24.8504755 ], [ 121.1980604, 24.8501971 ], [ 121.1979611, 24.8502528 ], [ 121.1978601, 24.8501627 ], [ 121.1975702, 24.8502279 ], [ 121.1969229, 24.8503904 ], [ 121.1970362, 24.8507297 ] ] ] } },
{ "type": "Feature", "properties": { "element": "way", "id": 1037259810, "name": null, "landuse": "industrial" }, "geometry": { "type": "Polygon", "coordinates": [ [ [ 121.1932836, 24.9218638 ], [ 121.1935625, 24.9223056 ], [ 121.1937149, 24.9225391 ], [ 121.1947148, 24.9222744 ], [ 121.194644, 24.9220409 ], [ 121.1945389, 24.9217685 ], [ 121.1944917, 24.9215213 ], [ 121.1932836, 24.9218638 ] ] ] } },
{ "type": "Feature", "properties": { "element": "way", "id": 1037975148, "name": null, "landuse": "industrial" }, "geometry": { "type": "Polygon", "coordinates": [ [ [ 121.2019918, 24.9133678 ], [ 121.2020336, 24.9133902 ], [ 121.2022246, 24.9135322 ], [ 121.202318, 24.9135556 ], [ 121.2023791, 24.9135634 ], [ 121.2024392, 24.9135663 ], [ 121.2024585, 24.9135575 ], [ 121.2024585, 24.9135118 ], [ 121.2024177, 24.9131372 ], [ 121.201907, 24.9131634 ], [ 121.2019918, 24.9133678 ] ] ] } },
{ "type": "Feature", "properties": { "element": "way", "id": 1038770428, "name": "台技塑膠公司平鎮廠", "landuse": "industrial" }, "geometry": { "type": "Polygon", "coordinates": [ [ [ 121.2002198, 24.90864 ], [ 121.2002541, 24.9086793 ], [ 121.2002901, 24.9087022 ], [ 121.2010191, 24.9085909 ], [ 121.2009884, 24.9084256 ], [ 121.2009181, 24.908329 ], [ 121.201034, 24.9081967 ], [ 121.2012033, 24.9080791 ], [ 121.2025691, 24.9077252 ], [ 121.2025276, 24.9071131 ], [ 121.2025059, 24.9069462 ], [ 121.2023002, 24.9070034 ], [ 121.1998896, 24.9071524 ], [ 121.1997795, 24.9070067 ], [ 121.1995323, 24.9070214 ], [ 121.1998625, 24.907573 ], [ 121.1999184, 24.9077939 ], [ 121.2002198, 24.90864 ] ] ] } },
{ "type": "Feature", "properties": { "element": "way", "id": 1039307758, "name": "勝財飼料有限公司", "landuse": "industrial" }, "geometry": { "type": "Polygon", "coordinates": [ [ [ 121.1900752, 24.9038694 ], [ 121.1900387, 24.9040222 ], [ 121.1900008, 24.9042657 ], [ 121.1900038, 24.9044378 ], [ 121.1900314, 24.9044634 ], [ 121.1903272, 24.9044773 ], [ 121.19058, 24.9040386 ], [ 121.190441, 24.9039671 ], [ 121.1900752, 24.9038694 ] ] ] } },
{ "type": "Feature", "properties": { "element": "way", "id": 1039307760, "name": null, "landuse": "industrial" }, "geometry": { "type": "Polygon", "coordinates": [ [ [ 121.1900752, 24.9038694 ], [ 121.1902769, 24.9031523 ], [ 121.1904585, 24.9032038 ], [ 121.1905336, 24.9033933 ], [ 121.190441, 24.9039671 ], [ 121.1900752, 24.9038694 ] ] ] } },
{ "type": "Feature", "properties": { "element": "way", "id": 1039307764, "name": "松林國際木業有限公司", "landuse": "industrial" }, "geometry": { "type": "Polygon", "coordinates": [ [ [ 121.1898923, 24.9053148 ], [ 121.1899918, 24.9049606 ], [ 121.1900046, 24.904838 ], [ 121.1900019, 24.9047052 ], [ 121.1894466, 24.9048029 ], [ 121.1891283, 24.904834 ], [ 121.1889223, 24.9048905 ], [ 121.1889513, 24.9051279 ], [ 121.18909, 24.9052844 ], [ 121.1892675, 24.9055583 ], [ 121.1898923, 24.9053148 ] ] ] } },
{ "type": "Feature", "properties": { "element": "way", "id": 1039307767, "name": "福邦工業股份有限公司", "landuse": "industrial" }, "geometry": { "type": "Polygon", "coordinates": [ [ [ 121.1893776, 24.9057886 ], [ 121.1895111, 24.905797 ], [ 121.1897205, 24.9058506 ], [ 121.1897933, 24.9056263 ], [ 121.1898923, 24.9053148 ], [ 121.1892675, 24.9055583 ], [ 121.1893776, 24.9057886 ] ] ] } },
{ "type": "Feature", "properties": { "element": "way", "id": 1040159353, "name": "致揚科技", "landuse": "industrial" }, "geometry": { "type": "Polygon", "coordinates": [ [ [ 121.0006885, 24.8477313 ], [ 121.0006555, 24.8472296 ], [ 121.0011769, 24.847205 ], [ 121.0012219, 24.8477095 ], [ 121.0006885, 24.8477313 ] ] ] } },
{ "type": "Feature", "properties": { "element": "way", "id": 1040825398, "name": "鎰薪企業有限公司", "landuse": "industrial" }, "geometry": { "type": "Polygon", "coordinates": [ [ [ 121.2062142, 24.9317531 ], [ 121.2067194, 24.9317465 ], [ 121.2067032, 24.9313898 ], [ 121.2061564, 24.9314209 ], [ 121.206216, 24.931596 ], [ 121.2062142, 24.9317531 ] ] ] } },
{ "type": "Feature", "properties": { "element": "way", "id": 1040825401, "name": "崧良機電工程有限公司", "landuse": "industrial" }, "geometry": { "type": "Polygon", "coordinates": [ [ [ 121.206374, 24.9313568 ], [ 121.2065845, 24.9313406 ], [ 121.2065424, 24.9307922 ], [ 121.2063102, 24.930791 ], [ 121.206374, 24.9313568 ] ] ] } },
{ "type": "Feature", "properties": { "element": "way", "id": 1040825402, "name": "T4大蕃薯木作坊", "landuse": "industrial" }, "geometry": { "type": "Polygon", "coordinates": [ [ [ 121.2061213, 24.9313823 ], [ 121.2063319, 24.9313661 ], [ 121.2062834, 24.9308975 ], [ 121.2060652, 24.9308986 ], [ 121.2061213, 24.9313823 ] ] ] } },
{ "type": "Feature", "properties": { "element": "way", "id": 1044814927, "name": "大健康物流", "landuse": "industrial" }, "geometry": { "type": "Polygon", "coordinates": [ [ [ 121.13841, 24.9099356 ], [ 121.1392338, 24.9093893 ], [ 121.1393, 24.9093121 ], [ 121.1393902, 24.909207 ], [ 121.1395123, 24.9090647 ], [ 121.1394778, 24.9090391 ], [ 121.1394872, 24.9083708 ], [ 121.1392383, 24.908149 ], [ 121.1390923, 24.9082224 ], [ 121.1388241, 24.9084618 ], [ 121.1387315, 24.9085856 ], [ 121.1383628, 24.9086914 ], [ 121.1379937, 24.9088315 ], [ 121.1380109, 24.9089055 ], [ 121.137998, 24.9089561 ], [ 121.1379615, 24.9090048 ], [ 121.1377834, 24.9092305 ], [ 121.13841, 24.9099356 ] ] ] } },
{ "type": "Feature", "properties": { "element": "way", "id": 1050950358, "name": "長洪資源回收", "landuse": "industrial" }, "geometry": { "type": "Polygon", "coordinates": [ [ [ 121.0030926, 24.8559224 ], [ 121.0025366, 24.855177 ], [ 121.0027816, 24.854996 ], [ 121.0033078, 24.8549219 ], [ 121.0034319, 24.8551229 ], [ 121.0029026, 24.8551813 ], [ 121.0033392, 24.8557585 ], [ 121.0030926, 24.8559224 ] ] ] } },
{ "type": "Feature", "properties": { "element": "way", "id": 1050950359, "name": "永太發汽車車體板金", "landuse": "industrial" }, "geometry": { "type": "Polygon", "coordinates": [ [ [ 121.0027265, 24.8554974 ], [ 121.0031866, 24.856066 ], [ 121.002966, 24.8562131 ], [ 121.0025057, 24.8556446 ], [ 121.0027265, 24.8554974 ] ] ] } },
{ "type": "Feature", "properties": { "element": "way", "id": 1056473516, "name": null, "landuse": "industrial" }, "geometry": { "type": "Polygon", "coordinates": [ [ [ 121.2105686, 24.9291878 ], [ 121.2106814, 24.9288074 ], [ 121.2106925, 24.9287453 ], [ 121.2112226, 24.9287062 ], [ 121.2114769, 24.9288471 ], [ 121.211163, 24.9295205 ], [ 121.2105686, 24.9291878 ] ] ] } },
{ "type": "Feature", "properties": { "element": "way", "id": 1056473517, "name": null, "landuse": "industrial" }, "geometry": { "type": "Polygon", "coordinates": [ [ [ 121.2111835, 24.9295367 ], [ 121.2114667, 24.9296663 ], [ 121.2118775, 24.9289027 ], [ 121.2120434, 24.9289628 ], [ 121.21212, 24.9288541 ], [ 121.2118571, 24.9287129 ], [ 121.2118393, 24.9286481 ], [ 121.2115815, 24.9286782 ], [ 121.2115841, 24.9287222 ], [ 121.2111835, 24.9295367 ] ] ] } },
{ "type": "Feature", "properties": { "element": "way", "id": 1056544242, "name": "五傳木業有限公司", "landuse": "industrial" }, "geometry": { "type": "Polygon", "coordinates": [ [ [ 121.2100411, 24.9385318 ], [ 121.2102711, 24.9383987 ], [ 121.2106284, 24.9384799 ], [ 121.2108585, 24.9385057 ], [ 121.2110506, 24.9384595 ], [ 121.2111557, 24.938442 ], [ 121.211351, 24.9386404 ], [ 121.2114557, 24.9386032 ], [ 121.2113977, 24.9385059 ], [ 121.2113838, 24.9384845 ], [ 121.2113784, 24.9384602 ], [ 121.2114149, 24.9384495 ], [ 121.2114986, 24.9384563 ], [ 121.2115876, 24.9386986 ], [ 121.2116584, 24.938753 ], [ 121.2116981, 24.9390001 ], [ 121.2116767, 24.9393611 ], [ 121.2114149, 24.9392862 ], [ 121.2113924, 24.9394554 ], [ 121.2115157, 24.9395041 ], [ 121.2115501, 24.9396451 ], [ 121.2116091, 24.9397385 ], [ 121.2115469, 24.9398621 ], [ 121.2113248, 24.9398942 ], [ 121.2108559, 24.9395206 ], [ 121.2107626, 24.9394126 ], [ 121.2105308, 24.9391402 ], [ 121.2100411, 24.9385318 ] ] ] } },
{ "type": "Feature", "properties": { "element": "way", "id": 1056546532, "name": null, "landuse": "industrial" }, "geometry": { "type": "Polygon", "coordinates": [ [ [ 121.2013121, 24.9314886 ], [ 121.201446, 24.9310501 ], [ 121.2013684, 24.9310174 ], [ 121.2015038, 24.9306828 ], [ 121.2005186, 24.9311213 ], [ 121.2013121, 24.9314886 ] ] ] } },
{ "type": "Feature", "properties": { "element": "way", "id": 1061958982, "name": "圓基國際廠與呈圓企業", "landuse": "industrial" }, "geometry": { "type": "Polygon", "coordinates": [ [ [ 121.2893307, 24.97865 ], [ 121.2898697, 24.9785721 ], [ 121.2902882, 24.9785115 ], [ 121.290889, 24.9790415 ], [ 121.2909132, 24.9791849 ], [ 121.2903714, 24.9796201 ], [ 121.2899418, 24.9796244 ], [ 121.2894725, 24.9791537 ], [ 121.289361, 24.9791781 ], [ 121.2893307, 24.97865 ] ] ] } },
{ "type": "Feature", "properties": { "element": "way", "id": 1069156179, "name": "手信坊", "landuse": "industrial" }, "geometry": { "type": "Polygon", "coordinates": [ [ [ 121.2416691, 24.8804048 ], [ 121.2422026, 24.8804588 ], [ 121.2427102, 24.8804447 ], [ 121.2427352, 24.8789576 ], [ 121.2422213, 24.8789464 ], [ 121.2422642, 24.8796363 ], [ 121.2417551, 24.8795916 ], [ 121.2416691, 24.8804048 ] ] ] } },
{ "type": "Feature", "properties": { "element": "way", "id": 1069156180, "name": "手信坊", "landuse": "industrial" }, "geometry": { "type": "Polygon", "coordinates": [ [ [ 121.2428187, 24.8798398 ], [ 121.243134, 24.8798544 ], [ 121.2430835, 24.8789312 ], [ 121.2428229, 24.8789562 ], [ 121.2428187, 24.8798398 ] ] ] } },
{ "type": "Feature", "properties": { "element": "way", "id": 1069156181, "name": null, "landuse": "industrial" }, "geometry": { "type": "Polygon", "coordinates": [ [ [ 121.240796, 24.8811336 ], [ 121.241041, 24.8812104 ], [ 121.241447, 24.8812559 ], [ 121.2415641, 24.8804847 ], [ 121.2409407, 24.880425 ], [ 121.240796, 24.8811336 ] ] ] } },
{ "type": "Feature", "properties": { "element": "way", "id": 1069156182, "name": null, "landuse": "industrial" }, "geometry": { "type": "Polygon", "coordinates": [ [ [ 121.2409617, 24.8802966 ], [ 121.2415637, 24.8803631 ], [ 121.2416573, 24.8796328 ], [ 121.2410687, 24.8795673 ], [ 121.2409617, 24.8802966 ] ] ] } },
{ "type": "Feature", "properties": { "element": "way", "id": 1069156183, "name": null, "landuse": "industrial" }, "geometry": { "type": "Polygon", "coordinates": [ [ [ 121.2410687, 24.8795673 ], [ 121.2411797, 24.87868 ], [ 121.2417459, 24.8787117 ], [ 121.2417761, 24.8787707 ], [ 121.2416573, 24.8796328 ], [ 121.2410687, 24.8795673 ] ] ] } },
{ "type": "Feature", "properties": { "element": "way", "id": 1069156184, "name": null, "landuse": "industrial" }, "geometry": { "type": "Polygon", "coordinates": [ [ [ 121.2417616, 24.87958 ], [ 121.2419187, 24.8782759 ], [ 121.2421843, 24.8782768 ], [ 121.2422296, 24.8796057 ], [ 121.2417616, 24.87958 ] ] ] } },
{ "type": "Feature", "properties": { "element": "way", "id": 1069156185, "name": null, "landuse": "industrial" }, "geometry": { "type": "Polygon", "coordinates": [ [ [ 121.2428191, 24.8789283 ], [ 121.2428174, 24.878234 ], [ 121.2431091, 24.8782327 ], [ 121.2430965, 24.8789182 ], [ 121.2428191, 24.8789283 ] ] ] } },
{ "type": "Feature", "properties": { "element": "way", "id": 1069156186, "name": null, "landuse": "industrial" }, "geometry": { "type": "Polygon", "coordinates": [ [ [ 121.2433125, 24.8805235 ], [ 121.2432214, 24.8793052 ], [ 121.2440465, 24.879344 ], [ 121.2440149, 24.8797098 ], [ 121.2443673, 24.8797476 ], [ 121.2443657, 24.8800691 ], [ 121.244, 24.8800415 ], [ 121.2439037, 24.8803044 ], [ 121.2441033, 24.8805483 ], [ 121.2440123, 24.8807648 ], [ 121.24346, 24.880513 ], [ 121.2433125, 24.8805235 ] ] ] } },
{ "type": "Feature", "properties": { "element": "way", "id": 1080925389, "name": "智邦科技 竹北AI園區", "landuse": "industrial" }, "geometry": { "type": "Polygon", "coordinates": [ [ [ 121.0228567, 24.8303288 ], [ 121.0239352, 24.8298562 ], [ 121.0239737, 24.8298142 ], [ 121.0239737, 24.8297521 ], [ 121.0236949, 24.8292271 ], [ 121.0225594, 24.8296977 ], [ 121.0228567, 24.8303288 ] ] ] } },
{ "type": "Feature", "properties": { "element": "way", "id": 1082342846, "name": "富岡鐵軌鋼軌儲存場", "landuse": "industrial" }, "geometry": { "type": "Polygon", "coordinates": [ [ [ 121.0881457, 24.9347612 ], [ 121.0881403, 24.9350401 ], [ 121.0861483, 24.9348261 ], [ 121.0860804, 24.9346445 ], [ 121.0871032, 24.9347482 ], [ 121.0881457, 24.9347612 ] ] ] } },
{ "type": "Feature", "properties": { "element": "way", "id": 1090788971, "name": "康郡工業園區", "landuse": "industrial" }, "geometry": { "type": "Polygon", "coordinates": [ [ [ 121.2623398, 24.8560183 ], [ 121.2624081, 24.8559908 ], [ 121.2626028, 24.8562088 ], [ 121.2628835, 24.8561399 ], [ 121.263229, 24.8561847 ], [ 121.263716, 24.856806 ], [ 121.2638184, 24.8569366 ], [ 121.2638645, 24.857097 ], [ 121.2640303, 24.8570616 ], [ 121.2643138, 24.8574385 ], [ 121.2644106, 24.8576308 ], [ 121.2644223, 24.8578472 ], [ 121.2645074, 24.8580531 ], [ 121.2644039, 24.8583059 ], [ 121.2643856, 24.8584104 ], [ 121.2644506, 24.8586163 ], [ 121.2644606, 24.859025 ], [ 121.2644256, 24.8593762 ], [ 121.2637192, 24.8597955 ], [ 121.2630963, 24.8587421 ], [ 121.2623398, 24.8560183 ] ] ] } },
{ "type": "Feature", "properties": { "element": "way", "id": 1091164612, "name": null, "landuse": "industrial" }, "geometry": { "type": "Polygon", "coordinates": [ [ [ 121.2133331, 25.0021957 ], [ 121.2129497, 25.0019933 ], [ 121.2128587, 25.0017526 ], [ 121.212866, 25.0015745 ], [ 121.2127859, 25.0013074 ], [ 121.2127277, 25.0006841 ], [ 121.2127313, 25.0001598 ], [ 121.2127168, 24.9998399 ], [ 121.212946, 24.9994145 ], [ 121.2133281, 24.99921 ], [ 121.2134846, 24.999055 ], [ 121.2135282, 24.9988802 ], [ 121.2135391, 24.9984944 ], [ 121.2136261, 24.9984259 ], [ 121.2136774, 24.9983855 ], [ 121.2137756, 24.9983756 ], [ 121.2138549, 24.9984289 ], [ 121.2138884, 24.9984515 ], [ 121.2139721, 24.9983658 ], [ 121.2141905, 24.9985471 ], [ 121.2145762, 24.9989989 ], [ 121.2145361, 24.999731 ], [ 121.2147144, 25.0000311 ], [ 121.2148418, 24.9999982 ], [ 121.2149473, 25.0001532 ], [ 121.2152384, 24.9998696 ], [ 121.2156168, 24.999952 ], [ 121.2155222, 25.0003708 ], [ 121.2166648, 25.0008193 ], [ 121.216552, 25.0009446 ], [ 121.2154422, 25.0005291 ], [ 121.2153039, 25.0008523 ], [ 121.2151992, 25.0008395 ], [ 121.2152337, 25.0011133 ], [ 121.2152014, 25.0014484 ], [ 121.2142085, 25.0020057 ], [ 121.2140787, 25.0018922 ], [ 121.2137758, 25.0018736 ], [ 121.2133331, 25.0021957 ] ] ] } },
{ "type": "Feature", "properties": { "element": "way", "id": 1091164637, "name": "家樂福(忠富倉庫)", "landuse": "industrial" }, "geometry": { "type": "Polygon", "coordinates": [ [ [ 121.1487721, 24.9757469 ], [ 121.1492168, 24.9752557 ], [ 121.1495757, 24.9750603 ], [ 121.1497285, 24.9752004 ], [ 121.1497705, 24.9753856 ], [ 121.150067, 24.975465 ], [ 121.1502536, 24.9753779 ], [ 121.1504967, 24.9753676 ], [ 121.1504911, 24.9756393 ], [ 121.1507003, 24.9757674 ], [ 121.1509661, 24.9757213 ], [ 121.1512544, 24.9755521 ], [ 121.1523401, 24.9768028 ], [ 121.1526342, 24.9767413 ], [ 121.1527812, 24.9767618 ], [ 121.1526229, 24.9771463 ], [ 121.1523288, 24.9771821 ], [ 121.1519104, 24.9771514 ], [ 121.1514241, 24.9775051 ], [ 121.1512884, 24.9778997 ], [ 121.1509039, 24.9781458 ], [ 121.1491792, 24.9768182 ], [ 121.1493488, 24.9762646 ], [ 121.1489983, 24.9760904 ], [ 121.1487721, 24.9757469 ] ] ] } },
{ "type": "Feature", "properties": { "element": "way", "id": 1092048081, "name": null, "landuse": "industrial" }, "geometry": { "type": "Polygon", "coordinates": [ [ [ 121.1299732, 24.9674786 ], [ 121.1296054, 24.9673384 ], [ 121.1295761, 24.9672664 ], [ 121.1299858, 24.9667056 ], [ 121.1292292, 24.9661865 ], [ 121.1298006, 24.9652967 ], [ 121.1299398, 24.96508 ], [ 121.1300944, 24.9652392 ], [ 121.1302936, 24.9655472 ], [ 121.1303076, 24.9655688 ], [ 121.1301195, 24.9658644 ], [ 121.1303954, 24.965997 ], [ 121.1305041, 24.9661334 ], [ 121.1303787, 24.9663267 ], [ 121.1305124, 24.9664593 ], [ 121.130224, 24.9668458 ], [ 121.1306002, 24.96713 ], [ 121.1301697, 24.9673156 ], [ 121.1299732, 24.9674786 ] ] ] } },
{ "type": "Feature", "properties": { "element": "way", "id": 1092048085, "name": null, "landuse": "industrial" }, "geometry": { "type": "Polygon", "coordinates": [ [ [ 121.1280719, 24.9653418 ], [ 121.1280835, 24.9653156 ], [ 121.1278777, 24.9651814 ], [ 121.1277912, 24.9649913 ], [ 121.1278258, 24.9646985 ], [ 121.1278892, 24.9645572 ], [ 121.1278316, 24.9644387 ], [ 121.12752, 24.964552 ], [ 121.1274469, 24.9642556 ], [ 121.12707, 24.9643445 ], [ 121.1273527, 24.965279 ], [ 121.127645, 24.9652773 ], [ 121.1280719, 24.9653418 ] ] ] } },
{ "type": "Feature", "properties": { "element": "way", "id": 1092048105, "name": "大漢酵素新屋廠", "landuse": "industrial" }, "geometry": { "type": "Polygon", "coordinates": [ [ [ 121.1222872, 24.9506747 ], [ 121.1225721, 24.9505387 ], [ 121.1230927, 24.9502902 ], [ 121.1222445, 24.949735 ], [ 121.1223248, 24.949603 ], [ 121.1228794, 24.9493254 ], [ 121.1231404, 24.9494711 ], [ 121.1233914, 24.949801 ], [ 121.1237026, 24.9498806 ], [ 121.1238105, 24.9499876 ], [ 121.1238205, 24.9502788 ], [ 121.1232773, 24.9507665 ], [ 121.1231868, 24.950743 ], [ 121.1226632, 24.9508934 ], [ 121.1222872, 24.9506747 ] ] ] } },
{ "type": "Feature", "properties": { "element": "way", "id": 1094414594, "name": null, "landuse": "industrial" }, "geometry": { "type": "Polygon", "coordinates": [ [ [ 121.2518699, 24.8125416 ], [ 121.2517589, 24.812662 ], [ 121.2517698, 24.812734 ], [ 121.2521866, 24.8128675 ], [ 121.2522416, 24.8128511 ], [ 121.2523291, 24.8127725 ], [ 121.2523544, 24.8127291 ], [ 121.2522019, 24.8126087 ], [ 121.2520413, 24.812553 ], [ 121.2519998, 24.8126022 ], [ 121.2519096, 24.8125424 ], [ 121.2518699, 24.8125416 ] ] ] } },
{ "type": "Feature", "properties": { "element": "way", "id": 1097494516, "name": null, "landuse": "industrial" }, "geometry": { "type": "Polygon", "coordinates": [ [ [ 121.081215, 24.9730182 ], [ 121.0801934, 24.9723091 ], [ 121.0812442, 24.9719757 ], [ 121.081647, 24.9725922 ], [ 121.0813055, 24.9729944 ], [ 121.081215, 24.9730182 ] ] ] } },
{ "type": "Feature", "properties": { "element": "way", "id": 1097992446, "name": null, "landuse": "industrial" }, "geometry": { "type": "Polygon", "coordinates": [ [ [ 121.0506995, 24.9756317 ], [ 121.0506547, 24.9752386 ], [ 121.0501936, 24.9753741 ], [ 121.0500815, 24.9749991 ], [ 121.0503008, 24.9748206 ], [ 121.0506547, 24.9746399 ], [ 121.0512005, 24.9744501 ], [ 121.0514397, 24.9749923 ], [ 121.0514896, 24.9754374 ], [ 121.0510983, 24.975582 ], [ 121.0506995, 24.9756317 ] ] ] } },
{ "type": "Feature", "properties": { "element": "way", "id": 1097992487, "name": "回春堂製藥", "landuse": "industrial" }, "geometry": { "type": "Polygon", "coordinates": [ [ [ 121.0860047, 24.9565991 ], [ 121.0859673, 24.955521 ], [ 121.0870871, 24.9555008 ], [ 121.0871295, 24.956567 ], [ 121.0860047, 24.9565991 ] ] ] } },
{ "type": "Feature", "properties": { "element": "way", "id": 1097992524, "name": "精確實業桃園廠", "landuse": "industrial" }, "geometry": { "type": "Polygon", "coordinates": [ [ [ 121.0872283, 24.9569103 ], [ 121.0871922, 24.9560981 ], [ 121.0872066, 24.9560976 ], [ 121.0874977, 24.9560869 ], [ 121.0874916, 24.9560113 ], [ 121.0875626, 24.9560057 ], [ 121.0875574, 24.9558965 ], [ 121.0875564, 24.9558742 ], [ 121.0876618, 24.9559125 ], [ 121.0878103, 24.9559512 ], [ 121.0880234, 24.9559689 ], [ 121.0880305, 24.95616 ], [ 121.0879209, 24.9563782 ], [ 121.0875378, 24.9568701 ], [ 121.0874737, 24.9568998 ], [ 121.0872283, 24.9569103 ] ] ] } },
{ "type": "Feature", "properties": { "element": "way", "id": 1097992525, "name": null, "landuse": "industrial" }, "geometry": { "type": "Polygon", "coordinates": [ [ [ 121.0871922, 24.9560981 ], [ 121.0871779, 24.9556456 ], [ 121.0872205, 24.9556204 ], [ 121.087326, 24.9557228 ], [ 121.0874759, 24.9558234 ], [ 121.0875564, 24.9558742 ], [ 121.0875574, 24.9558965 ], [ 121.0875626, 24.9560057 ], [ 121.0874916, 24.9560113 ], [ 121.0874977, 24.9560869 ], [ 121.0872066, 24.9560976 ], [ 121.0871922, 24.9560981 ] ] ] } },
{ "type": "Feature", "properties": { "element": "way", "id": 1098796529, "name": null, "landuse": "industrial" }, "geometry": { "type": "Polygon", "coordinates": [ [ [ 121.0390412, 24.9598026 ], [ 121.0391441, 24.9595192 ], [ 121.0393007, 24.9593075 ], [ 121.0398032, 24.9596184 ], [ 121.0397116, 24.959889 ], [ 121.0397807, 24.959917 ], [ 121.0393612, 24.9601737 ], [ 121.0392517, 24.9599594 ], [ 121.0390412, 24.9598026 ] ] ] } },
{ "type": "Feature", "properties": { "element": "way", "id": 1102757770, "name": "啟德機械起重工程", "landuse": "industrial" }, "geometry": { "type": "Polygon", "coordinates": [ [ [ 121.0060801, 24.7591538 ], [ 121.006571, 24.7596329 ], [ 121.0068264, 24.759848 ], [ 121.0071915, 24.7602062 ], [ 121.0076019, 24.7599343 ], [ 121.0077213, 24.759661 ], [ 121.0080812, 24.7594548 ], [ 121.0085363, 24.7595588 ], [ 121.0089708, 24.7593883 ], [ 121.0093567, 24.7594996 ], [ 121.0096049, 24.7598254 ], [ 121.0097875, 24.7598744 ], [ 121.0099482, 24.760246 ], [ 121.010354, 24.7604458 ], [ 121.0109144, 24.7602183 ], [ 121.0110302, 24.7594925 ], [ 121.0110737, 24.7587404 ], [ 121.0110158, 24.7574593 ], [ 121.0106452, 24.7576151 ], [ 121.0105264, 24.7573813 ], [ 121.0101698, 24.7573538 ], [ 121.0092147, 24.7574306 ], [ 121.0078217, 24.7576859 ], [ 121.0075043, 24.7575856 ], [ 121.0070197, 24.7576883 ], [ 121.006702, 24.7577517 ], [ 121.0065196, 24.7578434 ], [ 121.0064526, 24.7579376 ], [ 121.0064465, 24.7582056 ], [ 121.0063434, 24.7586953 ], [ 121.0060801, 24.7591538 ] ] ] } },
{ "type": "Feature", "properties": { "element": "way", "id": 1112658290, "name": "安達康科技", "landuse": "industrial" }, "geometry": { "type": "Polygon", "coordinates": [ [ [ 121.1418734, 24.8953271 ], [ 121.1423322, 24.8944041 ], [ 121.1433678, 24.894812 ], [ 121.1433451, 24.8949027 ], [ 121.1437721, 24.8950386 ], [ 121.1437994, 24.8949933 ], [ 121.1442899, 24.8949192 ], [ 121.1443217, 24.894981 ], [ 121.1441673, 24.8953477 ], [ 121.14419, 24.8955495 ], [ 121.143763, 24.8958668 ], [ 121.1435813, 24.8959698 ], [ 121.1434996, 24.8960028 ], [ 121.1428591, 24.8957432 ], [ 121.1427274, 24.8958256 ], [ 121.142205, 24.8956938 ], [ 121.1419688, 24.8954754 ], [ 121.1418734, 24.8953271 ] ] ] } },
{ "type": "Feature", "properties": { "element": "way", "id": 1112658291, "name": "江申工業", "landuse": "industrial" }, "geometry": { "type": "Polygon", "coordinates": [ [ [ 121.1412193, 24.897383 ], [ 121.1413147, 24.8967362 ], [ 121.1418734, 24.8953271 ], [ 121.1419688, 24.8954754 ], [ 121.142205, 24.8956938 ], [ 121.1427274, 24.8958256 ], [ 121.1428591, 24.8957432 ], [ 121.1434996, 24.8960028 ], [ 121.1435813, 24.8959698 ], [ 121.143763, 24.8958668 ], [ 121.14419, 24.8955495 ], [ 121.1445988, 24.8955578 ], [ 121.1448214, 24.8955866 ], [ 121.1446987, 24.8963118 ], [ 121.1446669, 24.8964271 ], [ 121.1445534, 24.8964684 ], [ 121.1444262, 24.89632 ], [ 121.1442263, 24.8962417 ], [ 121.1437494, 24.8967403 ], [ 121.1436586, 24.8971605 ], [ 121.1435768, 24.8975684 ], [ 121.1435041, 24.8980052 ], [ 121.1423913, 24.8977909 ], [ 121.1415191, 24.8974984 ], [ 121.1412193, 24.897383 ] ] ] } },
{ "type": "Feature", "properties": { "element": "way", "id": 1116547657, "name": "明星精密有限公司廠房", "landuse": "industrial" }, "geometry": { "type": "Polygon", "coordinates": [ [ [ 121.298105, 24.9696677 ], [ 121.2980968, 24.9691984 ], [ 121.2977789, 24.9693431 ], [ 121.2977683, 24.9696446 ], [ 121.298105, 24.9696677 ] ] ] } },
{ "type": "Feature", "properties": { "element": "way", "id": 1123279993, "name": "協明化工新光廠", "landuse": "industrial" }, "geometry": { "type": "Polygon", "coordinates": [ [ [ 121.0864963, 24.9756837 ], [ 121.0863853, 24.9742515 ], [ 121.0864378, 24.9742454 ], [ 121.0864566, 24.9741979 ], [ 121.0871715, 24.9741345 ], [ 121.0872123, 24.9745172 ], [ 121.0874114, 24.9747456 ], [ 121.0872603, 24.9748152 ], [ 121.0873155, 24.9755068 ], [ 121.0864963, 24.9756837 ] ] ] } },
{ "type": "Feature", "properties": { "element": "way", "id": 1123279995, "name": "清記實業", "landuse": "industrial" }, "geometry": { "type": "Polygon", "coordinates": [ [ [ 121.0861521, 24.9767275 ], [ 121.0862103, 24.9765258 ], [ 121.0863064, 24.9765212 ], [ 121.086625, 24.9763814 ], [ 121.086845, 24.9768215 ], [ 121.0862861, 24.9770347 ], [ 121.0861521, 24.9767275 ] ] ] } },
{ "type": "Feature", "properties": { "element": "way", "id": 1127682339, "name": "薩摩亞商坤申科技", "landuse": "industrial" }, "geometry": { "type": "Polygon", "coordinates": [ [ [ 121.1238484, 24.7361691 ], [ 121.124219, 24.735308 ], [ 121.1249128, 24.7353511 ], [ 121.1256712, 24.7356211 ], [ 121.1251369, 24.7366544 ], [ 121.1247835, 24.7365644 ], [ 121.1238484, 24.7361691 ] ] ] } },
{ "type": "Feature", "properties": { "element": "way", "id": 1127682340, "name": "恆力科技", "landuse": "industrial" }, "geometry": { "type": "Polygon", "coordinates": [ [ [ 121.1256712, 24.7356211 ], [ 121.1262441, 24.7358153 ], [ 121.1258741, 24.736508 ], [ 121.1257264, 24.7367845 ], [ 121.1251369, 24.7366544 ], [ 121.1256712, 24.7356211 ] ] ] } },
{ "type": "Feature", "properties": { "element": "way", "id": 1127682341, "name": "三和技研", "landuse": "industrial" }, "geometry": { "type": "Polygon", "coordinates": [ [ [ 121.1262441, 24.7358153 ], [ 121.1267776, 24.736054 ], [ 121.127144, 24.7364771 ], [ 121.1265348, 24.7371787 ], [ 121.1263954, 24.7368605 ], [ 121.1258741, 24.736508 ], [ 121.1262441, 24.7358153 ] ] ] } },
{ "type": "Feature", "properties": { "element": "way", "id": 1127682342, "name": "弘馳公司", "landuse": "industrial" }, "geometry": { "type": "Polygon", "coordinates": [ [ [ 121.1249266, 24.7369658 ], [ 121.1247918, 24.7369658 ], [ 121.123881, 24.7369658 ], [ 121.1237233, 24.7368978 ], [ 121.1235997, 24.7366482 ], [ 121.123707, 24.7364533 ], [ 121.1247221, 24.7368797 ], [ 121.1249315, 24.7369079 ], [ 121.1249266, 24.7369658 ] ] ] } },
{ "type": "Feature", "properties": { "element": "way", "id": 1127682343, "name": "名超企業", "landuse": "industrial" }, "geometry": { "type": "Polygon", "coordinates": [ [ [ 121.1248937, 24.7374324 ], [ 121.1249433, 24.7372023 ], [ 121.1247918, 24.7369658 ], [ 121.123881, 24.7369658 ], [ 121.1240235, 24.7370747 ], [ 121.1246542, 24.7373648 ], [ 121.1248937, 24.7374324 ] ] ] } },
{ "type": "Feature", "properties": { "element": "way", "id": 1127682344, "name": "嵩鎔精密工業", "landuse": "industrial" }, "geometry": { "type": "Polygon", "coordinates": [ [ [ 121.1248937, 24.7374324 ], [ 121.125259, 24.7375027 ], [ 121.125401, 24.736989 ], [ 121.1249315, 24.7369079 ], [ 121.1249266, 24.7369658 ], [ 121.1247918, 24.7369658 ], [ 121.1249433, 24.7372023 ], [ 121.1248937, 24.7374324 ] ] ] } },
{ "type": "Feature", "properties": { "element": "way", "id": 1127682345, "name": "冠昇光學", "landuse": "industrial" }, "geometry": { "type": "Polygon", "coordinates": [ [ [ 121.125401, 24.736989 ], [ 121.1260475, 24.737214 ], [ 121.1259521, 24.7375064 ], [ 121.1257912, 24.7376823 ], [ 121.125259, 24.7375027 ], [ 121.125401, 24.736989 ] ] ] } },
{ "type": "Feature", "properties": { "element": "way", "id": 1127682347, "name": "國均環保科技", "landuse": "industrial" }, "geometry": { "type": "Polygon", "coordinates": [ [ [ 121.1285798, 24.7377269 ], [ 121.1289295, 24.7376919 ], [ 121.129114, 24.7378344 ], [ 121.1293756, 24.7384647 ], [ 121.1296097, 24.7388223 ], [ 121.1295243, 24.7388824 ], [ 121.1292875, 24.7386048 ], [ 121.1286624, 24.7383096 ], [ 121.1287147, 24.7381195 ], [ 121.1285495, 24.738057 ], [ 121.1285798, 24.7377269 ] ] ] } },
{ "type": "Feature", "properties": { "element": "way", "id": 1127682348, "name": "喜提達物流", "landuse": "industrial" }, "geometry": { "type": "Polygon", "coordinates": [ [ [ 121.1310037, 24.7393309 ], [ 121.1312359, 24.7386797 ], [ 121.1316481, 24.7387351 ], [ 121.1320139, 24.7388722 ], [ 121.1322548, 24.7390857 ], [ 121.1325741, 24.7394601 ], [ 121.1328586, 24.7398608 ], [ 121.1326844, 24.740077 ], [ 121.1323854, 24.7401482 ], [ 121.1316307, 24.7395181 ], [ 121.1310037, 24.7393309 ] ] ] } },
{ "type": "Feature", "properties": { "element": "way", "id": 1127682349, "name": "營臺實業", "landuse": "industrial" }, "geometry": { "type": "Polygon", "coordinates": [ [ [ 121.1325351, 24.7403083 ], [ 121.132876, 24.7400032 ], [ 121.1329931, 24.7399547 ], [ 121.13353, 24.7402505 ], [ 121.133988, 24.7413713 ], [ 121.1335682, 24.741205 ], [ 121.1330643, 24.7408075 ], [ 121.1325351, 24.7403083 ] ] ] } },
{ "type": "Feature", "properties": { "element": "way", "id": 1127682350, "name": "禾錦豐實業", "landuse": "industrial" }, "geometry": { "type": "Polygon", "coordinates": [ [ [ 121.1326151, 24.7406357 ], [ 121.1336462, 24.7414965 ], [ 121.1334734, 24.7419376 ], [ 121.1333721, 24.7421488 ], [ 121.1331485, 24.7419972 ], [ 121.1326389, 24.7414721 ], [ 121.1325585, 24.7412204 ], [ 121.1324393, 24.7410201 ], [ 121.1323498, 24.7409281 ], [ 121.1326151, 24.7406357 ] ] ] } },
{ "type": "Feature", "properties": { "element": "way", "id": 1127682351, "name": "大政食品", "landuse": "industrial" }, "geometry": { "type": "Polygon", "coordinates": [ [ [ 121.1345009, 24.7415456 ], [ 121.1346921, 24.7414805 ], [ 121.1351396, 24.7414924 ], [ 121.1351918, 24.7418613 ], [ 121.1352895, 24.7419699 ], [ 121.1347594, 24.7420587 ], [ 121.1346225, 24.7416759 ], [ 121.1345009, 24.7415456 ] ] ] } },
{ "type": "Feature", "properties": { "element": "way", "id": 1127682352, "name": "日越電子", "landuse": "industrial" }, "geometry": { "type": "Polygon", "coordinates": [ [ [ 121.1347594, 24.7420587 ], [ 121.1347875, 24.7422356 ], [ 121.1354472, 24.7421627 ], [ 121.1352895, 24.7419699 ], [ 121.1347594, 24.7420587 ] ] ] } },
{ "type": "Feature", "properties": { "element": "way", "id": 1127682353, "name": "大安鋁業", "landuse": "industrial" }, "geometry": { "type": "Polygon", "coordinates": [ [ [ 121.1347875, 24.7422356 ], [ 121.1349516, 24.742765 ], [ 121.1357055, 24.7432786 ], [ 121.1358242, 24.7434371 ], [ 121.1362535, 24.7431074 ], [ 121.1354472, 24.7421627 ], [ 121.1347875, 24.7422356 ] ] ] } },
{ "type": "Feature", "properties": { "element": "way", "id": 1127682359, "name": "合擎公司", "landuse": "industrial" }, "geometry": { "type": "Polygon", "coordinates": [ [ [ 121.137385, 24.7449979 ], [ 121.1370265, 24.7453872 ], [ 121.1372721, 24.7459234 ], [ 121.1371446, 24.7463228 ], [ 121.137361, 24.7467526 ], [ 121.1377945, 24.7463363 ], [ 121.1382204, 24.7462295 ], [ 121.1384461, 24.7460328 ], [ 121.138607, 24.7458926 ], [ 121.1386462, 24.7458096 ], [ 121.1387899, 24.7459851 ], [ 121.1390668, 24.7457763 ], [ 121.1388395, 24.7454323 ], [ 121.1386945, 24.7453336 ], [ 121.138608, 24.7453128 ], [ 121.1383956, 24.7454552 ], [ 121.1382526, 24.7454377 ], [ 121.1381369, 24.7454234 ], [ 121.1377357, 24.7453742 ], [ 121.1377425, 24.7452808 ], [ 121.137587, 24.7452514 ], [ 121.1376059, 24.7451064 ], [ 121.137385, 24.7449979 ] ] ] } },
{ "type": "Feature", "properties": { "element": "way", "id": 1127682363, "name": "圓福興業", "landuse": "industrial" }, "geometry": { "type": "Polygon", "coordinates": [ [ [ 121.1384461, 24.7460328 ], [ 121.1390025, 24.7466103 ], [ 121.1393308, 24.7468142 ], [ 121.1394056, 24.7472023 ], [ 121.1392173, 24.7470291 ], [ 121.1390628, 24.7467441 ], [ 121.1387321, 24.7464766 ], [ 121.1385631, 24.7464788 ], [ 121.1382204, 24.7462295 ], [ 121.1384461, 24.7460328 ] ] ] } },
{ "type": "Feature", "properties": { "element": "way", "id": 1149360336, "name": "帝爾特企業", "landuse": "industrial" }, "geometry": { "type": "Polygon", "coordinates": [ [ [ 121.005023, 24.8545385 ], [ 121.0049045, 24.8542408 ], [ 121.0052431, 24.8541333 ], [ 121.0053803, 24.8544621 ], [ 121.005023, 24.8545385 ] ] ] } },
{ "type": "Feature", "properties": { "element": "way", "id": 1149360337, "name": null, "landuse": "industrial" }, "geometry": { "type": "Polygon", "coordinates": [ [ [ 121.0042888, 24.8546748 ], [ 121.0040898, 24.8541199 ], [ 121.0043713, 24.8540373 ], [ 121.0045533, 24.8546153 ], [ 121.0042888, 24.8546748 ] ] ] } },
{ "type": "Feature", "properties": { "element": "way", "id": 1149360364, "name": "辰義企業社", "landuse": "industrial" }, "geometry": { "type": "Polygon", "coordinates": [ [ [ 121.0002927, 24.8567599 ], [ 121.000473, 24.8566478 ], [ 121.0006143, 24.8570511 ], [ 121.0005547, 24.8570981 ], [ 121.0002927, 24.8567599 ] ] ] } },
{ "type": "Feature", "properties": { "element": "way", "id": 1149360370, "name": "昌億汽車", "landuse": "industrial" }, "geometry": { "type": "Polygon", "coordinates": [ [ [ 120.9999455, 24.8565322 ], [ 120.9997093, 24.8562714 ], [ 120.9992895, 24.8558079 ], [ 120.9994723, 24.8556446 ], [ 120.9996465, 24.8556235 ], [ 121.0002329, 24.8563558 ], [ 120.9999455, 24.8565322 ] ] ] } },
{ "type": "Feature", "properties": { "element": "way", "id": 1149360385, "name": "明遠精密科技", "landuse": "industrial" }, "geometry": { "type": "Polygon", "coordinates": [ [ [ 121.0074941, 24.8474678 ], [ 121.0077764, 24.8473086 ], [ 121.0075829, 24.8470514 ], [ 121.0078483, 24.8469423 ], [ 121.0083927, 24.847725 ], [ 121.0081351, 24.8478515 ], [ 121.007872, 24.8474515 ], [ 121.0075931, 24.8476035 ], [ 121.0074941, 24.8474678 ] ] ] } },
{ "type": "Feature", "properties": { "element": "way", "id": 1149360411, "name": null, "landuse": "industrial" }, "geometry": { "type": "Polygon", "coordinates": [ [ [ 121.009341, 24.8472508 ], [ 121.0091016, 24.8469811 ], [ 121.0089397, 24.8471177 ], [ 121.0087105, 24.8473111 ], [ 121.0089244, 24.8475649 ], [ 121.009341, 24.8472508 ] ] ] } },
{ "type": "Feature", "properties": { "element": "way", "id": 1149360412, "name": null, "landuse": "industrial" }, "geometry": { "type": "Polygon", "coordinates": [ [ [ 121.0086577, 24.846502 ], [ 121.0083195, 24.8467132 ], [ 121.0087105, 24.8473111 ], [ 121.0089397, 24.8471177 ], [ 121.0087418, 24.8468959 ], [ 121.0089061, 24.846793 ], [ 121.0086577, 24.846502 ] ] ] } },
{ "type": "Feature", "properties": { "element": "way", "id": 1149360415, "name": "啟資重機械出租堆高機企業", "landuse": "industrial" }, "geometry": { "type": "Polygon", "coordinates": [ [ [ 121.0071445, 24.8451155 ], [ 121.0065565, 24.8447336 ], [ 121.0067067, 24.8452628 ], [ 121.0071587, 24.8452001 ], [ 121.0071445, 24.8451155 ] ] ] } },
{ "type": "Feature", "properties": { "element": "way", "id": 1157104087, "name": "環球車輛檢測公司-桃園廠", "landuse": "industrial" }, "geometry": { "type": "Polygon", "coordinates": [ [ [ 121.1739142, 24.95481 ], [ 121.1744183, 24.9540212 ], [ 121.1747273, 24.954187 ], [ 121.1748655, 24.9539696 ], [ 121.1753697, 24.9542092 ], [ 121.1756502, 24.9537447 ], [ 121.1760811, 24.9539806 ], [ 121.1764755, 24.9542497 ], [ 121.1766991, 24.9543787 ], [ 121.1765058, 24.954735 ], [ 121.1766048, 24.9547799 ], [ 121.1765536, 24.9548647 ], [ 121.1764592, 24.954821 ], [ 121.1762356, 24.9546994 ], [ 121.1756736, 24.9557656 ], [ 121.1751652, 24.955517 ], [ 121.1739142, 24.95481 ] ] ] } },
{ "type": "Feature", "properties": { "element": "way", "id": 1157104088, "name": "功成資本物流中心", "landuse": "industrial" }, "geometry": { "type": "Polygon", "coordinates": [ [ [ 121.1664328, 24.9525203 ], [ 121.1664575, 24.9522298 ], [ 121.1664698, 24.951875 ], [ 121.1664236, 24.9516432 ], [ 121.1665653, 24.9516543 ], [ 121.1666423, 24.9515175 ], [ 121.1669011, 24.9516292 ], [ 121.1669997, 24.9516124 ], [ 121.1671106, 24.9514979 ], [ 121.1675614, 24.9516973 ], [ 121.1677867, 24.9515526 ], [ 121.1686759, 24.951846 ], [ 121.1686566, 24.951922 ], [ 121.168432, 24.9519916 ], [ 121.168204, 24.9521673 ], [ 121.168086, 24.9523905 ], [ 121.1680553, 24.9525757 ], [ 121.1680244, 24.9526619 ], [ 121.168059, 24.9526714 ], [ 121.167896, 24.9531071 ], [ 121.1676483, 24.9530381 ], [ 121.167627, 24.9534841 ], [ 121.1674041, 24.9534793 ], [ 121.1671156, 24.9535403 ], [ 121.1670625, 24.9535178 ], [ 121.1670386, 24.9532643 ], [ 121.1669685, 24.9529404 ], [ 121.1668144, 24.9527689 ], [ 121.1666767, 24.9526673 ], [ 121.166672, 24.9525255 ], [ 121.1664328, 24.9525203 ] ] ] } },
{ "type": "Feature", "properties": { "element": "way", "id": 1157619739, "name": null, "landuse": "industrial" }, "geometry": { "type": "Polygon", "coordinates": [ [ [ 121.0002828, 24.8563311 ], [ 120.9997424, 24.8556332 ], [ 120.9999229, 24.855603 ], [ 121.0004227, 24.8562228 ], [ 121.0002828, 24.8563311 ] ] ] } },
{ "type": "Feature", "properties": { "element": "way", "id": 1157619762, "name": null, "landuse": "industrial" }, "geometry": { "type": "Polygon", "coordinates": [ [ [ 121.0085846, 24.8538804 ], [ 121.0086864, 24.8541241 ], [ 121.0084517, 24.854196 ], [ 121.0083584, 24.8539266 ], [ 121.0085846, 24.8538804 ] ] ] } },
{ "type": "Feature", "properties": { "element": "way", "id": 1157619764, "name": null, "landuse": "industrial" }, "geometry": { "type": "Polygon", "coordinates": [ [ [ 121.0085846, 24.8538804 ], [ 121.0088277, 24.8538086 ], [ 121.0089352, 24.8540267 ], [ 121.0086864, 24.8541241 ], [ 121.0085846, 24.8538804 ] ] ] } },
{ "type": "Feature", "properties": { "element": "way", "id": 1157619765, "name": null, "landuse": "industrial" }, "geometry": { "type": "Polygon", "coordinates": [ [ [ 121.0088277, 24.8538086 ], [ 121.0090737, 24.8537727 ], [ 121.0091557, 24.8539369 ], [ 121.0089352, 24.8540267 ], [ 121.0088277, 24.8538086 ] ] ] } },
{ "type": "Feature", "properties": { "element": "way", "id": 1157619767, "name": null, "landuse": "industrial" }, "geometry": { "type": "Polygon", "coordinates": [ [ [ 121.0076052, 24.8538341 ], [ 121.0075639, 24.8536034 ], [ 121.0077816, 24.8536059 ], [ 121.007804, 24.8538067 ], [ 121.0076052, 24.8538341 ] ] ] } },
{ "type": "Feature", "properties": { "element": "way", "id": 1157619771, "name": null, "landuse": "industrial" }, "geometry": { "type": "Polygon", "coordinates": [ [ [ 121.0083061, 24.8509143 ], [ 121.0078892, 24.8502932 ], [ 121.0080803, 24.8501261 ], [ 121.0079691, 24.8498897 ], [ 121.0087057, 24.8502459 ], [ 121.0084903, 24.850391 ], [ 121.0086709, 24.8507031 ], [ 121.0083061, 24.8509143 ] ] ] } },
{ "type": "Feature", "properties": { "element": "way", "id": 1157619773, "name": null, "landuse": "industrial" }, "geometry": { "type": "Polygon", "coordinates": [ [ [ 121.0102832, 24.8515389 ], [ 121.0100405, 24.8511771 ], [ 121.0105895, 24.8508939 ], [ 121.0108091, 24.8509202 ], [ 121.0106126, 24.8512164 ], [ 121.0107629, 24.8514707 ], [ 121.0102832, 24.8515389 ] ] ] } },
{ "type": "Feature", "properties": { "element": "way", "id": 1157619774, "name": null, "landuse": "industrial" }, "geometry": { "type": "Polygon", "coordinates": [ [ [ 121.0092141, 24.8512846 ], [ 121.0090379, 24.8509883 ], [ 121.0094684, 24.850734 ], [ 121.0097053, 24.8508861 ], [ 121.0097574, 24.8510067 ], [ 121.0092141, 24.8512846 ] ] ] } },
{ "type": "Feature", "properties": { "element": "way", "id": 1157619775, "name": null, "landuse": "industrial" }, "geometry": { "type": "Polygon", "coordinates": [ [ [ 121.0092141, 24.8512846 ], [ 121.0093471, 24.8515389 ], [ 121.0098585, 24.8512505 ], [ 121.0097574, 24.8510067 ], [ 121.0092141, 24.8512846 ] ] ] } },
{ "type": "Feature", "properties": { "element": "way", "id": 1157619777, "name": null, "landuse": "industrial" }, "geometry": { "type": "Polygon", "coordinates": [ [ [ 121.0106692, 24.8503692 ], [ 121.0112233, 24.8500495 ], [ 121.0115257, 24.8503932 ], [ 121.0108264, 24.850595 ], [ 121.0106692, 24.8503692 ] ] ] } },
{ "type": "Feature", "properties": { "element": "way", "id": 1157619780, "name": null, "landuse": "industrial" }, "geometry": { "type": "Polygon", "coordinates": [ [ [ 121.0112233, 24.8500495 ], [ 121.011124, 24.8499158 ], [ 121.0116396, 24.8495758 ], [ 121.0118348, 24.8496643 ], [ 121.0112233, 24.8500495 ] ] ] } },
{ "type": "Feature", "properties": { "element": "way", "id": 1157619782, "name": null, "landuse": "industrial" }, "geometry": { "type": "Polygon", "coordinates": [ [ [ 121.0112977, 24.8509257 ], [ 121.0115748, 24.8507707 ], [ 121.0117164, 24.8510565 ], [ 121.0114604, 24.851179 ], [ 121.0112977, 24.8509257 ] ] ] } },
{ "type": "Feature", "properties": { "element": "way", "id": 1157619797, "name": "威富光電", "landuse": "industrial" }, "geometry": { "type": "Polygon", "coordinates": [ [ [ 121.0127944, 24.8488262 ], [ 121.0131792, 24.8485337 ], [ 121.013001, 24.8483686 ], [ 121.0132437, 24.8481707 ], [ 121.0135356, 24.8484185 ], [ 121.0133442, 24.8489861 ], [ 121.0131754, 24.8489535 ], [ 121.01302, 24.8490721 ], [ 121.0127944, 24.8488262 ] ] ] } },
{ "type": "Feature", "properties": { "element": "way", "id": 1157619808, "name": null, "landuse": "industrial" }, "geometry": { "type": "Polygon", "coordinates": [ [ [ 121.0079145, 24.8508786 ], [ 121.0076008, 24.8504722 ], [ 121.0074956, 24.8503358 ], [ 121.0076082, 24.850189 ], [ 121.0081514, 24.8507658 ], [ 121.0079145, 24.8508786 ] ] ] } },
{ "type": "Feature", "properties": { "element": "way", "id": 1157868016, "name": "宏田鋼鐵", "landuse": "industrial" }, "geometry": { "type": "Polygon", "coordinates": [ [ [ 121.014131, 24.8493992 ], [ 121.0143004, 24.8486773 ], [ 121.0143968, 24.8476389 ], [ 121.0148874, 24.8474051 ], [ 121.0155933, 24.8480251 ], [ 121.0152941, 24.8482947 ], [ 121.0151854, 24.8484189 ], [ 121.0152746, 24.8484832 ], [ 121.0151387, 24.8486174 ], [ 121.0148826, 24.8488704 ], [ 121.0149428, 24.8489214 ], [ 121.0148872, 24.8490088 ], [ 121.014829, 24.8491004 ], [ 121.014788, 24.849165 ], [ 121.0147019, 24.8493003 ], [ 121.0145426, 24.8493279 ], [ 121.014131, 24.8493992 ] ] ] } },
{ "type": "Feature", "properties": { "element": "way", "id": 1157868017, "name": null, "landuse": "industrial" }, "geometry": { "type": "Polygon", "coordinates": [ [ [ 121.0155933, 24.8480251 ], [ 121.015655, 24.8479462 ], [ 121.0158107, 24.8477471 ], [ 121.0152319, 24.8471909 ], [ 121.0148874, 24.8474051 ], [ 121.0155933, 24.8480251 ] ] ] } },
{ "type": "Feature", "properties": { "element": "way", "id": 1157868018, "name": "山太士", "landuse": "industrial" }, "geometry": { "type": "Polygon", "coordinates": [ [ [ 121.0152319, 24.8471909 ], [ 121.0155807, 24.8469982 ], [ 121.016033, 24.8475142 ], [ 121.0158107, 24.8477471 ], [ 121.0152319, 24.8471909 ] ] ] } },
{ "type": "Feature", "properties": { "element": "way", "id": 1157868019, "name": "晶彩科技", "landuse": "industrial" }, "geometry": { "type": "Polygon", "coordinates": [ [ [ 121.016187, 24.8487224 ], [ 121.0161528, 24.8480653 ], [ 121.0160245, 24.8481894 ], [ 121.015655, 24.8479462 ], [ 121.016033, 24.8475142 ], [ 121.0155807, 24.8469982 ], [ 121.015785, 24.8468778 ], [ 121.0160216, 24.8467614 ], [ 121.0162811, 24.8469529 ], [ 121.0163067, 24.847403 ], [ 121.0164122, 24.847641 ], [ 121.016291, 24.8482411 ], [ 121.0163181, 24.8486861 ], [ 121.016187, 24.8487224 ] ] ] } },
{ "type": "Feature", "properties": { "element": "way", "id": 1157868030, "name": "禾峰國際貿易", "landuse": "industrial" }, "geometry": { "type": "Polygon", "coordinates": [ [ [ 121.0147816, 24.8444725 ], [ 121.0147419, 24.844347 ], [ 121.0141992, 24.844598 ], [ 121.0141663, 24.8448725 ], [ 121.0147816, 24.8444725 ] ] ] } },
{ "type": "Feature", "properties": { "element": "way", "id": 1157868044, "name": "台燿科技", "landuse": "industrial" }, "geometry": { "type": "Polygon", "coordinates": [ [ [ 121.0180842, 24.8443747 ], [ 121.016807, 24.84511 ], [ 121.0164154, 24.8453354 ], [ 121.0164785, 24.8454159 ], [ 121.0162439, 24.8455734 ], [ 121.0161271, 24.8453783 ], [ 121.0152698, 24.845865 ], [ 121.015887, 24.8468151 ], [ 121.0160723, 24.8467131 ], [ 121.0166875, 24.8460779 ], [ 121.0167801, 24.8461191 ], [ 121.0170266, 24.8463105 ], [ 121.01707, 24.8463105 ], [ 121.0180733, 24.845737 ], [ 121.0187444, 24.8450839 ], [ 121.0180842, 24.8443747 ] ] ] } },
{ "type": "Feature", "properties": { "element": "way", "id": 1157868046, "name": "優美科薄膜材料", "landuse": "industrial" }, "geometry": { "type": "Polygon", "coordinates": [ [ [ 121.0159891, 24.8446563 ], [ 121.0163271, 24.8444379 ], [ 121.0162974, 24.8443937 ], [ 121.0157213, 24.8443127 ], [ 121.0159891, 24.8446563 ] ] ] } },
{ "type": "Feature", "properties": { "element": "way", "id": 1157868051, "name": "虹鳴科技", "landuse": "industrial" }, "geometry": { "type": "Polygon", "coordinates": [ [ [ 121.0180842, 24.8443747 ], [ 121.016807, 24.84511 ], [ 121.0163151, 24.8443856 ], [ 121.0167037, 24.8442423 ], [ 121.0169115, 24.8442121 ], [ 121.0171007, 24.8442064 ], [ 121.0173418, 24.8444516 ], [ 121.0178364, 24.8441216 ], [ 121.0180842, 24.8443747 ] ] ] } },
{ "type": "Feature", "properties": { "element": "way", "id": 1157868053, "name": "君立工業", "landuse": "industrial" }, "geometry": { "type": "Polygon", "coordinates": [ [ [ 121.0184756, 24.8455235 ], [ 121.0188392, 24.8451984 ], [ 121.0192133, 24.8454876 ], [ 121.0188682, 24.845839 ], [ 121.0184756, 24.8455235 ] ] ] } },
{ "type": "Feature", "properties": { "element": "way", "id": 1157868062, "name": "振曜科技", "landuse": "industrial" }, "geometry": { "type": "Polygon", "coordinates": [ [ [ 121.0193898, 24.846917 ], [ 121.0202063, 24.8463134 ], [ 121.0204527, 24.8464699 ], [ 121.0197136, 24.8472779 ], [ 121.0193898, 24.846917 ] ] ] } },
{ "type": "Feature", "properties": { "element": "way", "id": 1157868063, "name": "四方自動化機械", "landuse": "industrial" }, "geometry": { "type": "Polygon", "coordinates": [ [ [ 121.0201676, 24.8461313 ], [ 121.0208104, 24.8456613 ], [ 121.0204721, 24.8463769 ], [ 121.0201676, 24.8461313 ] ] ] } },
{ "type": "Feature", "properties": { "element": "way", "id": 1157868064, "name": "台灣水泥 台北水泥製品廠 新竹分廠", "landuse": "industrial" }, "geometry": { "type": "Polygon", "coordinates": [ [ [ 121.021094, 24.8468284 ], [ 121.0215234, 24.8460587 ], [ 121.0221041, 24.8465697 ], [ 121.0217825, 24.8468547 ], [ 121.0214987, 24.8471062 ], [ 121.021094, 24.8468284 ] ] ] } },
{ "type": "Feature", "properties": { "element": "way", "id": 1157868065, "name": "瑩光化學", "landuse": "industrial" }, "geometry": { "type": "Polygon", "coordinates": [ [ [ 121.0203936, 24.8476971 ], [ 121.0209074, 24.8468827 ], [ 121.0214459, 24.8473745 ], [ 121.0209743, 24.847646 ], [ 121.0203936, 24.8476971 ] ] ] } },
{ "type": "Feature", "properties": { "element": "way", "id": 1157868066, "name": "敏森科技", "landuse": "industrial" }, "geometry": { "type": "Polygon", "coordinates": [ [ [ 121.0217825, 24.8468547 ], [ 121.0219586, 24.847009 ], [ 121.0216307, 24.8472257 ], [ 121.0214987, 24.8471062 ], [ 121.0217825, 24.8468547 ] ] ] } },
{ "type": "Feature", "properties": { "element": "way", "id": 1157868067, "name": "立鑽工業", "landuse": "industrial" }, "geometry": { "type": "Polygon", "coordinates": [ [ [ 121.0217825, 24.8468547 ], [ 121.0221041, 24.8465697 ], [ 121.0222663, 24.846445 ], [ 121.0223699, 24.8465721 ], [ 121.0219586, 24.847009 ], [ 121.0217825, 24.8468547 ] ] ] } },
{ "type": "Feature", "properties": { "element": "way", "id": 1157868068, "name": "奈司特技術", "landuse": "industrial" }, "geometry": { "type": "Polygon", "coordinates": [ [ [ 121.0222663, 24.846445 ], [ 121.0224285, 24.8461339 ], [ 121.0225821, 24.8462326 ], [ 121.0223699, 24.8465721 ], [ 121.0222663, 24.846445 ] ] ] } },
{ "type": "Feature", "properties": { "element": "way", "id": 1157868069, "name": "夏諾科技", "landuse": "industrial" }, "geometry": { "type": "Polygon", "coordinates": [ [ [ 121.0224285, 24.8461339 ], [ 121.0223666, 24.8461009 ], [ 121.02274, 24.8458725 ], [ 121.0219445, 24.845356 ], [ 121.0221703, 24.8450791 ], [ 121.022904, 24.8457909 ], [ 121.0225821, 24.8462326 ], [ 121.0224285, 24.8461339 ] ] ] } },
{ "type": "Feature", "properties": { "element": "way", "id": 1157868070, "name": "崇德照明", "landuse": "industrial" }, "geometry": { "type": "Polygon", "coordinates": [ [ [ 121.0215234, 24.8460587 ], [ 121.021758, 24.8455548 ], [ 121.0223666, 24.8461009 ], [ 121.0224285, 24.8461339 ], [ 121.0222663, 24.846445 ], [ 121.0221041, 24.8465697 ], [ 121.0215234, 24.8460587 ] ] ] } },
{ "type": "Feature", "properties": { "element": "way", "id": 1157868076, "name": "國際聯合科技", "landuse": "industrial" }, "geometry": { "type": "Polygon", "coordinates": [ [ [ 121.0186029, 24.8461688 ], [ 121.0189957, 24.8457682 ], [ 121.019078, 24.8458531 ], [ 121.0191978, 24.8457779 ], [ 121.0194449, 24.8460336 ], [ 121.0197052, 24.8458991 ], [ 121.019757, 24.8459498 ], [ 121.0191605, 24.846669 ], [ 121.0186029, 24.8461688 ] ] ] } },
{ "type": "Feature", "properties": { "element": "way", "id": 1157868084, "name": null, "landuse": "industrial" }, "geometry": { "type": "Polygon", "coordinates": [ [ [ 121.0161528, 24.8480653 ], [ 121.0160245, 24.8481894 ], [ 121.0156961, 24.8485935 ], [ 121.0159454, 24.848746 ], [ 121.0160495, 24.8488096 ], [ 121.016187, 24.8487224 ], [ 121.0161528, 24.8480653 ] ] ] } },
{ "type": "Feature", "properties": { "element": "way", "id": 1157868103, "name": "群力科技", "landuse": "industrial" }, "geometry": { "type": "Polygon", "coordinates": [ [ [ 121.0192993, 24.8453948 ], [ 121.019632, 24.8451016 ], [ 121.019808, 24.8452661 ], [ 121.0194754, 24.8455593 ], [ 121.0192993, 24.8453948 ] ] ] } },
{ "type": "Feature", "properties": { "element": "way", "id": 1157868105, "name": "耕興", "landuse": "industrial" }, "geometry": { "type": "Polygon", "coordinates": [ [ [ 121.019158, 24.8448109 ], [ 121.019569, 24.8443724 ], [ 121.020049, 24.8448133 ], [ 121.0195483, 24.8451423 ], [ 121.019158, 24.8448109 ] ] ] } },
{ "type": "Feature", "properties": { "element": "way", "id": 1157868112, "name": null, "landuse": "industrial" }, "geometry": { "type": "Polygon", "coordinates": [ [ [ 121.0209822, 24.842727 ], [ 121.0217976, 24.842577 ], [ 121.021675, 24.8431875 ], [ 121.0213871, 24.8428641 ], [ 121.021045, 24.8429366 ], [ 121.0209822, 24.842727 ] ] ] } },
{ "type": "Feature", "properties": { "element": "way", "id": 1157868114, "name": null, "landuse": "industrial" }, "geometry": { "type": "Polygon", "coordinates": [ [ [ 121.021293, 24.8421682 ], [ 121.021045, 24.8419845 ], [ 121.021082, 24.841731 ], [ 121.0212217, 24.8417284 ], [ 121.0213586, 24.8416016 ], [ 121.0213928, 24.8410299 ], [ 121.0214726, 24.8410299 ], [ 121.0217891, 24.841317 ], [ 121.0215866, 24.8414697 ], [ 121.0218318, 24.8417387 ], [ 121.0217948, 24.8420414 ], [ 121.0216209, 24.8418965 ], [ 121.021293, 24.8421682 ] ] ] } },
{ "type": "Feature", "properties": { "element": "way", "id": 1157868116, "name": null, "landuse": "industrial" }, "geometry": { "type": "Polygon", "coordinates": [ [ [ 121.0213928, 24.8410299 ], [ 121.0211219, 24.8410894 ], [ 121.021082, 24.841731 ], [ 121.0212217, 24.8417284 ], [ 121.0213586, 24.8416016 ], [ 121.0213928, 24.8410299 ] ] ] } },
{ "type": "Feature", "properties": { "element": "way", "id": 1157868117, "name": null, "landuse": "industrial" }, "geometry": { "type": "Polygon", "coordinates": [ [ [ 121.021045, 24.8419845 ], [ 121.0209651, 24.8425407 ], [ 121.021293, 24.8421682 ], [ 121.021045, 24.8419845 ] ] ] } },
{ "type": "Feature", "properties": { "element": "way", "id": 1157868118, "name": null, "landuse": "industrial" }, "geometry": { "type": "Polygon", "coordinates": [ [ [ 121.0220428, 24.8406056 ], [ 121.0221169, 24.839832 ], [ 121.0218347, 24.8399174 ], [ 121.021866, 24.8400364 ], [ 121.0211162, 24.8403986 ], [ 121.0211105, 24.840797 ], [ 121.0211761, 24.8407763 ], [ 121.0212588, 24.8408772 ], [ 121.0213614, 24.8408462 ], [ 121.02135, 24.8407246 ], [ 121.0215752, 24.8406237 ], [ 121.0216266, 24.8407349 ], [ 121.0220428, 24.8406056 ] ] ] } },
{ "type": "Feature", "properties": { "element": "way", "id": 1157868124, "name": null, "landuse": "industrial" }, "geometry": { "type": "Polygon", "coordinates": [ [ [ 121.0211162, 24.8403986 ], [ 121.0212057, 24.8398715 ], [ 121.0218347, 24.8399174 ], [ 121.021866, 24.8400364 ], [ 121.0211162, 24.8403986 ] ] ] } },
{ "type": "Feature", "properties": { "element": "way", "id": 1157868129, "name": null, "landuse": "industrial" }, "geometry": { "type": "Polygon", "coordinates": [ [ [ 121.0199535, 24.8424348 ], [ 121.0202579, 24.8421506 ], [ 121.0204248, 24.8422489 ], [ 121.0204097, 24.8423501 ], [ 121.020378, 24.8425616 ], [ 121.0203458, 24.8427775 ], [ 121.0201379, 24.8425836 ], [ 121.0199535, 24.8424348 ] ] ] } },
{ "type": "Feature", "properties": { "element": "way", "id": 1157868133, "name": null, "landuse": "industrial" }, "geometry": { "type": "Polygon", "coordinates": [ [ [ 121.0215542, 24.8388198 ], [ 121.0212597, 24.8384299 ], [ 121.0212694, 24.838167 ], [ 121.0212984, 24.8380137 ], [ 121.0215542, 24.8379698 ], [ 121.0220129, 24.8385613 ], [ 121.0215542, 24.8388198 ] ] ] } },
{ "type": "Feature", "properties": { "element": "way", "id": 1157868148, "name": "薪宇科技", "landuse": "industrial" }, "geometry": { "type": "Polygon", "coordinates": [ [ [ 121.0189154, 24.8423341 ], [ 121.01984, 24.8430113 ], [ 121.0193839, 24.843316 ], [ 121.0186453, 24.8426185 ], [ 121.0189154, 24.8423341 ] ] ] } },
{ "type": "Feature", "properties": { "element": "way", "id": 1157868149, "name": "樂清倉庫", "landuse": "industrial" }, "geometry": { "type": "Polygon", "coordinates": [ [ [ 121.0181163, 24.8431392 ], [ 121.0186402, 24.843588 ], [ 121.0190383, 24.8433862 ], [ 121.0188568, 24.8432268 ], [ 121.0189944, 24.8431126 ], [ 121.0185402, 24.842729 ], [ 121.0181163, 24.8431392 ] ] ] } },
{ "type": "Feature", "properties": { "element": "way", "id": 1157868160, "name": "大川電腦回收", "landuse": "industrial" }, "geometry": { "type": "Polygon", "coordinates": [ [ [ 121.0177695, 24.8439629 ], [ 121.0178977, 24.8438547 ], [ 121.0180664, 24.8440057 ], [ 121.0179764, 24.8440812 ], [ 121.0177695, 24.8439629 ] ] ] } },
{ "type": "Feature", "properties": { "element": "way", "id": 1157868164, "name": "旺矽科技 新埔廠", "landuse": "industrial" }, "geometry": { "type": "Polygon", "coordinates": [ [ [ 121.0288757, 24.833292 ], [ 121.0286807, 24.8333914 ], [ 121.028811, 24.8336015 ], [ 121.0286921, 24.8336708 ], [ 121.0289488, 24.83409 ], [ 121.0291431, 24.8341412 ], [ 121.0298127, 24.8337638 ], [ 121.0295917, 24.8334604 ], [ 121.0289647, 24.8334031 ], [ 121.0288757, 24.833292 ] ] ] } },
{ "type": "Feature", "properties": { "element": "way", "id": 1158096708, "name": "建權玻璃開發", "landuse": "industrial" }, "geometry": { "type": "Polygon", "coordinates": [ [ [ 121.0341107, 24.8279793 ], [ 121.0329408, 24.8288252 ], [ 121.0323193, 24.8294777 ], [ 121.032008, 24.829372 ], [ 121.031969, 24.8295612 ], [ 121.0317087, 24.8295194 ], [ 121.0311541, 24.8290174 ], [ 121.0323187, 24.8282551 ], [ 121.032803, 24.8280596 ], [ 121.0331855, 24.8276852 ], [ 121.0333251, 24.8271965 ], [ 121.0336948, 24.8273649 ], [ 121.0337292, 24.8278787 ], [ 121.0341107, 24.8279793 ] ] ] } },
{ "type": "Feature", "properties": { "element": "way", "id": 1158096718, "name": "犁頭山配水池加壓站", "landuse": "industrial" }, "geometry": { "type": "Polygon", "coordinates": [ [ [ 121.0370303, 24.8285878 ], [ 121.037071, 24.8281074 ], [ 121.0379743, 24.8273984 ], [ 121.0383157, 24.8277018 ], [ 121.0380593, 24.8279978 ], [ 121.0378674, 24.8279494 ], [ 121.0378887, 24.8283753 ], [ 121.0377006, 24.8283456 ], [ 121.0372745, 24.8282783 ], [ 121.0371626, 24.8283407 ], [ 121.0371371, 24.8286224 ], [ 121.0370303, 24.8285878 ] ] ] } },
{ "type": "Feature", "properties": { "element": "way", "id": 1158096728, "name": null, "landuse": "industrial" }, "geometry": { "type": "Polygon", "coordinates": [ [ [ 121.0398716, 24.8216163 ], [ 121.0397764, 24.8213704 ], [ 121.0404182, 24.8211436 ], [ 121.0405297, 24.821389 ], [ 121.0398716, 24.8216163 ] ] ] } },
{ "type": "Feature", "properties": { "element": "way", "id": 1158096756, "name": null, "landuse": "industrial" }, "geometry": { "type": "Polygon", "coordinates": [ [ [ 121.057448, 24.7954441 ], [ 121.0578531, 24.7954089 ], [ 121.0577281, 24.7944974 ], [ 121.0573489, 24.7945795 ], [ 121.057448, 24.7954441 ] ] ] } },
{ "type": "Feature", "properties": { "element": "way", "id": 1158096784, "name": "永豐林建材事業", "landuse": "industrial" }, "geometry": { "type": "Polygon", "coordinates": [ [ [ 121.0508882, 24.8036595 ], [ 121.0511741, 24.8031923 ], [ 121.0514387, 24.8032475 ], [ 121.0518912, 24.8035138 ], [ 121.051505, 24.8040623 ], [ 121.051324, 24.8039648 ], [ 121.0514578, 24.80372 ], [ 121.0511872, 24.8035733 ], [ 121.0510746, 24.8037447 ], [ 121.0508882, 24.8036595 ] ] ] } },
{ "type": "Feature", "properties": { "element": "way", "id": 1158096791, "name": null, "landuse": "industrial" }, "geometry": { "type": "Polygon", "coordinates": [ [ [ 121.0465201, 24.8097061 ], [ 121.0470876, 24.8092289 ], [ 121.0469072, 24.8090786 ], [ 121.046348, 24.8095254 ], [ 121.0465201, 24.8097061 ] ] ] } },
{ "type": "Feature", "properties": { "element": "way", "id": 1158096810, "name": "芳程", "landuse": "industrial" }, "geometry": { "type": "Polygon", "coordinates": [ [ [ 121.0457078, 24.8123961 ], [ 121.0454291, 24.8119357 ], [ 121.0451047, 24.8120974 ], [ 121.0453833, 24.8125578 ], [ 121.0457078, 24.8123961 ] ] ] } },
{ "type": "Feature", "properties": { "element": "way", "id": 1158096819, "name": "妙潔企業商行", "landuse": "industrial" }, "geometry": { "type": "Polygon", "coordinates": [ [ [ 121.0436374, 24.8145944 ], [ 121.0442095, 24.814574 ], [ 121.0441915, 24.8147539 ], [ 121.0436622, 24.8148031 ], [ 121.0436374, 24.8145944 ] ] ] } },
{ "type": "Feature", "properties": { "element": "way", "id": 1158096829, "name": null, "landuse": "industrial" }, "geometry": { "type": "Polygon", "coordinates": [ [ [ 121.0459476, 24.8158294 ], [ 121.0463318, 24.8153623 ], [ 121.046456, 24.8154464 ], [ 121.0460718, 24.8159136 ], [ 121.0459476, 24.8158294 ] ] ] } },
{ "type": "Feature", "properties": { "element": "way", "id": 1158108339, "name": "進富摃丸", "landuse": "industrial" }, "geometry": { "type": "Polygon", "coordinates": [ [ [ 121.0497253, 24.8102155 ], [ 121.0499205, 24.8100898 ], [ 121.0495749, 24.8096133 ], [ 121.0493608, 24.8098739 ], [ 121.0497253, 24.8102155 ] ] ] } },
{ "type": "Feature", "properties": { "element": "way", "id": 1158108351, "name": "東海米", "landuse": "industrial" }, "geometry": { "type": "Polygon", "coordinates": [ [ [ 121.0557358, 24.8076333 ], [ 121.0561748, 24.8083519 ], [ 121.0564617, 24.8081323 ], [ 121.0561748, 24.8079063 ], [ 121.0562059, 24.8077181 ], [ 121.0558498, 24.8075235 ], [ 121.0557358, 24.8076333 ] ] ] } },
{ "type": "Feature", "properties": { "element": "way", "id": 1158108393, "name": "竹永成精密", "landuse": "industrial" }, "geometry": { "type": "Polygon", "coordinates": [ [ [ 121.0612143, 24.7913582 ], [ 121.0611696, 24.7915467 ], [ 121.0618084, 24.7918337 ], [ 121.0616742, 24.7925674 ], [ 121.0614347, 24.792521 ], [ 121.0611153, 24.7933242 ], [ 121.0609524, 24.7932401 ], [ 121.0610226, 24.7928863 ], [ 121.0606968, 24.7928834 ], [ 121.0607575, 24.7923412 ], [ 121.0602305, 24.7922455 ], [ 121.060272, 24.7914684 ], [ 121.0612143, 24.7913582 ] ] ] } },
{ "type": "Feature", "properties": { "element": "way", "id": 1158108401, "name": null, "landuse": "industrial" }, "geometry": { "type": "Polygon", "coordinates": [ [ [ 121.0589212, 24.7898662 ], [ 121.0592815, 24.7895133 ], [ 121.0593901, 24.789407 ], [ 121.0594006, 24.7901963 ], [ 121.0590792, 24.7901628 ], [ 121.0589212, 24.7898662 ] ] ] } },
{ "type": "Feature", "properties": { "element": "way", "id": 1158127260, "name": "高展起重工程行", "landuse": "industrial" }, "geometry": { "type": "Polygon", "coordinates": [ [ [ 121.045872, 24.7984271 ], [ 121.046202, 24.7983202 ], [ 121.04624, 24.7984169 ], [ 121.0459101, 24.7985238 ], [ 121.045872, 24.7984271 ] ] ] } },
{ "type": "Feature", "properties": { "element": "way", "id": 1158127282, "name": "廣之鄉食品", "landuse": "industrial" }, "geometry": { "type": "Polygon", "coordinates": [ [ [ 121.0589487, 24.7908264 ], [ 121.059153, 24.7906839 ], [ 121.0594931, 24.7907302 ], [ 121.0596359, 24.7908838 ], [ 121.0592047, 24.791116 ], [ 121.0589487, 24.7908264 ] ] ] } },
{ "type": "Feature", "properties": { "element": "way", "id": 1158127292, "name": "富昇玻璃", "landuse": "industrial" }, "geometry": { "type": "Polygon", "coordinates": [ [ [ 121.0558786, 24.795978 ], [ 121.0560971, 24.7955422 ], [ 121.055502, 24.7953151 ], [ 121.0553094, 24.7957431 ], [ 121.0558786, 24.795978 ] ] ] } },
{ "type": "Feature", "properties": { "element": "way", "id": 1158127294, "name": "采達石材", "landuse": "industrial" }, "geometry": { "type": "Polygon", "coordinates": [ [ [ 121.0529673, 24.7989889 ], [ 121.053116, 24.798585 ], [ 121.0530096, 24.7985068 ], [ 121.0530384, 24.798405 ], [ 121.0536277, 24.7984154 ], [ 121.053134, 24.7990714 ], [ 121.0529673, 24.7989889 ] ] ] } },
{ "type": "Feature", "properties": { "element": "way", "id": 1158127295, "name": null, "landuse": "industrial" }, "geometry": { "type": "Polygon", "coordinates": [ [ [ 121.053134, 24.7990714 ], [ 121.0529692, 24.7993912 ], [ 121.0528363, 24.7993447 ], [ 121.0529673, 24.7989889 ], [ 121.053134, 24.7990714 ] ] ] } },
{ "type": "Feature", "properties": { "element": "way", "id": 1158127298, "name": null, "landuse": "industrial" }, "geometry": { "type": "Polygon", "coordinates": [ [ [ 121.052112, 24.7989061 ], [ 121.0523328, 24.7986215 ], [ 121.0525241, 24.7984497 ], [ 121.052808, 24.7984658 ], [ 121.0527764, 24.7988184 ], [ 121.0525477, 24.7987808 ], [ 121.0523505, 24.7990511 ], [ 121.052112, 24.7989061 ] ] ] } },
{ "type": "Feature", "properties": { "element": "way", "id": 1158127315, "name": "金埕", "landuse": "industrial" }, "geometry": { "type": "Polygon", "coordinates": [ [ [ 121.0518584, 24.8020691 ], [ 121.0521738, 24.8019963 ], [ 121.0520836, 24.8016993 ], [ 121.0518584, 24.8020691 ] ] ] } },
{ "type": "Feature", "properties": { "element": "way", "id": 1158164740, "name": "南茂科技", "landuse": "industrial" }, "geometry": { "type": "Polygon", "coordinates": [ [ [ 121.0011495, 24.7763411 ], [ 121.0020614, 24.7757079 ], [ 121.0021985, 24.7758811 ], [ 121.0028005, 24.7758865 ], [ 121.0028303, 24.7760381 ], [ 121.0016144, 24.7768877 ], [ 121.0011495, 24.7763411 ] ] ] } },
{ "type": "Feature", "properties": { "element": "way", "id": 1158164742, "name": null, "landuse": "industrial" }, "geometry": { "type": "Polygon", "coordinates": [ [ [ 121.0007766, 24.7791033 ], [ 121.0010677, 24.7788876 ], [ 121.0013068, 24.7791536 ], [ 121.0010158, 24.7793693 ], [ 121.0007766, 24.7791033 ] ] ] } },
{ "type": "Feature", "properties": { "element": "way", "id": 1158394866, "name": "合晶科技 龍潭廠", "landuse": "industrial" }, "geometry": { "type": "Polygon", "coordinates": [ [ [ 121.184947, 24.885532 ], [ 121.1876024, 24.8853665 ], [ 121.1874898, 24.8843592 ], [ 121.1848397, 24.8845149 ], [ 121.184947, 24.885532 ] ] ] } },
{ "type": "Feature", "properties": { "element": "way", "id": 1158394874, "name": "祥翊製藥", "landuse": "industrial" }, "geometry": { "type": "Polygon", "coordinates": [ [ [ 121.1876912, 24.8824272 ], [ 121.1876129, 24.8814555 ], [ 121.188569, 24.8813749 ], [ 121.188731, 24.88183 ], [ 121.1876912, 24.8824272 ] ] ] } },
{ "type": "Feature", "properties": { "element": "way", "id": 1158394882, "name": "欣詮", "landuse": "industrial" }, "geometry": { "type": "Polygon", "coordinates": [ [ [ 121.1879498, 24.8858989 ], [ 121.1878511, 24.8847666 ], [ 121.1882343, 24.8848192 ], [ 121.1883794, 24.8853775 ], [ 121.1886697, 24.8858462 ], [ 121.1879498, 24.8858989 ] ] ] } },
{ "type": "Feature", "properties": { "element": "way", "id": 1158394883, "name": "采鈺科技", "landuse": "industrial" }, "geometry": { "type": "Polygon", "coordinates": [ [ [ 121.1880659, 24.8872365 ], [ 121.1879905, 24.8860253 ], [ 121.1887104, 24.8859041 ], [ 121.1888961, 24.8860621 ], [ 121.188989, 24.886731 ], [ 121.1888903, 24.8871733 ], [ 121.1880659, 24.8872365 ] ] ] } },
{ "type": "Feature", "properties": { "element": "way", "id": 1163317271, "name": "濟生健康文化館", "landuse": "industrial" }, "geometry": { "type": "Polygon", "coordinates": [ [ [ 121.0013821, 24.8598659 ], [ 121.0009321, 24.8592927 ], [ 121.0011258, 24.8591466 ], [ 121.0015877, 24.8592223 ], [ 121.0018261, 24.8596036 ], [ 121.0013821, 24.8598659 ] ] ] } },
{ "type": "Feature", "properties": { "element": "way", "id": 1164597879, "name": "常宏興業 新豐廠", "landuse": "industrial" }, "geometry": { "type": "Polygon", "coordinates": [ [ [ 121.005912, 24.8840664 ], [ 121.0060673, 24.8836807 ], [ 121.0059528, 24.883499 ], [ 121.0064598, 24.8828611 ], [ 121.0059814, 24.8825533 ], [ 121.0060796, 24.8823715 ], [ 121.0056094, 24.882086 ], [ 121.0063862, 24.881081 ], [ 121.0065865, 24.8811217 ], [ 121.0065538, 24.8814259 ], [ 121.0066233, 24.8816929 ], [ 121.0068604, 24.8818857 ], [ 121.0069626, 24.8820749 ], [ 121.007122, 24.8824606 ], [ 121.007167, 24.8827869 ], [ 121.0067009, 24.8837363 ], [ 121.0062717, 24.8842852 ], [ 121.005912, 24.8840664 ] ] ] } },
{ "type": "Feature", "properties": { "element": "way", "id": 1172347208, "name": "泉辰", "landuse": "industrial" }, "geometry": { "type": "Polygon", "coordinates": [ [ [ 121.0281827, 24.8451933 ], [ 121.0288118, 24.8448319 ], [ 121.0291463, 24.8449403 ], [ 121.0295126, 24.8454823 ], [ 121.028553, 24.8459195 ], [ 121.0281827, 24.8451933 ] ] ] } },
{ "type": "Feature", "properties": { "element": "way", "id": 1172636770, "name": "高原工業區", "landuse": "industrial" }, "geometry": { "type": "Polygon", "coordinates": [ [ [ 121.1975136, 24.8281188 ], [ 121.1971679, 24.8277712 ], [ 121.1968058, 24.8274182 ], [ 121.1962961, 24.8271821 ], [ 121.1961298, 24.8270677 ], [ 121.1960467, 24.8268851 ], [ 121.195757, 24.826593 ], [ 121.1955719, 24.8264055 ], [ 121.1954808, 24.8262449 ], [ 121.1954968, 24.8257848 ], [ 121.1956578, 24.8257239 ], [ 121.1969667, 24.8253685 ], [ 121.1968782, 24.8249644 ], [ 121.1970767, 24.8248159 ], [ 121.1979564, 24.8252152 ], [ 121.1985009, 24.8255219 ], [ 121.1986619, 24.8262303 ], [ 121.1988845, 24.8261426 ], [ 121.199032, 24.8265833 ], [ 121.1992761, 24.8268754 ], [ 121.1989113, 24.8273208 ], [ 121.1983695, 24.8277834 ], [ 121.1980074, 24.8277736 ], [ 121.1977365, 24.8278515 ], [ 121.1975136, 24.8281188 ] ] ] } },
{ "type": "Feature", "properties": { "element": "way", "id": 1182828946, "name": "詠崧窯業", "landuse": "industrial" }, "geometry": { "type": "Polygon", "coordinates": [ [ [ 121.1149299, 24.7100366 ], [ 121.1149925, 24.709942 ], [ 121.1152473, 24.7096837 ], [ 121.1150891, 24.7094814 ], [ 121.11514, 24.709077 ], [ 121.1145714, 24.7084678 ], [ 121.1146867, 24.7080414 ], [ 121.114389, 24.7080146 ], [ 121.1144373, 24.7078343 ], [ 121.114735, 24.7076856 ], [ 121.1147618, 24.7073396 ], [ 121.1144293, 24.7071812 ], [ 121.1141315, 24.7070887 ], [ 121.1140028, 24.7071228 ], [ 121.1136487, 24.7075516 ], [ 121.1130908, 24.7075833 ], [ 121.1130694, 24.7077149 ], [ 121.1127716, 24.7082997 ], [ 121.1132759, 24.7088504 ], [ 121.1139813, 24.7093962 ], [ 121.1149299, 24.7100366 ] ] ] } },
{ "type": "Feature", "properties": { "element": "way", "id": 1189737165, "name": "楊高變電所", "landuse": "industrial" }, "geometry": { "type": "Polygon", "coordinates": [ [ [ 121.1138247, 24.9399666 ], [ 121.1144935, 24.9403416 ], [ 121.1148529, 24.9398147 ], [ 121.1148107, 24.9397911 ], [ 121.1141841, 24.9394397 ], [ 121.1138247, 24.9399666 ] ] ] } },
{ "type": "Feature", "properties": { "element": "way", "id": 1201003169, "name": "大園南港地區自來水水塔", "landuse": "industrial" }, "geometry": { "type": "Polygon", "coordinates": [ [ [ 121.1692744, 25.0498249 ], [ 121.1691278, 25.0495798 ], [ 121.1686907, 25.0498021 ], [ 121.1688275, 25.0500259 ], [ 121.1692744, 25.0498249 ] ] ] } },
{ "type": "Feature", "properties": { "element": "way", "id": 1202706587, "name": "怡發金屬工業", "landuse": "industrial" }, "geometry": { "type": "Polygon", "coordinates": [ [ [ 121.2779767, 24.9603293 ], [ 121.2780846, 24.960007 ], [ 121.2785087, 24.9601223 ], [ 121.2786038, 24.9598332 ], [ 121.2779574, 24.9596534 ], [ 121.2782284, 24.958853 ], [ 121.2775583, 24.9587384 ], [ 121.2773282, 24.9593986 ], [ 121.2775608, 24.9597311 ], [ 121.2775886, 24.9598503 ], [ 121.2775785, 24.9598938 ], [ 121.2773509, 24.9601552 ], [ 121.2779767, 24.9603293 ] ] ] } },
{ "type": "Feature", "properties": { "element": "way", "id": 1231072048, "name": "達邁科技", "landuse": "industrial" }, "geometry": { "type": "Polygon", "coordinates": [ [ [ 121.0765508, 24.8219233 ], [ 121.0768687, 24.821776 ], [ 121.0770806, 24.8221848 ], [ 121.0775044, 24.8221096 ], [ 121.0775674, 24.8229391 ], [ 121.0771567, 24.8229782 ], [ 121.0770342, 24.8230834 ], [ 121.0771336, 24.8232186 ], [ 121.0769879, 24.8232818 ], [ 121.0763157, 24.8222329 ], [ 121.0764614, 24.8221788 ], [ 121.0767759, 24.822287 ], [ 121.0765508, 24.8219233 ] ] ] } },
{ "type": "Feature", "properties": { "element": "way", "id": 1236760258, "name": "IKEA物流中心", "landuse": "industrial" }, "geometry": { "type": "Polygon", "coordinates": [ [ [ 121.0817862, 25.0404894 ], [ 121.0808425, 25.041849 ], [ 121.0835362, 25.0444175 ], [ 121.0836093, 25.0444222 ], [ 121.0837485, 25.0443458 ], [ 121.0839862, 25.0441722 ], [ 121.0839781, 25.0441318 ], [ 121.0845987, 25.0436895 ], [ 121.0846868, 25.0437585 ], [ 121.0848385, 25.0437438 ], [ 121.0850977, 25.0435583 ], [ 121.085108, 25.0434396 ], [ 121.0846123, 25.0429643 ], [ 121.0849982, 25.0426041 ], [ 121.0833292, 25.0410953 ], [ 121.0828222, 25.0405371 ], [ 121.082764, 25.0404536 ], [ 121.0827495, 25.0403349 ], [ 121.0827082, 25.0402602 ], [ 121.0817862, 25.0404894 ] ] ] } },
{ "type": "Feature", "properties": { "element": "way", "id": 1240393665, "name": null, "landuse": "industrial" }, "geometry": { "type": "Polygon", "coordinates": [ [ [ 121.0966204, 24.7282729 ], [ 121.0968821, 24.7278715 ], [ 121.0971802, 24.7278354 ], [ 121.0971843, 24.7280165 ], [ 121.0974162, 24.7281413 ], [ 121.0971461, 24.7285556 ], [ 121.0966204, 24.7282729 ] ] ] } },
{ "type": "Feature", "properties": { "element": "way", "id": 1240393672, "name": null, "landuse": "industrial" }, "geometry": { "type": "Polygon", "coordinates": [ [ [ 121.0976157, 24.7277975 ], [ 121.0983128, 24.7277118 ], [ 121.0983201, 24.7278224 ], [ 121.0975352, 24.7279682 ], [ 121.0976157, 24.7277975 ] ] ] } },
{ "type": "Feature", "properties": { "element": "way", "id": 1240393688, "name": "中油資源莊", "landuse": "industrial" }, "geometry": { "type": "Polygon", "coordinates": [ [ [ 121.0981512, 24.7156609 ], [ 121.0986702, 24.7156536 ], [ 121.0995539, 24.7161106 ], [ 121.0993063, 24.7165627 ], [ 121.0994022, 24.7167585 ], [ 121.0981718, 24.7190352 ], [ 121.0978293, 24.7188985 ], [ 121.0975605, 24.7188985 ], [ 121.096498, 24.7184159 ], [ 121.0965524, 24.7180904 ], [ 121.0974549, 24.7166426 ], [ 121.0981512, 24.7156609 ] ] ] } },
{ "type": "Feature", "properties": { "element": "way", "id": 1240420136, "name": "崙坪高頻監測站", "landuse": "industrial" }, "geometry": { "type": "Polygon", "coordinates": [ [ [ 121.1645973, 24.9978888 ], [ 121.1649942, 24.9975084 ], [ 121.1665834, 24.9977451 ], [ 121.1666693, 24.9965773 ], [ 121.1667021, 24.9964193 ], [ 121.1671038, 24.9954481 ], [ 121.1658686, 24.9951856 ], [ 121.1656467, 24.9951236 ], [ 121.1654341, 24.9951017 ], [ 121.1651257, 24.9952828 ], [ 121.1646791, 24.9954408 ], [ 121.1630389, 24.9963233 ], [ 121.1627895, 24.9965311 ], [ 121.1625615, 24.9966891 ], [ 121.1624609, 24.9967548 ], [ 121.1623254, 24.9969079 ], [ 121.1623013, 24.9970197 ], [ 121.162357, 24.9970408 ], [ 121.1624232, 24.9970659 ], [ 121.1625261, 24.9970304 ], [ 121.1625981, 24.9970554 ], [ 121.1626896, 24.9970873 ], [ 121.1627331, 24.9971832 ], [ 121.1628025, 24.9972094 ], [ 121.1645973, 24.9978888 ] ] ] } },
{ "type": "Feature", "properties": { "element": "way", "id": 1245803533, "name": "旭德科技 優美廠", "landuse": "industrial" }, "geometry": { "type": "Polygon", "coordinates": [ [ [ 121.0230845, 24.8715268 ], [ 121.0233403, 24.8717191 ], [ 121.0237997, 24.8719953 ], [ 121.0236227, 24.8726201 ], [ 121.0226568, 24.8723786 ], [ 121.0223772, 24.8722454 ], [ 121.0230845, 24.8715268 ] ] ] } },
{ "type": "Feature", "properties": { "element": "way", "id": 1245803538, "name": "邁萃斯精密", "landuse": "industrial" }, "geometry": { "type": "Polygon", "coordinates": [ [ [ 121.0004051, 24.8620165 ], [ 121.0012279, 24.863165 ], [ 121.0028344, 24.8622285 ], [ 121.0020168, 24.8610958 ], [ 121.0004051, 24.8620165 ] ] ] } },
{ "type": "Feature", "properties": { "element": "way", "id": 1246002046, "name": "五華工業區", "landuse": "industrial" }, "geometry": { "type": "Polygon", "coordinates": [ [ [ 121.1394237, 24.747284 ], [ 121.1391358, 24.7469785 ], [ 121.1390246, 24.7467507 ], [ 121.1387281, 24.7465099 ], [ 121.1385057, 24.7464892 ], [ 121.1382121, 24.7462588 ], [ 121.1378101, 24.7463753 ], [ 121.1373654, 24.746774 ], [ 121.1370888, 24.7463079 ], [ 121.13722, 24.7458807 ], [ 121.136972, 24.7453772 ], [ 121.1368441, 24.744629 ], [ 121.136292, 24.7443671 ], [ 121.1357953, 24.7440975 ], [ 121.1352532, 24.7433755 ], [ 121.1346028, 24.7429404 ], [ 121.1332404, 24.7421856 ], [ 121.1322607, 24.7409773 ], [ 121.1295226, 24.7389133 ], [ 121.1292587, 24.7386258 ], [ 121.1286429, 24.7383384 ], [ 121.1270638, 24.7381763 ], [ 121.12674, 24.738269 ], [ 121.1260009, 24.7379206 ], [ 121.1258144, 24.7377224 ], [ 121.1252396, 24.7375282 ], [ 121.1246631, 24.737393 ], [ 121.123693, 24.7369088 ], [ 121.1234667, 24.736369 ], [ 121.1235503, 24.7360567 ], [ 121.1230576, 24.7359075 ], [ 121.1216106, 24.7356518 ], [ 121.1207463, 24.7353641 ], [ 121.1213447, 24.7343873 ], [ 121.1233978, 24.7352149 ], [ 121.1249224, 24.7353412 ], [ 121.1268055, 24.7360196 ], [ 121.1279822, 24.7364721 ], [ 121.1309636, 24.7382915 ], [ 121.1311376, 24.7386588 ], [ 121.1316637, 24.7387113 ], [ 121.1320289, 24.7388723 ], [ 121.1322745, 24.7390779 ], [ 121.1328855, 24.7398207 ], [ 121.1335504, 24.7402365 ], [ 121.1340177, 24.7413639 ], [ 121.1343682, 24.7415496 ], [ 121.1347188, 24.741459 ], [ 121.1351592, 24.7414622 ], [ 121.1352232, 24.7418725 ], [ 121.1358033, 24.7424701 ], [ 121.1363815, 24.7427583 ], [ 121.1369413, 24.7428218 ], [ 121.1371968, 24.7426113 ], [ 121.1372811, 24.7423601 ], [ 121.137505, 24.7422739 ], [ 121.1374708, 24.7425945 ], [ 121.1369756, 24.743152 ], [ 121.1371784, 24.7435898 ], [ 121.1375367, 24.743841 ], [ 121.1378422, 24.744286 ], [ 121.1388006, 24.7453748 ], [ 121.1390603, 24.7457238 ], [ 121.1395067, 24.7469785 ], [ 121.1395145, 24.7472785 ], [ 121.1394237, 24.747284 ] ] ] } },
{ "type": "Feature", "properties": { "element": "way", "id": 1246002053, "name": "旭申實業 新竹廠", "landuse": "industrial" }, "geometry": { "type": "Polygon", "coordinates": [ [ [ 121.1370265, 24.7453872 ], [ 121.136886, 24.7446878 ], [ 121.137385, 24.7449979 ], [ 121.1370265, 24.7453872 ] ] ] } },
{ "type": "Feature", "properties": { "element": "way", "id": 1246002054, "name": "銓葳重機工業", "landuse": "industrial" }, "geometry": { "type": "Polygon", "coordinates": [ [ [ 121.1258741, 24.736508 ], [ 121.1263954, 24.7368605 ], [ 121.1265348, 24.7371787 ], [ 121.1261473, 24.7369541 ], [ 121.1257264, 24.7367845 ], [ 121.1258741, 24.736508 ] ] ] } },
{ "type": "Feature", "properties": { "element": "way", "id": 1246002056, "name": "內立工業區", "landuse": "industrial" }, "geometry": { "type": "Polygon", "coordinates": [ [ [ 121.0799772, 24.8155858 ], [ 121.0798433, 24.8150999 ], [ 121.0800039, 24.8146666 ], [ 121.0804768, 24.8147557 ], [ 121.0806865, 24.8150877 ], [ 121.0813914, 24.8152983 ], [ 121.0822167, 24.815031 ], [ 121.0823237, 24.8148772 ], [ 121.0827743, 24.8146464 ], [ 121.083207, 24.8148043 ], [ 121.0834792, 24.8147274 ], [ 121.0838405, 24.814942 ], [ 121.0842867, 24.814942 ], [ 121.0845855, 24.8148205 ], [ 121.08459, 24.8141078 ], [ 121.0850138, 24.8135288 ], [ 121.0857455, 24.813298 ], [ 121.085915, 24.8130307 ], [ 121.0863209, 24.8130914 ], [ 121.0865083, 24.8131603 ], [ 121.0869143, 24.8130307 ], [ 121.0866065, 24.8120305 ], [ 121.0896534, 24.8113826 ], [ 121.0899836, 24.8128039 ], [ 121.0900416, 24.8133061 ], [ 121.090172, 24.8135886 ], [ 121.0909158, 24.8133884 ], [ 121.0910561, 24.813654 ], [ 121.0910995, 24.8139921 ], [ 121.0908036, 24.8142137 ], [ 121.0904565, 24.814249 ], [ 121.0872775, 24.8147789 ], [ 121.0836498, 24.8156645 ], [ 121.0832971, 24.8156857 ], [ 121.0799772, 24.8155858 ] ] ] } },
{ "type": "Feature", "properties": { "element": "way", "id": 1246002057, "name": "東昀綠能再生", "landuse": "industrial" }, "geometry": { "type": "Polygon", "coordinates": [ [ [ 121.082437, 24.8156404 ], [ 121.0823109, 24.8150291 ], [ 121.0822946, 24.8149504 ], [ 121.0823384, 24.8148888 ], [ 121.0827788, 24.814672 ], [ 121.0829321, 24.8156444 ], [ 121.082437, 24.8156404 ] ] ] } },
{ "type": "Feature", "properties": { "element": "way", "id": 1246002058, "name": "奎欣企業", "landuse": "industrial" }, "geometry": { "type": "Polygon", "coordinates": [ [ [ 121.082437, 24.8156404 ], [ 121.0816856, 24.8156146 ], [ 121.0817009, 24.8152328 ], [ 121.0823109, 24.8150291 ], [ 121.082437, 24.8156404 ] ] ] } },
{ "type": "Feature", "properties": { "element": "way", "id": 1246002059, "name": "進猷塑膠", "landuse": "industrial" }, "geometry": { "type": "Polygon", "coordinates": [ [ [ 121.0861415, 24.8139645 ], [ 121.0866774, 24.8138248 ], [ 121.0868627, 24.8146296 ], [ 121.0865121, 24.8146917 ], [ 121.0865712, 24.8149008 ], [ 121.0864101, 24.8149303 ], [ 121.0861415, 24.8139645 ] ] ] } },
{ "type": "Feature", "properties": { "element": "way", "id": 1246002060, "name": "大冶電子科技", "landuse": "industrial" }, "geometry": { "type": "Polygon", "coordinates": [ [ [ 121.0905575, 24.8142414 ], [ 121.0903152, 24.8136126 ], [ 121.0908939, 24.8134211 ], [ 121.0910251, 24.8136721 ], [ 121.0910593, 24.813993 ], [ 121.0907856, 24.8141923 ], [ 121.0905575, 24.8142414 ] ] ] } },
{ "type": "Feature", "properties": { "element": "way", "id": 1246002061, "name": "意全食品", "landuse": "industrial" }, "geometry": { "type": "Polygon", "coordinates": [ [ [ 121.0865712, 24.8149008 ], [ 121.086903, 24.8148349 ], [ 121.0868627, 24.8146296 ], [ 121.0865121, 24.8146917 ], [ 121.0865712, 24.8149008 ] ] ] } },
{ "type": "Feature", "properties": { "element": "way", "id": 1246002062, "name": "兆欣科技", "landuse": "industrial" }, "geometry": { "type": "Polygon", "coordinates": [ [ [ 121.085987, 24.8138975 ], [ 121.0858055, 24.8133001 ], [ 121.0859267, 24.8130586 ], [ 121.0863139, 24.8131256 ], [ 121.0865405, 24.8132236 ], [ 121.0866719, 24.8137708 ], [ 121.085987, 24.8138975 ] ] ] } },
{ "type": "Feature", "properties": { "element": "way", "id": 1246002063, "name": "成利欣工業", "landuse": "industrial" }, "geometry": { "type": "Polygon", "coordinates": [ [ [ 121.0847549, 24.8153484 ], [ 121.084665, 24.8149424 ], [ 121.0847674, 24.8147926 ], [ 121.0847349, 24.8146543 ], [ 121.0848307, 24.8146305 ], [ 121.0853647, 24.8144977 ], [ 121.0852473, 24.8141076 ], [ 121.0846275, 24.8142686 ], [ 121.0846575, 24.8145182 ], [ 121.084635, 24.8148493 ], [ 121.0842651, 24.8149764 ], [ 121.0843801, 24.8154459 ], [ 121.0847549, 24.8153484 ] ] ] } },
{ "type": "Feature", "properties": { "element": "way", "id": 1246002064, "name": "華科食品", "landuse": "industrial" }, "geometry": { "type": "Polygon", "coordinates": [ [ [ 121.0847549, 24.8153484 ], [ 121.0849449, 24.8152939 ], [ 121.0847674, 24.8147926 ], [ 121.084665, 24.8149424 ], [ 121.0847549, 24.8153484 ] ] ] } },
{ "type": "Feature", "properties": { "element": "way", "id": 1246002066, "name": "金澤金屬科技", "landuse": "industrial" }, "geometry": { "type": "Polygon", "coordinates": [ [ [ 121.0853647, 24.8144977 ], [ 121.0855598, 24.8151333 ], [ 121.0850585, 24.815281 ], [ 121.0848307, 24.8146305 ], [ 121.0853647, 24.8144977 ] ] ] } },
{ "type": "Feature", "properties": { "element": "way", "id": 1246002078, "name": "哲良企業", "landuse": "industrial" }, "geometry": { "type": "Polygon", "coordinates": [ [ [ 120.9995388, 24.8759942 ], [ 121.0005559, 24.8751462 ], [ 121.0007819, 24.8756354 ], [ 121.0008551, 24.8757375 ], [ 121.0000011, 24.8764023 ], [ 120.9995388, 24.8759942 ] ] ] } },
{ "type": "Feature", "properties": { "element": "way", "id": 1246002088, "name": "志同實業 二廠", "landuse": "industrial" }, "geometry": { "type": "Polygon", "coordinates": [ [ [ 121.0091243, 24.8787141 ], [ 121.0102365, 24.8795603 ], [ 121.0100535, 24.8799817 ], [ 121.0086738, 24.8788674 ], [ 121.0091243, 24.8787141 ] ] ] } },
{ "type": "Feature", "properties": { "element": "way", "id": 1246002089, "name": null, "landuse": "industrial" }, "geometry": { "type": "Polygon", "coordinates": [ [ [ 121.0095748, 24.8788961 ], [ 121.0098212, 24.8786375 ], [ 121.0096136, 24.8784746 ], [ 121.0092686, 24.8786471 ], [ 121.0095748, 24.8788961 ] ] ] } },
{ "type": "Feature", "properties": { "element": "way", "id": 1246002090, "name": null, "landuse": "industrial" }, "geometry": { "type": "Polygon", "coordinates": [ [ [ 121.0098212, 24.8786375 ], [ 121.0100957, 24.8788642 ], [ 121.0098494, 24.8791196 ], [ 121.0095748, 24.8788961 ], [ 121.0098212, 24.8786375 ] ] ] } },
{ "type": "Feature", "properties": { "element": "way", "id": 1246002091, "name": "億昇科技", "landuse": "industrial" }, "geometry": { "type": "Polygon", "coordinates": [ [ [ 121.0100957, 24.8788642 ], [ 121.0103175, 24.8790494 ], [ 121.0100957, 24.879308 ], [ 121.0098494, 24.8791196 ], [ 121.0100957, 24.8788642 ] ] ] } },
{ "type": "Feature", "properties": { "element": "way", "id": 1246002093, "name": "台灣普熙", "landuse": "industrial" }, "geometry": { "type": "Polygon", "coordinates": [ [ [ 121.0157594, 24.8867978 ], [ 121.0153297, 24.8872858 ], [ 121.0147636, 24.8871037 ], [ 121.0148618, 24.8870104 ], [ 121.0153538, 24.8865428 ], [ 121.0157594, 24.8867978 ] ] ] } },
{ "type": "Feature", "properties": { "element": "way", "id": 1246002094, "name": "鎵興國際 新豐中崙一館", "landuse": "industrial" }, "geometry": { "type": "Polygon", "coordinates": [ [ [ 121.0153538, 24.8865428 ], [ 121.0151169, 24.8863862 ], [ 121.0146713, 24.8868524 ], [ 121.0148618, 24.8870104 ], [ 121.0153538, 24.8865428 ] ] ] } },
{ "type": "Feature", "properties": { "element": "way", "id": 1246002096, "name": "泰夌企業", "landuse": "industrial" }, "geometry": { "type": "Polygon", "coordinates": [ [ [ 121.0130934, 24.8835088 ], [ 121.0142939, 24.8849366 ], [ 121.0150647, 24.8843975 ], [ 121.0134828, 24.8831409 ], [ 121.0130934, 24.8835088 ] ] ] } },
{ "type": "Feature", "properties": { "element": "way", "id": 1246002103, "name": null, "landuse": "industrial" }, "geometry": { "type": "Polygon", "coordinates": [ [ [ 121.0143735, 24.8736645 ], [ 121.0146978, 24.8741753 ], [ 121.0141239, 24.8742348 ], [ 121.0140529, 24.8738116 ], [ 121.0143735, 24.8736645 ] ] ] } },
{ "type": "Feature", "properties": { "element": "way", "id": 1246002104, "name": null, "landuse": "industrial" }, "geometry": { "type": "Polygon", "coordinates": [ [ [ 121.0131448, 24.8763302 ], [ 121.0133939, 24.8759838 ], [ 121.0137572, 24.8754785 ], [ 121.0127714, 24.875585 ], [ 121.012543, 24.8757669 ], [ 121.0124641, 24.8761192 ], [ 121.0131448, 24.8763302 ] ] ] } },
{ "type": "Feature", "properties": { "element": "way", "id": 1246002105, "name": null, "landuse": "industrial" }, "geometry": { "type": "Polygon", "coordinates": [ [ [ 121.0138543, 24.8762994 ], [ 121.0143681, 24.8755497 ], [ 121.0137572, 24.8754785 ], [ 121.0133939, 24.8759838 ], [ 121.0134095, 24.8761059 ], [ 121.0138543, 24.8762994 ] ] ] } },
{ "type": "Feature", "properties": { "element": "way", "id": 1274003963, "name": "翊生科技", "landuse": "industrial" }, "geometry": { "type": "Polygon", "coordinates": [ [ [ 121.0078581, 24.9335707 ], [ 121.0076054, 24.9327661 ], [ 121.0069276, 24.9329449 ], [ 121.006638, 24.9320956 ], [ 121.0074144, 24.9318832 ], [ 121.0080121, 24.932632 ], [ 121.0082956, 24.9334478 ], [ 121.0078581, 24.9335707 ] ] ] } },
{ "type": "Feature", "properties": { "element": "way", "id": 1274003965, "name": "誠毅", "landuse": "industrial" }, "geometry": { "type": "Polygon", "coordinates": [ [ [ 121.0065695, 24.9309814 ], [ 121.0068484, 24.93193 ], [ 121.0073768, 24.9317744 ], [ 121.0067438, 24.9309279 ], [ 121.0065695, 24.9309814 ] ] ] } },
{ "type": "Feature", "properties": { "element": "way", "id": 1274004017, "name": "博麟實業", "landuse": "industrial" }, "geometry": { "type": "Polygon", "coordinates": [ [ [ 121.0106133, 24.9001524 ], [ 121.0108857, 24.8999053 ], [ 121.0113695, 24.8997652 ], [ 121.0116622, 24.8995771 ], [ 121.0122395, 24.9001561 ], [ 121.0117028, 24.9003368 ], [ 121.0109873, 24.9001966 ], [ 121.0106661, 24.9002778 ], [ 121.0106133, 24.9001524 ] ] ] } },
{ "type": "Feature", "properties": { "element": "way", "id": 1280731434, "name": "進芳五金", "landuse": "industrial" }, "geometry": { "type": "Polygon", "coordinates": [ [ [ 121.1522738, 24.9669222 ], [ 121.1518927, 24.9665019 ], [ 121.1514137, 24.9669167 ], [ 121.1514116, 24.9669558 ], [ 121.151876, 24.9675582 ], [ 121.152416, 24.9670765 ], [ 121.1522738, 24.9669222 ] ] ] } },
{ "type": "Feature", "properties": { "element": "way", "id": 1280731435, "name": "台鋁金屬", "landuse": "industrial" }, "geometry": { "type": "Polygon", "coordinates": [ [ [ 121.151876, 24.9675582 ], [ 121.1521357, 24.9678589 ], [ 121.1521564, 24.9678365 ], [ 121.1521939, 24.9677958 ], [ 121.1524435, 24.9675254 ], [ 121.1526406, 24.9673119 ], [ 121.152416, 24.9670765 ], [ 121.151876, 24.9675582 ] ] ] } },
{ "type": "Feature", "properties": { "element": "way", "id": 1280731436, "name": "協成國際", "landuse": "industrial" }, "geometry": { "type": "Polygon", "coordinates": [ [ [ 121.1521357, 24.9678589 ], [ 121.1522882, 24.9680928 ], [ 121.1523644, 24.9680977 ], [ 121.1524678, 24.9679922 ], [ 121.1527096, 24.9677456 ], [ 121.1528843, 24.9675673 ], [ 121.1526406, 24.9673119 ], [ 121.1521357, 24.9678589 ] ] ] } },
{ "type": "Feature", "properties": { "element": "way", "id": 1280731437, "name": null, "landuse": "industrial" }, "geometry": { "type": "Polygon", "coordinates": [ [ [ 121.1528843, 24.9675673 ], [ 121.1526406, 24.9673119 ], [ 121.152416, 24.9670765 ], [ 121.1522738, 24.9669222 ], [ 121.152603, 24.9665753 ], [ 121.1526898, 24.9666533 ], [ 121.153253, 24.9671912 ], [ 121.1528843, 24.9675673 ] ] ] } },
{ "type": "Feature", "properties": { "element": "way", "id": 1280731438, "name": null, "landuse": "industrial" }, "geometry": { "type": "Polygon", "coordinates": [ [ [ 121.153253, 24.9671912 ], [ 121.1533847, 24.9670568 ], [ 121.1535067, 24.9668931 ], [ 121.1533441, 24.9668076 ], [ 121.1529277, 24.9664391 ], [ 121.1526898, 24.9666533 ], [ 121.153253, 24.9671912 ] ] ] } },
{ "type": "Feature", "properties": { "element": "way", "id": 1280731439, "name": "恆輪實業", "landuse": "industrial" }, "geometry": { "type": "Polygon", "coordinates": [ [ [ 121.1519064, 24.9663678 ], [ 121.1514518, 24.965936 ], [ 121.151768, 24.9656249 ], [ 121.1521745, 24.9661364 ], [ 121.1519064, 24.9663678 ] ] ] } },
{ "type": "Feature", "properties": { "element": "way", "id": 1280731440, "name": "制宜電測", "landuse": "industrial" }, "geometry": { "type": "Polygon", "coordinates": [ [ [ 121.1516487, 24.9665879 ], [ 121.1512113, 24.9661747 ], [ 121.1514518, 24.965936 ], [ 121.1519064, 24.9663678 ], [ 121.1516487, 24.9665879 ] ] ] } },
{ "type": "Feature", "properties": { "element": "way", "id": 1280731441, "name": "政福鋼鐵", "landuse": "industrial" }, "geometry": { "type": "Polygon", "coordinates": [ [ [ 121.1516487, 24.9665879 ], [ 121.1512113, 24.9661747 ], [ 121.1509143, 24.9664681 ], [ 121.1509094, 24.9665301 ], [ 121.1512932, 24.9668426 ], [ 121.1513436, 24.96685 ], [ 121.1516487, 24.9665879 ] ] ] } },
{ "type": "Feature", "properties": { "element": "way", "id": 1280731442, "name": "帝宏膠業", "landuse": "industrial" }, "geometry": { "type": "Polygon", "coordinates": [ [ [ 121.1525759, 24.9657709 ], [ 121.1520962, 24.9653338 ], [ 121.1521766, 24.9650268 ], [ 121.152315, 24.9649269 ], [ 121.1523153, 24.9649267 ], [ 121.1523153, 24.9649267 ], [ 121.1523806, 24.9649814 ], [ 121.1524108, 24.9649568 ], [ 121.1526051, 24.9651448 ], [ 121.1527676, 24.9650026 ], [ 121.1530889, 24.9653209 ], [ 121.1525759, 24.9657709 ] ] ] } },
{ "type": "Feature", "properties": { "element": "way", "id": 1280731443, "name": "鈞宏科技", "landuse": "industrial" }, "geometry": { "type": "Polygon", "coordinates": [ [ [ 121.1524076, 24.9659271 ], [ 121.1519814, 24.9655246 ], [ 121.1520962, 24.9653338 ], [ 121.1525759, 24.9657709 ], [ 121.1524076, 24.9659271 ] ] ] } },
{ "type": "Feature", "properties": { "element": "way", "id": 1280731444, "name": "建承電機", "landuse": "industrial" }, "geometry": { "type": "Polygon", "coordinates": [ [ [ 121.1522147, 24.9661033 ], [ 121.1518872, 24.9656758 ], [ 121.1519814, 24.9655246 ], [ 121.1524076, 24.9659271 ], [ 121.1522147, 24.9661033 ] ] ] } },
{ "type": "Feature", "properties": { "element": "way", "id": 1280731445, "name": "弘誠興業", "landuse": "industrial" }, "geometry": { "type": "Polygon", "coordinates": [ [ [ 121.1535204, 24.9663367 ], [ 121.1532303, 24.9660553 ], [ 121.1535717, 24.9657587 ], [ 121.153578, 24.9657533 ], [ 121.1537894, 24.9659593 ], [ 121.1535204, 24.9663367 ] ] ] } },
{ "type": "Feature", "properties": { "element": "way", "id": 1280731446, "name": "友晶精密", "landuse": "industrial" }, "geometry": { "type": "Polygon", "coordinates": [ [ [ 121.1532303, 24.9660553 ], [ 121.1531331, 24.9659605 ], [ 121.1531443, 24.96595 ], [ 121.1531484, 24.9659461 ], [ 121.1534668, 24.965645 ], [ 121.153578, 24.9657533 ], [ 121.1535195, 24.9658041 ], [ 121.1534106, 24.9658987 ], [ 121.1532303, 24.9660553 ] ] ] } },
{ "type": "Feature", "properties": { "element": "way", "id": 1280731447, "name": null, "landuse": "industrial" }, "geometry": { "type": "Polygon", "coordinates": [ [ [ 121.1531331, 24.9659605 ], [ 121.152831, 24.965668 ], [ 121.1531325, 24.9653959 ], [ 121.1532033, 24.9653882 ], [ 121.1534668, 24.965645 ], [ 121.1534582, 24.9656526 ], [ 121.1531443, 24.96595 ], [ 121.1531331, 24.9659605 ] ] ] } },
{ "type": "Feature", "properties": { "element": "way", "id": 1280731448, "name": "上典工業", "landuse": "industrial" }, "geometry": { "type": "Polygon", "coordinates": [ [ [ 121.1537544, 24.9658002 ], [ 121.1535218, 24.9655936 ], [ 121.1537487, 24.9653951 ], [ 121.1539746, 24.9651935 ], [ 121.1540821, 24.9654104 ], [ 121.1541303, 24.9654643 ], [ 121.1537544, 24.9658002 ] ] ] } },
{ "type": "Feature", "properties": { "element": "way", "id": 1280731449, "name": "宗茂企業", "landuse": "industrial" }, "geometry": { "type": "Polygon", "coordinates": [ [ [ 121.1537487, 24.9653951 ], [ 121.1534605, 24.9651215 ], [ 121.1532497, 24.9652937 ], [ 121.1532568, 24.9653463 ], [ 121.1535218, 24.9655936 ], [ 121.1537487, 24.9653951 ] ] ] } },
{ "type": "Feature", "properties": { "element": "way", "id": 1280731450, "name": "高端動能", "landuse": "industrial" }, "geometry": { "type": "Polygon", "coordinates": [ [ [ 121.1529264, 24.9646226 ], [ 121.1535118, 24.9641641 ], [ 121.1538094, 24.9639931 ], [ 121.154029, 24.9645371 ], [ 121.1538094, 24.9646624 ], [ 121.1533768, 24.9650369 ], [ 121.1529264, 24.9646226 ] ] ] } },
{ "type": "Feature", "properties": { "element": "way", "id": 1284434339, "name": "聚賓機械", "landuse": "industrial" }, "geometry": { "type": "Polygon", "coordinates": [ [ [ 121.2977683, 24.9696446 ], [ 121.2975878, 24.9696456 ], [ 121.2975623, 24.9694195 ], [ 121.2977789, 24.9693431 ], [ 121.2977683, 24.9696446 ] ] ] } },
{ "type": "Feature", "properties": { "element": "way", "id": 1284587239, "name": "光隆實業", "landuse": "industrial" }, "geometry": { "type": "Polygon", "coordinates": [ [ [ 121.1589591, 24.9708903 ], [ 121.1593872, 24.9704857 ], [ 121.1596232, 24.9702465 ], [ 121.1596564, 24.9702192 ], [ 121.1596833, 24.9702095 ], [ 121.159709, 24.9702085 ], [ 121.1597316, 24.9702105 ], [ 121.1597518, 24.97022 ], [ 121.1597918, 24.9702457 ], [ 121.1598171, 24.9702686 ], [ 121.1602688, 24.9706668 ], [ 121.1603384, 24.9707322 ], [ 121.16047, 24.9708478 ], [ 121.160409, 24.9709137 ], [ 121.1604879, 24.9709958 ], [ 121.1601179, 24.9713365 ], [ 121.1597168, 24.9717059 ], [ 121.1596658, 24.9716559 ], [ 121.1592086, 24.9711606 ], [ 121.1589591, 24.9708903 ] ] ] } },
{ "type": "Feature", "properties": { "element": "way", "id": 1284587240, "name": null, "landuse": "industrial" }, "geometry": { "type": "Polygon", "coordinates": [ [ [ 121.1606825, 24.971004 ], [ 121.1616032, 24.9719414 ], [ 121.1612002, 24.9722698 ], [ 121.1603621, 24.9714699 ], [ 121.1603412, 24.9713571 ], [ 121.1604163, 24.9712498 ], [ 121.1606825, 24.971004 ] ] ] } },
{ "type": "Feature", "properties": { "element": "way", "id": 1284587241, "name": "宏致電子", "landuse": "industrial" }, "geometry": { "type": "Polygon", "coordinates": [ [ [ 121.1612002, 24.9722698 ], [ 121.1606802, 24.972684 ], [ 121.1610528, 24.9730879 ], [ 121.1622676, 24.9725751 ], [ 121.1616032, 24.9719414 ], [ 121.1612002, 24.9722698 ] ] ] } },
{ "type": "Feature", "properties": { "element": "way", "id": 1284587242, "name": "鼎朋企業", "landuse": "industrial" }, "geometry": { "type": "Polygon", "coordinates": [ [ [ 121.1605859, 24.9718188 ], [ 121.1601179, 24.9713365 ], [ 121.1597168, 24.9717059 ], [ 121.1598232, 24.9718151 ], [ 121.1601632, 24.972164 ], [ 121.1605859, 24.9718188 ] ] ] } },
{ "type": "Feature", "properties": { "element": "way", "id": 1284587243, "name": null, "landuse": "industrial" }, "geometry": { "type": "Polygon", "coordinates": [ [ [ 121.1583733, 24.9721329 ], [ 121.1583893, 24.9720155 ], [ 121.1585545, 24.9720894 ], [ 121.1592086, 24.9711606 ], [ 121.1596658, 24.9716559 ], [ 121.1597168, 24.9717059 ], [ 121.1598232, 24.9718151 ], [ 121.1596467, 24.9720048 ], [ 121.1595941, 24.9721186 ], [ 121.1595716, 24.9723559 ], [ 121.1595448, 24.9724288 ], [ 121.1595576, 24.9726681 ], [ 121.1595534, 24.9727381 ], [ 121.1592143, 24.9725803 ], [ 121.1592205, 24.9725077 ], [ 121.1583733, 24.9721329 ] ] ] } },
{ "type": "Feature", "properties": { "element": "way", "id": 1284587244, "name": "維輪實業", "landuse": "industrial" }, "geometry": { "type": "Polygon", "coordinates": [ [ [ 121.1616976, 24.9705402 ], [ 121.1618321, 24.9707519 ], [ 121.1618463, 24.970811 ], [ 121.1618293, 24.9708726 ], [ 121.1617783, 24.9709919 ], [ 121.1612531, 24.9711883 ], [ 121.1610521, 24.9708225 ], [ 121.1608369, 24.9708841 ], [ 121.1606825, 24.971004 ], [ 121.1616032, 24.9719414 ], [ 121.1622676, 24.9725751 ], [ 121.1623973, 24.9725221 ], [ 121.1629132, 24.9723116 ], [ 121.1633771, 24.9721222 ], [ 121.1649934, 24.9714625 ], [ 121.1658987, 24.9710929 ], [ 121.1638042, 24.9697665 ], [ 121.1637426, 24.9697402 ], [ 121.1636606, 24.9697134 ], [ 121.1636267, 24.9697034 ], [ 121.1636046, 24.9697011 ], [ 121.1635836, 24.9697073 ], [ 121.1635325, 24.9697318 ], [ 121.1623485, 24.9703037 ], [ 121.1619935, 24.9704299 ], [ 121.1616976, 24.9705402 ] ] ] } },
{ "type": "Feature", "properties": { "element": "way", "id": 1284587245, "name": "光隆實業", "landuse": "industrial" }, "geometry": { "type": "Polygon", "coordinates": [ [ [ 121.1579949, 24.9692622 ], [ 121.1581185, 24.9691775 ], [ 121.1582194, 24.9692785 ], [ 121.1582063, 24.9692976 ], [ 121.1582673, 24.9693404 ], [ 121.1582917, 24.9693662 ], [ 121.1582771, 24.9693971 ], [ 121.1583291, 24.9694472 ], [ 121.1584478, 24.9695357 ], [ 121.1587544, 24.9697259 ], [ 121.1590204, 24.9702851 ], [ 121.1590542, 24.9703386 ], [ 121.1591395, 24.9703989 ], [ 121.1592935, 24.9704971 ], [ 121.1594834, 24.9702987 ], [ 121.159611, 24.9701796 ], [ 121.1596539, 24.9701057 ], [ 121.1595499, 24.9700235 ], [ 121.1593085, 24.9698508 ], [ 121.1591738, 24.9697288 ], [ 121.1592892, 24.9696398 ], [ 121.1591041, 24.9695046 ], [ 121.1590424, 24.9694696 ], [ 121.1588922, 24.9693816 ], [ 121.1587538, 24.9692663 ], [ 121.158506, 24.9689483 ], [ 121.1580725, 24.9685101 ], [ 121.1578231, 24.968692 ], [ 121.1577362, 24.9687523 ], [ 121.1574481, 24.9687552 ], [ 121.1572876, 24.9688261 ], [ 121.1576984, 24.9690085 ], [ 121.1579733, 24.9692574 ], [ 121.1579949, 24.9692622 ] ] ] } },
{ "type": "Feature", "properties": { "element": "way", "id": 1284587246, "name": "聯昌塑膠", "landuse": "industrial" }, "geometry": { "type": "Polygon", "coordinates": [ [ [ 121.1565483, 24.9711744 ], [ 121.1564791, 24.971282 ], [ 121.1564783, 24.9713328 ], [ 121.1565092, 24.9713704 ], [ 121.1564271, 24.9714537 ], [ 121.156223, 24.9714043 ], [ 121.1559531, 24.9714375 ], [ 121.155849, 24.9714662 ], [ 121.1555538, 24.9716586 ], [ 121.1553717, 24.9717685 ], [ 121.1555258, 24.9719224 ], [ 121.1554109, 24.9720052 ], [ 121.1552585, 24.9718406 ], [ 121.1551939, 24.9717575 ], [ 121.1551597, 24.9717566 ], [ 121.155053, 24.9717861 ], [ 121.1549644, 24.9715569 ], [ 121.1549237, 24.9714486 ], [ 121.1549455, 24.9712605 ], [ 121.1549498, 24.9712278 ], [ 121.1549696, 24.9712047 ], [ 121.1551169, 24.971195 ], [ 121.1552039, 24.9711662 ], [ 121.1557829, 24.9708498 ], [ 121.1562239, 24.9707369 ], [ 121.1563442, 24.9708941 ], [ 121.1565483, 24.9711744 ] ] ] } },
{ "type": "Feature", "properties": { "element": "way", "id": 1284587247, "name": "豐宇綠能", "landuse": "industrial" }, "geometry": { "type": "Polygon", "coordinates": [ [ [ 121.1546681, 24.9708166 ], [ 121.1548709, 24.9709158 ], [ 121.1549996, 24.9710238 ], [ 121.1550222, 24.9710812 ], [ 121.1550554, 24.9710899 ], [ 121.1551284, 24.9710841 ], [ 121.1554299, 24.9708837 ], [ 121.1557506, 24.9707699 ], [ 121.1560671, 24.9705997 ], [ 121.1557756, 24.9702499 ], [ 121.1556284, 24.9704751 ], [ 121.155375, 24.9704263 ], [ 121.1552681, 24.970427 ], [ 121.1552006, 24.9704182 ], [ 121.1551136, 24.9703895 ], [ 121.1550542, 24.9703829 ], [ 121.1549957, 24.9703939 ], [ 121.1549363, 24.9704028 ], [ 121.1548511, 24.9704099 ], [ 121.1548061, 24.9703914 ], [ 121.1546068, 24.9702815 ], [ 121.1545806, 24.9702783 ], [ 121.1545615, 24.9702789 ], [ 121.1545438, 24.9702866 ], [ 121.1542793, 24.9708414 ], [ 121.1545948, 24.9708012 ], [ 121.1546681, 24.9708166 ] ] ] } },
{ "type": "Feature", "properties": { "element": "way", "id": 1284587248, "name": "和友紡織 - 二廠", "landuse": "industrial" }, "geometry": { "type": "Polygon", "coordinates": [ [ [ 121.1535517, 24.9679218 ], [ 121.1531837, 24.9682978 ], [ 121.1528503, 24.9684781 ], [ 121.1525477, 24.9684747 ], [ 121.1524115, 24.9684792 ], [ 121.1523096, 24.968511 ], [ 121.1522348, 24.9685594 ], [ 121.1521414, 24.9686399 ], [ 121.1520919, 24.9687084 ], [ 121.1519994, 24.9689125 ], [ 121.1519714, 24.9690022 ], [ 121.1519761, 24.9690607 ], [ 121.1520144, 24.9691191 ], [ 121.1523488, 24.9693807 ], [ 121.1524655, 24.969412 ], [ 121.1538758, 24.968304 ], [ 121.1535517, 24.9679218 ] ] ] } },
{ "type": "Feature", "properties": { "element": "way", "id": 1284587249, "name": "福保化學", "landuse": "industrial" }, "geometry": { "type": "Polygon", "coordinates": [ [ [ 121.1491606, 24.965402 ], [ 121.1492915, 24.9655012 ], [ 121.1493419, 24.9655751 ], [ 121.1493237, 24.9657726 ], [ 121.1492936, 24.9658095 ], [ 121.1494567, 24.9659418 ], [ 121.1489704, 24.9663131 ], [ 121.1487862, 24.9664608 ], [ 121.1479298, 24.9654566 ], [ 121.1483426, 24.9651805 ], [ 121.1489284, 24.9656045 ], [ 121.1491606, 24.965402 ] ] ] } },
{ "type": "Feature", "properties": { "element": "way", "id": 1284587250, "name": "和友紡織", "landuse": "industrial" }, "geometry": { "type": "Polygon", "coordinates": [ [ [ 121.148003, 24.9671334 ], [ 121.1477057, 24.9668464 ], [ 121.1476939, 24.966835 ], [ 121.147179, 24.9663378 ], [ 121.1467327, 24.9667026 ], [ 121.1466587, 24.9666158 ], [ 121.1468035, 24.9661383 ], [ 121.1468131, 24.9659827 ], [ 121.1468335, 24.9658922 ], [ 121.1468807, 24.9657531 ], [ 121.1473886, 24.9650904 ], [ 121.1477041, 24.9652781 ], [ 121.1479298, 24.9654566 ], [ 121.1487862, 24.9664608 ], [ 121.148003, 24.9671334 ] ] ] } },
{ "type": "Feature", "properties": { "element": "way", "id": 1284587251, "name": "Vita Electronics", "landuse": "industrial" }, "geometry": { "type": "Polygon", "coordinates": [ [ [ 121.148003, 24.9671334 ], [ 121.1477338, 24.9673516 ], [ 121.1474237, 24.9670569 ], [ 121.1476939, 24.966835 ], [ 121.1477057, 24.9668464 ], [ 121.148003, 24.9671334 ] ] ] } },
{ "type": "Feature", "properties": { "element": "way", "id": 1284587252, "name": "昌達陶瓷", "landuse": "industrial" }, "geometry": { "type": "Polygon", "coordinates": [ [ [ 121.1477338, 24.9673516 ], [ 121.1473693, 24.9676686 ], [ 121.1460248, 24.9670322 ], [ 121.1463232, 24.9669223 ], [ 121.1466587, 24.9666158 ], [ 121.1467327, 24.9667026 ], [ 121.147179, 24.9663378 ], [ 121.1477057, 24.9668464 ], [ 121.1474237, 24.9670569 ], [ 121.1477338, 24.9673516 ] ] ] } },
{ "type": "Feature", "properties": { "element": "way", "id": 1284587253, "name": "見安石材", "landuse": "industrial" }, "geometry": { "type": "Polygon", "coordinates": [ [ [ 121.1460248, 24.9670322 ], [ 121.1459214, 24.9671536 ], [ 121.1458737, 24.9673809 ], [ 121.1470481, 24.967956 ], [ 121.1473693, 24.9676686 ], [ 121.1460248, 24.9670322 ] ] ] } },
{ "type": "Feature", "properties": { "element": "way", "id": 1284587254, "name": "台一國際 - 觀音廠", "landuse": "industrial" }, "geometry": { "type": "Polygon", "coordinates": [ [ [ 121.1428726, 24.9714959 ], [ 121.1431084, 24.9717146 ], [ 121.1432982, 24.9717536 ], [ 121.1433184, 24.9717455 ], [ 121.1433281, 24.9717103 ], [ 121.1434325, 24.9717426 ], [ 121.1435344, 24.9717484 ], [ 121.1436177, 24.9717338 ], [ 121.1436792, 24.9717 ], [ 121.1437204, 24.9716626 ], [ 121.1437592, 24.9716018 ], [ 121.1438029, 24.9715138 ], [ 121.1439218, 24.9716069 ], [ 121.1440828, 24.9717455 ], [ 121.1443497, 24.9720256 ], [ 121.144399, 24.9720945 ], [ 121.1445268, 24.9723138 ], [ 121.1446692, 24.9725308 ], [ 121.1447768, 24.972662 ], [ 121.1449369, 24.9728036 ], [ 121.1453932, 24.9731093 ], [ 121.1454145, 24.9731263 ], [ 121.1454187, 24.9731398 ], [ 121.145415, 24.9731514 ], [ 121.1454075, 24.9731635 ], [ 121.1445646, 24.9736075 ], [ 121.1443631, 24.9736831 ], [ 121.1443159, 24.9737137 ], [ 121.1442684, 24.9737817 ], [ 121.1442926, 24.9738377 ], [ 121.1443151, 24.9738581 ], [ 121.1441325, 24.9739713 ], [ 121.144092, 24.9739093 ], [ 121.1434666, 24.9742489 ], [ 121.1434175, 24.9742151 ], [ 121.1433001, 24.9740641 ], [ 121.1428059, 24.973503 ], [ 121.1423918, 24.9729844 ], [ 121.1423182, 24.9728606 ], [ 121.1422904, 24.9727967 ], [ 121.1421773, 24.9726787 ], [ 121.1420791, 24.9725142 ], [ 121.1420641, 24.972462 ], [ 121.1420983, 24.9722955 ], [ 121.1419115, 24.9719443 ], [ 121.1425444, 24.9716589 ], [ 121.1428726, 24.9714959 ] ] ] } },
{ "type": "Feature", "properties": { "element": "way", "id": 1284587255, "name": "聯成金屬", "landuse": "industrial" }, "geometry": { "type": "Polygon", "coordinates": [ [ [ 121.1397611, 24.9730174 ], [ 121.1402416, 24.9727205 ], [ 121.1402683, 24.9727095 ], [ 121.1403969, 24.9727879 ], [ 121.1411119, 24.9731113 ], [ 121.141595, 24.9731866 ], [ 121.1419668, 24.9729824 ], [ 121.1423182, 24.9728606 ], [ 121.1423918, 24.9729844 ], [ 121.1428059, 24.973503 ], [ 121.1433001, 24.9740641 ], [ 121.1434175, 24.9742151 ], [ 121.1434666, 24.9742489 ], [ 121.1435213, 24.9743221 ], [ 121.1434906, 24.9743778 ], [ 121.1434841, 24.974545 ], [ 121.1435051, 24.9746799 ], [ 121.1435536, 24.9747826 ], [ 121.143662, 24.9750289 ], [ 121.1433628, 24.9752166 ], [ 121.1438432, 24.9761243 ], [ 121.1436583, 24.9762094 ], [ 121.1434143, 24.976365 ], [ 121.1430416, 24.9766406 ], [ 121.1427719, 24.976874 ], [ 121.1426721, 24.9769597 ], [ 121.1417041, 24.9769781 ], [ 121.1415878, 24.9769675 ], [ 121.1414992, 24.9769404 ], [ 121.1414373, 24.9769046 ], [ 121.1413786, 24.976862 ], [ 121.1413327, 24.9768108 ], [ 121.1412825, 24.9767382 ], [ 121.1412409, 24.9766298 ], [ 121.1411797, 24.9764448 ], [ 121.1412703, 24.9763994 ], [ 121.1416861, 24.9758759 ], [ 121.1421325, 24.9752189 ], [ 121.1417702, 24.974889 ], [ 121.1416553, 24.9747746 ], [ 121.1415663, 24.974647 ], [ 121.1414305, 24.9742672 ], [ 121.1412153, 24.9738009 ], [ 121.1411975, 24.9737143 ], [ 121.1412088, 24.9736484 ], [ 121.1412784, 24.9735105 ], [ 121.1406637, 24.9738317 ], [ 121.1404517, 24.9735032 ], [ 121.1402111, 24.9736341 ], [ 121.139766, 24.9730782 ], [ 121.1397595, 24.9730529 ], [ 121.1397567, 24.9730335 ], [ 121.1397611, 24.9730174 ] ] ] } },
{ "type": "Feature", "properties": { "element": "way", "id": 1284587256, "name": "嘉韡工業", "landuse": "industrial" }, "geometry": { "type": "Polygon", "coordinates": [ [ [ 121.1390706, 24.9736471 ], [ 121.13928, 24.9738084 ], [ 121.1395826, 24.9740633 ], [ 121.1397504, 24.9742319 ], [ 121.1398614, 24.9743014 ], [ 121.1400168, 24.9743069 ], [ 121.1402618, 24.9742184 ], [ 121.1406889, 24.9753152 ], [ 121.1406349, 24.9754308 ], [ 121.1406312, 24.9754742 ], [ 121.1406544, 24.9755484 ], [ 121.1403278, 24.9757787 ], [ 121.1401805, 24.975889 ], [ 121.1399671, 24.976156 ], [ 121.1395273, 24.9766359 ], [ 121.1394377, 24.976692 ], [ 121.1392541, 24.9767578 ], [ 121.1388843, 24.9769965 ], [ 121.1388181, 24.9770449 ], [ 121.1387957, 24.97707 ], [ 121.1387786, 24.9770797 ], [ 121.1387552, 24.9770865 ], [ 121.1387335, 24.9770795 ], [ 121.1387271, 24.9770645 ], [ 121.138725, 24.9770495 ], [ 121.1387412, 24.9767953 ], [ 121.1387747, 24.9766193 ], [ 121.1387775, 24.9765342 ], [ 121.1387645, 24.9763902 ], [ 121.1386667, 24.9760438 ], [ 121.1386667, 24.9757926 ], [ 121.1384436, 24.9750069 ], [ 121.1383967, 24.9749375 ], [ 121.1383348, 24.9748934 ], [ 121.1383024, 24.9747651 ], [ 121.1388893, 24.9739203 ], [ 121.1390706, 24.9736471 ] ] ] } },
{ "type": "Feature", "properties": { "element": "way", "id": 1284587257, "name": "大研金屬", "landuse": "industrial" }, "geometry": { "type": "Polygon", "coordinates": [ [ [ 121.1373207, 24.9758988 ], [ 121.1376045, 24.975547 ], [ 121.137467, 24.9754501 ], [ 121.1371859, 24.9746087 ], [ 121.1353706, 24.9739219 ], [ 121.135003, 24.9745245 ], [ 121.1373207, 24.9758988 ] ] ] } },
{ "type": "Feature", "properties": { "element": "way", "id": 1284587258, "name": "新竹物流 - 新富倉庫", "landuse": "industrial" }, "geometry": { "type": "Polygon", "coordinates": [ [ [ 121.1373207, 24.9758988 ], [ 121.1371634, 24.9760997 ], [ 121.1370862, 24.9761564 ], [ 121.1369992, 24.9763064 ], [ 121.1366645, 24.9763853 ], [ 121.1364058, 24.9763798 ], [ 121.1346654, 24.9753325 ], [ 121.1347936, 24.9748844 ], [ 121.1348414, 24.9747695 ], [ 121.135003, 24.9745245 ], [ 121.1373207, 24.9758988 ] ] ] } },
{ "type": "Feature", "properties": { "element": "way", "id": 1284587259, "name": "璐瑪企業", "landuse": "industrial" }, "geometry": { "type": "Polygon", "coordinates": [ [ [ 121.1376731, 24.9692209 ], [ 121.1377717, 24.969429 ], [ 121.1377724, 24.9694545 ], [ 121.1377625, 24.9694692 ], [ 121.1371203, 24.9697041 ], [ 121.1371598, 24.9697769 ], [ 121.1373203, 24.9699735 ], [ 121.1377064, 24.9698523 ], [ 121.1377576, 24.9698126 ], [ 121.1377864, 24.9698542 ], [ 121.1378547, 24.96983 ], [ 121.1380564, 24.9695495 ], [ 121.1379999, 24.9694421 ], [ 121.1378985, 24.9694846 ], [ 121.1377416, 24.9691915 ], [ 121.1376731, 24.9692209 ] ] ] } },
{ "type": "Feature", "properties": { "element": "way", "id": 1284587260, "name": "利華羊毛", "landuse": "industrial" }, "geometry": { "type": "Polygon", "coordinates": [ [ [ 121.139848, 24.9675282 ], [ 121.1402592, 24.9680785 ], [ 121.1402933, 24.9683799 ], [ 121.1408059, 24.9687667 ], [ 121.1409712, 24.9689038 ], [ 121.1411961, 24.9687323 ], [ 121.1413692, 24.9689141 ], [ 121.141298, 24.9690314 ], [ 121.1415148, 24.9692719 ], [ 121.1414466, 24.9692804 ], [ 121.1412897, 24.9693493 ], [ 121.1409403, 24.9695438 ], [ 121.1407135, 24.969565 ], [ 121.1403457, 24.9696972 ], [ 121.139111, 24.970711 ], [ 121.1388572, 24.9704732 ], [ 121.1391263, 24.9702367 ], [ 121.1391348, 24.970198 ], [ 121.1391903, 24.970138 ], [ 121.1391583, 24.970109 ], [ 121.1388199, 24.9700287 ], [ 121.1388093, 24.9699242 ], [ 121.1387548, 24.9698449 ], [ 121.1383717, 24.9694966 ], [ 121.138393, 24.9694801 ], [ 121.1383514, 24.9693717 ], [ 121.1383535, 24.9693156 ], [ 121.1383205, 24.9693127 ], [ 121.1383151, 24.9692121 ], [ 121.1383717, 24.9690389 ], [ 121.138503, 24.9689228 ], [ 121.1383375, 24.9688367 ], [ 121.1386044, 24.9686093 ], [ 121.139848, 24.9675282 ] ] ] } },
{ "type": "Feature", "properties": { "element": "way", "id": 1284587261, "name": "和泰企業", "landuse": "industrial" }, "geometry": { "type": "Polygon", "coordinates": [ [ [ 121.1392834, 24.9677433 ], [ 121.1391468, 24.9676195 ], [ 121.1373636, 24.9663297 ], [ 121.1370371, 24.9666694 ], [ 121.1369869, 24.9666974 ], [ 121.1366942, 24.966742 ], [ 121.1367007, 24.9667728 ], [ 121.1369118, 24.9671365 ], [ 121.1369329, 24.9671783 ], [ 121.1369531, 24.9672303 ], [ 121.1369701, 24.9672655 ], [ 121.1370785, 24.9674085 ], [ 121.1372831, 24.9678015 ], [ 121.1373454, 24.9679313 ], [ 121.1373818, 24.9680017 ], [ 121.1374449, 24.9680817 ], [ 121.1377961, 24.9679041 ], [ 121.1383619, 24.9675327 ], [ 121.1384465, 24.9675175 ], [ 121.1386667, 24.9674274 ], [ 121.1389616, 24.9676444 ], [ 121.1385426, 24.9680917 ], [ 121.1386607, 24.9681944 ], [ 121.1390304, 24.9677845 ], [ 121.1391299, 24.9678725 ], [ 121.1392834, 24.9677433 ] ] ] } },
{ "type": "Feature", "properties": { "element": "way", "id": 1284587262, "name": "中華電線電纜", "landuse": "industrial" }, "geometry": { "type": "Polygon", "coordinates": [ [ [ 121.1393195, 24.9677073 ], [ 121.1391899, 24.9675809 ], [ 121.1391468, 24.9676195 ], [ 121.1373636, 24.9663297 ], [ 121.1376114, 24.9660579 ], [ 121.1380862, 24.965545 ], [ 121.1379115, 24.9653992 ], [ 121.1381624, 24.9651255 ], [ 121.1387764, 24.9644562 ], [ 121.1389397, 24.9643048 ], [ 121.1390186, 24.9642651 ], [ 121.1391392, 24.9643385 ], [ 121.1391465, 24.9643619 ], [ 121.1391667, 24.9643759 ], [ 121.1391789, 24.9644052 ], [ 121.1392177, 24.9644294 ], [ 121.1392687, 24.9644397 ], [ 121.1395979, 24.9646567 ], [ 121.1397351, 24.9644762 ], [ 121.1400096, 24.9645135 ], [ 121.1401197, 24.9644681 ], [ 121.1402615, 24.9645551 ], [ 121.1402509, 24.9645824 ], [ 121.1400997, 24.9646992 ], [ 121.1399079, 24.9649086 ], [ 121.1399595, 24.9649343 ], [ 121.140093, 24.9649882 ], [ 121.1402606, 24.9649985 ], [ 121.1403916, 24.9649959 ], [ 121.1404733, 24.9651121 ], [ 121.1405395, 24.9653508 ], [ 121.1406803, 24.9655845 ], [ 121.1407085, 24.9656726 ], [ 121.1406634, 24.9658181 ], [ 121.1405775, 24.9660237 ], [ 121.140538, 24.9661347 ], [ 121.1404986, 24.9662509 ], [ 121.1404874, 24.9663454 ], [ 121.1405071, 24.9664462 ], [ 121.1405633, 24.9665857 ], [ 121.1403499, 24.9668179 ], [ 121.1402143, 24.9668121 ], [ 121.1401097, 24.9668054 ], [ 121.1399702, 24.9668576 ], [ 121.1398902, 24.9668808 ], [ 121.1397301, 24.9668895 ], [ 121.1392989, 24.9674255 ], [ 121.1394579, 24.9675813 ], [ 121.1393195, 24.9677073 ] ] ] } },
{ "type": "Feature", "properties": { "element": "way", "id": 1284587263, "name": "益佶泰機械", "landuse": "industrial" }, "geometry": { "type": "Polygon", "coordinates": [ [ [ 121.1416164, 24.9644452 ], [ 121.1411542, 24.9644125 ], [ 121.140984, 24.9646082 ], [ 121.1409528, 24.9646469 ], [ 121.1408619, 24.9647597 ], [ 121.1411039, 24.9648853 ], [ 121.1412719, 24.9649431 ], [ 121.1414742, 24.9649909 ], [ 121.141566, 24.9650094 ], [ 121.1415501, 24.9649693 ], [ 121.1416164, 24.9644452 ] ] ] } },
{ "type": "Feature", "properties": { "element": "way", "id": 1284587264, "name": null, "landuse": "industrial" }, "geometry": { "type": "Polygon", "coordinates": [ [ [ 121.1416164, 24.9644452 ], [ 121.1416238, 24.9643918 ], [ 121.1417721, 24.9644062 ], [ 121.1418016, 24.9644029 ], [ 121.1418917, 24.9643851 ], [ 121.1418632, 24.9647277 ], [ 121.1418302, 24.9649451 ], [ 121.1418879, 24.9649811 ], [ 121.1418293, 24.9650515 ], [ 121.1417998, 24.9650334 ], [ 121.1415762, 24.9650437 ], [ 121.141566, 24.9650094 ], [ 121.1415501, 24.9649693 ], [ 121.1416164, 24.9644452 ] ] ] } },
{ "type": "Feature", "properties": { "element": "way", "id": 1284587267, "name": null, "landuse": "industrial" }, "geometry": { "type": "Polygon", "coordinates": [ [ [ 121.1393015, 24.9624534 ], [ 121.1392362, 24.9627501 ], [ 121.1386133, 24.9634715 ], [ 121.1389272, 24.9636693 ], [ 121.1392956, 24.9638945 ], [ 121.1405744, 24.9625271 ], [ 121.1405744, 24.9625139 ], [ 121.1400285, 24.9625117 ], [ 121.1394259, 24.962467 ], [ 121.1393015, 24.9624534 ] ] ] } },
{ "type": "Feature", "properties": { "element": "way", "id": 1284587268, "name": "鉅祥企業", "landuse": "industrial" }, "geometry": { "type": "Polygon", "coordinates": [ [ [ 121.1400108, 24.9624518 ], [ 121.1404934, 24.9619849 ], [ 121.1408056, 24.9622035 ], [ 121.140829, 24.9622553 ], [ 121.1405878, 24.9624633 ], [ 121.1404933, 24.9624735 ], [ 121.1400108, 24.9624518 ] ] ] } },
{ "type": "Feature", "properties": { "element": "way", "id": 1284587269, "name": "鼎祥大工程", "landuse": "industrial" }, "geometry": { "type": "Polygon", "coordinates": [ [ [ 121.1400108, 24.9624518 ], [ 121.1393641, 24.9624082 ], [ 121.1394676, 24.9619222 ], [ 121.1395949, 24.9619037 ], [ 121.139607, 24.9618338 ], [ 121.1394992, 24.9618001 ], [ 121.1395178, 24.9616636 ], [ 121.1394974, 24.961624 ], [ 121.1395252, 24.9614699 ], [ 121.1396906, 24.9613031 ], [ 121.14, 24.9611195 ], [ 121.1401171, 24.9610175 ], [ 121.1401626, 24.961058 ], [ 121.140485, 24.9607918 ], [ 121.1403782, 24.9606376 ], [ 121.1407201, 24.9603967 ], [ 121.1415312, 24.9610462 ], [ 121.141494, 24.9611388 ], [ 121.1411763, 24.9614072 ], [ 121.1411663, 24.9614471 ], [ 121.1411455, 24.961912 ], [ 121.140829, 24.9622553 ], [ 121.1408056, 24.9622035 ], [ 121.1404934, 24.9619849 ], [ 121.1400108, 24.9624518 ] ] ] } },
{ "type": "Feature", "properties": { "element": "way", "id": 1285098280, "name": "勝昌製藥", "landuse": "industrial" }, "geometry": { "type": "Polygon", "coordinates": [ [ [ 121.1574199, 24.9652277 ], [ 121.1583565, 24.9650981 ], [ 121.158555, 24.9650523 ], [ 121.1588002, 24.9649428 ], [ 121.1589419, 24.9648735 ], [ 121.1589543, 24.9648154 ], [ 121.1589814, 24.9647551 ], [ 121.1589974, 24.9646892 ], [ 121.1589986, 24.9646378 ], [ 121.1589909, 24.9645786 ], [ 121.1584273, 24.9640781 ], [ 121.1583591, 24.964018 ], [ 121.158333, 24.963979 ], [ 121.158092, 24.9639511 ], [ 121.1579341, 24.9639206 ], [ 121.1578548, 24.963896 ], [ 121.1578052, 24.9638698 ], [ 121.1577716, 24.9638351 ], [ 121.1577277, 24.9637521 ], [ 121.1574385, 24.9628191 ], [ 121.1570909, 24.9629047 ], [ 121.1570212, 24.9626936 ], [ 121.1567229, 24.9627676 ], [ 121.1561027, 24.9629398 ], [ 121.1567888, 24.9641624 ], [ 121.1573742, 24.9652056 ], [ 121.1573846, 24.9652184 ], [ 121.1574019, 24.9652263 ], [ 121.1574199, 24.9652277 ] ] ] } },
{ "type": "Feature", "properties": { "element": "way", "id": 1285098281, "name": "台裕橡膠", "landuse": "industrial" }, "geometry": { "type": "Polygon", "coordinates": [ [ [ 121.1607779, 24.9625832 ], [ 121.1607697, 24.9626289 ], [ 121.1606933, 24.9626577 ], [ 121.160647, 24.9627093 ], [ 121.1606079, 24.9627277 ], [ 121.1605892, 24.9627498 ], [ 121.1605933, 24.9627756 ], [ 121.1606088, 24.9627911 ], [ 121.1606998, 24.9628618 ], [ 121.1609039, 24.9632053 ], [ 121.1609421, 24.963212 ], [ 121.1610356, 24.9632665 ], [ 121.1611909, 24.9633727 ], [ 121.1613235, 24.9634773 ], [ 121.1614023, 24.9635275 ], [ 121.1615121, 24.9635754 ], [ 121.1616341, 24.9636159 ], [ 121.1617601, 24.9636543 ], [ 121.1617365, 24.9637162 ], [ 121.1617203, 24.9637648 ], [ 121.161704, 24.9637833 ], [ 121.1616812, 24.9637928 ], [ 121.1616552, 24.9637906 ], [ 121.1616056, 24.9637818 ], [ 121.1615771, 24.9637611 ], [ 121.1615536, 24.9637346 ], [ 121.1615235, 24.9637287 ], [ 121.1614275, 24.9637206 ], [ 121.1613446, 24.9637029 ], [ 121.1612267, 24.9636638 ], [ 121.1610055, 24.9635466 ], [ 121.1609478, 24.9635223 ], [ 121.1608933, 24.9635076 ], [ 121.160825, 24.9634973 ], [ 121.1607681, 24.9634943 ], [ 121.1607275, 24.9634965 ], [ 121.1606884, 24.9635076 ], [ 121.1606413, 24.9635275 ], [ 121.1604778, 24.9636226 ], [ 121.160351, 24.9637103 ], [ 121.1602575, 24.9638032 ], [ 121.1601607, 24.9639137 ], [ 121.1600713, 24.9639815 ], [ 121.1599664, 24.9640612 ], [ 121.1598648, 24.964112 ], [ 121.1597827, 24.9641334 ], [ 121.1596948, 24.9641562 ], [ 121.1595859, 24.9641761 ], [ 121.1593177, 24.9637427 ], [ 121.1586382, 24.9641085 ], [ 121.1584502, 24.9639612 ], [ 121.1582613, 24.9636616 ], [ 121.1582238, 24.9634846 ], [ 121.1579148, 24.9628475 ], [ 121.1577775, 24.9624711 ], [ 121.158036, 24.9624147 ], [ 121.1595724, 24.9623116 ], [ 121.1596496, 24.9628222 ], [ 121.1605401, 24.9623592 ], [ 121.1606249, 24.9623232 ], [ 121.1606785, 24.9623252 ], [ 121.1607515, 24.9625353 ], [ 121.1607779, 24.9625832 ] ] ] } },
{ "type": "Feature", "properties": { "element": "way", "id": 1285098282, "name": "泰毓電子", "landuse": "industrial" }, "geometry": { "type": "Polygon", "coordinates": [ [ [ 121.1608094, 24.9622427 ], [ 121.1608255, 24.9623322 ], [ 121.1608309, 24.9624091 ], [ 121.1608673, 24.9625277 ], [ 121.1608899, 24.9626007 ], [ 121.1610916, 24.9625579 ], [ 121.1611205, 24.9626435 ], [ 121.1613029, 24.9630257 ], [ 121.1615433, 24.9629139 ], [ 121.161463, 24.9627767 ], [ 121.1613851, 24.9626435 ], [ 121.1613094, 24.9625141 ], [ 121.1612322, 24.9623824 ], [ 121.1610454, 24.9620638 ], [ 121.1608824, 24.962127 ], [ 121.160789, 24.9621571 ], [ 121.1608094, 24.9622427 ] ] ] } },
{ "type": "Feature", "properties": { "element": "way", "id": 1285098283, "name": "加揚實業", "landuse": "industrial" }, "geometry": { "type": "Polygon", "coordinates": [ [ [ 121.161463, 24.9627767 ], [ 121.1613851, 24.9626435 ], [ 121.1615678, 24.9625522 ], [ 121.1616478, 24.9626906 ], [ 121.161463, 24.9627767 ] ] ] } },
{ "type": "Feature", "properties": { "element": "way", "id": 1285098284, "name": null, "landuse": "industrial" }, "geometry": { "type": "Polygon", "coordinates": [ [ [ 121.1615433, 24.9629139 ], [ 121.161463, 24.9627767 ], [ 121.1616478, 24.9626906 ], [ 121.1617299, 24.9628326 ], [ 121.1615433, 24.9629139 ] ] ] } },
{ "type": "Feature", "properties": { "element": "way", "id": 1285098285, "name": null, "landuse": "industrial" }, "geometry": { "type": "Polygon", "coordinates": [ [ [ 121.1613851, 24.9626435 ], [ 121.1613094, 24.9625141 ], [ 121.1614944, 24.9624253 ], [ 121.1615678, 24.9625522 ], [ 121.1613851, 24.9626435 ] ] ] } },
{ "type": "Feature", "properties": { "element": "way", "id": 1285098286, "name": null, "landuse": "industrial" }, "geometry": { "type": "Polygon", "coordinates": [ [ [ 121.1613094, 24.9625141 ], [ 121.1612322, 24.9623824 ], [ 121.161418, 24.9622932 ], [ 121.1614944, 24.9624253 ], [ 121.1613094, 24.9625141 ] ] ] } },
{ "type": "Feature", "properties": { "element": "way", "id": 1285098287, "name": "國達電子", "landuse": "industrial" }, "geometry": { "type": "Polygon", "coordinates": [ [ [ 121.1615552, 24.962402 ], [ 121.1614738, 24.9622618 ], [ 121.1616601, 24.962173 ], [ 121.1616975, 24.9622375 ], [ 121.1617397, 24.9623102 ], [ 121.1615552, 24.962402 ] ] ] } },
{ "type": "Feature", "properties": { "element": "way", "id": 1285098288, "name": "九麗實業", "landuse": "industrial" }, "geometry": { "type": "Polygon", "coordinates": [ [ [ 121.1616322, 24.9625348 ], [ 121.1615552, 24.962402 ], [ 121.1617397, 24.9623102 ], [ 121.1617704, 24.9623631 ], [ 121.1618197, 24.962448 ], [ 121.1616322, 24.9625348 ] ] ] } },
{ "type": "Feature", "properties": { "element": "way", "id": 1285098289, "name": null, "landuse": "industrial" }, "geometry": { "type": "Polygon", "coordinates": [ [ [ 121.1617137, 24.9626753 ], [ 121.1616322, 24.9625348 ], [ 121.1618197, 24.962448 ], [ 121.1618728, 24.9625395 ], [ 121.161901, 24.9625881 ], [ 121.1617137, 24.9626753 ] ] ] } },
{ "type": "Feature", "properties": { "element": "way", "id": 1285098290, "name": null, "landuse": "industrial" }, "geometry": { "type": "Polygon", "coordinates": [ [ [ 121.1617895, 24.9628058 ], [ 121.1617137, 24.9626753 ], [ 121.161901, 24.9625881 ], [ 121.1619758, 24.9627169 ], [ 121.1617895, 24.9628058 ] ] ] } },
{ "type": "Feature", "properties": { "element": "way", "id": 1285098291, "name": "AXALTA", "landuse": "industrial" }, "geometry": { "type": "Polygon", "coordinates": [ [ [ 121.1617704, 24.9623631 ], [ 121.1617397, 24.9623102 ], [ 121.1616975, 24.9622375 ], [ 121.1616601, 24.962173 ], [ 121.1616297, 24.9621183 ], [ 121.1618548, 24.9620083 ], [ 121.1619633, 24.9622774 ], [ 121.1617704, 24.9623631 ] ] ] } },
{ "type": "Feature", "properties": { "element": "way", "id": 1285098292, "name": "百豪電子", "landuse": "industrial" }, "geometry": { "type": "Polygon", "coordinates": [ [ [ 121.1618728, 24.9625395 ], [ 121.1618197, 24.962448 ], [ 121.1617704, 24.9623631 ], [ 121.1619633, 24.9622774 ], [ 121.1620222, 24.962474 ], [ 121.1618728, 24.9625395 ] ] ] } },
{ "type": "Feature", "properties": { "element": "way", "id": 1285098293, "name": "得佑電子", "landuse": "industrial" }, "geometry": { "type": "Polygon", "coordinates": [ [ [ 121.1619758, 24.9627169 ], [ 121.161901, 24.9625881 ], [ 121.1618728, 24.9625395 ], [ 121.1620222, 24.962474 ], [ 121.162081, 24.9626703 ], [ 121.1619758, 24.9627169 ] ] ] } },
{ "type": "Feature", "properties": { "element": "way", "id": 1285098294, "name": "嘉耐股份", "landuse": "industrial" }, "geometry": { "type": "Polygon", "coordinates": [ [ [ 121.162081, 24.9626703 ], [ 121.1621644, 24.9626355 ], [ 121.1621903, 24.9627238 ], [ 121.1622063, 24.9629226 ], [ 121.1621964, 24.9630634 ], [ 121.1621897, 24.9631296 ], [ 121.1621829, 24.9631964 ], [ 121.1621434, 24.96325 ], [ 121.1618218, 24.9635327 ], [ 121.1617983, 24.9635789 ], [ 121.1617601, 24.9636543 ], [ 121.1616341, 24.9636159 ], [ 121.1615121, 24.9635754 ], [ 121.1614023, 24.9635275 ], [ 121.1613235, 24.9634773 ], [ 121.1611909, 24.9633727 ], [ 121.1610356, 24.9632665 ], [ 121.1609421, 24.963212 ], [ 121.1609039, 24.9632053 ], [ 121.1610426, 24.9631449 ], [ 121.1613029, 24.9630257 ], [ 121.1615433, 24.9629139 ], [ 121.1617299, 24.9628326 ], [ 121.1617895, 24.9628058 ], [ 121.1619758, 24.9627169 ], [ 121.162081, 24.9626703 ] ] ] } },
{ "type": "Feature", "properties": { "element": "way", "id": 1285098295, "name": "明嘉生物", "landuse": "industrial" }, "geometry": { "type": "Polygon", "coordinates": [ [ [ 121.162528, 24.9629591 ], [ 121.1621897, 24.9631296 ], [ 121.1621829, 24.9631964 ], [ 121.1621434, 24.96325 ], [ 121.1618218, 24.9635327 ], [ 121.1617983, 24.9635789 ], [ 121.1626557, 24.963175 ], [ 121.162528, 24.9629591 ] ] ] } },
{ "type": "Feature", "properties": { "element": "way", "id": 1291188625, "name": null, "landuse": "industrial" }, "geometry": { "type": "Polygon", "coordinates": [ [ [ 121.0625752, 25.0307014 ], [ 121.0600553, 25.0343595 ], [ 121.0602862, 25.034487 ], [ 121.0603259, 25.0346995 ], [ 121.0617983, 25.0355431 ], [ 121.0642449, 25.0321065 ], [ 121.0625752, 25.0307014 ] ] ] } },
{ "type": "Feature", "properties": { "element": "way", "id": 1291188634, "name": null, "landuse": "industrial" }, "geometry": { "type": "Polygon", "coordinates": [ [ [ 121.0699224, 25.0389418 ], [ 121.0702441, 25.0381967 ], [ 121.0711363, 25.0372344 ], [ 121.0719981, 25.0383562 ], [ 121.0721043, 25.0389803 ], [ 121.0723638, 25.0394146 ], [ 121.0721086, 25.0395082 ], [ 121.0719304, 25.0398385 ], [ 121.0699395, 25.0389779 ], [ 121.0699224, 25.0389418 ] ] ] } },
{ "type": "Feature", "properties": { "element": "way", "id": 1291192408, "name": null, "landuse": "industrial" }, "geometry": { "type": "Polygon", "coordinates": [ [ [ 121.070981, 25.0338458 ], [ 121.0705642, 25.0334518 ], [ 121.0713744, 25.032842 ], [ 121.0715043, 25.0328616 ], [ 121.0717461, 25.0331052 ], [ 121.070981, 25.0338458 ] ] ] } },
{ "type": "Feature", "properties": { "element": "way", "id": 1292613459, "name": "超慧科技", "landuse": "industrial" }, "geometry": { "type": "Polygon", "coordinates": [ [ [ 121.0965592, 24.7337024 ], [ 121.0972597, 24.7324723 ], [ 121.0971943, 24.732345 ], [ 121.0973064, 24.7322475 ], [ 121.0975726, 24.7325529 ], [ 121.0975866, 24.7333673 ], [ 121.0974091, 24.7338042 ], [ 121.0970309, 24.7338338 ], [ 121.0965592, 24.7337024 ] ] ] } },
{ "type": "Feature", "properties": { "element": "way", "id": 1293007032, "name": "鉅曜科技", "landuse": "industrial" }, "geometry": { "type": "Polygon", "coordinates": [ [ [ 121.1604141, 24.9746252 ], [ 121.1610026, 24.9744269 ], [ 121.160808, 24.9740236 ], [ 121.1606621, 24.9739779 ], [ 121.1602423, 24.9742245 ], [ 121.160192, 24.9742527 ], [ 121.1604141, 24.9746252 ] ] ] } },
{ "type": "Feature", "properties": { "element": "way", "id": 1293007033, "name": "銓信工業", "landuse": "industrial" }, "geometry": { "type": "Polygon", "coordinates": [ [ [ 121.1593776, 24.9752657 ], [ 121.1591631, 24.9749697 ], [ 121.1598908, 24.9746746 ], [ 121.1599581, 24.9748003 ], [ 121.1599868, 24.9747892 ], [ 121.1600899, 24.9749624 ], [ 121.1593776, 24.9752657 ] ] ] } },
{ "type": "Feature", "properties": { "element": "way", "id": 1294737939, "name": "湖口鄉農會農產加工廠", "landuse": "industrial" }, "geometry": { "type": "Polygon", "coordinates": [ [ [ 121.0732271, 24.8823712 ], [ 121.0722078, 24.881758 ], [ 121.0720061, 24.8818318 ], [ 121.0722857, 24.8822428 ], [ 121.0720698, 24.8825317 ], [ 121.0727493, 24.8829716 ], [ 121.0732271, 24.8823712 ] ] ] } },
{ "type": "Feature", "properties": { "element": "way", "id": 1299816111, "name": "台北營運處桃園營運中心基維三股", "landuse": "industrial" }, "geometry": { "type": "Polygon", "coordinates": [ [ [ 121.1637358, 24.9977079 ], [ 121.1634408, 24.9982719 ], [ 121.1636661, 24.9984956 ], [ 121.1637627, 24.9987873 ], [ 121.1637841, 24.9992978 ], [ 121.1638799, 24.9993323 ], [ 121.1642134, 24.9986772 ], [ 121.1645902, 24.9988008 ], [ 121.1647068, 24.9984032 ], [ 121.1646961, 24.9981552 ], [ 121.1646049, 24.9980045 ], [ 121.1637358, 24.9977079 ] ] ] } },
{ "type": "Feature", "properties": { "element": "way", "id": 1301504692, "name": "米其林馳加汽車服務中心-安勇青埔店", "landuse": "industrial" }, "geometry": { "type": "Polygon", "coordinates": [ [ [ 121.2138116, 25.0191805 ], [ 121.2140356, 25.0191433 ], [ 121.2140154, 25.0190438 ], [ 121.2139913, 25.0190478 ], [ 121.2139862, 25.0190223 ], [ 121.2138097, 25.0190516 ], [ 121.2138164, 25.0190848 ], [ 121.213793, 25.0190886 ], [ 121.2138116, 25.0191805 ] ] ] } },
{ "type": "Feature", "properties": { "element": "way", "id": 1311776778, "name": null, "landuse": "industrial" }, "geometry": { "type": "Polygon", "coordinates": [ [ [ 121.2139527, 25.0228802 ], [ 121.2136899, 25.0210768 ], [ 121.2129657, 25.020474 ], [ 121.2116836, 25.0204546 ], [ 121.2116621, 25.022258 ], [ 121.2118284, 25.0222629 ], [ 121.2126116, 25.0225205 ], [ 121.2130139, 25.0227587 ], [ 121.2133036, 25.0229239 ], [ 121.2135826, 25.0228899 ], [ 121.2135879, 25.0229337 ], [ 121.2139527, 25.0228802 ] ] ] } },
{ "type": "Feature", "properties": { "element": "way", "id": 1326437286, "name": null, "landuse": "industrial" }, "geometry": { "type": "Polygon", "coordinates": [ [ [ 121.0409128, 24.7071922 ], [ 121.0405478, 24.7071273 ], [ 121.0405082, 24.7069396 ], [ 121.0401694, 24.7067347 ], [ 121.0404139, 24.7063142 ], [ 121.0395133, 24.7060686 ], [ 121.0391975, 24.7057046 ], [ 121.0406677, 24.7054242 ], [ 121.0414333, 24.7048082 ], [ 121.042086, 24.7057619 ], [ 121.0421511, 24.7061723 ], [ 121.0417002, 24.706393 ], [ 121.0413976, 24.7064765 ], [ 121.0411804, 24.7067345 ], [ 121.0411994, 24.7069431 ], [ 121.0414213, 24.7070977 ], [ 121.0409128, 24.7071922 ] ] ] } },
{ "type": "Feature", "properties": { "element": "way", "id": 1328396782, "name": "森邦集團公司", "landuse": "industrial" }, "geometry": { "type": "Polygon", "coordinates": [ [ [ 121.2893307, 24.97865 ], [ 121.2893146, 24.9781278 ], [ 121.2893736, 24.9781473 ], [ 121.2895185, 24.9783442 ], [ 121.2898806, 24.9780913 ], [ 121.2902882, 24.9785115 ], [ 121.2893307, 24.97865 ] ] ] } },
{ "type": "Feature", "properties": { "element": "way", "id": 1332830878, "name": "普生竹創大樓", "landuse": "industrial" }, "geometry": { "type": "Polygon", "coordinates": [ [ [ 121.0225594, 24.8296977 ], [ 121.0223925, 24.8293687 ], [ 121.0223563, 24.82927 ], [ 121.022387, 24.8291663 ], [ 121.0224594, 24.8291107 ], [ 121.0234069, 24.8287313 ], [ 121.023485, 24.8287819 ], [ 121.0236949, 24.8292271 ], [ 121.0225594, 24.8296977 ] ] ] } },
{ "type": "Feature", "properties": { "element": "way", "id": 1351534434, "name": null, "landuse": "industrial" }, "geometry": { "type": "Polygon", "coordinates": [ [ [ 121.0645115, 24.8251586 ], [ 121.0653441, 24.8243646 ], [ 121.0650091, 24.8237565 ], [ 121.0651815, 24.8236266 ], [ 121.0655978, 24.823969 ], [ 121.0653506, 24.8250789 ], [ 121.0650449, 24.8253534 ], [ 121.0645115, 24.8251586 ] ] ] } },
{ "type": "Feature", "properties": { "element": "way", "id": 1351534443, "name": "新埔鎮公所清潔隊", "landuse": "industrial" }, "geometry": { "type": "Polygon", "coordinates": [ [ [ 121.0742573, 24.8309308 ], [ 121.0754035, 24.8311657 ], [ 121.0756155, 24.8317361 ], [ 121.0757954, 24.8317383 ], [ 121.0758003, 24.8322058 ], [ 121.075645, 24.8327203 ], [ 121.0755169, 24.8325995 ], [ 121.0754207, 24.8322886 ], [ 121.0752359, 24.832 ], [ 121.0750954, 24.8319441 ], [ 121.0748563, 24.8319598 ], [ 121.0747109, 24.8318994 ], [ 121.0746147, 24.8313826 ], [ 121.074425, 24.8311478 ], [ 121.0742573, 24.8309308 ] ] ] } },
{ "type": "Feature", "properties": { "element": "way", "id": 1351534544, "name": "東庚實業", "landuse": "industrial" }, "geometry": { "type": "Polygon", "coordinates": [ [ [ 121.1746978, 24.8275334 ], [ 121.1746783, 24.8267364 ], [ 121.1744767, 24.8261696 ], [ 121.1764801, 24.8256855 ], [ 121.1771306, 24.8270611 ], [ 121.1754719, 24.8275393 ], [ 121.1746978, 24.8275334 ] ] ] } },
{ "type": "Feature", "properties": { "element": "way", "id": 1351534547, "name": "東武精機", "landuse": "industrial" }, "geometry": { "type": "Polygon", "coordinates": [ [ [ 121.1746329, 24.8275195 ], [ 121.1725108, 24.8276043 ], [ 121.1717711, 24.825875 ], [ 121.1726229, 24.8258411 ], [ 121.1728022, 24.8262954 ], [ 121.1728471, 24.8266345 ], [ 121.1729929, 24.8266317 ], [ 121.1745955, 24.8266006 ], [ 121.1746329, 24.8275195 ] ] ] } },
{ "type": "Feature", "properties": { "element": "way", "id": 1351534548, "name": "利汎科技", "landuse": "industrial" }, "geometry": { "type": "Polygon", "coordinates": [ [ [ 121.1728583, 24.8260072 ], [ 121.1732544, 24.8259623 ], [ 121.1737807, 24.8259026 ], [ 121.174263, 24.8258479 ], [ 121.1745955, 24.8266006 ], [ 121.1729929, 24.8266317 ], [ 121.1729703, 24.8262615 ], [ 121.1728583, 24.8260072 ] ] ] } },
{ "type": "Feature", "properties": { "element": "way", "id": 1351534549, "name": "玖宜", "landuse": "industrial" }, "geometry": { "type": "Polygon", "coordinates": [ [ [ 121.1732544, 24.8259623 ], [ 121.1731959, 24.8255698 ], [ 121.1727084, 24.8256326 ], [ 121.1728583, 24.8260072 ], [ 121.1732544, 24.8259623 ] ] ] } },
{ "type": "Feature", "properties": { "element": "way", "id": 1351534550, "name": "嘉謚科技", "landuse": "industrial" }, "geometry": { "type": "Polygon", "coordinates": [ [ [ 121.1731959, 24.8255698 ], [ 121.1737171, 24.8255088 ], [ 121.1737807, 24.8259026 ], [ 121.1732544, 24.8259623 ], [ 121.1731959, 24.8255698 ] ] ] } },
{ "type": "Feature", "properties": { "element": "way", "id": 1351534551, "name": "上森實業", "landuse": "industrial" }, "geometry": { "type": "Polygon", "coordinates": [ [ [ 121.1737171, 24.8255088 ], [ 121.1740907, 24.8254664 ], [ 121.174263, 24.8258479 ], [ 121.1737807, 24.8259026 ], [ 121.1737171, 24.8255088 ] ] ] } },
{ "type": "Feature", "properties": { "element": "way", "id": 1351534552, "name": "尚美實業", "landuse": "industrial" }, "geometry": { "type": "Polygon", "coordinates": [ [ [ 121.1687522, 24.8286807 ], [ 121.1690074, 24.8272304 ], [ 121.1693614, 24.8266861 ], [ 121.170385, 24.8273665 ], [ 121.1704784, 24.8274953 ], [ 121.1703663, 24.8277191 ], [ 121.1703625, 24.8281023 ], [ 121.1702019, 24.8286143 ], [ 121.1687522, 24.8286807 ] ] ] } },
{ "type": "Feature", "properties": { "element": "way", "id": 1351534554, "name": "詠業科技", "landuse": "industrial" }, "geometry": { "type": "Polygon", "coordinates": [ [ [ 121.1707328, 24.8257895 ], [ 121.1714949, 24.8255183 ], [ 121.1713546, 24.8251745 ], [ 121.1712334, 24.8248774 ], [ 121.1708374, 24.8250165 ], [ 121.1706431, 24.8247079 ], [ 121.1703517, 24.82483 ], [ 121.1704445, 24.8250636 ], [ 121.1707328, 24.8257895 ] ] ] } },
{ "type": "Feature", "properties": { "element": "way", "id": 1351534555, "name": "台灣眾鑫企業", "landuse": "industrial" }, "geometry": { "type": "Polygon", "coordinates": [ [ [ 121.1712334, 24.8248774 ], [ 121.1717786, 24.8247344 ], [ 121.1718649, 24.8249335 ], [ 121.1720522, 24.8248753 ], [ 121.172136, 24.825023 ], [ 121.1722371, 24.8249917 ], [ 121.1729113, 24.8250124 ], [ 121.1726773, 24.8252868 ], [ 121.1724712, 24.8255286 ], [ 121.1717663, 24.8257746 ], [ 121.1715075, 24.8251214 ], [ 121.1713546, 24.8251745 ], [ 121.1712334, 24.8248774 ] ] ] } },
{ "type": "Feature", "properties": { "element": "way", "id": 1351534559, "name": "仁儀企業", "landuse": "industrial" }, "geometry": { "type": "Polygon", "coordinates": [ [ [ 121.1669678, 24.8290683 ], [ 121.1673223, 24.8289679 ], [ 121.1685712, 24.8288233 ], [ 121.1686167, 24.829638 ], [ 121.1684443, 24.8296498 ], [ 121.1670165, 24.8291804 ], [ 121.1669678, 24.8290683 ] ] ] } },
{ "type": "Feature", "properties": { "element": "way", "id": 1355944308, "name": "汙水及配水廠", "landuse": "industrial" }, "geometry": { "type": "Polygon", "coordinates": [ [ [ 121.001469, 24.760105 ], [ 120.9996193, 24.7569463 ], [ 120.9993081, 24.7569071 ], [ 120.9990644, 24.7570739 ], [ 120.9991053, 24.7576416 ], [ 120.9992776, 24.7587389 ], [ 120.9992496, 24.7589787 ], [ 120.9992079, 24.7592891 ], [ 120.9989641, 24.7597171 ], [ 120.9986473, 24.7602618 ], [ 120.9984684, 24.7603563 ], [ 120.9988952, 24.7606059 ], [ 120.9992464, 24.7607066 ], [ 120.9996408, 24.7608409 ], [ 120.9999736, 24.7608968 ], [ 121.0001371, 24.7607945 ], [ 121.0002898, 24.760421 ], [ 121.0006734, 24.7601042 ], [ 121.0008804, 24.7600544 ], [ 121.0011552, 24.760001 ], [ 121.001469, 24.760105 ] ] ] } },
{ "type": "Feature", "properties": { "element": "way", "id": 1363584483, "name": null, "landuse": "industrial" }, "geometry": { "type": "Polygon", "coordinates": [ [ [ 121.0591045, 24.7593684 ], [ 121.0593655, 24.7599427 ], [ 121.0592665, 24.7600071 ], [ 121.0589452, 24.7594355 ], [ 121.0591045, 24.7593684 ] ] ] } },
{ "type": "Feature", "properties": { "element": "way", "id": 1363584500, "name": null, "landuse": "industrial" }, "geometry": { "type": "Polygon", "coordinates": [ [ [ 121.0568601, 24.7655034 ], [ 121.0570897, 24.7652208 ], [ 121.0574845, 24.7653436 ], [ 121.0575575, 24.7654098 ], [ 121.0574309, 24.7655521 ], [ 121.0572978, 24.7654858 ], [ 121.0571412, 24.7656514 ], [ 121.0568601, 24.7655034 ] ] ] } },
{ "type": "Feature", "properties": { "element": "way", "id": 1363584503, "name": null, "landuse": "industrial" }, "geometry": { "type": "Polygon", "coordinates": [ [ [ 121.0580151, 24.7646537 ], [ 121.0578947, 24.7648594 ], [ 121.0579952, 24.7651229 ], [ 121.0578565, 24.7652682 ], [ 121.0576611, 24.7650908 ], [ 121.0579216, 24.7644853 ], [ 121.0580151, 24.7646537 ] ] ] } },
{ "type": "Feature", "properties": { "element": "way", "id": 1363584506, "name": null, "landuse": "industrial" }, "geometry": { "type": "Polygon", "coordinates": [ [ [ 121.0516307, 24.7629665 ], [ 121.0532699, 24.7621691 ], [ 121.0535886, 24.7627716 ], [ 121.0526584, 24.7632943 ], [ 121.0528048, 24.7636487 ], [ 121.0523624, 24.7638318 ], [ 121.0519494, 24.7634804 ], [ 121.0516307, 24.7629665 ] ] ] } },
{ "type": "Feature", "properties": { "element": "way", "id": 1363584521, "name": null, "landuse": "industrial" }, "geometry": { "type": "Polygon", "coordinates": [ [ [ 121.0557373, 24.7630664 ], [ 121.0555197, 24.7627511 ], [ 121.0556222, 24.7626927 ], [ 121.0558398, 24.7630081 ], [ 121.0557373, 24.7630664 ] ] ] } },
{ "type": "Feature", "properties": { "element": "way", "id": 1363584535, "name": null, "landuse": "industrial" }, "geometry": { "type": "Polygon", "coordinates": [ [ [ 121.045969, 24.7644092 ], [ 121.0456052, 24.7639636 ], [ 121.0459246, 24.7637486 ], [ 121.0462884, 24.7641943 ], [ 121.045969, 24.7644092 ] ] ] } },
{ "type": "Feature", "properties": { "element": "way", "id": 1363584558, "name": null, "landuse": "industrial" }, "geometry": { "type": "Polygon", "coordinates": [ [ [ 121.0348184, 24.7724019 ], [ 121.0352701, 24.7723023 ], [ 121.0353274, 24.7725166 ], [ 121.0348757, 24.7726162 ], [ 121.0348184, 24.7724019 ] ] ] } },
{ "type": "Feature", "properties": { "element": "way", "id": 1363584565, "name": null, "landuse": "industrial" }, "geometry": { "type": "Polygon", "coordinates": [ [ [ 121.0386043, 24.7732805 ], [ 121.0379078, 24.7722496 ], [ 121.0383664, 24.7721468 ], [ 121.038508, 24.7723396 ], [ 121.0383891, 24.7723858 ], [ 121.0389072, 24.7730774 ], [ 121.0386043, 24.7732805 ] ] ] } },
{ "type": "Feature", "properties": { "element": "way", "id": 1363584575, "name": null, "landuse": "industrial" }, "geometry": { "type": "Polygon", "coordinates": [ [ [ 121.0436377, 24.7732125 ], [ 121.0439787, 24.7728486 ], [ 121.0442299, 24.7730427 ], [ 121.0438889, 24.7734066 ], [ 121.0436377, 24.7732125 ] ] ] } },
{ "type": "Feature", "properties": { "element": "way", "id": 1363584584, "name": null, "landuse": "industrial" }, "geometry": { "type": "Polygon", "coordinates": [ [ [ 121.0376323, 24.7767653 ], [ 121.0375207, 24.7765334 ], [ 121.037643, 24.7762587 ], [ 121.0374413, 24.7760483 ], [ 121.037555, 24.7760035 ], [ 121.038231, 24.7765841 ], [ 121.0376323, 24.7767653 ] ] ] } },
{ "type": "Feature", "properties": { "element": "way", "id": 1363584599, "name": null, "landuse": "industrial" }, "geometry": { "type": "Polygon", "coordinates": [ [ [ 121.0310506, 24.7771944 ], [ 121.0312346, 24.7776108 ], [ 121.0314498, 24.7775157 ], [ 121.0317216, 24.778035 ], [ 121.031464, 24.7781867 ], [ 121.0313111, 24.7779013 ], [ 121.030909, 24.7780633 ], [ 121.030534, 24.7774061 ], [ 121.0310506, 24.7771944 ] ] ] } },
{ "type": "Feature", "properties": { "element": "way", "id": 1363584601, "name": null, "landuse": "industrial" }, "geometry": { "type": "Polygon", "coordinates": [ [ [ 121.0421968, 24.778798 ], [ 121.0424403, 24.7784432 ], [ 121.0427348, 24.7784021 ], [ 121.0431623, 24.7786771 ], [ 121.043536, 24.7782453 ], [ 121.044326, 24.7783172 ], [ 121.0443656, 24.7784021 ], [ 121.0429698, 24.7789471 ], [ 121.04263, 24.778965 ], [ 121.0423299, 24.7788802 ], [ 121.0421968, 24.778798 ] ] ] } },
{ "type": "Feature", "properties": { "element": "way", "id": 1363584602, "name": null, "landuse": "industrial" }, "geometry": { "type": "Polygon", "coordinates": [ [ [ 121.0441561, 24.778091 ], [ 121.0441759, 24.7778314 ], [ 121.0445978, 24.77778 ], [ 121.0445836, 24.7774715 ], [ 121.0451499, 24.7771887 ], [ 121.0453906, 24.7775049 ], [ 121.0450395, 24.7777388 ], [ 121.0451188, 24.7780242 ], [ 121.0449262, 24.7781913 ], [ 121.0441561, 24.778091 ] ] ] } },
{ "type": "Feature", "properties": { "element": "way", "id": 1363584604, "name": "中國製釉", "landuse": "industrial" }, "geometry": { "type": "Polygon", "coordinates": [ [ [ 121.0484709, 24.7739375 ], [ 121.04904, 24.7742889 ], [ 121.0489343, 24.7743967 ], [ 121.0484318, 24.7744691 ], [ 121.0485928, 24.7751025 ], [ 121.0485327, 24.775665 ], [ 121.048679, 24.7759264 ], [ 121.0488221, 24.7759884 ], [ 121.0492124, 24.7755203 ], [ 121.0494612, 24.7754952 ], [ 121.0501735, 24.7753254 ], [ 121.0506044, 24.7753048 ], [ 121.0505067, 24.7743805 ], [ 121.0503708, 24.774162 ], [ 121.0500056, 24.7739511 ], [ 121.0497168, 24.7744267 ], [ 121.0491845, 24.7739152 ], [ 121.0493091, 24.7737789 ], [ 121.0489212, 24.7734524 ], [ 121.0484709, 24.7739375 ] ] ] } },
{ "type": "Feature", "properties": { "element": "way", "id": 1363584613, "name": null, "landuse": "industrial" }, "geometry": { "type": "Polygon", "coordinates": [ [ [ 121.052643, 24.7695678 ], [ 121.0528698, 24.7698811 ], [ 121.0524409, 24.7701564 ], [ 121.0522905, 24.7699997 ], [ 121.0522758, 24.7698677 ], [ 121.0523275, 24.7697401 ], [ 121.052643, 24.7695678 ] ] ] } },
{ "type": "Feature", "properties": { "element": "way", "id": 1363584618, "name": null, "landuse": "industrial" }, "geometry": { "type": "Polygon", "coordinates": [ [ [ 121.052995, 24.7683649 ], [ 121.0533397, 24.7680401 ], [ 121.053182, 24.7679293 ], [ 121.0528714, 24.7682335 ], [ 121.052995, 24.7683649 ] ] ] } },
{ "type": "Feature", "properties": { "element": "way", "id": 1363773691, "name": null, "landuse": "industrial" }, "geometry": { "type": "Polygon", "coordinates": [ [ [ 121.0055015, 24.8026331 ], [ 121.0061195, 24.8024597 ], [ 121.0063469, 24.8024266 ], [ 121.0066752, 24.8025552 ], [ 121.0067181, 24.8029116 ], [ 121.0069241, 24.8029019 ], [ 121.0072503, 24.8031687 ], [ 121.0073898, 24.8037083 ], [ 121.0080721, 24.8034804 ], [ 121.008218, 24.8038096 ], [ 121.0076086, 24.8040004 ], [ 121.0075271, 24.8037764 ], [ 121.006598, 24.8039128 ], [ 121.0064886, 24.8035875 ], [ 121.0061238, 24.8036148 ], [ 121.0058298, 24.8031979 ], [ 121.0055015, 24.8026331 ] ] ] } },
{ "type": "Feature", "properties": { "element": "way", "id": 1363773696, "name": null, "landuse": "industrial" }, "geometry": { "type": "Polygon", "coordinates": [ [ [ 121.0033146, 24.8043887 ], [ 121.0062062, 24.804053 ], [ 121.0065201, 24.8045277 ], [ 121.004484, 24.8048126 ], [ 121.003281, 24.804582 ], [ 121.0033146, 24.8043887 ] ] ] } },
{ "type": "Feature", "properties": { "element": "way", "id": 1363773697, "name": null, "landuse": "industrial" }, "geometry": { "type": "Polygon", "coordinates": [ [ [ 121.0008347, 24.8064532 ], [ 121.0014903, 24.8071669 ], [ 121.0011995, 24.8071244 ], [ 121.0005093, 24.8064151 ], [ 121.0008347, 24.8064532 ] ] ] } },
{ "type": "Feature", "properties": { "element": "way", "id": 1363773722, "name": null, "landuse": "industrial" }, "geometry": { "type": "Polygon", "coordinates": [ [ [ 121.0001855, 24.816923 ], [ 121.0002621, 24.8170604 ], [ 120.9994719, 24.8174961 ], [ 120.9993038, 24.817196 ], [ 121.0001855, 24.816923 ] ] ] } },
{ "type": "Feature", "properties": { "element": "way", "id": 1363773723, "name": null, "landuse": "industrial" }, "geometry": { "type": "Polygon", "coordinates": [ [ [ 121.0009626, 24.8164771 ], [ 121.0012446, 24.8162957 ], [ 121.0013156, 24.8164246 ], [ 121.001069, 24.8166026 ], [ 121.0009626, 24.8164771 ] ] ] } },
{ "type": "Feature", "properties": { "element": "way", "id": 1363773724, "name": null, "landuse": "industrial" }, "geometry": { "type": "Polygon", "coordinates": [ [ [ 121.0014445, 24.8161668 ], [ 121.0016462, 24.8160312 ], [ 121.0017079, 24.8161279 ], [ 121.0014968, 24.8162686 ], [ 121.0014445, 24.8161668 ] ] ] } },
{ "type": "Feature", "properties": { "element": "way", "id": 1363773725, "name": null, "landuse": "industrial" }, "geometry": { "type": "Polygon", "coordinates": [ [ [ 121.0023878, 24.8154836 ], [ 121.0021973, 24.8150902 ], [ 121.0018592, 24.8151478 ], [ 121.0021357, 24.8157226 ], [ 121.0023878, 24.8154836 ] ] ] } },
{ "type": "Feature", "properties": { "element": "way", "id": 1363773726, "name": null, "landuse": "industrial" }, "geometry": { "type": "Polygon", "coordinates": [ [ [ 121.0024626, 24.8150682 ], [ 121.0026867, 24.8152004 ], [ 121.0025111, 24.8153954 ], [ 121.0024009, 24.8151614 ], [ 121.0024626, 24.8150682 ] ] ] } },
{ "type": "Feature", "properties": { "element": "way", "id": 1363773728, "name": null, "landuse": "industrial" }, "geometry": { "type": "Polygon", "coordinates": [ [ [ 121.0046507, 24.8119126 ], [ 121.0048917, 24.8122737 ], [ 121.0044677, 24.8126196 ], [ 121.0041576, 24.8124907 ], [ 121.0040978, 24.8125314 ], [ 121.0038213, 24.8123025 ], [ 121.0046507, 24.8119126 ] ] ] } },
{ "type": "Feature", "properties": { "element": "way", "id": 1363773730, "name": null, "landuse": "industrial" }, "geometry": { "type": "Polygon", "coordinates": [ [ [ 121.0060872, 24.8133843 ], [ 121.0058593, 24.8131808 ], [ 121.0060013, 24.8130689 ], [ 121.0059396, 24.8129808 ], [ 121.0061563, 24.8127807 ], [ 121.0062834, 24.813052 ], [ 121.0063805, 24.8130011 ], [ 121.0064832, 24.8131503 ], [ 121.0060872, 24.8133843 ] ] ] } },
{ "type": "Feature", "properties": { "element": "way", "id": 1363773746, "name": null, "landuse": "industrial" }, "geometry": { "type": "Polygon", "coordinates": [ [ [ 121.0031545, 24.8074964 ], [ 121.0027637, 24.8070312 ], [ 121.0025316, 24.8071212 ], [ 121.0028402, 24.8074656 ], [ 121.0031545, 24.8074964 ] ] ] } },
{ "type": "Feature", "properties": { "element": "way", "id": 1363773748, "name": null, "landuse": "industrial" }, "geometry": { "type": "Polygon", "coordinates": [ [ [ 121.0023817, 24.8074416 ], [ 121.0032289, 24.8084409 ], [ 121.0031167, 24.8085088 ], [ 121.0021557, 24.8074239 ], [ 121.0023817, 24.8074416 ] ] ] } },
{ "type": "Feature", "properties": { "element": "way", "id": 1363773750, "name": null, "landuse": "industrial" }, "geometry": { "type": "Polygon", "coordinates": [ [ [ 121.0086773, 24.8054415 ], [ 121.0082219, 24.8048894 ], [ 121.0085146, 24.8046827 ], [ 121.0089602, 24.8052437 ], [ 121.0086773, 24.8054415 ] ] ] } },
{ "type": "Feature", "properties": { "element": "way", "id": 1363773751, "name": null, "landuse": "industrial" }, "geometry": { "type": "Polygon", "coordinates": [ [ [ 121.0067765, 24.8055011 ], [ 121.0070852, 24.8053588 ], [ 121.0070259, 24.8052529 ], [ 121.0067172, 24.8053951 ], [ 121.0067765, 24.8055011 ] ] ] } },
{ "type": "Feature", "properties": { "element": "way", "id": 1363773752, "name": null, "landuse": "industrial" }, "geometry": { "type": "Polygon", "coordinates": [ [ [ 121.0073462, 24.8051235 ], [ 121.0077495, 24.8049491 ], [ 121.0078145, 24.805073 ], [ 121.0074111, 24.8052473 ], [ 121.0073462, 24.8051235 ] ] ] } },
{ "type": "Feature", "properties": { "element": "way", "id": 1363984440, "name": "搏盟科技", "landuse": "industrial" }, "geometry": { "type": "Polygon", "coordinates": [ [ [ 121.050452, 24.7590896 ], [ 121.0507602, 24.7588844 ], [ 121.0515168, 24.7589013 ], [ 121.0515952, 24.7591541 ], [ 121.0507453, 24.7593814 ], [ 121.050452, 24.7590896 ] ] ] } },
{ "type": "Feature", "properties": { "element": "way", "id": 1367672706, "name": "興豐工業城", "landuse": "industrial" }, "geometry": { "type": "Polygon", "coordinates": [ [ [ 121.2911448, 24.931866 ], [ 121.2911687, 24.9311541 ], [ 121.2912271, 24.9305539 ], [ 121.2919967, 24.930716 ], [ 121.2922585, 24.9307141 ], [ 121.2923465, 24.9306576 ], [ 121.29268, 24.9306984 ], [ 121.2927548, 24.9305166 ], [ 121.2929116, 24.9305581 ], [ 121.2927305, 24.9310234 ], [ 121.2928529, 24.9310371 ], [ 121.2927778, 24.9314613 ], [ 121.293031, 24.9318679 ], [ 121.2926383, 24.9327649 ], [ 121.2923987, 24.9326901 ], [ 121.2922971, 24.9325392 ], [ 121.2920933, 24.9322474 ], [ 121.2911448, 24.931866 ] ] ] } },
{ "type": "Feature", "properties": { "element": "way", "id": 1393769431, "name": "中西化學工業 新竹廠", "landuse": "industrial" }, "geometry": { "type": "Polygon", "coordinates": [ [ [ 121.0194143, 24.7911059 ], [ 121.0201661, 24.7908553 ], [ 121.0202597, 24.7914282 ], [ 121.0196805, 24.791587 ], [ 121.0194143, 24.7911059 ] ] ] } },
{ "type": "Feature", "properties": { "element": "way", "id": 1421273988, "name": "新亞洲製刀", "landuse": "industrial" }, "geometry": { "type": "Polygon", "coordinates": [ [ [ 121.0508107, 24.9016783 ], [ 121.0507733, 24.9014688 ], [ 121.0514839, 24.900634 ], [ 121.0519653, 24.9009068 ], [ 121.0521019, 24.9013715 ], [ 121.0514173, 24.9015544 ], [ 121.0508107, 24.9016783 ] ] ] } },
{ "type": "Feature", "properties": { "element": "way", "id": 1421273997, "name": "六和金屬", "landuse": "industrial" }, "geometry": { "type": "Polygon", "coordinates": [ [ [ 121.0597104, 24.8907476 ], [ 121.0595022, 24.8905204 ], [ 121.0593949, 24.8902431 ], [ 121.0593867, 24.8898905 ], [ 121.0595298, 24.8898138 ], [ 121.0600144, 24.890541 ], [ 121.0597104, 24.8907476 ] ] ] } },
{ "type": "Feature", "properties": { "element": "way", "id": 1421273998, "name": "清惠實業", "landuse": "industrial" }, "geometry": { "type": "Polygon", "coordinates": [ [ [ 121.0600323, 24.8905219 ], [ 121.0595445, 24.8898005 ], [ 121.0598112, 24.8896456 ], [ 121.0603771, 24.8904393 ], [ 121.0600323, 24.8905219 ] ] ] } },
{ "type": "Feature", "properties": { "element": "way", "id": 1421273999, "name": null, "landuse": "industrial" }, "geometry": { "type": "Polygon", "coordinates": [ [ [ 121.0590859, 24.8906591 ], [ 121.059042, 24.8899112 ], [ 121.0593705, 24.8898846 ], [ 121.0593819, 24.8902563 ], [ 121.0594957, 24.8905484 ], [ 121.0593461, 24.8906074 ], [ 121.0593445, 24.8906753 ], [ 121.0590859, 24.8906591 ] ] ] } },
{ "type": "Feature", "properties": { "element": "way", "id": 1434812133, "name": "九鼎鋁業", "landuse": "industrial" }, "geometry": { "type": "Polygon", "coordinates": [ [ [ 121.0457428, 24.9662236 ], [ 121.0458894, 24.9664441 ], [ 121.0460005, 24.9664313 ], [ 121.0461, 24.9664198 ], [ 121.0462247, 24.9665207 ], [ 121.0463829, 24.9664478 ], [ 121.0465533, 24.9665572 ], [ 121.0466525, 24.9666775 ], [ 121.0458536, 24.9671832 ], [ 121.0454466, 24.9666546 ], [ 121.0455836, 24.9665679 ], [ 121.0454575, 24.9664042 ], [ 121.0457428, 24.9662236 ] ] ] } },
{ "type": "Feature", "properties": { "element": "way", "id": 1437048740, "name": "龍田工業大鎮", "landuse": "industrial" }, "geometry": { "type": "Polygon", "coordinates": [ [ [ 121.232378, 24.9117065 ], [ 121.2333293, 24.9116881 ], [ 121.2333706, 24.9121288 ], [ 121.2334077, 24.9124273 ], [ 121.2335086, 24.9126151 ], [ 121.2337776, 24.9131736 ], [ 121.2339988, 24.9135122 ], [ 121.2341032, 24.913684 ], [ 121.2341545, 24.9138589 ], [ 121.2341987, 24.9141205 ], [ 121.234204, 24.914273 ], [ 121.2340625, 24.9147272 ], [ 121.2339952, 24.9147063 ], [ 121.2340288, 24.9145314 ], [ 121.2340005, 24.9144094 ], [ 121.2335776, 24.9143532 ], [ 121.2331688, 24.9142489 ], [ 121.2327583, 24.9142569 ], [ 121.2326663, 24.914228 ], [ 121.2324344, 24.9142441 ], [ 121.2322168, 24.9142425 ], [ 121.2320646, 24.9141061 ], [ 121.2320044, 24.9140354 ], [ 121.2318522, 24.9139841 ], [ 121.2317178, 24.9138974 ], [ 121.2315019, 24.9137722 ], [ 121.2314983, 24.9134031 ], [ 121.2314735, 24.9127274 ], [ 121.2311639, 24.9127306 ], [ 121.2312099, 24.9121529 ], [ 121.2324221, 24.9120951 ], [ 121.232378, 24.9117065 ] ] ] } },
{ "type": "Feature", "properties": { "element": "way", "id": 1451373571, "name": "TSMC headquarters", "landuse": "industrial" }, "geometry": { "type": "Polygon", "coordinates": [ [ [ 121.010403, 24.7730195 ], [ 121.0107976, 24.7728392 ], [ 121.0112039, 24.772606 ], [ 121.011459, 24.7724241 ], [ 121.0115865, 24.7723279 ], [ 121.0118399, 24.7721294 ], [ 121.011966, 24.7720271 ], [ 121.0122309, 24.7718438 ], [ 121.0125904, 24.7716233 ], [ 121.01288, 24.771442 ], [ 121.0129757, 24.7713784 ], [ 121.0132104, 24.7716254 ], [ 121.0133622, 24.7717876 ], [ 121.0137953, 24.7722297 ], [ 121.01403, 24.7724777 ], [ 121.0142133, 24.7726685 ], [ 121.0144073, 24.7728652 ], [ 121.0145197, 24.7729954 ], [ 121.0144383, 24.773091 ], [ 121.0142852, 24.7732276 ], [ 121.0140135, 24.7734565 ], [ 121.0137817, 24.7736582 ], [ 121.0134818, 24.7739072 ], [ 121.013188, 24.7741466 ], [ 121.0128553, 24.7744069 ], [ 121.012689, 24.7745371 ], [ 121.0124351, 24.7747532 ], [ 121.0122342, 24.7746045 ], [ 121.0119493, 24.7743748 ], [ 121.0115494, 24.7740615 ], [ 121.0111618, 24.7737522 ], [ 121.0108062, 24.7734646 ], [ 121.0104814, 24.7731826 ], [ 121.010403, 24.7730195 ] ] ] } },
{ "type": "Feature", "properties": { "element": "way", "id": 1451380993, "name": "TSMC Fab 20", "landuse": "industrial" }, "geometry": { "type": "Polygon", "coordinates": [ [ [ 121.0014283, 24.7651016 ], [ 121.00114, 24.7648139 ], [ 121.0021722, 24.7645265 ], [ 121.0028844, 24.7643357 ], [ 121.0040846, 24.7640007 ], [ 121.005098, 24.7637187 ], [ 121.0059759, 24.7634515 ], [ 121.0064546, 24.7633052 ], [ 121.0063542, 24.7629681 ], [ 121.0058478, 24.7614333 ], [ 121.0061689, 24.7613636 ], [ 121.0064495, 24.7612906 ], [ 121.0076384, 24.7627073 ], [ 121.007928, 24.7631186 ], [ 121.0081545, 24.7636317 ], [ 121.0083227, 24.7642587 ], [ 121.0083687, 24.7647504 ], [ 121.0083227, 24.7652935 ], [ 121.0082661, 24.7656824 ], [ 121.008213, 24.7659555 ], [ 121.0081387, 24.7664729 ], [ 121.0075547, 24.7664601 ], [ 121.0069849, 24.7664697 ], [ 121.006497, 24.7664845 ], [ 121.0062639, 24.7664934 ], [ 121.0059293, 24.7666091 ], [ 121.0055347, 24.7667579 ], [ 121.005017, 24.7669297 ], [ 121.0045421, 24.7670918 ], [ 121.0042337, 24.767207 ], [ 121.0039753, 24.7673001 ], [ 121.0033942, 24.7675137 ], [ 121.0027942, 24.7677397 ], [ 121.0024731, 24.7667764 ], [ 121.002212, 24.7661969 ], [ 121.0020704, 24.7658541 ], [ 121.0014234, 24.7651601 ], [ 121.0014283, 24.7651016 ] ] ] } },
{ "type": "Feature", "properties": { "element": "way", "id": 1452928237, "name": "華邦電子竹北大樓", "landuse": "industrial" }, "geometry": { "type": "Polygon", "coordinates": [ [ [ 121.0375147, 24.8074032 ], [ 121.0373055, 24.8067969 ], [ 121.03794, 24.8066117 ], [ 121.0381697, 24.8072261 ], [ 121.0375147, 24.8074032 ] ] ] } },
{ "type": "Feature", "properties": { "element": "way", "id": 1452928238, "name": "慧榮科技竹北總部", "landuse": "industrial" }, "geometry": { "type": "Polygon", "coordinates": [ [ [ 121.0367285, 24.8083344 ], [ 121.0375073, 24.8080617 ], [ 121.037333, 24.8076515 ], [ 121.0365541, 24.8079241 ], [ 121.0367285, 24.8083344 ] ] ] } },
{ "type": "Feature", "properties": { "element": "way", "id": 1462642321, "name": "邱信達機械公司", "landuse": "industrial" }, "geometry": { "type": "Polygon", "coordinates": [ [ [ 121.285309, 24.9390877 ], [ 121.2857958, 24.9394234 ], [ 121.2859071, 24.9395109 ], [ 121.2858012, 24.9396654 ], [ 121.2858428, 24.9397067 ], [ 121.2857771, 24.9397809 ], [ 121.2857556, 24.939776 ], [ 121.285533, 24.9399852 ], [ 121.2854941, 24.9400156 ], [ 121.2851441, 24.9397845 ], [ 121.2851695, 24.9396848 ], [ 121.2852715, 24.9392203 ], [ 121.285309, 24.9390877 ] ] ] } },
{ "type": "Feature", "properties": { "element": "way", "id": 1464042420, "name": "南茂科技 竹北二廠", "landuse": "industrial" }, "geometry": { "type": "Polygon", "coordinates": [ [ [ 121.0110975, 24.8478296 ], [ 121.0116716, 24.848436 ], [ 121.0120261, 24.8479225 ], [ 121.0115154, 24.8474872 ], [ 121.0110975, 24.8478296 ] ] ] } },
{ "type": "Feature", "properties": { "element": "way", "id": 1464042455, "name": "興祥機械工程", "landuse": "industrial" }, "geometry": { "type": "Polygon", "coordinates": [ [ [ 121.0040537, 24.8496844 ], [ 121.0038781, 24.849141 ], [ 121.0046681, 24.8492669 ], [ 121.004622, 24.849435 ], [ 121.0043325, 24.8494053 ], [ 121.0042717, 24.8497236 ], [ 121.0040537, 24.8496844 ] ] ] } },
{ "type": "Feature", "properties": { "element": "way", "id": 1474301484, "name": "大溪淨水場", "landuse": "industrial" }, "geometry": { "type": "Polygon", "coordinates": [ [ [ 121.2950879, 24.8738723 ], [ 121.2949299, 24.8736301 ], [ 121.2956732, 24.8735046 ], [ 121.2961944, 24.8733637 ], [ 121.2963205, 24.8735861 ], [ 121.2957735, 24.8738478 ], [ 121.2950879, 24.8738723 ] ] ] } },
{ "type": "Feature", "properties": { "element": "way", "id": 1474845999, "name": null, "landuse": "industrial" }, "geometry": { "type": "Polygon", "coordinates": [ [ [ 121.1977833, 24.9533656 ], [ 121.1980318, 24.9532975 ], [ 121.1978912, 24.9528539 ], [ 121.1984922, 24.9526303 ], [ 121.1986405, 24.9529971 ], [ 121.1993051, 24.9528486 ], [ 121.1994342, 24.9529744 ], [ 121.1995247, 24.9530303 ], [ 121.1996519, 24.9530565 ], [ 121.2000256, 24.953039 ], [ 121.2002355, 24.9529656 ], [ 121.2002914, 24.9529953 ], [ 121.2003242, 24.9530704 ], [ 121.2005938, 24.9529901 ], [ 121.2006208, 24.9530407 ], [ 121.2008712, 24.9529936 ], [ 121.2008712, 24.9531263 ], [ 121.2006536, 24.9531962 ], [ 121.2006555, 24.9532276 ], [ 121.2002298, 24.9533883 ], [ 121.199727, 24.9533586 ], [ 121.199673, 24.9533167 ], [ 121.1995787, 24.9533516 ], [ 121.1990373, 24.9535158 ], [ 121.1988967, 24.9535141 ], [ 121.1988428, 24.9535437 ], [ 121.1988717, 24.9535926 ], [ 121.1988948, 24.9538581 ], [ 121.1988563, 24.9539227 ], [ 121.1988139, 24.9539839 ], [ 121.1988409, 24.9540555 ], [ 121.198916, 24.9541096 ], [ 121.1993302, 24.9544746 ], [ 121.1994168, 24.954431 ], [ 121.1999986, 24.9547488 ], [ 121.2000757, 24.9548781 ], [ 121.2000121, 24.9550231 ], [ 121.1996384, 24.955402 ], [ 121.1993032, 24.9552903 ], [ 121.1986424, 24.9548501 ], [ 121.1979547, 24.9538075 ], [ 121.1977833, 24.9533656 ] ] ] } },
{ "type": "Feature", "properties": { "element": "way", "id": 1474872316, "name": null, "landuse": "industrial" }, "geometry": { "type": "Polygon", "coordinates": [ [ [ 121.2505851, 24.9596515 ], [ 121.2505941, 24.9597397 ], [ 121.2506405, 24.9598103 ], [ 121.2511587, 24.9600982 ], [ 121.251593, 24.960219 ], [ 121.2517608, 24.9599543 ], [ 121.2514597, 24.9597411 ], [ 121.2515406, 24.9596474 ], [ 121.2504922, 24.9588952 ], [ 121.2504218, 24.9589889 ], [ 121.2503589, 24.9594492 ], [ 121.2505327, 24.9595211 ], [ 121.2505761, 24.9595754 ], [ 121.2505851, 24.9596515 ] ] ] } },
{ "type": "Feature", "properties": { "element": "way", "id": 1487861064, "name": "山健包裝", "landuse": "industrial" }, "geometry": { "type": "Polygon", "coordinates": [ [ [ 121.1084483, 24.7375802 ], [ 121.1081371, 24.7377907 ], [ 121.107678, 24.7372236 ], [ 121.106972, 24.7377186 ], [ 121.1068819, 24.7376367 ], [ 121.1072037, 24.7374126 ], [ 121.1071351, 24.7372509 ], [ 121.1064141, 24.7370228 ], [ 121.1073818, 24.7360387 ], [ 121.1076179, 24.7362725 ], [ 121.1075535, 24.7363193 ], [ 121.108047, 24.7369176 ], [ 121.107959, 24.7369722 ], [ 121.1084483, 24.7375802 ] ] ] } },
{ "type": "Feature", "properties": { "element": "way", "id": 1487861068, "name": "衍慶工業社", "landuse": "industrial" }, "geometry": { "type": "Polygon", "coordinates": [ [ [ 121.10868, 24.7356416 ], [ 121.1091231, 24.7361971 ], [ 121.1088442, 24.7364169 ], [ 121.1086191, 24.7361341 ], [ 121.1086503, 24.735945 ], [ 121.1084917, 24.7357727 ], [ 121.10868, 24.7356416 ] ] ] } },
{ "type": "Feature", "properties": { "element": "way", "id": 1488991709, "name": null, "landuse": "industrial" }, "geometry": { "type": "Polygon", "coordinates": [ [ [ 121.1901295, 24.9022316 ], [ 121.1901047, 24.9017726 ], [ 121.1901118, 24.9016634 ], [ 121.1901259, 24.9014933 ], [ 121.1901719, 24.9013488 ], [ 121.1901082, 24.9010021 ], [ 121.1900835, 24.9007614 ], [ 121.1900339, 24.9003665 ], [ 121.1899844, 24.9002253 ], [ 121.1898994, 24.899564 ], [ 121.189864, 24.8991755 ], [ 121.1898251, 24.8990632 ], [ 121.1897154, 24.8987068 ], [ 121.189588, 24.8983473 ], [ 121.189542, 24.8981771 ], [ 121.1895915, 24.8981675 ], [ 121.1896234, 24.898251 ], [ 121.18968, 24.8982767 ], [ 121.189864, 24.8982221 ], [ 121.1900764, 24.8986234 ], [ 121.1902569, 24.8989669 ], [ 121.1903135, 24.8992718 ], [ 121.1902923, 24.8998112 ], [ 121.1903206, 24.9001579 ], [ 121.190356, 24.9003794 ], [ 121.1904091, 24.900694 ], [ 121.190448, 24.9008673 ], [ 121.1905117, 24.9011402 ], [ 121.1905294, 24.9012044 ], [ 121.1906533, 24.9014098 ], [ 121.190763, 24.9015896 ], [ 121.1907205, 24.9017373 ], [ 121.190717, 24.9022188 ], [ 121.1901295, 24.9022316 ] ] ] } },
{ "type": "Feature", "properties": { "element": "way", "id": 1488991710, "name": null, "landuse": "industrial" }, "geometry": { "type": "Polygon", "coordinates": [ [ [ 121.1893438, 24.9016281 ], [ 121.189595, 24.9008802 ], [ 121.1900056, 24.9008834 ], [ 121.1900268, 24.9012172 ], [ 121.1899702, 24.9015414 ], [ 121.1899844, 24.9016666 ], [ 121.1893438, 24.9016281 ] ] ] } },
{ "type": "Feature", "properties": { "element": "way", "id": 1488991711, "name": null, "landuse": "industrial" }, "geometry": { "type": "Polygon", "coordinates": [ [ [ 121.1885545, 24.8986715 ], [ 121.1883811, 24.8979171 ], [ 121.1893898, 24.8978048 ], [ 121.1895066, 24.898328 ], [ 121.1897366, 24.8990086 ], [ 121.1897897, 24.8991884 ], [ 121.1899313, 24.9003826 ], [ 121.1898463, 24.9003729 ], [ 121.1897755, 24.9002124 ], [ 121.1897402, 24.900145 ], [ 121.1896658, 24.8999974 ], [ 121.1895915, 24.89984 ], [ 121.1895101, 24.8996988 ], [ 121.1893862, 24.8995704 ], [ 121.1892517, 24.8993874 ], [ 121.1891456, 24.8992237 ], [ 121.1890075, 24.8991178 ], [ 121.1889014, 24.8990054 ], [ 121.1888377, 24.8989283 ], [ 121.1887633, 24.8988962 ], [ 121.1887067, 24.8988995 ], [ 121.1885545, 24.8986715 ] ] ] } },
{ "type": "Feature", "properties": { "element": "way", "id": 1488991713, "name": null, "landuse": "industrial" }, "geometry": { "type": "Polygon", "coordinates": [ [ [ 121.1961203, 24.8989672 ], [ 121.1959882, 24.8989027 ], [ 121.195913, 24.8987515 ], [ 121.196287, 24.8983182 ], [ 121.1963602, 24.8981633 ], [ 121.1966976, 24.8982112 ], [ 121.1965736, 24.8984546 ], [ 121.1964903, 24.8985671 ], [ 121.1961589, 24.8989764 ], [ 121.1961203, 24.8989672 ] ] ] } },
{ "type": "Feature", "properties": { "element": "way", "id": 1488991714, "name": null, "landuse": "industrial" }, "geometry": { "type": "Polygon", "coordinates": [ [ [ 121.1963785, 24.8980877 ], [ 121.1964069, 24.8980268 ], [ 121.1963744, 24.8979863 ], [ 121.1962545, 24.8980287 ], [ 121.196102, 24.8977742 ], [ 121.1965147, 24.8975862 ], [ 121.1967708, 24.8979642 ], [ 121.1967667, 24.8981319 ], [ 121.1963785, 24.8980877 ] ] ] } },
{ "type": "Feature", "properties": { "element": "way", "id": 1525649230, "name": "供水設施", "landuse": "industrial" }, "geometry": { "type": "Polygon", "coordinates": [ [ [ 121.0439022, 24.8098933 ], [ 121.0439234, 24.8095671 ], [ 121.0449847, 24.8096238 ], [ 121.0449758, 24.8097611 ], [ 121.0447663, 24.80975 ], [ 121.0447533, 24.8099505 ], [ 121.0444534, 24.8099346 ], [ 121.044441, 24.8101272 ], [ 121.0442754, 24.810238 ], [ 121.044229, 24.8101809 ], [ 121.0442465, 24.8099117 ], [ 121.0439022, 24.8098933 ] ] ] } },
{ "type": "Feature", "properties": { "element": "way", "id": 1528054511, "name": "憶聲智匯科技園區", "landuse": "industrial" }, "geometry": { "type": "Polygon", "coordinates": [ [ [ 121.239215, 24.9866707 ], [ 121.2391721, 24.9866026 ], [ 121.2391573, 24.9865491 ], [ 121.2391546, 24.9864628 ], [ 121.2392203, 24.9864446 ], [ 121.2393169, 24.9864555 ], [ 121.2409551, 24.9869387 ], [ 121.2407841, 24.9874256 ], [ 121.2406285, 24.9873976 ], [ 121.2405695, 24.9873988 ], [ 121.2404837, 24.9874377 ], [ 121.2404408, 24.9874717 ], [ 121.2397206, 24.9872931 ], [ 121.2394604, 24.9873405 ], [ 121.239215, 24.9866707 ] ] ] } },
{ "type": "Feature", "properties": { "element": "way", "id": 1528521414, "name": null, "landuse": "industrial" }, "geometry": { "type": "Polygon", "coordinates": [ [ [ 121.2848814, 25.0072876 ], [ 121.2858952, 25.0068411 ], [ 121.2860024, 25.0055 ], [ 121.2853607, 25.0054607 ], [ 121.2853535, 25.0050825 ], [ 121.2850809, 25.0051262 ], [ 121.2850858, 25.005347 ], [ 121.2850061, 25.0055394 ], [ 121.2846154, 25.0054673 ], [ 121.2841522, 25.0056771 ], [ 121.2842632, 25.0058979 ], [ 121.2841691, 25.0059854 ], [ 121.2842559, 25.0061909 ], [ 121.2841474, 25.0067002 ], [ 121.2846395, 25.0067505 ], [ 121.2846323, 25.0069407 ], [ 121.2848814, 25.0072876 ] ] ] } },
{ "type": "Feature", "properties": { "element": "way", "id": 1528521483, "name": null, "landuse": "industrial" }, "geometry": { "type": "Polygon", "coordinates": [ [ [ 121.1713426, 24.9140729 ], [ 121.170735, 24.9138257 ], [ 121.1706982, 24.9138717 ], [ 121.1706669, 24.913921 ], [ 121.1706421, 24.9139708 ], [ 121.1706228, 24.9140227 ], [ 121.170258, 24.9143252 ], [ 121.1700933, 24.9143458 ], [ 121.1699173, 24.9143394 ], [ 121.1698946, 24.9143986 ], [ 121.1699613, 24.9144411 ], [ 121.1699869, 24.9145403 ], [ 121.1699698, 24.9145763 ], [ 121.1705263, 24.9148853 ], [ 121.1705206, 24.914987 ], [ 121.1707535, 24.9150656 ], [ 121.1708372, 24.9150269 ], [ 121.1708713, 24.9147862 ], [ 121.1709536, 24.9147385 ], [ 121.1710061, 24.9147604 ], [ 121.171283, 24.9143883 ], [ 121.1712773, 24.9142287 ], [ 121.1713426, 24.9140729 ] ] ] } },
{ "type": "Feature", "properties": { "element": "way", "id": 1529036932, "name": null, "landuse": "industrial" }, "geometry": { "type": "Polygon", "coordinates": [ [ [ 121.2226793, 24.9841359 ], [ 121.2249571, 24.9843852 ], [ 121.2250216, 24.9842838 ], [ 121.2250576, 24.9838041 ], [ 121.2249192, 24.9836786 ], [ 121.2248737, 24.9831904 ], [ 121.2250311, 24.9831526 ], [ 121.2250311, 24.9830855 ], [ 121.2251013, 24.9830701 ], [ 121.2250994, 24.9829807 ], [ 121.2252454, 24.982948 ], [ 121.2251942, 24.9826196 ], [ 121.2253667, 24.9824306 ], [ 121.2254137, 24.9817086 ], [ 121.2246841, 24.9818812 ], [ 121.2245983, 24.9810497 ], [ 121.2242442, 24.9811056 ], [ 121.2241101, 24.9801598 ], [ 121.2239358, 24.9801987 ], [ 121.2239224, 24.9804248 ], [ 121.223689, 24.9804613 ], [ 121.2237239, 24.9807117 ], [ 121.2236005, 24.980736 ], [ 121.2236702, 24.981198 ], [ 121.2231606, 24.9812831 ], [ 121.2229112, 24.981108 ], [ 121.2228656, 24.9812101 ], [ 121.2228395, 24.9818598 ], [ 121.2230596, 24.981877 ], [ 121.2229941, 24.9821624 ], [ 121.2229707, 24.9827474 ], [ 121.2227874, 24.9827434 ], [ 121.2226793, 24.9841359 ] ] ] } },
{ "type": "Feature", "properties": { "element": "way", "id": 1530615309, "name": null, "landuse": "industrial" }, "geometry": { "type": "Polygon", "coordinates": [ [ [ 121.2427258, 25.0024757 ], [ 121.2426845, 25.0024979 ], [ 121.2424665, 25.0024996 ], [ 121.2419384, 25.0022151 ], [ 121.2426939, 25.000471 ], [ 121.2427634, 25.0004096 ], [ 121.2431675, 25.0002717 ], [ 121.2433367, 25.00058 ], [ 121.2430115, 25.000781 ], [ 121.2429645, 25.0008508 ], [ 121.242848, 25.0014844 ], [ 121.2428067, 25.0015219 ], [ 121.2427277, 25.0017314 ], [ 121.2428518, 25.0017791 ], [ 121.2427258, 25.0024757 ] ] ] } },
{ "type": "Feature", "properties": { "element": "way", "id": 1530615310, "name": null, "landuse": "industrial" }, "geometry": { "type": "Polygon", "coordinates": [ [ [ 121.2422244, 25.0046773 ], [ 121.2422158, 25.0049518 ], [ 121.2429654, 25.0049711 ], [ 121.242974, 25.0046965 ], [ 121.2422244, 25.0046773 ] ] ] } },
{ "type": "Feature", "properties": { "element": "way", "id": 1530615311, "name": null, "landuse": "industrial" }, "geometry": { "type": "Polygon", "coordinates": [ [ [ 121.2762662, 24.994282 ], [ 121.2760684, 24.9941566 ], [ 121.2761285, 24.9937325 ], [ 121.2762807, 24.9934378 ], [ 121.2776696, 24.9937631 ], [ 121.2776001, 24.9943729 ], [ 121.2781338, 24.9944666 ], [ 121.2783481, 24.9950526 ], [ 121.2784759, 24.9952757 ], [ 121.2785765, 24.9954419 ], [ 121.2786807, 24.9956062 ], [ 121.2789946, 24.9959605 ], [ 121.2792182, 24.9961428 ], [ 121.2794666, 24.9963403 ], [ 121.2791769, 24.99648 ], [ 121.2790919, 24.996716 ], [ 121.2788179, 24.99671 ], [ 121.2788217, 24.9963165 ], [ 121.27823, 24.9962496 ], [ 121.27838, 24.9952853 ], [ 121.2775073, 24.9951692 ], [ 121.2775493, 24.9948005 ], [ 121.2773783, 24.9947664 ], [ 121.2773542, 24.9946283 ], [ 121.276774, 24.9945805 ], [ 121.2767763, 24.9944952 ], [ 121.2765291, 24.9944272 ], [ 121.2762662, 24.994282 ] ] ] } },
{ "type": "Feature", "properties": { "element": "way", "id": 1530615316, "name": null, "landuse": "industrial" }, "geometry": { "type": "Polygon", "coordinates": [ [ [ 121.2131592, 25.0357861 ], [ 121.2131918, 25.0358388 ], [ 121.2132188, 25.035894 ], [ 121.2132399, 25.0359513 ], [ 121.2132549, 25.0360101 ], [ 121.2132648, 25.0360828 ], [ 121.2132654, 25.036156 ], [ 121.2132567, 25.0362288 ], [ 121.2132389, 25.0363003 ], [ 121.2131858, 25.0364604 ], [ 121.2128934, 25.0369926 ], [ 121.2123964, 25.0370926 ], [ 121.2121878, 25.0370697 ], [ 121.2120642, 25.0369228 ], [ 121.2118369, 25.0370323 ], [ 121.2116309, 25.0372358 ], [ 121.2113053, 25.0374164 ], [ 121.2111711, 25.0374514 ], [ 121.2111286, 25.0375369 ], [ 121.2109665, 25.0375031 ], [ 121.2090063, 25.037827 ], [ 121.2083591, 25.0379234 ], [ 121.2082913, 25.0378017 ], [ 121.2083349, 25.0377472 ], [ 121.2083842, 25.0376969 ], [ 121.2084388, 25.0376512 ], [ 121.208492, 25.0376145 ], [ 121.2085485, 25.0375823 ], [ 121.2086081, 25.0375547 ], [ 121.2086701, 25.037532 ], [ 121.2097198, 25.0372408 ], [ 121.2099989, 25.0371471 ], [ 121.2102139, 25.0370684 ], [ 121.2104266, 25.0369847 ], [ 121.2106369, 25.036896 ], [ 121.2131592, 25.0357861 ] ] ] } },
{ "type": "Feature", "properties": { "element": "way", "id": 1530615317, "name": null, "landuse": "industrial" }, "geometry": { "type": "Polygon", "coordinates": [ [ [ 121.2128064, 25.0354224 ], [ 121.2130313, 25.0356121 ], [ 121.2130538, 25.0356785 ], [ 121.2130369, 25.0357244 ], [ 121.211041, 25.036644 ], [ 121.2102046, 25.0369999 ], [ 121.2098081, 25.0371412 ], [ 121.2086726, 25.0374508 ], [ 121.2085982, 25.0374724 ], [ 121.2085265, 25.0375003 ], [ 121.2084581, 25.0375345 ], [ 121.2083937, 25.0375745 ], [ 121.2083338, 25.0376199 ], [ 121.2082746, 25.0376751 ], [ 121.2082222, 25.0377355 ], [ 121.208169, 25.037632 ], [ 121.207781, 25.0377765 ], [ 121.207672, 25.0376994 ], [ 121.2076813, 25.0376476 ], [ 121.2081305, 25.0370709 ], [ 121.2084229, 25.0371973 ], [ 121.2086335, 25.0368466 ], [ 121.2101407, 25.0360122 ], [ 121.2105147, 25.0358709 ], [ 121.210605, 25.0360633 ], [ 121.2113022, 25.0358368 ], [ 121.2113755, 25.0359867 ], [ 121.2114451, 25.0359833 ], [ 121.2118623, 25.0356955 ], [ 121.2119694, 25.0354401 ], [ 121.2128064, 25.0354224 ] ] ] } },
{ "type": "Feature", "properties": { "element": "way", "id": 1530615322, "name": null, "landuse": "industrial" }, "geometry": { "type": "Polygon", "coordinates": [ [ [ 121.2015818, 24.9713479 ], [ 121.2019469, 24.9714714 ], [ 121.2020415, 24.9717646 ], [ 121.202295, 24.9716857 ], [ 121.2027547, 24.9718932 ], [ 121.2029439, 24.9720664 ], [ 121.2031992, 24.9722602 ], [ 121.2034603, 24.97237 ], [ 121.2027581, 24.9732845 ], [ 121.2024823, 24.9731125 ], [ 121.202662, 24.9728879 ], [ 121.2024709, 24.9727593 ], [ 121.2022193, 24.973056 ], [ 121.2020415, 24.9729548 ], [ 121.2020055, 24.9730096 ], [ 121.2022628, 24.97314 ], [ 121.2023082, 24.9731863 ], [ 121.2023328, 24.9732669 ], [ 121.2023423, 24.9735944 ], [ 121.2024652, 24.9736802 ], [ 121.2021796, 24.9738928 ], [ 121.202068, 24.9739117 ], [ 121.201718, 24.9741106 ], [ 121.202085, 24.9746251 ], [ 121.2017293, 24.9748652 ], [ 121.2020207, 24.9751996 ], [ 121.2019696, 24.9752699 ], [ 121.2018164, 24.9752905 ], [ 121.2015629, 24.9754019 ], [ 121.2014361, 24.9753916 ], [ 121.2012848, 24.9754294 ], [ 121.2014456, 24.9756369 ], [ 121.2014607, 24.9758169 ], [ 121.2010048, 24.9761633 ], [ 121.2007626, 24.9761925 ], [ 121.2005943, 24.9760742 ], [ 121.2005489, 24.9758718 ], [ 121.2007967, 24.9757775 ], [ 121.2006926, 24.9756883 ], [ 121.2007721, 24.9755751 ], [ 121.2005678, 24.9754877 ], [ 121.2006378, 24.9753402 ], [ 121.200687, 24.9753488 ], [ 121.2011599, 24.9745925 ], [ 121.2010691, 24.9745633 ], [ 121.2009159, 24.9747811 ], [ 121.200494, 24.9744776 ], [ 121.2005148, 24.9744004 ], [ 121.2006037, 24.9744416 ], [ 121.2011732, 24.9740454 ], [ 121.2009178, 24.9738242 ], [ 121.2011107, 24.9735721 ], [ 121.2010199, 24.9735121 ], [ 121.2009499, 24.9735258 ], [ 121.2007797, 24.9736236 ], [ 121.2006567, 24.9737453 ], [ 121.2004373, 24.973555 ], [ 121.200617, 24.9732669 ], [ 121.2005754, 24.9729822 ], [ 121.200634, 24.972929 ], [ 121.2007986, 24.9729119 ], [ 121.2008459, 24.972869 ], [ 121.2010275, 24.9724626 ], [ 121.2010691, 24.9724472 ], [ 121.2011713, 24.9724472 ], [ 121.2012034, 24.9723151 ], [ 121.2013245, 24.9721402 ], [ 121.2015818, 24.9713479 ] ] ] } },
{ "type": "Feature", "properties": { "element": "way", "id": 1530615323, "name": null, "landuse": "industrial" }, "geometry": { "type": "Polygon", "coordinates": [ [ [ 121.2880792, 24.9496687 ], [ 121.2884546, 24.9495767 ], [ 121.2884852, 24.9496483 ], [ 121.2886898, 24.9496979 ], [ 121.2887543, 24.9495212 ], [ 121.2892891, 24.9495738 ], [ 121.2892633, 24.9496877 ], [ 121.2897354, 24.9499287 ], [ 121.2905457, 24.9508621 ], [ 121.2905956, 24.9510111 ], [ 121.2906101, 24.9511564 ], [ 121.2905314, 24.9511896 ], [ 121.2905091, 24.9512839 ], [ 121.2898145, 24.9522633 ], [ 121.2870547, 24.9507671 ], [ 121.2871384, 24.9506371 ], [ 121.287604, 24.9508957 ], [ 121.2876749, 24.9507598 ], [ 121.287923, 24.9505962 ], [ 121.2879455, 24.9505583 ], [ 121.2879069, 24.9505188 ], [ 121.2878972, 24.9504808 ], [ 121.2878988, 24.9504516 ], [ 121.2880648, 24.9498922 ], [ 121.2880792, 24.9496687 ] ] ] } },
{ "type": "Feature", "properties": { "element": "way", "id": 1530615325, "name": null, "landuse": "industrial" }, "geometry": { "type": "Polygon", "coordinates": [ [ [ 121.2794541, 24.9660721 ], [ 121.2797697, 24.9665923 ], [ 121.2804766, 24.9661968 ], [ 121.2803648, 24.9659291 ], [ 121.2803014, 24.9658542 ], [ 121.2802126, 24.9658231 ], [ 121.280125, 24.9658346 ], [ 121.2799798, 24.9658957 ], [ 121.2798887, 24.9659672 ], [ 121.2797386, 24.9660768 ], [ 121.2796259, 24.9661066 ], [ 121.2795463, 24.966094 ], [ 121.2794541, 24.9660721 ] ] ] } },
{ "type": "Feature", "properties": { "element": "way", "id": 1530615326, "name": null, "landuse": "industrial" }, "geometry": { "type": "Polygon", "coordinates": [ [ [ 121.2789487, 24.9653163 ], [ 121.279127, 24.9657332 ], [ 121.2796442, 24.9666079 ], [ 121.2796328, 24.9666492 ], [ 121.2788627, 24.9667793 ], [ 121.278824, 24.9667927 ], [ 121.2775333, 24.9666771 ], [ 121.2775117, 24.9666399 ], [ 121.2780015, 24.9656206 ], [ 121.2780773, 24.9655064 ], [ 121.278286, 24.9655553 ], [ 121.2783407, 24.9655407 ], [ 121.2783987, 24.9653494 ], [ 121.2785018, 24.9653202 ], [ 121.2789487, 24.9653163 ] ] ] } },
{ "type": "Feature", "properties": { "element": "way", "id": 1530615328, "name": null, "landuse": "industrial" }, "geometry": { "type": "Polygon", "coordinates": [ [ [ 121.2338356, 25.0133442 ], [ 121.2337028, 25.0139843 ], [ 121.2336615, 25.0140729 ], [ 121.2345926, 25.0142763 ], [ 121.234769, 25.0135313 ], [ 121.2346463, 25.0135089 ], [ 121.2343989, 25.0134594 ], [ 121.2338356, 25.0133442 ] ] ] } },
{ "type": "Feature", "properties": { "element": "way", "id": 1530615329, "name": null, "landuse": "industrial" }, "geometry": { "type": "Polygon", "coordinates": [ [ [ 121.2284257, 25.0146181 ], [ 121.2283858, 25.0147111 ], [ 121.2283038, 25.0148236 ], [ 121.2282445, 25.0148576 ], [ 121.2281648, 25.0148979 ], [ 121.2281819, 25.0150114 ], [ 121.2279438, 25.0150538 ], [ 121.2285635, 25.0159952 ], [ 121.2291855, 25.0168902 ], [ 121.229869, 25.0158373 ], [ 121.2298334, 25.0158124 ], [ 121.2295064, 25.0156452 ], [ 121.2294315, 25.0157557 ], [ 121.2293632, 25.0157165 ], [ 121.22928, 25.0158476 ], [ 121.22955, 25.0160138 ], [ 121.2295113, 25.0160819 ], [ 121.228797, 25.015701 ], [ 121.2289371, 25.0154884 ], [ 121.228895, 25.0154677 ], [ 121.2290795, 25.0151776 ], [ 121.2290807, 25.0151539 ], [ 121.2289918, 25.0150507 ], [ 121.2290566, 25.014948 ], [ 121.2284257, 25.0146181 ] ] ] } },
{ "type": "Feature", "properties": { "element": "way", "id": 1530615330, "name": null, "landuse": "industrial" }, "geometry": { "type": "Polygon", "coordinates": [ [ [ 121.2299277, 25.0149116 ], [ 121.2299446, 25.0147197 ], [ 121.2296997, 25.0147189 ], [ 121.2296916, 25.0148664 ], [ 121.2297649, 25.0148802 ], [ 121.2299179, 25.0149794 ], [ 121.2298342, 25.0153007 ], [ 121.2301315, 25.015427 ], [ 121.2303199, 25.0151065 ], [ 121.2299277, 25.0149116 ] ] ] } },
{ "type": "Feature", "properties": { "element": "way", "id": 1530615332, "name": null, "landuse": "industrial" }, "geometry": { "type": "Polygon", "coordinates": [ [ [ 121.2316102, 25.0168239 ], [ 121.2315309, 25.0169424 ], [ 121.2312065, 25.0167642 ], [ 121.2312857, 25.0166457 ], [ 121.2316102, 25.0168239 ] ] ] } },
{ "type": "Feature", "properties": { "element": "way", "id": 1530615333, "name": null, "landuse": "industrial" }, "geometry": { "type": "Polygon", "coordinates": [ [ [ 121.2328271, 25.0199987 ], [ 121.2332576, 25.0199557 ], [ 121.2338257, 25.019954 ], [ 121.2337661, 25.0207169 ], [ 121.2327901, 25.0206827 ], [ 121.2328271, 25.0199987 ] ] ] } },
{ "type": "Feature", "properties": { "element": "way", "id": 1530615334, "name": null, "landuse": "industrial" }, "geometry": { "type": "Polygon", "coordinates": [ [ [ 121.233874, 25.0200331 ], [ 121.2339926, 25.0200442 ], [ 121.2339869, 25.0201508 ], [ 121.2340997, 25.0203158 ], [ 121.2342154, 25.0203845 ], [ 121.2342571, 25.0203742 ], [ 121.2342875, 25.0203407 ], [ 121.2343358, 25.0203347 ], [ 121.2344259, 25.0203716 ], [ 121.2344041, 25.0205555 ], [ 121.2343814, 25.0205538 ], [ 121.2343643, 25.0207463 ], [ 121.2343406, 25.020748 ], [ 121.2343131, 25.0209328 ], [ 121.2342439, 25.0209448 ], [ 121.2342249, 25.0211112 ], [ 121.2341851, 25.0211493 ], [ 121.2341472, 25.0213737 ], [ 121.2341018, 25.0215881 ], [ 121.234076, 25.0215918 ], [ 121.2340665, 25.0216838 ], [ 121.2340371, 25.0216829 ], [ 121.2339565, 25.0221306 ], [ 121.2339015, 25.0222449 ], [ 121.2337517, 25.0222337 ], [ 121.233874, 25.0200331 ] ] ] } },
{ "type": "Feature", "properties": { "element": "way", "id": 1530615335, "name": null, "landuse": "industrial" }, "geometry": { "type": "Polygon", "coordinates": [ [ [ 121.2327602, 25.0211666 ], [ 121.2327366, 25.0215673 ], [ 121.2337143, 25.0216147 ], [ 121.2337379, 25.021214 ], [ 121.2327602, 25.0211666 ] ] ] } },
{ "type": "Feature", "properties": { "element": "way", "id": 1530615336, "name": null, "landuse": "industrial" }, "geometry": { "type": "Polygon", "coordinates": [ [ [ 121.2326072, 25.0195626 ], [ 121.2327617, 25.0198853 ], [ 121.231586, 25.0200883 ], [ 121.2315212, 25.0198038 ], [ 121.2322025, 25.0195122 ], [ 121.2322543, 25.0196062 ], [ 121.2326072, 25.0195626 ] ] ] } },
{ "type": "Feature", "properties": { "element": "way", "id": 1530615337, "name": null, "landuse": "industrial" }, "geometry": { "type": "Polygon", "coordinates": [ [ [ 121.2321272, 25.0163517 ], [ 121.233803, 25.0195248 ], [ 121.2338086, 25.0198328 ], [ 121.2334511, 25.0198217 ], [ 121.2330442, 25.0198449 ], [ 121.2328729, 25.0198711 ], [ 121.2315036, 25.0172729 ], [ 121.2321272, 25.0163517 ] ] ] } },
{ "type": "Feature", "properties": { "element": "way", "id": 1530615338, "name": null, "landuse": "industrial" }, "geometry": { "type": "Polygon", "coordinates": [ [ [ 121.2322359, 25.0143793 ], [ 121.2331458, 25.0145044 ], [ 121.2326194, 25.015262 ], [ 121.2324876, 25.0151117 ], [ 121.2323662, 25.0146949 ], [ 121.2322837, 25.0145737 ], [ 121.2322359, 25.0143793 ] ] ] } },
{ "type": "Feature", "properties": { "element": "way", "id": 1530615339, "name": null, "landuse": "industrial" }, "geometry": { "type": "Polygon", "coordinates": [ [ [ 121.2316569, 25.0132082 ], [ 121.2323947, 25.0132047 ], [ 121.2324098, 25.0133397 ], [ 121.2323947, 25.0133629 ], [ 121.2321946, 25.0134359 ], [ 121.2321671, 25.013466 ], [ 121.2321576, 25.0134901 ], [ 121.2321557, 25.0137255 ], [ 121.232131, 25.0138673 ], [ 121.2321282, 25.0140907 ], [ 121.2318152, 25.0140461 ], [ 121.2318029, 25.0134325 ], [ 121.2316493, 25.0134265 ], [ 121.2316569, 25.0132082 ] ] ] } },
{ "type": "Feature", "properties": { "element": "way", "id": 1530615340, "name": null, "landuse": "industrial" }, "geometry": { "type": "Polygon", "coordinates": [ [ [ 121.2306748, 25.012837 ], [ 121.2310088, 25.0128467 ], [ 121.2310235, 25.0130388 ], [ 121.2310624, 25.0131943 ], [ 121.2312596, 25.013187 ], [ 121.2312327, 25.0133365 ], [ 121.2311992, 25.0133438 ], [ 121.2312086, 25.0134751 ], [ 121.2313548, 25.0134337 ], [ 121.2314688, 25.0136549 ], [ 121.2314889, 25.0139478 ], [ 121.2314098, 25.0139417 ], [ 121.2313803, 25.0139101 ], [ 121.2312019, 25.0138798 ], [ 121.2309913, 25.0137449 ], [ 121.230876, 25.0137303 ], [ 121.2306748, 25.012837 ] ] ] } },
{ "type": "Feature", "properties": { "element": "way", "id": 1530615341, "name": null, "landuse": "industrial" }, "geometry": { "type": "Polygon", "coordinates": [ [ [ 121.2332254, 25.0126436 ], [ 121.2332804, 25.0123729 ], [ 121.2332965, 25.0123591 ], [ 121.2334444, 25.0122861 ], [ 121.2334482, 25.0122672 ], [ 121.2334444, 25.0122577 ], [ 121.2333619, 25.0120781 ], [ 121.2333648, 25.0120489 ], [ 121.2335435, 25.0113592 ], [ 121.2337862, 25.0113701 ], [ 121.233854, 25.011364 ], [ 121.2339201, 25.0113493 ], [ 121.2339833, 25.0113264 ], [ 121.2340453, 25.0112938 ], [ 121.2341014, 25.0112534 ], [ 121.2341883, 25.0112005 ], [ 121.2342328, 25.0111967 ], [ 121.2338479, 25.0127519 ], [ 121.2332254, 25.0126436 ] ] ] } },
{ "type": "Feature", "properties": { "element": "way", "id": 1530615342, "name": null, "landuse": "industrial" }, "geometry": { "type": "Polygon", "coordinates": [ [ [ 121.2367624, 25.0189743 ], [ 121.2368835, 25.0182398 ], [ 121.2378516, 25.0183607 ], [ 121.237745, 25.0190998 ], [ 121.2367624, 25.0189743 ] ] ] } },
{ "type": "Feature", "properties": { "element": "way", "id": 1530615343, "name": null, "landuse": "industrial" }, "geometry": { "type": "Polygon", "coordinates": [ [ [ 121.2379063, 25.0180006 ], [ 121.2379319, 25.0178326 ], [ 121.2369638, 25.0177117 ], [ 121.2369383, 25.0178797 ], [ 121.2379063, 25.0180006 ] ] ] } },
{ "type": "Feature", "properties": { "element": "way", "id": 1530615344, "name": null, "landuse": "industrial" }, "geometry": { "type": "Polygon", "coordinates": [ [ [ 121.2380321, 25.0173895 ], [ 121.2370323, 25.017257 ], [ 121.2369981, 25.0174685 ], [ 121.237998, 25.0176011 ], [ 121.2380321, 25.0173895 ] ] ] } },
{ "type": "Feature", "properties": { "element": "way", "id": 1530615345, "name": null, "landuse": "industrial" }, "geometry": { "type": "Polygon", "coordinates": [ [ [ 121.2370947, 25.0168913 ], [ 121.2370506, 25.0171646 ], [ 121.2380403, 25.0172958 ], [ 121.2380844, 25.0170225 ], [ 121.2370947, 25.0168913 ] ] ] } },
{ "type": "Feature", "properties": { "element": "way", "id": 1530615346, "name": null, "landuse": "industrial" }, "geometry": { "type": "Polygon", "coordinates": [ [ [ 121.2371409, 25.0162099 ], [ 121.2361509, 25.0160707 ], [ 121.2360783, 25.0164944 ], [ 121.2370684, 25.0166336 ], [ 121.2371409, 25.0162099 ] ] ] } },
{ "type": "Feature", "properties": { "element": "way", "id": 1530615381, "name": null, "landuse": "industrial" }, "geometry": { "type": "Polygon", "coordinates": [ [ [ 121.242918, 25.0099563 ], [ 121.2439346, 25.0099718 ], [ 121.2439406, 25.0096449 ], [ 121.242924, 25.0096295 ], [ 121.242918, 25.0099563 ] ] ] } },
{ "type": "Feature", "properties": { "element": "way", "id": 1530615382, "name": null, "landuse": "industrial" }, "geometry": { "type": "Polygon", "coordinates": [ [ [ 121.2426951, 25.0129126 ], [ 121.2426329, 25.0132789 ], [ 121.2429683, 25.0134935 ], [ 121.2431383, 25.0134576 ], [ 121.2432186, 25.0129856 ], [ 121.2426951, 25.0129126 ] ] ] } },
{ "type": "Feature", "properties": { "element": "way", "id": 1530615383, "name": null, "landuse": "industrial" }, "geometry": { "type": "Polygon", "coordinates": [ [ [ 121.2405494, 25.0146527 ], [ 121.2405211, 25.0148227 ], [ 121.2415041, 25.0149569 ], [ 121.2415324, 25.014787 ], [ 121.2405494, 25.0146527 ] ] ] } },
{ "type": "Feature", "properties": { "element": "way", "id": 1530615384, "name": null, "landuse": "industrial" }, "geometry": { "type": "Polygon", "coordinates": [ [ [ 121.2384761, 25.0144104 ], [ 121.2387426, 25.014407 ], [ 121.2386857, 25.0148169 ], [ 121.2384202, 25.0147842 ], [ 121.2384761, 25.0144104 ] ] ] } },
{ "type": "Feature", "properties": { "element": "way", "id": 1530615385, "name": null, "landuse": "industrial" }, "geometry": { "type": "Polygon", "coordinates": [ [ [ 121.2373173, 25.0153722 ], [ 121.2373408, 25.0153751 ], [ 121.2383232, 25.0154985 ], [ 121.2383512, 25.0153155 ], [ 121.2373453, 25.0151892 ], [ 121.2373173, 25.0153722 ] ] ] } },
{ "type": "Feature", "properties": { "element": "way", "id": 1530615386, "name": null, "landuse": "industrial" }, "geometry": { "type": "Polygon", "coordinates": [ [ [ 121.2416008, 25.0033474 ], [ 121.2422459, 25.0034774 ], [ 121.2420648, 25.003853 ], [ 121.2420179, 25.0038615 ], [ 121.2414519, 25.0038518 ], [ 121.2416008, 25.0033474 ] ] ] } },
{ "type": "Feature", "properties": { "element": "way", "id": 1530615387, "name": null, "landuse": "industrial" }, "geometry": { "type": "Polygon", "coordinates": [ [ [ 121.2430049, 25.0040827 ], [ 121.2430118, 25.0037907 ], [ 121.2424472, 25.0037798 ], [ 121.2424403, 25.0040718 ], [ 121.2430049, 25.0040827 ] ] ] } },
{ "type": "Feature", "properties": { "element": "way", "id": 1530615388, "name": null, "landuse": "industrial" }, "geometry": { "type": "Polygon", "coordinates": [ [ [ 121.2450112, 25.0045956 ], [ 121.2440121, 25.0031104 ], [ 121.2439303, 25.0031395 ], [ 121.2430613, 25.0031092 ], [ 121.2430505, 25.0040803 ], [ 121.2434929, 25.0040858 ], [ 121.2435049, 25.0036131 ], [ 121.2440631, 25.0036075 ], [ 121.2440403, 25.0045895 ], [ 121.2450112, 25.0045956 ] ] ] } },
{ "type": "Feature", "properties": { "element": "way", "id": 1530615389, "name": null, "landuse": "industrial" }, "geometry": { "type": "Polygon", "coordinates": [ [ [ 121.2440442, 25.0046996 ], [ 121.2430335, 25.0046803 ], [ 121.2430226, 25.0051471 ], [ 121.2440333, 25.0051663 ], [ 121.2440442, 25.0046996 ] ] ] } },
{ "type": "Feature", "properties": { "element": "way", "id": 1530615390, "name": null, "landuse": "industrial" }, "geometry": { "type": "Polygon", "coordinates": [ [ [ 121.2450327, 25.0054101 ], [ 121.2450383, 25.0050551 ], [ 121.244236, 25.0050448 ], [ 121.2442304, 25.0053998 ], [ 121.2450327, 25.0054101 ] ] ] } },
{ "type": "Feature", "properties": { "element": "way", "id": 1530615391, "name": null, "landuse": "industrial" }, "geometry": { "type": "Polygon", "coordinates": [ [ [ 121.2450641, 25.0070348 ], [ 121.2451024, 25.0047196 ], [ 121.2451306, 25.0047257 ], [ 121.2452875, 25.0049542 ], [ 121.2453143, 25.0049687 ], [ 121.2460747, 25.0049712 ], [ 121.2460607, 25.0061028 ], [ 121.247119, 25.0061371 ], [ 121.247045, 25.0081241 ], [ 121.2469957, 25.0081585 ], [ 121.246954, 25.0081757 ], [ 121.2464419, 25.0080983 ], [ 121.2462484, 25.0077597 ], [ 121.2460967, 25.0076205 ], [ 121.2460967, 25.007067 ], [ 121.2450641, 25.0070348 ] ] ] } },
{ "type": "Feature", "properties": { "element": "way", "id": 1530615392, "name": null, "landuse": "industrial" }, "geometry": { "type": "Polygon", "coordinates": [ [ [ 121.2486564, 25.0107855 ], [ 121.2488978, 25.0108439 ], [ 121.2488656, 25.0110967 ], [ 121.2486966, 25.0117578 ], [ 121.248372, 25.0116873 ], [ 121.2486564, 25.0107855 ] ] ] } },
{ "type": "Feature", "properties": { "element": "way", "id": 1530615393, "name": null, "landuse": "industrial" }, "geometry": { "type": "Polygon", "coordinates": [ [ [ 121.2500635, 25.0107237 ], [ 121.2500846, 25.0098777 ], [ 121.249579, 25.0098728 ], [ 121.2495737, 25.0099627 ], [ 121.2490976, 25.0099579 ], [ 121.2490413, 25.0107163 ], [ 121.2500635, 25.0107237 ] ] ] } },
{ "type": "Feature", "properties": { "element": "way", "id": 1530615394, "name": null, "landuse": "industrial" }, "geometry": { "type": "Polygon", "coordinates": [ [ [ 121.2513359, 25.0099873 ], [ 121.2501432, 25.0099605 ], [ 121.2501487, 25.0097589 ], [ 121.2510624, 25.0097795 ], [ 121.2510617, 25.0098065 ], [ 121.2513406, 25.0098128 ], [ 121.2513359, 25.0099873 ] ] ] } },
{ "type": "Feature", "properties": { "element": "way", "id": 1530615395, "name": null, "landuse": "industrial" }, "geometry": { "type": "Polygon", "coordinates": [ [ [ 121.2523811, 25.0104874 ], [ 121.2522423, 25.0109262 ], [ 121.2531365, 25.0111567 ], [ 121.2531673, 25.0110592 ], [ 121.2526407, 25.0109223 ], [ 121.2527481, 25.0105828 ], [ 121.2523811, 25.0104874 ] ] ] } },
{ "type": "Feature", "properties": { "element": "way", "id": 1530615396, "name": null, "landuse": "industrial" }, "geometry": { "type": "Polygon", "coordinates": [ [ [ 121.2534863, 25.0102803 ], [ 121.252703, 25.0100741 ], [ 121.2527508, 25.0099251 ], [ 121.2529101, 25.009967 ], [ 121.2529345, 25.0098906 ], [ 121.2535585, 25.0100549 ], [ 121.2534863, 25.0102803 ] ] ] } },
{ "type": "Feature", "properties": { "element": "way", "id": 1530615397, "name": null, "landuse": "industrial" }, "geometry": { "type": "Polygon", "coordinates": [ [ [ 121.2547208, 25.0128565 ], [ 121.2550306, 25.0125077 ], [ 121.2550762, 25.0124238 ], [ 121.2551795, 25.0121589 ], [ 121.254171, 25.0118915 ], [ 121.2541737, 25.011934 ], [ 121.2543896, 25.0121868 ], [ 121.2544057, 25.0122015 ], [ 121.2544184, 25.0122187 ], [ 121.2544271, 25.0122379 ], [ 121.2544321, 25.0122663 ], [ 121.2544285, 25.012295 ], [ 121.2544231, 25.0123679 ], [ 121.2543829, 25.0124153 ], [ 121.2543748, 25.0124676 ], [ 121.2543896, 25.0125125 ], [ 121.2543561, 25.0126669 ], [ 121.2543654, 25.0126948 ], [ 121.2543681, 25.0127483 ], [ 121.2547208, 25.0128565 ] ] ] } },
{ "type": "Feature", "properties": { "element": "way", "id": 1530615398, "name": null, "landuse": "industrial" }, "geometry": { "type": "Polygon", "coordinates": [ [ [ 121.2551983, 25.0124432 ], [ 121.2555952, 25.0115743 ], [ 121.2560888, 25.0117639 ], [ 121.2558943, 25.0121844 ], [ 121.2558313, 25.0121795 ], [ 121.2555684, 25.0126231 ], [ 121.2551983, 25.0124432 ] ] ] } },
{ "type": "Feature", "properties": { "element": "way", "id": 1530615399, "name": null, "landuse": "industrial" }, "geometry": { "type": "Polygon", "coordinates": [ [ [ 121.2543289, 25.0134548 ], [ 121.2547528, 25.0129615 ], [ 121.2548258, 25.0130269 ], [ 121.2548467, 25.0131205 ], [ 121.254823, 25.0132168 ], [ 121.2545319, 25.0135897 ], [ 121.2543289, 25.0134548 ] ] ] } },
{ "type": "Feature", "properties": { "element": "way", "id": 1530615400, "name": null, "landuse": "industrial" }, "geometry": { "type": "Polygon", "coordinates": [ [ [ 121.2564729, 25.0154498 ], [ 121.2566158, 25.0149711 ], [ 121.2569678, 25.0151253 ], [ 121.2569986, 25.0152857 ], [ 121.2570992, 25.0153805 ], [ 121.2571502, 25.0154498 ], [ 121.257122, 25.0155628 ], [ 121.2564729, 25.0154498 ] ] ] } },
{ "type": "Feature", "properties": { "element": "way", "id": 1530615401, "name": null, "landuse": "industrial" }, "geometry": { "type": "Polygon", "coordinates": [ [ [ 121.2541516, 25.0157742 ], [ 121.2547414, 25.0140418 ], [ 121.2550942, 25.0141879 ], [ 121.255244, 25.0139507 ], [ 121.2554659, 25.0141329 ], [ 121.2556803, 25.0142274 ], [ 121.2556423, 25.0143322 ], [ 121.2558946, 25.0144508 ], [ 121.2558567, 25.0145694 ], [ 121.256353, 25.014835 ], [ 121.2561813, 25.0153369 ], [ 121.2558263, 25.0152552 ], [ 121.2557713, 25.0155817 ], [ 121.2553104, 25.0154717 ], [ 121.2552478, 25.0157141 ], [ 121.2548951, 25.0156453 ], [ 121.2548287, 25.0158481 ], [ 121.2546144, 25.0157966 ], [ 121.2544209, 25.0158086 ], [ 121.2541516, 25.0157742 ] ] ] } },
{ "type": "Feature", "properties": { "element": "way", "id": 1530615402, "name": null, "landuse": "industrial" }, "geometry": { "type": "Polygon", "coordinates": [ [ [ 121.2752284, 25.0309228 ], [ 121.2751982, 25.0307557 ], [ 121.2750547, 25.0308055 ], [ 121.2748978, 25.0308031 ], [ 121.2749058, 25.0310703 ], [ 121.275229, 25.031052 ], [ 121.2752284, 25.0309228 ] ] ] } },
{ "type": "Feature", "properties": { "element": "way", "id": 1530615403, "name": null, "landuse": "industrial" }, "geometry": { "type": "Polygon", "coordinates": [ [ [ 121.2765647, 25.0284554 ], [ 121.2768987, 25.0285526 ], [ 121.2769684, 25.0283193 ], [ 121.2770301, 25.0283276 ], [ 121.2771135, 25.0283406 ], [ 121.2771091, 25.0284388 ], [ 121.2770784, 25.0286387 ], [ 121.2771106, 25.0289716 ], [ 121.277124, 25.029273 ], [ 121.2771374, 25.0293508 ], [ 121.2771132, 25.029623 ], [ 121.2771615, 25.0297396 ], [ 121.277309, 25.0297664 ], [ 121.277398, 25.0297908 ], [ 121.2772675, 25.0300813 ], [ 121.2771294, 25.0304847 ], [ 121.2770838, 25.0308322 ], [ 121.2771723, 25.0314374 ], [ 121.2767269, 25.0314975 ], [ 121.2765354, 25.031745 ], [ 121.2761997, 25.0317106 ], [ 121.27623, 25.0313635 ], [ 121.27623, 25.0312604 ], [ 121.2762148, 25.0312019 ], [ 121.2761826, 25.0311693 ], [ 121.2759019, 25.0310559 ], [ 121.2755415, 25.0307809 ], [ 121.2754429, 25.0306262 ], [ 121.2754391, 25.0305678 ], [ 121.2755589, 25.0304616 ], [ 121.2759488, 25.0297835 ], [ 121.2765647, 25.0284554 ] ] ] } },
{ "type": "Feature", "properties": { "element": "way", "id": 1530615404, "name": null, "landuse": "industrial" }, "geometry": { "type": "Polygon", "coordinates": [ [ [ 121.2744878, 25.0292279 ], [ 121.2753591, 25.0304288 ], [ 121.2753276, 25.0304694 ], [ 121.2752898, 25.0305054 ], [ 121.2752464, 25.0305358 ], [ 121.2752106, 25.0305547 ], [ 121.2751727, 25.0305698 ], [ 121.2750976, 25.0305892 ], [ 121.2741226, 25.0306609 ], [ 121.2740032, 25.0303425 ], [ 121.2739863, 25.0302986 ], [ 121.2739791, 25.0302526 ], [ 121.2739803, 25.0302165 ], [ 121.2739875, 25.030181 ], [ 121.2740006, 25.0301469 ], [ 121.2740631, 25.0300377 ], [ 121.2740713, 25.0300149 ], [ 121.2740868, 25.0299956 ], [ 121.2741044, 25.0299834 ], [ 121.2741248, 25.0299758 ], [ 121.2741422, 25.0299755 ], [ 121.2741587, 25.0299708 ], [ 121.2741731, 25.029962 ], [ 121.2741842, 25.02995 ], [ 121.274191, 25.0299355 ], [ 121.2741931, 25.0299199 ], [ 121.2742183, 25.0295353 ], [ 121.2742907, 25.0295195 ], [ 121.2744878, 25.0292279 ] ] ] } },
{ "type": "Feature", "properties": { "element": "way", "id": 1530615405, "name": null, "landuse": "industrial" }, "geometry": { "type": "Polygon", "coordinates": [ [ [ 121.2738629, 25.0297079 ], [ 121.2739958, 25.0299973 ], [ 121.273993, 25.0300548 ], [ 121.2739536, 25.0301603 ], [ 121.2739432, 25.030206 ], [ 121.2739415, 25.0302526 ], [ 121.2739455, 25.0302845 ], [ 121.2739536, 25.0303158 ], [ 121.274073, 25.0306658 ], [ 121.2739586, 25.0306782 ], [ 121.2738457, 25.0306989 ], [ 121.273735, 25.0307277 ], [ 121.2736478, 25.0307568 ], [ 121.2735628, 25.0307909 ], [ 121.2734805, 25.0308298 ], [ 121.2734011, 25.0308736 ], [ 121.2730569, 25.029703 ], [ 121.2737757, 25.0295268 ], [ 121.2738629, 25.0297079 ] ] ] } },
{ "type": "Feature", "properties": { "element": "way", "id": 1530615406, "name": null, "landuse": "industrial" }, "geometry": { "type": "Polygon", "coordinates": [ [ [ 121.2705966, 25.0324259 ], [ 121.2707452, 25.0321922 ], [ 121.2706825, 25.0321595 ], [ 121.2709498, 25.0317605 ], [ 121.2714031, 25.0320935 ], [ 121.2713259, 25.0322191 ], [ 121.2712113, 25.0324258 ], [ 121.271041, 25.032599 ], [ 121.2709471, 25.0326379 ], [ 121.2707423, 25.032543 ], [ 121.2705966, 25.0324259 ] ] ] } },
{ "type": "Feature", "properties": { "element": "way", "id": 1530615407, "name": null, "landuse": "industrial" }, "geometry": { "type": "Polygon", "coordinates": [ [ [ 121.2697852, 25.033904 ], [ 121.270366, 25.0341031 ], [ 121.2707148, 25.0332396 ], [ 121.269775, 25.0329271 ], [ 121.2697395, 25.0332077 ], [ 121.2697308, 25.0333873 ], [ 121.2697313, 25.0333973 ], [ 121.2697176, 25.0336835 ], [ 121.2697311, 25.0336992 ], [ 121.2697474, 25.0337322 ], [ 121.2698394, 25.0337646 ], [ 121.2697852, 25.033904 ] ] ] } },
{ "type": "Feature", "properties": { "element": "way", "id": 1530615408, "name": null, "landuse": "industrial" }, "geometry": { "type": "Polygon", "coordinates": [ [ [ 121.2703651, 25.0342473 ], [ 121.2701675, 25.0347226 ], [ 121.2707435, 25.034807 ], [ 121.2709552, 25.0343481 ], [ 121.2707178, 25.0342898 ], [ 121.2706977, 25.0343336 ], [ 121.2703651, 25.0342473 ] ] ] } },
{ "type": "Feature", "properties": { "element": "way", "id": 1530615409, "name": null, "landuse": "industrial" }, "geometry": { "type": "Polygon", "coordinates": [ [ [ 121.2694161, 25.0368233 ], [ 121.269185, 25.036673 ], [ 121.269464, 25.036276 ], [ 121.2695625, 25.0363145 ], [ 121.2696605, 25.0362027 ], [ 121.2694911, 25.0361007 ], [ 121.2695783, 25.035842 ], [ 121.2696533, 25.0358749 ], [ 121.2696947, 25.0357971 ], [ 121.2697307, 25.0358116 ], [ 121.2698815, 25.0355044 ], [ 121.2699354, 25.0355217 ], [ 121.2700107, 25.0353643 ], [ 121.2700715, 25.0353737 ], [ 121.2701143, 25.035262 ], [ 121.2704702, 25.0353915 ], [ 121.2700913, 25.0359582 ], [ 121.2694161, 25.0368233 ] ] ] } },
{ "type": "Feature", "properties": { "element": "way", "id": 1530615410, "name": null, "landuse": "industrial" }, "geometry": { "type": "Polygon", "coordinates": [ [ [ 121.268901, 25.0378358 ], [ 121.2698062, 25.036628 ], [ 121.2704753, 25.0369086 ], [ 121.2704788, 25.0371164 ], [ 121.2704223, 25.0371474 ], [ 121.2703641, 25.0373862 ], [ 121.2701844, 25.0374699 ], [ 121.2697138, 25.0374218 ], [ 121.2696556, 25.03758 ], [ 121.2697566, 25.0376528 ], [ 121.26944, 25.037828 ], [ 121.2692518, 25.0377629 ], [ 121.2691269, 25.0379242 ], [ 121.268901, 25.0378358 ] ] ] } },
{ "type": "Feature", "properties": { "element": "way", "id": 1530615411, "name": null, "landuse": "industrial" }, "geometry": { "type": "Polygon", "coordinates": [ [ [ 121.2681298, 25.0384063 ], [ 121.2682629, 25.0379733 ], [ 121.2681964, 25.037913 ], [ 121.2678648, 25.0379305 ], [ 121.2679653, 25.0376696 ], [ 121.2681214, 25.037549 ], [ 121.268609, 25.038038 ], [ 121.2684372, 25.0384896 ], [ 121.2681298, 25.0384063 ] ] ] } },
{ "type": "Feature", "properties": { "element": "way", "id": 1530615412, "name": null, "landuse": "industrial" }, "geometry": { "type": "Polygon", "coordinates": [ [ [ 121.2681516, 25.0395279 ], [ 121.2679302, 25.0394763 ], [ 121.2673094, 25.0392384 ], [ 121.2674062, 25.0390301 ], [ 121.2675006, 25.0389918 ], [ 121.2677281, 25.0392505 ], [ 121.2681867, 25.0393996 ], [ 121.2681516, 25.0395279 ] ] ] } },
{ "type": "Feature", "properties": { "element": "way", "id": 1530615413, "name": null, "landuse": "industrial" }, "geometry": { "type": "Polygon", "coordinates": [ [ [ 121.2666574, 25.0446973 ], [ 121.2676021, 25.0429677 ], [ 121.2677938, 25.0430499 ], [ 121.2677886, 25.0431072 ], [ 121.2681959, 25.0433041 ], [ 121.2681001, 25.0435041 ], [ 121.2686956, 25.0438979 ], [ 121.2685467, 25.0440871 ], [ 121.2684355, 25.044084 ], [ 121.2683209, 25.0440065 ], [ 121.2682456, 25.0440948 ], [ 121.2681001, 25.0440189 ], [ 121.2680043, 25.0441956 ], [ 121.2673831, 25.0439196 ], [ 121.2669672, 25.044639 ], [ 121.2670545, 25.0447382 ], [ 121.2669792, 25.0448375 ], [ 121.2666574, 25.0446973 ] ] ] } },
{ "type": "Feature", "properties": { "element": "way", "id": 1530615414, "name": null, "landuse": "industrial" }, "geometry": { "type": "Polygon", "coordinates": [ [ [ 121.2651217, 25.0458962 ], [ 121.2656238, 25.0455707 ], [ 121.2657109, 25.045677 ], [ 121.2656287, 25.0457439 ], [ 121.265959, 25.0460574 ], [ 121.2657799, 25.0462339 ], [ 121.2656141, 25.0459894 ], [ 121.2655452, 25.0458546 ], [ 121.2654992, 25.0458294 ], [ 121.2653733, 25.0459379 ], [ 121.2653891, 25.0459752 ], [ 121.2652221, 25.0460552 ], [ 121.2651217, 25.0458962 ] ] ] } },
{ "type": "Feature", "properties": { "element": "way", "id": 1530615415, "name": null, "landuse": "industrial" }, "geometry": { "type": "Polygon", "coordinates": [ [ [ 121.2646727, 25.0464586 ], [ 121.2651918, 25.0461922 ], [ 121.2653975, 25.0464542 ], [ 121.2655282, 25.0465935 ], [ 121.2654084, 25.0467546 ], [ 121.2651785, 25.0468708 ], [ 121.264997, 25.0469739 ], [ 121.2647974, 25.0465737 ], [ 121.2647393, 25.0465979 ], [ 121.2646727, 25.0464586 ] ] ] } },
{ "type": "Feature", "properties": { "element": "way", "id": 1530615416, "name": null, "landuse": "industrial" }, "geometry": { "type": "Polygon", "coordinates": [ [ [ 121.2654647, 25.0406452 ], [ 121.2655503, 25.0404809 ], [ 121.2657009, 25.0404002 ], [ 121.2666455, 25.0397987 ], [ 121.2667516, 25.0398452 ], [ 121.2680556, 25.0402886 ], [ 121.2679889, 25.040853 ], [ 121.2679153, 25.0412545 ], [ 121.2673454, 25.0409537 ], [ 121.267176, 25.0412142 ], [ 121.267318, 25.0412762 ], [ 121.2671538, 25.0415351 ], [ 121.266204, 25.0409816 ], [ 121.2660876, 25.0412607 ], [ 121.2662245, 25.0413072 ], [ 121.2671213, 25.0419212 ], [ 121.267212, 25.0418173 ], [ 121.2673728, 25.0419941 ], [ 121.2674395, 25.0419863 ], [ 121.2677442, 25.042053 ], [ 121.2676843, 25.0423196 ], [ 121.2675405, 25.0427057 ], [ 121.2671144, 25.0425941 ], [ 121.2670973, 25.0424747 ], [ 121.2669518, 25.0424406 ], [ 121.2670049, 25.0422297 ], [ 121.2669005, 25.0421786 ], [ 121.2662588, 25.0419661 ], [ 121.2661647, 25.0421832 ], [ 121.2655246, 25.0419739 ], [ 121.2655897, 25.0416561 ], [ 121.2655999, 25.0414313 ], [ 121.265576, 25.0413785 ], [ 121.2656342, 25.041163 ], [ 121.2656992, 25.0410762 ], [ 121.2657403, 25.0409491 ], [ 121.265629, 25.0408173 ], [ 121.2654596, 25.0407553 ], [ 121.2654647, 25.0406452 ] ] ] } },
{ "type": "Feature", "properties": { "element": "way", "id": 1530615417, "name": null, "landuse": "industrial" }, "geometry": { "type": "Polygon", "coordinates": [ [ [ 121.2633462, 25.0417173 ], [ 121.2637595, 25.0417553 ], [ 121.2637218, 25.0420212 ], [ 121.2633873, 25.0419863 ], [ 121.2633852, 25.0418479 ], [ 121.2633462, 25.0417173 ] ] ] } },
{ "type": "Feature", "properties": { "element": "way", "id": 1530615418, "name": null, "landuse": "industrial" }, "geometry": { "type": "Polygon", "coordinates": [ [ [ 121.2626942, 25.0422119 ], [ 121.2627306, 25.0424473 ], [ 121.2627633, 25.0425065 ], [ 121.2629641, 25.042591 ], [ 121.2630585, 25.0426063 ], [ 121.2631056, 25.0425837 ], [ 121.263149, 25.0425558 ], [ 121.263188, 25.0425229 ], [ 121.2632219, 25.0424857 ], [ 121.2632482, 25.0424479 ], [ 121.2632693, 25.0424075 ], [ 121.2632848, 25.0423651 ], [ 121.2632945, 25.0423213 ], [ 121.2633051, 25.0420638 ], [ 121.2632059, 25.04207 ], [ 121.2631999, 25.0421305 ], [ 121.2630176, 25.0421227 ], [ 121.2630031, 25.0422258 ], [ 121.2626942, 25.0422119 ] ] ] } },
{ "type": "Feature", "properties": { "element": "way", "id": 1530615419, "name": null, "landuse": "industrial" }, "geometry": { "type": "Polygon", "coordinates": [ [ [ 121.2612858, 25.0430196 ], [ 121.261765, 25.0425964 ], [ 121.2622671, 25.0428431 ], [ 121.2622696, 25.0427455 ], [ 121.2624595, 25.042728 ], [ 121.262514, 25.0428431 ], [ 121.2626386, 25.0427302 ], [ 121.262929, 25.042808 ], [ 121.2629351, 25.0428902 ], [ 121.2625237, 25.0432652 ], [ 121.2612858, 25.0430196 ] ] ] } },
{ "type": "Feature", "properties": { "element": "way", "id": 1530615420, "name": null, "landuse": "industrial" }, "geometry": { "type": "Polygon", "coordinates": [ [ [ 121.2619413, 25.0432468 ], [ 121.262672, 25.0434096 ], [ 121.2628756, 25.0435693 ], [ 121.2627473, 25.0437925 ], [ 121.2627986, 25.0438204 ], [ 121.2626435, 25.0440074 ], [ 121.2624461, 25.0438886 ], [ 121.2623597, 25.0439863 ], [ 121.262393, 25.043984 ], [ 121.2623537, 25.0440778 ], [ 121.2622921, 25.0440933 ], [ 121.2622878, 25.0441429 ], [ 121.2625359, 25.0441382 ], [ 121.2626728, 25.044222 ], [ 121.2628577, 25.044015 ], [ 121.2631444, 25.0441685 ], [ 121.2635244, 25.0440929 ], [ 121.2636805, 25.0445336 ], [ 121.2633937, 25.0445051 ], [ 121.2632412, 25.0446564 ], [ 121.2631287, 25.0445533 ], [ 121.2628601, 25.0447419 ], [ 121.2626979, 25.0446333 ], [ 121.262606, 25.0446268 ], [ 121.2624886, 25.0446454 ], [ 121.2618485, 25.0450839 ], [ 121.2616972, 25.0450543 ], [ 121.2615871, 25.0449776 ], [ 121.2615375, 25.0448055 ], [ 121.261408, 25.0446838 ], [ 121.2611575, 25.0445106 ], [ 121.2613705, 25.0442606 ], [ 121.2612713, 25.0441948 ], [ 121.2619413, 25.0432468 ] ] ] } },
{ "type": "Feature", "properties": { "element": "way", "id": 1530615421, "name": null, "landuse": "industrial" }, "geometry": { "type": "Polygon", "coordinates": [ [ [ 121.2655536, 25.0491181 ], [ 121.2656141, 25.0493483 ], [ 121.265861, 25.0492431 ], [ 121.2659713, 25.0494575 ], [ 121.265718, 25.0495908 ], [ 121.265908, 25.0498993 ], [ 121.2660038, 25.0498854 ], [ 121.266127, 25.0500481 ], [ 121.2659268, 25.0501722 ], [ 121.2656564, 25.0499489 ], [ 121.2654819, 25.0499396 ], [ 121.2653997, 25.0496016 ], [ 121.2652457, 25.0495939 ], [ 121.2652149, 25.0492668 ], [ 121.2653193, 25.049259 ], [ 121.2653176, 25.0491195 ], [ 121.2655536, 25.0491181 ] ] ] } },
{ "type": "Feature", "properties": { "element": "way", "id": 1530615443, "name": null, "landuse": "industrial" }, "geometry": { "type": "Polygon", "coordinates": [ [ [ 121.1909602, 25.0106462 ], [ 121.1919041, 25.0108173 ], [ 121.1920202, 25.0103962 ], [ 121.1910655, 25.0101901 ], [ 121.1909602, 25.0106462 ] ] ] } },
{ "type": "Feature", "properties": { "element": "way", "id": 1530615444, "name": null, "landuse": "industrial" }, "geometry": { "type": "Polygon", "coordinates": [ [ [ 121.2224761, 24.9852195 ], [ 121.2234644, 24.9853244 ], [ 121.2234777, 24.985506 ], [ 121.2240298, 24.9855745 ], [ 121.2246397, 24.986204 ], [ 121.2250537, 24.9864744 ], [ 121.225007, 24.9866958 ], [ 121.2248941, 24.9869238 ], [ 121.2246647, 24.9873364 ], [ 121.224776, 24.9877257 ], [ 121.2230132, 24.9877047 ], [ 121.2229188, 24.9876565 ], [ 121.2228099, 24.9875753 ], [ 121.2223501, 24.9870861 ], [ 121.2222993, 24.9869765 ], [ 121.2224761, 24.9852195 ] ] ] } },
{ "type": "Feature", "properties": { "element": "way", "id": 1530615446, "name": null, "landuse": "industrial" }, "geometry": { "type": "Polygon", "coordinates": [ [ [ 121.2909329, 24.9522234 ], [ 121.2910745, 24.9528974 ], [ 121.2909485, 24.952895 ], [ 121.2903634, 24.9525691 ], [ 121.2904779, 24.9524054 ], [ 121.2905368, 24.9523986 ], [ 121.2906118, 24.9523581 ], [ 121.2907143, 24.9522721 ], [ 121.2909329, 24.9522234 ] ] ] } }
]
}
